pos3ql starting
  listen_addr  127.0.0.1:19600
  data_dir     /var/folders/93/f1fz6s6969gbkd8m9tph1rfw0000gn/T//pos3ql-performance.d8Ay6w/data-warm
memory plan:
  memtable     16 MiB
  tables       672069158 B
  block cache  32 MiB
  connections  196714304 B
  server       76836160 B
  total        995951270 B
  disk cache   2 GiB (disk, not RAM)
  temp spill   128 MiB (local ephemeral disk)
startup complete: memory frozen (946051178 B of 995951270 B budget drawn); accepting connections
checkpoint_phase lsn=2632 phase=value_index_schedule slot=0 started_ns=1790162999787055000 ended_ns=1790162999787105417 elapsed_us=50 block_gets=0 block_puts=0 deleted=0
checkpoint_phase lsn=2834 phase=value_index_schedule slot=0 started_ns=1790162999907091000 ended_ns=1790162999907094375 elapsed_us=3 block_gets=0 block_puts=0 deleted=0
checkpoint_phase lsn=3036 phase=value_index_schedule slot=0 started_ns=1790163000048158000 ended_ns=1790163000048161250 elapsed_us=3 block_gets=0 block_puts=0 deleted=0
checkpoint_phase lsn=3238 phase=value_index_schedule slot=0 started_ns=1790163000162263000 ended_ns=1790163000162266250 elapsed_us=3 block_gets=0 block_puts=0 deleted=0
checkpoint_phase lsn=3440 phase=value_index_schedule slot=0 started_ns=1790163000283857000 ended_ns=1790163000283859875 elapsed_us=2 block_gets=0 block_puts=0 deleted=0
checkpoint_phase lsn=3440 phase=value_index_schedule slot=0 started_ns=1790163000283880000 ended_ns=1790163000285039250 elapsed_us=1159 block_gets=0 block_puts=0 deleted=0
checkpoint_phase lsn=3440 phase=value_index_schedule slot=0 started_ns=1790163000285049000 ended_ns=1790163000286294583 elapsed_us=1245 block_gets=0 block_puts=0 deleted=0
checkpoint_phase lsn=3440 phase=value_index_write slot=0 started_ns=1790163000286312000 ended_ns=1790163000286395708 elapsed_us=83 block_gets=0 block_puts=0 deleted=0
checkpoint_phase lsn=3440 phase=value_index_write slot=0 started_ns=1790163000286400000 ended_ns=1790163000293656208 elapsed_us=7256 block_gets=0 block_puts=2 deleted=0
checkpoint_phase lsn=3440 phase=row_sst_full slot=0 started_ns=1790163000293672000 ended_ns=1790163001907387292 elapsed_us=1613715 block_gets=0 block_puts=231 deleted=0
checkpoint_phase lsn=3440 phase=manifest slot=-1 started_ns=1790163001907419000 ended_ns=1790163001912181750 elapsed_us=4762 block_gets=0 block_puts=0 deleted=0
checkpoint_phase lsn=3440 phase=local_cleanup slot=-1 started_ns=1790163001912225000 ended_ns=1790163001912364917 elapsed_us=139 block_gets=0 block_puts=0 deleted=0
checkpoint_phase lsn=3440 phase=commit_prune slot=-1 started_ns=1790163002060773000 ended_ns=1790163002084908041 elapsed_us=24135 block_gets=0 block_puts=0 deleted=16
checkpoint_phase lsn=3440 phase=commit_prune slot=-1 started_ns=1790163002222652000 ended_ns=1790163002236741667 elapsed_us=14089 block_gets=0 block_puts=0 deleted=16
checkpoint_phase lsn=3440 phase=commit_prune slot=-1 started_ns=1790163002375589000 ended_ns=1790163002377096125 elapsed_us=1507 block_gets=0 block_puts=0 deleted=2
checkpoint_phase lsn=3440 phase=legacy_gc slot=-1 started_ns=1790163002521741000 ended_ns=1790163002522150625 elapsed_us=409 block_gets=0 block_puts=0 deleted=0
checkpoint_phase lsn=4450 phase=gc_keep slot=-1 started_ns=1790163002654729000 ended_ns=1790163002654832667 elapsed_us=103 block_gets=0 block_puts=0 deleted=0
checkpoint_phase lsn=4450 phase=gc_list slot=-1 started_ns=1790163002654851000 ended_ns=1790163002661235209 elapsed_us=6384 block_gets=0 block_puts=0 deleted=0
checkpoint_phase lsn=4450 phase=gc_delete slot=-1 started_ns=1790163002661260000 ended_ns=1790163002661260292 elapsed_us=0 block_gets=0 block_puts=0 deleted=0
checkpoint_phase lsn=6066 phase=value_index_schedule slot=0 started_ns=1790163003783396000 ended_ns=1790163003783425417 elapsed_us=29 block_gets=0 block_puts=0 deleted=0
checkpoint_phase lsn=6268 phase=value_index_schedule slot=0 started_ns=1790163003923325000 ended_ns=1790163003923330083 elapsed_us=5 block_gets=0 block_puts=0 deleted=0
checkpoint_phase lsn=6268 phase=value_index_schedule slot=0 started_ns=1790163003923390000 ended_ns=1790163003924177875 elapsed_us=787 block_gets=0 block_puts=0 deleted=0
checkpoint_phase lsn=6470 phase=value_index_schedule slot=0 started_ns=1790163004064221000 ended_ns=1790163004064226042 elapsed_us=5 block_gets=0 block_puts=0 deleted=0
checkpoint_phase lsn=6672 phase=value_index_schedule slot=0 started_ns=1790163004205948000 ended_ns=1790163004205952750 elapsed_us=4 block_gets=0 block_puts=0 deleted=0
checkpoint_phase lsn=6874 phase=value_index_schedule slot=0 started_ns=1790163004338731000 ended_ns=1790163004338736208 elapsed_us=5 block_gets=0 block_puts=0 deleted=0
checkpoint_phase lsn=6874 phase=value_index_schedule slot=0 started_ns=1790163004338761000 ended_ns=1790163004339506875 elapsed_us=745 block_gets=0 block_puts=0 deleted=0
checkpoint_phase lsn=6874 phase=value_index_schedule slot=0 started_ns=1790163004339516000 ended_ns=1790163004340888041 elapsed_us=1372 block_gets=0 block_puts=0 deleted=0
checkpoint_phase lsn=6874 phase=value_index_write slot=0 started_ns=1790163004340952000 ended_ns=1790163004340958292 elapsed_us=6 block_gets=0 block_puts=0 deleted=0
checkpoint_phase lsn=6874 phase=value_index_write slot=0 started_ns=1790163004340965000 ended_ns=1790163004341375375 elapsed_us=410 block_gets=0 block_puts=0 deleted=0
checkpoint_phase lsn=6874 phase=value_index_write slot=0 started_ns=1790163004341382000 ended_ns=1790163004341484250 elapsed_us=102 block_gets=0 block_puts=0 deleted=0
checkpoint_phase lsn=6874 phase=value_index_write slot=0 started_ns=1790163004341487000 ended_ns=1790163004341549125 elapsed_us=62 block_gets=0 block_puts=0 deleted=0
checkpoint_phase lsn=6874 phase=value_index_write slot=0 started_ns=1790163004341552000 ended_ns=1790163004367518500 elapsed_us=25966 block_gets=0 block_puts=2 deleted=0
checkpoint_phase lsn=6874 phase=row_sst_delta slot=0 started_ns=1790163004367533000 ended_ns=1790163004423897375 elapsed_us=56364 block_gets=0 block_puts=5 deleted=0
checkpoint_phase lsn=6874 phase=manifest slot=-1 started_ns=1790163004423912000 ended_ns=1790163004426729916 elapsed_us=2817 block_gets=0 block_puts=0 deleted=0
checkpoint_phase lsn=6874 phase=local_cleanup slot=-1 started_ns=1790163004426782000 ended_ns=1790163004426954416 elapsed_us=172 block_gets=0 block_puts=0 deleted=0
checkpoint_phase lsn=6874 phase=commit_prune slot=-1 started_ns=1790163004549213000 ended_ns=1790163004566019292 elapsed_us=16806 block_gets=0 block_puts=0 deleted=16
checkpoint_phase lsn=6874 phase=commit_prune slot=-1 started_ns=1790163004703871000 ended_ns=1790163004716095958 elapsed_us=12224 block_gets=0 block_puts=0 deleted=16
checkpoint_phase lsn=6874 phase=commit_prune slot=-1 started_ns=1790163004852327000 ended_ns=1790163004856284667 elapsed_us=3957 block_gets=0 block_puts=0 deleted=2
checkpoint_phase lsn=6874 phase=legacy_gc slot=-1 started_ns=1790163004990749000 ended_ns=1790163004992229750 elapsed_us=1480 block_gets=0 block_puts=0 deleted=0
checkpoint_phase lsn=7884 phase=gc_keep slot=-1 started_ns=1790163005139122000 ended_ns=1790163005139133209 elapsed_us=11 block_gets=0 block_puts=0 deleted=0
checkpoint_phase lsn=7884 phase=gc_list slot=-1 started_ns=1790163005139161000 ended_ns=1790163005142426625 elapsed_us=3265 block_gets=0 block_puts=0 deleted=0
checkpoint_phase lsn=7884 phase=gc_delete slot=-1 started_ns=1790163005142456000 ended_ns=1790163005143750792 elapsed_us=1294 block_gets=0 block_puts=0 deleted=2
checkpoint_phase lsn=9500 phase=value_index_schedule slot=0 started_ns=1790163006239692000 ended_ns=1790163006239697958 elapsed_us=5 block_gets=0 block_puts=0 deleted=0
checkpoint_phase lsn=9500 phase=value_index_schedule slot=0 started_ns=1790163006239771000 ended_ns=1790163006240478208 elapsed_us=707 block_gets=0 block_puts=0 deleted=0
checkpoint_phase lsn=9702 phase=value_index_schedule slot=0 started_ns=1790163006358751000 ended_ns=1790163006358755916 elapsed_us=4 block_gets=0 block_puts=0 deleted=0
checkpoint_phase lsn=9904 phase=value_index_schedule slot=0 started_ns=1790163006498906000 ended_ns=1790163006498910750 elapsed_us=4 block_gets=0 block_puts=0 deleted=0
checkpoint_phase lsn=10106 phase=value_index_schedule slot=0 started_ns=1790163006631438000 ended_ns=1790163006631442875 elapsed_us=4 block_gets=0 block_puts=0 deleted=0
checkpoint_phase lsn=10308 phase=value_index_schedule slot=0 started_ns=1790163006773509000 ended_ns=1790163006773513500 elapsed_us=4 block_gets=0 block_puts=0 deleted=0
checkpoint_phase lsn=10308 phase=value_index_schedule slot=0 started_ns=1790163006773538000 ended_ns=1790163006774264875 elapsed_us=726 block_gets=0 block_puts=0 deleted=0
checkpoint_phase lsn=10308 phase=value_index_schedule slot=0 started_ns=1790163006774273000 ended_ns=1790163006775479041 elapsed_us=1206 block_gets=0 block_puts=0 deleted=0
checkpoint_phase lsn=10308 phase=value_index_write slot=0 started_ns=1790163006775499000 ended_ns=1790163006775507250 elapsed_us=8 block_gets=0 block_puts=0 deleted=0
checkpoint_phase lsn=10308 phase=value_index_write slot=0 started_ns=1790163006775511000 ended_ns=1790163006775653458 elapsed_us=142 block_gets=0 block_puts=0 deleted=0
checkpoint_phase lsn=10308 phase=value_index_write slot=0 started_ns=1790163006775657000 ended_ns=1790163006775779584 elapsed_us=122 block_gets=0 block_puts=0 deleted=0
checkpoint_phase lsn=10308 phase=value_index_write slot=0 started_ns=1790163006775782000 ended_ns=1790163006775904875 elapsed_us=122 block_gets=0 block_puts=0 deleted=0
checkpoint_phase lsn=10308 phase=value_index_write slot=0 started_ns=1790163006775911000 ended_ns=1790163006776003708 elapsed_us=92 block_gets=0 block_puts=0 deleted=0
checkpoint_phase lsn=10308 phase=value_index_write slot=0 started_ns=1790163006776017000 ended_ns=1790163006806985792 elapsed_us=30968 block_gets=0 block_puts=2 deleted=0
checkpoint_phase lsn=10308 phase=row_sst_delta slot=0 started_ns=1790163006807001000 ended_ns=1790163006883250333 elapsed_us=76249 block_gets=0 block_puts=5 deleted=0
checkpoint_phase lsn=10308 phase=manifest slot=-1 started_ns=1790163006883268000 ended_ns=1790163006885559083 elapsed_us=2291 block_gets=0 block_puts=0 deleted=0
checkpoint_phase lsn=10308 phase=local_cleanup slot=-1 started_ns=1790163006885616000 ended_ns=1790163006885804500 elapsed_us=188 block_gets=0 block_puts=0 deleted=0
checkpoint_phase lsn=10308 phase=commit_prune slot=-1 started_ns=1790163007011509000 ended_ns=1790163007031119625 elapsed_us=19610 block_gets=0 block_puts=0 deleted=16
checkpoint_phase lsn=10308 phase=commit_prune slot=-1 started_ns=1790163007154767000 ended_ns=1790163007165242958 elapsed_us=10475 block_gets=0 block_puts=0 deleted=16
checkpoint_phase lsn=10308 phase=commit_prune slot=-1 started_ns=1790163007343146000 ended_ns=1790163007346066334 elapsed_us=2920 block_gets=0 block_puts=0 deleted=2
checkpoint_phase lsn=10308 phase=legacy_gc slot=-1 started_ns=1790163007500667000 ended_ns=1790163007501102458 elapsed_us=435 block_gets=0 block_puts=0 deleted=0
checkpoint_phase lsn=11318 phase=gc_keep slot=-1 started_ns=1790163007650382000 ended_ns=1790163007650393458 elapsed_us=11 block_gets=0 block_puts=0 deleted=0
checkpoint_phase lsn=11318 phase=gc_list slot=-1 started_ns=1790163007650423000 ended_ns=1790163007660687416 elapsed_us=10264 block_gets=0 block_puts=0 deleted=0
checkpoint_phase lsn=11318 phase=gc_delete slot=-1 started_ns=1790163007660706000 ended_ns=1790163007664866042 elapsed_us=4160 block_gets=0 block_puts=0 deleted=2
checkpoint_phase lsn=12934 phase=value_index_schedule slot=0 started_ns=1790163008895178000 ended_ns=1790163008895186750 elapsed_us=8 block_gets=0 block_puts=0 deleted=0
checkpoint_phase lsn=13136 phase=value_index_schedule slot=0 started_ns=1790163009048198000 ended_ns=1790163009048202709 elapsed_us=4 block_gets=0 block_puts=0 deleted=0
checkpoint_phase lsn=13338 phase=value_index_schedule slot=0 started_ns=1790163009197829000 ended_ns=1790163009197833666 elapsed_us=4 block_gets=0 block_puts=0 deleted=0
checkpoint_phase lsn=13540 phase=value_index_schedule slot=0 started_ns=1790163009348656000 ended_ns=1790163009348661166 elapsed_us=5 block_gets=0 block_puts=0 deleted=0
checkpoint_phase lsn=13540 phase=value_index_schedule slot=0 started_ns=1790163009348738000 ended_ns=1790163009349491875 elapsed_us=753 block_gets=0 block_puts=0 deleted=0
checkpoint_phase lsn=13742 phase=value_index_schedule slot=0 started_ns=1790163009472270000 ended_ns=1790163009472275042 elapsed_us=5 block_gets=0 block_puts=0 deleted=0
checkpoint_phase lsn=13742 phase=value_index_schedule slot=0 started_ns=1790163009472304000 ended_ns=1790163009473020250 elapsed_us=716 block_gets=0 block_puts=0 deleted=0
checkpoint_phase lsn=13742 phase=value_index_schedule slot=0 started_ns=1790163009473029000 ended_ns=1790163009474226167 elapsed_us=1197 block_gets=0 block_puts=0 deleted=0
checkpoint_phase lsn=13742 phase=value_index_write slot=0 started_ns=1790163009474249000 ended_ns=1790163009474250375 elapsed_us=1 block_gets=0 block_puts=0 deleted=0
checkpoint_phase lsn=13742 phase=value_index_write slot=0 started_ns=1790163009474253000 ended_ns=1790163009474397667 elapsed_us=144 block_gets=0 block_puts=0 deleted=0
checkpoint_phase lsn=13742 phase=value_index_write slot=0 started_ns=1790163009474422000 ended_ns=1790163009474541875 elapsed_us=119 block_gets=0 block_puts=0 deleted=0
checkpoint_phase lsn=13742 phase=value_index_write slot=0 started_ns=1790163009474550000 ended_ns=1790163009474669334 elapsed_us=119 block_gets=0 block_puts=0 deleted=0
checkpoint_phase lsn=13742 phase=value_index_write slot=0 started_ns=1790163009474673000 ended_ns=1790163009474792667 elapsed_us=119 block_gets=0 block_puts=0 deleted=0
checkpoint_phase lsn=13742 phase=value_index_write slot=0 started_ns=1790163009474795000 ended_ns=1790163009474913875 elapsed_us=118 block_gets=0 block_puts=0 deleted=0
checkpoint_phase lsn=13742 phase=value_index_write slot=0 started_ns=1790163009474916000 ended_ns=1790163009474983417 elapsed_us=67 block_gets=0 block_puts=0 deleted=0
checkpoint_phase lsn=13742 phase=value_index_write slot=0 started_ns=1790163009474987000 ended_ns=1790163009506184500 elapsed_us=31197 block_gets=0 block_puts=2 deleted=0
checkpoint_phase lsn=13742 phase=row_sst_delta slot=0 started_ns=1790163009506202000 ended_ns=1790163009568304000 elapsed_us=62102 block_gets=0 block_puts=5 deleted=0
checkpoint_phase lsn=13742 phase=manifest slot=-1 started_ns=1790163009568317000 ended_ns=1790163009571248250 elapsed_us=2931 block_gets=0 block_puts=0 deleted=0
checkpoint_phase lsn=13742 phase=local_cleanup slot=-1 started_ns=1790163009571311000 ended_ns=1790163009571518500 elapsed_us=207 block_gets=0 block_puts=0 deleted=0
checkpoint_phase lsn=13742 phase=commit_prune slot=-1 started_ns=1790163009704401000 ended_ns=1790163009721553083 elapsed_us=17152 block_gets=0 block_puts=0 deleted=16
checkpoint_phase lsn=13742 phase=commit_prune slot=-1 started_ns=1790163009853681000 ended_ns=1790163009869977792 elapsed_us=16296 block_gets=0 block_puts=0 deleted=16
checkpoint_phase lsn=13742 phase=commit_prune slot=-1 started_ns=1790163010003364000 ended_ns=1790163010005921875 elapsed_us=2557 block_gets=0 block_puts=0 deleted=2
checkpoint_phase lsn=13742 phase=legacy_gc slot=-1 started_ns=1790163010121669000 ended_ns=1790163010122251834 elapsed_us=582 block_gets=0 block_puts=0 deleted=0
checkpoint_phase lsn=14752 phase=gc_keep slot=-1 started_ns=1790163010273547000 ended_ns=1790163010273558250 elapsed_us=11 block_gets=0 block_puts=0 deleted=0
checkpoint_phase lsn=14752 phase=gc_list slot=-1 started_ns=1790163010273572000 ended_ns=1790163010284940042 elapsed_us=11368 block_gets=0 block_puts=0 deleted=0
checkpoint_phase lsn=14752 phase=gc_delete slot=-1 started_ns=1790163010284954000 ended_ns=1790163010286741292 elapsed_us=1787 block_gets=0 block_puts=0 deleted=2
checkpoint_phase lsn=14954 phase=value_index_schedule slot=0 started_ns=1790163010447572000 ended_ns=1790163010447577334 elapsed_us=5 block_gets=0 block_puts=0 deleted=0
checkpoint_phase lsn=15156 phase=row_merge_schedule slot=0 started_ns=1790163010596321000 ended_ns=1790163010610796666 elapsed_us=14475 block_gets=8 block_puts=0 deleted=0
checkpoint_phase lsn=15358 phase=row_merge_schedule slot=0 started_ns=1790163010867925000 ended_ns=1790163010873577375 elapsed_us=5652 block_gets=7 block_puts=0 deleted=0
checkpoint_phase lsn=15560 phase=value_index_schedule slot=0 started_ns=1790163011013466000 ended_ns=1790163011013471583 elapsed_us=5 block_gets=0 block_puts=0 deleted=0
checkpoint_phase lsn=15762 phase=row_merge_schedule slot=0 started_ns=1790163011150972000 ended_ns=1790163011159402459 elapsed_us=8430 block_gets=7 block_puts=0 deleted=0
checkpoint_phase lsn=15964 phase=row_merge_schedule slot=0 started_ns=1790163011289753000 ended_ns=1790163011302078000 elapsed_us=12325 block_gets=7 block_puts=0 deleted=0
checkpoint_phase lsn=16166 phase=value_index_schedule slot=0 started_ns=1790163011446110000 ended_ns=1790163011446116209 elapsed_us=6 block_gets=0 block_puts=0 deleted=0
checkpoint_phase lsn=16166 phase=row_merge_schedule slot=0 started_ns=1790163011446191000 ended_ns=1790163011452142208 elapsed_us=5951 block_gets=7 block_puts=0 deleted=0
checkpoint_phase lsn=16368 phase=row_merge_schedule slot=0 started_ns=1790163011569010000 ended_ns=1790163011574655875 elapsed_us=5645 block_gets=7 block_puts=0 deleted=0
checkpoint_phase lsn=16570 phase=value_index_schedule slot=0 started_ns=1790163011698490000 ended_ns=1790163011698496000 elapsed_us=6 block_gets=0 block_puts=0 deleted=0
checkpoint_phase lsn=16772 phase=row_merge_schedule slot=0 started_ns=1790163011826282000 ended_ns=1790163011849293167 elapsed_us=23011 block_gets=7 block_puts=0 deleted=0
checkpoint_phase lsn=16974 phase=row_merge_schedule slot=0 started_ns=1790163012030723000 ended_ns=1790163012065815917 elapsed_us=35092 block_gets=7 block_puts=0 deleted=0
checkpoint_phase lsn=17176 phase=value_index_schedule slot=0 started_ns=1790163012184471000 ended_ns=1790163012184476458 elapsed_us=5 block_gets=0 block_puts=0 deleted=0
checkpoint_phase lsn=17176 phase=row_merge_schedule slot=0 started_ns=1790163012184504000 ended_ns=1790163012192859667 elapsed_us=8355 block_gets=7 block_puts=0 deleted=0
checkpoint_phase lsn=17176 phase=value_index_schedule slot=0 started_ns=1790163012192874000 ended_ns=1790163012193688500 elapsed_us=814 block_gets=0 block_puts=0 deleted=0
checkpoint_phase lsn=17176 phase=row_merge_schedule slot=0 started_ns=1790163012193694000 ended_ns=1790163012199606667 elapsed_us=5912 block_gets=7 block_puts=0 deleted=0
checkpoint_phase lsn=17176 phase=value_index_schedule slot=0 started_ns=1790163012199619000 ended_ns=1790163012200978375 elapsed_us=1359 block_gets=0 block_puts=0 deleted=0
checkpoint_phase lsn=17176 phase=row_merge_schedule slot=0 started_ns=1790163012201001000 ended_ns=1790163012207371041 elapsed_us=6370 block_gets=7 block_puts=0 deleted=0
checkpoint_phase lsn=17176 phase=value_index_write slot=0 started_ns=1790163012207388000 ended_ns=1790163012207389834 elapsed_us=1 block_gets=0 block_puts=0 deleted=0
checkpoint_phase lsn=17176 phase=row_merge_schedule slot=0 started_ns=1790163012207393000 ended_ns=1790163012221779375 elapsed_us=14386 block_gets=7 block_puts=0 deleted=0
checkpoint_phase lsn=17176 phase=value_index_write slot=0 started_ns=1790163012221792000 ended_ns=1790163012221945042 elapsed_us=153 block_gets=0 block_puts=0 deleted=0
checkpoint_phase lsn=17176 phase=row_merge_schedule slot=0 started_ns=1790163012221951000 ended_ns=1790163012238311333 elapsed_us=16360 block_gets=7 block_puts=0 deleted=0
checkpoint_phase lsn=17176 phase=value_index_write slot=0 started_ns=1790163012238323000 ended_ns=1790163012238449333 elapsed_us=126 block_gets=0 block_puts=0 deleted=0
checkpoint_phase lsn=17176 phase=row_merge_schedule slot=0 started_ns=1790163012238455000 ended_ns=1790163012264639459 elapsed_us=26184 block_gets=7 block_puts=0 deleted=0
checkpoint_phase lsn=17176 phase=value_index_write slot=0 started_ns=1790163012264651000 ended_ns=1790163012264778208 elapsed_us=127 block_gets=0 block_puts=0 deleted=0
checkpoint_phase lsn=17176 phase=row_merge_schedule slot=0 started_ns=1790163012264789000 ended_ns=1790163012278734292 elapsed_us=13945 block_gets=7 block_puts=0 deleted=0
checkpoint_phase lsn=17176 phase=value_index_write slot=0 started_ns=1790163012278746000 ended_ns=1790163012278871292 elapsed_us=125 block_gets=0 block_puts=0 deleted=0
checkpoint_phase lsn=17176 phase=row_merge_schedule slot=0 started_ns=1790163012278875000 ended_ns=1790163012294109209 elapsed_us=15234 block_gets=7 block_puts=0 deleted=0
checkpoint_phase lsn=17176 phase=value_index_write slot=0 started_ns=1790163012294140000 ended_ns=1790163012294264625 elapsed_us=124 block_gets=0 block_puts=0 deleted=0
checkpoint_phase lsn=17176 phase=row_merge_schedule slot=0 started_ns=1790163012294268000 ended_ns=1790163012296694125 elapsed_us=2426 block_gets=1 block_puts=0 deleted=0
checkpoint_phase lsn=17176 phase=value_index_write slot=0 started_ns=1790163012296701000 ended_ns=1790163012296825667 elapsed_us=124 block_gets=0 block_puts=0 deleted=0
checkpoint_phase lsn=17176 phase=row_merge_schedule slot=0 started_ns=1790163012296829000 ended_ns=1790163012309552875 elapsed_us=12723 block_gets=8 block_puts=0 deleted=0
checkpoint_phase lsn=17176 phase=value_index_write slot=0 started_ns=1790163012309562000 ended_ns=1790163012309680750 elapsed_us=118 block_gets=0 block_puts=0 deleted=0
checkpoint_phase lsn=17176 phase=row_merge_schedule slot=0 started_ns=1790163012309684000 ended_ns=1790163012313661875 elapsed_us=3977 block_gets=7 block_puts=0 deleted=0
checkpoint_phase lsn=17176 phase=value_index_write slot=0 started_ns=1790163012313674000 ended_ns=1790163012324594541 elapsed_us=10920 block_gets=0 block_puts=1 deleted=0
checkpoint_phase lsn=17176 phase=row_merge_schedule slot=0 started_ns=1790163012324609000 ended_ns=1790163012330091208 elapsed_us=5482 block_gets=7 block_puts=0 deleted=0
checkpoint_phase lsn=17176 phase=value_index_write slot=0 started_ns=1790163012330101000 ended_ns=1790163012334829833 elapsed_us=4728 block_gets=0 block_puts=2 deleted=0
checkpoint_phase lsn=17176 phase=row_merge_schedule slot=0 started_ns=1790163012334842000 ended_ns=1790163012341119916 elapsed_us=6277 block_gets=7 block_puts=0 deleted=0
checkpoint_phase lsn=17176 phase=row_sst_delta slot=0 started_ns=1790163012341133000 ended_ns=1790163012415942667 elapsed_us=74809 block_gets=0 block_puts=5 deleted=0
checkpoint_phase lsn=17176 phase=row_merge_schedule slot=0 started_ns=1790163012415958000 ended_ns=1790163012431074875 elapsed_us=15116 block_gets=7 block_puts=0 deleted=0
checkpoint_phase lsn=17176 phase=manifest slot=-1 started_ns=1790163012431089000 ended_ns=1790163012436373042 elapsed_us=5284 block_gets=0 block_puts=0 deleted=0
checkpoint_phase lsn=17176 phase=local_cleanup slot=-1 started_ns=1790163012436437000 ended_ns=1790163012436946875 elapsed_us=509 block_gets=0 block_puts=0 deleted=0
checkpoint_phase lsn=17176 phase=commit_prune slot=-1 started_ns=1790163012589098000 ended_ns=1790163012607011792 elapsed_us=17913 block_gets=0 block_puts=0 deleted=16
checkpoint_phase lsn=17176 phase=commit_prune slot=-1 started_ns=1790163012745708000 ended_ns=1790163012757903167 elapsed_us=12195 block_gets=0 block_puts=0 deleted=16
checkpoint_phase lsn=17176 phase=commit_prune slot=-1 started_ns=1790163012894500000 ended_ns=1790163012896180000 elapsed_us=1680 block_gets=0 block_puts=0 deleted=2
checkpoint_phase lsn=17176 phase=legacy_gc slot=-1 started_ns=1790163013035256000 ended_ns=1790163013035919750 elapsed_us=663 block_gets=0 block_puts=0 deleted=0
checkpoint_phase lsn=18186 phase=gc_keep slot=-1 started_ns=1790163013176087000 ended_ns=1790163013177164042 elapsed_us=1077 block_gets=0 block_puts=0 deleted=0
checkpoint_phase lsn=18186 phase=gc_list slot=-1 started_ns=1790163013177175000 ended_ns=1790163013182789417 elapsed_us=5614 block_gets=0 block_puts=0 deleted=0
checkpoint_phase lsn=18186 phase=gc_delete slot=-1 started_ns=1790163013182803000 ended_ns=1790163013184695417 elapsed_us=1892 block_gets=0 block_puts=0 deleted=2
checkpoint_phase lsn=18388 phase=row_merge_schedule slot=0 started_ns=1790163013322666000 ended_ns=1790163013329104125 elapsed_us=6438 block_gets=7 block_puts=0 deleted=0
checkpoint_phase lsn=18590 phase=value_index_schedule slot=0 started_ns=1790163013474057000 ended_ns=1790163013474063583 elapsed_us=6 block_gets=0 block_puts=0 deleted=0
checkpoint_phase lsn=18590 phase=row_merge_schedule slot=0 started_ns=1790163013474142000 ended_ns=1790163013487245250 elapsed_us=13103 block_gets=7 block_puts=0 deleted=0
checkpoint_phase lsn=18792 phase=row_merge_schedule slot=0 started_ns=1790163013626226000 ended_ns=1790163013630870000 elapsed_us=4644 block_gets=7 block_puts=0 deleted=0
checkpoint_phase lsn=18994 phase=value_index_schedule slot=0 started_ns=1790163013760093000 ended_ns=1790163013760099500 elapsed_us=6 block_gets=0 block_puts=0 deleted=0
checkpoint_phase lsn=18994 phase=row_merge_schedule slot=0 started_ns=1790163013760161000 ended_ns=1790163013765700375 elapsed_us=5539 block_gets=7 block_puts=0 deleted=0
checkpoint_phase lsn=19196 phase=row_merge_schedule slot=0 started_ns=1790163013883805000 ended_ns=1790163013888669167 elapsed_us=4864 block_gets=7 block_puts=0 deleted=0
checkpoint_phase lsn=19398 phase=value_index_schedule slot=0 started_ns=1790163014019439000 ended_ns=1790163014019451083 elapsed_us=12 block_gets=0 block_puts=0 deleted=0
checkpoint_phase lsn=19600 phase=row_merge_schedule slot=0 started_ns=1790163014164335000 ended_ns=1790163014176513542 elapsed_us=12178 block_gets=7 block_puts=0 deleted=0
checkpoint_phase lsn=19802 phase=row_merge_schedule slot=0 started_ns=1790163014319546000 ended_ns=1790163014324585583 elapsed_us=5039 block_gets=7 block_puts=0 deleted=0
checkpoint_phase lsn=20004 phase=value_index_schedule slot=0 started_ns=1790163014456338000 ended_ns=1790163014456344125 elapsed_us=6 block_gets=0 block_puts=0 deleted=0
checkpoint_phase lsn=20004 phase=row_merge_schedule slot=0 started_ns=1790163014456413000 ended_ns=1790163014477478417 elapsed_us=21065 block_gets=7 block_puts=0 deleted=0
checkpoint_phase lsn=20206 phase=row_merge_schedule slot=0 started_ns=1790163014613747000 ended_ns=1790163014624932709 elapsed_us=11185 block_gets=7 block_puts=0 deleted=0
checkpoint_phase lsn=20212 phase=value_index_schedule slot=0 started_ns=1790163016027279000 ended_ns=1790163016027369667 elapsed_us=90 block_gets=0 block_puts=0 deleted=0
checkpoint_phase lsn=20218 phase=row_merge_schedule slot=0 started_ns=1790163016361513000 ended_ns=1790163016361859666 elapsed_us=346 block_gets=0 block_puts=0 deleted=0
checkpoint_phase lsn=20224 phase=row_merge_schedule slot=0 started_ns=1790163016893268000 ended_ns=1790163016893600042 elapsed_us=332 block_gets=0 block_puts=0 deleted=0
checkpoint_phase lsn=20230 phase=value_index_schedule slot=0 started_ns=1790163017480322000 ended_ns=1790163017480416708 elapsed_us=94 block_gets=0 block_puts=0 deleted=0
checkpoint_phase lsn=20236 phase=row_merge_schedule slot=0 started_ns=1790163018141021000 ended_ns=1790163018141172125 elapsed_us=151 block_gets=0 block_puts=0 deleted=0
checkpoint_phase lsn=20242 phase=row_merge_write slot=0 started_ns=1790163018798451000 ended_ns=1790163018801323375 elapsed_us=2872 block_gets=0 block_puts=0 deleted=0
checkpoint_phase lsn=20248 phase=value_index_schedule slot=0 started_ns=1790163019531995000 ended_ns=1790163019532083125 elapsed_us=88 block_gets=0 block_puts=0 deleted=0
checkpoint_phase lsn=20254 phase=row_merge_write slot=0 started_ns=1790163020291041000 ended_ns=1790163020293994625 elapsed_us=2953 block_gets=0 block_puts=0 deleted=0
checkpoint_phase lsn=20260 phase=row_merge_write slot=0 started_ns=1790163021058261000 ended_ns=1790163021061121083 elapsed_us=2860 block_gets=0 block_puts=0 deleted=0
checkpoint_phase lsn=20266 phase=value_index_schedule slot=0 started_ns=1790163021830518000 ended_ns=1790163021830608041 elapsed_us=90 block_gets=0 block_puts=0 deleted=0
checkpoint_phase lsn=20272 phase=row_merge_write slot=0 started_ns=1790163023001140000 ended_ns=1790163023006478667 elapsed_us=5338 block_gets=0 block_puts=0 deleted=0
checkpoint_phase lsn=20284 phase=row_merge_write slot=0 started_ns=1790163025546669000 ended_ns=1790163025550449167 elapsed_us=3780 block_gets=0 block_puts=0 deleted=0
checkpoint_phase lsn=20290 phase=value_index_schedule slot=0 started_ns=1790163026952035000 ended_ns=1790163026952150417 elapsed_us=115 block_gets=0 block_puts=0 deleted=0
checkpoint_phase lsn=20296 phase=row_merge_write slot=0 started_ns=1790163028454918000 ended_ns=1790163028459350792 elapsed_us=4432 block_gets=0 block_puts=0 deleted=0
checkpoint_phase lsn=20302 phase=row_merge_write slot=0 started_ns=1790163030148088000 ended_ns=1790163030152969333 elapsed_us=4881 block_gets=0 block_puts=0 deleted=0
checkpoint_phase lsn=20308 phase=value_index_schedule slot=0 started_ns=1790163031827895000 ended_ns=1790163031827898583 elapsed_us=3 block_gets=0 block_puts=0 deleted=0
checkpoint_phase lsn=20308 phase=row_merge_write slot=0 started_ns=1790163031828112000 ended_ns=1790163031833058292 elapsed_us=4946 block_gets=0 block_puts=0 deleted=0
checkpoint_phase lsn=20308 phase=value_index_schedule slot=0 started_ns=1790163032237228000 ended_ns=1790163032238886250 elapsed_us=1658 block_gets=0 block_puts=0 deleted=0
checkpoint_phase lsn=20312 phase=row_merge_write slot=0 started_ns=1790163032238951000 ended_ns=1790163032243346750 elapsed_us=4395 block_gets=0 block_puts=0 deleted=0
checkpoint_phase lsn=20308 phase=value_index_schedule slot=0 started_ns=1790163032243375000 ended_ns=1790163032245436875 elapsed_us=2061 block_gets=0 block_puts=0 deleted=0
checkpoint_phase lsn=20312 phase=row_merge_write slot=0 started_ns=1790163032245458000 ended_ns=1790163032249010459 elapsed_us=3552 block_gets=0 block_puts=0 deleted=0
checkpoint_phase lsn=20308 phase=value_index_schedule slot=0 started_ns=1790163032249036000 ended_ns=1790163032250370000 elapsed_us=1334 block_gets=0 block_puts=0 deleted=0
checkpoint_phase lsn=20312 phase=row_merge_write slot=0 started_ns=1790163032250380000 ended_ns=1790163032255280917 elapsed_us=4900 block_gets=0 block_puts=0 deleted=0
checkpoint_phase lsn=20308 phase=value_index_schedule slot=0 started_ns=1790163032255303000 ended_ns=1790163032258801375 elapsed_us=3498 block_gets=0 block_puts=0 deleted=0
checkpoint_phase lsn=20312 phase=row_merge_write slot=0 started_ns=1790163032258862000 ended_ns=1790163032262865083 elapsed_us=4003 block_gets=0 block_puts=0 deleted=0
checkpoint_phase lsn=20308 phase=value_index_schedule slot=0 started_ns=1790163032262903000 ended_ns=1790163032268189833 elapsed_us=5286 block_gets=0 block_puts=0 deleted=0
checkpoint_phase lsn=20312 phase=row_merge_write slot=0 started_ns=1790163032268226000 ended_ns=1790163032272122375 elapsed_us=3896 block_gets=0 block_puts=0 deleted=0
checkpoint_phase lsn=20308 phase=value_index_schedule slot=0 started_ns=1790163032272150000 ended_ns=1790163032272178833 elapsed_us=28 block_gets=0 block_puts=0 deleted=0
checkpoint_phase lsn=20312 phase=row_merge_write slot=0 started_ns=1790163032272186000 ended_ns=1790163032276572708 elapsed_us=4386 block_gets=0 block_puts=0 deleted=0
checkpoint_phase lsn=20308 phase=value_index_schedule slot=0 started_ns=1790163032276620000 ended_ns=1790163032276829875 elapsed_us=209 block_gets=0 block_puts=0 deleted=0
checkpoint_phase lsn=20312 phase=row_merge_write slot=0 started_ns=1790163032276852000 ended_ns=1790163032281258833 elapsed_us=4406 block_gets=0 block_puts=0 deleted=0
checkpoint_phase lsn=20308 phase=value_index_schedule slot=0 started_ns=1790163032281287000 ended_ns=1790163032281331542 elapsed_us=44 block_gets=0 block_puts=0 deleted=0
checkpoint_phase lsn=20312 phase=row_merge_write slot=0 started_ns=1790163032281342000 ended_ns=1790163032285505708 elapsed_us=4163 block_gets=0 block_puts=0 deleted=0
checkpoint_phase lsn=20308 phase=value_index_schedule slot=0 started_ns=1790163032285529000 ended_ns=1790163032341435417 elapsed_us=55906 block_gets=0 block_puts=1 deleted=0
checkpoint_phase lsn=20312 phase=row_merge_write slot=0 started_ns=1790163032341483000 ended_ns=1790163032345018834 elapsed_us=3535 block_gets=0 block_puts=0 deleted=0
checkpoint_phase lsn=20308 phase=value_index_schedule slot=0 started_ns=1790163032345045000 ended_ns=1790163032417229792 elapsed_us=72184 block_gets=0 block_puts=4 deleted=0
checkpoint_phase lsn=20312 phase=row_merge_write slot=0 started_ns=1790163032417293000 ended_ns=1790163032422544625 elapsed_us=5251 block_gets=0 block_puts=0 deleted=0
checkpoint_phase lsn=20308 phase=value_index_schedule slot=0 started_ns=1790163032422574000 ended_ns=1790163032427193625 elapsed_us=4619 block_gets=0 block_puts=0 deleted=0
checkpoint_phase lsn=20312 phase=row_merge_write slot=0 started_ns=1790163032427348000 ended_ns=1790163032432341875 elapsed_us=4993 block_gets=0 block_puts=0 deleted=0
checkpoint_phase lsn=20308 phase=value_index_schedule slot=0 started_ns=1790163032432400000 ended_ns=1790163032437341583 elapsed_us=4941 block_gets=0 block_puts=0 deleted=0
checkpoint_phase lsn=20312 phase=row_merge_write slot=0 started_ns=1790163032437372000 ended_ns=1790163032442374584 elapsed_us=5002 block_gets=0 block_puts=0 deleted=0
checkpoint_phase lsn=20308 phase=value_index_schedule slot=0 started_ns=1790163032442399000 ended_ns=1790163032447863625 elapsed_us=5464 block_gets=0 block_puts=0 deleted=0
checkpoint_phase lsn=20312 phase=row_merge_write slot=0 started_ns=1790163032447882000 ended_ns=1790163032452429333 elapsed_us=4547 block_gets=0 block_puts=0 deleted=0
checkpoint_phase lsn=20308 phase=value_index_schedule slot=0 started_ns=1790163032452457000 ended_ns=1790163032457130791 elapsed_us=4673 block_gets=0 block_puts=0 deleted=0
checkpoint_phase lsn=20312 phase=row_merge_write slot=0 started_ns=1790163032457167000 ended_ns=1790163032461365333 elapsed_us=4198 block_gets=0 block_puts=0 deleted=0
checkpoint_phase lsn=20308 phase=value_index_schedule slot=0 started_ns=1790163032461383000 ended_ns=1790163032463674583 elapsed_us=2291 block_gets=0 block_puts=0 deleted=0
checkpoint_phase lsn=20312 phase=row_merge_write slot=0 started_ns=1790163032463689000 ended_ns=1790163032468295000 elapsed_us=4606 block_gets=0 block_puts=0 deleted=0
checkpoint_phase lsn=20308 phase=value_index_schedule slot=0 started_ns=1790163032468317000 ended_ns=1790163032468345084 elapsed_us=28 block_gets=0 block_puts=0 deleted=0
checkpoint_phase lsn=20312 phase=row_merge_write slot=0 started_ns=1790163032468353000 ended_ns=1790163032473460458 elapsed_us=5107 block_gets=0 block_puts=0 deleted=0
checkpoint_phase lsn=20308 phase=value_index_schedule slot=0 started_ns=1790163032473479000 ended_ns=1790163032473510041 elapsed_us=31 block_gets=0 block_puts=0 deleted=0
checkpoint_phase lsn=20312 phase=row_merge_write slot=0 started_ns=1790163032473519000 ended_ns=1790163032478258166 elapsed_us=4739 block_gets=0 block_puts=0 deleted=0
checkpoint_phase lsn=20308 phase=value_index_schedule slot=0 started_ns=1790163032478277000 ended_ns=1790163032478330334 elapsed_us=53 block_gets=0 block_puts=0 deleted=0
checkpoint_phase lsn=20312 phase=row_merge_write slot=0 started_ns=1790163032478339000 ended_ns=1790163032483113500 elapsed_us=4774 block_gets=0 block_puts=0 deleted=0
checkpoint_phase lsn=20308 phase=value_index_schedule slot=0 started_ns=1790163032483137000 ended_ns=1790163032498727583 elapsed_us=15590 block_gets=0 block_puts=1 deleted=0
checkpoint_phase lsn=20312 phase=row_merge_write slot=0 started_ns=1790163032498757000 ended_ns=1790163032503922500 elapsed_us=5165 block_gets=0 block_puts=0 deleted=0
checkpoint_phase lsn=20308 phase=value_index_schedule slot=0 started_ns=1790163032503968000 ended_ns=1790163032532110292 elapsed_us=28142 block_gets=0 block_puts=4 deleted=0
checkpoint_phase lsn=20312 phase=row_merge_write slot=0 started_ns=1790163032532170000 ended_ns=1790163032537792458 elapsed_us=5622 block_gets=0 block_puts=0 deleted=0
checkpoint_phase lsn=20308 phase=value_index_schedule slot=0 started_ns=1790163032537844000 ended_ns=1790163032538918834 elapsed_us=1074 block_gets=0 block_puts=0 deleted=0
checkpoint_phase lsn=20312 phase=row_merge_write slot=0 started_ns=1790163032538943000 ended_ns=1790163032543982625 elapsed_us=5039 block_gets=0 block_puts=0 deleted=0
checkpoint_phase lsn=20308 phase=value_index_schedule slot=0 started_ns=1790163032544004000 ended_ns=1790163032544134791 elapsed_us=130 block_gets=0 block_puts=0 deleted=0
checkpoint_phase lsn=20312 phase=row_merge_write slot=0 started_ns=1790163032544157000 ended_ns=1790163032549572541 elapsed_us=5415 block_gets=0 block_puts=0 deleted=0
checkpoint_phase lsn=20308 phase=value_index_schedule slot=0 started_ns=1790163032549603000 ended_ns=1790163032549698584 elapsed_us=95 block_gets=0 block_puts=0 deleted=0
checkpoint_phase lsn=20312 phase=row_merge_write slot=0 started_ns=1790163032549745000 ended_ns=1790163032555387333 elapsed_us=5642 block_gets=0 block_puts=0 deleted=0
checkpoint_phase lsn=20308 phase=value_index_schedule slot=0 started_ns=1790163032555418000 ended_ns=1790163032555762333 elapsed_us=344 block_gets=0 block_puts=0 deleted=0
checkpoint_phase lsn=20312 phase=row_merge_write slot=0 started_ns=1790163032555795000 ended_ns=1790163032560819334 elapsed_us=5024 block_gets=0 block_puts=0 deleted=0
checkpoint_phase lsn=20308 phase=value_index_schedule slot=0 started_ns=1790163032560847000 ended_ns=1790163032573131459 elapsed_us=12284 block_gets=0 block_puts=1 deleted=0
checkpoint_phase lsn=20312 phase=row_merge_write slot=0 started_ns=1790163032573163000 ended_ns=1790163032578397666 elapsed_us=5234 block_gets=0 block_puts=0 deleted=0
checkpoint_phase lsn=20308 phase=value_index_schedule slot=0 started_ns=1790163032578430000 ended_ns=1790163032578727416 elapsed_us=297 block_gets=0 block_puts=0 deleted=0
checkpoint_phase lsn=20312 phase=row_merge_write slot=0 started_ns=1790163032578749000 ended_ns=1790163032584526875 elapsed_us=5777 block_gets=0 block_puts=0 deleted=0
checkpoint_phase lsn=20308 phase=value_index_schedule slot=0 started_ns=1790163032584558000 ended_ns=1790163032584829042 elapsed_us=271 block_gets=0 block_puts=0 deleted=0
checkpoint_phase lsn=20312 phase=row_merge_write slot=0 started_ns=1790163032584870000 ended_ns=1790163032589282875 elapsed_us=4412 block_gets=0 block_puts=0 deleted=0
checkpoint_phase lsn=20308 phase=value_index_schedule slot=0 started_ns=1790163032589308000 ended_ns=1790163032605477542 elapsed_us=16169 block_gets=0 block_puts=1 deleted=0
checkpoint_phase lsn=20312 phase=row_merge_write slot=0 started_ns=1790163032605503000 ended_ns=1790163032610074125 elapsed_us=4571 block_gets=0 block_puts=0 deleted=0
checkpoint_phase lsn=20308 phase=value_index_schedule slot=0 started_ns=1790163032610092000 ended_ns=1790163032610982750 elapsed_us=890 block_gets=0 block_puts=0 deleted=0
checkpoint_phase lsn=20312 phase=row_merge_write slot=0 started_ns=1790163032611029000 ended_ns=1790163032615796125 elapsed_us=4767 block_gets=0 block_puts=0 deleted=0
checkpoint_phase lsn=20308 phase=value_index_schedule slot=0 started_ns=1790163032615822000 ended_ns=1790163032615872875 elapsed_us=50 block_gets=0 block_puts=0 deleted=0
checkpoint_phase lsn=20312 phase=row_merge_write slot=0 started_ns=1790163032615878000 ended_ns=1790163032620472750 elapsed_us=4594 block_gets=0 block_puts=0 deleted=0
checkpoint_phase lsn=20308 phase=value_index_schedule slot=0 started_ns=1790163032620501000 ended_ns=1790163032649874625 elapsed_us=29373 block_gets=0 block_puts=4 deleted=0
checkpoint_phase lsn=20312 phase=row_merge_write slot=0 started_ns=1790163032649999000 ended_ns=1790163032654736291 elapsed_us=4737 block_gets=0 block_puts=0 deleted=0
checkpoint_phase lsn=20308 phase=value_index_schedule slot=0 started_ns=1790163032654765000 ended_ns=1790163032659608667 elapsed_us=4843 block_gets=0 block_puts=0 deleted=0
checkpoint_phase lsn=20312 phase=row_merge_write slot=0 started_ns=1790163032659659000 ended_ns=1790163032663921750 elapsed_us=4262 block_gets=0 block_puts=0 deleted=0
checkpoint_phase lsn=20308 phase=value_index_schedule slot=0 started_ns=1790163032663953000 ended_ns=1790163032748269042 elapsed_us=84316 block_gets=0 block_puts=4 deleted=0
checkpoint_phase lsn=20312 phase=row_merge_write slot=0 started_ns=1790163032748338000 ended_ns=1790163032752549250 elapsed_us=4211 block_gets=0 block_puts=0 deleted=0
checkpoint_phase lsn=20308 phase=value_index_schedule slot=0 started_ns=1790163032752589000 ended_ns=1790163032752589542 elapsed_us=0 block_gets=0 block_puts=0 deleted=0
checkpoint_phase lsn=20312 phase=row_merge_write slot=0 started_ns=1790163032752599000 ended_ns=1790163032758678833 elapsed_us=6079 block_gets=0 block_puts=0 deleted=0
checkpoint_phase lsn=20308 phase=value_index_schedule slot=0 started_ns=1790163032758716000 ended_ns=1790163032759048750 elapsed_us=332 block_gets=0 block_puts=0 deleted=0
checkpoint_phase lsn=20312 phase=row_merge_write slot=0 started_ns=1790163032759082000 ended_ns=1790163032763406000 elapsed_us=4324 block_gets=0 block_puts=0 deleted=0
checkpoint_phase lsn=20308 phase=value_index_schedule slot=0 started_ns=1790163032763446000 ended_ns=1790163032764119500 elapsed_us=673 block_gets=0 block_puts=0 deleted=0
checkpoint_phase lsn=20312 phase=row_merge_write slot=0 started_ns=1790163032764136000 ended_ns=1790163032768589625 elapsed_us=4453 block_gets=0 block_puts=0 deleted=0
checkpoint_phase lsn=20308 phase=value_index_schedule slot=0 started_ns=1790163032768618000 ended_ns=1790163032768883375 elapsed_us=265 block_gets=0 block_puts=0 deleted=0
checkpoint_phase lsn=20312 phase=row_merge_write slot=0 started_ns=1790163032768896000 ended_ns=1790163032773537834 elapsed_us=4641 block_gets=0 block_puts=0 deleted=0
checkpoint_phase lsn=20308 phase=value_index_schedule slot=0 started_ns=1790163032773592000 ended_ns=1790163032774296625 elapsed_us=704 block_gets=0 block_puts=0 deleted=0
checkpoint_phase lsn=20312 phase=row_merge_write slot=0 started_ns=1790163032774334000 ended_ns=1790163032778417500 elapsed_us=4083 block_gets=0 block_puts=0 deleted=0
checkpoint_phase lsn=20308 phase=value_index_schedule slot=0 started_ns=1790163032778523000 ended_ns=1790163032810051458 elapsed_us=31528 block_gets=0 block_puts=1 deleted=0
checkpoint_phase lsn=20312 phase=row_merge_write slot=0 started_ns=1790163032810092000 ended_ns=1790163032814354417 elapsed_us=4262 block_gets=0 block_puts=0 deleted=0
checkpoint_phase lsn=20308 phase=value_index_schedule slot=0 started_ns=1790163032814397000 ended_ns=1790163032814767625 elapsed_us=370 block_gets=0 block_puts=0 deleted=0
checkpoint_phase lsn=20312 phase=row_merge_write slot=0 started_ns=1790163032814785000 ended_ns=1790163032818669625 elapsed_us=3884 block_gets=0 block_puts=0 deleted=0
checkpoint_phase lsn=20308 phase=value_index_schedule slot=0 started_ns=1790163032818693000 ended_ns=1790163032819014916 elapsed_us=321 block_gets=0 block_puts=0 deleted=0
checkpoint_phase lsn=20312 phase=row_merge_write slot=0 started_ns=1790163032819030000 ended_ns=1790163032823625875 elapsed_us=4595 block_gets=0 block_puts=0 deleted=0
checkpoint_phase lsn=20308 phase=value_index_schedule slot=0 started_ns=1790163032823652000 ended_ns=1790163032836230375 elapsed_us=12578 block_gets=0 block_puts=1 deleted=0
checkpoint_phase lsn=20312 phase=row_merge_write slot=0 started_ns=1790163032836258000 ended_ns=1790163032840474042 elapsed_us=4216 block_gets=0 block_puts=0 deleted=0
checkpoint_phase lsn=20308 phase=value_index_schedule slot=0 started_ns=1790163032840512000 ended_ns=1790163032840751083 elapsed_us=239 block_gets=0 block_puts=0 deleted=0
checkpoint_phase lsn=20312 phase=row_merge_write slot=0 started_ns=1790163032840776000 ended_ns=1790163032845644667 elapsed_us=4868 block_gets=0 block_puts=0 deleted=0
checkpoint_phase lsn=20308 phase=value_index_schedule slot=0 started_ns=1790163032845678000 ended_ns=1790163032846017291 elapsed_us=339 block_gets=0 block_puts=0 deleted=0
checkpoint_phase lsn=20312 phase=row_merge_write slot=0 started_ns=1790163032846034000 ended_ns=1790163032849989375 elapsed_us=3955 block_gets=0 block_puts=0 deleted=0
checkpoint_phase lsn=20308 phase=value_index_schedule slot=0 started_ns=1790163032850010000 ended_ns=1790163032850172250 elapsed_us=162 block_gets=0 block_puts=0 deleted=0
checkpoint_phase lsn=20312 phase=row_merge_write slot=0 started_ns=1790163032850190000 ended_ns=1790163032854264625 elapsed_us=4074 block_gets=0 block_puts=0 deleted=0
checkpoint_phase lsn=20308 phase=value_index_schedule slot=0 started_ns=1790163032854298000 ended_ns=1790163032942350209 elapsed_us=88052 block_gets=0 block_puts=4 deleted=0
checkpoint_phase lsn=20312 phase=row_merge_write slot=0 started_ns=1790163032942421000 ended_ns=1790163032947372500 elapsed_us=4951 block_gets=0 block_puts=0 deleted=0
checkpoint_phase lsn=20308 phase=value_index_schedule slot=0 started_ns=1790163032947416000 ended_ns=1790163032947416541 elapsed_us=0 block_gets=0 block_puts=0 deleted=0
checkpoint_phase lsn=20312 phase=row_merge_write slot=0 started_ns=1790163032947491000 ended_ns=1790163032952436333 elapsed_us=4945 block_gets=0 block_puts=0 deleted=0
checkpoint_phase lsn=20308 phase=value_index_write slot=0 started_ns=1790163032952462000 ended_ns=1790163032952719625 elapsed_us=257 block_gets=0 block_puts=0 deleted=0
checkpoint_phase lsn=20312 phase=row_merge_write slot=0 started_ns=1790163032952734000 ended_ns=1790163032957783542 elapsed_us=5049 block_gets=0 block_puts=0 deleted=0
checkpoint_phase lsn=20308 phase=value_index_write slot=0 started_ns=1790163032957818000 ended_ns=1790163032957897750 elapsed_us=79 block_gets=0 block_puts=0 deleted=0
checkpoint_phase lsn=20312 phase=row_merge_write slot=0 started_ns=1790163032957913000 ended_ns=1790163032961740333 elapsed_us=3827 block_gets=0 block_puts=0 deleted=0
checkpoint_phase lsn=20308 phase=value_index_write slot=0 started_ns=1790163032961768000 ended_ns=1790163032961852375 elapsed_us=84 block_gets=0 block_puts=0 deleted=0
checkpoint_phase lsn=20312 phase=row_merge_write slot=0 started_ns=1790163032961861000 ended_ns=1790163033070464375 elapsed_us=108603 block_gets=0 block_puts=5 deleted=0
checkpoint_phase lsn=20308 phase=value_index_write slot=0 started_ns=1790163033070566000 ended_ns=1790163033070841583 elapsed_us=275 block_gets=0 block_puts=0 deleted=0
checkpoint_phase lsn=20312 phase=row_merge_write slot=0 started_ns=1790163033070857000 ended_ns=1790163033147780584 elapsed_us=76923 block_gets=0 block_puts=4 deleted=0
checkpoint_phase lsn=20308 phase=value_index_write slot=0 started_ns=1790163033147839000 ended_ns=1790163033147955375 elapsed_us=116 block_gets=0 block_puts=0 deleted=0
checkpoint_phase lsn=20312 phase=row_merge_write slot=0 started_ns=1790163033147979000 ended_ns=1790163034247593750 elapsed_us=1099614 block_gets=0 block_puts=4 deleted=0
checkpoint_phase lsn=20308 phase=value_index_write slot=0 started_ns=1790163034248196000 ended_ns=1790163035546983084 elapsed_us=1298787 block_gets=0 block_puts=1 deleted=0
checkpoint_phase lsn=20312 phase=row_merge_write slot=0 started_ns=1790163035547642000 ended_ns=1790163036637868333 elapsed_us=1090226 block_gets=0 block_puts=4 deleted=0
checkpoint_phase lsn=20308 phase=value_index_write slot=0 started_ns=1790163036638400000 ended_ns=1790163036638806916 elapsed_us=406 block_gets=0 block_puts=0 deleted=0
checkpoint_phase lsn=20312 phase=row_merge_write slot=0 started_ns=1790163036638817000 ended_ns=1790163036700900792 elapsed_us=62083 block_gets=0 block_puts=4 deleted=0
checkpoint_phase lsn=20308 phase=value_index_write slot=0 started_ns=1790163036701003000 ended_ns=1790163036701213875 elapsed_us=210 block_gets=0 block_puts=0 deleted=0
checkpoint_phase lsn=20312 phase=row_merge_write slot=0 started_ns=1790163036701226000 ended_ns=1790163037213453333 elapsed_us=512227 block_gets=0 block_puts=4 deleted=0
checkpoint_phase lsn=20308 phase=value_index_write slot=0 started_ns=1790163037213698000 ended_ns=1790163037213776125 elapsed_us=78 block_gets=0 block_puts=0 deleted=0
checkpoint_phase lsn=20312 phase=row_merge_write slot=0 started_ns=1790163037213782000 ended_ns=1790163037301443167 elapsed_us=87661 block_gets=0 block_puts=4 deleted=0
checkpoint_phase lsn=20308 phase=value_index_write slot=0 started_ns=1790163037301503000 ended_ns=1790163037334143792 elapsed_us=32640 block_gets=0 block_puts=2 deleted=0
checkpoint_phase lsn=20312 phase=row_merge_write slot=0 started_ns=1790163037334175000 ended_ns=1790163037410498459 elapsed_us=76323 block_gets=0 block_puts=4 deleted=0
checkpoint_phase lsn=20312 phase=value_index_schedule slot=0 started_ns=1790163037410553000 ended_ns=1790163037410556542 elapsed_us=3 block_gets=0 block_puts=0 deleted=0
checkpoint_phase lsn=20312 phase=row_merge_write slot=0 started_ns=1790163037410563000 ended_ns=1790163037510860250 elapsed_us=100297 block_gets=0 block_puts=4 deleted=0
checkpoint_phase lsn=20312 phase=value_index_schedule slot=0 started_ns=1790163037510920000 ended_ns=1790163037512541834 elapsed_us=1621 block_gets=0 block_puts=0 deleted=0
checkpoint_phase lsn=20312 phase=row_merge_write slot=0 started_ns=1790163037512699000 ended_ns=1790163037600197667 elapsed_us=87498 block_gets=0 block_puts=4 deleted=0
checkpoint_phase lsn=20312 phase=value_index_schedule slot=0 started_ns=1790163037600253000 ended_ns=1790163037601882083 elapsed_us=1629 block_gets=0 block_puts=0 deleted=0
checkpoint_phase lsn=20312 phase=row_merge_write slot=0 started_ns=1790163037601902000 ended_ns=1790163037670632458 elapsed_us=68730 block_gets=0 block_puts=4 deleted=0
checkpoint_phase lsn=20312 phase=value_index_schedule slot=0 started_ns=1790163037670683000 ended_ns=1790163037672503917 elapsed_us=1820 block_gets=0 block_puts=0 deleted=0
checkpoint_phase lsn=20312 phase=row_merge_write slot=0 started_ns=1790163037672519000 ended_ns=1790163037753714833 elapsed_us=81195 block_gets=0 block_puts=4 deleted=0
checkpoint_phase lsn=20312 phase=value_index_schedule slot=0 started_ns=1790163037753767000 ended_ns=1790163037757718584 elapsed_us=3951 block_gets=0 block_puts=0 deleted=0
checkpoint_phase lsn=20312 phase=row_merge_write slot=0 started_ns=1790163037757740000 ended_ns=1790163037823282000 elapsed_us=65542 block_gets=0 block_puts=4 deleted=0
checkpoint_phase lsn=20312 phase=value_index_schedule slot=0 started_ns=1790163037823341000 ended_ns=1790163037827140250 elapsed_us=3799 block_gets=0 block_puts=0 deleted=0
checkpoint_phase lsn=20312 phase=row_merge_write slot=0 started_ns=1790163037827210000 ended_ns=1790163037888238667 elapsed_us=61028 block_gets=0 block_puts=4 deleted=0
checkpoint_phase lsn=20312 phase=value_index_schedule slot=0 started_ns=1790163037888289000 ended_ns=1790163037895594125 elapsed_us=7305 block_gets=0 block_puts=0 deleted=0
checkpoint_phase lsn=20312 phase=row_merge_write slot=0 started_ns=1790163037895733000 ended_ns=1790163037966952334 elapsed_us=71219 block_gets=0 block_puts=4 deleted=0
checkpoint_phase lsn=20312 phase=value_index_schedule slot=0 started_ns=1790163037967028000 ended_ns=1790163037967233958 elapsed_us=205 block_gets=0 block_puts=0 deleted=0
checkpoint_phase lsn=20312 phase=row_merge_write slot=0 started_ns=1790163037967256000 ended_ns=1790163038017054250 elapsed_us=49798 block_gets=0 block_puts=4 deleted=0
checkpoint_phase lsn=20312 phase=value_index_schedule slot=0 started_ns=1790163038017091000 ended_ns=1790163038017130167 elapsed_us=39 block_gets=0 block_puts=0 deleted=0
checkpoint_phase lsn=20312 phase=row_merge_write slot=0 started_ns=1790163038017138000 ended_ns=1790163038076760625 elapsed_us=59622 block_gets=0 block_puts=4 deleted=0
checkpoint_phase lsn=20312 phase=value_index_schedule slot=0 started_ns=1790163038076803000 ended_ns=1790163038076900709 elapsed_us=97 block_gets=0 block_puts=0 deleted=0
checkpoint_phase lsn=20312 phase=row_merge_write slot=0 started_ns=1790163038076929000 ended_ns=1790163038143261459 elapsed_us=66332 block_gets=0 block_puts=4 deleted=0
checkpoint_phase lsn=20312 phase=value_index_schedule slot=0 started_ns=1790163038143304000 ended_ns=1790163038178631458 elapsed_us=35327 block_gets=0 block_puts=1 deleted=0
checkpoint_phase lsn=20312 phase=row_merge_write slot=0 started_ns=1790163038178687000 ended_ns=1790163038282593125 elapsed_us=103906 block_gets=0 block_puts=4 deleted=0
checkpoint_phase lsn=20312 phase=value_index_schedule slot=0 started_ns=1790163038282654000 ended_ns=1790163038282696917 elapsed_us=42 block_gets=0 block_puts=0 deleted=0
checkpoint_phase lsn=20312 phase=row_merge_write slot=0 started_ns=1790163038282707000 ended_ns=1790163038363501625 elapsed_us=80794 block_gets=0 block_puts=4 deleted=0
checkpoint_phase lsn=20312 phase=value_index_schedule slot=0 started_ns=1790163038363553000 ended_ns=1790163038403693334 elapsed_us=40140 block_gets=0 block_puts=4 deleted=0
checkpoint_phase lsn=20312 phase=row_merge_write slot=0 started_ns=1790163038403726000 ended_ns=1790163038482805208 elapsed_us=79079 block_gets=0 block_puts=4 deleted=0
checkpoint_phase lsn=20312 phase=value_index_schedule slot=0 started_ns=1790163038482860000 ended_ns=1790163038487200750 elapsed_us=4340 block_gets=0 block_puts=0 deleted=0
checkpoint_phase lsn=20312 phase=row_merge_write slot=0 started_ns=1790163038487300000 ended_ns=1790163038560165083 elapsed_us=72865 block_gets=0 block_puts=4 deleted=0
checkpoint_phase lsn=20312 phase=value_index_schedule slot=0 started_ns=1790163038560225000 ended_ns=1790163038565515709 elapsed_us=5290 block_gets=0 block_puts=0 deleted=0
checkpoint_phase lsn=20312 phase=row_merge_write slot=0 started_ns=1790163038565539000 ended_ns=1790163038634128917 elapsed_us=68589 block_gets=0 block_puts=4 deleted=0
checkpoint_phase lsn=20312 phase=value_index_schedule slot=0 started_ns=1790163038634173000 ended_ns=1790163038639023667 elapsed_us=4850 block_gets=0 block_puts=0 deleted=0
checkpoint_phase lsn=20312 phase=row_merge_write slot=0 started_ns=1790163038640006000 ended_ns=1790163038702829917 elapsed_us=62823 block_gets=0 block_puts=4 deleted=0
checkpoint_phase lsn=20312 phase=value_index_schedule slot=0 started_ns=1790163038702874000 ended_ns=1790163038707345500 elapsed_us=4471 block_gets=0 block_puts=0 deleted=0
checkpoint_phase lsn=20312 phase=row_merge_write slot=0 started_ns=1790163038707369000 ended_ns=1790163038766699250 elapsed_us=59330 block_gets=0 block_puts=4 deleted=0
checkpoint_phase lsn=20312 phase=value_index_schedule slot=0 started_ns=1790163038766740000 ended_ns=1790163038768517917 elapsed_us=1777 block_gets=0 block_puts=0 deleted=0
checkpoint_phase lsn=20312 phase=row_merge_write slot=0 started_ns=1790163038768533000 ended_ns=1790163038819079291 elapsed_us=50546 block_gets=0 block_puts=4 deleted=0
checkpoint_phase lsn=20312 phase=value_index_schedule slot=0 started_ns=1790163038819142000 ended_ns=1790163038819172250 elapsed_us=30 block_gets=0 block_puts=0 deleted=0
checkpoint_phase lsn=20312 phase=row_merge_write slot=0 started_ns=1790163038819181000 ended_ns=1790163038920321709 elapsed_us=101140 block_gets=0 block_puts=4 deleted=0
checkpoint_phase lsn=20312 phase=value_index_schedule slot=0 started_ns=1790163038920387000 ended_ns=1790163038920465084 elapsed_us=78 block_gets=0 block_puts=0 deleted=0
checkpoint_phase lsn=20312 phase=row_merge_write slot=0 started_ns=1790163038920490000 ended_ns=1790163038994251416 elapsed_us=73761 block_gets=0 block_puts=4 deleted=0
checkpoint_phase lsn=20312 phase=value_index_schedule slot=0 started_ns=1790163038994302000 ended_ns=1790163038994368541 elapsed_us=66 block_gets=0 block_puts=0 deleted=0
checkpoint_phase lsn=20312 phase=row_merge_write slot=0 started_ns=1790163038994387000 ended_ns=1790163039050195000 elapsed_us=55808 block_gets=0 block_puts=4 deleted=0
checkpoint_phase lsn=20312 phase=value_index_schedule slot=0 started_ns=1790163039050249000 ended_ns=1790163039067482000 elapsed_us=17233 block_gets=0 block_puts=1 deleted=0
checkpoint_phase lsn=20312 phase=row_merge_write slot=0 started_ns=1790163039067524000 ended_ns=1790163039186505000 elapsed_us=118981 block_gets=0 block_puts=4 deleted=0
checkpoint_phase lsn=20312 phase=value_index_schedule slot=0 started_ns=1790163039186581000 ended_ns=1790163039258924250 elapsed_us=72343 block_gets=0 block_puts=4 deleted=0
checkpoint_phase lsn=20312 phase=row_merge_write slot=0 started_ns=1790163039258973000 ended_ns=1790163039395469667 elapsed_us=136496 block_gets=0 block_puts=4 deleted=0
checkpoint_phase lsn=20312 phase=value_index_schedule slot=0 started_ns=1790163039395538000 ended_ns=1790163039396658875 elapsed_us=1120 block_gets=0 block_puts=0 deleted=0
checkpoint_phase lsn=20312 phase=row_merge_write slot=0 started_ns=1790163039396704000 ended_ns=1790163039586321250 elapsed_us=189617 block_gets=0 block_puts=4 deleted=0
checkpoint_phase lsn=20312 phase=value_index_schedule slot=0 started_ns=1790163039586460000 ended_ns=1790163039586836375 elapsed_us=376 block_gets=0 block_puts=0 deleted=0
checkpoint_phase lsn=20312 phase=row_merge_write slot=0 started_ns=1790163039586866000 ended_ns=1790163039686789292 elapsed_us=99923 block_gets=0 block_puts=4 deleted=0
checkpoint_phase lsn=20312 phase=value_index_schedule slot=0 started_ns=1790163039686858000 ended_ns=1790163039687112208 elapsed_us=254 block_gets=0 block_puts=0 deleted=0
checkpoint_phase lsn=20312 phase=row_merge_write slot=0 started_ns=1790163039687147000 ended_ns=1790163039788479916 elapsed_us=101332 block_gets=0 block_puts=4 deleted=0
checkpoint_phase lsn=20312 phase=value_index_schedule slot=0 started_ns=1790163039788544000 ended_ns=1790163039788666375 elapsed_us=122 block_gets=0 block_puts=0 deleted=0
checkpoint_phase lsn=20312 phase=row_merge_write slot=0 started_ns=1790163039788683000 ended_ns=1790163039847192042 elapsed_us=58509 block_gets=0 block_puts=4 deleted=0
checkpoint_phase lsn=20312 phase=value_index_schedule slot=0 started_ns=1790163039847235000 ended_ns=1790163039872453417 elapsed_us=25218 block_gets=0 block_puts=1 deleted=0
checkpoint_phase lsn=20312 phase=row_merge_write slot=0 started_ns=1790163039872484000 ended_ns=1790163039961394125 elapsed_us=88910 block_gets=0 block_puts=4 deleted=0
checkpoint_phase lsn=20312 phase=value_index_schedule slot=0 started_ns=1790163039961464000 ended_ns=1790163039961778167 elapsed_us=314 block_gets=0 block_puts=0 deleted=0
checkpoint_phase lsn=20312 phase=row_merge_write slot=0 started_ns=1790163039961796000 ended_ns=1790163040027785792 elapsed_us=65989 block_gets=0 block_puts=4 deleted=0
checkpoint_phase lsn=20312 phase=value_index_schedule slot=0 started_ns=1790163040027832000 ended_ns=1790163040028162250 elapsed_us=330 block_gets=0 block_puts=0 deleted=0
checkpoint_phase lsn=20312 phase=row_merge_write slot=0 started_ns=1790163040028184000 ended_ns=1790163040087281208 elapsed_us=59097 block_gets=0 block_puts=4 deleted=0
checkpoint_phase lsn=20312 phase=value_index_schedule slot=0 started_ns=1790163040087358000 ended_ns=1790163040087729584 elapsed_us=371 block_gets=0 block_puts=0 deleted=0
checkpoint_phase lsn=20312 phase=row_merge_write slot=0 started_ns=1790163040087750000 ended_ns=1790163040160991500 elapsed_us=73241 block_gets=0 block_puts=4 deleted=0
checkpoint_phase lsn=20312 phase=value_index_schedule slot=0 started_ns=1790163040161052000 ended_ns=1790163040185628875 elapsed_us=24576 block_gets=0 block_puts=1 deleted=0
checkpoint_phase lsn=20312 phase=row_merge_write slot=0 started_ns=1790163040185664000 ended_ns=1790163040246813708 elapsed_us=61149 block_gets=0 block_puts=4 deleted=0
checkpoint_phase lsn=20312 phase=value_index_schedule slot=0 started_ns=1790163040246854000 ended_ns=1790163040246938292 elapsed_us=84 block_gets=0 block_puts=0 deleted=0
checkpoint_phase lsn=20312 phase=row_merge_write slot=0 started_ns=1790163040246945000 ended_ns=1790163040528206250 elapsed_us=281261 block_gets=0 block_puts=4 deleted=0
checkpoint_phase lsn=20312 phase=value_index_schedule slot=0 started_ns=1790163040528349000 ended_ns=1790163040528490459 elapsed_us=141 block_gets=0 block_puts=0 deleted=0
checkpoint_phase lsn=20312 phase=row_merge_write slot=0 started_ns=1790163040528503000 ended_ns=1790163040602950292 elapsed_us=74447 block_gets=0 block_puts=4 deleted=0
checkpoint_phase lsn=20312 phase=value_index_schedule slot=0 started_ns=1790163040603006000 ended_ns=1790163040647434083 elapsed_us=44428 block_gets=0 block_puts=4 deleted=0
checkpoint_phase lsn=20312 phase=row_merge_write slot=0 started_ns=1790163040647482000 ended_ns=1790163040842966833 elapsed_us=195484 block_gets=0 block_puts=4 deleted=0
checkpoint_phase lsn=20312 phase=value_index_schedule slot=0 started_ns=1790163040843055000 ended_ns=1790163040843055583 elapsed_us=0 block_gets=0 block_puts=0 deleted=0
checkpoint_phase lsn=20312 phase=row_merge_write slot=0 started_ns=1790163040843067000 ended_ns=1790163040990655333 elapsed_us=147588 block_gets=0 block_puts=4 deleted=0
checkpoint_phase lsn=20312 phase=value_index_write slot=0 started_ns=1790163040990731000 ended_ns=1790163040991053125 elapsed_us=322 block_gets=0 block_puts=0 deleted=0
checkpoint_phase lsn=20312 phase=row_merge_write slot=0 started_ns=1790163040991072000 ended_ns=1790163041098549375 elapsed_us=107477 block_gets=0 block_puts=4 deleted=0
checkpoint_phase lsn=20312 phase=value_index_write slot=0 started_ns=1790163041098611000 ended_ns=1790163041098693917 elapsed_us=82 block_gets=0 block_puts=0 deleted=0
checkpoint_phase lsn=20312 phase=row_merge_write slot=0 started_ns=1790163041098742000 ended_ns=1790163041223394708 elapsed_us=124652 block_gets=0 block_puts=4 deleted=0
checkpoint_phase lsn=20312 phase=value_index_write slot=0 started_ns=1790163041223476000 ended_ns=1790163041223649583 elapsed_us=173 block_gets=0 block_puts=0 deleted=0
checkpoint_phase lsn=20312 phase=row_merge_write slot=0 started_ns=1790163041223680000 ended_ns=1790163041296853708 elapsed_us=73173 block_gets=0 block_puts=4 deleted=0
checkpoint_phase lsn=20312 phase=value_index_write slot=0 started_ns=1790163041296911000 ended_ns=1790163041297406875 elapsed_us=495 block_gets=0 block_puts=0 deleted=0
checkpoint_phase lsn=20312 phase=row_merge_write slot=0 started_ns=1790163041297426000 ended_ns=1790163041411159708 elapsed_us=113733 block_gets=0 block_puts=4 deleted=0
checkpoint_phase lsn=20312 phase=value_index_write slot=0 started_ns=1790163041411218000 ended_ns=1790163041411299417 elapsed_us=81 block_gets=0 block_puts=0 deleted=0
checkpoint_phase lsn=20312 phase=row_merge_write slot=0 started_ns=1790163041411305000 ended_ns=1790163041555133167 elapsed_us=143828 block_gets=0 block_puts=4 deleted=0
checkpoint_phase lsn=20312 phase=value_index_write slot=0 started_ns=1790163041555199000 ended_ns=1790163041555322292 elapsed_us=123 block_gets=0 block_puts=0 deleted=0
checkpoint_phase lsn=20312 phase=row_merge_write slot=0 started_ns=1790163041555338000 ended_ns=1790163041633192875 elapsed_us=77854 block_gets=0 block_puts=4 deleted=0
checkpoint_phase lsn=20312 phase=value_index_write slot=0 started_ns=1790163041633247000 ended_ns=1790163041633375084 elapsed_us=128 block_gets=0 block_puts=0 deleted=0
checkpoint_phase lsn=20312 phase=row_merge_write slot=0 started_ns=1790163041633386000 ended_ns=1790163041736043709 elapsed_us=102657 block_gets=0 block_puts=4 deleted=0
checkpoint_phase lsn=20312 phase=value_index_write slot=0 started_ns=1790163041736121000 ended_ns=1790163041765947000 elapsed_us=29826 block_gets=0 block_puts=1 deleted=0
checkpoint_phase lsn=20312 phase=row_merge_write slot=0 started_ns=1790163041765977000 ended_ns=1790163041827766834 elapsed_us=61789 block_gets=0 block_puts=4 deleted=0
checkpoint_phase lsn=20312 phase=value_index_write slot=0 started_ns=1790163041827816000 ended_ns=1790163041827934000 elapsed_us=118 block_gets=0 block_puts=0 deleted=0
checkpoint_phase lsn=20312 phase=row_merge_write slot=0 started_ns=1790163041827968000 ended_ns=1790163041890432042 elapsed_us=62464 block_gets=0 block_puts=4 deleted=0
checkpoint_phase lsn=20312 phase=value_index_write slot=0 started_ns=1790163041890478000 ended_ns=1790163041908420625 elapsed_us=17942 block_gets=0 block_puts=2 deleted=0
checkpoint_phase lsn=20312 phase=row_merge_write slot=0 started_ns=1790163041908470000 ended_ns=1790163041961170917 elapsed_us=52700 block_gets=0 block_puts=4 deleted=0
checkpoint_phase lsn=20312 phase=value_index_schedule slot=0 started_ns=1790163041961205000 ended_ns=1790163041961237500 elapsed_us=32 block_gets=0 block_puts=0 deleted=0
checkpoint_phase lsn=20312 phase=row_merge_write slot=0 started_ns=1790163041961262000 ended_ns=1790163042013803458 elapsed_us=52541 block_gets=0 block_puts=4 deleted=0
checkpoint_phase lsn=20312 phase=value_index_schedule slot=0 started_ns=1790163042013856000 ended_ns=1790163042014877917 elapsed_us=1021 block_gets=0 block_puts=0 deleted=0
checkpoint_phase lsn=20312 phase=row_merge_write slot=0 started_ns=1790163042014902000 ended_ns=1790163042066799250 elapsed_us=51897 block_gets=0 block_puts=4 deleted=0
checkpoint_phase lsn=20312 phase=value_index_schedule slot=0 started_ns=1790163042066837000 ended_ns=1790163042069429541 elapsed_us=2592 block_gets=0 block_puts=0 deleted=0
checkpoint_phase lsn=20312 phase=row_merge_write slot=0 started_ns=1790163042069500000 ended_ns=1790163042149802792 elapsed_us=80302 block_gets=0 block_puts=6 deleted=0
checkpoint_phase lsn=20312 phase=value_index_schedule slot=0 started_ns=1790163042149848000 ended_ns=1790163042151500042 elapsed_us=1652 block_gets=0 block_puts=0 deleted=0
checkpoint_phase lsn=20312 phase=value_index_schedule slot=0 started_ns=1790163042151539000 ended_ns=1790163042154698000 elapsed_us=3159 block_gets=0 block_puts=0 deleted=0
checkpoint_phase lsn=20312 phase=value_index_schedule slot=0 started_ns=1790163042154724000 ended_ns=1790163042158332000 elapsed_us=3608 block_gets=0 block_puts=0 deleted=0
checkpoint_phase lsn=20312 phase=value_index_schedule slot=0 started_ns=1790163042158355000 ended_ns=1790163042164214750 elapsed_us=5859 block_gets=0 block_puts=0 deleted=0
checkpoint_phase lsn=20312 phase=value_index_schedule slot=0 started_ns=1790163042164242000 ended_ns=1790163042164270084 elapsed_us=28 block_gets=0 block_puts=0 deleted=0
checkpoint_phase lsn=20312 phase=value_index_schedule slot=0 started_ns=1790163042164276000 ended_ns=1790163042164323875 elapsed_us=47 block_gets=0 block_puts=0 deleted=0
checkpoint_phase lsn=20312 phase=value_index_schedule slot=0 started_ns=1790163042164350000 ended_ns=1790163042164406083 elapsed_us=56 block_gets=0 block_puts=0 deleted=0
checkpoint_phase lsn=20312 phase=value_index_schedule slot=0 started_ns=1790163042164447000 ended_ns=1790163042174161666 elapsed_us=9714 block_gets=0 block_puts=1 deleted=0
checkpoint_phase lsn=20312 phase=value_index_schedule slot=0 started_ns=1790163042174192000 ended_ns=1790163042174270500 elapsed_us=78 block_gets=0 block_puts=0 deleted=0
checkpoint_phase lsn=20312 phase=value_index_schedule slot=0 started_ns=1790163042174292000 ended_ns=1790163042196264666 elapsed_us=21972 block_gets=0 block_puts=4 deleted=0
checkpoint_phase lsn=20312 phase=value_index_schedule slot=0 started_ns=1790163042196297000 ended_ns=1790163042200624417 elapsed_us=4327 block_gets=0 block_puts=0 deleted=0
checkpoint_phase lsn=20312 phase=value_index_schedule slot=0 started_ns=1790163042200642000 ended_ns=1790163042205295500 elapsed_us=4653 block_gets=0 block_puts=0 deleted=0
checkpoint_phase lsn=20312 phase=value_index_schedule slot=0 started_ns=1790163042205318000 ended_ns=1790163042209334709 elapsed_us=4016 block_gets=0 block_puts=0 deleted=0
checkpoint_phase lsn=20312 phase=value_index_schedule slot=0 started_ns=1790163042209357000 ended_ns=1790163042213177042 elapsed_us=3820 block_gets=0 block_puts=0 deleted=0
checkpoint_phase lsn=20312 phase=value_index_schedule slot=0 started_ns=1790163042213198000 ended_ns=1790163042214589709 elapsed_us=1391 block_gets=0 block_puts=0 deleted=0
checkpoint_phase lsn=20312 phase=value_index_schedule slot=0 started_ns=1790163042214609000 ended_ns=1790163042214636542 elapsed_us=27 block_gets=0 block_puts=0 deleted=0
checkpoint_phase lsn=20312 phase=value_index_schedule slot=0 started_ns=1790163042214643000 ended_ns=1790163042214692583 elapsed_us=49 block_gets=0 block_puts=0 deleted=0
checkpoint_phase lsn=20312 phase=value_index_schedule slot=0 started_ns=1790163042214702000 ended_ns=1790163042214725166 elapsed_us=23 block_gets=0 block_puts=0 deleted=0
checkpoint_phase lsn=20312 phase=value_index_schedule slot=0 started_ns=1790163042214732000 ended_ns=1790163042224487584 elapsed_us=9755 block_gets=0 block_puts=1 deleted=0
checkpoint_phase lsn=20312 phase=value_index_schedule slot=0 started_ns=1790163042224528000 ended_ns=1790163042243676583 elapsed_us=19148 block_gets=0 block_puts=4 deleted=0
checkpoint_phase lsn=20312 phase=value_index_schedule slot=0 started_ns=1790163042243706000 ended_ns=1790163042244898791 elapsed_us=1192 block_gets=0 block_puts=0 deleted=0
checkpoint_phase lsn=20312 phase=value_index_schedule slot=0 started_ns=1790163042244924000 ended_ns=1790163042245115250 elapsed_us=191 block_gets=0 block_puts=0 deleted=0
checkpoint_phase lsn=20312 phase=value_index_schedule slot=0 started_ns=1790163042245157000 ended_ns=1790163042245275375 elapsed_us=118 block_gets=0 block_puts=0 deleted=0
checkpoint_phase lsn=20312 phase=value_index_schedule slot=0 started_ns=1790163042245284000 ended_ns=1790163042245385958 elapsed_us=101 block_gets=0 block_puts=0 deleted=0
checkpoint_phase lsn=20312 phase=value_index_schedule slot=0 started_ns=1790163042245403000 ended_ns=1790163042255336792 elapsed_us=9933 block_gets=0 block_puts=1 deleted=0
checkpoint_phase lsn=20312 phase=value_index_schedule slot=0 started_ns=1790163042255405000 ended_ns=1790163042255742583 elapsed_us=337 block_gets=0 block_puts=0 deleted=0
checkpoint_phase lsn=20312 phase=value_index_schedule slot=0 started_ns=1790163042255773000 ended_ns=1790163042256157667 elapsed_us=384 block_gets=0 block_puts=0 deleted=0
checkpoint_phase lsn=20312 phase=value_index_schedule slot=0 started_ns=1790163042256174000 ended_ns=1790163042256383959 elapsed_us=209 block_gets=0 block_puts=0 deleted=0
checkpoint_phase lsn=20312 phase=value_index_schedule slot=0 started_ns=1790163042256399000 ended_ns=1790163042270614000 elapsed_us=14215 block_gets=0 block_puts=1 deleted=0
checkpoint_phase lsn=20312 phase=value_index_schedule slot=0 started_ns=1790163042270641000 ended_ns=1790163042270770166 elapsed_us=129 block_gets=0 block_puts=0 deleted=0
checkpoint_phase lsn=20312 phase=value_index_schedule slot=0 started_ns=1790163042270784000 ended_ns=1790163042270816625 elapsed_us=32 block_gets=0 block_puts=0 deleted=0
checkpoint_phase lsn=20312 phase=value_index_schedule slot=0 started_ns=1790163042270823000 ended_ns=1790163042305251417 elapsed_us=34428 block_gets=0 block_puts=4 deleted=0
checkpoint_phase lsn=20312 phase=value_index_schedule slot=0 started_ns=1790163042305314000 ended_ns=1790163042305314250 elapsed_us=0 block_gets=0 block_puts=0 deleted=0
checkpoint_phase lsn=20312 phase=value_index_write slot=0 started_ns=1790163042305323000 ended_ns=1790163042305592667 elapsed_us=269 block_gets=0 block_puts=0 deleted=0
checkpoint_phase lsn=20312 phase=value_index_write slot=0 started_ns=1790163042305613000 ended_ns=1790163042305692375 elapsed_us=79 block_gets=0 block_puts=0 deleted=0
checkpoint_phase lsn=20312 phase=value_index_write slot=0 started_ns=1790163042305719000 ended_ns=1790163042305814584 elapsed_us=95 block_gets=0 block_puts=0 deleted=0
checkpoint_phase lsn=20312 phase=value_index_write slot=0 started_ns=1790163042305820000 ended_ns=1790163042306082792 elapsed_us=262 block_gets=0 block_puts=0 deleted=0
checkpoint_phase lsn=20312 phase=value_index_write slot=0 started_ns=1790163042306095000 ended_ns=1790163042306207209 elapsed_us=112 block_gets=0 block_puts=0 deleted=0
checkpoint_phase lsn=20312 phase=value_index_write slot=0 started_ns=1790163042306229000 ended_ns=1790163042306325875 elapsed_us=96 block_gets=0 block_puts=0 deleted=0
checkpoint_phase lsn=20312 phase=value_index_write slot=0 started_ns=1790163042306335000 ended_ns=1790163042306486917 elapsed_us=151 block_gets=0 block_puts=0 deleted=0
checkpoint_phase lsn=20312 phase=value_index_write slot=0 started_ns=1790163042306494000 ended_ns=1790163042331267792 elapsed_us=24773 block_gets=0 block_puts=1 deleted=0
checkpoint_phase lsn=20312 phase=value_index_write slot=0 started_ns=1790163042331308000 ended_ns=1790163042331545667 elapsed_us=237 block_gets=0 block_puts=0 deleted=0
checkpoint_phase lsn=20312 phase=value_index_write slot=0 started_ns=1790163042331578000 ended_ns=1790163042364013959 elapsed_us=32435 block_gets=0 block_puts=2 deleted=0
checkpoint_phase lsn=20312 phase=value_index_schedule slot=0 started_ns=1790163042364066000 ended_ns=1790163042364069375 elapsed_us=3 block_gets=0 block_puts=0 deleted=0
checkpoint_phase lsn=20312 phase=value_index_schedule slot=0 started_ns=1790163042364090000 ended_ns=1790163042365128834 elapsed_us=1038 block_gets=0 block_puts=0 deleted=0
checkpoint_phase lsn=20312 phase=value_index_schedule slot=0 started_ns=1790163042365146000 ended_ns=1790163042366750458 elapsed_us=1604 block_gets=0 block_puts=0 deleted=0
checkpoint_phase lsn=20312 phase=value_index_schedule slot=0 started_ns=1790163042366770000 ended_ns=1790163042368494208 elapsed_us=1724 block_gets=0 block_puts=0 deleted=0
checkpoint_phase lsn=20312 phase=value_index_schedule slot=0 started_ns=1790163042368527000 ended_ns=1790163042373015500 elapsed_us=4488 block_gets=0 block_puts=0 deleted=0
checkpoint_phase lsn=20312 phase=value_index_schedule slot=0 started_ns=1790163042373049000 ended_ns=1790163042384906000 elapsed_us=11857 block_gets=0 block_puts=0 deleted=0
checkpoint_phase lsn=20312 phase=value_index_schedule slot=0 started_ns=1790163042384993000 ended_ns=1790163042385043417 elapsed_us=50 block_gets=0 block_puts=0 deleted=0
checkpoint_phase lsn=20312 phase=value_index_schedule slot=0 started_ns=1790163042385055000 ended_ns=1790163042385101791 elapsed_us=46 block_gets=0 block_puts=0 deleted=0
checkpoint_phase lsn=20312 phase=value_index_schedule slot=0 started_ns=1790163042385157000 ended_ns=1790163042385185875 elapsed_us=28 block_gets=0 block_puts=0 deleted=0
checkpoint_phase lsn=20312 phase=value_index_schedule slot=0 started_ns=1790163042385196000 ended_ns=1790163042402719459 elapsed_us=17523 block_gets=0 block_puts=1 deleted=0
checkpoint_phase lsn=20312 phase=value_index_schedule slot=0 started_ns=1790163042402748000 ended_ns=1790163042431112291 elapsed_us=28364 block_gets=0 block_puts=4 deleted=0
checkpoint_phase lsn=20312 phase=value_index_schedule slot=0 started_ns=1790163042431139000 ended_ns=1790163042435838208 elapsed_us=4699 block_gets=0 block_puts=0 deleted=0
checkpoint_phase lsn=20312 phase=value_index_schedule slot=0 started_ns=1790163042435860000 ended_ns=1790163042440318125 elapsed_us=4458 block_gets=0 block_puts=0 deleted=0
checkpoint_phase lsn=20312 phase=value_index_schedule slot=0 started_ns=1790163042440366000 ended_ns=1790163042445387291 elapsed_us=5021 block_gets=0 block_puts=0 deleted=0
checkpoint_phase lsn=20312 phase=value_index_schedule slot=0 started_ns=1790163042445415000 ended_ns=1790163042450066500 elapsed_us=4651 block_gets=0 block_puts=0 deleted=0
checkpoint_phase lsn=20312 phase=value_index_schedule slot=0 started_ns=1790163042450092000 ended_ns=1790163042452969709 elapsed_us=2877 block_gets=0 block_puts=0 deleted=0
checkpoint_phase lsn=20312 phase=value_index_schedule slot=0 started_ns=1790163042452993000 ended_ns=1790163042453023209 elapsed_us=30 block_gets=0 block_puts=0 deleted=0
checkpoint_phase lsn=20312 phase=value_index_schedule slot=0 started_ns=1790163042453029000 ended_ns=1790163042453052166 elapsed_us=23 block_gets=0 block_puts=0 deleted=0
checkpoint_phase lsn=20312 phase=value_index_schedule slot=0 started_ns=1790163042453060000 ended_ns=1790163042453083125 elapsed_us=23 block_gets=0 block_puts=0 deleted=0
checkpoint_phase lsn=20312 phase=value_index_schedule slot=0 started_ns=1790163042453087000 ended_ns=1790163042476460542 elapsed_us=23373 block_gets=0 block_puts=1 deleted=0
checkpoint_phase lsn=20312 phase=value_index_schedule slot=0 started_ns=1790163042476488000 ended_ns=1790163042496041667 elapsed_us=19553 block_gets=0 block_puts=4 deleted=0
checkpoint_phase lsn=20312 phase=value_index_schedule slot=0 started_ns=1790163042496092000 ended_ns=1790163042497371916 elapsed_us=1279 block_gets=0 block_puts=0 deleted=0
checkpoint_phase lsn=20312 phase=value_index_schedule slot=0 started_ns=1790163042497397000 ended_ns=1790163042497579542 elapsed_us=182 block_gets=0 block_puts=0 deleted=0
checkpoint_phase lsn=20312 phase=value_index_schedule slot=0 started_ns=1790163042497594000 ended_ns=1790163042497834666 elapsed_us=240 block_gets=0 block_puts=0 deleted=0
checkpoint_phase lsn=20312 phase=value_index_schedule slot=0 started_ns=1790163042497845000 ended_ns=1790163042498085542 elapsed_us=240 block_gets=0 block_puts=0 deleted=0
checkpoint_phase lsn=20312 phase=value_index_schedule slot=0 started_ns=1790163042498095000 ended_ns=1790163042522198250 elapsed_us=24103 block_gets=0 block_puts=1 deleted=0
checkpoint_phase lsn=20312 phase=value_index_schedule slot=0 started_ns=1790163042522223000 ended_ns=1790163042522557333 elapsed_us=334 block_gets=0 block_puts=0 deleted=0
checkpoint_phase lsn=20312 phase=value_index_schedule slot=0 started_ns=1790163042522567000 ended_ns=1790163042523163000 elapsed_us=596 block_gets=0 block_puts=0 deleted=0
checkpoint_phase lsn=20312 phase=value_index_schedule slot=0 started_ns=1790163042523198000 ended_ns=1790163042545556542 elapsed_us=22358 block_gets=0 block_puts=1 deleted=0
checkpoint_phase lsn=20312 phase=value_index_schedule slot=0 started_ns=1790163042545588000 ended_ns=1790163042545866209 elapsed_us=278 block_gets=0 block_puts=0 deleted=0
checkpoint_phase lsn=20312 phase=value_index_schedule slot=0 started_ns=1790163042545907000 ended_ns=1790163042546014250 elapsed_us=107 block_gets=0 block_puts=0 deleted=0
checkpoint_phase lsn=20312 phase=value_index_schedule slot=0 started_ns=1790163042546027000 ended_ns=1790163042605419583 elapsed_us=59392 block_gets=0 block_puts=4 deleted=0
checkpoint_phase lsn=20312 phase=value_index_schedule slot=0 started_ns=1790163042605458000 ended_ns=1790163042609948459 elapsed_us=4490 block_gets=0 block_puts=0 deleted=0
checkpoint_phase lsn=20312 phase=value_index_schedule slot=0 started_ns=1790163042609974000 ended_ns=1790163042610434625 elapsed_us=460 block_gets=0 block_puts=0 deleted=0
checkpoint_phase lsn=20312 phase=value_index_schedule slot=0 started_ns=1790163042610455000 ended_ns=1790163042610483792 elapsed_us=28 block_gets=0 block_puts=0 deleted=0
checkpoint_phase lsn=20312 phase=value_index_schedule slot=0 started_ns=1790163042610492000 ended_ns=1790163042652775500 elapsed_us=42283 block_gets=0 block_puts=4 deleted=0
checkpoint_phase lsn=20312 phase=value_index_schedule slot=0 started_ns=1790163042652805000 ended_ns=1790163042652805292 elapsed_us=0 block_gets=0 block_puts=0 deleted=0
checkpoint_phase lsn=20312 phase=value_index_schedule slot=0 started_ns=1790163042652835000 ended_ns=1790163042653010541 elapsed_us=175 block_gets=0 block_puts=0 deleted=0
checkpoint_phase lsn=20312 phase=value_index_schedule slot=0 started_ns=1790163042653029000 ended_ns=1790163042653457708 elapsed_us=428 block_gets=0 block_puts=0 deleted=0
checkpoint_phase lsn=20312 phase=value_index_schedule slot=0 started_ns=1790163042653466000 ended_ns=1790163042654190833 elapsed_us=724 block_gets=0 block_puts=0 deleted=0
checkpoint_phase lsn=20312 phase=value_index_schedule slot=0 started_ns=1790163042654209000 ended_ns=1790163042654652583 elapsed_us=443 block_gets=0 block_puts=0 deleted=0
checkpoint_phase lsn=20312 phase=value_index_schedule slot=0 started_ns=1790163042654666000 ended_ns=1790163042665773625 elapsed_us=11107 block_gets=0 block_puts=1 deleted=0
checkpoint_phase lsn=20312 phase=value_index_schedule slot=0 started_ns=1790163042665803000 ended_ns=1790163042666295000 elapsed_us=492 block_gets=0 block_puts=0 deleted=0
checkpoint_phase lsn=20312 phase=value_index_schedule slot=0 started_ns=1790163042666306000 ended_ns=1790163042666935084 elapsed_us=629 block_gets=0 block_puts=0 deleted=0
checkpoint_phase lsn=20312 phase=value_index_schedule slot=0 started_ns=1790163042666980000 ended_ns=1790163042678181250 elapsed_us=11201 block_gets=0 block_puts=1 deleted=0
checkpoint_phase lsn=20312 phase=value_index_schedule slot=0 started_ns=1790163042678208000 ended_ns=1790163042678622417 elapsed_us=414 block_gets=0 block_puts=0 deleted=0
checkpoint_phase lsn=20312 phase=value_index_schedule slot=0 started_ns=1790163042678635000 ended_ns=1790163042678833000 elapsed_us=198 block_gets=0 block_puts=0 deleted=0
checkpoint_phase lsn=20312 phase=value_index_schedule slot=0 started_ns=1790163042678843000 ended_ns=1790163042689535500 elapsed_us=10692 block_gets=0 block_puts=1 deleted=0
checkpoint_phase lsn=20312 phase=value_index_schedule slot=0 started_ns=1790163042689560000 ended_ns=1790163042715848458 elapsed_us=26288 block_gets=0 block_puts=4 deleted=0
checkpoint_phase lsn=20312 phase=value_index_schedule slot=0 started_ns=1790163042715885000 ended_ns=1790163042715885333 elapsed_us=0 block_gets=0 block_puts=0 deleted=0
checkpoint_phase lsn=20312 phase=value_index_write slot=0 started_ns=1790163042715897000 ended_ns=1790163042716511542 elapsed_us=614 block_gets=0 block_puts=0 deleted=0
checkpoint_phase lsn=20312 phase=value_index_write slot=0 started_ns=1790163042716531000 ended_ns=1790163042716808666 elapsed_us=277 block_gets=0 block_puts=0 deleted=0
checkpoint_phase lsn=20312 phase=value_index_write slot=0 started_ns=1790163042716824000 ended_ns=1790163042717037000 elapsed_us=213 block_gets=0 block_puts=0 deleted=0
checkpoint_phase lsn=20312 phase=value_index_write slot=0 started_ns=1790163042717047000 ended_ns=1790163042717504625 elapsed_us=457 block_gets=0 block_puts=0 deleted=0
checkpoint_phase lsn=20312 phase=value_index_write slot=0 started_ns=1790163042717575000 ended_ns=1790163042717753250 elapsed_us=178 block_gets=0 block_puts=0 deleted=0
checkpoint_phase lsn=20312 phase=value_index_write slot=0 started_ns=1790163042717772000 ended_ns=1790163042752239125 elapsed_us=34467 block_gets=0 block_puts=1 deleted=0
checkpoint_phase lsn=20312 phase=value_index_write slot=0 started_ns=1790163042752269000 ended_ns=1790163042752606875 elapsed_us=337 block_gets=0 block_puts=0 deleted=0
checkpoint_phase lsn=20312 phase=value_index_write slot=0 started_ns=1790163042752641000 ended_ns=1790163042752798292 elapsed_us=157 block_gets=0 block_puts=0 deleted=0
checkpoint_phase lsn=20312 phase=value_index_write slot=0 started_ns=1790163042752808000 ended_ns=1790163042753125875 elapsed_us=317 block_gets=0 block_puts=0 deleted=0
checkpoint_phase lsn=20312 phase=value_index_write slot=0 started_ns=1790163042753137000 ended_ns=1790163042784379291 elapsed_us=31242 block_gets=0 block_puts=2 deleted=0
checkpoint_phase lsn=20312 phase=value_index_schedule slot=0 started_ns=1790163042784409000 ended_ns=1790163042784412667 elapsed_us=3 block_gets=0 block_puts=0 deleted=0
checkpoint_phase lsn=20312 phase=value_index_schedule slot=0 started_ns=1790163042784421000 ended_ns=1790163042785406542 elapsed_us=985 block_gets=0 block_puts=0 deleted=0
checkpoint_phase lsn=20312 phase=value_index_schedule slot=0 started_ns=1790163042785428000 ended_ns=1790163042787508584 elapsed_us=2080 block_gets=0 block_puts=0 deleted=0
checkpoint_phase lsn=20312 phase=value_index_schedule slot=0 started_ns=1790163042787529000 ended_ns=1790163042790152542 elapsed_us=2623 block_gets=0 block_puts=0 deleted=0
checkpoint_phase lsn=20312 phase=value_index_schedule slot=0 started_ns=1790163042790183000 ended_ns=1790163042794187542 elapsed_us=4004 block_gets=0 block_puts=0 deleted=0
checkpoint_phase lsn=20312 phase=value_index_schedule slot=0 started_ns=1790163042794209000 ended_ns=1790163042808476333 elapsed_us=14267 block_gets=0 block_puts=0 deleted=0
checkpoint_phase lsn=20312 phase=value_index_schedule slot=0 started_ns=1790163042808514000 ended_ns=1790163042808558625 elapsed_us=44 block_gets=0 block_puts=0 deleted=0
checkpoint_phase lsn=20312 phase=value_index_schedule slot=0 started_ns=1790163042808575000 ended_ns=1790163042808603042 elapsed_us=28 block_gets=0 block_puts=0 deleted=0
checkpoint_phase lsn=20312 phase=value_index_schedule slot=0 started_ns=1790163042808609000 ended_ns=1790163042808633333 elapsed_us=24 block_gets=0 block_puts=0 deleted=0
checkpoint_phase lsn=20312 phase=value_index_schedule slot=0 started_ns=1790163042808640000 ended_ns=1790163042823040125 elapsed_us=14400 block_gets=0 block_puts=1 deleted=0
checkpoint_phase lsn=20312 phase=value_index_schedule slot=0 started_ns=1790163042823065000 ended_ns=1790163042863710291 elapsed_us=40645 block_gets=0 block_puts=4 deleted=0
checkpoint_phase lsn=20312 phase=value_index_schedule slot=0 started_ns=1790163042863742000 ended_ns=1790163042868647000 elapsed_us=4905 block_gets=0 block_puts=0 deleted=0
checkpoint_phase lsn=20312 phase=value_index_schedule slot=0 started_ns=1790163042868671000 ended_ns=1790163042873415875 elapsed_us=4744 block_gets=0 block_puts=0 deleted=0
checkpoint_phase lsn=20312 phase=value_index_schedule slot=0 started_ns=1790163042873452000 ended_ns=1790163042878316084 elapsed_us=4864 block_gets=0 block_puts=0 deleted=0
checkpoint_phase lsn=20312 phase=value_index_schedule slot=0 started_ns=1790163042878382000 ended_ns=1790163042882905458 elapsed_us=4523 block_gets=0 block_puts=0 deleted=0
checkpoint_phase lsn=20312 phase=value_index_schedule slot=0 started_ns=1790163042882935000 ended_ns=1790163042885364375 elapsed_us=2429 block_gets=0 block_puts=0 deleted=0
checkpoint_phase lsn=20312 phase=value_index_schedule slot=0 started_ns=1790163042885419000 ended_ns=1790163042885471000 elapsed_us=52 block_gets=0 block_puts=0 deleted=0
checkpoint_phase lsn=20312 phase=value_index_schedule slot=0 started_ns=1790163042885503000 ended_ns=1790163042885582042 elapsed_us=79 block_gets=0 block_puts=0 deleted=0
checkpoint_phase lsn=20312 phase=value_index_schedule slot=0 started_ns=1790163042885645000 ended_ns=1790163042885670084 elapsed_us=25 block_gets=0 block_puts=0 deleted=0
checkpoint_phase lsn=20312 phase=value_index_schedule slot=0 started_ns=1790163042885676000 ended_ns=1790163042899631625 elapsed_us=13955 block_gets=0 block_puts=1 deleted=0
checkpoint_phase lsn=20312 phase=value_index_schedule slot=0 started_ns=1790163042899660000 ended_ns=1790163042920426667 elapsed_us=20766 block_gets=0 block_puts=4 deleted=0
checkpoint_phase lsn=20312 phase=value_index_schedule slot=0 started_ns=1790163042920457000 ended_ns=1790163042921792375 elapsed_us=1335 block_gets=0 block_puts=0 deleted=0
checkpoint_phase lsn=20312 phase=value_index_schedule slot=0 started_ns=1790163042921806000 ended_ns=1790163042922271917 elapsed_us=465 block_gets=0 block_puts=0 deleted=0
checkpoint_phase lsn=20312 phase=value_index_schedule slot=0 started_ns=1790163042922290000 ended_ns=1790163042922527625 elapsed_us=237 block_gets=0 block_puts=0 deleted=0
checkpoint_phase lsn=20312 phase=value_index_schedule slot=0 started_ns=1790163042922544000 ended_ns=1790163042922967125 elapsed_us=423 block_gets=0 block_puts=0 deleted=0
checkpoint_phase lsn=20312 phase=value_index_schedule slot=0 started_ns=1790163042922982000 ended_ns=1790163042939371333 elapsed_us=16389 block_gets=0 block_puts=1 deleted=0
checkpoint_phase lsn=20312 phase=value_index_schedule slot=0 started_ns=1790163042939419000 ended_ns=1790163042940171625 elapsed_us=752 block_gets=0 block_puts=0 deleted=0
checkpoint_phase lsn=20312 phase=value_index_schedule slot=0 started_ns=1790163042940199000 ended_ns=1790163042940962959 elapsed_us=763 block_gets=0 block_puts=0 deleted=0
checkpoint_phase lsn=20312 phase=value_index_schedule slot=0 started_ns=1790163042940987000 ended_ns=1790163042960114708 elapsed_us=19127 block_gets=0 block_puts=1 deleted=0
checkpoint_phase lsn=20312 phase=value_index_schedule slot=0 started_ns=1790163042960141000 ended_ns=1790163042960686375 elapsed_us=545 block_gets=0 block_puts=0 deleted=0
checkpoint_phase lsn=20312 phase=value_index_schedule slot=0 started_ns=1790163042960706000 ended_ns=1790163042960735584 elapsed_us=29 block_gets=0 block_puts=0 deleted=0
checkpoint_phase lsn=20312 phase=value_index_schedule slot=0 started_ns=1790163042960742000 ended_ns=1790163043009698709 elapsed_us=48956 block_gets=0 block_puts=4 deleted=0
checkpoint_phase lsn=20312 phase=value_index_schedule slot=0 started_ns=1790163043009732000 ended_ns=1790163043014067958 elapsed_us=4335 block_gets=0 block_puts=0 deleted=0
checkpoint_phase lsn=20312 phase=value_index_schedule slot=0 started_ns=1790163043014101000 ended_ns=1790163043015127125 elapsed_us=1026 block_gets=0 block_puts=0 deleted=0
checkpoint_phase lsn=20312 phase=value_index_schedule slot=0 started_ns=1790163043015145000 ended_ns=1790163043015174041 elapsed_us=29 block_gets=0 block_puts=0 deleted=0
checkpoint_phase lsn=20312 phase=value_index_schedule slot=0 started_ns=1790163043015183000 ended_ns=1790163043045203541 elapsed_us=30020 block_gets=0 block_puts=4 deleted=0
checkpoint_phase lsn=20312 phase=value_index_schedule slot=0 started_ns=1790163043045231000 ended_ns=1790163043045231417 elapsed_us=0 block_gets=0 block_puts=0 deleted=0
checkpoint_phase lsn=20312 phase=value_index_schedule slot=0 started_ns=1790163043045237000 ended_ns=1790163043045512250 elapsed_us=275 block_gets=0 block_puts=0 deleted=0
checkpoint_phase lsn=20312 phase=value_index_schedule slot=0 started_ns=1790163043045520000 ended_ns=1790163043046045291 elapsed_us=525 block_gets=0 block_puts=0 deleted=0
checkpoint_phase lsn=20312 phase=value_index_schedule slot=0 started_ns=1790163043046069000 ended_ns=1790163043046459875 elapsed_us=390 block_gets=0 block_puts=0 deleted=0
checkpoint_phase lsn=20312 phase=value_index_schedule slot=0 started_ns=1790163043046472000 ended_ns=1790163043047390667 elapsed_us=918 block_gets=0 block_puts=0 deleted=0
checkpoint_phase lsn=20312 phase=value_index_schedule slot=0 started_ns=1790163043047440000 ended_ns=1790163043064314291 elapsed_us=16874 block_gets=0 block_puts=1 deleted=0
checkpoint_phase lsn=20312 phase=value_index_schedule slot=0 started_ns=1790163043064341000 ended_ns=1790163043064749125 elapsed_us=408 block_gets=0 block_puts=0 deleted=0
checkpoint_phase lsn=20312 phase=value_index_schedule slot=0 started_ns=1790163043064766000 ended_ns=1790163043065272500 elapsed_us=506 block_gets=0 block_puts=0 deleted=0
checkpoint_phase lsn=20312 phase=value_index_schedule slot=0 started_ns=1790163043065287000 ended_ns=1790163043087356875 elapsed_us=22069 block_gets=0 block_puts=1 deleted=0
checkpoint_phase lsn=20312 phase=value_index_schedule slot=0 started_ns=1790163043087402000 ended_ns=1790163043087776208 elapsed_us=374 block_gets=0 block_puts=0 deleted=0
checkpoint_phase lsn=20312 phase=value_index_schedule slot=0 started_ns=1790163043087794000 ended_ns=1790163043087980416 elapsed_us=186 block_gets=0 block_puts=0 deleted=0
checkpoint_phase lsn=20312 phase=value_index_schedule slot=0 started_ns=1790163043087995000 ended_ns=1790163043101688000 elapsed_us=13693 block_gets=0 block_puts=1 deleted=0
checkpoint_phase lsn=20312 phase=value_index_schedule slot=0 started_ns=1790163043101713000 ended_ns=1790163043124786792 elapsed_us=23073 block_gets=0 block_puts=4 deleted=0
checkpoint_phase lsn=20312 phase=value_index_schedule slot=0 started_ns=1790163043124816000 ended_ns=1790163043124816250 elapsed_us=0 block_gets=0 block_puts=0 deleted=0
checkpoint_phase lsn=20312 phase=value_index_write slot=0 started_ns=1790163043124828000 ended_ns=1790163043152429417 elapsed_us=27601 block_gets=0 block_puts=4 deleted=0
checkpoint_phase lsn=20312 phase=value_index_write slot=0 started_ns=1790163043152458000 ended_ns=1790163043194304333 elapsed_us=41846 block_gets=0 block_puts=4 deleted=0
checkpoint_phase lsn=20312 phase=value_index_write slot=0 started_ns=1790163043194337000 ended_ns=1790163043240245083 elapsed_us=45908 block_gets=0 block_puts=4 deleted=0
checkpoint_phase lsn=20312 phase=value_index_write slot=0 started_ns=1790163043240317000 ended_ns=1790163043268705541 elapsed_us=28388 block_gets=0 block_puts=4 deleted=0
checkpoint_phase lsn=20312 phase=value_index_write slot=0 started_ns=1790163043268729000 ended_ns=1790163043290931916 elapsed_us=22202 block_gets=0 block_puts=4 deleted=0
checkpoint_phase lsn=20312 phase=value_index_write slot=0 started_ns=1790163043290960000 ended_ns=1790163043314515167 elapsed_us=23555 block_gets=0 block_puts=4 deleted=0
checkpoint_phase lsn=20312 phase=value_index_write slot=0 started_ns=1790163043314541000 ended_ns=1790163043339893416 elapsed_us=25352 block_gets=0 block_puts=4 deleted=0
checkpoint_phase lsn=20312 phase=value_index_write slot=0 started_ns=1790163043339921000 ended_ns=1790163043371865667 elapsed_us=31944 block_gets=0 block_puts=4 deleted=0
checkpoint_phase lsn=20312 phase=value_index_write slot=0 started_ns=1790163043371901000 ended_ns=1790163043404113041 elapsed_us=32212 block_gets=0 block_puts=4 deleted=0
checkpoint_phase lsn=20312 phase=value_index_write slot=0 started_ns=1790163043404166000 ended_ns=1790163043432427833 elapsed_us=28261 block_gets=0 block_puts=4 deleted=0
checkpoint_phase lsn=20312 phase=value_index_write slot=0 started_ns=1790163043432454000 ended_ns=1790163043462767833 elapsed_us=30313 block_gets=0 block_puts=4 deleted=0
checkpoint_phase lsn=20312 phase=value_index_write slot=0 started_ns=1790163043462793000 ended_ns=1790163043473938625 elapsed_us=11145 block_gets=0 block_puts=4 deleted=0
checkpoint_phase lsn=20312 phase=value_index_write slot=0 started_ns=1790163043473960000 ended_ns=1790163043483324625 elapsed_us=9364 block_gets=0 block_puts=4 deleted=0
checkpoint_phase lsn=20312 phase=value_index_write slot=0 started_ns=1790163043483345000 ended_ns=1790163043495377708 elapsed_us=12032 block_gets=0 block_puts=4 deleted=0
checkpoint_phase lsn=20312 phase=value_index_write slot=0 started_ns=1790163043495402000 ended_ns=1790163043513582500 elapsed_us=18180 block_gets=0 block_puts=5 deleted=0
checkpoint_phase lsn=20312 phase=value_index_schedule slot=0 started_ns=1790163043513630000 ended_ns=1790163043513633708 elapsed_us=3 block_gets=0 block_puts=0 deleted=0
checkpoint_phase lsn=20312 phase=value_index_schedule slot=0 started_ns=1790163043513640000 ended_ns=1790163043514631958 elapsed_us=991 block_gets=0 block_puts=0 deleted=0
checkpoint_phase lsn=20312 phase=value_index_schedule slot=0 started_ns=1790163043514652000 ended_ns=1790163043516204750 elapsed_us=1552 block_gets=0 block_puts=0 deleted=0
checkpoint_phase lsn=20312 phase=value_index_schedule slot=0 started_ns=1790163043516223000 ended_ns=1790163043517511041 elapsed_us=1288 block_gets=0 block_puts=0 deleted=0
checkpoint_phase lsn=20312 phase=value_index_schedule slot=0 started_ns=1790163043517525000 ended_ns=1790163043530786333 elapsed_us=13261 block_gets=0 block_puts=0 deleted=0
checkpoint_phase lsn=20312 phase=value_index_schedule slot=0 started_ns=1790163043530813000 ended_ns=1790163043530841667 elapsed_us=28 block_gets=0 block_puts=0 deleted=0
checkpoint_phase lsn=20312 phase=value_index_schedule slot=0 started_ns=1790163043530850000 ended_ns=1790163043530872583 elapsed_us=22 block_gets=0 block_puts=0 deleted=0
checkpoint_phase lsn=20312 phase=value_index_schedule slot=0 started_ns=1790163043530881000 ended_ns=1790163043539589875 elapsed_us=8708 block_gets=0 block_puts=1 deleted=0
checkpoint_phase lsn=20312 phase=value_index_schedule slot=0 started_ns=1790163043539607000 ended_ns=1790163043569541750 elapsed_us=29934 block_gets=0 block_puts=4 deleted=0
checkpoint_phase lsn=20312 phase=value_index_schedule slot=0 started_ns=1790163043569579000 ended_ns=1790163043572530292 elapsed_us=2951 block_gets=0 block_puts=0 deleted=0
checkpoint_phase lsn=20312 phase=value_index_schedule slot=0 started_ns=1790163043572551000 ended_ns=1790163043575430625 elapsed_us=2879 block_gets=0 block_puts=0 deleted=0
checkpoint_phase lsn=20312 phase=value_index_schedule slot=0 started_ns=1790163043575446000 ended_ns=1790163043578310792 elapsed_us=2864 block_gets=0 block_puts=0 deleted=0
checkpoint_phase lsn=20312 phase=value_index_schedule slot=0 started_ns=1790163043578334000 ended_ns=1790163043580361833 elapsed_us=2027 block_gets=0 block_puts=0 deleted=0
checkpoint_phase lsn=20312 phase=value_index_schedule slot=0 started_ns=1790163043580379000 ended_ns=1790163043580404833 elapsed_us=25 block_gets=0 block_puts=0 deleted=0
checkpoint_phase lsn=20312 phase=value_index_schedule slot=0 started_ns=1790163043580413000 ended_ns=1790163043580434416 elapsed_us=21 block_gets=0 block_puts=0 deleted=0
checkpoint_phase lsn=20312 phase=value_index_schedule slot=0 started_ns=1790163043580441000 ended_ns=1790163043588812375 elapsed_us=8371 block_gets=0 block_puts=1 deleted=0
checkpoint_phase lsn=20312 phase=value_index_schedule slot=0 started_ns=1790163043588833000 ended_ns=1790163043628921833 elapsed_us=40088 block_gets=0 block_puts=4 deleted=0
checkpoint_phase lsn=20312 phase=value_index_schedule slot=0 started_ns=1790163043628953000 ended_ns=1790163043630101125 elapsed_us=1148 block_gets=0 block_puts=0 deleted=0
checkpoint_phase lsn=20312 phase=value_index_schedule slot=0 started_ns=1790163043630124000 ended_ns=1790163043630444167 elapsed_us=320 block_gets=0 block_puts=0 deleted=0
checkpoint_phase lsn=20312 phase=value_index_schedule slot=0 started_ns=1790163043630452000 ended_ns=1790163043630913583 elapsed_us=461 block_gets=0 block_puts=0 deleted=0
checkpoint_phase lsn=20312 phase=value_index_schedule slot=0 started_ns=1790163043630922000 ended_ns=1790163043650328000 elapsed_us=19406 block_gets=0 block_puts=1 deleted=0
checkpoint_phase lsn=20312 phase=value_index_schedule slot=0 started_ns=1790163043650357000 ended_ns=1790163043650889709 elapsed_us=532 block_gets=0 block_puts=0 deleted=0
checkpoint_phase lsn=20312 phase=value_index_schedule slot=0 started_ns=1790163043660222000 ended_ns=1790163043660786083 elapsed_us=564 block_gets=0 block_puts=0 deleted=0
checkpoint_phase lsn=20312 phase=value_index_schedule slot=0 started_ns=1790163043665800000 ended_ns=1790163043688773625 elapsed_us=22973 block_gets=0 block_puts=1 deleted=0
checkpoint_phase lsn=20312 phase=value_index_schedule slot=0 started_ns=1790163043690725000 ended_ns=1790163043690922458 elapsed_us=197 block_gets=0 block_puts=0 deleted=0
checkpoint_phase lsn=20312 phase=value_index_schedule slot=0 started_ns=1790163043690937000 ended_ns=1790163043716233041 elapsed_us=25296 block_gets=0 block_puts=4 deleted=0
checkpoint_phase lsn=20312 phase=value_index_schedule slot=0 started_ns=1790163043716258000 ended_ns=1790163043719071750 elapsed_us=2813 block_gets=0 block_puts=0 deleted=0
checkpoint_phase lsn=20312 phase=value_index_schedule slot=0 started_ns=1790163043719085000 ended_ns=1790163043722081500 elapsed_us=2996 block_gets=0 block_puts=0 deleted=0
checkpoint_phase lsn=20312 phase=value_index_schedule slot=0 started_ns=1790163043722106000 ended_ns=1790163043725547125 elapsed_us=3441 block_gets=0 block_puts=0 deleted=0
checkpoint_phase lsn=20312 phase=value_index_schedule slot=0 started_ns=1790163043725560000 ended_ns=1790163043725585708 elapsed_us=25 block_gets=0 block_puts=0 deleted=0
checkpoint_phase lsn=20312 phase=value_index_schedule slot=0 started_ns=1790163043725590000 ended_ns=1790163043725611125 elapsed_us=21 block_gets=0 block_puts=0 deleted=0
checkpoint_phase lsn=20312 phase=value_index_schedule slot=0 started_ns=1790163043725615000 ended_ns=1790163043729971792 elapsed_us=4356 block_gets=0 block_puts=1 deleted=0
checkpoint_phase lsn=20312 phase=value_index_schedule slot=0 started_ns=1790163043729990000 ended_ns=1790163043736347333 elapsed_us=6357 block_gets=0 block_puts=4 deleted=0
checkpoint_phase lsn=20312 phase=value_index_schedule slot=0 started_ns=1790163043736369000 ended_ns=1790163043736369333 elapsed_us=0 block_gets=0 block_puts=0 deleted=0
checkpoint_phase lsn=20312 phase=value_index_schedule slot=0 started_ns=1790163043736373000 ended_ns=1790163043737179917 elapsed_us=806 block_gets=0 block_puts=0 deleted=0
checkpoint_phase lsn=20312 phase=value_index_schedule slot=0 started_ns=1790163043737187000 ended_ns=1790163043737726875 elapsed_us=539 block_gets=0 block_puts=0 deleted=0
checkpoint_phase lsn=20312 phase=value_index_schedule slot=0 started_ns=1790163043737732000 ended_ns=1790163043738347917 elapsed_us=615 block_gets=0 block_puts=0 deleted=0
checkpoint_phase lsn=20312 phase=value_index_schedule slot=0 started_ns=1790163043738374000 ended_ns=1790163043743245958 elapsed_us=4871 block_gets=0 block_puts=1 deleted=0
checkpoint_phase lsn=20312 phase=value_index_schedule slot=0 started_ns=1790163043743265000 ended_ns=1790163043743772584 elapsed_us=507 block_gets=0 block_puts=0 deleted=0
checkpoint_phase lsn=20312 phase=value_index_schedule slot=0 started_ns=1790163043743799000 ended_ns=1790163043744292834 elapsed_us=493 block_gets=0 block_puts=0 deleted=0
checkpoint_phase lsn=20312 phase=value_index_schedule slot=0 started_ns=1790163043744304000 ended_ns=1790163043751306833 elapsed_us=7002 block_gets=0 block_puts=1 deleted=0
checkpoint_phase lsn=20312 phase=value_index_schedule slot=0 started_ns=1790163043751327000 ended_ns=1790163043751656125 elapsed_us=329 block_gets=0 block_puts=0 deleted=0
checkpoint_phase lsn=20312 phase=value_index_schedule slot=0 started_ns=1790163043751666000 ended_ns=1790163043751979500 elapsed_us=313 block_gets=0 block_puts=0 deleted=0
checkpoint_phase lsn=20312 phase=value_index_schedule slot=0 started_ns=1790163043751988000 ended_ns=1790163043757415125 elapsed_us=5427 block_gets=0 block_puts=1 deleted=0
checkpoint_phase lsn=20312 phase=value_index_schedule slot=0 started_ns=1790163043757432000 ended_ns=1790163043757538833 elapsed_us=106 block_gets=0 block_puts=0 deleted=0
checkpoint_phase lsn=20312 phase=value_index_schedule slot=0 started_ns=1790163043757544000 ended_ns=1790163043767334250 elapsed_us=9790 block_gets=0 block_puts=4 deleted=0
checkpoint_phase lsn=20312 phase=value_index_schedule slot=0 started_ns=1790163043767352000 ended_ns=1790163043767352208 elapsed_us=0 block_gets=0 block_puts=0 deleted=0
checkpoint_phase lsn=20312 phase=value_index_write slot=0 started_ns=1790163043767358000 ended_ns=1790163043775521333 elapsed_us=8163 block_gets=0 block_puts=4 deleted=0
checkpoint_phase lsn=20312 phase=value_index_write slot=0 started_ns=1790163043775561000 ended_ns=1790163043788547000 elapsed_us=12986 block_gets=0 block_puts=4 deleted=0
checkpoint_phase lsn=20312 phase=value_index_write slot=0 started_ns=1790163043788566000 ended_ns=1790163043795611958 elapsed_us=7045 block_gets=0 block_puts=4 deleted=0
checkpoint_phase lsn=20312 phase=value_index_write slot=0 started_ns=1790163043795627000 ended_ns=1790163043805605292 elapsed_us=9978 block_gets=0 block_puts=4 deleted=0
checkpoint_phase lsn=20312 phase=value_index_write slot=0 started_ns=1790163043805623000 ended_ns=1790163043813309792 elapsed_us=7686 block_gets=0 block_puts=4 deleted=0
checkpoint_phase lsn=20312 phase=value_index_write slot=0 started_ns=1790163043813328000 ended_ns=1790163043819578459 elapsed_us=6250 block_gets=0 block_puts=4 deleted=0
checkpoint_phase lsn=20312 phase=value_index_write slot=0 started_ns=1790163043819594000 ended_ns=1790163043830234000 elapsed_us=10640 block_gets=0 block_puts=4 deleted=0
checkpoint_phase lsn=20312 phase=value_index_write slot=0 started_ns=1790163043830252000 ended_ns=1790163043836533209 elapsed_us=6281 block_gets=0 block_puts=4 deleted=0
checkpoint_phase lsn=20312 phase=value_index_write slot=0 started_ns=1790163043836547000 ended_ns=1790163043843442334 elapsed_us=6895 block_gets=0 block_puts=4 deleted=0
checkpoint_phase lsn=20312 phase=value_index_write slot=0 started_ns=1790163043843460000 ended_ns=1790163043851739417 elapsed_us=8279 block_gets=0 block_puts=4 deleted=0
checkpoint_phase lsn=20312 phase=value_index_write slot=0 started_ns=1790163043851756000 ended_ns=1790163043860757792 elapsed_us=9001 block_gets=0 block_puts=4 deleted=0
checkpoint_phase lsn=20312 phase=value_index_write slot=0 started_ns=1790163043860775000 ended_ns=1790163043870656084 elapsed_us=9881 block_gets=0 block_puts=4 deleted=0
checkpoint_phase lsn=20312 phase=value_index_write slot=0 started_ns=1790163043870674000 ended_ns=1790163043878063250 elapsed_us=7389 block_gets=0 block_puts=4 deleted=0
checkpoint_phase lsn=20312 phase=value_index_write slot=0 started_ns=1790163043878079000 ended_ns=1790163043885727709 elapsed_us=7648 block_gets=0 block_puts=4 deleted=0
checkpoint_phase lsn=20312 phase=value_index_write slot=0 started_ns=1790163043885746000 ended_ns=1790163043895920708 elapsed_us=10174 block_gets=0 block_puts=4 deleted=0
checkpoint_phase lsn=20312 phase=value_index_write slot=0 started_ns=1790163043895938000 ended_ns=1790163043901949458 elapsed_us=6011 block_gets=0 block_puts=4 deleted=0
checkpoint_phase lsn=20312 phase=value_index_write slot=0 started_ns=1790163043901965000 ended_ns=1790163043907057875 elapsed_us=5092 block_gets=0 block_puts=4 deleted=0
checkpoint_phase lsn=20312 phase=value_index_write slot=0 started_ns=1790163043907073000 ended_ns=1790163043914378750 elapsed_us=7305 block_gets=0 block_puts=4 deleted=0
checkpoint_phase lsn=20312 phase=value_index_write slot=0 started_ns=1790163043914394000 ended_ns=1790163043920155042 elapsed_us=5761 block_gets=0 block_puts=4 deleted=0
checkpoint_phase lsn=20312 phase=value_index_write slot=0 started_ns=1790163043920171000 ended_ns=1790163043928669458 elapsed_us=8498 block_gets=0 block_puts=6 deleted=0
checkpoint_phase lsn=20312 phase=value_index_schedule slot=0 started_ns=1790163043928687000 ended_ns=1790163043928690375 elapsed_us=3 block_gets=0 block_puts=0 deleted=0
checkpoint_phase lsn=20312 phase=value_index_schedule slot=0 started_ns=1790163043928697000 ended_ns=1790163043929553583 elapsed_us=856 block_gets=0 block_puts=0 deleted=0
checkpoint_phase lsn=20312 phase=value_index_schedule slot=0 started_ns=1790163043929564000 ended_ns=1790163043931036333 elapsed_us=1472 block_gets=0 block_puts=0 deleted=0
checkpoint_phase lsn=20312 phase=value_index_schedule slot=0 started_ns=1790163043931055000 ended_ns=1790163043932288500 elapsed_us=1233 block_gets=0 block_puts=0 deleted=0
checkpoint_phase lsn=20312 phase=value_index_schedule slot=0 started_ns=1790163043932300000 ended_ns=1790163043934950791 elapsed_us=2650 block_gets=0 block_puts=0 deleted=0
checkpoint_phase lsn=20312 phase=value_index_schedule slot=0 started_ns=1790163043934983000 ended_ns=1790163043939027833 elapsed_us=4044 block_gets=0 block_puts=0 deleted=0
checkpoint_phase lsn=20312 phase=value_index_schedule slot=0 started_ns=1790163043939044000 ended_ns=1790163043939076375 elapsed_us=32 block_gets=0 block_puts=0 deleted=0
checkpoint_phase lsn=20312 phase=value_index_schedule slot=0 started_ns=1790163043939084000 ended_ns=1790163043939110250 elapsed_us=26 block_gets=0 block_puts=0 deleted=0
checkpoint_phase lsn=20312 phase=value_index_schedule slot=0 started_ns=1790163043939115000 ended_ns=1790163043939141084 elapsed_us=26 block_gets=0 block_puts=0 deleted=0
checkpoint_phase lsn=20312 phase=value_index_schedule slot=0 started_ns=1790163043939146000 ended_ns=1790163043943671416 elapsed_us=4525 block_gets=0 block_puts=1 deleted=0
checkpoint_phase lsn=20312 phase=value_index_schedule slot=0 started_ns=1790163043943688000 ended_ns=1790163043952309584 elapsed_us=8621 block_gets=0 block_puts=4 deleted=0
checkpoint_phase lsn=20312 phase=value_index_schedule slot=0 started_ns=1790163043952328000 ended_ns=1790163043955214833 elapsed_us=2886 block_gets=0 block_puts=0 deleted=0
checkpoint_phase lsn=20312 phase=value_index_schedule slot=0 started_ns=1790163043955225000 ended_ns=1790163043958095333 elapsed_us=2870 block_gets=0 block_puts=0 deleted=0
checkpoint_phase lsn=20312 phase=value_index_schedule slot=0 started_ns=1790163043958113000 ended_ns=1790163043960949875 elapsed_us=2836 block_gets=0 block_puts=0 deleted=0
checkpoint_phase lsn=20312 phase=value_index_schedule slot=0 started_ns=1790163043960962000 ended_ns=1790163043963762750 elapsed_us=2800 block_gets=0 block_puts=0 deleted=0
checkpoint_phase lsn=20312 phase=value_index_schedule slot=0 started_ns=1790163043963774000 ended_ns=1790163043964644084 elapsed_us=870 block_gets=0 block_puts=0 deleted=0
checkpoint_phase lsn=20312 phase=value_index_schedule slot=0 started_ns=1790163043964656000 ended_ns=1790163043964683916 elapsed_us=27 block_gets=0 block_puts=0 deleted=0
checkpoint_phase lsn=20312 phase=value_index_schedule slot=0 started_ns=1790163043964689000 ended_ns=1790163043964712375 elapsed_us=23 block_gets=0 block_puts=0 deleted=0
checkpoint_phase lsn=20312 phase=value_index_schedule slot=0 started_ns=1790163043964717000 ended_ns=1790163043964760291 elapsed_us=43 block_gets=0 block_puts=0 deleted=0
checkpoint_phase lsn=20312 phase=value_index_schedule slot=0 started_ns=1790163043964780000 ended_ns=1790163043969835125 elapsed_us=5055 block_gets=0 block_puts=1 deleted=0
checkpoint_phase lsn=20312 phase=value_index_schedule slot=0 started_ns=1790163043969851000 ended_ns=1790163043980253250 elapsed_us=10402 block_gets=0 block_puts=4 deleted=0
checkpoint_phase lsn=20312 phase=value_index_schedule slot=0 started_ns=1790163043980272000 ended_ns=1790163043981018000 elapsed_us=746 block_gets=0 block_puts=0 deleted=0
checkpoint_phase lsn=20312 phase=value_index_schedule slot=0 started_ns=1790163043981025000 ended_ns=1790163043981146250 elapsed_us=121 block_gets=0 block_puts=0 deleted=0
checkpoint_phase lsn=20312 phase=value_index_schedule slot=0 started_ns=1790163043981153000 ended_ns=1790163043981265667 elapsed_us=112 block_gets=0 block_puts=0 deleted=0
checkpoint_phase lsn=20312 phase=value_index_schedule slot=0 started_ns=1790163043981272000 ended_ns=1790163043981492500 elapsed_us=220 block_gets=0 block_puts=0 deleted=0
checkpoint_phase lsn=20312 phase=value_index_schedule slot=0 started_ns=1790163043981496000 ended_ns=1790163043993132875 elapsed_us=11636 block_gets=0 block_puts=1 deleted=0
checkpoint_phase lsn=20312 phase=value_index_schedule slot=0 started_ns=1790163043993151000 ended_ns=1790163043993371166 elapsed_us=220 block_gets=0 block_puts=0 deleted=0
checkpoint_phase lsn=20312 phase=value_index_schedule slot=0 started_ns=1790163043993376000 ended_ns=1790163043993629792 elapsed_us=253 block_gets=0 block_puts=0 deleted=0
checkpoint_phase lsn=20312 phase=value_index_schedule slot=0 started_ns=1790163043993635000 ended_ns=1790163043998737334 elapsed_us=5102 block_gets=0 block_puts=1 deleted=0
checkpoint_phase lsn=20312 phase=value_index_schedule slot=0 started_ns=1790163043998764000 ended_ns=1790163043998977750 elapsed_us=213 block_gets=0 block_puts=0 deleted=0
checkpoint_phase lsn=20312 phase=value_index_schedule slot=0 started_ns=1790163043998983000 ended_ns=1790163043999001541 elapsed_us=18 block_gets=0 block_puts=0 deleted=0
checkpoint_phase lsn=20312 phase=value_index_schedule slot=0 started_ns=1790163043999006000 ended_ns=1790163044009576542 elapsed_us=10570 block_gets=0 block_puts=4 deleted=0
checkpoint_phase lsn=20312 phase=value_index_schedule slot=0 started_ns=1790163044009595000 ended_ns=1790163044012392583 elapsed_us=2797 block_gets=0 block_puts=0 deleted=0
checkpoint_phase lsn=20312 phase=value_index_schedule slot=0 started_ns=1790163044012404000 ended_ns=1790163044013571666 elapsed_us=1167 block_gets=0 block_puts=0 deleted=0
checkpoint_phase lsn=20312 phase=value_index_schedule slot=0 started_ns=1790163044013583000 ended_ns=1790163044013612667 elapsed_us=29 block_gets=0 block_puts=0 deleted=0
checkpoint_phase lsn=20312 phase=value_index_schedule slot=0 started_ns=1790163044013617000 ended_ns=1790163044027468208 elapsed_us=13851 block_gets=0 block_puts=4 deleted=0
checkpoint_phase lsn=20312 phase=value_index_schedule slot=0 started_ns=1790163044027487000 ended_ns=1790163044027487291 elapsed_us=0 block_gets=0 block_puts=0 deleted=0
checkpoint_phase lsn=20312 phase=value_index_schedule slot=0 started_ns=1790163044027493000 ended_ns=1790163044027710709 elapsed_us=217 block_gets=0 block_puts=0 deleted=0
checkpoint_phase lsn=20312 phase=value_index_schedule slot=0 started_ns=1790163044027715000 ended_ns=1790163044027987083 elapsed_us=272 block_gets=0 block_puts=0 deleted=0
checkpoint_phase lsn=20312 phase=value_index_schedule slot=0 started_ns=1790163044027991000 ended_ns=1790163044028250959 elapsed_us=259 block_gets=0 block_puts=0 deleted=0
checkpoint_phase lsn=20312 phase=value_index_schedule slot=0 started_ns=1790163044028255000 ended_ns=1790163044028512625 elapsed_us=257 block_gets=0 block_puts=0 deleted=0
checkpoint_phase lsn=20312 phase=value_index_schedule slot=0 started_ns=1790163044028516000 ended_ns=1790163044032937667 elapsed_us=4421 block_gets=0 block_puts=1 deleted=0
checkpoint_phase lsn=20312 phase=value_index_schedule slot=0 started_ns=1790163044032971000 ended_ns=1790163044033237084 elapsed_us=266 block_gets=0 block_puts=0 deleted=0
checkpoint_phase lsn=20312 phase=value_index_schedule slot=0 started_ns=1790163044033246000 ended_ns=1790163044033509709 elapsed_us=263 block_gets=0 block_puts=0 deleted=0
checkpoint_phase lsn=20312 phase=value_index_schedule slot=0 started_ns=1790163044033517000 ended_ns=1790163044041162958 elapsed_us=7645 block_gets=0 block_puts=1 deleted=0
checkpoint_phase lsn=20312 phase=value_index_schedule slot=0 started_ns=1790163044041183000 ended_ns=1790163044041296208 elapsed_us=113 block_gets=0 block_puts=0 deleted=0
checkpoint_phase lsn=20312 phase=value_index_schedule slot=0 started_ns=1790163044041301000 ended_ns=1790163044041446791 elapsed_us=145 block_gets=0 block_puts=0 deleted=0
checkpoint_phase lsn=20312 phase=value_index_schedule slot=0 started_ns=1790163044041451000 ended_ns=1790163044046866625 elapsed_us=5415 block_gets=0 block_puts=1 deleted=0
checkpoint_phase lsn=20312 phase=value_index_schedule slot=0 started_ns=1790163044046884000 ended_ns=1790163044053590833 elapsed_us=6706 block_gets=0 block_puts=4 deleted=0
checkpoint_phase lsn=20312 phase=value_index_schedule slot=0 started_ns=1790163044053609000 ended_ns=1790163044053609250 elapsed_us=0 block_gets=0 block_puts=0 deleted=0
checkpoint_phase lsn=20312 phase=value_index_write slot=0 started_ns=1790163044053615000 ended_ns=1790163044060070791 elapsed_us=6455 block_gets=0 block_puts=4 deleted=0
checkpoint_phase lsn=20312 phase=value_index_write slot=0 started_ns=1790163044060089000 ended_ns=1790163044067306542 elapsed_us=7217 block_gets=0 block_puts=4 deleted=0
checkpoint_phase lsn=20312 phase=value_index_write slot=0 started_ns=1790163044067333000 ended_ns=1790163044074837500 elapsed_us=7504 block_gets=0 block_puts=4 deleted=0
checkpoint_phase lsn=20312 phase=value_index_write slot=0 started_ns=1790163044074854000 ended_ns=1790163044083075750 elapsed_us=8221 block_gets=0 block_puts=4 deleted=0
checkpoint_phase lsn=20312 phase=value_index_write slot=0 started_ns=1790163044083093000 ended_ns=1790163044089813500 elapsed_us=6720 block_gets=0 block_puts=4 deleted=0
checkpoint_phase lsn=20312 phase=value_index_write slot=0 started_ns=1790163044089829000 ended_ns=1790163044097080167 elapsed_us=7251 block_gets=0 block_puts=4 deleted=0
checkpoint_phase lsn=20312 phase=value_index_write slot=0 started_ns=1790163044097099000 ended_ns=1790163044105973209 elapsed_us=8874 block_gets=0 block_puts=4 deleted=0
checkpoint_phase lsn=20312 phase=value_index_write slot=0 started_ns=1790163044105998000 ended_ns=1790163044112538833 elapsed_us=6540 block_gets=0 block_puts=4 deleted=0
checkpoint_phase lsn=20312 phase=value_index_write slot=0 started_ns=1790163044112555000 ended_ns=1790163044121057166 elapsed_us=8502 block_gets=0 block_puts=4 deleted=0
checkpoint_phase lsn=20312 phase=value_index_write slot=0 started_ns=1790163044121078000 ended_ns=1790163044128346792 elapsed_us=7268 block_gets=0 block_puts=4 deleted=0
checkpoint_phase lsn=20312 phase=value_index_write slot=0 started_ns=1790163044128363000 ended_ns=1790163044137247333 elapsed_us=8884 block_gets=0 block_puts=4 deleted=0
checkpoint_phase lsn=20312 phase=value_index_write slot=0 started_ns=1790163044137262000 ended_ns=1790163044142794250 elapsed_us=5532 block_gets=0 block_puts=4 deleted=0
checkpoint_phase lsn=20312 phase=value_index_write slot=0 started_ns=1790163044142806000 ended_ns=1790163044148429000 elapsed_us=5623 block_gets=0 block_puts=4 deleted=0
checkpoint_phase lsn=20312 phase=value_index_write slot=0 started_ns=1790163044148445000 ended_ns=1790163044156565542 elapsed_us=8120 block_gets=0 block_puts=4 deleted=0
checkpoint_phase lsn=20312 phase=value_index_write slot=0 started_ns=1790163044156581000 ended_ns=1790163044161696458 elapsed_us=5115 block_gets=0 block_puts=4 deleted=0
checkpoint_phase lsn=20312 phase=value_index_write slot=0 started_ns=1790163044161708000 ended_ns=1790163044166765542 elapsed_us=5057 block_gets=0 block_puts=3 deleted=0
checkpoint_phase lsn=20312 phase=value_index_schedule slot=0 started_ns=1790163044166781000 ended_ns=1790163044166785084 elapsed_us=4 block_gets=0 block_puts=0 deleted=0
checkpoint_phase lsn=20312 phase=value_index_schedule slot=0 started_ns=1790163044166789000 ended_ns=1790163044167639875 elapsed_us=850 block_gets=0 block_puts=0 deleted=0
checkpoint_phase lsn=20312 phase=value_index_schedule slot=0 started_ns=1790163044167647000 ended_ns=1790163044169159250 elapsed_us=1512 block_gets=0 block_puts=0 deleted=0
checkpoint_phase lsn=20312 phase=value_index_schedule slot=0 started_ns=1790163044169171000 ended_ns=1790163044170534709 elapsed_us=1363 block_gets=0 block_puts=0 deleted=0
checkpoint_phase lsn=20312 phase=value_index_schedule slot=0 started_ns=1790163044170544000 ended_ns=1790163044178541500 elapsed_us=7997 block_gets=0 block_puts=0 deleted=0
checkpoint_phase lsn=20312 phase=value_index_schedule slot=0 started_ns=1790163044178565000 ended_ns=1790163044178591750 elapsed_us=26 block_gets=0 block_puts=0 deleted=0
checkpoint_phase lsn=20312 phase=value_index_schedule slot=0 started_ns=1790163044178597000 ended_ns=1790163044178619000 elapsed_us=22 block_gets=0 block_puts=0 deleted=0
checkpoint_phase lsn=20312 phase=value_index_schedule slot=0 started_ns=1790163044178623000 ended_ns=1790163044185456667 elapsed_us=6833 block_gets=0 block_puts=1 deleted=0
checkpoint_phase lsn=20312 phase=value_index_schedule slot=0 started_ns=1790163044185475000 ended_ns=1790163044195021125 elapsed_us=9546 block_gets=0 block_puts=4 deleted=0
checkpoint_phase lsn=20312 phase=value_index_schedule slot=0 started_ns=1790163044195038000 ended_ns=1790163044197951250 elapsed_us=2913 block_gets=0 block_puts=0 deleted=0
checkpoint_phase lsn=20312 phase=value_index_schedule slot=0 started_ns=1790163044198003000 ended_ns=1790163044200841916 elapsed_us=2838 block_gets=0 block_puts=0 deleted=0
checkpoint_phase lsn=20312 phase=value_index_schedule slot=0 started_ns=1790163044200855000 ended_ns=1790163044203742958 elapsed_us=2887 block_gets=0 block_puts=0 deleted=0
checkpoint_phase lsn=20312 phase=value_index_schedule slot=0 started_ns=1790163044203754000 ended_ns=1790163044205696000 elapsed_us=1942 block_gets=0 block_puts=0 deleted=0
checkpoint_phase lsn=20312 phase=value_index_schedule slot=0 started_ns=1790163044205710000 ended_ns=1790163044205736084 elapsed_us=26 block_gets=0 block_puts=0 deleted=0
checkpoint_phase lsn=20312 phase=value_index_schedule slot=0 started_ns=1790163044205746000 ended_ns=1790163044205767875 elapsed_us=21 block_gets=0 block_puts=0 deleted=0
checkpoint_phase lsn=20312 phase=value_index_schedule slot=0 started_ns=1790163044205773000 ended_ns=1790163044212529042 elapsed_us=6756 block_gets=0 block_puts=1 deleted=0
checkpoint_phase lsn=20312 phase=value_index_schedule slot=0 started_ns=1790163044212549000 ended_ns=1790163044219038708 elapsed_us=6489 block_gets=0 block_puts=4 deleted=0
checkpoint_phase lsn=20312 phase=value_index_schedule slot=0 started_ns=1790163044219056000 ended_ns=1790163044219701666 elapsed_us=645 block_gets=0 block_puts=0 deleted=0
checkpoint_phase lsn=20312 phase=value_index_schedule slot=0 started_ns=1790163044219708000 ended_ns=1790163044219916708 elapsed_us=208 block_gets=0 block_puts=0 deleted=0
checkpoint_phase lsn=20312 phase=value_index_schedule slot=0 started_ns=1790163044219921000 ended_ns=1790163044220127167 elapsed_us=206 block_gets=0 block_puts=0 deleted=0
checkpoint_phase lsn=20312 phase=value_index_schedule slot=0 started_ns=1790163044220131000 ended_ns=1790163044224426500 elapsed_us=4295 block_gets=0 block_puts=1 deleted=0
checkpoint_phase lsn=20312 phase=value_index_schedule slot=0 started_ns=1790163044224441000 ended_ns=1790163044224786125 elapsed_us=345 block_gets=0 block_puts=0 deleted=0
checkpoint_phase lsn=20312 phase=value_index_schedule slot=0 started_ns=1790163044224796000 ended_ns=1790163044225147125 elapsed_us=351 block_gets=0 block_puts=0 deleted=0
checkpoint_phase lsn=20312 phase=value_index_schedule slot=0 started_ns=1790163044225153000 ended_ns=1790163044234755125 elapsed_us=9602 block_gets=0 block_puts=1 deleted=0
checkpoint_phase lsn=20312 phase=value_index_schedule slot=0 started_ns=1790163044234772000 ended_ns=1790163044234958791 elapsed_us=186 block_gets=0 block_puts=0 deleted=0
checkpoint_phase lsn=20312 phase=value_index_schedule slot=0 started_ns=1790163044234966000 ended_ns=1790163044234971250 elapsed_us=5 block_gets=0 block_puts=0 deleted=0
checkpoint_phase lsn=20312 phase=value_index_schedule slot=0 started_ns=1790163044234978000 ended_ns=1790163044242463000 elapsed_us=7485 block_gets=0 block_puts=4 deleted=0
checkpoint_phase lsn=20312 phase=value_index_schedule slot=0 started_ns=1790163044242480000 ended_ns=1790163044245356833 elapsed_us=2876 block_gets=0 block_puts=0 deleted=0
checkpoint_phase lsn=20312 phase=value_index_schedule slot=0 started_ns=1790163044245382000 ended_ns=1790163044248172625 elapsed_us=2790 block_gets=0 block_puts=0 deleted=0
checkpoint_phase lsn=20312 phase=value_index_schedule slot=0 started_ns=1790163044248190000 ended_ns=1790163044250665166 elapsed_us=2475 block_gets=0 block_puts=0 deleted=0
checkpoint_phase lsn=20312 phase=value_index_schedule slot=0 started_ns=1790163044250677000 ended_ns=1790163044250706250 elapsed_us=29 block_gets=0 block_puts=0 deleted=0
checkpoint_phase lsn=20312 phase=value_index_schedule slot=0 started_ns=1790163044250713000 ended_ns=1790163044250735125 elapsed_us=22 block_gets=0 block_puts=0 deleted=0
checkpoint_phase lsn=20312 phase=value_index_schedule slot=0 started_ns=1790163044250739000 ended_ns=1790163044259609791 elapsed_us=8870 block_gets=0 block_puts=4 deleted=0
checkpoint_phase lsn=20312 phase=value_index_schedule slot=0 started_ns=1790163044259628000 ended_ns=1790163044259628292 elapsed_us=0 block_gets=0 block_puts=0 deleted=0
checkpoint_phase lsn=20312 phase=value_index_schedule slot=0 started_ns=1790163044259648000 ended_ns=1790163044260328417 elapsed_us=680 block_gets=0 block_puts=0 deleted=0
checkpoint_phase lsn=20312 phase=value_index_schedule slot=0 started_ns=1790163044260353000 ended_ns=1790163044260703000 elapsed_us=350 block_gets=0 block_puts=0 deleted=0
checkpoint_phase lsn=20312 phase=value_index_schedule slot=0 started_ns=1790163044260714000 ended_ns=1790163044261060792 elapsed_us=346 block_gets=0 block_puts=0 deleted=0
checkpoint_phase lsn=20312 phase=value_index_schedule slot=0 started_ns=1790163044261070000 ended_ns=1790163044267521334 elapsed_us=6451 block_gets=0 block_puts=1 deleted=0
checkpoint_phase lsn=20312 phase=value_index_schedule slot=0 started_ns=1790163044267540000 ended_ns=1790163044267891500 elapsed_us=351 block_gets=0 block_puts=0 deleted=0
checkpoint_phase lsn=20312 phase=value_index_schedule slot=0 started_ns=1790163044267899000 ended_ns=1790163044268253375 elapsed_us=354 block_gets=0 block_puts=0 deleted=0
checkpoint_phase lsn=20312 phase=value_index_schedule slot=0 started_ns=1790163044268259000 ended_ns=1790163044272044833 elapsed_us=3785 block_gets=0 block_puts=1 deleted=0
checkpoint_phase lsn=20312 phase=value_index_schedule slot=0 started_ns=1790163044272061000 ended_ns=1790163044272256500 elapsed_us=195 block_gets=0 block_puts=0 deleted=0
checkpoint_phase lsn=20312 phase=value_index_schedule slot=0 started_ns=1790163044272262000 ended_ns=1790163044272456166 elapsed_us=194 block_gets=0 block_puts=0 deleted=0
checkpoint_phase lsn=20312 phase=value_index_schedule slot=0 started_ns=1790163044272461000 ended_ns=1790163044277175583 elapsed_us=4714 block_gets=0 block_puts=1 deleted=0
checkpoint_phase lsn=20312 phase=value_index_schedule slot=0 started_ns=1790163044277192000 ended_ns=1790163044277291583 elapsed_us=99 block_gets=0 block_puts=0 deleted=0
checkpoint_phase lsn=20312 phase=value_index_schedule slot=0 started_ns=1790163044277297000 ended_ns=1790163044284660917 elapsed_us=7363 block_gets=0 block_puts=4 deleted=0
checkpoint_phase lsn=20312 phase=value_index_schedule slot=0 started_ns=1790163044284678000 ended_ns=1790163044284678208 elapsed_us=0 block_gets=0 block_puts=0 deleted=0
checkpoint_phase lsn=20312 phase=value_index_write slot=0 started_ns=1790163044284685000 ended_ns=1790163044291101459 elapsed_us=6416 block_gets=0 block_puts=3 deleted=0
checkpoint_phase lsn=20312 phase=value_index_write slot=0 started_ns=1790163044291117000 ended_ns=1790163044299834375 elapsed_us=8717 block_gets=0 block_puts=4 deleted=0
checkpoint_phase lsn=20312 phase=value_index_write slot=0 started_ns=1790163044299854000 ended_ns=1790163044308406583 elapsed_us=8552 block_gets=0 block_puts=4 deleted=0
checkpoint_phase lsn=20312 phase=value_index_write slot=0 started_ns=1790163044308424000 ended_ns=1790163044320036292 elapsed_us=11612 block_gets=0 block_puts=4 deleted=0
checkpoint_phase lsn=20312 phase=value_index_write slot=0 started_ns=1790163044320056000 ended_ns=1790163044333311709 elapsed_us=13255 block_gets=0 block_puts=4 deleted=0
checkpoint_phase lsn=20312 phase=value_index_write slot=0 started_ns=1790163044333333000 ended_ns=1790163044341748792 elapsed_us=8415 block_gets=0 block_puts=4 deleted=0
checkpoint_phase lsn=20312 phase=value_index_write slot=0 started_ns=1790163044341768000 ended_ns=1790163044354900083 elapsed_us=13132 block_gets=0 block_puts=4 deleted=0
checkpoint_phase lsn=20312 phase=value_index_write slot=0 started_ns=1790163044354952000 ended_ns=1790163044364543500 elapsed_us=9591 block_gets=0 block_puts=4 deleted=0
checkpoint_phase lsn=20312 phase=value_index_write slot=0 started_ns=1790163044364560000 ended_ns=1790163044375804958 elapsed_us=11244 block_gets=0 block_puts=4 deleted=0
checkpoint_phase lsn=20312 phase=value_index_write slot=0 started_ns=1790163044375831000 ended_ns=1790163044385338000 elapsed_us=9507 block_gets=0 block_puts=4 deleted=0
checkpoint_phase lsn=20312 phase=value_index_write slot=0 started_ns=1790163044385356000 ended_ns=1790163044390701333 elapsed_us=5345 block_gets=0 block_puts=4 deleted=0
checkpoint_phase lsn=20312 phase=value_index_schedule slot=0 started_ns=1790163044391208000 ended_ns=1790163044391211334 elapsed_us=3 block_gets=0 block_puts=0 deleted=0
checkpoint_phase lsn=20312 phase=value_index_schedule slot=0 started_ns=1790163044391217000 ended_ns=1790163044392113750 elapsed_us=896 block_gets=0 block_puts=0 deleted=0
checkpoint_phase lsn=20312 phase=value_index_schedule slot=0 started_ns=1790163044392121000 ended_ns=1790163044419286166 elapsed_us=27165 block_gets=8 block_puts=0 deleted=0
checkpoint_phase lsn=20312 phase=value_index_schedule slot=0 started_ns=1790163044419308000 ended_ns=1790163044441106083 elapsed_us=21798 block_gets=8 block_puts=0 deleted=0
checkpoint_phase lsn=20312 phase=value_index_schedule slot=0 started_ns=1790163044441125000 ended_ns=1790163044492482750 elapsed_us=51357 block_gets=8 block_puts=0 deleted=0
checkpoint_phase lsn=20312 phase=value_index_schedule slot=0 started_ns=1790163044492511000 ended_ns=1790163044519360250 elapsed_us=26849 block_gets=8 block_puts=0 deleted=0
checkpoint_phase lsn=20312 phase=value_index_schedule slot=0 started_ns=1790163044519384000 ended_ns=1790163044537678583 elapsed_us=18294 block_gets=8 block_puts=0 deleted=0
checkpoint_phase lsn=20312 phase=value_index_schedule slot=0 started_ns=1790163044537698000 ended_ns=1790163044546375000 elapsed_us=8677 block_gets=8 block_puts=0 deleted=0
checkpoint_phase lsn=20312 phase=value_index_schedule slot=0 started_ns=1790163044546392000 ended_ns=1790163044555223834 elapsed_us=8831 block_gets=8 block_puts=0 deleted=0
checkpoint_phase lsn=20312 phase=value_index_schedule slot=0 started_ns=1790163044555242000 ended_ns=1790163044561676833 elapsed_us=6434 block_gets=8 block_puts=0 deleted=0
checkpoint_phase lsn=20312 phase=value_index_schedule slot=0 started_ns=1790163044561691000 ended_ns=1790163044568090792 elapsed_us=6399 block_gets=8 block_puts=0 deleted=0
checkpoint_phase lsn=20312 phase=value_index_schedule slot=0 started_ns=1790163044568107000 ended_ns=1790163044573633583 elapsed_us=5526 block_gets=8 block_puts=0 deleted=0
checkpoint_phase lsn=20312 phase=value_index_schedule slot=0 started_ns=1790163044573646000 ended_ns=1790163044581185834 elapsed_us=7539 block_gets=8 block_puts=0 deleted=0
checkpoint_phase lsn=20312 phase=value_index_schedule slot=0 started_ns=1790163044581206000 ended_ns=1790163044594930208 elapsed_us=13724 block_gets=8 block_puts=0 deleted=0
checkpoint_phase lsn=20312 phase=value_index_schedule slot=0 started_ns=1790163044594947000 ended_ns=1790163044628284917 elapsed_us=33337 block_gets=8 block_puts=0 deleted=0
checkpoint_phase lsn=20312 phase=value_index_schedule slot=0 started_ns=1790163044628309000 ended_ns=1790163044638177875 elapsed_us=9868 block_gets=8 block_puts=0 deleted=0
checkpoint_phase lsn=20312 phase=value_index_schedule slot=0 started_ns=1790163044638193000 ended_ns=1790163044642351584 elapsed_us=4158 block_gets=2 block_puts=0 deleted=0
checkpoint_phase lsn=20312 phase=value_index_schedule slot=0 started_ns=1790163044642369000 ended_ns=1790163044645324625 elapsed_us=2955 block_gets=0 block_puts=0 deleted=0
checkpoint_phase lsn=20312 phase=value_index_schedule slot=0 started_ns=1790163044645342000 ended_ns=1790163044646190875 elapsed_us=848 block_gets=0 block_puts=0 deleted=0
checkpoint_phase lsn=20312 phase=value_index_schedule slot=0 started_ns=1790163044646200000 ended_ns=1790163044646229167 elapsed_us=29 block_gets=0 block_puts=0 deleted=0
checkpoint_phase lsn=20312 phase=value_index_schedule slot=0 started_ns=1790163044646234000 ended_ns=1790163044646256250 elapsed_us=22 block_gets=0 block_puts=0 deleted=0
checkpoint_phase lsn=20312 phase=value_index_schedule slot=0 started_ns=1790163044646263000 ended_ns=1790163044646285000 elapsed_us=22 block_gets=0 block_puts=0 deleted=0
checkpoint_phase lsn=20312 phase=value_index_schedule slot=0 started_ns=1790163044646290000 ended_ns=1790163044652840584 elapsed_us=6550 block_gets=0 block_puts=1 deleted=0
checkpoint_phase lsn=20312 phase=value_index_schedule slot=0 started_ns=1790163044652856000 ended_ns=1790163044652896916 elapsed_us=40 block_gets=0 block_puts=0 deleted=0
checkpoint_phase lsn=20312 phase=value_index_schedule slot=0 started_ns=1790163044652915000 ended_ns=1790163044662828375 elapsed_us=9913 block_gets=0 block_puts=4 deleted=0
checkpoint_phase lsn=20312 phase=value_index_schedule slot=0 started_ns=1790163044662844000 ended_ns=1790163044665773500 elapsed_us=2929 block_gets=0 block_puts=0 deleted=0
checkpoint_phase lsn=20312 phase=value_index_schedule slot=0 started_ns=1790163044665783000 ended_ns=1790163044668817625 elapsed_us=3034 block_gets=0 block_puts=0 deleted=0
checkpoint_phase lsn=20312 phase=value_index_schedule slot=0 started_ns=1790163044668833000 ended_ns=1790163044671705916 elapsed_us=2872 block_gets=0 block_puts=0 deleted=0
checkpoint_phase lsn=20312 phase=value_index_schedule slot=0 started_ns=1790163044671723000 ended_ns=1790163044674581250 elapsed_us=2858 block_gets=0 block_puts=0 deleted=0
checkpoint_phase lsn=20312 phase=value_index_schedule slot=0 started_ns=1790163044674607000 ended_ns=1790163044676540875 elapsed_us=1933 block_gets=0 block_puts=0 deleted=0
checkpoint_phase lsn=20312 phase=value_index_schedule slot=0 started_ns=1790163044676553000 ended_ns=1790163044676582375 elapsed_us=29 block_gets=0 block_puts=0 deleted=0
checkpoint_phase lsn=20312 phase=value_index_schedule slot=0 started_ns=1790163044676592000 ended_ns=1790163044676614542 elapsed_us=22 block_gets=0 block_puts=0 deleted=0
checkpoint_phase lsn=20312 phase=value_index_schedule slot=0 started_ns=1790163044676619000 ended_ns=1790163044676641333 elapsed_us=22 block_gets=0 block_puts=0 deleted=0
checkpoint_phase lsn=20312 phase=value_index_schedule slot=0 started_ns=1790163044676648000 ended_ns=1790163044686327125 elapsed_us=9679 block_gets=0 block_puts=1 deleted=0
checkpoint_phase lsn=20312 phase=value_index_schedule slot=0 started_ns=1790163044686344000 ended_ns=1790163044714018792 elapsed_us=27674 block_gets=0 block_puts=4 deleted=0
checkpoint_phase lsn=20312 phase=value_index_schedule slot=0 started_ns=1790163044714042000 ended_ns=1790163044714847541 elapsed_us=805 block_gets=0 block_puts=0 deleted=0
checkpoint_phase lsn=20312 phase=value_index_schedule slot=0 started_ns=1790163044714861000 ended_ns=1790163044715016959 elapsed_us=155 block_gets=0 block_puts=0 deleted=0
checkpoint_phase lsn=20312 phase=value_index_schedule slot=0 started_ns=1790163044715023000 ended_ns=1790163044715167833 elapsed_us=144 block_gets=0 block_puts=0 deleted=0
checkpoint_phase lsn=20312 phase=value_index_schedule slot=0 started_ns=1790163044715173000 ended_ns=1790163044715315958 elapsed_us=142 block_gets=0 block_puts=0 deleted=0
checkpoint_phase lsn=20312 phase=value_index_schedule slot=0 started_ns=1790163044715322000 ended_ns=1790163044738394792 elapsed_us=23072 block_gets=0 block_puts=1 deleted=0
checkpoint_phase lsn=20312 phase=value_index_schedule slot=0 started_ns=1790163044738413000 ended_ns=1790163044738566834 elapsed_us=153 block_gets=0 block_puts=0 deleted=0
checkpoint_phase lsn=20312 phase=value_index_schedule slot=0 started_ns=1790163044738573000 ended_ns=1790163044738721834 elapsed_us=148 block_gets=0 block_puts=0 deleted=0
checkpoint_phase lsn=20312 phase=value_index_schedule slot=0 started_ns=1790163044738726000 ended_ns=1790163044739166959 elapsed_us=440 block_gets=0 block_puts=0 deleted=0
checkpoint_phase lsn=20312 phase=value_index_schedule slot=0 started_ns=1790163044739181000 ended_ns=1790163044759815833 elapsed_us=20634 block_gets=0 block_puts=1 deleted=0
checkpoint_phase lsn=20312 phase=value_index_schedule slot=0 started_ns=1790163044759834000 ended_ns=1790163044759906250 elapsed_us=72 block_gets=0 block_puts=0 deleted=0
checkpoint_phase lsn=20312 phase=value_index_schedule slot=0 started_ns=1790163044759911000 ended_ns=1790163044759971834 elapsed_us=60 block_gets=0 block_puts=0 deleted=0
checkpoint_phase lsn=20312 phase=value_index_schedule slot=0 started_ns=1790163044759976000 ended_ns=1790163044782280958 elapsed_us=22304 block_gets=0 block_puts=4 deleted=0
checkpoint_phase lsn=20312 phase=value_index_schedule slot=0 started_ns=1790163044782313000 ended_ns=1790163044782313292 elapsed_us=0 block_gets=0 block_puts=0 deleted=0
checkpoint_phase lsn=20312 phase=value_index_write slot=0 started_ns=1790163044782319000 ended_ns=1790163044791087584 elapsed_us=8768 block_gets=0 block_puts=4 deleted=0
checkpoint_phase lsn=20312 phase=value_index_write slot=0 started_ns=1790163044791106000 ended_ns=1790163044797902542 elapsed_us=6796 block_gets=0 block_puts=4 deleted=0
checkpoint_phase lsn=20312 phase=value_index_write slot=0 started_ns=1790163044797918000 ended_ns=1790163044805072417 elapsed_us=7154 block_gets=0 block_puts=4 deleted=0
checkpoint_phase lsn=20312 phase=value_index_write slot=0 started_ns=1790163044805089000 ended_ns=1790163044813170875 elapsed_us=8081 block_gets=0 block_puts=4 deleted=0
checkpoint_phase lsn=20312 phase=value_index_write slot=0 started_ns=1790163044813188000 ended_ns=1790163044820359000 elapsed_us=7171 block_gets=0 block_puts=4 deleted=0
checkpoint_phase lsn=20312 phase=value_index_write slot=0 started_ns=1790163044820376000 ended_ns=1790163044828473750 elapsed_us=8097 block_gets=0 block_puts=4 deleted=0
checkpoint_phase lsn=20312 phase=value_index_write slot=0 started_ns=1790163044828492000 ended_ns=1790163044853471792 elapsed_us=24979 block_gets=0 block_puts=4 deleted=0
checkpoint_phase lsn=20312 phase=value_index_write slot=0 started_ns=1790163044853505000 ended_ns=1790163044880903125 elapsed_us=27398 block_gets=0 block_puts=4 deleted=0
checkpoint_phase lsn=20312 phase=value_index_write slot=0 started_ns=1790163044880924000 ended_ns=1790163044902964458 elapsed_us=22040 block_gets=0 block_puts=4 deleted=0
checkpoint_phase lsn=20312 phase=value_index_write slot=0 started_ns=1790163044902985000 ended_ns=1790163044926344916 elapsed_us=23359 block_gets=0 block_puts=4 deleted=0
checkpoint_phase lsn=20312 phase=value_index_write slot=0 started_ns=1790163044926366000 ended_ns=1790163044937816791 elapsed_us=11450 block_gets=0 block_puts=4 deleted=0
checkpoint_phase lsn=20312 phase=value_index_write slot=0 started_ns=1790163044937834000 ended_ns=1790163044949838917 elapsed_us=12004 block_gets=0 block_puts=5 deleted=0
checkpoint_phase lsn=20312 phase=value_index_schedule slot=0 started_ns=1790163044949861000 ended_ns=1790163044949864375 elapsed_us=3 block_gets=0 block_puts=0 deleted=0
checkpoint_phase lsn=20312 phase=value_index_schedule slot=0 started_ns=1790163044949870000 ended_ns=1790163044950762542 elapsed_us=892 block_gets=0 block_puts=0 deleted=0
checkpoint_phase lsn=20312 phase=value_index_schedule slot=0 started_ns=1790163044950781000 ended_ns=1790163044957846667 elapsed_us=7065 block_gets=8 block_puts=0 deleted=0
checkpoint_phase lsn=20312 phase=value_index_schedule slot=0 started_ns=1790163044957866000 ended_ns=1790163044964015334 elapsed_us=6149 block_gets=8 block_puts=0 deleted=0
checkpoint_phase lsn=20312 phase=value_index_schedule slot=0 started_ns=1790163044964032000 ended_ns=1790163044993242666 elapsed_us=29210 block_gets=8 block_puts=0 deleted=0
checkpoint_phase lsn=20312 phase=value_index_schedule slot=0 started_ns=1790163044993267000 ended_ns=1790163045035320000 elapsed_us=42053 block_gets=8 block_puts=0 deleted=0
checkpoint_phase lsn=20312 phase=value_index_schedule slot=0 started_ns=1790163045035345000 ended_ns=1790163045056433083 elapsed_us=21088 block_gets=8 block_puts=0 deleted=0
checkpoint_phase lsn=20312 phase=value_index_schedule slot=0 started_ns=1790163045056456000 ended_ns=1790163045069417584 elapsed_us=12961 block_gets=8 block_puts=0 deleted=0
checkpoint_phase lsn=20312 phase=value_index_schedule slot=0 started_ns=1790163045069436000 ended_ns=1790163045073937583 elapsed_us=4501 block_gets=8 block_puts=0 deleted=0
checkpoint_phase lsn=20312 phase=value_index_schedule slot=0 started_ns=1790163045073952000 ended_ns=1790163045077645542 elapsed_us=3693 block_gets=8 block_puts=0 deleted=0
checkpoint_phase lsn=20312 phase=value_index_schedule slot=0 started_ns=1790163045077656000 ended_ns=1790163045082591667 elapsed_us=4935 block_gets=8 block_puts=0 deleted=0
checkpoint_phase lsn=20312 phase=value_index_schedule slot=0 started_ns=1790163045082616000 ended_ns=1790163045089873167 elapsed_us=7257 block_gets=8 block_puts=0 deleted=0
checkpoint_phase lsn=20312 phase=value_index_schedule slot=0 started_ns=1790163045089892000 ended_ns=1790163045094054166 elapsed_us=4162 block_gets=8 block_puts=0 deleted=0
checkpoint_phase lsn=20312 phase=value_index_schedule slot=0 started_ns=1790163045094065000 ended_ns=1790163045099188583 elapsed_us=5123 block_gets=8 block_puts=0 deleted=0
checkpoint_phase lsn=20312 phase=value_index_schedule slot=0 started_ns=1790163045099200000 ended_ns=1790163045105367917 elapsed_us=6167 block_gets=8 block_puts=0 deleted=0
checkpoint_phase lsn=20312 phase=value_index_schedule slot=0 started_ns=1790163045105384000 ended_ns=1790163045110800125 elapsed_us=5416 block_gets=8 block_puts=0 deleted=0
checkpoint_phase lsn=20312 phase=value_index_schedule slot=0 started_ns=1790163045110814000 ended_ns=1790163045114708625 elapsed_us=3894 block_gets=2 block_puts=0 deleted=0
checkpoint_phase lsn=20312 phase=value_index_schedule slot=0 started_ns=1790163045114722000 ended_ns=1790163045117614750 elapsed_us=2892 block_gets=0 block_puts=0 deleted=0
checkpoint_phase lsn=20312 phase=value_index_schedule slot=0 started_ns=1790163045117640000 ended_ns=1790163045118479000 elapsed_us=839 block_gets=0 block_puts=0 deleted=0
checkpoint_phase lsn=20312 phase=value_index_schedule slot=0 started_ns=1790163045118487000 ended_ns=1790163045118513500 elapsed_us=26 block_gets=0 block_puts=0 deleted=0
checkpoint_phase lsn=20312 phase=value_index_schedule slot=0 started_ns=1790163045118519000 ended_ns=1790163045118540958 elapsed_us=21 block_gets=0 block_puts=0 deleted=0
checkpoint_phase lsn=20312 phase=value_index_schedule slot=0 started_ns=1790163045118545000 ended_ns=1790163045118566875 elapsed_us=21 block_gets=0 block_puts=0 deleted=0
checkpoint_phase lsn=20312 phase=value_index_schedule slot=0 started_ns=1790163045118572000 ended_ns=1790163045145268333 elapsed_us=26696 block_gets=0 block_puts=1 deleted=0
checkpoint_phase lsn=20312 phase=value_index_schedule slot=0 started_ns=1790163045145288000 ended_ns=1790163045145314791 elapsed_us=26 block_gets=0 block_puts=0 deleted=0
checkpoint_phase lsn=20312 phase=value_index_schedule slot=0 started_ns=1790163045145320000 ended_ns=1790163045184808500 elapsed_us=39488 block_gets=0 block_puts=4 deleted=0
checkpoint_phase lsn=20312 phase=value_index_schedule slot=0 started_ns=1790163045184832000 ended_ns=1790163045187769250 elapsed_us=2937 block_gets=0 block_puts=0 deleted=0
checkpoint_phase lsn=20312 phase=value_index_schedule slot=0 started_ns=1790163045187783000 ended_ns=1790163045190634750 elapsed_us=2851 block_gets=0 block_puts=0 deleted=0
checkpoint_phase lsn=20312 phase=value_index_schedule slot=0 started_ns=1790163045190647000 ended_ns=1790163045193534917 elapsed_us=2887 block_gets=0 block_puts=0 deleted=0
checkpoint_phase lsn=20312 phase=value_index_schedule slot=0 started_ns=1790163045193558000 ended_ns=1790163045196341500 elapsed_us=2783 block_gets=0 block_puts=0 deleted=0
checkpoint_phase lsn=20312 phase=value_index_schedule slot=0 started_ns=1790163045196357000 ended_ns=1790163045198273250 elapsed_us=1916 block_gets=0 block_puts=0 deleted=0
checkpoint_phase lsn=20312 phase=value_index_schedule slot=0 started_ns=1790163045198281000 ended_ns=1790163045198307667 elapsed_us=26 block_gets=0 block_puts=0 deleted=0
checkpoint_phase lsn=20312 phase=value_index_schedule slot=0 started_ns=1790163045198313000 ended_ns=1790163045198335209 elapsed_us=22 block_gets=0 block_puts=0 deleted=0
checkpoint_phase lsn=20312 phase=value_index_schedule slot=0 started_ns=1790163045198340000 ended_ns=1790163045198362000 elapsed_us=22 block_gets=0 block_puts=0 deleted=0
checkpoint_phase lsn=20312 phase=value_index_schedule slot=0 started_ns=1790163045198368000 ended_ns=1790163045218368042 elapsed_us=20000 block_gets=0 block_puts=1 deleted=0
checkpoint_phase lsn=20312 phase=value_index_schedule slot=0 started_ns=1790163045218391000 ended_ns=1790163045226631458 elapsed_us=8240 block_gets=0 block_puts=4 deleted=0
checkpoint_phase lsn=20312 phase=value_index_schedule slot=0 started_ns=1790163045226665000 ended_ns=1790163045227405709 elapsed_us=740 block_gets=0 block_puts=0 deleted=0
checkpoint_phase lsn=20312 phase=value_index_schedule slot=0 started_ns=1790163045227416000 ended_ns=1790163045227555208 elapsed_us=139 block_gets=0 block_puts=0 deleted=0
checkpoint_phase lsn=20312 phase=value_index_schedule slot=0 started_ns=1790163045227563000 ended_ns=1790163045227691084 elapsed_us=128 block_gets=0 block_puts=0 deleted=0
checkpoint_phase lsn=20312 phase=value_index_schedule slot=0 started_ns=1790163045227700000 ended_ns=1790163045227828042 elapsed_us=128 block_gets=0 block_puts=0 deleted=0
checkpoint_phase lsn=20312 phase=value_index_schedule slot=0 started_ns=1790163045227836000 ended_ns=1790163045237415583 elapsed_us=9579 block_gets=0 block_puts=1 deleted=0
checkpoint_phase lsn=20312 phase=value_index_schedule slot=0 started_ns=1790163045237435000 ended_ns=1790163045237574041 elapsed_us=139 block_gets=0 block_puts=0 deleted=0
checkpoint_phase lsn=20312 phase=value_index_schedule slot=0 started_ns=1790163045237581000 ended_ns=1790163045237715208 elapsed_us=134 block_gets=0 block_puts=0 deleted=0
checkpoint_phase lsn=20312 phase=value_index_schedule slot=0 started_ns=1790163045237722000 ended_ns=1790163045238091167 elapsed_us=369 block_gets=0 block_puts=0 deleted=0
checkpoint_phase lsn=20312 phase=value_index_schedule slot=0 started_ns=1790163045238097000 ended_ns=1790163045244270625 elapsed_us=6173 block_gets=0 block_puts=1 deleted=0
checkpoint_phase lsn=20312 phase=value_index_schedule slot=0 started_ns=1790163045244291000 ended_ns=1790163045244449750 elapsed_us=158 block_gets=0 block_puts=0 deleted=0
checkpoint_phase lsn=20312 phase=value_index_schedule slot=0 started_ns=1790163045244459000 ended_ns=1790163045244512042 elapsed_us=53 block_gets=0 block_puts=0 deleted=0
checkpoint_phase lsn=20312 phase=value_index_schedule slot=0 started_ns=1790163045244522000 ended_ns=1790163045252648250 elapsed_us=8126 block_gets=0 block_puts=4 deleted=0
checkpoint_phase lsn=20312 phase=value_index_schedule slot=0 started_ns=1790163045252667000 ended_ns=1790163045252667250 elapsed_us=0 block_gets=0 block_puts=0 deleted=0
checkpoint_phase lsn=20312 phase=value_index_write slot=0 started_ns=1790163045252674000 ended_ns=1790163045281171125 elapsed_us=28497 block_gets=0 block_puts=4 deleted=0
checkpoint_phase lsn=20312 phase=value_index_write slot=0 started_ns=1790163045281197000 ended_ns=1790163045318264125 elapsed_us=37067 block_gets=0 block_puts=4 deleted=0
checkpoint_phase lsn=20312 phase=value_index_write slot=0 started_ns=1790163045318291000 ended_ns=1790163045349693583 elapsed_us=31402 block_gets=0 block_puts=4 deleted=0
checkpoint_phase lsn=20312 phase=value_index_write slot=0 started_ns=1790163045349739000 ended_ns=1790163045362868291 elapsed_us=13129 block_gets=0 block_puts=4 deleted=0
checkpoint_phase lsn=20312 phase=value_index_write slot=0 started_ns=1790163045362889000 ended_ns=1790163045367229208 elapsed_us=4340 block_gets=0 block_puts=4 deleted=0
checkpoint_phase lsn=20312 phase=value_index_write slot=0 started_ns=1790163045367241000 ended_ns=1790163045375514292 elapsed_us=8273 block_gets=0 block_puts=4 deleted=0
checkpoint_phase lsn=20312 phase=value_index_write slot=0 started_ns=1790163045375531000 ended_ns=1790163045382011833 elapsed_us=6480 block_gets=0 block_puts=4 deleted=0
checkpoint_phase lsn=20312 phase=value_index_write slot=0 started_ns=1790163045382031000 ended_ns=1790163045389261167 elapsed_us=7230 block_gets=0 block_puts=4 deleted=0
checkpoint_phase lsn=20312 phase=value_index_write slot=0 started_ns=1790163045389278000 ended_ns=1790163045394960833 elapsed_us=5682 block_gets=0 block_puts=4 deleted=0
checkpoint_phase lsn=20312 phase=value_index_write slot=0 started_ns=1790163045394979000 ended_ns=1790163045400730542 elapsed_us=5751 block_gets=0 block_puts=4 deleted=0
checkpoint_phase lsn=20312 phase=value_index_write slot=0 started_ns=1790163045400749000 ended_ns=1790163045416008708 elapsed_us=15259 block_gets=0 block_puts=4 deleted=0
checkpoint_phase lsn=20312 phase=value_index_write slot=0 started_ns=1790163045416041000 ended_ns=1790163045454377000 elapsed_us=38336 block_gets=0 block_puts=5 deleted=0
checkpoint_phase lsn=20312 phase=value_index_schedule slot=0 started_ns=1790163045454406000 ended_ns=1790163045454409666 elapsed_us=3 block_gets=0 block_puts=0 deleted=0
checkpoint_phase lsn=20312 phase=value_index_schedule slot=0 started_ns=1790163045454415000 ended_ns=1790163045455208625 elapsed_us=793 block_gets=0 block_puts=0 deleted=0
checkpoint_phase lsn=20312 phase=value_index_schedule slot=0 started_ns=1790163045455216000 ended_ns=1790163045486401375 elapsed_us=31185 block_gets=8 block_puts=0 deleted=0
checkpoint_phase lsn=20312 phase=value_index_schedule slot=0 started_ns=1790163045486425000 ended_ns=1790163045504409250 elapsed_us=17984 block_gets=8 block_puts=0 deleted=0
checkpoint_phase lsn=20312 phase=value_index_schedule slot=0 started_ns=1790163045504432000 ended_ns=1790163045509666500 elapsed_us=5234 block_gets=8 block_puts=0 deleted=0
checkpoint_phase lsn=20312 phase=value_index_schedule slot=0 started_ns=1790163045509685000 ended_ns=1790163045515568959 elapsed_us=5883 block_gets=8 block_puts=0 deleted=0
checkpoint_phase lsn=20312 phase=value_index_schedule slot=0 started_ns=1790163045515588000 ended_ns=1790163045519969375 elapsed_us=4381 block_gets=8 block_puts=0 deleted=0
checkpoint_phase lsn=20312 phase=value_index_schedule slot=0 started_ns=1790163045519987000 ended_ns=1790163045527068000 elapsed_us=7081 block_gets=8 block_puts=0 deleted=0
checkpoint_phase lsn=20312 phase=value_index_schedule slot=0 started_ns=1790163045527087000 ended_ns=1790163045546379750 elapsed_us=19292 block_gets=8 block_puts=0 deleted=0
checkpoint_phase lsn=20312 phase=value_index_schedule slot=0 started_ns=1790163045546402000 ended_ns=1790163045551411167 elapsed_us=5009 block_gets=8 block_puts=0 deleted=0
checkpoint_phase lsn=20312 phase=value_index_schedule slot=0 started_ns=1790163045551428000 ended_ns=1790163045617178041 elapsed_us=65750 block_gets=8 block_puts=0 deleted=0
checkpoint_phase lsn=20312 phase=value_index_schedule slot=0 started_ns=1790163045617219000 ended_ns=1790163045650408750 elapsed_us=33189 block_gets=8 block_puts=0 deleted=0
checkpoint_phase lsn=20312 phase=value_index_schedule slot=0 started_ns=1790163045650434000 ended_ns=1790163045657662667 elapsed_us=7228 block_gets=8 block_puts=0 deleted=0
checkpoint_phase lsn=20312 phase=value_index_schedule slot=0 started_ns=1790163045657686000 ended_ns=1790163045662401708 elapsed_us=4715 block_gets=8 block_puts=0 deleted=0
checkpoint_phase lsn=20312 phase=value_index_schedule slot=0 started_ns=1790163045662416000 ended_ns=1790163045668317292 elapsed_us=5901 block_gets=8 block_puts=0 deleted=0
checkpoint_phase lsn=20312 phase=value_index_schedule slot=0 started_ns=1790163045668337000 ended_ns=1790163045672770625 elapsed_us=4433 block_gets=8 block_puts=0 deleted=0
checkpoint_phase lsn=20312 phase=value_index_schedule slot=0 started_ns=1790163045672786000 ended_ns=1790163045677195666 elapsed_us=4409 block_gets=2 block_puts=0 deleted=0
checkpoint_phase lsn=20312 phase=value_index_schedule slot=0 started_ns=1790163045677219000 ended_ns=1790163045677248875 elapsed_us=29 block_gets=0 block_puts=0 deleted=0
checkpoint_phase lsn=20312 phase=value_index_schedule slot=0 started_ns=1790163045677258000 ended_ns=1790163045677279458 elapsed_us=21 block_gets=0 block_puts=0 deleted=0
checkpoint_phase lsn=20312 phase=value_index_schedule slot=0 started_ns=1790163045677285000 ended_ns=1790163045677307416 elapsed_us=22 block_gets=0 block_puts=0 deleted=0
checkpoint_phase lsn=20312 phase=value_index_schedule slot=0 started_ns=1790163045677313000 ended_ns=1790163045684768583 elapsed_us=7455 block_gets=0 block_puts=1 deleted=0
checkpoint_phase lsn=20312 phase=value_index_schedule slot=0 started_ns=1790163045684790000 ended_ns=1790163045690768458 elapsed_us=5978 block_gets=0 block_puts=4 deleted=0
checkpoint_phase lsn=20312 phase=value_index_schedule slot=0 started_ns=1790163045690786000 ended_ns=1790163045693717416 elapsed_us=2931 block_gets=0 block_puts=0 deleted=0
checkpoint_phase lsn=20312 phase=value_index_schedule slot=0 started_ns=1790163045693758000 ended_ns=1790163045696639167 elapsed_us=2881 block_gets=0 block_puts=0 deleted=0
checkpoint_phase lsn=20312 phase=value_index_schedule slot=0 started_ns=1790163045696668000 ended_ns=1790163045699634667 elapsed_us=2966 block_gets=0 block_puts=0 deleted=0
checkpoint_phase lsn=20312 phase=value_index_schedule slot=0 started_ns=1790163045699650000 ended_ns=1790163045702463083 elapsed_us=2813 block_gets=0 block_puts=0 deleted=0
checkpoint_phase lsn=20312 phase=value_index_schedule slot=0 started_ns=1790163045702480000 ended_ns=1790163045702505209 elapsed_us=25 block_gets=0 block_puts=0 deleted=0
checkpoint_phase lsn=20312 phase=value_index_schedule slot=0 started_ns=1790163045702511000 ended_ns=1790163045702532083 elapsed_us=21 block_gets=0 block_puts=0 deleted=0
checkpoint_phase lsn=20312 phase=value_index_schedule slot=0 started_ns=1790163045702537000 ended_ns=1790163045702558042 elapsed_us=21 block_gets=0 block_puts=0 deleted=0
checkpoint_phase lsn=20312 phase=value_index_schedule slot=0 started_ns=1790163045702563000 ended_ns=1790163045719847417 elapsed_us=17284 block_gets=0 block_puts=1 deleted=0
checkpoint_phase lsn=20312 phase=value_index_schedule slot=0 started_ns=1790163045719870000 ended_ns=1790163045748119542 elapsed_us=28249 block_gets=0 block_puts=4 deleted=0
checkpoint_phase lsn=20312 phase=value_index_schedule slot=0 started_ns=1790163045748153000 ended_ns=1790163045748727166 elapsed_us=574 block_gets=0 block_puts=0 deleted=0
checkpoint_phase lsn=20312 phase=value_index_schedule slot=0 started_ns=1790163045748736000 ended_ns=1790163045748798541 elapsed_us=62 block_gets=0 block_puts=0 deleted=0
checkpoint_phase lsn=20312 phase=value_index_schedule slot=0 started_ns=1790163045748808000 ended_ns=1790163045748856208 elapsed_us=48 block_gets=0 block_puts=0 deleted=0
checkpoint_phase lsn=20312 phase=value_index_schedule slot=0 started_ns=1790163045748861000 ended_ns=1790163045749004417 elapsed_us=143 block_gets=0 block_puts=0 deleted=0
checkpoint_phase lsn=20312 phase=value_index_schedule slot=0 started_ns=1790163045749023000 ended_ns=1790163045761093458 elapsed_us=12070 block_gets=0 block_puts=1 deleted=0
checkpoint_phase lsn=20312 phase=value_index_schedule slot=0 started_ns=1790163045761114000 ended_ns=1790163045761249667 elapsed_us=135 block_gets=0 block_puts=0 deleted=0
checkpoint_phase lsn=20312 phase=value_index_schedule slot=0 started_ns=1790163045761259000 ended_ns=1790163045761412708 elapsed_us=153 block_gets=0 block_puts=0 deleted=0
checkpoint_phase lsn=20312 phase=value_index_schedule slot=0 started_ns=1790163045761420000 ended_ns=1790163045778495209 elapsed_us=17075 block_gets=0 block_puts=1 deleted=0
checkpoint_phase lsn=20312 phase=value_index_schedule slot=0 started_ns=1790163045778517000 ended_ns=1790163045778694375 elapsed_us=177 block_gets=0 block_puts=0 deleted=0
checkpoint_phase lsn=20312 phase=value_index_schedule slot=0 started_ns=1790163045778700000 ended_ns=1790163045778704500 elapsed_us=4 block_gets=0 block_puts=0 deleted=0
checkpoint_phase lsn=20312 phase=value_index_schedule slot=0 started_ns=1790163045778710000 ended_ns=1790163045806815583 elapsed_us=28105 block_gets=0 block_puts=4 deleted=0
checkpoint_phase lsn=20312 phase=value_index_schedule slot=0 started_ns=1790163045806847000 ended_ns=1790163045809678625 elapsed_us=2831 block_gets=0 block_puts=0 deleted=0
checkpoint_phase lsn=20312 phase=value_index_schedule slot=0 started_ns=1790163045809694000 ended_ns=1790163045811792792 elapsed_us=2098 block_gets=0 block_puts=0 deleted=0
checkpoint_phase lsn=20312 phase=value_index_schedule slot=0 started_ns=1790163045811806000 ended_ns=1790163045811831583 elapsed_us=25 block_gets=0 block_puts=0 deleted=0
checkpoint_phase lsn=20312 phase=value_index_schedule slot=0 started_ns=1790163045811836000 ended_ns=1790163045825294083 elapsed_us=13458 block_gets=0 block_puts=4 deleted=0
checkpoint_phase lsn=20312 phase=value_index_schedule slot=0 started_ns=1790163045825335000 ended_ns=1790163045825335250 elapsed_us=0 block_gets=0 block_puts=0 deleted=0
checkpoint_phase lsn=20312 phase=value_index_schedule slot=0 started_ns=1790163045825341000 ended_ns=1790163045825894958 elapsed_us=553 block_gets=0 block_puts=0 deleted=0
checkpoint_phase lsn=20312 phase=value_index_schedule slot=0 started_ns=1790163045825902000 ended_ns=1790163045826138417 elapsed_us=236 block_gets=0 block_puts=0 deleted=0
checkpoint_phase lsn=20312 phase=value_index_schedule slot=0 started_ns=1790163045826173000 ended_ns=1790163045826637334 elapsed_us=464 block_gets=0 block_puts=0 deleted=0
checkpoint_phase lsn=20312 phase=value_index_schedule slot=0 started_ns=1790163045826665000 ended_ns=1790163045827001292 elapsed_us=336 block_gets=0 block_puts=0 deleted=0
checkpoint_phase lsn=20312 phase=value_index_schedule slot=0 started_ns=1790163045827029000 ended_ns=1790163045832064250 elapsed_us=5035 block_gets=0 block_puts=1 deleted=0
checkpoint_phase lsn=20312 phase=value_index_schedule slot=0 started_ns=1790163045832091000 ended_ns=1790163045832229417 elapsed_us=138 block_gets=0 block_puts=0 deleted=0
checkpoint_phase lsn=20312 phase=value_index_schedule slot=0 started_ns=1790163045832242000 ended_ns=1790163045832379542 elapsed_us=137 block_gets=0 block_puts=0 deleted=0
checkpoint_phase lsn=20312 phase=value_index_schedule slot=0 started_ns=1790163045832385000 ended_ns=1790163045837684125 elapsed_us=5299 block_gets=0 block_puts=1 deleted=0
checkpoint_phase lsn=20312 phase=value_index_schedule slot=0 started_ns=1790163045837712000 ended_ns=1790163045837760167 elapsed_us=48 block_gets=0 block_puts=0 deleted=0
checkpoint_phase lsn=20312 phase=value_index_schedule slot=0 started_ns=1790163045837769000 ended_ns=1790163045837859625 elapsed_us=90 block_gets=0 block_puts=0 deleted=0
checkpoint_phase lsn=20312 phase=value_index_schedule slot=0 started_ns=1790163045837866000 ended_ns=1790163045845147916 elapsed_us=7281 block_gets=0 block_puts=1 deleted=0
checkpoint_phase lsn=20312 phase=value_index_schedule slot=0 started_ns=1790163045845169000 ended_ns=1790163045911549542 elapsed_us=66380 block_gets=0 block_puts=4 deleted=0
checkpoint_phase lsn=20312 phase=value_index_schedule slot=0 started_ns=1790163045911586000 ended_ns=1790163045911586250 elapsed_us=0 block_gets=0 block_puts=0 deleted=0
checkpoint_phase lsn=20312 phase=value_index_write slot=0 started_ns=1790163045911593000 ended_ns=1790163045944624584 elapsed_us=33031 block_gets=0 block_puts=4 deleted=0
checkpoint_phase lsn=20312 phase=value_index_write slot=0 started_ns=1790163045944655000 ended_ns=1790163045951678000 elapsed_us=7023 block_gets=0 block_puts=4 deleted=0
checkpoint_phase lsn=20312 phase=value_index_write slot=0 started_ns=1790163045951698000 ended_ns=1790163045955512834 elapsed_us=3814 block_gets=0 block_puts=4 deleted=0
checkpoint_phase lsn=20312 phase=value_index_write slot=0 started_ns=1790163045955528000 ended_ns=1790163045960979083 elapsed_us=5451 block_gets=0 block_puts=4 deleted=0
checkpoint_phase lsn=20312 phase=value_index_write slot=0 started_ns=1790163045960996000 ended_ns=1790163045965005416 elapsed_us=4009 block_gets=0 block_puts=4 deleted=0
checkpoint_phase lsn=20312 phase=value_index_write slot=0 started_ns=1790163045965021000 ended_ns=1790163045970512000 elapsed_us=5491 block_gets=0 block_puts=4 deleted=0
checkpoint_phase lsn=20312 phase=value_index_write slot=0 started_ns=1790163045970528000 ended_ns=1790163045975860250 elapsed_us=5332 block_gets=0 block_puts=4 deleted=0
checkpoint_phase lsn=20312 phase=value_index_write slot=0 started_ns=1790163045975879000 ended_ns=1790163045983065250 elapsed_us=7186 block_gets=0 block_puts=4 deleted=0
checkpoint_phase lsn=20312 phase=value_index_write slot=0 started_ns=1790163045983087000 ended_ns=1790163046008261042 elapsed_us=25174 block_gets=0 block_puts=4 deleted=0
checkpoint_phase lsn=20312 phase=value_index_write slot=0 started_ns=1790163046008287000 ended_ns=1790163046036751625 elapsed_us=28464 block_gets=0 block_puts=4 deleted=0
checkpoint_phase lsn=20312 phase=value_index_write slot=0 started_ns=1790163046037953000 ended_ns=1790163046070916834 elapsed_us=32963 block_gets=0 block_puts=4 deleted=0
checkpoint_phase lsn=20312 phase=value_index_write slot=0 started_ns=1790163046070942000 ended_ns=1790163046089692750 elapsed_us=18750 block_gets=0 block_puts=4 deleted=0
checkpoint_phase lsn=20312 phase=value_index_write slot=0 started_ns=1790163046089716000 ended_ns=1790163046099371500 elapsed_us=9655 block_gets=0 block_puts=4 deleted=0
checkpoint_phase lsn=20312 phase=value_index_write slot=0 started_ns=1790163046099397000 ended_ns=1790163046108321708 elapsed_us=8924 block_gets=0 block_puts=4 deleted=0
checkpoint_phase lsn=20312 phase=value_index_write slot=0 started_ns=1790163046108343000 ended_ns=1790163046111598834 elapsed_us=3255 block_gets=0 block_puts=4 deleted=0
checkpoint_phase lsn=20312 phase=value_index_write slot=0 started_ns=1790163046111610000 ended_ns=1790163046120419541 elapsed_us=8809 block_gets=0 block_puts=4 deleted=0
checkpoint_phase lsn=20312 phase=value_index_write slot=0 started_ns=1790163046120441000 ended_ns=1790163046126267750 elapsed_us=5826 block_gets=0 block_puts=4 deleted=0
checkpoint_phase lsn=20312 phase=value_index_write slot=0 started_ns=1790163046126287000 ended_ns=1790163046139334209 elapsed_us=13047 block_gets=0 block_puts=4 deleted=0
checkpoint_phase lsn=20312 phase=value_index_write slot=0 started_ns=1790163046139358000 ended_ns=1790163046162453792 elapsed_us=23095 block_gets=0 block_puts=4 deleted=0
checkpoint_phase lsn=20312 phase=value_index_write slot=0 started_ns=1790163046162478000 ended_ns=1790163046192870292 elapsed_us=30392 block_gets=0 block_puts=4 deleted=0
checkpoint_phase lsn=20312 phase=value_index_write slot=0 started_ns=1790163046192896000 ended_ns=1790163046221801416 elapsed_us=28905 block_gets=0 block_puts=4 deleted=0
checkpoint_phase lsn=20312 phase=value_index_write slot=0 started_ns=1790163046221823000 ended_ns=1790163046244287625 elapsed_us=22464 block_gets=0 block_puts=4 deleted=0
checkpoint_phase lsn=20312 phase=value_index_write slot=0 started_ns=1790163046244311000 ended_ns=1790163046280987416 elapsed_us=36676 block_gets=0 block_puts=4 deleted=0
checkpoint_phase lsn=20312 phase=value_index_write slot=0 started_ns=1790163046281015000 ended_ns=1790163046291104167 elapsed_us=10089 block_gets=0 block_puts=4 deleted=0
checkpoint_phase lsn=20312 phase=value_index_write slot=0 started_ns=1790163046291122000 ended_ns=1790163046300530750 elapsed_us=9408 block_gets=0 block_puts=4 deleted=0
checkpoint_phase lsn=20312 phase=value_index_write slot=0 started_ns=1790163046300555000 ended_ns=1790163046305549250 elapsed_us=4994 block_gets=0 block_puts=4 deleted=0
checkpoint_phase lsn=20312 phase=value_index_write slot=0 started_ns=1790163046305570000 ended_ns=1790163046310179125 elapsed_us=4609 block_gets=0 block_puts=4 deleted=0
checkpoint_phase lsn=20312 phase=value_index_write slot=0 started_ns=1790163046310196000 ended_ns=1790163046315005209 elapsed_us=4809 block_gets=0 block_puts=4 deleted=0
checkpoint_phase lsn=20312 phase=value_index_write slot=0 started_ns=1790163046315024000 ended_ns=1790163046319921250 elapsed_us=4897 block_gets=0 block_puts=4 deleted=0
checkpoint_phase lsn=20312 phase=value_index_write slot=0 started_ns=1790163046319939000 ended_ns=1790163046325949625 elapsed_us=6010 block_gets=0 block_puts=4 deleted=0
checkpoint_phase lsn=20312 phase=value_index_write slot=0 started_ns=1790163046325966000 ended_ns=1790163046341218792 elapsed_us=15252 block_gets=0 block_puts=4 deleted=0
checkpoint_phase lsn=20312 phase=value_index_write slot=0 started_ns=1790163046341238000 ended_ns=1790163046355188042 elapsed_us=13950 block_gets=0 block_puts=4 deleted=0
checkpoint_phase lsn=20312 phase=value_index_write slot=0 started_ns=1790163046355211000 ended_ns=1790163046381295083 elapsed_us=26084 block_gets=0 block_puts=5 deleted=0
checkpoint_phase lsn=20312 phase=value_index_write slot=0 started_ns=1790163046381322000 ended_ns=1790163046401586958 elapsed_us=20264 block_gets=0 block_puts=4 deleted=0
checkpoint_phase lsn=20312 phase=value_index_write slot=0 started_ns=1790163046401622000 ended_ns=1790163046428805500 elapsed_us=27183 block_gets=0 block_puts=4 deleted=0
checkpoint_phase lsn=20312 phase=value_index_write slot=0 started_ns=1790163046428836000 ended_ns=1790163046440114125 elapsed_us=11278 block_gets=0 block_puts=4 deleted=0
checkpoint_phase lsn=20312 phase=value_index_write slot=0 started_ns=1790163046440134000 ended_ns=1790163046448413250 elapsed_us=8279 block_gets=0 block_puts=4 deleted=0
checkpoint_phase lsn=20312 phase=value_index_write slot=0 started_ns=1790163046448435000 ended_ns=1790163046463506250 elapsed_us=15071 block_gets=0 block_puts=4 deleted=0
checkpoint_phase lsn=20312 phase=value_index_write slot=0 started_ns=1790163046463528000 ended_ns=1790163046480997875 elapsed_us=17469 block_gets=0 block_puts=4 deleted=0
checkpoint_phase lsn=20312 phase=value_index_write slot=0 started_ns=1790163046481019000 ended_ns=1790163046503341708 elapsed_us=22322 block_gets=0 block_puts=4 deleted=0
checkpoint_phase lsn=20312 phase=value_index_write slot=0 started_ns=1790163046503366000 ended_ns=1790163046531804000 elapsed_us=28438 block_gets=0 block_puts=5 deleted=0
checkpoint_phase lsn=20312 phase=value_index_write slot=0 started_ns=1790163046531830000 ended_ns=1790163046551233417 elapsed_us=19403 block_gets=0 block_puts=4 deleted=0
checkpoint_phase lsn=20312 phase=value_index_write slot=0 started_ns=1790163046551253000 ended_ns=1790163046569398792 elapsed_us=18145 block_gets=0 block_puts=4 deleted=0
checkpoint_phase lsn=20312 phase=value_index_write slot=0 started_ns=1790163046569425000 ended_ns=1790163046574217584 elapsed_us=4792 block_gets=0 block_puts=4 deleted=0
checkpoint_phase lsn=20312 phase=value_index_write slot=0 started_ns=1790163046574229000 ended_ns=1790163046585835500 elapsed_us=11606 block_gets=0 block_puts=4 deleted=0
checkpoint_phase lsn=20312 phase=value_index_write slot=0 started_ns=1790163046585858000 ended_ns=1790163046589938625 elapsed_us=4080 block_gets=0 block_puts=4 deleted=0
checkpoint_phase lsn=20312 phase=value_index_write slot=0 started_ns=1790163046589957000 ended_ns=1790163046594525000 elapsed_us=4568 block_gets=0 block_puts=4 deleted=0
checkpoint_phase lsn=20312 phase=value_index_write slot=0 started_ns=1790163046594541000 ended_ns=1790163046600336375 elapsed_us=5795 block_gets=0 block_puts=4 deleted=0
checkpoint_phase lsn=20312 phase=value_index_write slot=0 started_ns=1790163046600355000 ended_ns=1790163046606487417 elapsed_us=6132 block_gets=0 block_puts=5 deleted=0
checkpoint_phase lsn=20312 phase=value_index_write slot=0 started_ns=1790163046606505000 ended_ns=1790163046612071125 elapsed_us=5566 block_gets=0 block_puts=4 deleted=0
checkpoint_phase lsn=20312 phase=value_index_write slot=0 started_ns=1790163046612089000 ended_ns=1790163046625667791 elapsed_us=13578 block_gets=0 block_puts=4 deleted=0
checkpoint_phase lsn=20312 phase=value_index_write slot=0 started_ns=1790163046625688000 ended_ns=1790163046646151333 elapsed_us=20463 block_gets=0 block_puts=4 deleted=0
checkpoint_phase lsn=20312 phase=value_index_write slot=0 started_ns=1790163046646177000 ended_ns=1790163046669897042 elapsed_us=23720 block_gets=0 block_puts=4 deleted=0
checkpoint_phase lsn=20312 phase=value_index_write slot=0 started_ns=1790163046669926000 ended_ns=1790163046686037750 elapsed_us=16111 block_gets=0 block_puts=4 deleted=0
checkpoint_phase lsn=20312 phase=value_index_write slot=0 started_ns=1790163046686058000 ended_ns=1790163046707430792 elapsed_us=21372 block_gets=0 block_puts=4 deleted=0
checkpoint_phase lsn=20312 phase=value_index_write slot=0 started_ns=1790163046707454000 ended_ns=1790163046738433459 elapsed_us=30979 block_gets=0 block_puts=4 deleted=0
checkpoint_phase lsn=20312 phase=value_index_write slot=0 started_ns=1790163046738458000 ended_ns=1790163046760411916 elapsed_us=21953 block_gets=0 block_puts=5 deleted=0
checkpoint_phase lsn=20312 phase=value_index_write slot=0 started_ns=1790163046760433000 ended_ns=1790163046766339209 elapsed_us=5906 block_gets=0 block_puts=4 deleted=0
checkpoint_phase lsn=20312 phase=value_index_write slot=0 started_ns=1790163046766365000 ended_ns=1790163046770748667 elapsed_us=4383 block_gets=0 block_puts=4 deleted=0
checkpoint_phase lsn=20312 phase=value_index_write slot=0 started_ns=1790163046770766000 ended_ns=1790163046774673667 elapsed_us=3907 block_gets=0 block_puts=4 deleted=0
checkpoint_phase lsn=20312 phase=value_index_write slot=0 started_ns=1790163046774689000 ended_ns=1790163046778876666 elapsed_us=4187 block_gets=0 block_puts=4 deleted=0
checkpoint_phase lsn=20312 phase=value_index_write slot=0 started_ns=1790163046778892000 ended_ns=1790163046782410042 elapsed_us=3518 block_gets=0 block_puts=4 deleted=0
checkpoint_phase lsn=20312 phase=value_index_write slot=0 started_ns=1790163046782423000 ended_ns=1790163046786472459 elapsed_us=4049 block_gets=0 block_puts=4 deleted=0
checkpoint_phase lsn=20312 phase=value_index_write slot=0 started_ns=1790163046786498000 ended_ns=1790163046790279417 elapsed_us=3781 block_gets=0 block_puts=4 deleted=0
checkpoint_phase lsn=20312 phase=value_index_write slot=0 started_ns=1790163046790297000 ended_ns=1790163046796946500 elapsed_us=6649 block_gets=0 block_puts=5 deleted=0
checkpoint_phase lsn=20312 phase=value_index_write slot=0 started_ns=1790163046796962000 ended_ns=1790163046800756042 elapsed_us=3794 block_gets=0 block_puts=4 deleted=0
checkpoint_phase lsn=20312 phase=value_index_write slot=0 started_ns=1790163046800774000 ended_ns=1790163046812204084 elapsed_us=11430 block_gets=0 block_puts=4 deleted=0
checkpoint_phase lsn=20312 phase=value_index_write slot=0 started_ns=1790163046812223000 ended_ns=1790163046827498833 elapsed_us=15275 block_gets=0 block_puts=4 deleted=0
checkpoint_phase lsn=20312 phase=value_index_write slot=0 started_ns=1790163046827519000 ended_ns=1790163046842371000 elapsed_us=14852 block_gets=0 block_puts=4 deleted=0
checkpoint_phase lsn=20312 phase=value_index_write slot=0 started_ns=1790163046842393000 ended_ns=1790163046866471959 elapsed_us=24078 block_gets=0 block_puts=4 deleted=0
checkpoint_phase lsn=20312 phase=value_index_write slot=0 started_ns=1790163046866496000 ended_ns=1790163046884141166 elapsed_us=17645 block_gets=0 block_puts=4 deleted=0
checkpoint_phase lsn=20312 phase=value_index_write slot=0 started_ns=1790163046884161000 ended_ns=1790163046905377417 elapsed_us=21216 block_gets=0 block_puts=4 deleted=0
checkpoint_phase lsn=20312 phase=value_index_write slot=0 started_ns=1790163046905403000 ended_ns=1790163046912435167 elapsed_us=7032 block_gets=0 block_puts=5 deleted=0
checkpoint_phase lsn=20312 phase=value_index_write slot=0 started_ns=1790163046912454000 ended_ns=1790163046919073500 elapsed_us=6619 block_gets=0 block_puts=4 deleted=0
checkpoint_phase lsn=20312 phase=value_index_write slot=0 started_ns=1790163046919095000 ended_ns=1790163046924821541 elapsed_us=5726 block_gets=0 block_puts=4 deleted=0
checkpoint_phase lsn=20312 phase=value_index_write slot=0 started_ns=1790163046924840000 ended_ns=1790163046928827500 elapsed_us=3987 block_gets=0 block_puts=4 deleted=0
checkpoint_phase lsn=20312 phase=value_index_write slot=0 started_ns=1790163046928843000 ended_ns=1790163046934243542 elapsed_us=5400 block_gets=0 block_puts=4 deleted=0
checkpoint_phase lsn=20312 phase=value_index_write slot=0 started_ns=1790163046934265000 ended_ns=1790163046938372250 elapsed_us=4107 block_gets=0 block_puts=4 deleted=0
checkpoint_phase lsn=20312 phase=value_index_write slot=0 started_ns=1790163046938389000 ended_ns=1790163046942500334 elapsed_us=4111 block_gets=0 block_puts=4 deleted=0
checkpoint_phase lsn=20312 phase=value_index_write slot=0 started_ns=1790163046942519000 ended_ns=1790163046946531500 elapsed_us=4012 block_gets=0 block_puts=4 deleted=0
checkpoint_phase lsn=20312 phase=value_index_write slot=0 started_ns=1790163046946547000 ended_ns=1790163046957731709 elapsed_us=11184 block_gets=0 block_puts=5 deleted=0
checkpoint_phase lsn=20312 phase=value_index_write slot=0 started_ns=1790163046957756000 ended_ns=1790163047000502292 elapsed_us=42746 block_gets=0 block_puts=4 deleted=0
checkpoint_phase lsn=20312 phase=value_index_write slot=0 started_ns=1790163047000628000 ended_ns=1790163047048655375 elapsed_us=48027 block_gets=0 block_puts=4 deleted=0
checkpoint_phase lsn=20312 phase=value_index_write slot=0 started_ns=1790163047048686000 ended_ns=1790163047087544291 elapsed_us=38858 block_gets=0 block_puts=4 deleted=0
checkpoint_phase lsn=20312 phase=value_index_write slot=0 started_ns=1790163047087571000 ended_ns=1790163047105266291 elapsed_us=17695 block_gets=0 block_puts=4 deleted=0
checkpoint_phase lsn=20312 phase=value_index_write slot=0 started_ns=1790163047105294000 ended_ns=1790163047111803750 elapsed_us=6509 block_gets=0 block_puts=4 deleted=0
checkpoint_phase lsn=20312 phase=value_index_write slot=0 started_ns=1790163047111824000 ended_ns=1790163047119182500 elapsed_us=7358 block_gets=0 block_puts=4 deleted=0
checkpoint_phase lsn=20312 phase=value_index_write slot=0 started_ns=1790163047119202000 ended_ns=1790163047130367125 elapsed_us=11165 block_gets=0 block_puts=4 deleted=0
checkpoint_phase lsn=20312 phase=value_index_write slot=0 started_ns=1790163047130390000 ended_ns=1790163047141285708 elapsed_us=10895 block_gets=0 block_puts=5 deleted=0
checkpoint_phase lsn=20312 phase=value_index_write slot=0 started_ns=1790163047141309000 ended_ns=1790163047161265625 elapsed_us=19956 block_gets=0 block_puts=4 deleted=0
checkpoint_phase lsn=20312 phase=value_index_write slot=0 started_ns=1790163047161291000 ended_ns=1790163047189049917 elapsed_us=27758 block_gets=0 block_puts=4 deleted=0
checkpoint_phase lsn=20312 phase=value_index_write slot=0 started_ns=1790163047189073000 ended_ns=1790163047224353208 elapsed_us=35280 block_gets=0 block_puts=4 deleted=0
checkpoint_phase lsn=20312 phase=value_index_write slot=0 started_ns=1790163047224384000 ended_ns=1790163047243643459 elapsed_us=19259 block_gets=0 block_puts=4 deleted=0
checkpoint_phase lsn=20312 phase=value_index_write slot=0 started_ns=1790163047243666000 ended_ns=1790163047249690291 elapsed_us=6024 block_gets=0 block_puts=4 deleted=0
checkpoint_phase lsn=20312 phase=value_index_write slot=0 started_ns=1790163047249706000 ended_ns=1790163047260455042 elapsed_us=10749 block_gets=0 block_puts=4 deleted=0
checkpoint_phase lsn=20312 phase=value_index_write slot=0 started_ns=1790163047260477000 ended_ns=1790163047274375000 elapsed_us=13898 block_gets=0 block_puts=4 deleted=0
checkpoint_phase lsn=20312 phase=value_index_write slot=0 started_ns=1790163047274397000 ended_ns=1790163047290302583 elapsed_us=15905 block_gets=0 block_puts=5 deleted=0
checkpoint_phase lsn=20312 phase=value_index_write slot=0 started_ns=1790163047290323000 ended_ns=1790163047310081167 elapsed_us=19758 block_gets=0 block_puts=4 deleted=0
checkpoint_phase lsn=20312 phase=value_index_write slot=0 started_ns=1790163047310102000 ended_ns=1790163047341192209 elapsed_us=31090 block_gets=0 block_puts=4 deleted=0
checkpoint_phase lsn=20312 phase=value_index_write slot=0 started_ns=1790163047341223000 ended_ns=1790163047363920875 elapsed_us=22697 block_gets=0 block_puts=4 deleted=0
checkpoint_phase lsn=20312 phase=value_index_write slot=0 started_ns=1790163047363944000 ended_ns=1790163047384053292 elapsed_us=20109 block_gets=0 block_puts=4 deleted=0
checkpoint_phase lsn=20312 phase=value_index_write slot=0 started_ns=1790163047384073000 ended_ns=1790163047396279917 elapsed_us=12206 block_gets=0 block_puts=4 deleted=0
checkpoint_phase lsn=20312 phase=value_index_write slot=0 started_ns=1790163047396293000 ended_ns=1790163047419631875 elapsed_us=23338 block_gets=0 block_puts=4 deleted=0
checkpoint_phase lsn=20312 phase=value_index_write slot=0 started_ns=1790163047419654000 ended_ns=1790163047433924875 elapsed_us=14270 block_gets=0 block_puts=4 deleted=0
checkpoint_phase lsn=20312 phase=value_index_write slot=0 started_ns=1790163047433947000 ended_ns=1790163047453308333 elapsed_us=19361 block_gets=0 block_puts=5 deleted=0
checkpoint_phase lsn=20312 phase=value_index_write slot=0 started_ns=1790163047453332000 ended_ns=1790163047463379583 elapsed_us=10047 block_gets=0 block_puts=4 deleted=0
checkpoint_phase lsn=20312 phase=value_index_write slot=0 started_ns=1790163047463413000 ended_ns=1790163047477455834 elapsed_us=14042 block_gets=0 block_puts=4 deleted=0
checkpoint_phase lsn=20312 phase=value_index_write slot=0 started_ns=1790163047477476000 ended_ns=1790163047490650875 elapsed_us=13174 block_gets=0 block_puts=4 deleted=0
checkpoint_phase lsn=20312 phase=value_index_write slot=0 started_ns=1790163047490676000 ended_ns=1790163047514910875 elapsed_us=24234 block_gets=0 block_puts=4 deleted=0
checkpoint_phase lsn=20312 phase=value_index_write slot=0 started_ns=1790163047514936000 ended_ns=1790163047546171000 elapsed_us=31235 block_gets=0 block_puts=4 deleted=0
checkpoint_phase lsn=20312 phase=value_index_write slot=0 started_ns=1790163047546214000 ended_ns=1790163047573669166 elapsed_us=27455 block_gets=0 block_puts=4 deleted=0
checkpoint_phase lsn=20312 phase=value_index_write slot=0 started_ns=1790163047573696000 ended_ns=1790163047586272250 elapsed_us=12576 block_gets=0 block_puts=4 deleted=0
checkpoint_phase lsn=20312 phase=value_index_write slot=0 started_ns=1790163047586292000 ended_ns=1790163047592120625 elapsed_us=5828 block_gets=0 block_puts=5 deleted=0
checkpoint_phase lsn=20312 phase=value_index_write slot=0 started_ns=1790163047592144000 ended_ns=1790163047598642959 elapsed_us=6498 block_gets=0 block_puts=4 deleted=0
checkpoint_phase lsn=20312 phase=value_index_write slot=0 started_ns=1790163047598664000 ended_ns=1790163047603223708 elapsed_us=4559 block_gets=0 block_puts=4 deleted=0
checkpoint_phase lsn=20312 phase=value_index_write slot=0 started_ns=1790163047603238000 ended_ns=1790163047610769417 elapsed_us=7531 block_gets=0 block_puts=4 deleted=0
checkpoint_phase lsn=20312 phase=value_index_write slot=0 started_ns=1790163047610788000 ended_ns=1790163047619757250 elapsed_us=8969 block_gets=0 block_puts=4 deleted=0
checkpoint_phase lsn=20312 phase=value_index_write slot=0 started_ns=1790163047619778000 ended_ns=1790163047676196542 elapsed_us=56418 block_gets=0 block_puts=4 deleted=0
checkpoint_phase lsn=20312 phase=value_index_write slot=0 started_ns=1790163047676227000 ended_ns=1790163047772646167 elapsed_us=96419 block_gets=0 block_puts=4 deleted=0
checkpoint_phase lsn=20312 phase=value_index_write slot=0 started_ns=1790163047772686000 ended_ns=1790163047783711416 elapsed_us=11025 block_gets=0 block_puts=4 deleted=0
checkpoint_phase lsn=20312 phase=value_index_write slot=0 started_ns=1790163047783732000 ended_ns=1790163047801055208 elapsed_us=17323 block_gets=0 block_puts=5 deleted=0
checkpoint_phase lsn=20312 phase=value_index_write slot=0 started_ns=1790163047801085000 ended_ns=1790163047807858125 elapsed_us=6773 block_gets=0 block_puts=4 deleted=0
checkpoint_phase lsn=20312 phase=value_index_write slot=0 started_ns=1790163047807879000 ended_ns=1790163047827360875 elapsed_us=19481 block_gets=0 block_puts=4 deleted=0
checkpoint_phase lsn=20312 phase=value_index_write slot=0 started_ns=1790163047827382000 ended_ns=1790163047856941583 elapsed_us=29559 block_gets=0 block_puts=4 deleted=0
checkpoint_phase lsn=20312 phase=value_index_write slot=0 started_ns=1790163047856966000 ended_ns=1790163047898181667 elapsed_us=41215 block_gets=0 block_puts=4 deleted=0
checkpoint_phase lsn=20312 phase=value_index_write slot=0 started_ns=1790163047898210000 ended_ns=1790163047915725375 elapsed_us=17515 block_gets=0 block_puts=4 deleted=0
checkpoint_phase lsn=20312 phase=value_index_write slot=0 started_ns=1790163047915745000 ended_ns=1790163047932912042 elapsed_us=17167 block_gets=0 block_puts=4 deleted=0
checkpoint_phase lsn=20312 phase=value_index_write slot=0 started_ns=1790163047932932000 ended_ns=1790163047961932792 elapsed_us=29000 block_gets=0 block_puts=4 deleted=0
checkpoint_phase lsn=20312 phase=value_index_write slot=0 started_ns=1790163047961957000 ended_ns=1790163047971337333 elapsed_us=9380 block_gets=0 block_puts=5 deleted=0
checkpoint_phase lsn=20312 phase=value_index_write slot=0 started_ns=1790163047971353000 ended_ns=1790163047976611083 elapsed_us=5258 block_gets=0 block_puts=4 deleted=0
checkpoint_phase lsn=20312 phase=value_index_write slot=0 started_ns=1790163047976651000 ended_ns=1790163047986892334 elapsed_us=10241 block_gets=0 block_puts=4 deleted=0
checkpoint_phase lsn=20312 phase=value_index_write slot=0 started_ns=1790163047986909000 ended_ns=1790163047995097417 elapsed_us=8188 block_gets=0 block_puts=5 deleted=0
checkpoint_phase lsn=20312 phase=value_index_schedule slot=0 started_ns=1790163047996183000 ended_ns=1790163047996186667 elapsed_us=3 block_gets=0 block_puts=0 deleted=0
checkpoint_phase lsn=20312 phase=value_index_schedule slot=0 started_ns=1790163047996200000 ended_ns=1790163047997061584 elapsed_us=861 block_gets=0 block_puts=0 deleted=0
checkpoint_phase lsn=20312 phase=value_index_schedule slot=0 started_ns=1790163047997083000 ended_ns=1790163048044846541 elapsed_us=47763 block_gets=8 block_puts=0 deleted=0
checkpoint_phase lsn=20312 phase=value_index_schedule slot=0 started_ns=1790163048044877000 ended_ns=1790163048109073625 elapsed_us=64196 block_gets=8 block_puts=0 deleted=0
checkpoint_phase lsn=20312 phase=value_index_schedule slot=0 started_ns=1790163048109104000 ended_ns=1790163048146507917 elapsed_us=37403 block_gets=3 block_puts=0 deleted=0
checkpoint_phase lsn=20312 phase=value_index_schedule slot=0 started_ns=1790163048147474000 ended_ns=1790163048147502834 elapsed_us=28 block_gets=0 block_puts=0 deleted=0
checkpoint_phase lsn=20312 phase=value_index_schedule slot=0 started_ns=1790163048147514000 ended_ns=1790163048147537334 elapsed_us=23 block_gets=0 block_puts=0 deleted=0
checkpoint_phase lsn=20312 phase=value_index_schedule slot=0 started_ns=1790163048147546000 ended_ns=1790163048147568209 elapsed_us=22 block_gets=0 block_puts=0 deleted=0
checkpoint_phase lsn=20312 phase=value_index_schedule slot=0 started_ns=1790163048147576000 ended_ns=1790163048165508084 elapsed_us=17932 block_gets=0 block_puts=1 deleted=0
checkpoint_phase lsn=20312 phase=value_index_schedule slot=0 started_ns=1790163048165535000 ended_ns=1790163048165586334 elapsed_us=51 block_gets=0 block_puts=0 deleted=0
checkpoint_phase lsn=20312 phase=value_index_schedule slot=0 started_ns=1790163048165594000 ended_ns=1790163048172876125 elapsed_us=7282 block_gets=0 block_puts=4 deleted=0
checkpoint_phase lsn=20312 phase=value_index_schedule slot=0 started_ns=1790163048172894000 ended_ns=1790163048178111916 elapsed_us=5217 block_gets=8 block_puts=0 deleted=0
checkpoint_phase lsn=20312 phase=value_index_schedule slot=0 started_ns=1790163048178126000 ended_ns=1790163048186432375 elapsed_us=8306 block_gets=8 block_puts=0 deleted=0
checkpoint_phase lsn=20312 phase=value_index_schedule slot=0 started_ns=1790163048186450000 ended_ns=1790163048195333375 elapsed_us=8883 block_gets=8 block_puts=0 deleted=0
checkpoint_phase lsn=20312 phase=value_index_schedule slot=0 started_ns=1790163048195353000 ended_ns=1790163048200816083 elapsed_us=5463 block_gets=8 block_puts=0 deleted=0
checkpoint_phase lsn=20312 phase=value_index_schedule slot=0 started_ns=1790163048200832000 ended_ns=1790163048222867625 elapsed_us=22035 block_gets=8 block_puts=0 deleted=0
checkpoint_phase lsn=20312 phase=value_index_schedule slot=0 started_ns=1790163048222888000 ended_ns=1790163048248860500 elapsed_us=25972 block_gets=8 block_puts=0 deleted=0
checkpoint_phase lsn=20312 phase=value_index_schedule slot=0 started_ns=1790163048248887000 ended_ns=1790163048314632458 elapsed_us=65745 block_gets=8 block_puts=0 deleted=0
checkpoint_phase lsn=20312 phase=value_index_schedule slot=0 started_ns=1790163048314664000 ended_ns=1790163048336328000 elapsed_us=21664 block_gets=8 block_puts=0 deleted=0
checkpoint_phase lsn=20312 phase=value_index_schedule slot=0 started_ns=1790163048336350000 ended_ns=1790163048355495792 elapsed_us=19145 block_gets=8 block_puts=0 deleted=0
checkpoint_phase lsn=20312 phase=value_index_schedule slot=0 started_ns=1790163048355516000 ended_ns=1790163048368232458 elapsed_us=12716 block_gets=8 block_puts=0 deleted=0
checkpoint_phase lsn=20312 phase=value_index_schedule slot=0 started_ns=1790163048368254000 ended_ns=1790163048379402417 elapsed_us=11148 block_gets=8 block_puts=0 deleted=0
checkpoint_phase lsn=20312 phase=value_index_schedule slot=0 started_ns=1790163048379456000 ended_ns=1790163048388114250 elapsed_us=8658 block_gets=7 block_puts=0 deleted=0
checkpoint_phase lsn=20312 phase=value_index_schedule slot=0 started_ns=1790163048388136000 ended_ns=1790163048388163250 elapsed_us=27 block_gets=0 block_puts=0 deleted=0
checkpoint_phase lsn=20312 phase=value_index_schedule slot=0 started_ns=1790163048388171000 ended_ns=1790163048388194291 elapsed_us=23 block_gets=0 block_puts=0 deleted=0
checkpoint_phase lsn=20312 phase=value_index_schedule slot=0 started_ns=1790163048388204000 ended_ns=1790163048388227583 elapsed_us=23 block_gets=0 block_puts=0 deleted=0
checkpoint_phase lsn=20312 phase=value_index_schedule slot=0 started_ns=1790163048388237000 ended_ns=1790163048399460709 elapsed_us=11223 block_gets=0 block_puts=1 deleted=0
checkpoint_phase lsn=20312 phase=value_index_schedule slot=0 started_ns=1790163048399483000 ended_ns=1790163048399509417 elapsed_us=26 block_gets=0 block_puts=0 deleted=0
checkpoint_phase lsn=20312 phase=value_index_schedule slot=0 started_ns=1790163048399517000 ended_ns=1790163048515278417 elapsed_us=115761 block_gets=0 block_puts=4 deleted=0
checkpoint_phase lsn=20312 phase=value_index_schedule slot=0 started_ns=1790163048515324000 ended_ns=1790163048516023042 elapsed_us=699 block_gets=0 block_puts=0 deleted=0
checkpoint_phase lsn=20312 phase=value_index_schedule slot=0 started_ns=1790163048516033000 ended_ns=1790163048516177917 elapsed_us=144 block_gets=0 block_puts=0 deleted=0
checkpoint_phase lsn=20312 phase=value_index_schedule slot=0 started_ns=1790163048516186000 ended_ns=1790163048516323417 elapsed_us=137 block_gets=0 block_puts=0 deleted=0
checkpoint_phase lsn=20312 phase=value_index_schedule slot=0 started_ns=1790163048516330000 ended_ns=1790163048516465125 elapsed_us=135 block_gets=0 block_puts=0 deleted=0
checkpoint_phase lsn=20312 phase=value_index_schedule slot=0 started_ns=1790163048516470000 ended_ns=1790163048555428083 elapsed_us=38958 block_gets=0 block_puts=1 deleted=0
checkpoint_phase lsn=20312 phase=value_index_schedule slot=0 started_ns=1790163048555455000 ended_ns=1790163048555602291 elapsed_us=147 block_gets=0 block_puts=0 deleted=0
checkpoint_phase lsn=20312 phase=value_index_schedule slot=0 started_ns=1790163048555610000 ended_ns=1790163048555753042 elapsed_us=143 block_gets=0 block_puts=0 deleted=0
checkpoint_phase lsn=20312 phase=value_index_schedule slot=0 started_ns=1790163048555760000 ended_ns=1790163048555896167 elapsed_us=136 block_gets=0 block_puts=0 deleted=0
checkpoint_phase lsn=20312 phase=value_index_schedule slot=0 started_ns=1790163048555904000 ended_ns=1790163048566723208 elapsed_us=10819 block_gets=0 block_puts=1 deleted=0
checkpoint_phase lsn=20312 phase=value_index_schedule slot=0 started_ns=1790163048566753000 ended_ns=1790163048566840292 elapsed_us=87 block_gets=0 block_puts=0 deleted=0
checkpoint_phase lsn=20312 phase=value_index_schedule slot=0 started_ns=1790163048566856000 ended_ns=1790163048566956000 elapsed_us=100 block_gets=0 block_puts=0 deleted=0
checkpoint_phase lsn=20312 phase=value_index_schedule slot=0 started_ns=1790163048566977000 ended_ns=1790163048567033917 elapsed_us=56 block_gets=0 block_puts=0 deleted=0
checkpoint_phase lsn=20312 phase=value_index_schedule slot=0 started_ns=1790163048567043000 ended_ns=1790163048586646500 elapsed_us=19603 block_gets=0 block_puts=4 deleted=0
checkpoint_phase lsn=20312 phase=value_index_schedule slot=0 started_ns=1790163048586667000 ended_ns=1790163048589661708 elapsed_us=2994 block_gets=0 block_puts=0 deleted=0
checkpoint_phase lsn=20312 phase=value_index_schedule slot=0 started_ns=1790163048589690000 ended_ns=1790163048592381917 elapsed_us=2691 block_gets=0 block_puts=0 deleted=0
checkpoint_phase lsn=20312 phase=value_index_schedule slot=0 started_ns=1790163048592397000 ended_ns=1790163048592424167 elapsed_us=27 block_gets=0 block_puts=0 deleted=0
checkpoint_phase lsn=20312 phase=value_index_schedule slot=0 started_ns=1790163048592431000 ended_ns=1790163048592453291 elapsed_us=22 block_gets=0 block_puts=0 deleted=0
checkpoint_phase lsn=20312 phase=value_index_schedule slot=0 started_ns=1790163048592473000 ended_ns=1790163048592495292 elapsed_us=22 block_gets=0 block_puts=0 deleted=0
checkpoint_phase lsn=20312 phase=value_index_schedule slot=0 started_ns=1790163048592501000 ended_ns=1790163048645057167 elapsed_us=52556 block_gets=0 block_puts=1 deleted=0
checkpoint_phase lsn=20312 phase=value_index_schedule slot=0 started_ns=1790163048645089000 ended_ns=1790163048645121250 elapsed_us=32 block_gets=0 block_puts=0 deleted=0
checkpoint_phase lsn=20312 phase=value_index_schedule slot=0 started_ns=1790163048645129000 ended_ns=1790163048725010167 elapsed_us=79881 block_gets=0 block_puts=4 deleted=0
checkpoint_phase lsn=20312 phase=value_index_schedule slot=0 started_ns=1790163048725055000 ended_ns=1790163048727927250 elapsed_us=2872 block_gets=0 block_puts=0 deleted=0
checkpoint_phase lsn=20312 phase=value_index_schedule slot=0 started_ns=1790163048727939000 ended_ns=1790163048730527208 elapsed_us=2588 block_gets=0 block_puts=0 deleted=0
checkpoint_phase lsn=20312 phase=value_index_schedule slot=0 started_ns=1790163048730536000 ended_ns=1790163048730563625 elapsed_us=27 block_gets=0 block_puts=0 deleted=0
checkpoint_phase lsn=20312 phase=value_index_schedule slot=0 started_ns=1790163048730571000 ended_ns=1790163048730593542 elapsed_us=22 block_gets=0 block_puts=0 deleted=0
checkpoint_phase lsn=20312 phase=value_index_schedule slot=0 started_ns=1790163048730602000 ended_ns=1790163048730624459 elapsed_us=22 block_gets=0 block_puts=0 deleted=0
checkpoint_phase lsn=20312 phase=value_index_schedule slot=0 started_ns=1790163048730635000 ended_ns=1790163048743195042 elapsed_us=12560 block_gets=0 block_puts=1 deleted=0
checkpoint_phase lsn=20312 phase=value_index_schedule slot=0 started_ns=1790163048743215000 ended_ns=1790163048743243417 elapsed_us=28 block_gets=0 block_puts=0 deleted=0
checkpoint_phase lsn=20312 phase=value_index_schedule slot=0 started_ns=1790163048743251000 ended_ns=1790163048751690000 elapsed_us=8439 block_gets=0 block_puts=4 deleted=0
checkpoint_phase lsn=20312 phase=value_index_schedule slot=0 started_ns=1790163048751711000 ended_ns=1790163048752417125 elapsed_us=706 block_gets=0 block_puts=0 deleted=0
checkpoint_phase lsn=20312 phase=value_index_schedule slot=0 started_ns=1790163048752436000 ended_ns=1790163048752573417 elapsed_us=137 block_gets=0 block_puts=0 deleted=0
checkpoint_phase lsn=20312 phase=value_index_schedule slot=0 started_ns=1790163048752582000 ended_ns=1790163048752709834 elapsed_us=127 block_gets=0 block_puts=0 deleted=0
checkpoint_phase lsn=20312 phase=value_index_schedule slot=0 started_ns=1790163048752720000 ended_ns=1790163048752846875 elapsed_us=126 block_gets=0 block_puts=0 deleted=0
checkpoint_phase lsn=20312 phase=value_index_schedule slot=0 started_ns=1790163048752855000 ended_ns=1790163048759724583 elapsed_us=6869 block_gets=0 block_puts=1 deleted=0
checkpoint_phase lsn=20312 phase=value_index_schedule slot=0 started_ns=1790163048759742000 ended_ns=1790163048759886958 elapsed_us=144 block_gets=0 block_puts=0 deleted=0
checkpoint_phase lsn=20312 phase=value_index_schedule slot=0 started_ns=1790163048759898000 ended_ns=1790163048760034583 elapsed_us=136 block_gets=0 block_puts=0 deleted=0
checkpoint_phase lsn=20312 phase=value_index_schedule slot=0 started_ns=1790163048760042000 ended_ns=1790163048760173166 elapsed_us=131 block_gets=0 block_puts=0 deleted=0
checkpoint_phase lsn=20312 phase=value_index_schedule slot=0 started_ns=1790163048760179000 ended_ns=1790163048766445125 elapsed_us=6266 block_gets=0 block_puts=1 deleted=0
checkpoint_phase lsn=20312 phase=value_index_schedule slot=0 started_ns=1790163048766465000 ended_ns=1790163048766552833 elapsed_us=87 block_gets=0 block_puts=0 deleted=0
checkpoint_phase lsn=20312 phase=value_index_schedule slot=0 started_ns=1790163048766560000 ended_ns=1790163048766643708 elapsed_us=83 block_gets=0 block_puts=0 deleted=0
checkpoint_phase lsn=20312 phase=value_index_schedule slot=0 started_ns=1790163048766650000 ended_ns=1790163048766711541 elapsed_us=61 block_gets=0 block_puts=0 deleted=0
checkpoint_phase lsn=20312 phase=value_index_schedule slot=0 started_ns=1790163048766729000 ended_ns=1790163048781767792 elapsed_us=15038 block_gets=0 block_puts=4 deleted=0
checkpoint_phase lsn=20312 phase=value_index_schedule slot=0 started_ns=1790163048781789000 ended_ns=1790163048782515541 elapsed_us=726 block_gets=0 block_puts=0 deleted=0
checkpoint_phase lsn=20312 phase=value_index_schedule slot=0 started_ns=1790163048782535000 ended_ns=1790163048782676334 elapsed_us=141 block_gets=0 block_puts=0 deleted=0
checkpoint_phase lsn=20312 phase=value_index_schedule slot=0 started_ns=1790163048782686000 ended_ns=1790163048782817125 elapsed_us=131 block_gets=0 block_puts=0 deleted=0
checkpoint_phase lsn=20312 phase=value_index_schedule slot=0 started_ns=1790163048782825000 ended_ns=1790163048782958583 elapsed_us=133 block_gets=0 block_puts=0 deleted=0
checkpoint_phase lsn=20312 phase=value_index_schedule slot=0 started_ns=1790163048782966000 ended_ns=1790163048817093000 elapsed_us=34127 block_gets=0 block_puts=1 deleted=0
checkpoint_phase lsn=20312 phase=value_index_schedule slot=0 started_ns=1790163048817117000 ended_ns=1790163048817257333 elapsed_us=140 block_gets=0 block_puts=0 deleted=0
checkpoint_phase lsn=20312 phase=value_index_schedule slot=0 started_ns=1790163048817264000 ended_ns=1790163048817398333 elapsed_us=134 block_gets=0 block_puts=0 deleted=0
checkpoint_phase lsn=20312 phase=value_index_schedule slot=0 started_ns=1790163048817403000 ended_ns=1790163048817533834 elapsed_us=130 block_gets=0 block_puts=0 deleted=0
checkpoint_phase lsn=20312 phase=value_index_schedule slot=0 started_ns=1790163048817539000 ended_ns=1790163048893189000 elapsed_us=75650 block_gets=0 block_puts=1 deleted=0
checkpoint_phase lsn=20312 phase=value_index_schedule slot=0 started_ns=1790163048893223000 ended_ns=1790163048893946458 elapsed_us=723 block_gets=0 block_puts=0 deleted=0
checkpoint_phase lsn=20312 phase=value_index_schedule slot=0 started_ns=1790163048893954000 ended_ns=1790163048894090792 elapsed_us=136 block_gets=0 block_puts=0 deleted=0
checkpoint_phase lsn=20312 phase=value_index_schedule slot=0 started_ns=1790163048894097000 ended_ns=1790163048894259458 elapsed_us=162 block_gets=0 block_puts=0 deleted=0
checkpoint_phase lsn=20312 phase=value_index_schedule slot=0 started_ns=1790163048894270000 ended_ns=1790163048934840917 elapsed_us=40570 block_gets=0 block_puts=1 deleted=0
checkpoint_phase lsn=20312 phase=value_index_schedule slot=0 started_ns=1790163048934869000 ended_ns=1790163048934914208 elapsed_us=45 block_gets=0 block_puts=0 deleted=0
checkpoint_phase lsn=20312 phase=value_index_schedule slot=0 started_ns=1790163048934920000 ended_ns=1790163048935055958 elapsed_us=135 block_gets=0 block_puts=0 deleted=0
checkpoint_phase lsn=20312 phase=value_index_schedule slot=0 started_ns=1790163048935062000 ended_ns=1790163048942111167 elapsed_us=7049 block_gets=0 block_puts=1 deleted=0
checkpoint_phase lsn=20312 phase=value_index_schedule slot=0 started_ns=1790163048942142000 ended_ns=1790163048942258750 elapsed_us=116 block_gets=0 block_puts=0 deleted=0
checkpoint_phase lsn=20312 phase=value_index_schedule slot=0 started_ns=1790163048942267000 ended_ns=1790163048942378375 elapsed_us=111 block_gets=0 block_puts=0 deleted=0
checkpoint_phase lsn=20312 phase=value_index_schedule slot=0 started_ns=1790163048942387000 ended_ns=1790163048942498125 elapsed_us=111 block_gets=0 block_puts=0 deleted=0
checkpoint_phase lsn=20312 phase=value_index_schedule slot=0 started_ns=1790163048942506000 ended_ns=1790163048955092875 elapsed_us=12586 block_gets=0 block_puts=1 deleted=0
checkpoint_phase lsn=20312 phase=value_index_schedule slot=0 started_ns=1790163048955116000 ended_ns=1790163048955233083 elapsed_us=117 block_gets=0 block_puts=0 deleted=0
checkpoint_phase lsn=20312 phase=value_index_schedule slot=0 started_ns=1790163048955243000 ended_ns=1790163048955350000 elapsed_us=107 block_gets=0 block_puts=0 deleted=0
checkpoint_phase lsn=20312 phase=value_index_schedule slot=0 started_ns=1790163048955378000 ended_ns=1790163048973596666 elapsed_us=18218 block_gets=0 block_puts=4 deleted=0
checkpoint_phase lsn=20312 phase=value_index_schedule slot=0 started_ns=1790163048973616000 ended_ns=1790163048976475250 elapsed_us=2859 block_gets=0 block_puts=0 deleted=0
checkpoint_phase lsn=20312 phase=value_index_schedule slot=0 started_ns=1790163048976486000 ended_ns=1790163048979147000 elapsed_us=2661 block_gets=0 block_puts=0 deleted=0
checkpoint_phase lsn=20312 phase=value_index_schedule slot=0 started_ns=1790163048979159000 ended_ns=1790163048979185333 elapsed_us=26 block_gets=0 block_puts=0 deleted=0
checkpoint_phase lsn=20312 phase=value_index_schedule slot=0 started_ns=1790163048979192000 ended_ns=1790163048979214625 elapsed_us=22 block_gets=0 block_puts=0 deleted=0
checkpoint_phase lsn=20312 phase=value_index_schedule slot=0 started_ns=1790163048979220000 ended_ns=1790163048979242375 elapsed_us=22 block_gets=0 block_puts=0 deleted=0
checkpoint_phase lsn=20312 phase=value_index_schedule slot=0 started_ns=1790163048979247000 ended_ns=1790163048997074792 elapsed_us=17827 block_gets=0 block_puts=1 deleted=0
checkpoint_phase lsn=20312 phase=value_index_schedule slot=0 started_ns=1790163048997097000 ended_ns=1790163048997126166 elapsed_us=29 block_gets=0 block_puts=0 deleted=0
checkpoint_phase lsn=20312 phase=value_index_schedule slot=0 started_ns=1790163048997132000 ended_ns=1790163049031949375 elapsed_us=34817 block_gets=0 block_puts=4 deleted=0
checkpoint_phase lsn=20312 phase=value_index_schedule slot=0 started_ns=1790163049031983000 ended_ns=1790163049034867792 elapsed_us=2884 block_gets=0 block_puts=0 deleted=0
checkpoint_phase lsn=20312 phase=value_index_schedule slot=0 started_ns=1790163049034890000 ended_ns=1790163049035335458 elapsed_us=445 block_gets=0 block_puts=0 deleted=0
checkpoint_phase lsn=20312 phase=value_index_schedule slot=0 started_ns=1790163049035343000 ended_ns=1790163049035370083 elapsed_us=27 block_gets=0 block_puts=0 deleted=0
checkpoint_phase lsn=20312 phase=value_index_schedule slot=0 started_ns=1790163049035376000 ended_ns=1790163049035398500 elapsed_us=22 block_gets=0 block_puts=0 deleted=0
checkpoint_phase lsn=20312 phase=value_index_schedule slot=0 started_ns=1790163049035404000 ended_ns=1790163049035426500 elapsed_us=22 block_gets=0 block_puts=0 deleted=0
checkpoint_phase lsn=20312 phase=value_index_schedule slot=0 started_ns=1790163049035432000 ended_ns=1790163049073526292 elapsed_us=38094 block_gets=0 block_puts=4 deleted=0
checkpoint_phase lsn=20312 phase=value_index_schedule slot=0 started_ns=1790163049073552000 ended_ns=1790163049073723333 elapsed_us=171 block_gets=0 block_puts=0 deleted=0
checkpoint_phase lsn=20312 phase=value_index_schedule slot=0 started_ns=1790163049073733000 ended_ns=1790163049073859041 elapsed_us=126 block_gets=0 block_puts=0 deleted=0
checkpoint_phase lsn=20312 phase=value_index_schedule slot=0 started_ns=1790163049073867000 ended_ns=1790163049073985000 elapsed_us=118 block_gets=0 block_puts=0 deleted=0
checkpoint_phase lsn=20312 phase=value_index_schedule slot=0 started_ns=1790163049073994000 ended_ns=1790163049074112583 elapsed_us=118 block_gets=0 block_puts=0 deleted=0
checkpoint_phase lsn=20312 phase=value_index_schedule slot=0 started_ns=1790163049074118000 ended_ns=1790163049081192584 elapsed_us=7074 block_gets=0 block_puts=1 deleted=0
checkpoint_phase lsn=20312 phase=value_index_schedule slot=0 started_ns=1790163049081215000 ended_ns=1790163049081340041 elapsed_us=125 block_gets=0 block_puts=0 deleted=0
checkpoint_phase lsn=20312 phase=value_index_schedule slot=0 started_ns=1790163049081350000 ended_ns=1790163049081468917 elapsed_us=118 block_gets=0 block_puts=0 deleted=0
checkpoint_phase lsn=20312 phase=value_index_schedule slot=0 started_ns=1790163049081478000 ended_ns=1790163049081632584 elapsed_us=154 block_gets=0 block_puts=0 deleted=0
checkpoint_phase lsn=20312 phase=value_index_schedule slot=0 started_ns=1790163049081640000 ended_ns=1790163049090143792 elapsed_us=8503 block_gets=0 block_puts=1 deleted=0
checkpoint_phase lsn=20312 phase=value_index_schedule slot=0 started_ns=1790163049090180000 ended_ns=1790163049090276792 elapsed_us=96 block_gets=0 block_puts=0 deleted=0
checkpoint_phase lsn=20312 phase=value_index_schedule slot=0 started_ns=1790163049090285000 ended_ns=1790163049099834625 elapsed_us=9549 block_gets=0 block_puts=4 deleted=0
checkpoint_phase lsn=20312 phase=value_index_schedule slot=0 started_ns=1790163049099854000 ended_ns=1790163049099854375 elapsed_us=0 block_gets=0 block_puts=0 deleted=0
checkpoint_phase lsn=20312 phase=value_index_schedule slot=0 started_ns=1790163049099866000 ended_ns=1790163049100560291 elapsed_us=694 block_gets=0 block_puts=0 deleted=0
checkpoint_phase lsn=20312 phase=value_index_schedule slot=0 started_ns=1790163049100572000 ended_ns=1790163049100757750 elapsed_us=185 block_gets=0 block_puts=0 deleted=0
checkpoint_phase lsn=20312 phase=value_index_schedule slot=0 started_ns=1790163049100780000 ended_ns=1790163049100922041 elapsed_us=142 block_gets=0 block_puts=0 deleted=0
checkpoint_phase lsn=20312 phase=value_index_schedule slot=0 started_ns=1790163049100931000 ended_ns=1790163049101068917 elapsed_us=137 block_gets=0 block_puts=0 deleted=0
checkpoint_phase lsn=20312 phase=value_index_schedule slot=0 started_ns=1790163049101078000 ended_ns=1790163049108192792 elapsed_us=7114 block_gets=0 block_puts=1 deleted=0
checkpoint_phase lsn=20312 phase=value_index_schedule slot=0 started_ns=1790163049108214000 ended_ns=1790163049108365916 elapsed_us=151 block_gets=0 block_puts=0 deleted=0
checkpoint_phase lsn=20312 phase=value_index_schedule slot=0 started_ns=1790163049108376000 ended_ns=1790163049109120958 elapsed_us=744 block_gets=0 block_puts=0 deleted=0
checkpoint_phase lsn=20312 phase=value_index_schedule slot=0 started_ns=1790163049109131000 ended_ns=1790163049109264416 elapsed_us=133 block_gets=0 block_puts=0 deleted=0
checkpoint_phase lsn=20312 phase=value_index_schedule slot=0 started_ns=1790163049109270000 ended_ns=1790163049117693708 elapsed_us=8423 block_gets=0 block_puts=1 deleted=0
checkpoint_phase lsn=20312 phase=value_index_schedule slot=0 started_ns=1790163049117712000 ended_ns=1790163049117868959 elapsed_us=156 block_gets=0 block_puts=0 deleted=0
checkpoint_phase lsn=20312 phase=value_index_schedule slot=0 started_ns=1790163049117880000 ended_ns=1790163049118018625 elapsed_us=138 block_gets=0 block_puts=0 deleted=0
checkpoint_phase lsn=20312 phase=value_index_schedule slot=0 started_ns=1790163049118025000 ended_ns=1790163049118801958 elapsed_us=776 block_gets=0 block_puts=0 deleted=0
checkpoint_phase lsn=20312 phase=value_index_schedule slot=0 started_ns=1790163049118813000 ended_ns=1790163049124736583 elapsed_us=5923 block_gets=0 block_puts=1 deleted=0
checkpoint_phase lsn=20312 phase=value_index_schedule slot=0 started_ns=1790163049124755000 ended_ns=1790163049124971042 elapsed_us=216 block_gets=0 block_puts=0 deleted=0
checkpoint_phase lsn=20312 phase=value_index_schedule slot=0 started_ns=1790163049124979000 ended_ns=1790163049125102042 elapsed_us=123 block_gets=0 block_puts=0 deleted=0
checkpoint_phase lsn=20312 phase=value_index_schedule slot=0 started_ns=1790163049125108000 ended_ns=1790163049139011625 elapsed_us=13903 block_gets=0 block_puts=1 deleted=0
checkpoint_phase lsn=20312 phase=value_index_schedule slot=0 started_ns=1790163049139030000 ended_ns=1790163049139769250 elapsed_us=739 block_gets=0 block_puts=0 deleted=0
checkpoint_phase lsn=20312 phase=value_index_schedule slot=0 started_ns=1790163049139780000 ended_ns=1790163049139904541 elapsed_us=124 block_gets=0 block_puts=0 deleted=0
checkpoint_phase lsn=20312 phase=value_index_schedule slot=0 started_ns=1790163049139911000 ended_ns=1790163049140034666 elapsed_us=123 block_gets=0 block_puts=0 deleted=0
checkpoint_phase lsn=20312 phase=value_index_schedule slot=0 started_ns=1790163049140040000 ended_ns=1790163049156047292 elapsed_us=16007 block_gets=0 block_puts=1 deleted=0
checkpoint_phase lsn=20312 phase=value_index_schedule slot=0 started_ns=1790163049156064000 ended_ns=1790163049156192917 elapsed_us=128 block_gets=0 block_puts=0 deleted=0
checkpoint_phase lsn=20312 phase=value_index_schedule slot=0 started_ns=1790163049156480000 ended_ns=1790163049157258917 elapsed_us=778 block_gets=0 block_puts=0 deleted=0
checkpoint_phase lsn=20312 phase=value_index_schedule slot=0 started_ns=1790163049157286000 ended_ns=1790163049157422083 elapsed_us=136 block_gets=0 block_puts=0 deleted=0
checkpoint_phase lsn=20312 phase=value_index_schedule slot=0 started_ns=1790163049157431000 ended_ns=1790163049169742500 elapsed_us=12311 block_gets=0 block_puts=1 deleted=0
checkpoint_phase lsn=20312 phase=value_index_schedule slot=0 started_ns=1790163049169761000 ended_ns=1790163049169891417 elapsed_us=130 block_gets=0 block_puts=0 deleted=0
checkpoint_phase lsn=20312 phase=value_index_schedule slot=0 started_ns=1790163049169898000 ended_ns=1790163049170048708 elapsed_us=150 block_gets=0 block_puts=0 deleted=0
checkpoint_phase lsn=20312 phase=value_index_schedule slot=0 started_ns=1790163049170055000 ended_ns=1790163049182071833 elapsed_us=12016 block_gets=0 block_puts=1 deleted=0
checkpoint_phase lsn=20312 phase=value_index_schedule slot=0 started_ns=1790163049182089000 ended_ns=1790163049182577416 elapsed_us=488 block_gets=0 block_puts=0 deleted=0
checkpoint_phase lsn=20312 phase=value_index_schedule slot=0 started_ns=1790163049182583000 ended_ns=1790163049182675458 elapsed_us=92 block_gets=0 block_puts=0 deleted=0
checkpoint_phase lsn=20312 phase=value_index_schedule slot=0 started_ns=1790163049182682000 ended_ns=1790163049182773292 elapsed_us=91 block_gets=0 block_puts=0 deleted=0
checkpoint_phase lsn=20312 phase=value_index_schedule slot=0 started_ns=1790163049182778000 ended_ns=1790163049182843583 elapsed_us=65 block_gets=0 block_puts=0 deleted=0
checkpoint_phase lsn=20312 phase=value_index_schedule slot=0 started_ns=1790163049182855000 ended_ns=1790163049215439125 elapsed_us=32584 block_gets=0 block_puts=4 deleted=0
checkpoint_phase lsn=20312 phase=value_index_schedule slot=0 started_ns=1790163049215464000 ended_ns=1790163049215464292 elapsed_us=0 block_gets=0 block_puts=0 deleted=0
checkpoint_phase lsn=20312 phase=value_index_write slot=0 started_ns=1790163049215473000 ended_ns=1790163049260002292 elapsed_us=44529 block_gets=0 block_puts=4 deleted=0
checkpoint_phase lsn=20312 phase=value_index_write slot=0 started_ns=1790163049260027000 ended_ns=1790163049271188750 elapsed_us=11161 block_gets=0 block_puts=4 deleted=0
checkpoint_phase lsn=20312 phase=value_index_write slot=0 started_ns=1790163049271206000 ended_ns=1790163049279235834 elapsed_us=8029 block_gets=0 block_puts=4 deleted=0
checkpoint_phase lsn=20312 phase=value_index_write slot=0 started_ns=1790163049279256000 ended_ns=1790163049288332500 elapsed_us=9076 block_gets=0 block_puts=4 deleted=0
checkpoint_phase lsn=20312 phase=value_index_write slot=0 started_ns=1790163049288356000 ended_ns=1790163049295747541 elapsed_us=7391 block_gets=0 block_puts=4 deleted=0
checkpoint_phase lsn=20312 phase=value_index_write slot=0 started_ns=1790163049295769000 ended_ns=1790163049302631333 elapsed_us=6862 block_gets=0 block_puts=4 deleted=0
checkpoint_phase lsn=20312 phase=value_index_write slot=0 started_ns=1790163049302649000 ended_ns=1790163049310010334 elapsed_us=7361 block_gets=0 block_puts=4 deleted=0
checkpoint_phase lsn=20312 phase=value_index_write slot=0 started_ns=1790163049310031000 ended_ns=1790163049321094416 elapsed_us=11063 block_gets=0 block_puts=4 deleted=0
checkpoint_phase lsn=20312 phase=value_index_write slot=0 started_ns=1790163049321115000 ended_ns=1790163049339542125 elapsed_us=18427 block_gets=0 block_puts=4 deleted=0
checkpoint_phase lsn=20312 phase=value_index_write slot=0 started_ns=1790163049339568000 ended_ns=1790163049358745958 elapsed_us=19177 block_gets=0 block_puts=4 deleted=0
checkpoint_phase lsn=20312 phase=value_index_write slot=0 started_ns=1790163049358765000 ended_ns=1790163049377706166 elapsed_us=18941 block_gets=0 block_puts=4 deleted=0
checkpoint_phase lsn=20312 phase=value_index_write slot=0 started_ns=1790163049377726000 ended_ns=1790163049398646042 elapsed_us=20920 block_gets=0 block_puts=4 deleted=0
checkpoint_phase lsn=20312 phase=value_index_write slot=0 started_ns=1790163049398676000 ended_ns=1790163049417518666 elapsed_us=18842 block_gets=0 block_puts=4 deleted=0
checkpoint_phase lsn=20312 phase=value_index_write slot=0 started_ns=1790163049417542000 ended_ns=1790163049425773667 elapsed_us=8231 block_gets=0 block_puts=4 deleted=0
checkpoint_phase lsn=20312 phase=value_index_write slot=0 started_ns=1790163049425794000 ended_ns=1790163049436873458 elapsed_us=11079 block_gets=0 block_puts=4 deleted=0
checkpoint_phase lsn=20312 phase=value_index_write slot=0 started_ns=1790163049436893000 ended_ns=1790163049443656166 elapsed_us=6763 block_gets=0 block_puts=4 deleted=0
checkpoint_phase lsn=20312 phase=value_index_write slot=0 started_ns=1790163049443671000 ended_ns=1790163049450140958 elapsed_us=6469 block_gets=0 block_puts=4 deleted=0
checkpoint_phase lsn=20312 phase=value_index_write slot=0 started_ns=1790163049450164000 ended_ns=1790163049458827375 elapsed_us=8663 block_gets=0 block_puts=4 deleted=0
checkpoint_phase lsn=20312 phase=value_index_write slot=0 started_ns=1790163049458849000 ended_ns=1790163049507393083 elapsed_us=48544 block_gets=0 block_puts=4 deleted=0
checkpoint_phase lsn=20312 phase=value_index_write slot=0 started_ns=1790163049507425000 ended_ns=1790163049555565208 elapsed_us=48140 block_gets=0 block_puts=4 deleted=0
checkpoint_phase lsn=20312 phase=value_index_write slot=0 started_ns=1790163049555592000 ended_ns=1790163049589166542 elapsed_us=33574 block_gets=0 block_puts=4 deleted=0
checkpoint_phase lsn=20312 phase=value_index_write slot=0 started_ns=1790163049589191000 ended_ns=1790163049610021084 elapsed_us=20830 block_gets=0 block_puts=4 deleted=0
checkpoint_phase lsn=20312 phase=value_index_write slot=0 started_ns=1790163049610045000 ended_ns=1790163049616503042 elapsed_us=6458 block_gets=0 block_puts=4 deleted=0
checkpoint_phase lsn=20312 phase=value_index_write slot=0 started_ns=1790163049616522000 ended_ns=1790163049624737625 elapsed_us=8215 block_gets=0 block_puts=4 deleted=0
checkpoint_phase lsn=20312 phase=value_index_write slot=0 started_ns=1790163049624759000 ended_ns=1790163049632827792 elapsed_us=8068 block_gets=0 block_puts=4 deleted=0
checkpoint_phase lsn=20312 phase=value_index_write slot=0 started_ns=1790163049632850000 ended_ns=1790163049639872166 elapsed_us=7022 block_gets=0 block_puts=4 deleted=0
checkpoint_phase lsn=20312 phase=value_index_write slot=0 started_ns=1790163049639890000 ended_ns=1790163049648586333 elapsed_us=8696 block_gets=0 block_puts=4 deleted=0
checkpoint_phase lsn=20312 phase=value_index_write slot=0 started_ns=1790163049648610000 ended_ns=1790163049655560583 elapsed_us=6950 block_gets=0 block_puts=4 deleted=0
checkpoint_phase lsn=20312 phase=value_index_write slot=0 started_ns=1790163049655580000 ended_ns=1790163049692685791 elapsed_us=37105 block_gets=0 block_puts=4 deleted=0
checkpoint_phase lsn=20312 phase=value_index_write slot=0 started_ns=1790163049692709000 ended_ns=1790163049719769667 elapsed_us=27060 block_gets=0 block_puts=4 deleted=0
checkpoint_phase lsn=20312 phase=value_index_write slot=0 started_ns=1790163049719793000 ended_ns=1790163049749979542 elapsed_us=30186 block_gets=0 block_puts=4 deleted=0
checkpoint_phase lsn=20312 phase=value_index_write slot=0 started_ns=1790163049750005000 ended_ns=1790163049759654125 elapsed_us=9649 block_gets=0 block_puts=4 deleted=0
checkpoint_phase lsn=20312 phase=value_index_write slot=0 started_ns=1790163049759679000 ended_ns=1790163049767027417 elapsed_us=7348 block_gets=0 block_puts=5 deleted=0
checkpoint_phase lsn=20312 phase=value_index_write slot=0 started_ns=1790163049767053000 ended_ns=1790163049777378250 elapsed_us=10325 block_gets=0 block_puts=4 deleted=0
checkpoint_phase lsn=20312 phase=value_index_write slot=0 started_ns=1790163049777401000 ended_ns=1790163049784111625 elapsed_us=6710 block_gets=0 block_puts=5 deleted=0
checkpoint_phase lsn=20312 phase=value_index_schedule slot=0 started_ns=1790163049784137000 ended_ns=1790163049784140583 elapsed_us=3 block_gets=0 block_puts=0 deleted=0
checkpoint_phase lsn=20312 phase=value_index_schedule slot=0 started_ns=1790163049784169000 ended_ns=1790163049785072500 elapsed_us=903 block_gets=0 block_puts=0 deleted=0
checkpoint_phase lsn=20312 phase=value_index_schedule slot=0 started_ns=1790163049785101000 ended_ns=1790163049794756792 elapsed_us=9655 block_gets=8 block_puts=0 deleted=0
checkpoint_phase lsn=20312 phase=value_index_schedule slot=0 started_ns=1790163049794780000 ended_ns=1790163049814013583 elapsed_us=19233 block_gets=8 block_puts=0 deleted=0
checkpoint_phase lsn=20312 phase=value_index_schedule slot=0 started_ns=1790163049814035000 ended_ns=1790163049828382000 elapsed_us=14347 block_gets=3 block_puts=0 deleted=0
checkpoint_phase lsn=20312 phase=value_index_schedule slot=0 started_ns=1790163049828402000 ended_ns=1790163049828429000 elapsed_us=27 block_gets=0 block_puts=0 deleted=0
checkpoint_phase lsn=20312 phase=value_index_schedule slot=0 started_ns=1790163049828436000 ended_ns=1790163049828458459 elapsed_us=22 block_gets=0 block_puts=0 deleted=0
checkpoint_phase lsn=20312 phase=value_index_schedule slot=0 started_ns=1790163049828464000 ended_ns=1790163049828486292 elapsed_us=22 block_gets=0 block_puts=0 deleted=0
checkpoint_phase lsn=20312 phase=value_index_schedule slot=0 started_ns=1790163049828492000 ended_ns=1790163049846015083 elapsed_us=17523 block_gets=0 block_puts=1 deleted=0
checkpoint_phase lsn=20312 phase=value_index_schedule slot=0 started_ns=1790163049846036000 ended_ns=1790163049846086625 elapsed_us=50 block_gets=0 block_puts=0 deleted=0
checkpoint_phase lsn=20312 phase=value_index_schedule slot=0 started_ns=1790163049846092000 ended_ns=1790163049908047750 elapsed_us=61955 block_gets=0 block_puts=4 deleted=0
checkpoint_phase lsn=20312 phase=value_index_schedule slot=0 started_ns=1790163049908080000 ended_ns=1790163049917156458 elapsed_us=9076 block_gets=8 block_puts=0 deleted=0
checkpoint_phase lsn=20312 phase=value_index_schedule slot=0 started_ns=1790163049917174000 ended_ns=1790163049927630834 elapsed_us=10456 block_gets=8 block_puts=0 deleted=0
checkpoint_phase lsn=20312 phase=value_index_schedule slot=0 started_ns=1790163049927652000 ended_ns=1790163049934943000 elapsed_us=7291 block_gets=8 block_puts=0 deleted=0
checkpoint_phase lsn=20312 phase=value_index_schedule slot=0 started_ns=1790163049934965000 ended_ns=1790163049943398125 elapsed_us=8433 block_gets=8 block_puts=0 deleted=0
checkpoint_phase lsn=20312 phase=value_index_schedule slot=0 started_ns=1790163049943424000 ended_ns=1790163049971994292 elapsed_us=28570 block_gets=8 block_puts=0 deleted=0
checkpoint_phase lsn=20312 phase=value_index_schedule slot=0 started_ns=1790163049991683000 ended_ns=1790163050076016542 elapsed_us=84333 block_gets=8 block_puts=0 deleted=0
checkpoint_phase lsn=20312 phase=value_index_schedule slot=0 started_ns=1790163050076053000 ended_ns=1790163050104742292 elapsed_us=28689 block_gets=8 block_puts=0 deleted=0
checkpoint_phase lsn=20312 phase=value_index_schedule slot=0 started_ns=1790163050104765000 ended_ns=1790163050124848584 elapsed_us=20083 block_gets=8 block_puts=0 deleted=0
checkpoint_phase lsn=20312 phase=value_index_schedule slot=0 started_ns=1790163050124872000 ended_ns=1790163050131871042 elapsed_us=6999 block_gets=8 block_puts=0 deleted=0
checkpoint_phase lsn=20312 phase=value_index_schedule slot=0 started_ns=1790163050131891000 ended_ns=1790163050136880250 elapsed_us=4989 block_gets=8 block_puts=0 deleted=0
checkpoint_phase lsn=20312 phase=value_index_schedule slot=0 started_ns=1790163050136899000 ended_ns=1790163050218901833 elapsed_us=82002 block_gets=8 block_puts=0 deleted=0
checkpoint_phase lsn=20312 phase=value_index_schedule slot=0 started_ns=1790163050218936000 ended_ns=1790163050267179500 elapsed_us=48243 block_gets=7 block_puts=0 deleted=0
checkpoint_phase lsn=20312 phase=value_index_schedule slot=0 started_ns=1790163050267208000 ended_ns=1790163050267235166 elapsed_us=27 block_gets=0 block_puts=0 deleted=0
checkpoint_phase lsn=20312 phase=value_index_schedule slot=0 started_ns=1790163050267251000 ended_ns=1790163050267273542 elapsed_us=22 block_gets=0 block_puts=0 deleted=0
checkpoint_phase lsn=20312 phase=value_index_schedule slot=0 started_ns=1790163050267295000 ended_ns=1790163050267317375 elapsed_us=22 block_gets=0 block_puts=0 deleted=0
checkpoint_phase lsn=20312 phase=value_index_schedule slot=0 started_ns=1790163050267328000 ended_ns=1790163050289650417 elapsed_us=22322 block_gets=0 block_puts=1 deleted=0
checkpoint_phase lsn=20312 phase=value_index_schedule slot=0 started_ns=1790163050289676000 ended_ns=1790163050289709625 elapsed_us=33 block_gets=0 block_puts=0 deleted=0
checkpoint_phase lsn=20312 phase=value_index_schedule slot=0 started_ns=1790163050289717000 ended_ns=1790163050298593542 elapsed_us=8876 block_gets=0 block_puts=4 deleted=0
checkpoint_phase lsn=20312 phase=value_index_schedule slot=0 started_ns=1790163050298614000 ended_ns=1790163050299291458 elapsed_us=677 block_gets=0 block_puts=0 deleted=0
checkpoint_phase lsn=20312 phase=value_index_schedule slot=0 started_ns=1790163050299304000 ended_ns=1790163050299468834 elapsed_us=164 block_gets=0 block_puts=0 deleted=0
checkpoint_phase lsn=20312 phase=value_index_schedule slot=0 started_ns=1790163050299477000 ended_ns=1790163050299628750 elapsed_us=151 block_gets=0 block_puts=0 deleted=0
checkpoint_phase lsn=20312 phase=value_index_schedule slot=0 started_ns=1790163050299640000 ended_ns=1790163050299789958 elapsed_us=149 block_gets=0 block_puts=0 deleted=0
checkpoint_phase lsn=20312 phase=value_index_schedule slot=0 started_ns=1790163050299802000 ended_ns=1790163050307218625 elapsed_us=7416 block_gets=0 block_puts=1 deleted=0
checkpoint_phase lsn=20312 phase=value_index_schedule slot=0 started_ns=1790163050307241000 ended_ns=1790163050307404291 elapsed_us=163 block_gets=0 block_puts=0 deleted=0
checkpoint_phase lsn=20312 phase=value_index_schedule slot=0 started_ns=1790163050307417000 ended_ns=1790163050307572166 elapsed_us=155 block_gets=0 block_puts=0 deleted=0
checkpoint_phase lsn=20312 phase=value_index_schedule slot=0 started_ns=1790163050307582000 ended_ns=1790163050307734750 elapsed_us=152 block_gets=0 block_puts=0 deleted=0
checkpoint_phase lsn=20312 phase=value_index_schedule slot=0 started_ns=1790163050307744000 ended_ns=1790163050314538542 elapsed_us=6794 block_gets=0 block_puts=1 deleted=0
checkpoint_phase lsn=20312 phase=value_index_schedule slot=0 started_ns=1790163050314558000 ended_ns=1790163050314648333 elapsed_us=90 block_gets=0 block_puts=0 deleted=0
checkpoint_phase lsn=20312 phase=value_index_schedule slot=0 started_ns=1790163050314661000 ended_ns=1790163050314744500 elapsed_us=83 block_gets=0 block_puts=0 deleted=0
checkpoint_phase lsn=20312 phase=value_index_schedule slot=0 started_ns=1790163050314755000 ended_ns=1790163050314815792 elapsed_us=60 block_gets=0 block_puts=0 deleted=0
checkpoint_phase lsn=20312 phase=value_index_schedule slot=0 started_ns=1790163050314826000 ended_ns=1790163050322459000 elapsed_us=7633 block_gets=0 block_puts=4 deleted=0
checkpoint_phase lsn=20312 phase=value_index_schedule slot=0 started_ns=1790163050322488000 ended_ns=1790163050325415666 elapsed_us=2927 block_gets=0 block_puts=0 deleted=0
checkpoint_phase lsn=20312 phase=value_index_schedule slot=0 started_ns=1790163050325435000 ended_ns=1790163050328090959 elapsed_us=2655 block_gets=0 block_puts=0 deleted=0
checkpoint_phase lsn=20312 phase=value_index_schedule slot=0 started_ns=1790163050328111000 ended_ns=1790163050328139750 elapsed_us=28 block_gets=0 block_puts=0 deleted=0
checkpoint_phase lsn=20312 phase=value_index_schedule slot=0 started_ns=1790163050328149000 ended_ns=1790163050328171375 elapsed_us=22 block_gets=0 block_puts=0 deleted=0
checkpoint_phase lsn=20312 phase=value_index_schedule slot=0 started_ns=1790163050328177000 ended_ns=1790163050328199375 elapsed_us=22 block_gets=0 block_puts=0 deleted=0
checkpoint_phase lsn=20312 phase=value_index_schedule slot=0 started_ns=1790163050328210000 ended_ns=1790163050335424000 elapsed_us=7214 block_gets=0 block_puts=1 deleted=0
checkpoint_phase lsn=20312 phase=value_index_schedule slot=0 started_ns=1790163050335453000 ended_ns=1790163050335479667 elapsed_us=26 block_gets=0 block_puts=0 deleted=0
checkpoint_phase lsn=20312 phase=value_index_schedule slot=0 started_ns=1790163050335487000 ended_ns=1790163050394775375 elapsed_us=59288 block_gets=0 block_puts=4 deleted=0
checkpoint_phase lsn=20312 phase=value_index_schedule slot=0 started_ns=1790163050394833000 ended_ns=1790163050397705584 elapsed_us=2872 block_gets=0 block_puts=0 deleted=0
checkpoint_phase lsn=20312 phase=value_index_schedule slot=0 started_ns=1790163050397734000 ended_ns=1790163050400291125 elapsed_us=2557 block_gets=0 block_puts=0 deleted=0
checkpoint_phase lsn=20312 phase=value_index_schedule slot=0 started_ns=1790163050400303000 ended_ns=1790163050400329542 elapsed_us=26 block_gets=0 block_puts=0 deleted=0
checkpoint_phase lsn=20312 phase=value_index_schedule slot=0 started_ns=1790163050400337000 ended_ns=1790163050400358708 elapsed_us=21 block_gets=0 block_puts=0 deleted=0
checkpoint_phase lsn=20312 phase=value_index_schedule slot=0 started_ns=1790163050400367000 ended_ns=1790163050400388625 elapsed_us=21 block_gets=0 block_puts=0 deleted=0
checkpoint_phase lsn=20312 phase=value_index_schedule slot=0 started_ns=1790163050400398000 ended_ns=1790163050434685166 elapsed_us=34287 block_gets=0 block_puts=1 deleted=0
checkpoint_phase lsn=20312 phase=value_index_schedule slot=0 started_ns=1790163050434710000 ended_ns=1790163050434736375 elapsed_us=26 block_gets=0 block_puts=0 deleted=0
checkpoint_phase lsn=20312 phase=value_index_schedule slot=0 started_ns=1790163050434744000 ended_ns=1790163050463838208 elapsed_us=29094 block_gets=0 block_puts=4 deleted=0
checkpoint_phase lsn=20312 phase=value_index_schedule slot=0 started_ns=1790163050463860000 ended_ns=1790163050464423083 elapsed_us=563 block_gets=0 block_puts=0 deleted=0
checkpoint_phase lsn=20312 phase=value_index_schedule slot=0 started_ns=1790163050464430000 ended_ns=1790163050464576625 elapsed_us=146 block_gets=0 block_puts=0 deleted=0
checkpoint_phase lsn=20312 phase=value_index_schedule slot=0 started_ns=1790163050464583000 ended_ns=1790163050464736834 elapsed_us=153 block_gets=0 block_puts=0 deleted=0
checkpoint_phase lsn=20312 phase=value_index_schedule slot=0 started_ns=1790163050464751000 ended_ns=1790163050464896291 elapsed_us=145 block_gets=0 block_puts=0 deleted=0
checkpoint_phase lsn=20312 phase=value_index_schedule slot=0 started_ns=1790163050464905000 ended_ns=1790163050478768667 elapsed_us=13863 block_gets=0 block_puts=1 deleted=0
checkpoint_phase lsn=20312 phase=value_index_schedule slot=0 started_ns=1790163050478789000 ended_ns=1790163050478925375 elapsed_us=136 block_gets=0 block_puts=0 deleted=0
checkpoint_phase lsn=20312 phase=value_index_schedule slot=0 started_ns=1790163050478939000 ended_ns=1790163050479085083 elapsed_us=146 block_gets=0 block_puts=0 deleted=0
checkpoint_phase lsn=20312 phase=value_index_schedule slot=0 started_ns=1790163050479095000 ended_ns=1790163050479232791 elapsed_us=137 block_gets=0 block_puts=0 deleted=0
checkpoint_phase lsn=20312 phase=value_index_schedule slot=0 started_ns=1790163050479243000 ended_ns=1790163050489356958 elapsed_us=10113 block_gets=0 block_puts=1 deleted=0
checkpoint_phase lsn=20312 phase=value_index_schedule slot=0 started_ns=1790163050489380000 ended_ns=1790163050489479250 elapsed_us=99 block_gets=0 block_puts=0 deleted=0
checkpoint_phase lsn=20312 phase=value_index_schedule slot=0 started_ns=1790163050489489000 ended_ns=1790163050489585125 elapsed_us=96 block_gets=0 block_puts=0 deleted=0
checkpoint_phase lsn=20312 phase=value_index_schedule slot=0 started_ns=1790163050489596000 ended_ns=1790163050489670834 elapsed_us=74 block_gets=0 block_puts=0 deleted=0
checkpoint_phase lsn=20312 phase=value_index_schedule slot=0 started_ns=1790163050489679000 ended_ns=1790163050499309667 elapsed_us=9630 block_gets=0 block_puts=4 deleted=0
checkpoint_phase lsn=20312 phase=value_index_schedule slot=0 started_ns=1790163050499331000 ended_ns=1790163050499883584 elapsed_us=552 block_gets=0 block_puts=0 deleted=0
checkpoint_phase lsn=20312 phase=value_index_schedule slot=0 started_ns=1790163050499908000 ended_ns=1790163050500067834 elapsed_us=159 block_gets=0 block_puts=0 deleted=0
checkpoint_phase lsn=20312 phase=value_index_schedule slot=0 started_ns=1790163050500078000 ended_ns=1790163050500224083 elapsed_us=146 block_gets=0 block_puts=0 deleted=0
checkpoint_phase lsn=20312 phase=value_index_schedule slot=0 started_ns=1790163050500231000 ended_ns=1790163050500377042 elapsed_us=146 block_gets=0 block_puts=0 deleted=0
checkpoint_phase lsn=20312 phase=value_index_schedule slot=0 started_ns=1790163050500384000 ended_ns=1790163050507461667 elapsed_us=7077 block_gets=0 block_puts=1 deleted=0
checkpoint_phase lsn=20312 phase=value_index_schedule slot=0 started_ns=1790163050507483000 ended_ns=1790163050507635167 elapsed_us=152 block_gets=0 block_puts=0 deleted=0
checkpoint_phase lsn=20312 phase=value_index_schedule slot=0 started_ns=1790163050507646000 ended_ns=1790163050507793125 elapsed_us=147 block_gets=0 block_puts=0 deleted=0
checkpoint_phase lsn=20312 phase=value_index_schedule slot=0 started_ns=1790163050507800000 ended_ns=1790163050507945875 elapsed_us=145 block_gets=0 block_puts=0 deleted=0
checkpoint_phase lsn=20312 phase=value_index_schedule slot=0 started_ns=1790163050507956000 ended_ns=1790163050513061375 elapsed_us=5105 block_gets=0 block_puts=1 deleted=0
checkpoint_phase lsn=20312 phase=value_index_schedule slot=0 started_ns=1790163050513083000 ended_ns=1790163050513795917 elapsed_us=712 block_gets=0 block_puts=0 deleted=0
checkpoint_phase lsn=20312 phase=value_index_schedule slot=0 started_ns=1790163050513804000 ended_ns=1790163050513945833 elapsed_us=141 block_gets=0 block_puts=0 deleted=0
checkpoint_phase lsn=20312 phase=value_index_schedule slot=0 started_ns=1790163050513952000 ended_ns=1790163050514090458 elapsed_us=138 block_gets=0 block_puts=0 deleted=0
checkpoint_phase lsn=20312 phase=value_index_schedule slot=0 started_ns=1790163050514101000 ended_ns=1790163050519666584 elapsed_us=5565 block_gets=0 block_puts=1 deleted=0
checkpoint_phase lsn=20312 phase=value_index_schedule slot=0 started_ns=1790163050519691000 ended_ns=1790163050519735792 elapsed_us=44 block_gets=0 block_puts=0 deleted=0
checkpoint_phase lsn=20312 phase=value_index_schedule slot=0 started_ns=1790163050519744000 ended_ns=1790163050519886375 elapsed_us=142 block_gets=0 block_puts=0 deleted=0
checkpoint_phase lsn=20312 phase=value_index_schedule slot=0 started_ns=1790163050519895000 ended_ns=1790163050525356292 elapsed_us=5461 block_gets=0 block_puts=1 deleted=0
checkpoint_phase lsn=20312 phase=value_index_schedule slot=0 started_ns=1790163050525372000 ended_ns=1790163050525496125 elapsed_us=124 block_gets=0 block_puts=0 deleted=0
checkpoint_phase lsn=20312 phase=value_index_schedule slot=0 started_ns=1790163050525503000 ended_ns=1790163050525624208 elapsed_us=121 block_gets=0 block_puts=0 deleted=0
checkpoint_phase lsn=20312 phase=value_index_schedule slot=0 started_ns=1790163050525630000 ended_ns=1790163050525751000 elapsed_us=121 block_gets=0 block_puts=0 deleted=0
checkpoint_phase lsn=20312 phase=value_index_schedule slot=0 started_ns=1790163050525757000 ended_ns=1790163050541366875 elapsed_us=15609 block_gets=0 block_puts=1 deleted=0
checkpoint_phase lsn=20312 phase=value_index_schedule slot=0 started_ns=1790163050541388000 ended_ns=1790163050541518000 elapsed_us=130 block_gets=0 block_puts=0 deleted=0
checkpoint_phase lsn=20312 phase=value_index_schedule slot=0 started_ns=1790163050541525000 ended_ns=1790163050541645541 elapsed_us=120 block_gets=0 block_puts=0 deleted=0
checkpoint_phase lsn=20312 phase=value_index_schedule slot=0 started_ns=1790163050541652000 ended_ns=1790163050587275834 elapsed_us=45623 block_gets=0 block_puts=4 deleted=0
checkpoint_phase lsn=20312 phase=value_index_schedule slot=0 started_ns=1790163050587300000 ended_ns=1790163050590175416 elapsed_us=2875 block_gets=0 block_puts=0 deleted=0
checkpoint_phase lsn=20312 phase=value_index_schedule slot=0 started_ns=1790163050590197000 ended_ns=1790163050592814250 elapsed_us=2617 block_gets=0 block_puts=0 deleted=0
checkpoint_phase lsn=20312 phase=value_index_schedule slot=0 started_ns=1790163050592851000 ended_ns=1790163050592877625 elapsed_us=26 block_gets=0 block_puts=0 deleted=0
checkpoint_phase lsn=20312 phase=value_index_schedule slot=0 started_ns=1790163050592886000 ended_ns=1790163050592907625 elapsed_us=21 block_gets=0 block_puts=0 deleted=0
checkpoint_phase lsn=20312 phase=value_index_schedule slot=0 started_ns=1790163050592913000 ended_ns=1790163050592934583 elapsed_us=21 block_gets=0 block_puts=0 deleted=0
checkpoint_phase lsn=20312 phase=value_index_schedule slot=0 started_ns=1790163050592940000 ended_ns=1790163050613479417 elapsed_us=20539 block_gets=0 block_puts=1 deleted=0
checkpoint_phase lsn=20312 phase=value_index_schedule slot=0 started_ns=1790163050613502000 ended_ns=1790163050613528583 elapsed_us=26 block_gets=0 block_puts=0 deleted=0
checkpoint_phase lsn=20312 phase=value_index_schedule slot=0 started_ns=1790163050613536000 ended_ns=1790163050636413750 elapsed_us=22877 block_gets=0 block_puts=4 deleted=0
checkpoint_phase lsn=20312 phase=value_index_schedule slot=0 started_ns=1790163050636436000 ended_ns=1790163050639337833 elapsed_us=2901 block_gets=0 block_puts=0 deleted=0
checkpoint_phase lsn=20312 phase=value_index_schedule slot=0 started_ns=1790163050639346000 ended_ns=1790163050639808625 elapsed_us=462 block_gets=0 block_puts=0 deleted=0
checkpoint_phase lsn=20312 phase=value_index_schedule slot=0 started_ns=1790163050639816000 ended_ns=1790163050639841917 elapsed_us=25 block_gets=0 block_puts=0 deleted=0
checkpoint_phase lsn=20312 phase=value_index_schedule slot=0 started_ns=1790163050639847000 ended_ns=1790163050639869125 elapsed_us=22 block_gets=0 block_puts=0 deleted=0
checkpoint_phase lsn=20312 phase=value_index_schedule slot=0 started_ns=1790163050639875000 ended_ns=1790163050639896625 elapsed_us=21 block_gets=0 block_puts=0 deleted=0
checkpoint_phase lsn=20312 phase=value_index_schedule slot=0 started_ns=1790163050639902000 ended_ns=1790163050668665625 elapsed_us=28763 block_gets=0 block_puts=4 deleted=0
checkpoint_phase lsn=20312 phase=value_index_schedule slot=0 started_ns=1790163050668693000 ended_ns=1790163050668891625 elapsed_us=198 block_gets=0 block_puts=0 deleted=0
checkpoint_phase lsn=20312 phase=value_index_schedule slot=0 started_ns=1790163050668906000 ended_ns=1790163050669058334 elapsed_us=152 block_gets=0 block_puts=0 deleted=0
checkpoint_phase lsn=20312 phase=value_index_schedule slot=0 started_ns=1790163050669071000 ended_ns=1790163050669205750 elapsed_us=134 block_gets=0 block_puts=0 deleted=0
checkpoint_phase lsn=20312 phase=value_index_schedule slot=0 started_ns=1790163050669213000 ended_ns=1790163050669346791 elapsed_us=133 block_gets=0 block_puts=0 deleted=0
checkpoint_phase lsn=20312 phase=value_index_schedule slot=0 started_ns=1790163050669354000 ended_ns=1790163050674626292 elapsed_us=5272 block_gets=0 block_puts=1 deleted=0
checkpoint_phase lsn=20312 phase=value_index_schedule slot=0 started_ns=1790163050674644000 ended_ns=1790163050674775417 elapsed_us=131 block_gets=0 block_puts=0 deleted=0
checkpoint_phase lsn=20312 phase=value_index_schedule slot=0 started_ns=1790163050674786000 ended_ns=1790163050674956416 elapsed_us=170 block_gets=0 block_puts=0 deleted=0
checkpoint_phase lsn=20312 phase=value_index_schedule slot=0 started_ns=1790163050674966000 ended_ns=1790163050675094208 elapsed_us=128 block_gets=0 block_puts=0 deleted=0
checkpoint_phase lsn=20312 phase=value_index_schedule slot=0 started_ns=1790163050675103000 ended_ns=1790163050679927417 elapsed_us=4824 block_gets=0 block_puts=1 deleted=0
checkpoint_phase lsn=20312 phase=value_index_schedule slot=0 started_ns=1790163050679942000 ended_ns=1790163050680047958 elapsed_us=105 block_gets=0 block_puts=0 deleted=0
checkpoint_phase lsn=20312 phase=value_index_schedule slot=0 started_ns=1790163050680056000 ended_ns=1790163050686519292 elapsed_us=6463 block_gets=0 block_puts=4 deleted=0
checkpoint_phase lsn=20312 phase=value_index_schedule slot=0 started_ns=1790163050686539000 ended_ns=1790163050686539500 elapsed_us=0 block_gets=0 block_puts=0 deleted=0
checkpoint_phase lsn=20312 phase=value_index_schedule slot=0 started_ns=1790163050686558000 ended_ns=1790163050687068667 elapsed_us=510 block_gets=0 block_puts=0 deleted=0
checkpoint_phase lsn=20312 phase=value_index_schedule slot=0 started_ns=1790163050687077000 ended_ns=1790163050687254125 elapsed_us=177 block_gets=0 block_puts=0 deleted=0
checkpoint_phase lsn=20312 phase=value_index_schedule slot=0 started_ns=1790163050687260000 ended_ns=1790163050687425709 elapsed_us=165 block_gets=0 block_puts=0 deleted=0
checkpoint_phase lsn=20312 phase=value_index_schedule slot=0 started_ns=1790163050687432000 ended_ns=1790163050687596875 elapsed_us=164 block_gets=0 block_puts=0 deleted=0
checkpoint_phase lsn=20312 phase=value_index_schedule slot=0 started_ns=1790163050687607000 ended_ns=1790163050692287875 elapsed_us=4680 block_gets=0 block_puts=1 deleted=0
checkpoint_phase lsn=20312 phase=value_index_schedule slot=0 started_ns=1790163050692305000 ended_ns=1790163050692481459 elapsed_us=176 block_gets=0 block_puts=0 deleted=0
checkpoint_phase lsn=20312 phase=value_index_schedule slot=0 started_ns=1790163050692489000 ended_ns=1790163050693066791 elapsed_us=577 block_gets=0 block_puts=0 deleted=0
checkpoint_phase lsn=20312 phase=value_index_schedule slot=0 started_ns=1790163050693074000 ended_ns=1790163050693229834 elapsed_us=155 block_gets=0 block_puts=0 deleted=0
checkpoint_phase lsn=20312 phase=value_index_schedule slot=0 started_ns=1790163050693236000 ended_ns=1790163050697223583 elapsed_us=3987 block_gets=0 block_puts=1 deleted=0
checkpoint_phase lsn=20312 phase=value_index_schedule slot=0 started_ns=1790163050697240000 ended_ns=1790163050697394917 elapsed_us=154 block_gets=0 block_puts=0 deleted=0
checkpoint_phase lsn=20312 phase=value_index_schedule slot=0 started_ns=1790163050697404000 ended_ns=1790163050697557500 elapsed_us=153 block_gets=0 block_puts=0 deleted=0
checkpoint_phase lsn=20312 phase=value_index_schedule slot=0 started_ns=1790163050697567000 ended_ns=1790163050698287500 elapsed_us=720 block_gets=0 block_puts=0 deleted=0
checkpoint_phase lsn=20312 phase=value_index_schedule slot=0 started_ns=1790163050698296000 ended_ns=1790163050702778875 elapsed_us=4482 block_gets=0 block_puts=1 deleted=0
checkpoint_phase lsn=20312 phase=value_index_schedule slot=0 started_ns=1790163050702793000 ended_ns=1790163050703015625 elapsed_us=222 block_gets=0 block_puts=0 deleted=0
checkpoint_phase lsn=20312 phase=value_index_schedule slot=0 started_ns=1790163050703022000 ended_ns=1790163050703143792 elapsed_us=121 block_gets=0 block_puts=0 deleted=0
checkpoint_phase lsn=20312 phase=value_index_schedule slot=0 started_ns=1790163050703150000 ended_ns=1790163050707211875 elapsed_us=4061 block_gets=0 block_puts=1 deleted=0
checkpoint_phase lsn=20312 phase=value_index_schedule slot=0 started_ns=1790163050707245000 ended_ns=1790163050707906083 elapsed_us=661 block_gets=0 block_puts=0 deleted=0
checkpoint_phase lsn=20312 phase=value_index_schedule slot=0 started_ns=1790163050707923000 ended_ns=1790163050708058375 elapsed_us=135 block_gets=0 block_puts=0 deleted=0
checkpoint_phase lsn=20312 phase=value_index_schedule slot=0 started_ns=1790163050708065000 ended_ns=1790163050708196625 elapsed_us=131 block_gets=0 block_puts=0 deleted=0
checkpoint_phase lsn=20312 phase=value_index_schedule slot=0 started_ns=1790163050708204000 ended_ns=1790163050712687000 elapsed_us=4483 block_gets=0 block_puts=1 deleted=0
checkpoint_phase lsn=20312 phase=value_index_schedule slot=0 started_ns=1790163050712713000 ended_ns=1790163050712853208 elapsed_us=140 block_gets=0 block_puts=0 deleted=0
checkpoint_phase lsn=20312 phase=value_index_schedule slot=0 started_ns=1790163050712863000 ended_ns=1790163050713376125 elapsed_us=513 block_gets=0 block_puts=0 deleted=0
checkpoint_phase lsn=20312 phase=value_index_schedule slot=0 started_ns=1790163050713386000 ended_ns=1790163050713541459 elapsed_us=155 block_gets=0 block_puts=0 deleted=0
checkpoint_phase lsn=20312 phase=value_index_schedule slot=0 started_ns=1790163050713550000 ended_ns=1790163050717302666 elapsed_us=3752 block_gets=0 block_puts=1 deleted=0
checkpoint_phase lsn=20312 phase=value_index_schedule slot=0 started_ns=1790163050717331000 ended_ns=1790163050717484916 elapsed_us=153 block_gets=0 block_puts=0 deleted=0
checkpoint_phase lsn=20312 phase=value_index_schedule slot=0 started_ns=1790163050717494000 ended_ns=1790163050717647000 elapsed_us=153 block_gets=0 block_puts=0 deleted=0
checkpoint_phase lsn=20312 phase=value_index_schedule slot=0 started_ns=1790163050717655000 ended_ns=1790163050731755875 elapsed_us=14100 block_gets=0 block_puts=1 deleted=0
checkpoint_phase lsn=20312 phase=value_index_schedule slot=0 started_ns=1790163050731775000 ended_ns=1790163050732184125 elapsed_us=409 block_gets=0 block_puts=0 deleted=0
checkpoint_phase lsn=20312 phase=value_index_schedule slot=0 started_ns=1790163050732196000 ended_ns=1790163050732307416 elapsed_us=111 block_gets=0 block_puts=0 deleted=0
checkpoint_phase lsn=20312 phase=value_index_schedule slot=0 started_ns=1790163050732316000 ended_ns=1790163050732426333 elapsed_us=110 block_gets=0 block_puts=0 deleted=0
checkpoint_phase lsn=20312 phase=value_index_schedule slot=0 started_ns=1790163050732432000 ended_ns=1790163050732516417 elapsed_us=84 block_gets=0 block_puts=0 deleted=0
checkpoint_phase lsn=20312 phase=value_index_schedule slot=0 started_ns=1790163050732524000 ended_ns=1790163050768600042 elapsed_us=36076 block_gets=0 block_puts=4 deleted=0
checkpoint_phase lsn=20312 phase=value_index_schedule slot=0 started_ns=1790163050768623000 ended_ns=1790163050768623292 elapsed_us=0 block_gets=0 block_puts=0 deleted=0
checkpoint_phase lsn=20312 phase=value_index_write slot=0 started_ns=1790163050768630000 ended_ns=1790163050795901208 elapsed_us=27271 block_gets=0 block_puts=4 deleted=0
checkpoint_phase lsn=20312 phase=value_index_write slot=0 started_ns=1790163050795924000 ended_ns=1790163050817583417 elapsed_us=21659 block_gets=0 block_puts=4 deleted=0
checkpoint_phase lsn=20312 phase=value_index_write slot=0 started_ns=1790163050817605000 ended_ns=1790163050837295292 elapsed_us=19690 block_gets=0 block_puts=4 deleted=0
checkpoint_phase lsn=20312 phase=value_index_write slot=0 started_ns=1790163050837317000 ended_ns=1790163050862218208 elapsed_us=24901 block_gets=0 block_puts=4 deleted=0
checkpoint_phase lsn=20312 phase=value_index_write slot=0 started_ns=1790163050862240000 ended_ns=1790163050871233792 elapsed_us=8993 block_gets=0 block_puts=4 deleted=0
checkpoint_phase lsn=20312 phase=value_index_write slot=0 started_ns=1790163050871251000 ended_ns=1790163050879271042 elapsed_us=8020 block_gets=0 block_puts=4 deleted=0
checkpoint_phase lsn=20312 phase=value_index_write slot=0 started_ns=1790163050879292000 ended_ns=1790163050888691334 elapsed_us=9399 block_gets=0 block_puts=4 deleted=0
checkpoint_phase lsn=20312 phase=value_index_write slot=0 started_ns=1790163050888715000 ended_ns=1790163050900577042 elapsed_us=11862 block_gets=0 block_puts=4 deleted=0
checkpoint_phase lsn=20312 phase=value_index_write slot=0 started_ns=1790163050900600000 ended_ns=1790163050906908750 elapsed_us=6308 block_gets=0 block_puts=4 deleted=0
checkpoint_phase lsn=20312 phase=value_index_write slot=0 started_ns=1790163050906927000 ended_ns=1790163050926955833 elapsed_us=20028 block_gets=0 block_puts=4 deleted=0
checkpoint_phase lsn=20312 phase=value_index_write slot=0 started_ns=1790163050926977000 ended_ns=1790163050961849959 elapsed_us=34872 block_gets=0 block_puts=4 deleted=0
checkpoint_phase lsn=20312 phase=value_index_write slot=0 started_ns=1790163050961875000 ended_ns=1790163050991590375 elapsed_us=29715 block_gets=0 block_puts=4 deleted=0
checkpoint_phase lsn=20312 phase=value_index_write slot=0 started_ns=1790163050991623000 ended_ns=1790163051007764916 elapsed_us=16141 block_gets=0 block_puts=4 deleted=0
checkpoint_phase lsn=20312 phase=value_index_write slot=0 started_ns=1790163051007788000 ended_ns=1790163051013705500 elapsed_us=5917 block_gets=0 block_puts=4 deleted=0
checkpoint_phase lsn=20312 phase=value_index_write slot=0 started_ns=1790163051013729000 ended_ns=1790163051019610500 elapsed_us=5881 block_gets=0 block_puts=4 deleted=0
checkpoint_phase lsn=20312 phase=value_index_write slot=0 started_ns=1790163051019650000 ended_ns=1790163051025578959 elapsed_us=5928 block_gets=0 block_puts=4 deleted=0
checkpoint_phase lsn=20312 phase=value_index_write slot=0 started_ns=1790163051032224000 ended_ns=1790163051042462875 elapsed_us=10238 block_gets=0 block_puts=4 deleted=0
checkpoint_phase lsn=20312 phase=value_index_write slot=0 started_ns=1790163051042487000 ended_ns=1790163051049535709 elapsed_us=7048 block_gets=0 block_puts=4 deleted=0
checkpoint_phase lsn=20312 phase=value_index_write slot=0 started_ns=1790163051049558000 ended_ns=1790163051061997750 elapsed_us=12439 block_gets=0 block_puts=4 deleted=0
checkpoint_phase lsn=20312 phase=value_index_write slot=0 started_ns=1790163051062032000 ended_ns=1790163051094185291 elapsed_us=32153 block_gets=0 block_puts=4 deleted=0
checkpoint_phase lsn=20312 phase=value_index_write slot=0 started_ns=1790163051094222000 ended_ns=1790163051112833708 elapsed_us=18611 block_gets=0 block_puts=4 deleted=0
checkpoint_phase lsn=20312 phase=value_index_write slot=0 started_ns=1790163051112862000 ended_ns=1790163051136353667 elapsed_us=23491 block_gets=0 block_puts=4 deleted=0
checkpoint_phase lsn=20312 phase=value_index_write slot=0 started_ns=1790163051136383000 ended_ns=1790163051173670292 elapsed_us=37287 block_gets=0 block_puts=4 deleted=0
checkpoint_phase lsn=20312 phase=value_index_write slot=0 started_ns=1790163051173706000 ended_ns=1790163051201462375 elapsed_us=27756 block_gets=0 block_puts=4 deleted=0
checkpoint_phase lsn=20312 phase=value_index_write slot=0 started_ns=1790163051201485000 ended_ns=1790163051208641667 elapsed_us=7156 block_gets=0 block_puts=4 deleted=0
checkpoint_phase lsn=20312 phase=value_index_write slot=0 started_ns=1790163051208663000 ended_ns=1790163051215037125 elapsed_us=6374 block_gets=0 block_puts=4 deleted=0
checkpoint_phase lsn=20312 phase=value_index_write slot=0 started_ns=1790163051215059000 ended_ns=1790163051220570291 elapsed_us=5511 block_gets=0 block_puts=4 deleted=0
checkpoint_phase lsn=20312 phase=value_index_write slot=0 started_ns=1790163051220588000 ended_ns=1790163051226187875 elapsed_us=5599 block_gets=0 block_puts=4 deleted=0
checkpoint_phase lsn=20312 phase=value_index_write slot=0 started_ns=1790163051226204000 ended_ns=1790163051231540000 elapsed_us=5336 block_gets=0 block_puts=4 deleted=0
checkpoint_phase lsn=20312 phase=value_index_write slot=0 started_ns=1790163051231558000 ended_ns=1790163051237755792 elapsed_us=6197 block_gets=0 block_puts=4 deleted=0
checkpoint_phase lsn=20312 phase=value_index_write slot=0 started_ns=1790163051237773000 ended_ns=1790163051243502000 elapsed_us=5729 block_gets=0 block_puts=4 deleted=0
checkpoint_phase lsn=20312 phase=value_index_write slot=0 started_ns=1790163051243523000 ended_ns=1790163051252868375 elapsed_us=9345 block_gets=0 block_puts=4 deleted=0
checkpoint_phase lsn=20312 phase=value_index_write slot=0 started_ns=1790163051252887000 ended_ns=1790163051288598250 elapsed_us=35711 block_gets=0 block_puts=5 deleted=0
checkpoint_phase lsn=20312 phase=value_index_write slot=0 started_ns=1790163051288622000 ended_ns=1790163051313323291 elapsed_us=24701 block_gets=0 block_puts=4 deleted=0
checkpoint_phase lsn=20312 phase=value_index_write slot=0 started_ns=1790163051313345000 ended_ns=1790163051341372959 elapsed_us=28027 block_gets=0 block_puts=5 deleted=0
checkpoint_phase lsn=20312 phase=value_index_schedule slot=0 started_ns=1790163051341403000 ended_ns=1790163051341406583 elapsed_us=3 block_gets=0 block_puts=0 deleted=0
checkpoint_phase lsn=20312 phase=value_index_schedule slot=0 started_ns=1790163051341414000 ended_ns=1790163051342207333 elapsed_us=793 block_gets=0 block_puts=0 deleted=0
checkpoint_phase lsn=20312 phase=value_index_schedule slot=0 started_ns=1790163051342217000 ended_ns=1790163051430521792 elapsed_us=88304 block_gets=8 block_puts=0 deleted=0
checkpoint_phase lsn=20312 phase=value_index_schedule slot=0 started_ns=1790163051430565000 ended_ns=1790163051438427125 elapsed_us=7862 block_gets=8 block_puts=0 deleted=0
checkpoint_phase lsn=20312 phase=value_index_schedule slot=0 started_ns=1790163051438480000 ended_ns=1790163051456648542 elapsed_us=18168 block_gets=8 block_puts=0 deleted=0
checkpoint_phase lsn=20312 phase=value_index_schedule slot=0 started_ns=1790163051456671000 ended_ns=1790163051495612041 elapsed_us=38941 block_gets=8 block_puts=0 deleted=0
checkpoint_phase lsn=20312 phase=value_index_schedule slot=0 started_ns=1790163051495640000 ended_ns=1790163051548141083 elapsed_us=52501 block_gets=8 block_puts=0 deleted=0
checkpoint_phase lsn=20312 phase=value_index_schedule slot=0 started_ns=1790163051548171000 ended_ns=1790163051560458625 elapsed_us=12287 block_gets=8 block_puts=0 deleted=0
checkpoint_phase lsn=20312 phase=value_index_schedule slot=0 started_ns=1790163051560479000 ended_ns=1790163051567385958 elapsed_us=6906 block_gets=8 block_puts=0 deleted=0
checkpoint_phase lsn=20312 phase=value_index_schedule slot=0 started_ns=1790163051567406000 ended_ns=1790163051575742333 elapsed_us=8336 block_gets=8 block_puts=0 deleted=0
checkpoint_phase lsn=20312 phase=value_index_schedule slot=0 started_ns=1790163051575764000 ended_ns=1790163051580383666 elapsed_us=4619 block_gets=8 block_puts=0 deleted=0
checkpoint_phase lsn=20312 phase=value_index_schedule slot=0 started_ns=1790163051580404000 ended_ns=1790163051594832375 elapsed_us=14428 block_gets=8 block_puts=0 deleted=0
checkpoint_phase lsn=20312 phase=value_index_schedule slot=0 started_ns=1790163051594860000 ended_ns=1790163051684940875 elapsed_us=90080 block_gets=8 block_puts=0 deleted=0
checkpoint_phase lsn=20312 phase=value_index_schedule slot=0 started_ns=1790163051684976000 ended_ns=1790163051700588458 elapsed_us=15612 block_gets=8 block_puts=0 deleted=0
checkpoint_phase lsn=20312 phase=value_index_schedule slot=0 started_ns=1790163051700612000 ended_ns=1790163051712818542 elapsed_us=12206 block_gets=8 block_puts=0 deleted=0
checkpoint_phase lsn=20312 phase=value_index_schedule slot=0 started_ns=1790163051712840000 ended_ns=1790163051717683542 elapsed_us=4843 block_gets=8 block_puts=0 deleted=0
checkpoint_phase lsn=20312 phase=value_index_schedule slot=0 started_ns=1790163051717700000 ended_ns=1790163051723206667 elapsed_us=5506 block_gets=2 block_puts=0 deleted=0
checkpoint_phase lsn=20312 phase=value_index_schedule slot=0 started_ns=1790163051723240000 ended_ns=1790163051725667333 elapsed_us=2427 block_gets=0 block_puts=0 deleted=0
checkpoint_phase lsn=20312 phase=value_index_schedule slot=0 started_ns=1790163051725685000 ended_ns=1790163051725713166 elapsed_us=28 block_gets=0 block_puts=0 deleted=0
checkpoint_phase lsn=20312 phase=value_index_schedule slot=0 started_ns=1790163051725723000 ended_ns=1790163051725746667 elapsed_us=23 block_gets=0 block_puts=0 deleted=0
checkpoint_phase lsn=20312 phase=value_index_schedule slot=0 started_ns=1790163051725756000 ended_ns=1790163051725779500 elapsed_us=23 block_gets=0 block_puts=0 deleted=0
checkpoint_phase lsn=20312 phase=value_index_schedule slot=0 started_ns=1790163051725786000 ended_ns=1790163051731025250 elapsed_us=5239 block_gets=0 block_puts=1 deleted=0
checkpoint_phase lsn=20312 phase=value_index_schedule slot=0 started_ns=1790163051731045000 ended_ns=1790163051772137250 elapsed_us=41092 block_gets=0 block_puts=4 deleted=0
checkpoint_phase lsn=20312 phase=value_index_schedule slot=0 started_ns=1790163051772165000 ended_ns=1790163051774985833 elapsed_us=2820 block_gets=0 block_puts=0 deleted=0
checkpoint_phase lsn=20312 phase=value_index_schedule slot=0 started_ns=1790163051774998000 ended_ns=1790163051777845875 elapsed_us=2847 block_gets=0 block_puts=0 deleted=0
checkpoint_phase lsn=20312 phase=value_index_schedule slot=0 started_ns=1790163051777867000 ended_ns=1790163051780556125 elapsed_us=2689 block_gets=0 block_puts=0 deleted=0
checkpoint_phase lsn=20312 phase=value_index_schedule slot=0 started_ns=1790163051780565000 ended_ns=1790163051783344792 elapsed_us=2779 block_gets=0 block_puts=0 deleted=0
checkpoint_phase lsn=20312 phase=value_index_schedule slot=0 started_ns=1790163051783391000 ended_ns=1790163051785491250 elapsed_us=2100 block_gets=0 block_puts=0 deleted=0
checkpoint_phase lsn=20312 phase=value_index_schedule slot=0 started_ns=1790163051785502000 ended_ns=1790163051785530667 elapsed_us=28 block_gets=0 block_puts=0 deleted=0
checkpoint_phase lsn=20312 phase=value_index_schedule slot=0 started_ns=1790163051785539000 ended_ns=1790163051785562542 elapsed_us=23 block_gets=0 block_puts=0 deleted=0
checkpoint_phase lsn=20312 phase=value_index_schedule slot=0 started_ns=1790163051785570000 ended_ns=1790163051785593666 elapsed_us=23 block_gets=0 block_puts=0 deleted=0
checkpoint_phase lsn=20312 phase=value_index_schedule slot=0 started_ns=1790163051785600000 ended_ns=1790163051801749041 elapsed_us=16149 block_gets=0 block_puts=1 deleted=0
checkpoint_phase lsn=20312 phase=value_index_schedule slot=0 started_ns=1790163051801771000 ended_ns=1790163051843445750 elapsed_us=41674 block_gets=0 block_puts=4 deleted=0
checkpoint_phase lsn=20312 phase=value_index_schedule slot=0 started_ns=1790163051843472000 ended_ns=1790163051843941750 elapsed_us=469 block_gets=0 block_puts=0 deleted=0
checkpoint_phase lsn=20312 phase=value_index_schedule slot=0 started_ns=1790163051843950000 ended_ns=1790163051844009042 elapsed_us=59 block_gets=0 block_puts=0 deleted=0
checkpoint_phase lsn=20312 phase=value_index_schedule slot=0 started_ns=1790163051844016000 ended_ns=1790163051844070666 elapsed_us=54 block_gets=0 block_puts=0 deleted=0
checkpoint_phase lsn=20312 phase=value_index_schedule slot=0 started_ns=1790163051844078000 ended_ns=1790163051844131250 elapsed_us=53 block_gets=0 block_puts=0 deleted=0
checkpoint_phase lsn=20312 phase=value_index_schedule slot=0 started_ns=1790163051844138000 ended_ns=1790163051856473125 elapsed_us=12335 block_gets=0 block_puts=1 deleted=0
checkpoint_phase lsn=20312 phase=value_index_schedule slot=0 started_ns=1790163051856492000 ended_ns=1790163051856610125 elapsed_us=118 block_gets=0 block_puts=0 deleted=0
checkpoint_phase lsn=20312 phase=value_index_schedule slot=0 started_ns=1790163051856617000 ended_ns=1790163051856734208 elapsed_us=117 block_gets=0 block_puts=0 deleted=0
checkpoint_phase lsn=20312 phase=value_index_schedule slot=0 started_ns=1790163051856741000 ended_ns=1790163051874665250 elapsed_us=17924 block_gets=0 block_puts=1 deleted=0
checkpoint_phase lsn=20312 phase=value_index_schedule slot=0 started_ns=1790163051874686000 ended_ns=1790163051874771041 elapsed_us=85 block_gets=0 block_puts=0 deleted=0
checkpoint_phase lsn=20312 phase=value_index_schedule slot=0 started_ns=1790163051874779000 ended_ns=1790163051874938625 elapsed_us=159 block_gets=0 block_puts=0 deleted=0
checkpoint_phase lsn=20312 phase=value_index_schedule slot=0 started_ns=1790163051874948000 ended_ns=1790163051874984041 elapsed_us=36 block_gets=0 block_puts=0 deleted=0
checkpoint_phase lsn=20312 phase=value_index_schedule slot=0 started_ns=1790163051875009000 ended_ns=1790163051892992750 elapsed_us=17983 block_gets=0 block_puts=4 deleted=0
checkpoint_phase lsn=20312 phase=value_index_schedule slot=0 started_ns=1790163051893016000 ended_ns=1790163051894372042 elapsed_us=1356 block_gets=0 block_puts=0 deleted=0
checkpoint_phase lsn=20312 phase=value_index_schedule slot=0 started_ns=1790163051894398000 ended_ns=1790163051900182250 elapsed_us=5784 block_gets=0 block_puts=4 deleted=0
checkpoint_phase lsn=20312 phase=value_index_schedule slot=0 started_ns=1790163051900201000 ended_ns=1790163051900201291 elapsed_us=0 block_gets=0 block_puts=0 deleted=0
checkpoint_phase lsn=20312 phase=value_index_schedule slot=0 started_ns=1790163051900208000 ended_ns=1790163051900347667 elapsed_us=139 block_gets=0 block_puts=0 deleted=0
checkpoint_phase lsn=20312 phase=value_index_schedule slot=0 started_ns=1790163051900357000 ended_ns=1790163051900525750 elapsed_us=168 block_gets=0 block_puts=0 deleted=0
checkpoint_phase lsn=20312 phase=value_index_schedule slot=0 started_ns=1790163051900536000 ended_ns=1790163051900697125 elapsed_us=161 block_gets=0 block_puts=0 deleted=0
checkpoint_phase lsn=20312 phase=value_index_schedule slot=0 started_ns=1790163051900717000 ended_ns=1790163051900876333 elapsed_us=159 block_gets=0 block_puts=0 deleted=0
checkpoint_phase lsn=20312 phase=value_index_schedule slot=0 started_ns=1790163051900886000 ended_ns=1790163051903881250 elapsed_us=2995 block_gets=0 block_puts=1 deleted=0
checkpoint_phase lsn=20312 phase=value_index_schedule slot=0 started_ns=1790163051903921000 ended_ns=1790163051904090500 elapsed_us=169 block_gets=0 block_puts=0 deleted=0
checkpoint_phase lsn=20312 phase=value_index_schedule slot=0 started_ns=1790163051904102000 ended_ns=1790163051904267083 elapsed_us=165 block_gets=0 block_puts=0 deleted=0
checkpoint_phase lsn=20312 phase=value_index_schedule slot=0 started_ns=1790163051904277000 ended_ns=1790163051907155500 elapsed_us=2878 block_gets=0 block_puts=1 deleted=0
checkpoint_phase lsn=20312 phase=value_index_schedule slot=0 started_ns=1790163051907180000 ended_ns=1790163051907308042 elapsed_us=128 block_gets=0 block_puts=0 deleted=0
checkpoint_phase lsn=20312 phase=value_index_schedule slot=0 started_ns=1790163051907321000 ended_ns=1790163051907438000 elapsed_us=117 block_gets=0 block_puts=0 deleted=0
checkpoint_phase lsn=20312 phase=value_index_schedule slot=0 started_ns=1790163051907448000 ended_ns=1790163051907552375 elapsed_us=104 block_gets=0 block_puts=0 deleted=0
checkpoint_phase lsn=20312 phase=value_index_schedule slot=0 started_ns=1790163051907561000 ended_ns=1790163051914608708 elapsed_us=7047 block_gets=0 block_puts=4 deleted=0
checkpoint_phase lsn=20312 phase=value_index_schedule slot=0 started_ns=1790163051914630000 ended_ns=1790163051914630500 elapsed_us=0 block_gets=0 block_puts=0 deleted=0
checkpoint_phase lsn=20312 phase=value_index_write slot=0 started_ns=1790163051914638000 ended_ns=1790163051914801208 elapsed_us=163 block_gets=0 block_puts=0 deleted=0
checkpoint_phase lsn=20312 phase=value_index_write slot=0 started_ns=1790163051914811000 ended_ns=1790163051914859625 elapsed_us=48 block_gets=0 block_puts=0 deleted=0
checkpoint_phase lsn=20312 phase=value_index_write slot=0 started_ns=1790163051914869000 ended_ns=1790163051914918125 elapsed_us=49 block_gets=0 block_puts=0 deleted=0
checkpoint_phase lsn=20312 phase=value_index_write slot=0 started_ns=1790163051914927000 ended_ns=1790163051915083208 elapsed_us=156 block_gets=0 block_puts=0 deleted=0
checkpoint_phase lsn=20312 phase=value_index_write slot=0 started_ns=1790163051915096000 ended_ns=1790163051915144584 elapsed_us=48 block_gets=0 block_puts=0 deleted=0
checkpoint_phase lsn=20312 phase=value_index_write slot=0 started_ns=1790163051915154000 ended_ns=1790163051923645958 elapsed_us=8491 block_gets=0 block_puts=1 deleted=0
checkpoint_phase lsn=20312 phase=value_index_write slot=0 started_ns=1790163051923668000 ended_ns=1790163051923819375 elapsed_us=151 block_gets=0 block_puts=0 deleted=0
checkpoint_phase lsn=20312 phase=value_index_write slot=0 started_ns=1790163051923830000 ended_ns=1790163051923879500 elapsed_us=49 block_gets=0 block_puts=0 deleted=0
checkpoint_phase lsn=20312 phase=value_index_write slot=0 started_ns=1790163051923889000 ended_ns=1790163051923938458 elapsed_us=49 block_gets=0 block_puts=0 deleted=0
checkpoint_phase lsn=20312 phase=value_index_write slot=0 started_ns=1790163051923947000 ended_ns=1790163051952876667 elapsed_us=28929 block_gets=0 block_puts=2 deleted=0
checkpoint_phase lsn=20312 phase=value_index_schedule slot=0 started_ns=1790163051952912000 ended_ns=1790163051952915833 elapsed_us=3 block_gets=0 block_puts=0 deleted=0
checkpoint_phase lsn=20312 phase=value_index_schedule slot=0 started_ns=1790163051952924000 ended_ns=1790163051953712959 elapsed_us=788 block_gets=0 block_puts=0 deleted=0
checkpoint_phase lsn=20312 phase=value_index_schedule slot=0 started_ns=1790163051953724000 ended_ns=1790163051992939916 elapsed_us=39215 block_gets=8 block_puts=0 deleted=0
checkpoint_phase lsn=20312 phase=value_index_schedule slot=0 started_ns=1790163051992966000 ended_ns=1790163052021054667 elapsed_us=28088 block_gets=8 block_puts=0 deleted=0
checkpoint_phase lsn=20312 phase=value_index_schedule slot=0 started_ns=1790163052021228000 ended_ns=1790163052029963750 elapsed_us=8735 block_gets=8 block_puts=0 deleted=0
checkpoint_phase lsn=20312 phase=value_index_schedule slot=0 started_ns=1790163052029986000 ended_ns=1790163052039344250 elapsed_us=9358 block_gets=8 block_puts=0 deleted=0
checkpoint_phase lsn=20312 phase=value_index_schedule slot=0 started_ns=1790163052039372000 ended_ns=1790163052046314875 elapsed_us=6942 block_gets=8 block_puts=0 deleted=0
checkpoint_phase lsn=20312 phase=value_index_schedule slot=0 started_ns=1790163052046336000 ended_ns=1790163052052032834 elapsed_us=5696 block_gets=8 block_puts=0 deleted=0
checkpoint_phase lsn=20312 phase=value_index_schedule slot=0 started_ns=1790163052052052000 ended_ns=1790163052056614625 elapsed_us=4562 block_gets=8 block_puts=0 deleted=0
checkpoint_phase lsn=20312 phase=value_index_schedule slot=0 started_ns=1790163052056633000 ended_ns=1790163052086007500 elapsed_us=29374 block_gets=8 block_puts=0 deleted=0
checkpoint_phase lsn=20312 phase=value_index_schedule slot=0 started_ns=1790163052086031000 ended_ns=1790163052118102708 elapsed_us=32071 block_gets=8 block_puts=0 deleted=0
checkpoint_phase lsn=20312 phase=value_index_schedule slot=0 started_ns=1790163052118129000 ended_ns=1790163052142897583 elapsed_us=24768 block_gets=8 block_puts=0 deleted=0
checkpoint_phase lsn=20312 phase=value_index_schedule slot=0 started_ns=1790163052142926000 ended_ns=1790163052165328375 elapsed_us=22402 block_gets=8 block_puts=0 deleted=0
checkpoint_phase lsn=20312 phase=value_index_schedule slot=0 started_ns=1790163052165351000 ended_ns=1790163052181045334 elapsed_us=15694 block_gets=8 block_puts=0 deleted=0
checkpoint_phase lsn=20312 phase=value_index_schedule slot=0 started_ns=1790163052181069000 ended_ns=1790163052189700208 elapsed_us=8631 block_gets=8 block_puts=0 deleted=0
checkpoint_phase lsn=20312 phase=value_index_schedule slot=0 started_ns=1790163052189721000 ended_ns=1790163052197658125 elapsed_us=7937 block_gets=8 block_puts=0 deleted=0
checkpoint_phase lsn=20312 phase=value_index_schedule slot=0 started_ns=1790163052197680000 ended_ns=1790163052201763417 elapsed_us=4083 block_gets=2 block_puts=0 deleted=0
checkpoint_phase lsn=20312 phase=value_index_schedule slot=0 started_ns=1790163052201788000 ended_ns=1790163052211270125 elapsed_us=9482 block_gets=0 block_puts=0 deleted=0
checkpoint_phase lsn=20312 phase=value_index_schedule slot=0 started_ns=1790163052211305000 ended_ns=1790163052211332709 elapsed_us=27 block_gets=0 block_puts=0 deleted=0
checkpoint_phase lsn=20312 phase=value_index_schedule slot=0 started_ns=1790163052211343000 ended_ns=1790163052211366042 elapsed_us=23 block_gets=0 block_puts=0 deleted=0
checkpoint_phase lsn=20312 phase=value_index_schedule slot=0 started_ns=1790163052211374000 ended_ns=1790163052211398375 elapsed_us=24 block_gets=0 block_puts=0 deleted=0
checkpoint_phase lsn=20312 phase=value_index_schedule slot=0 started_ns=1790163052211407000 ended_ns=1790163052216618500 elapsed_us=5211 block_gets=0 block_puts=1 deleted=0
checkpoint_phase lsn=20312 phase=value_index_schedule slot=0 started_ns=1790163052216637000 ended_ns=1790163052241729709 elapsed_us=25092 block_gets=0 block_puts=4 deleted=0
checkpoint_phase lsn=20312 phase=value_index_schedule slot=0 started_ns=1790163052241754000 ended_ns=1790163052244623458 elapsed_us=2869 block_gets=0 block_puts=0 deleted=0
checkpoint_phase lsn=20312 phase=value_index_schedule slot=0 started_ns=1790163052244638000 ended_ns=1790163052247480667 elapsed_us=2842 block_gets=0 block_puts=0 deleted=0
checkpoint_phase lsn=20312 phase=value_index_schedule slot=0 started_ns=1790163052247498000 ended_ns=1790163052250313875 elapsed_us=2815 block_gets=0 block_puts=0 deleted=0
checkpoint_phase lsn=20312 phase=value_index_schedule slot=0 started_ns=1790163052250328000 ended_ns=1790163052253099792 elapsed_us=2771 block_gets=0 block_puts=0 deleted=0
checkpoint_phase lsn=20312 phase=value_index_schedule slot=0 started_ns=1790163052253119000 ended_ns=1790163052254629000 elapsed_us=1510 block_gets=0 block_puts=0 deleted=0
checkpoint_phase lsn=20312 phase=value_index_schedule slot=0 started_ns=1790163052254667000 ended_ns=1790163052254694375 elapsed_us=27 block_gets=0 block_puts=0 deleted=0
checkpoint_phase lsn=20312 phase=value_index_schedule slot=0 started_ns=1790163052254703000 ended_ns=1790163052254726084 elapsed_us=23 block_gets=0 block_puts=0 deleted=0
checkpoint_phase lsn=20312 phase=value_index_schedule slot=0 started_ns=1790163052254733000 ended_ns=1790163052254756125 elapsed_us=23 block_gets=0 block_puts=0 deleted=0
checkpoint_phase lsn=20312 phase=value_index_schedule slot=0 started_ns=1790163052254763000 ended_ns=1790163052266664459 elapsed_us=11901 block_gets=0 block_puts=1 deleted=0
checkpoint_phase lsn=20312 phase=value_index_schedule slot=0 started_ns=1790163052266679000 ended_ns=1790163052296045500 elapsed_us=29366 block_gets=0 block_puts=4 deleted=0
checkpoint_phase lsn=20312 phase=value_index_schedule slot=0 started_ns=1790163052296070000 ended_ns=1790163052296643084 elapsed_us=573 block_gets=0 block_puts=0 deleted=0
checkpoint_phase lsn=20312 phase=value_index_schedule slot=0 started_ns=1790163052296653000 ended_ns=1790163052296875541 elapsed_us=222 block_gets=0 block_puts=0 deleted=0
checkpoint_phase lsn=20312 phase=value_index_schedule slot=0 started_ns=1790163052296883000 ended_ns=1790163052297098792 elapsed_us=215 block_gets=0 block_puts=0 deleted=0
checkpoint_phase lsn=20312 phase=value_index_schedule slot=0 started_ns=1790163052297106000 ended_ns=1790163052297416750 elapsed_us=310 block_gets=0 block_puts=0 deleted=0
checkpoint_phase lsn=20312 phase=value_index_schedule slot=0 started_ns=1790163052297424000 ended_ns=1790163052309867625 elapsed_us=12443 block_gets=0 block_puts=1 deleted=0
checkpoint_phase lsn=20312 phase=value_index_schedule slot=0 started_ns=1790163052309887000 ended_ns=1790163052310199083 elapsed_us=312 block_gets=0 block_puts=0 deleted=0
checkpoint_phase lsn=20312 phase=value_index_schedule slot=0 started_ns=1790163052310207000 ended_ns=1790163052310517792 elapsed_us=310 block_gets=0 block_puts=0 deleted=0
checkpoint_phase lsn=20312 phase=value_index_schedule slot=0 started_ns=1790163052310528000 ended_ns=1790163052321754750 elapsed_us=11226 block_gets=0 block_puts=1 deleted=0
checkpoint_phase lsn=20312 phase=value_index_schedule slot=0 started_ns=1790163052321777000 ended_ns=1790163052322010625 elapsed_us=233 block_gets=0 block_puts=0 deleted=0
checkpoint_phase lsn=20312 phase=value_index_schedule slot=0 started_ns=1790163052322022000 ended_ns=1790163052322047375 elapsed_us=25 block_gets=0 block_puts=0 deleted=0
checkpoint_phase lsn=20312 phase=value_index_schedule slot=0 started_ns=1790163052322055000 ended_ns=1790163052343349750 elapsed_us=21294 block_gets=0 block_puts=4 deleted=0
checkpoint_phase lsn=20312 phase=value_index_schedule slot=0 started_ns=1790163052343373000 ended_ns=1790163052346217458 elapsed_us=2844 block_gets=0 block_puts=0 deleted=0
checkpoint_phase lsn=20312 phase=value_index_schedule slot=0 started_ns=1790163052346241000 ended_ns=1790163052346876875 elapsed_us=635 block_gets=0 block_puts=0 deleted=0
checkpoint_phase lsn=20312 phase=value_index_schedule slot=0 started_ns=1790163052346887000 ended_ns=1790163052346913750 elapsed_us=26 block_gets=0 block_puts=0 deleted=0
checkpoint_phase lsn=20312 phase=value_index_schedule slot=0 started_ns=1790163052346922000 ended_ns=1790163052365511000 elapsed_us=18589 block_gets=0 block_puts=4 deleted=0
checkpoint_phase lsn=20312 phase=value_index_schedule slot=0 started_ns=1790163052365537000 ended_ns=1790163052365537291 elapsed_us=0 block_gets=0 block_puts=0 deleted=0
checkpoint_phase lsn=20312 phase=value_index_schedule slot=0 started_ns=1790163052365546000 ended_ns=1790163052365728000 elapsed_us=182 block_gets=0 block_puts=0 deleted=0
checkpoint_phase lsn=20312 phase=value_index_schedule slot=0 started_ns=1790163052365738000 ended_ns=1790163052366089333 elapsed_us=351 block_gets=0 block_puts=0 deleted=0
checkpoint_phase lsn=20312 phase=value_index_schedule slot=0 started_ns=1790163052366130000 ended_ns=1790163052366470000 elapsed_us=340 block_gets=0 block_puts=0 deleted=0
checkpoint_phase lsn=20312 phase=value_index_schedule slot=0 started_ns=1790163052366482000 ended_ns=1790163052366826959 elapsed_us=344 block_gets=0 block_puts=0 deleted=0
checkpoint_phase lsn=20312 phase=value_index_schedule slot=0 started_ns=1790163052366837000 ended_ns=1790163052371719792 elapsed_us=4882 block_gets=0 block_puts=1 deleted=0
checkpoint_phase lsn=20312 phase=value_index_schedule slot=0 started_ns=1790163052371745000 ended_ns=1790163052372085917 elapsed_us=340 block_gets=0 block_puts=0 deleted=0
checkpoint_phase lsn=20312 phase=value_index_schedule slot=0 started_ns=1790163052372097000 ended_ns=1790163052372435875 elapsed_us=338 block_gets=0 block_puts=0 deleted=0
checkpoint_phase lsn=20312 phase=value_index_schedule slot=0 started_ns=1790163052372444000 ended_ns=1790163052375992500 elapsed_us=3548 block_gets=0 block_puts=1 deleted=0
checkpoint_phase lsn=20312 phase=value_index_schedule slot=0 started_ns=1790163052376020000 ended_ns=1790163052376318333 elapsed_us=298 block_gets=0 block_puts=0 deleted=0
checkpoint_phase lsn=20312 phase=value_index_schedule slot=0 started_ns=1790163052376331000 ended_ns=1790163052376500292 elapsed_us=169 block_gets=0 block_puts=0 deleted=0
checkpoint_phase lsn=20312 phase=value_index_schedule slot=0 started_ns=1790163052376512000 ended_ns=1790163052381677834 elapsed_us=5165 block_gets=0 block_puts=1 deleted=0
checkpoint_phase lsn=20312 phase=value_index_schedule slot=0 started_ns=1790163052381696000 ended_ns=1790163052388979042 elapsed_us=7283 block_gets=0 block_puts=4 deleted=0
checkpoint_phase lsn=20312 phase=value_index_schedule slot=0 started_ns=1790163052389001000 ended_ns=1790163052389001292 elapsed_us=0 block_gets=0 block_puts=0 deleted=0
checkpoint_phase lsn=20312 phase=value_index_write slot=0 started_ns=1790163052389010000 ended_ns=1790163052394764792 elapsed_us=5754 block_gets=0 block_puts=4 deleted=0
checkpoint_phase lsn=20312 phase=value_index_write slot=0 started_ns=1790163052394784000 ended_ns=1790163052400940708 elapsed_us=6156 block_gets=0 block_puts=4 deleted=0
checkpoint_phase lsn=20312 phase=value_index_write slot=0 started_ns=1790163052400961000 ended_ns=1790163052406221541 elapsed_us=5260 block_gets=0 block_puts=4 deleted=0
checkpoint_phase lsn=20312 phase=value_index_write slot=0 started_ns=1790163052406241000 ended_ns=1790163052419160709 elapsed_us=12919 block_gets=0 block_puts=4 deleted=0
checkpoint_phase lsn=20312 phase=value_index_write slot=0 started_ns=1790163052419182000 ended_ns=1790163052442496917 elapsed_us=23314 block_gets=0 block_puts=4 deleted=0
checkpoint_phase lsn=20312 phase=value_index_write slot=0 started_ns=1790163052442520000 ended_ns=1790163052469859667 elapsed_us=27339 block_gets=0 block_puts=4 deleted=0
checkpoint_phase lsn=20312 phase=value_index_write slot=0 started_ns=1790163052469884000 ended_ns=1790163052487334375 elapsed_us=17450 block_gets=0 block_puts=4 deleted=0
checkpoint_phase lsn=20312 phase=value_index_write slot=0 started_ns=1790163052487357000 ended_ns=1790163052505936459 elapsed_us=18579 block_gets=0 block_puts=4 deleted=0
checkpoint_phase lsn=20312 phase=value_index_write slot=0 started_ns=1790163052505959000 ended_ns=1790163052514229417 elapsed_us=8270 block_gets=0 block_puts=4 deleted=0
checkpoint_phase lsn=20312 phase=value_index_write slot=0 started_ns=1790163052514251000 ended_ns=1790163052523111750 elapsed_us=8860 block_gets=0 block_puts=4 deleted=0
checkpoint_phase lsn=20312 phase=value_index_write slot=0 started_ns=1790163052523133000 ended_ns=1790163052529219084 elapsed_us=6086 block_gets=0 block_puts=4 deleted=0
checkpoint_phase lsn=20312 phase=value_index_write slot=0 started_ns=1790163052529243000 ended_ns=1790163052534962875 elapsed_us=5719 block_gets=0 block_puts=4 deleted=0
checkpoint_phase lsn=20312 phase=value_index_write slot=0 started_ns=1790163052534983000 ended_ns=1790163052542309042 elapsed_us=7326 block_gets=0 block_puts=4 deleted=0
checkpoint_phase lsn=20312 phase=value_index_write slot=0 started_ns=1790163052542345000 ended_ns=1790163052548793750 elapsed_us=6448 block_gets=0 block_puts=4 deleted=0
checkpoint_phase lsn=20312 phase=value_index_write slot=0 started_ns=1790163052548818000 ended_ns=1790163052580445583 elapsed_us=31627 block_gets=0 block_puts=6 deleted=0
checkpoint_phase lsn=20312 phase=value_index_schedule slot=0 started_ns=1790163052580484000 ended_ns=1790163052580488625 elapsed_us=4 block_gets=0 block_puts=0 deleted=0
checkpoint_phase lsn=20312 phase=value_index_schedule slot=0 started_ns=1790163052580498000 ended_ns=1790163052581300625 elapsed_us=802 block_gets=0 block_puts=0 deleted=0
checkpoint_phase lsn=20312 phase=value_index_schedule slot=0 started_ns=1790163052581312000 ended_ns=1790163052615906292 elapsed_us=34594 block_gets=8 block_puts=0 deleted=0
checkpoint_phase lsn=20312 phase=value_index_schedule slot=0 started_ns=1790163052615932000 ended_ns=1790163052643376334 elapsed_us=27444 block_gets=8 block_puts=0 deleted=0
checkpoint_phase lsn=20312 phase=value_index_schedule slot=0 started_ns=1790163052643400000 ended_ns=1790163052670327250 elapsed_us=26927 block_gets=8 block_puts=0 deleted=0
checkpoint_phase lsn=20312 phase=value_index_schedule slot=0 started_ns=1790163052670353000 ended_ns=1790163052694718708 elapsed_us=24365 block_gets=8 block_puts=0 deleted=0
checkpoint_phase lsn=20312 phase=value_index_schedule slot=0 started_ns=1790163052694743000 ended_ns=1790163052705530375 elapsed_us=10787 block_gets=8 block_puts=0 deleted=0
checkpoint_phase lsn=20312 phase=value_index_schedule slot=0 started_ns=1790163052705555000 ended_ns=1790163052712534958 elapsed_us=6979 block_gets=8 block_puts=0 deleted=0
checkpoint_phase lsn=20312 phase=value_index_schedule slot=0 started_ns=1790163052712556000 ended_ns=1790163052719336750 elapsed_us=6780 block_gets=8 block_puts=0 deleted=0
checkpoint_phase lsn=20312 phase=value_index_schedule slot=0 started_ns=1790163052719368000 ended_ns=1790163052725822167 elapsed_us=6454 block_gets=8 block_puts=0 deleted=0
checkpoint_phase lsn=20312 phase=value_index_schedule slot=0 started_ns=1790163052725843000 ended_ns=1790163052729962166 elapsed_us=4119 block_gets=8 block_puts=0 deleted=0
checkpoint_phase lsn=20312 phase=value_index_schedule slot=0 started_ns=1790163052729981000 ended_ns=1790163052734745041 elapsed_us=4764 block_gets=8 block_puts=0 deleted=0
checkpoint_phase lsn=20312 phase=value_index_schedule slot=0 started_ns=1790163052734764000 ended_ns=1790163052741127916 elapsed_us=6363 block_gets=8 block_puts=0 deleted=0
checkpoint_phase lsn=20312 phase=value_index_schedule slot=0 started_ns=1790163052741150000 ended_ns=1790163052754822792 elapsed_us=13672 block_gets=8 block_puts=0 deleted=0
checkpoint_phase lsn=20312 phase=value_index_schedule slot=0 started_ns=1790163052754846000 ended_ns=1790163052784912875 elapsed_us=30066 block_gets=8 block_puts=0 deleted=0
checkpoint_phase lsn=20312 phase=value_index_schedule slot=0 started_ns=1790163052784940000 ended_ns=1790163052809906625 elapsed_us=24966 block_gets=8 block_puts=0 deleted=0
checkpoint_phase lsn=20312 phase=value_index_schedule slot=0 started_ns=1790163052809932000 ended_ns=1790163052826216250 elapsed_us=16284 block_gets=2 block_puts=0 deleted=0
checkpoint_phase lsn=20312 phase=value_index_schedule slot=0 started_ns=1790163052826239000 ended_ns=1790163052829971292 elapsed_us=3732 block_gets=0 block_puts=0 deleted=0
checkpoint_phase lsn=20312 phase=value_index_schedule slot=0 started_ns=1790163052829983000 ended_ns=1790163052830012084 elapsed_us=29 block_gets=0 block_puts=0 deleted=0
checkpoint_phase lsn=20312 phase=value_index_schedule slot=0 started_ns=1790163052830020000 ended_ns=1790163052830043542 elapsed_us=23 block_gets=0 block_puts=0 deleted=0
checkpoint_phase lsn=20312 phase=value_index_schedule slot=0 started_ns=1790163052830052000 ended_ns=1790163052830075416 elapsed_us=23 block_gets=0 block_puts=0 deleted=0
checkpoint_phase lsn=20312 phase=value_index_schedule slot=0 started_ns=1790163052830084000 ended_ns=1790163052845936500 elapsed_us=15852 block_gets=0 block_puts=1 deleted=0
checkpoint_phase lsn=20312 phase=value_index_schedule slot=0 started_ns=1790163052845983000 ended_ns=1790163052852502334 elapsed_us=6519 block_gets=0 block_puts=4 deleted=0
checkpoint_phase lsn=20312 phase=value_index_schedule slot=0 started_ns=1790163052852523000 ended_ns=1790163052855407917 elapsed_us=2884 block_gets=0 block_puts=0 deleted=0
checkpoint_phase lsn=20312 phase=value_index_schedule slot=0 started_ns=1790163052855430000 ended_ns=1790163052858260084 elapsed_us=2830 block_gets=0 block_puts=0 deleted=0
checkpoint_phase lsn=20312 phase=value_index_schedule slot=0 started_ns=1790163052858278000 ended_ns=1790163052861122042 elapsed_us=2844 block_gets=0 block_puts=0 deleted=0
checkpoint_phase lsn=20312 phase=value_index_schedule slot=0 started_ns=1790163052861137000 ended_ns=1790163052863948959 elapsed_us=2811 block_gets=0 block_puts=0 deleted=0
checkpoint_phase lsn=20312 phase=value_index_schedule slot=0 started_ns=1790163052863962000 ended_ns=1790163052864783917 elapsed_us=821 block_gets=0 block_puts=0 deleted=0
checkpoint_phase lsn=20312 phase=value_index_schedule slot=0 started_ns=1790163052864796000 ended_ns=1790163052864825458 elapsed_us=29 block_gets=0 block_puts=0 deleted=0
checkpoint_phase lsn=20312 phase=value_index_schedule slot=0 started_ns=1790163052864834000 ended_ns=1790163052864857375 elapsed_us=23 block_gets=0 block_puts=0 deleted=0
checkpoint_phase lsn=20312 phase=value_index_schedule slot=0 started_ns=1790163052864866000 ended_ns=1790163052864889250 elapsed_us=23 block_gets=0 block_puts=0 deleted=0
checkpoint_phase lsn=20312 phase=value_index_schedule slot=0 started_ns=1790163052864900000 ended_ns=1790163052869296792 elapsed_us=4396 block_gets=0 block_puts=1 deleted=0
checkpoint_phase lsn=20312 phase=value_index_schedule slot=0 started_ns=1790163052869313000 ended_ns=1790163052875659750 elapsed_us=6346 block_gets=0 block_puts=4 deleted=0
checkpoint_phase lsn=20312 phase=value_index_schedule slot=0 started_ns=1790163052875683000 ended_ns=1790163052876426459 elapsed_us=743 block_gets=0 block_puts=0 deleted=0
checkpoint_phase lsn=20312 phase=value_index_schedule slot=0 started_ns=1790163052876458000 ended_ns=1790163052876579250 elapsed_us=121 block_gets=0 block_puts=0 deleted=0
checkpoint_phase lsn=20312 phase=value_index_schedule slot=0 started_ns=1790163052876592000 ended_ns=1790163052876704000 elapsed_us=112 block_gets=0 block_puts=0 deleted=0
checkpoint_phase lsn=20312 phase=value_index_schedule slot=0 started_ns=1790163052876715000 ended_ns=1790163052876936000 elapsed_us=221 block_gets=0 block_puts=0 deleted=0
checkpoint_phase lsn=20312 phase=value_index_schedule slot=0 started_ns=1790163052876948000 ended_ns=1790163052882707750 elapsed_us=5759 block_gets=0 block_puts=1 deleted=0
checkpoint_phase lsn=20312 phase=value_index_schedule slot=0 started_ns=1790163052882728000 ended_ns=1790163052882950416 elapsed_us=222 block_gets=0 block_puts=0 deleted=0
checkpoint_phase lsn=20312 phase=value_index_schedule slot=0 started_ns=1790163052882963000 ended_ns=1790163052883218292 elapsed_us=255 block_gets=0 block_puts=0 deleted=0
checkpoint_phase lsn=20312 phase=value_index_schedule slot=0 started_ns=1790163052883231000 ended_ns=1790163052891437167 elapsed_us=8206 block_gets=0 block_puts=1 deleted=0
checkpoint_phase lsn=20312 phase=value_index_schedule slot=0 started_ns=1790163052891459000 ended_ns=1790163052891669459 elapsed_us=210 block_gets=0 block_puts=0 deleted=0
checkpoint_phase lsn=20312 phase=value_index_schedule slot=0 started_ns=1790163052891680000 ended_ns=1790163052891698584 elapsed_us=18 block_gets=0 block_puts=0 deleted=0
checkpoint_phase lsn=20312 phase=value_index_schedule slot=0 started_ns=1790163052891707000 ended_ns=1790163052919419834 elapsed_us=27712 block_gets=0 block_puts=4 deleted=0
checkpoint_phase lsn=20312 phase=value_index_schedule slot=0 started_ns=1790163052919444000 ended_ns=1790163052922264625 elapsed_us=2820 block_gets=0 block_puts=0 deleted=0
checkpoint_phase lsn=20312 phase=value_index_schedule slot=0 started_ns=1790163052922282000 ended_ns=1790163052923421000 elapsed_us=1139 block_gets=0 block_puts=0 deleted=0
checkpoint_phase lsn=20312 phase=value_index_schedule slot=0 started_ns=1790163052923450000 ended_ns=1790163052923477500 elapsed_us=27 block_gets=0 block_puts=0 deleted=0
checkpoint_phase lsn=20312 phase=value_index_schedule slot=0 started_ns=1790163052923487000 ended_ns=1790163052950539375 elapsed_us=27052 block_gets=0 block_puts=4 deleted=0
checkpoint_phase lsn=20312 phase=value_index_schedule slot=0 started_ns=1790163052950564000 ended_ns=1790163052950564292 elapsed_us=0 block_gets=0 block_puts=0 deleted=0
checkpoint_phase lsn=20312 phase=value_index_schedule slot=0 started_ns=1790163052950573000 ended_ns=1790163052950782583 elapsed_us=209 block_gets=0 block_puts=0 deleted=0
checkpoint_phase lsn=20312 phase=value_index_schedule slot=0 started_ns=1790163052950791000 ended_ns=1790163052951056291 elapsed_us=265 block_gets=0 block_puts=0 deleted=0
checkpoint_phase lsn=20312 phase=value_index_schedule slot=0 started_ns=1790163052951067000 ended_ns=1790163052951323250 elapsed_us=256 block_gets=0 block_puts=0 deleted=0
checkpoint_phase lsn=20312 phase=value_index_schedule slot=0 started_ns=1790163052951332000 ended_ns=1790163052951584625 elapsed_us=252 block_gets=0 block_puts=0 deleted=0
checkpoint_phase lsn=20312 phase=value_index_schedule slot=0 started_ns=1790163052951592000 ended_ns=1790163052963444042 elapsed_us=11852 block_gets=0 block_puts=1 deleted=0
checkpoint_phase lsn=20312 phase=value_index_schedule slot=0 started_ns=1790163052963468000 ended_ns=1790163052963722209 elapsed_us=254 block_gets=0 block_puts=0 deleted=0
checkpoint_phase lsn=20312 phase=value_index_schedule slot=0 started_ns=1790163052963731000 ended_ns=1790163052963982042 elapsed_us=251 block_gets=0 block_puts=0 deleted=0
checkpoint_phase lsn=20312 phase=value_index_schedule slot=0 started_ns=1790163052963996000 ended_ns=1790163052982175709 elapsed_us=18179 block_gets=0 block_puts=1 deleted=0
checkpoint_phase lsn=20312 phase=value_index_schedule slot=0 started_ns=1790163052982202000 ended_ns=1790163052982314084 elapsed_us=112 block_gets=0 block_puts=0 deleted=0
checkpoint_phase lsn=20312 phase=value_index_schedule slot=0 started_ns=1790163052982323000 ended_ns=1790163052982461875 elapsed_us=138 block_gets=0 block_puts=0 deleted=0
checkpoint_phase lsn=20312 phase=value_index_schedule slot=0 started_ns=1790163052982470000 ended_ns=1790163052996981042 elapsed_us=14511 block_gets=0 block_puts=1 deleted=0
checkpoint_phase lsn=20312 phase=value_index_schedule slot=0 started_ns=1790163052997012000 ended_ns=1790163053002372834 elapsed_us=5360 block_gets=0 block_puts=4 deleted=0
checkpoint_phase lsn=20312 phase=value_index_schedule slot=0 started_ns=1790163053002393000 ended_ns=1790163053002393125 elapsed_us=0 block_gets=0 block_puts=0 deleted=0
checkpoint_phase lsn=20312 phase=value_index_write slot=0 started_ns=1790163053002403000 ended_ns=1790163053010680500 elapsed_us=8277 block_gets=0 block_puts=4 deleted=0
checkpoint_phase lsn=20312 phase=value_index_write slot=0 started_ns=1790163053010706000 ended_ns=1790163053033703125 elapsed_us=22997 block_gets=0 block_puts=4 deleted=0
checkpoint_phase lsn=20312 phase=value_index_write slot=0 started_ns=1790163053033729000 ended_ns=1790163053075816417 elapsed_us=42087 block_gets=0 block_puts=4 deleted=0
checkpoint_phase lsn=20312 phase=value_index_write slot=0 started_ns=1790163053075843000 ended_ns=1790163053107304250 elapsed_us=31461 block_gets=0 block_puts=4 deleted=0
checkpoint_phase lsn=20312 phase=value_index_write slot=0 started_ns=1790163053107329000 ended_ns=1790163053136950958 elapsed_us=29621 block_gets=0 block_puts=4 deleted=0
checkpoint_phase lsn=20312 phase=value_index_write slot=0 started_ns=1790163053136973000 ended_ns=1790163053157852834 elapsed_us=20879 block_gets=0 block_puts=4 deleted=0
checkpoint_phase lsn=20312 phase=value_index_write slot=0 started_ns=1790163053157879000 ended_ns=1790163053177845834 elapsed_us=19966 block_gets=0 block_puts=4 deleted=0
checkpoint_phase lsn=20312 phase=value_index_write slot=0 started_ns=1790163053177871000 ended_ns=1790163053186613375 elapsed_us=8742 block_gets=0 block_puts=4 deleted=0
checkpoint_phase lsn=20312 phase=value_index_write slot=0 started_ns=1790163053186649000 ended_ns=1790163053191942958 elapsed_us=5293 block_gets=0 block_puts=4 deleted=0
checkpoint_phase lsn=20312 phase=value_index_write slot=0 started_ns=1790163053191967000 ended_ns=1790163053198094834 elapsed_us=6127 block_gets=0 block_puts=4 deleted=0
checkpoint_phase lsn=20312 phase=value_index_write slot=0 started_ns=1790163053198118000 ended_ns=1790163053204525333 elapsed_us=6407 block_gets=0 block_puts=4 deleted=0
checkpoint_phase lsn=20312 phase=value_index_write slot=0 started_ns=1790163053204546000 ended_ns=1790163053210225791 elapsed_us=5679 block_gets=0 block_puts=4 deleted=0
checkpoint_phase lsn=20312 phase=value_index_write slot=0 started_ns=1790163053210247000 ended_ns=1790163053217774500 elapsed_us=7527 block_gets=0 block_puts=4 deleted=0
checkpoint_phase lsn=20312 phase=value_index_write slot=0 started_ns=1790163053217795000 ended_ns=1790163053224205417 elapsed_us=6410 block_gets=0 block_puts=4 deleted=0
checkpoint_phase lsn=20312 phase=value_index_write slot=0 started_ns=1790163053224228000 ended_ns=1790163053230729833 elapsed_us=6501 block_gets=0 block_puts=4 deleted=0
checkpoint_phase lsn=20312 phase=value_index_write slot=0 started_ns=1790163053230750000 ended_ns=1790163053259161750 elapsed_us=28411 block_gets=0 block_puts=3 deleted=0
checkpoint_phase lsn=20312 phase=value_index_schedule slot=0 started_ns=1790163053259196000 ended_ns=1790163053259199625 elapsed_us=3 block_gets=0 block_puts=0 deleted=0
checkpoint_phase lsn=20312 phase=value_index_schedule slot=0 started_ns=1790163053259210000 ended_ns=1790163053260055542 elapsed_us=845 block_gets=0 block_puts=0 deleted=0
checkpoint_phase lsn=20312 phase=value_index_schedule slot=0 started_ns=1790163053260068000 ended_ns=1790163053283731875 elapsed_us=23663 block_gets=8 block_puts=0 deleted=0
checkpoint_phase lsn=20312 phase=value_index_schedule slot=0 started_ns=1790163053283758000 ended_ns=1790163053303389000 elapsed_us=19631 block_gets=8 block_puts=0 deleted=0
checkpoint_phase lsn=20312 phase=value_index_schedule slot=0 started_ns=1790163053303413000 ended_ns=1790163053324184667 elapsed_us=20771 block_gets=8 block_puts=0 deleted=0
checkpoint_phase lsn=20312 phase=value_index_schedule slot=0 started_ns=1790163053324208000 ended_ns=1790163053329000833 elapsed_us=4792 block_gets=8 block_puts=0 deleted=0
checkpoint_phase lsn=20312 phase=value_index_schedule slot=0 started_ns=1790163053329019000 ended_ns=1790163053336727875 elapsed_us=7708 block_gets=8 block_puts=0 deleted=0
checkpoint_phase lsn=20312 phase=value_index_schedule slot=0 started_ns=1790163053336752000 ended_ns=1790163053342559875 elapsed_us=5807 block_gets=8 block_puts=0 deleted=0
checkpoint_phase lsn=20312 phase=value_index_schedule slot=0 started_ns=1790163053342581000 ended_ns=1790163053349529208 elapsed_us=6948 block_gets=8 block_puts=0 deleted=0
checkpoint_phase lsn=20312 phase=value_index_schedule slot=0 started_ns=1790163053349551000 ended_ns=1790163053357540500 elapsed_us=7989 block_gets=8 block_puts=0 deleted=0
checkpoint_phase lsn=20312 phase=value_index_schedule slot=0 started_ns=1790163053357564000 ended_ns=1790163053363254958 elapsed_us=5690 block_gets=8 block_puts=0 deleted=0
checkpoint_phase lsn=20312 phase=value_index_schedule slot=0 started_ns=1790163053363276000 ended_ns=1790163053367798709 elapsed_us=4522 block_gets=8 block_puts=0 deleted=0
checkpoint_phase lsn=20312 phase=value_index_schedule slot=0 started_ns=1790163053367817000 ended_ns=1790163053372949833 elapsed_us=5132 block_gets=8 block_puts=0 deleted=0
checkpoint_phase lsn=20312 phase=value_index_schedule slot=0 started_ns=1790163053372970000 ended_ns=1790163053388266041 elapsed_us=15296 block_gets=8 block_puts=0 deleted=0
checkpoint_phase lsn=20312 phase=value_index_schedule slot=0 started_ns=1790163053388288000 ended_ns=1790163053410083000 elapsed_us=21795 block_gets=8 block_puts=0 deleted=0
checkpoint_phase lsn=20312 phase=value_index_schedule slot=0 started_ns=1790163053410120000 ended_ns=1790163053427315375 elapsed_us=17195 block_gets=8 block_puts=0 deleted=0
checkpoint_phase lsn=20312 phase=value_index_schedule slot=0 started_ns=1790163053427337000 ended_ns=1790163053439330709 elapsed_us=11993 block_gets=2 block_puts=0 deleted=0
checkpoint_phase lsn=20312 phase=value_index_schedule slot=0 started_ns=1790163053439359000 ended_ns=1790163053439385458 elapsed_us=26 block_gets=0 block_puts=0 deleted=0
checkpoint_phase lsn=20312 phase=value_index_schedule slot=0 started_ns=1790163053439395000 ended_ns=1790163053439416709 elapsed_us=21 block_gets=0 block_puts=0 deleted=0
checkpoint_phase lsn=20312 phase=value_index_schedule slot=0 started_ns=1790163053439426000 ended_ns=1790163053451439792 elapsed_us=12013 block_gets=0 block_puts=1 deleted=0
checkpoint_phase lsn=20312 phase=value_index_schedule slot=0 started_ns=1790163053451460000 ended_ns=1790163053471763958 elapsed_us=20303 block_gets=0 block_puts=4 deleted=0
checkpoint_phase lsn=20312 phase=value_index_schedule slot=0 started_ns=1790163053471788000 ended_ns=1790163053474654125 elapsed_us=2866 block_gets=0 block_puts=0 deleted=0
checkpoint_phase lsn=20312 phase=value_index_schedule slot=0 started_ns=1790163053474667000 ended_ns=1790163053477460792 elapsed_us=2793 block_gets=0 block_puts=0 deleted=0
checkpoint_phase lsn=20312 phase=value_index_schedule slot=0 started_ns=1790163053477475000 ended_ns=1790163053480281375 elapsed_us=2806 block_gets=0 block_puts=0 deleted=0
checkpoint_phase lsn=20312 phase=value_index_schedule slot=0 started_ns=1790163053480296000 ended_ns=1790163053482150875 elapsed_us=1854 block_gets=0 block_puts=0 deleted=0
checkpoint_phase lsn=20312 phase=value_index_schedule slot=0 started_ns=1790163053482171000 ended_ns=1790163053482198042 elapsed_us=27 block_gets=0 block_puts=0 deleted=0
checkpoint_phase lsn=20312 phase=value_index_schedule slot=0 started_ns=1790163053482211000 ended_ns=1790163053482232708 elapsed_us=21 block_gets=0 block_puts=0 deleted=0
checkpoint_phase lsn=20312 phase=value_index_schedule slot=0 started_ns=1790163053482242000 ended_ns=1790163053498684542 elapsed_us=16442 block_gets=0 block_puts=1 deleted=0
checkpoint_phase lsn=20312 phase=value_index_schedule slot=0 started_ns=1790163053508646000 ended_ns=1790163053541300417 elapsed_us=32654 block_gets=0 block_puts=4 deleted=0
checkpoint_phase lsn=20312 phase=value_index_schedule slot=0 started_ns=1790163053541344000 ended_ns=1790163053541994583 elapsed_us=650 block_gets=0 block_puts=0 deleted=0
checkpoint_phase lsn=20312 phase=value_index_schedule slot=0 started_ns=1790163053544634000 ended_ns=1790163053544906791 elapsed_us=272 block_gets=0 block_puts=0 deleted=0
checkpoint_phase lsn=20312 phase=value_index_schedule slot=0 started_ns=1790163053544924000 ended_ns=1790163053545127875 elapsed_us=203 block_gets=0 block_puts=0 deleted=0
checkpoint_phase lsn=20312 phase=value_index_schedule slot=0 started_ns=1790163053545144000 ended_ns=1790163053550923166 elapsed_us=5779 block_gets=0 block_puts=1 deleted=0
checkpoint_phase lsn=20312 phase=value_index_schedule slot=0 started_ns=1790163053550941000 ended_ns=1790163053551265375 elapsed_us=324 block_gets=0 block_puts=0 deleted=0
checkpoint_phase lsn=20312 phase=value_index_schedule slot=0 started_ns=1790163053551277000 ended_ns=1790163053551627833 elapsed_us=350 block_gets=0 block_puts=0 deleted=0
checkpoint_phase lsn=20312 phase=value_index_schedule slot=0 started_ns=1790163053551637000 ended_ns=1790163053558417959 elapsed_us=6780 block_gets=0 block_puts=1 deleted=0
checkpoint_phase lsn=20312 phase=value_index_schedule slot=0 started_ns=1790163053558437000 ended_ns=1790163053558603750 elapsed_us=166 block_gets=0 block_puts=0 deleted=0
checkpoint_phase lsn=20312 phase=value_index_schedule slot=0 started_ns=1790163053558614000 ended_ns=1790163053565527250 elapsed_us=6913 block_gets=0 block_puts=4 deleted=0
checkpoint_phase lsn=20312 phase=value_index_schedule slot=0 started_ns=1790163053565548000 ended_ns=1790163053568339792 elapsed_us=2791 block_gets=0 block_puts=0 deleted=0
checkpoint_phase lsn=20312 phase=value_index_schedule slot=0 started_ns=1790163053568396000 ended_ns=1790163053571118084 elapsed_us=2722 block_gets=0 block_puts=0 deleted=0
checkpoint_phase lsn=20312 phase=value_index_schedule slot=0 started_ns=1790163053571132000 ended_ns=1790163053573747041 elapsed_us=2615 block_gets=0 block_puts=0 deleted=0
checkpoint_phase lsn=20312 phase=value_index_schedule slot=0 started_ns=1790163053573760000 ended_ns=1790163053573785333 elapsed_us=25 block_gets=0 block_puts=0 deleted=0
checkpoint_phase lsn=20312 phase=value_index_schedule slot=0 started_ns=1790163053573795000 ended_ns=1790163053573815958 elapsed_us=20 block_gets=0 block_puts=0 deleted=0
checkpoint_phase lsn=20312 phase=value_index_schedule slot=0 started_ns=1790163053573824000 ended_ns=1790163053592719042 elapsed_us=18895 block_gets=0 block_puts=1 deleted=0
checkpoint_phase lsn=20312 phase=value_index_schedule slot=0 started_ns=1790163053592741000 ended_ns=1790163053633930584 elapsed_us=41189 block_gets=0 block_puts=4 deleted=0
checkpoint_phase lsn=20312 phase=value_index_schedule slot=0 started_ns=1790163053633963000 ended_ns=1790163053633963334 elapsed_us=0 block_gets=0 block_puts=0 deleted=0
checkpoint_phase lsn=20312 phase=value_index_schedule slot=0 started_ns=1790163053633974000 ended_ns=1790163053634635000 elapsed_us=661 block_gets=0 block_puts=0 deleted=0
checkpoint_phase lsn=20312 phase=value_index_schedule slot=0 started_ns=1790163053634647000 ended_ns=1790163053634998583 elapsed_us=351 block_gets=0 block_puts=0 deleted=0
checkpoint_phase lsn=20312 phase=value_index_schedule slot=0 started_ns=1790163053635009000 ended_ns=1790163053635351834 elapsed_us=342 block_gets=0 block_puts=0 deleted=0
checkpoint_phase lsn=20312 phase=value_index_schedule slot=0 started_ns=1790163053635362000 ended_ns=1790163053650728791 elapsed_us=15366 block_gets=0 block_puts=1 deleted=0
checkpoint_phase lsn=20312 phase=value_index_schedule slot=0 started_ns=1790163053650753000 ended_ns=1790163053651093250 elapsed_us=340 block_gets=0 block_puts=0 deleted=0
checkpoint_phase lsn=20312 phase=value_index_schedule slot=0 started_ns=1790163053651105000 ended_ns=1790163053651442750 elapsed_us=337 block_gets=0 block_puts=0 deleted=0
checkpoint_phase lsn=20312 phase=value_index_schedule slot=0 started_ns=1790163053651453000 ended_ns=1790163053661973583 elapsed_us=10520 block_gets=0 block_puts=1 deleted=0
checkpoint_phase lsn=20312 phase=value_index_schedule slot=0 started_ns=1790163053662002000 ended_ns=1790163053662196709 elapsed_us=194 block_gets=0 block_puts=0 deleted=0
checkpoint_phase lsn=20312 phase=value_index_schedule slot=0 started_ns=1790163053662210000 ended_ns=1790163053662403667 elapsed_us=193 block_gets=0 block_puts=0 deleted=0
checkpoint_phase lsn=20312 phase=value_index_schedule slot=0 started_ns=1790163053662416000 ended_ns=1790163053667015625 elapsed_us=4599 block_gets=0 block_puts=1 deleted=0
checkpoint_phase lsn=20312 phase=value_index_schedule slot=0 started_ns=1790163053667038000 ended_ns=1790163053667133833 elapsed_us=95 block_gets=0 block_puts=0 deleted=0
checkpoint_phase lsn=20312 phase=value_index_schedule slot=0 started_ns=1790163053667145000 ended_ns=1790163053678487917 elapsed_us=11342 block_gets=0 block_puts=4 deleted=0
checkpoint_phase lsn=20312 phase=value_index_schedule slot=0 started_ns=1790163053678512000 ended_ns=1790163053678512416 elapsed_us=0 block_gets=0 block_puts=0 deleted=0
checkpoint_phase lsn=20312 phase=value_index_write slot=0 started_ns=1790163053678523000 ended_ns=1790163053684982292 elapsed_us=6459 block_gets=0 block_puts=3 deleted=0
checkpoint_phase lsn=20312 phase=value_index_write slot=0 started_ns=1790163053685005000 ended_ns=1790163053691359208 elapsed_us=6354 block_gets=0 block_puts=4 deleted=0
checkpoint_phase lsn=20312 phase=value_index_write slot=0 started_ns=1790163053691384000 ended_ns=1790163053697287083 elapsed_us=5903 block_gets=0 block_puts=4 deleted=0
checkpoint_phase lsn=20312 phase=value_index_write slot=0 started_ns=1790163053697309000 ended_ns=1790163053705623333 elapsed_us=8314 block_gets=0 block_puts=4 deleted=0
checkpoint_phase lsn=20312 phase=value_index_write slot=0 started_ns=1790163053705658000 ended_ns=1790163053711604792 elapsed_us=5946 block_gets=0 block_puts=4 deleted=0
checkpoint_phase lsn=20312 phase=value_index_write slot=0 started_ns=1790163053711624000 ended_ns=1790163053737656834 elapsed_us=26032 block_gets=0 block_puts=4 deleted=0
checkpoint_phase lsn=20312 phase=value_index_write slot=0 started_ns=1790163053737682000 ended_ns=1790163053763197167 elapsed_us=25515 block_gets=0 block_puts=4 deleted=0
checkpoint_phase lsn=20312 phase=value_index_write slot=0 started_ns=1790163053763221000 ended_ns=1790163053807125708 elapsed_us=43904 block_gets=0 block_puts=4 deleted=0
checkpoint_phase lsn=20312 phase=value_index_write slot=0 started_ns=1790163053807155000 ended_ns=1790163053816104708 elapsed_us=8949 block_gets=0 block_puts=4 deleted=0
checkpoint_phase lsn=20312 phase=value_index_write slot=0 started_ns=1790163053816133000 ended_ns=1790163053823703500 elapsed_us=7570 block_gets=0 block_puts=4 deleted=0
checkpoint_phase lsn=20312 phase=value_index_write slot=0 started_ns=1790163053823724000 ended_ns=1790163053831157542 elapsed_us=7433 block_gets=0 block_puts=5 deleted=0
checkpoint_phase lsn=20312 phase=row_sst_delta slot=0 started_ns=1790163053831191000 ended_ns=1790163053914299167 elapsed_us=83108 block_gets=0 block_puts=5 deleted=0
checkpoint_phase lsn=20312 phase=manifest slot=-1 started_ns=1790163053914332000 ended_ns=1790163053926321959 elapsed_us=11989 block_gets=0 block_puts=0 deleted=0
checkpoint_phase lsn=20312 phase=local_cleanup slot=-1 started_ns=1790163053926369000 ended_ns=1790163053926511500 elapsed_us=142 block_gets=0 block_puts=0 deleted=0
checkpoint_phase lsn=20312 phase=commit_prune slot=-1 started_ns=1790163053926515000 ended_ns=1790163053994484000 elapsed_us=67969 block_gets=0 block_puts=0 deleted=16
checkpoint_phase lsn=20312 phase=commit_prune slot=-1 started_ns=1790163053994509000 ended_ns=1790163054014912916 elapsed_us=20403 block_gets=0 block_puts=0 deleted=16
checkpoint_phase lsn=20312 phase=commit_prune slot=-1 started_ns=1790163054014938000 ended_ns=1790163054029809041 elapsed_us=14871 block_gets=0 block_puts=0 deleted=16
checkpoint_phase lsn=20312 phase=commit_prune slot=-1 started_ns=1790163054029833000 ended_ns=1790163054038919792 elapsed_us=9086 block_gets=0 block_puts=0 deleted=16
checkpoint_phase lsn=20312 phase=commit_prune slot=-1 started_ns=1790163054038948000 ended_ns=1790163054039981959 elapsed_us=1033 block_gets=0 block_puts=0 deleted=2
checkpoint_phase lsn=20312 phase=legacy_gc slot=-1 started_ns=1790163054039995000 ended_ns=1790163054040385042 elapsed_us=390 block_gets=0 block_puts=0 deleted=0
checkpoint_phase lsn=20312 phase=gc_keep slot=-1 started_ns=1790163054040396000 ended_ns=1790163054041438833 elapsed_us=1042 block_gets=0 block_puts=0 deleted=0
checkpoint_phase lsn=20312 phase=gc_list slot=-1 started_ns=1790163054041447000 ended_ns=1790163054116612958 elapsed_us=75165 block_gets=0 block_puts=0 deleted=0
checkpoint_phase lsn=20312 phase=gc_delete slot=-1 started_ns=1790163054116642000 ended_ns=1790163054152748709 elapsed_us=36106 block_gets=0 block_puts=0 deleted=16
checkpoint_phase lsn=20312 phase=gc_delete slot=-1 started_ns=1790163054152776000 ended_ns=1790163054166243917 elapsed_us=13467 block_gets=0 block_puts=0 deleted=16
checkpoint_phase lsn=20312 phase=gc_delete slot=-1 started_ns=1790163054166280000 ended_ns=1790163054182085250 elapsed_us=15805 block_gets=0 block_puts=0 deleted=16
checkpoint_phase lsn=20312 phase=gc_delete slot=-1 started_ns=1790163054182111000 ended_ns=1790163054191743667 elapsed_us=9632 block_gets=0 block_puts=0 deleted=16
checkpoint_phase lsn=20312 phase=gc_delete slot=-1 started_ns=1790163054191769000 ended_ns=1790163054243339292 elapsed_us=51570 block_gets=0 block_puts=0 deleted=16
checkpoint_phase lsn=20312 phase=gc_delete slot=-1 started_ns=1790163054243369000 ended_ns=1790163054297644959 elapsed_us=54275 block_gets=0 block_puts=0 deleted=16
checkpoint_phase lsn=20312 phase=gc_delete slot=-1 started_ns=1790163054297672000 ended_ns=1790163054312231459 elapsed_us=14559 block_gets=0 block_puts=0 deleted=16
checkpoint_phase lsn=20312 phase=gc_delete slot=-1 started_ns=1790163054312277000 ended_ns=1790163054327101958 elapsed_us=14824 block_gets=0 block_puts=0 deleted=16
checkpoint_phase lsn=20312 phase=gc_delete slot=-1 started_ns=1790163054327126000 ended_ns=1790163054355384042 elapsed_us=28258 block_gets=0 block_puts=0 deleted=16
checkpoint_phase lsn=20312 phase=gc_delete slot=-1 started_ns=1790163054355412000 ended_ns=1790163054443796000 elapsed_us=88384 block_gets=0 block_puts=0 deleted=16
checkpoint_phase lsn=20312 phase=gc_delete slot=-1 started_ns=1790163054443857000 ended_ns=1790163054489349416 elapsed_us=45492 block_gets=0 block_puts=0 deleted=16
checkpoint_phase lsn=20312 phase=gc_delete slot=-1 started_ns=1790163054489378000 ended_ns=1790163054504561583 elapsed_us=15183 block_gets=0 block_puts=0 deleted=16
checkpoint_phase lsn=20312 phase=gc_delete slot=-1 started_ns=1790163054504593000 ended_ns=1790163054516633791 elapsed_us=12040 block_gets=0 block_puts=0 deleted=16
checkpoint_phase lsn=20312 phase=gc_delete slot=-1 started_ns=1790163054516660000 ended_ns=1790163054528136208 elapsed_us=11476 block_gets=0 block_puts=0 deleted=16
checkpoint_phase lsn=20312 phase=gc_delete slot=-1 started_ns=1790163054528160000 ended_ns=1790163054563701542 elapsed_us=35541 block_gets=0 block_puts=0 deleted=16
checkpoint_phase lsn=20312 phase=gc_delete slot=-1 started_ns=1790163054563723000 ended_ns=1790163054625040708 elapsed_us=61317 block_gets=0 block_puts=0 deleted=16
checkpoint_phase lsn=20312 phase=gc_delete slot=-1 started_ns=1790163054625067000 ended_ns=1790163054651811959 elapsed_us=26744 block_gets=0 block_puts=0 deleted=16
checkpoint_phase lsn=20312 phase=gc_delete slot=-1 started_ns=1790163054651837000 ended_ns=1790163054670897250 elapsed_us=19060 block_gets=0 block_puts=0 deleted=16
checkpoint_phase lsn=20312 phase=gc_delete slot=-1 started_ns=1790163054670922000 ended_ns=1790163054707862125 elapsed_us=36940 block_gets=0 block_puts=0 deleted=16
checkpoint_phase lsn=20312 phase=gc_delete slot=-1 started_ns=1790163054707893000 ended_ns=1790163054773737666 elapsed_us=65844 block_gets=0 block_puts=0 deleted=16
checkpoint_phase lsn=20312 phase=gc_delete slot=-1 started_ns=1790163054773773000 ended_ns=1790163054785092250 elapsed_us=11319 block_gets=0 block_puts=0 deleted=16
checkpoint_phase lsn=20312 phase=gc_delete slot=-1 started_ns=1790163054785116000 ended_ns=1790163054798529792 elapsed_us=13413 block_gets=0 block_puts=0 deleted=16
checkpoint_phase lsn=20312 phase=gc_delete slot=-1 started_ns=1790163054798549000 ended_ns=1790163054810265959 elapsed_us=11716 block_gets=0 block_puts=0 deleted=16
checkpoint_phase lsn=20312 phase=gc_delete slot=-1 started_ns=1790163054810294000 ended_ns=1790163054832634333 elapsed_us=22340 block_gets=0 block_puts=0 deleted=16
checkpoint_phase lsn=20312 phase=gc_delete slot=-1 started_ns=1790163054832657000 ended_ns=1790163054960168500 elapsed_us=127511 block_gets=0 block_puts=0 deleted=16
checkpoint_phase lsn=20312 phase=gc_delete slot=-1 started_ns=1790163054960209000 ended_ns=1790163054983117375 elapsed_us=22908 block_gets=0 block_puts=0 deleted=16
checkpoint_phase lsn=20312 phase=gc_delete slot=-1 started_ns=1790163054983160000 ended_ns=1790163054994908083 elapsed_us=11748 block_gets=0 block_puts=0 deleted=10
checkpoint_phase lsn=20312 phase=row_merge_schedule slot=0 started_ns=1790163054995078000 ended_ns=1790163054995436417 elapsed_us=358 block_gets=0 block_puts=0 deleted=0
checkpoint_phase lsn=20312 phase=row_merge_schedule slot=0 started_ns=1790163054995550000 ended_ns=1790163054995809959 elapsed_us=259 block_gets=0 block_puts=0 deleted=0
checkpoint_phase lsn=20312 phase=row_merge_schedule slot=0 started_ns=1790163054995910000 ended_ns=1790163054996162500 elapsed_us=252 block_gets=0 block_puts=0 deleted=0
checkpoint_phase lsn=20312 phase=row_merge_schedule slot=0 started_ns=1790163054997865000 ended_ns=1790163054998122833 elapsed_us=257 block_gets=0 block_puts=0 deleted=0
checkpoint_phase lsn=20312 phase=row_merge_schedule slot=0 started_ns=1790163054998221000 ended_ns=1790163054998475792 elapsed_us=254 block_gets=0 block_puts=0 deleted=0
checkpoint_phase lsn=20312 phase=row_merge_schedule slot=0 started_ns=1790163054998561000 ended_ns=1790163054998814292 elapsed_us=253 block_gets=0 block_puts=0 deleted=0
checkpoint_phase lsn=20312 phase=row_merge_schedule slot=0 started_ns=1790163054999167000 ended_ns=1790163054999421250 elapsed_us=254 block_gets=0 block_puts=0 deleted=0
checkpoint_phase lsn=20312 phase=row_merge_schedule slot=0 started_ns=1790163054999482000 ended_ns=1790163054999751000 elapsed_us=269 block_gets=0 block_puts=0 deleted=0
checkpoint_phase lsn=20312 phase=row_merge_schedule slot=0 started_ns=1790163054999817000 ended_ns=1790163055000102958 elapsed_us=285 block_gets=0 block_puts=0 deleted=0
checkpoint_phase lsn=20312 phase=row_merge_schedule slot=0 started_ns=1790163055000168000 ended_ns=1790163055000447333 elapsed_us=279 block_gets=0 block_puts=0 deleted=0
checkpoint_phase lsn=20312 phase=row_merge_schedule slot=0 started_ns=1790163055000509000 ended_ns=1790163055000767583 elapsed_us=258 block_gets=0 block_puts=0 deleted=0
checkpoint_phase lsn=20312 phase=row_merge_schedule slot=0 started_ns=1790163055000822000 ended_ns=1790163055001077916 elapsed_us=255 block_gets=0 block_puts=0 deleted=0
checkpoint_phase lsn=20312 phase=row_merge_schedule slot=0 started_ns=1790163055001142000 ended_ns=1790163055001405958 elapsed_us=263 block_gets=0 block_puts=0 deleted=0
checkpoint_phase lsn=20312 phase=row_merge_schedule slot=0 started_ns=1790163055001462000 ended_ns=1790163055001726000 elapsed_us=264 block_gets=0 block_puts=0 deleted=0
checkpoint_phase lsn=20312 phase=row_merge_schedule slot=0 started_ns=1790163055001777000 ended_ns=1790163055002027791 elapsed_us=250 block_gets=0 block_puts=0 deleted=0
checkpoint_phase lsn=20312 phase=row_merge_schedule slot=0 started_ns=1790163055002078000 ended_ns=1790163055002349417 elapsed_us=271 block_gets=0 block_puts=0 deleted=0
checkpoint_phase lsn=20312 phase=row_merge_schedule slot=0 started_ns=1790163055002404000 ended_ns=1790163055002474125 elapsed_us=70 block_gets=0 block_puts=0 deleted=0
checkpoint_phase lsn=20312 phase=row_merge_schedule slot=0 started_ns=1790163055002536000 ended_ns=1790163055009053583 elapsed_us=6517 block_gets=8 block_puts=0 deleted=0
checkpoint_phase lsn=20312 phase=row_merge_schedule slot=0 started_ns=1790163055011596000 ended_ns=1790163055048616292 elapsed_us=37020 block_gets=7 block_puts=0 deleted=0
checkpoint_phase lsn=20312 phase=row_merge_schedule slot=0 started_ns=1790163055050707000 ended_ns=1790163055069218959 elapsed_us=18511 block_gets=7 block_puts=0 deleted=0
checkpoint_phase lsn=20312 phase=row_merge_schedule slot=0 started_ns=1790163055071257000 ended_ns=1790163055076428750 elapsed_us=5171 block_gets=7 block_puts=0 deleted=0
checkpoint_phase lsn=20312 phase=row_merge_schedule slot=0 started_ns=1790163055078486000 ended_ns=1790163055084679333 elapsed_us=6193 block_gets=7 block_puts=0 deleted=0
checkpoint_phase lsn=20312 phase=row_merge_schedule slot=0 started_ns=1790163055086718000 ended_ns=1790163055092802166 elapsed_us=6084 block_gets=7 block_puts=0 deleted=0
checkpoint_phase lsn=20312 phase=row_merge_schedule slot=0 started_ns=1790163055094894000 ended_ns=1790163055103278209 elapsed_us=8384 block_gets=7 block_puts=0 deleted=0
checkpoint_phase lsn=20312 phase=row_merge_schedule slot=0 started_ns=1790163055105312000 ended_ns=1790163055110668625 elapsed_us=5356 block_gets=7 block_puts=0 deleted=0
checkpoint_phase lsn=20312 phase=row_merge_schedule slot=0 started_ns=1790163055112707000 ended_ns=1790163055146835875 elapsed_us=34128 block_gets=7 block_puts=0 deleted=0
checkpoint_phase lsn=20312 phase=row_merge_schedule slot=0 started_ns=1790163055148913000 ended_ns=1790163055176254792 elapsed_us=27341 block_gets=7 block_puts=0 deleted=0
checkpoint_phase lsn=20312 phase=row_merge_schedule slot=0 started_ns=1790163055178304000 ended_ns=1790163055199558750 elapsed_us=21254 block_gets=7 block_puts=0 deleted=0
checkpoint_phase lsn=20312 phase=row_merge_schedule slot=0 started_ns=1790163055201736000 ended_ns=1790163055216113750 elapsed_us=14377 block_gets=7 block_puts=0 deleted=0
checkpoint_phase lsn=20312 phase=row_merge_schedule slot=0 started_ns=1790163055218357000 ended_ns=1790163055229162167 elapsed_us=10805 block_gets=7 block_puts=0 deleted=0
checkpoint_phase lsn=20312 phase=row_merge_schedule slot=0 started_ns=1790163055231235000 ended_ns=1790163055237089417 elapsed_us=5854 block_gets=7 block_puts=0 deleted=0
checkpoint_phase lsn=20312 phase=row_merge_schedule slot=0 started_ns=1790163055239135000 ended_ns=1790163055240282667 elapsed_us=1147 block_gets=1 block_puts=0 deleted=0
checkpoint_phase lsn=20312 phase=row_merge_write slot=0 started_ns=1790163055242278000 ended_ns=1790163055366929791 elapsed_us=124651 block_gets=0 block_puts=5 deleted=0
checkpoint_phase lsn=20312 phase=row_merge_write slot=0 started_ns=1790163055368948000 ended_ns=1790163055414576083 elapsed_us=45628 block_gets=0 block_puts=4 deleted=0
checkpoint_phase lsn=20312 phase=row_merge_write slot=0 started_ns=1790163055416640000 ended_ns=1790163055439374167 elapsed_us=22734 block_gets=0 block_puts=4 deleted=0
checkpoint_phase lsn=20312 phase=row_merge_write slot=0 started_ns=1790163055441449000 ended_ns=1790163055487543125 elapsed_us=46094 block_gets=0 block_puts=4 deleted=0
checkpoint_phase lsn=20312 phase=row_merge_write slot=0 started_ns=1790163055489608000 ended_ns=1790163055564878458 elapsed_us=75270 block_gets=0 block_puts=4 deleted=0
checkpoint_phase lsn=20312 phase=row_merge_write slot=0 started_ns=1790163055566927000 ended_ns=1790163055608717375 elapsed_us=41790 block_gets=0 block_puts=4 deleted=0
checkpoint_phase lsn=20312 phase=row_merge_write slot=0 started_ns=1790163055610789000 ended_ns=1790163055630931833 elapsed_us=20142 block_gets=0 block_puts=4 deleted=0
checkpoint_phase lsn=20312 phase=row_merge_write slot=0 started_ns=1790163055632993000 ended_ns=1790163055668161792 elapsed_us=35168 block_gets=0 block_puts=4 deleted=0
checkpoint_phase lsn=20312 phase=row_merge_write slot=0 started_ns=1790163055670409000 ended_ns=1790163055742576833 elapsed_us=72167 block_gets=0 block_puts=4 deleted=0
checkpoint_phase lsn=20312 phase=row_merge_write slot=0 started_ns=1790163055744618000 ended_ns=1790163055785980334 elapsed_us=41362 block_gets=0 block_puts=4 deleted=0
checkpoint_phase lsn=20312 phase=row_merge_write slot=0 started_ns=1790163055788069000 ended_ns=1790163055807315667 elapsed_us=19246 block_gets=0 block_puts=4 deleted=0
checkpoint_phase lsn=20312 phase=row_merge_write slot=0 started_ns=1790163055809412000 ended_ns=1790163055830658750 elapsed_us=21246 block_gets=0 block_puts=4 deleted=0
checkpoint_phase lsn=20312 phase=row_merge_write slot=0 started_ns=1790163055832707000 ended_ns=1790163055874469291 elapsed_us=41762 block_gets=0 block_puts=4 deleted=0
checkpoint_phase lsn=20312 phase=row_merge_write slot=0 started_ns=1790163055876531000 ended_ns=1790163055914047084 elapsed_us=37516 block_gets=0 block_puts=4 deleted=0
checkpoint_phase lsn=20312 phase=row_merge_write slot=0 started_ns=1790163055916095000 ended_ns=1790163055974091583 elapsed_us=57996 block_gets=0 block_puts=4 deleted=0
checkpoint_phase lsn=20312 phase=row_merge_write slot=0 started_ns=1790163055976141000 ended_ns=1790163056000089000 elapsed_us=23948 block_gets=0 block_puts=4 deleted=0
checkpoint_phase lsn=20312 phase=row_merge_write slot=0 started_ns=1790163056002151000 ended_ns=1790163056016763458 elapsed_us=14612 block_gets=0 block_puts=4 deleted=0
checkpoint_phase lsn=20312 phase=row_merge_write slot=0 started_ns=1790163056018824000 ended_ns=1790163056158430666 elapsed_us=139606 block_gets=0 block_puts=4 deleted=0
checkpoint_phase lsn=20312 phase=row_merge_write slot=0 started_ns=1790163056160609000 ended_ns=1790163056279560542 elapsed_us=118951 block_gets=0 block_puts=4 deleted=0
checkpoint_phase lsn=20312 phase=row_merge_write slot=0 started_ns=1790163056281633000 ended_ns=1790163056434219125 elapsed_us=152586 block_gets=0 block_puts=4 deleted=0
checkpoint_phase lsn=20312 phase=row_merge_write slot=0 started_ns=1790163056436346000 ended_ns=1790163056537439791 elapsed_us=101093 block_gets=0 block_puts=4 deleted=0
checkpoint_phase lsn=20312 phase=row_merge_write slot=0 started_ns=1790163056539527000 ended_ns=1790163056567364791 elapsed_us=27837 block_gets=0 block_puts=4 deleted=0
checkpoint_phase lsn=20312 phase=row_merge_write slot=0 started_ns=1790163056569436000 ended_ns=1790163056589389291 elapsed_us=19953 block_gets=0 block_puts=4 deleted=0
checkpoint_phase lsn=20312 phase=row_merge_write slot=0 started_ns=1790163056591648000 ended_ns=1790163056616324750 elapsed_us=24676 block_gets=0 block_puts=4 deleted=0
checkpoint_phase lsn=20312 phase=row_merge_write slot=0 started_ns=1790163056618357000 ended_ns=1790163056667704041 elapsed_us=49347 block_gets=0 block_puts=4 deleted=0
checkpoint_phase lsn=20312 phase=row_merge_write slot=0 started_ns=1790163056669810000 ended_ns=1790163056708621041 elapsed_us=38811 block_gets=0 block_puts=4 deleted=0
checkpoint_phase lsn=20312 phase=row_merge_write slot=0 started_ns=1790163056710727000 ended_ns=1790163056799652958 elapsed_us=88925 block_gets=0 block_puts=4 deleted=0
checkpoint_phase lsn=20312 phase=row_merge_write slot=0 started_ns=1790163056801697000 ended_ns=1790163056855028250 elapsed_us=53331 block_gets=0 block_puts=4 deleted=0
checkpoint_phase lsn=20312 phase=row_merge_write slot=0 started_ns=1790163056857089000 ended_ns=1790163056888308458 elapsed_us=31219 block_gets=0 block_puts=4 deleted=0
checkpoint_phase lsn=20312 phase=row_merge_write slot=0 started_ns=1790163056890412000 ended_ns=1790163057021240458 elapsed_us=130828 block_gets=0 block_puts=4 deleted=0
checkpoint_phase lsn=20312 phase=row_merge_write slot=0 started_ns=1790163057023307000 ended_ns=1790163057107139292 elapsed_us=83832 block_gets=0 block_puts=4 deleted=0
checkpoint_phase lsn=20312 phase=row_merge_write slot=0 started_ns=1790163057109212000 ended_ns=1790163057222099042 elapsed_us=112887 block_gets=0 block_puts=4 deleted=0
checkpoint_phase lsn=20312 phase=row_merge_write slot=0 started_ns=1790163057224146000 ended_ns=1790163057257049250 elapsed_us=32903 block_gets=0 block_puts=4 deleted=0
checkpoint_phase lsn=20312 phase=row_merge_write slot=0 started_ns=1790163057259125000 ended_ns=1790163057286384458 elapsed_us=27259 block_gets=0 block_puts=4 deleted=0
checkpoint_phase lsn=20312 phase=row_merge_write slot=0 started_ns=1790163057288481000 ended_ns=1790163057359059000 elapsed_us=70578 block_gets=0 block_puts=4 deleted=0
checkpoint_phase lsn=20312 phase=row_merge_write slot=0 started_ns=1790163057361136000 ended_ns=1790163057450545500 elapsed_us=89409 block_gets=0 block_puts=4 deleted=0
checkpoint_phase lsn=20312 phase=row_merge_write slot=0 started_ns=1790163057452627000 ended_ns=1790163057511515791 elapsed_us=58888 block_gets=0 block_puts=4 deleted=0
checkpoint_phase lsn=20312 phase=row_merge_write slot=0 started_ns=1790163057513563000 ended_ns=1790163057556095250 elapsed_us=42532 block_gets=0 block_puts=4 deleted=0
checkpoint_phase lsn=20312 phase=row_merge_write slot=0 started_ns=1790163057558159000 ended_ns=1790163057590764708 elapsed_us=32605 block_gets=0 block_puts=4 deleted=0
checkpoint_phase lsn=20312 phase=row_merge_write slot=0 started_ns=1790163057592819000 ended_ns=1790163057676909125 elapsed_us=84090 block_gets=0 block_puts=4 deleted=0
checkpoint_phase lsn=20312 phase=row_merge_write slot=0 started_ns=1790163057678961000 ended_ns=1790163057720059708 elapsed_us=41098 block_gets=0 block_puts=4 deleted=0
checkpoint_phase lsn=20312 phase=row_merge_write slot=0 started_ns=1790163057722124000 ended_ns=1790163057749265792 elapsed_us=27141 block_gets=0 block_puts=4 deleted=0
checkpoint_phase lsn=20312 phase=row_merge_write slot=0 started_ns=1790163057751382000 ended_ns=1790163057855602583 elapsed_us=104220 block_gets=0 block_puts=4 deleted=0
checkpoint_phase lsn=20312 phase=row_merge_write slot=0 started_ns=1790163057857694000 ended_ns=1790163057889205000 elapsed_us=31511 block_gets=0 block_puts=4 deleted=0
checkpoint_phase lsn=20312 phase=row_merge_write slot=0 started_ns=1790163057891274000 ended_ns=1790163057938878916 elapsed_us=47604 block_gets=0 block_puts=4 deleted=0
checkpoint_phase lsn=20312 phase=row_merge_write slot=0 started_ns=1790163057941048000 ended_ns=1790163058001479125 elapsed_us=60431 block_gets=0 block_puts=4 deleted=0
checkpoint_phase lsn=20312 phase=row_merge_write slot=0 started_ns=1790163058003538000 ended_ns=1790163058031662500 elapsed_us=28124 block_gets=0 block_puts=4 deleted=0
checkpoint_phase lsn=20312 phase=row_merge_write slot=0 started_ns=1790163058033749000 ended_ns=1790163058057249333 elapsed_us=23500 block_gets=0 block_puts=4 deleted=0
checkpoint_phase lsn=20312 phase=row_merge_write slot=0 started_ns=1790163058059325000 ended_ns=1790163058145251000 elapsed_us=85926 block_gets=0 block_puts=4 deleted=0
checkpoint_phase lsn=20312 phase=row_merge_write slot=0 started_ns=1790163058147321000 ended_ns=1790163058172497416 elapsed_us=25176 block_gets=0 block_puts=4 deleted=0
checkpoint_phase lsn=20312 phase=row_merge_write slot=0 started_ns=1790163058174598000 ended_ns=1790163058193160625 elapsed_us=18562 block_gets=0 block_puts=4 deleted=0
checkpoint_phase lsn=20312 phase=row_merge_write slot=0 started_ns=1790163058195243000 ended_ns=1790163058232342750 elapsed_us=37099 block_gets=0 block_puts=4 deleted=0
checkpoint_phase lsn=20312 phase=row_merge_write slot=0 started_ns=1790163058234408000 ended_ns=1790163058348726833 elapsed_us=114318 block_gets=0 block_puts=4 deleted=0
checkpoint_phase lsn=20312 phase=row_merge_write slot=0 started_ns=1790163058350808000 ended_ns=1790163058371401208 elapsed_us=20593 block_gets=0 block_puts=4 deleted=0
checkpoint_phase lsn=20312 phase=row_merge_write slot=0 started_ns=1790163058373477000 ended_ns=1790163058393781625 elapsed_us=20304 block_gets=0 block_puts=4 deleted=0
checkpoint_phase lsn=20312 phase=row_merge_write slot=0 started_ns=1790163058395870000 ended_ns=1790163058476630208 elapsed_us=80760 block_gets=0 block_puts=4 deleted=0
checkpoint_phase lsn=20312 phase=row_merge_write slot=0 started_ns=1790163058478672000 ended_ns=1790163058508995792 elapsed_us=30323 block_gets=0 block_puts=4 deleted=0
checkpoint_phase lsn=20312 phase=row_merge_write slot=0 started_ns=1790163058511049000 ended_ns=1790163058531917041 elapsed_us=20868 block_gets=0 block_puts=4 deleted=0
checkpoint_phase lsn=20312 phase=row_merge_write slot=0 started_ns=1790163058533965000 ended_ns=1790163058576039541 elapsed_us=42074 block_gets=0 block_puts=4 deleted=0
checkpoint_phase lsn=20312 phase=row_merge_write slot=0 started_ns=1790163058578089000 ended_ns=1790163058650432125 elapsed_us=72343 block_gets=0 block_puts=4 deleted=0
checkpoint_phase lsn=20312 phase=row_merge_write slot=0 started_ns=1790163058652490000 ended_ns=1790163058696370208 elapsed_us=43880 block_gets=0 block_puts=4 deleted=0
checkpoint_phase lsn=20312 phase=row_merge_write slot=0 started_ns=1790163058698455000 ended_ns=1790163058715473417 elapsed_us=17018 block_gets=0 block_puts=4 deleted=0
checkpoint_phase lsn=20312 phase=row_merge_write slot=0 started_ns=1790163058717566000 ended_ns=1790163058742849041 elapsed_us=25283 block_gets=0 block_puts=4 deleted=0
checkpoint_phase lsn=20312 phase=row_merge_write slot=0 started_ns=1790163058744889000 ended_ns=1790163058790261417 elapsed_us=45372 block_gets=0 block_puts=4 deleted=0
checkpoint_phase lsn=20312 phase=row_merge_write slot=0 started_ns=1790163058792330000 ended_ns=1790163058837842708 elapsed_us=45512 block_gets=0 block_puts=4 deleted=0
checkpoint_phase lsn=20312 phase=row_merge_write slot=0 started_ns=1790163058839928000 ended_ns=1790163058880610500 elapsed_us=40682 block_gets=0 block_puts=4 deleted=0
checkpoint_phase lsn=20312 phase=row_merge_write slot=0 started_ns=1790163058882670000 ended_ns=1790163058905091625 elapsed_us=22421 block_gets=0 block_puts=4 deleted=0
checkpoint_phase lsn=20312 phase=row_merge_write slot=0 started_ns=1790163058907161000 ended_ns=1790163058921782750 elapsed_us=14621 block_gets=0 block_puts=4 deleted=0
checkpoint_phase lsn=20312 phase=row_merge_write slot=0 started_ns=1790163058923836000 ended_ns=1790163058962033958 elapsed_us=38197 block_gets=0 block_puts=4 deleted=0
checkpoint_phase lsn=20312 phase=row_merge_write slot=0 started_ns=1790163058964084000 ended_ns=1790163059021237000 elapsed_us=57153 block_gets=0 block_puts=4 deleted=0
checkpoint_phase lsn=20312 phase=row_merge_write slot=0 started_ns=1790163059023337000 ended_ns=1790163059044481042 elapsed_us=21144 block_gets=0 block_puts=4 deleted=0
checkpoint_phase lsn=20312 phase=row_merge_write slot=0 started_ns=1790163059046545000 ended_ns=1790163059063524208 elapsed_us=16979 block_gets=0 block_puts=4 deleted=0
checkpoint_phase lsn=20312 phase=row_merge_write slot=0 started_ns=1790163059065624000 ended_ns=1790163059117923000 elapsed_us=52299 block_gets=0 block_puts=4 deleted=0
checkpoint_phase lsn=20312 phase=row_merge_write slot=0 started_ns=1790163059120003000 ended_ns=1790163059184447041 elapsed_us=64444 block_gets=0 block_puts=4 deleted=0
checkpoint_phase lsn=20312 phase=row_merge_write slot=0 started_ns=1790163059186499000 ended_ns=1790163059221995542 elapsed_us=35496 block_gets=0 block_puts=4 deleted=0
checkpoint_phase lsn=20312 phase=row_merge_write slot=0 started_ns=1790163059224045000 ended_ns=1790163059242967459 elapsed_us=18922 block_gets=0 block_puts=4 deleted=0
checkpoint_phase lsn=20312 phase=row_merge_write slot=0 started_ns=1790163059245034000 ended_ns=1790163059259370791 elapsed_us=14336 block_gets=0 block_puts=4 deleted=0
checkpoint_phase lsn=20312 phase=row_merge_write slot=0 started_ns=1790163059261420000 ended_ns=1790163059313157958 elapsed_us=51737 block_gets=0 block_puts=4 deleted=0
checkpoint_phase lsn=20312 phase=row_merge_write slot=0 started_ns=1790163059315272000 ended_ns=1790163059362931500 elapsed_us=47659 block_gets=0 block_puts=4 deleted=0
checkpoint_phase lsn=20312 phase=row_merge_write slot=0 started_ns=1790163059364985000 ended_ns=1790163059387572917 elapsed_us=22587 block_gets=0 block_puts=4 deleted=0
checkpoint_phase lsn=20312 phase=row_merge_write slot=0 started_ns=1790163059389655000 ended_ns=1790163059405196583 elapsed_us=15541 block_gets=0 block_puts=4 deleted=0
checkpoint_phase lsn=20312 phase=row_merge_write slot=0 started_ns=1790163059407251000 ended_ns=1790163059469274083 elapsed_us=62023 block_gets=0 block_puts=4 deleted=0
checkpoint_phase lsn=20312 phase=row_merge_write slot=0 started_ns=1790163059471322000 ended_ns=1790163059512745125 elapsed_us=41423 block_gets=0 block_puts=4 deleted=0
checkpoint_phase lsn=20312 phase=row_merge_write slot=0 started_ns=1790163059514815000 ended_ns=1790163059532549542 elapsed_us=17734 block_gets=0 block_puts=4 deleted=0
checkpoint_phase lsn=20312 phase=row_merge_write slot=0 started_ns=1790163059534615000 ended_ns=1790163059552371458 elapsed_us=17756 block_gets=0 block_puts=4 deleted=0
checkpoint_phase lsn=20312 phase=row_merge_write slot=0 started_ns=1790163059554351000 ended_ns=1790163059613089375 elapsed_us=58738 block_gets=0 block_puts=4 deleted=0
checkpoint_phase lsn=20312 phase=row_merge_write slot=0 started_ns=1790163059613199000 ended_ns=1790163059662939792 elapsed_us=49740 block_gets=0 block_puts=4 deleted=0
checkpoint_phase lsn=20312 phase=row_merge_write slot=0 started_ns=1790163059663083000 ended_ns=1790163059681015875 elapsed_us=17932 block_gets=0 block_puts=4 deleted=0
checkpoint_phase lsn=20312 phase=row_merge_write slot=0 started_ns=1790163059681274000 ended_ns=1790163059699938875 elapsed_us=18664 block_gets=0 block_puts=4 deleted=0
checkpoint_phase lsn=20312 phase=row_merge_write slot=0 started_ns=1790163059700034000 ended_ns=1790163059763455166 elapsed_us=63421 block_gets=0 block_puts=4 deleted=0
checkpoint_phase lsn=20312 phase=row_merge_write slot=0 started_ns=1790163059763542000 ended_ns=1790163059801302542 elapsed_us=37760 block_gets=0 block_puts=4 deleted=0
checkpoint_phase lsn=20312 phase=row_merge_write slot=0 started_ns=1790163059801434000 ended_ns=1790163059819418917 elapsed_us=17984 block_gets=0 block_puts=4 deleted=0
checkpoint_phase lsn=20312 phase=row_merge_write slot=0 started_ns=1790163059821023000 ended_ns=1790163059835385166 elapsed_us=14362 block_gets=0 block_puts=4 deleted=0
checkpoint_phase lsn=20312 phase=row_merge_write slot=0 started_ns=1790163059835505000 ended_ns=1790163059880704542 elapsed_us=45199 block_gets=0 block_puts=4 deleted=0
checkpoint_phase lsn=20312 phase=row_merge_write slot=0 started_ns=1790163059880840000 ended_ns=1790163059957329209 elapsed_us=76489 block_gets=0 block_puts=4 deleted=0
checkpoint_phase lsn=20312 phase=row_merge_write slot=0 started_ns=1790163059958894000 ended_ns=1790163059992082334 elapsed_us=33188 block_gets=0 block_puts=4 deleted=0
checkpoint_phase lsn=20312 phase=row_merge_write slot=0 started_ns=1790163059992196000 ended_ns=1790163060010034500 elapsed_us=17838 block_gets=0 block_puts=4 deleted=0
checkpoint_phase lsn=20312 phase=row_merge_write slot=0 started_ns=1790163060010163000 ended_ns=1790163060027492625 elapsed_us=17329 block_gets=0 block_puts=4 deleted=0
checkpoint_phase lsn=20312 phase=row_merge_write slot=0 started_ns=1790163060027595000 ended_ns=1790163060071877500 elapsed_us=44282 block_gets=0 block_puts=4 deleted=0
checkpoint_phase lsn=20312 phase=row_merge_write slot=0 started_ns=1790163060072012000 ended_ns=1790163060147481875 elapsed_us=75469 block_gets=0 block_puts=4 deleted=0
checkpoint_phase lsn=20312 phase=row_merge_write slot=0 started_ns=1790163060147588000 ended_ns=1790163060188543875 elapsed_us=40955 block_gets=0 block_puts=4 deleted=0
checkpoint_phase lsn=20312 phase=row_merge_write slot=0 started_ns=1790163060188683000 ended_ns=1790163060209794541 elapsed_us=21111 block_gets=0 block_puts=4 deleted=0
checkpoint_phase lsn=20312 phase=row_merge_write slot=0 started_ns=1790163060209891000 ended_ns=1790163060225068459 elapsed_us=15177 block_gets=0 block_puts=4 deleted=0
checkpoint_phase lsn=20312 phase=row_merge_write slot=0 started_ns=1790163060225226000 ended_ns=1790163060257447459 elapsed_us=32221 block_gets=0 block_puts=4 deleted=0
checkpoint_phase lsn=20312 phase=row_merge_write slot=0 started_ns=1790163060257698000 ended_ns=1790163060313778334 elapsed_us=56080 block_gets=0 block_puts=4 deleted=0
checkpoint_phase lsn=20328 phase=value_index_schedule slot=0 started_ns=1790163060377802000 ended_ns=1790163060377890959 elapsed_us=88 block_gets=0 block_puts=0 deleted=0
checkpoint_phase lsn=20328 phase=row_merge_write slot=0 started_ns=1790163060377966000 ended_ns=1790163060394002958 elapsed_us=16036 block_gets=0 block_puts=4 deleted=0
checkpoint_phase lsn=20328 phase=value_index_schedule slot=0 started_ns=1790163060399989000 ended_ns=1790163060400030500 elapsed_us=41 block_gets=0 block_puts=0 deleted=0
checkpoint_phase lsn=20328 phase=row_merge_write slot=0 started_ns=1790163060400098000 ended_ns=1790163060412732083 elapsed_us=12634 block_gets=0 block_puts=6 deleted=0
checkpoint_phase lsn=20328 phase=value_index_write slot=0 started_ns=1790163060418709000 ended_ns=1790163060418715084 elapsed_us=6 block_gets=0 block_puts=0 deleted=0
checkpoint_phase lsn=20328 phase=value_index_write slot=0 started_ns=1790163060418808000 ended_ns=1790163060420107167 elapsed_us=1299 block_gets=0 block_puts=0 deleted=0
checkpoint_phase lsn=20328 phase=value_index_write slot=0 started_ns=1790163060425895000 ended_ns=1790163060425969458 elapsed_us=74 block_gets=0 block_puts=0 deleted=0
checkpoint_phase lsn=20328 phase=value_index_write slot=0 started_ns=1790163060426035000 ended_ns=1790163060426110416 elapsed_us=75 block_gets=0 block_puts=0 deleted=0
checkpoint_phase lsn=20328 phase=value_index_write slot=0 started_ns=1790163060426163000 ended_ns=1790163060426236000 elapsed_us=73 block_gets=0 block_puts=0 deleted=0
checkpoint_phase lsn=20328 phase=value_index_write slot=0 started_ns=1790163060429378000 ended_ns=1790163060429447875 elapsed_us=69 block_gets=0 block_puts=0 deleted=0
checkpoint_phase lsn=20336 phase=value_index_schedule slot=0 started_ns=1790163060487502000 ended_ns=1790163060487507791 elapsed_us=5 block_gets=0 block_puts=0 deleted=0
checkpoint_phase lsn=20336 phase=value_index_schedule slot=0 started_ns=1790163060487566000 ended_ns=1790163060487608542 elapsed_us=42 block_gets=0 block_puts=0 deleted=0
checkpoint_phase lsn=20336 phase=value_index_write slot=0 started_ns=1790163060489656000 ended_ns=1790163060489658084 elapsed_us=2 block_gets=0 block_puts=0 deleted=0
checkpoint_phase lsn=20344 phase=value_index_schedule slot=0 started_ns=1790163060524145000 ended_ns=1790163060524151041 elapsed_us=6 block_gets=0 block_puts=0 deleted=0
checkpoint_phase lsn=20344 phase=value_index_schedule slot=0 started_ns=1790163060528735000 ended_ns=1790163060528778625 elapsed_us=43 block_gets=0 block_puts=0 deleted=0
checkpoint_phase lsn=20344 phase=value_index_write slot=0 started_ns=1790163060530713000 ended_ns=1790163060530715250 elapsed_us=2 block_gets=0 block_puts=0 deleted=0
checkpoint_phase lsn=20344 phase=value_index_write slot=0 started_ns=1790163060534712000 ended_ns=1790163060534796083 elapsed_us=84 block_gets=0 block_puts=0 deleted=0
checkpoint_phase lsn=20344 phase=value_index_write slot=0 started_ns=1790163060536789000 ended_ns=1790163060536864458 elapsed_us=75 block_gets=0 block_puts=0 deleted=0
checkpoint_phase lsn=20348 phase=value_index_schedule slot=0 started_ns=1790163060554464000 ended_ns=1790163060554469541 elapsed_us=5 block_gets=0 block_puts=0 deleted=0
checkpoint_phase lsn=20348 phase=value_index_schedule slot=0 started_ns=1790163060554551000 ended_ns=1790163060554598042 elapsed_us=47 block_gets=0 block_puts=0 deleted=0
checkpoint_phase lsn=20348 phase=value_index_write slot=0 started_ns=1790163060554656000 ended_ns=1790163060554657875 elapsed_us=1 block_gets=0 block_puts=0 deleted=0
checkpoint_phase lsn=20348 phase=value_index_write slot=0 started_ns=1790163060554721000 ended_ns=1790163060554805500 elapsed_us=84 block_gets=0 block_puts=0 deleted=0
checkpoint_phase lsn=20348 phase=value_index_write slot=0 started_ns=1790163060554854000 ended_ns=1790163060554937334 elapsed_us=83 block_gets=0 block_puts=0 deleted=0
checkpoint_phase lsn=20348 phase=value_index_write slot=0 started_ns=1790163060558381000 ended_ns=1790163060558454083 elapsed_us=73 block_gets=0 block_puts=0 deleted=0
checkpoint_phase lsn=20356 phase=value_index_schedule slot=0 started_ns=1790163060602802000 ended_ns=1790163060602807000 elapsed_us=5 block_gets=0 block_puts=0 deleted=0
checkpoint_phase lsn=20360 phase=value_index_schedule slot=0 started_ns=1790163060641922000 ended_ns=1790163060641927291 elapsed_us=5 block_gets=0 block_puts=0 deleted=0
checkpoint_phase lsn=20360 phase=value_index_schedule slot=0 started_ns=1790163060645881000 ended_ns=1790163060645928000 elapsed_us=47 block_gets=0 block_puts=0 deleted=0
checkpoint_phase lsn=20360 phase=value_index_write slot=0 started_ns=1790163060647824000 ended_ns=1790163060647825917 elapsed_us=1 block_gets=0 block_puts=0 deleted=0
checkpoint_phase lsn=20360 phase=value_index_write slot=0 started_ns=1790163060651882000 ended_ns=1790163060651969042 elapsed_us=87 block_gets=0 block_puts=0 deleted=0
checkpoint_phase lsn=20364 phase=value_index_schedule slot=0 started_ns=1790163060683857000 ended_ns=1790163060683862583 elapsed_us=5 block_gets=0 block_puts=0 deleted=0
checkpoint_phase lsn=20364 phase=value_index_schedule slot=0 started_ns=1790163060685804000 ended_ns=1790163060685851083 elapsed_us=47 block_gets=0 block_puts=0 deleted=0
checkpoint_phase lsn=20372 phase=value_index_schedule slot=0 started_ns=1790163060718577000 ended_ns=1790163060718583209 elapsed_us=6 block_gets=0 block_puts=0 deleted=0
checkpoint_phase lsn=20372 phase=value_index_schedule slot=0 started_ns=1790163060718656000 ended_ns=1790163060718705417 elapsed_us=49 block_gets=0 block_puts=0 deleted=0
checkpoint_phase lsn=20372 phase=value_index_write slot=0 started_ns=1790163060718761000 ended_ns=1790163060718762708 elapsed_us=1 block_gets=0 block_puts=0 deleted=0
checkpoint_phase lsn=20372 phase=value_index_write slot=0 started_ns=1790163060720213000 ended_ns=1790163060720301917 elapsed_us=88 block_gets=0 block_puts=0 deleted=0
checkpoint_phase lsn=20376 phase=value_index_schedule slot=0 started_ns=1790163060740118000 ended_ns=1790163060740124083 elapsed_us=6 block_gets=0 block_puts=0 deleted=0
checkpoint_phase lsn=20376 phase=value_index_schedule slot=0 started_ns=1790163060740204000 ended_ns=1790163060740257459 elapsed_us=53 block_gets=0 block_puts=0 deleted=0
checkpoint_phase lsn=20376 phase=value_index_write slot=0 started_ns=1790163060740332000 ended_ns=1790163060740333375 elapsed_us=1 block_gets=0 block_puts=0 deleted=0
checkpoint_phase lsn=20376 phase=value_index_write slot=0 started_ns=1790163060740388000 ended_ns=1790163060740478625 elapsed_us=90 block_gets=0 block_puts=0 deleted=0
checkpoint_phase lsn=20376 phase=value_index_write slot=0 started_ns=1790163060746601000 ended_ns=1790163060746673959 elapsed_us=72 block_gets=0 block_puts=0 deleted=0
checkpoint_phase lsn=20376 phase=value_index_write slot=0 started_ns=1790163060746744000 ended_ns=1790163060746817583 elapsed_us=73 block_gets=0 block_puts=0 deleted=0
checkpoint_phase lsn=20376 phase=value_index_write slot=0 started_ns=1790163060746899000 ended_ns=1790163060746969458 elapsed_us=70 block_gets=0 block_puts=0 deleted=0
checkpoint_phase lsn=20380 phase=value_index_schedule slot=0 started_ns=1790163060788209000 ended_ns=1790163060788215458 elapsed_us=6 block_gets=0 block_puts=0 deleted=0
checkpoint_phase lsn=20380 phase=value_index_schedule slot=0 started_ns=1790163060788291000 ended_ns=1790163060788342834 elapsed_us=51 block_gets=0 block_puts=0 deleted=0
checkpoint_phase lsn=20380 phase=value_index_write slot=0 started_ns=1790163060788398000 ended_ns=1790163060788399791 elapsed_us=1 block_gets=0 block_puts=0 deleted=0
checkpoint_phase lsn=20380 phase=value_index_write slot=0 started_ns=1790163060788450000 ended_ns=1790163060788541416 elapsed_us=91 block_gets=0 block_puts=0 deleted=0
checkpoint_phase lsn=20380 phase=value_index_write slot=0 started_ns=1790163060790520000 ended_ns=1790163060790589416 elapsed_us=69 block_gets=0 block_puts=0 deleted=0
checkpoint_phase lsn=20384 phase=value_index_schedule slot=0 started_ns=1790163060821437000 ended_ns=1790163060821442708 elapsed_us=5 block_gets=0 block_puts=0 deleted=0
checkpoint_phase lsn=20384 phase=value_index_schedule slot=0 started_ns=1790163060821508000 ended_ns=1790163060821560708 elapsed_us=52 block_gets=0 block_puts=0 deleted=0
checkpoint_phase lsn=20384 phase=value_index_write slot=0 started_ns=1790163060823010000 ended_ns=1790163060823011917 elapsed_us=1 block_gets=0 block_puts=0 deleted=0
checkpoint_phase lsn=20388 phase=value_index_schedule slot=0 started_ns=1790163060848303000 ended_ns=1790163060848308875 elapsed_us=5 block_gets=0 block_puts=0 deleted=0
checkpoint_phase lsn=20392 phase=value_index_schedule slot=0 started_ns=1790163060865932000 ended_ns=1790163060865937083 elapsed_us=5 block_gets=0 block_puts=0 deleted=0
checkpoint_phase lsn=20396 phase=value_index_schedule slot=0 started_ns=1790163060883782000 ended_ns=1790163060883786875 elapsed_us=4 block_gets=0 block_puts=0 deleted=0
checkpoint_phase lsn=20396 phase=value_index_schedule slot=0 started_ns=1790163060888425000 ended_ns=1790163060888479416 elapsed_us=54 block_gets=0 block_puts=0 deleted=0
checkpoint_phase lsn=20400 phase=value_index_schedule slot=0 started_ns=1790163060903353000 ended_ns=1790163060903358458 elapsed_us=5 block_gets=0 block_puts=0 deleted=0
checkpoint_phase lsn=20400 phase=value_index_schedule slot=0 started_ns=1790163060904769000 ended_ns=1790163060904826125 elapsed_us=57 block_gets=0 block_puts=0 deleted=0
checkpoint_phase lsn=20404 phase=value_index_schedule slot=0 started_ns=1790163060936680000 ended_ns=1790163060936685917 elapsed_us=5 block_gets=0 block_puts=0 deleted=0
checkpoint_phase lsn=20408 phase=value_index_schedule slot=0 started_ns=1790163060983266000 ended_ns=1790163060983271167 elapsed_us=5 block_gets=0 block_puts=0 deleted=0
checkpoint_phase lsn=20408 phase=value_index_schedule slot=0 started_ns=1790163060983346000 ended_ns=1790163060983409291 elapsed_us=63 block_gets=0 block_puts=0 deleted=0
checkpoint_phase lsn=20408 phase=value_index_write slot=0 started_ns=1790163060983476000 ended_ns=1790163060983477500 elapsed_us=1 block_gets=0 block_puts=0 deleted=0
checkpoint_phase lsn=20408 phase=value_index_write slot=0 started_ns=1790163060983525000 ended_ns=1790163060983621083 elapsed_us=96 block_gets=0 block_puts=0 deleted=0
checkpoint_phase lsn=20408 phase=value_index_write slot=0 started_ns=1790163060983685000 ended_ns=1790163060983754208 elapsed_us=69 block_gets=0 block_puts=0 deleted=0
checkpoint_phase lsn=20408 phase=value_index_write slot=0 started_ns=1790163060983796000 ended_ns=1790163060983863542 elapsed_us=67 block_gets=0 block_puts=0 deleted=0
checkpoint_phase lsn=20408 phase=value_index_write slot=0 started_ns=1790163060983908000 ended_ns=1790163060983977542 elapsed_us=69 block_gets=0 block_puts=0 deleted=0
checkpoint_phase lsn=20408 phase=value_index_write slot=0 started_ns=1790163060984020000 ended_ns=1790163060984089375 elapsed_us=69 block_gets=0 block_puts=0 deleted=0
checkpoint_phase lsn=20408 phase=value_index_write slot=0 started_ns=1790163060984136000 ended_ns=1790163061021334292 elapsed_us=37198 block_gets=0 block_puts=1 deleted=0
checkpoint_phase lsn=20412 phase=value_index_schedule slot=0 started_ns=1790163061054884000 ended_ns=1790163061054889708 elapsed_us=5 block_gets=0 block_puts=0 deleted=0
checkpoint_phase lsn=20412 phase=value_index_schedule slot=0 started_ns=1790163061054953000 ended_ns=1790163061055012750 elapsed_us=59 block_gets=0 block_puts=0 deleted=0
checkpoint_phase lsn=20412 phase=value_index_write slot=0 started_ns=1790163061055066000 ended_ns=1790163061055067167 elapsed_us=1 block_gets=0 block_puts=0 deleted=0
checkpoint_phase lsn=20412 phase=value_index_write slot=0 started_ns=1790163061056481000 ended_ns=1790163061056578834 elapsed_us=97 block_gets=0 block_puts=0 deleted=0
checkpoint_phase lsn=20416 phase=value_index_schedule slot=0 started_ns=1790163061073541000 ended_ns=1790163061073546750 elapsed_us=5 block_gets=0 block_puts=0 deleted=0
checkpoint_phase lsn=20416 phase=value_index_schedule slot=0 started_ns=1790163061073618000 ended_ns=1790163061073717917 elapsed_us=99 block_gets=0 block_puts=0 deleted=0
checkpoint_phase lsn=20416 phase=value_index_write slot=0 started_ns=1790163061075191000 ended_ns=1790163061075193208 elapsed_us=2 block_gets=0 block_puts=0 deleted=0
checkpoint_phase lsn=20416 phase=value_index_write slot=0 started_ns=1790163061080412000 ended_ns=1790163061080514875 elapsed_us=102 block_gets=0 block_puts=0 deleted=0
checkpoint_phase lsn=20416 phase=value_index_write slot=0 started_ns=1790163061082143000 ended_ns=1790163061082216250 elapsed_us=73 block_gets=0 block_puts=0 deleted=0
checkpoint_phase lsn=20424 phase=value_index_schedule slot=0 started_ns=1790163061123354000 ended_ns=1790163061123359583 elapsed_us=5 block_gets=0 block_puts=0 deleted=0
checkpoint_phase lsn=20424 phase=value_index_schedule slot=0 started_ns=1790163061123457000 ended_ns=1790163061123521917 elapsed_us=64 block_gets=0 block_puts=0 deleted=0
checkpoint_phase lsn=20424 phase=value_index_write slot=0 started_ns=1790163061123581000 ended_ns=1790163061123583042 elapsed_us=2 block_gets=0 block_puts=0 deleted=0
checkpoint_phase lsn=20424 phase=value_index_write slot=0 started_ns=1790163061125025000 ended_ns=1790163061125125291 elapsed_us=100 block_gets=0 block_puts=0 deleted=0
checkpoint_phase lsn=20424 phase=value_index_write slot=0 started_ns=1790163061130937000 ended_ns=1790163061131009542 elapsed_us=72 block_gets=0 block_puts=0 deleted=0
checkpoint_phase lsn=20424 phase=value_index_write slot=0 started_ns=1790163061131071000 ended_ns=1790163061131141667 elapsed_us=70 block_gets=0 block_puts=0 deleted=0
checkpoint_phase lsn=20424 phase=value_index_write slot=0 started_ns=1790163061131193000 ended_ns=1790163061131263791 elapsed_us=70 block_gets=0 block_puts=0 deleted=0
checkpoint_phase lsn=20432 phase=value_index_schedule slot=0 started_ns=1790163061183954000 ended_ns=1790163061183960208 elapsed_us=6 block_gets=0 block_puts=0 deleted=0
checkpoint_phase lsn=20432 phase=value_index_schedule slot=0 started_ns=1790163061187270000 ended_ns=1790163061187333292 elapsed_us=63 block_gets=0 block_puts=0 deleted=0
checkpoint_phase lsn=20432 phase=value_index_write slot=0 started_ns=1790163061189921000 ended_ns=1790163061189922750 elapsed_us=1 block_gets=0 block_puts=0 deleted=0
checkpoint_phase lsn=20432 phase=value_index_write slot=0 started_ns=1790163061193154000 ended_ns=1790163061193258167 elapsed_us=104 block_gets=0 block_puts=0 deleted=0
checkpoint_phase lsn=20440 phase=value_index_schedule slot=0 started_ns=1790163061219508000 ended_ns=1790163061219513625 elapsed_us=5 block_gets=0 block_puts=0 deleted=0
checkpoint_phase lsn=20440 phase=value_index_schedule slot=0 started_ns=1790163061219586000 ended_ns=1790163061219654500 elapsed_us=68 block_gets=0 block_puts=0 deleted=0
checkpoint_phase lsn=20440 phase=value_index_write slot=0 started_ns=1790163061219716000 ended_ns=1790163061219718083 elapsed_us=2 block_gets=0 block_puts=0 deleted=0
checkpoint_phase lsn=20440 phase=value_index_write slot=0 started_ns=1790163061221165000 ended_ns=1790163061221269666 elapsed_us=104 block_gets=0 block_puts=0 deleted=0
checkpoint_phase lsn=20440 phase=value_index_write slot=0 started_ns=1790163061227207000 ended_ns=1790163061227283750 elapsed_us=76 block_gets=0 block_puts=0 deleted=0
checkpoint_phase lsn=20440 phase=value_index_write slot=0 started_ns=1790163061227355000 ended_ns=1790163061227425875 elapsed_us=70 block_gets=0 block_puts=0 deleted=0
checkpoint_phase lsn=20440 phase=value_index_write slot=0 started_ns=1790163061228773000 ended_ns=1790163061228843958 elapsed_us=70 block_gets=0 block_puts=0 deleted=0
checkpoint_phase lsn=20448 phase=value_index_schedule slot=0 started_ns=1790163061295601000 ended_ns=1790163061295606541 elapsed_us=5 block_gets=0 block_puts=0 deleted=0
checkpoint_phase lsn=20448 phase=value_index_schedule slot=0 started_ns=1790163061295667000 ended_ns=1790163061295734500 elapsed_us=67 block_gets=0 block_puts=0 deleted=0
checkpoint_phase lsn=20448 phase=value_index_write slot=0 started_ns=1790163061297744000 ended_ns=1790163061297745333 elapsed_us=1 block_gets=0 block_puts=0 deleted=0
checkpoint_phase lsn=20448 phase=value_index_write slot=0 started_ns=1790163061301710000 ended_ns=1790163061301818542 elapsed_us=108 block_gets=0 block_puts=0 deleted=0
checkpoint_phase lsn=20448 phase=value_index_write slot=0 started_ns=1790163061303744000 ended_ns=1790163061303815875 elapsed_us=71 block_gets=0 block_puts=0 deleted=0
checkpoint_phase lsn=20452 phase=value_index_schedule slot=0 started_ns=1790163061350442000 ended_ns=1790163061350447834 elapsed_us=5 block_gets=0 block_puts=0 deleted=0
checkpoint_phase lsn=20452 phase=value_index_schedule slot=0 started_ns=1790163061350533000 ended_ns=1790163061350605125 elapsed_us=72 block_gets=0 block_puts=0 deleted=0
checkpoint_phase lsn=20452 phase=value_index_write slot=0 started_ns=1790163061350666000 ended_ns=1790163061350668042 elapsed_us=2 block_gets=0 block_puts=0 deleted=0
checkpoint_phase lsn=20452 phase=value_index_write slot=0 started_ns=1790163061352146000 ended_ns=1790163061352254667 elapsed_us=108 block_gets=0 block_puts=0 deleted=0
checkpoint_phase lsn=20456 phase=value_index_schedule slot=0 started_ns=1790163061388492000 ended_ns=1790163061388497750 elapsed_us=5 block_gets=0 block_puts=0 deleted=0
checkpoint_phase lsn=20456 phase=value_index_schedule slot=0 started_ns=1790163061388567000 ended_ns=1790163061388646042 elapsed_us=79 block_gets=0 block_puts=0 deleted=0
checkpoint_phase lsn=20456 phase=value_index_write slot=0 started_ns=1790163061388700000 ended_ns=1790163061388701500 elapsed_us=1 block_gets=0 block_puts=0 deleted=0
checkpoint_phase lsn=20456 phase=value_index_write slot=0 started_ns=1790163061388752000 ended_ns=1790163061388860375 elapsed_us=108 block_gets=0 block_puts=0 deleted=0
checkpoint_phase lsn=20456 phase=value_index_write slot=0 started_ns=1790163061388913000 ended_ns=1790163061388980625 elapsed_us=67 block_gets=0 block_puts=0 deleted=0
checkpoint_phase lsn=20456 phase=value_index_write slot=0 started_ns=1790163061390418000 ended_ns=1790163061390487042 elapsed_us=69 block_gets=0 block_puts=0 deleted=0
checkpoint_phase lsn=20460 phase=value_index_schedule slot=0 started_ns=1790163061429471000 ended_ns=1790163061429476709 elapsed_us=5 block_gets=0 block_puts=0 deleted=0
checkpoint_phase lsn=20460 phase=value_index_schedule slot=0 started_ns=1790163061431700000 ended_ns=1790163061431773667 elapsed_us=73 block_gets=0 block_puts=0 deleted=0
checkpoint_phase lsn=20464 phase=value_index_schedule slot=0 started_ns=1790163061458754000 ended_ns=1790163061458759667 elapsed_us=5 block_gets=0 block_puts=0 deleted=0
checkpoint_phase lsn=20464 phase=value_index_schedule slot=0 started_ns=1790163061458832000 ended_ns=1790163061458905166 elapsed_us=73 block_gets=0 block_puts=0 deleted=0
checkpoint_phase lsn=20464 phase=value_index_write slot=0 started_ns=1790163061460332000 ended_ns=1790163061460333875 elapsed_us=1 block_gets=0 block_puts=0 deleted=0
checkpoint_phase lsn=20468 phase=value_index_schedule slot=0 started_ns=1790163061489104000 ended_ns=1790163061489109125 elapsed_us=5 block_gets=0 block_puts=0 deleted=0
checkpoint_phase lsn=20472 phase=value_index_schedule slot=0 started_ns=1790163061519300000 ended_ns=1790163061519304875 elapsed_us=4 block_gets=0 block_puts=0 deleted=0
checkpoint_phase lsn=20476 phase=value_index_schedule slot=0 started_ns=1790163061540357000 ended_ns=1790163061540361709 elapsed_us=4 block_gets=0 block_puts=0 deleted=0
checkpoint_phase lsn=20476 phase=value_index_schedule slot=0 started_ns=1790163061544961000 ended_ns=1790163061545035417 elapsed_us=74 block_gets=0 block_puts=0 deleted=0
checkpoint_phase lsn=20480 phase=value_index_schedule slot=0 started_ns=1790163061567473000 ended_ns=1790163061567478834 elapsed_us=5 block_gets=0 block_puts=0 deleted=0
checkpoint_phase lsn=20480 phase=value_index_schedule slot=0 started_ns=1790163061568847000 ended_ns=1790163061568923917 elapsed_us=76 block_gets=0 block_puts=0 deleted=0
checkpoint_phase lsn=20484 phase=value_index_schedule slot=0 started_ns=1790163061613629000 ended_ns=1790163061613634584 elapsed_us=5 block_gets=0 block_puts=0 deleted=0
checkpoint_phase lsn=20484 phase=value_index_schedule slot=0 started_ns=1790163061613702000 ended_ns=1790163061613794125 elapsed_us=92 block_gets=0 block_puts=0 deleted=0
checkpoint_phase lsn=20484 phase=value_index_write slot=0 started_ns=1790163061613855000 ended_ns=1790163061613856083 elapsed_us=1 block_gets=0 block_puts=0 deleted=0
checkpoint_phase lsn=20484 phase=value_index_write slot=0 started_ns=1790163061613907000 ended_ns=1790163061614021417 elapsed_us=114 block_gets=0 block_puts=0 deleted=0
checkpoint_phase lsn=20488 phase=value_index_schedule slot=0 started_ns=1790163061659648000 ended_ns=1790163061659653375 elapsed_us=5 block_gets=0 block_puts=0 deleted=0
checkpoint_phase lsn=20488 phase=value_index_schedule slot=0 started_ns=1790163061659732000 ended_ns=1790163061659814834 elapsed_us=82 block_gets=0 block_puts=0 deleted=0
checkpoint_phase lsn=20488 phase=value_index_write slot=0 started_ns=1790163061659878000 ended_ns=1790163061659880000 elapsed_us=2 block_gets=0 block_puts=0 deleted=0
checkpoint_phase lsn=20488 phase=value_index_write slot=0 started_ns=1790163061659929000 ended_ns=1790163061660047750 elapsed_us=118 block_gets=0 block_puts=0 deleted=0
checkpoint_phase lsn=20488 phase=value_index_write slot=0 started_ns=1790163061660108000 ended_ns=1790163061660178084 elapsed_us=70 block_gets=0 block_puts=0 deleted=0
checkpoint_phase lsn=20488 phase=value_index_write slot=0 started_ns=1790163061661617000 ended_ns=1790163061661685458 elapsed_us=68 block_gets=0 block_puts=0 deleted=0
checkpoint_phase lsn=20492 phase=value_index_schedule slot=0 started_ns=1790163061683971000 ended_ns=1790163061683977167 elapsed_us=6 block_gets=0 block_puts=0 deleted=0
checkpoint_phase lsn=20492 phase=value_index_schedule slot=0 started_ns=1790163061684044000 ended_ns=1790163061684127125 elapsed_us=83 block_gets=0 block_puts=0 deleted=0
checkpoint_phase lsn=20492 phase=value_index_write slot=0 started_ns=1790163061684199000 ended_ns=1790163061684201041 elapsed_us=2 block_gets=0 block_puts=0 deleted=0
checkpoint_phase lsn=20492 phase=value_index_write slot=0 started_ns=1790163061684274000 ended_ns=1790163061684394666 elapsed_us=120 block_gets=0 block_puts=0 deleted=0
checkpoint_phase lsn=20496 phase=value_index_schedule slot=0 started_ns=1790163061706298000 ended_ns=1790163061706303250 elapsed_us=5 block_gets=0 block_puts=0 deleted=0
checkpoint_phase lsn=20496 phase=value_index_schedule slot=0 started_ns=1790163061706363000 ended_ns=1790163061706444083 elapsed_us=81 block_gets=0 block_puts=0 deleted=0
checkpoint_phase lsn=20496 phase=value_index_write slot=0 started_ns=1790163061706494000 ended_ns=1790163061706495333 elapsed_us=1 block_gets=0 block_puts=0 deleted=0
checkpoint_phase lsn=20496 phase=value_index_write slot=0 started_ns=1790163061706545000 ended_ns=1790163061706664625 elapsed_us=119 block_gets=0 block_puts=0 deleted=0
checkpoint_phase lsn=20496 phase=value_index_write slot=0 started_ns=1790163061708106000 ended_ns=1790163061708177542 elapsed_us=71 block_gets=0 block_puts=0 deleted=0
checkpoint_phase lsn=20496 phase=value_index_write slot=0 started_ns=1790163061712854000 ended_ns=1790163061712926458 elapsed_us=72 block_gets=0 block_puts=0 deleted=0
checkpoint_phase lsn=20496 phase=value_index_write slot=0 started_ns=1790163061714298000 ended_ns=1790163061714366666 elapsed_us=68 block_gets=0 block_puts=0 deleted=0
checkpoint_phase lsn=20504 phase=value_index_schedule slot=0 started_ns=1790163061752790000 ended_ns=1790163061752795750 elapsed_us=5 block_gets=0 block_puts=0 deleted=0
checkpoint_phase lsn=20504 phase=value_index_schedule slot=0 started_ns=1790163061752865000 ended_ns=1790163061752948458 elapsed_us=83 block_gets=0 block_puts=0 deleted=0
checkpoint_phase lsn=20504 phase=value_index_write slot=0 started_ns=1790163061754366000 ended_ns=1790163061754367416 elapsed_us=1 block_gets=0 block_puts=0 deleted=0
checkpoint_phase lsn=20504 phase=value_index_write slot=0 started_ns=1790163061758711000 ended_ns=1790163061758836208 elapsed_us=125 block_gets=0 block_puts=0 deleted=0
checkpoint_phase lsn=20504 phase=value_index_write slot=0 started_ns=1790163061760134000 ended_ns=1790163061760201042 elapsed_us=67 block_gets=0 block_puts=0 deleted=0
checkpoint_phase lsn=20512 phase=value_index_schedule slot=0 started_ns=1790163061802229000 ended_ns=1790163061802234541 elapsed_us=5 block_gets=0 block_puts=0 deleted=0
checkpoint_phase lsn=20512 phase=value_index_schedule slot=0 started_ns=1790163061802308000 ended_ns=1790163061802391875 elapsed_us=83 block_gets=0 block_puts=0 deleted=0
checkpoint_phase lsn=20512 phase=value_index_write slot=0 started_ns=1790163061805706000 ended_ns=1790163061805707500 elapsed_us=1 block_gets=0 block_puts=0 deleted=0
checkpoint_phase lsn=20512 phase=value_index_write slot=0 started_ns=1790163061808827000 ended_ns=1790163061808946292 elapsed_us=119 block_gets=0 block_puts=0 deleted=0
checkpoint_phase lsn=20516 phase=value_index_schedule slot=0 started_ns=1790163061845747000 ended_ns=1790163061845752750 elapsed_us=5 block_gets=0 block_puts=0 deleted=0
checkpoint_phase lsn=20516 phase=value_index_schedule slot=0 started_ns=1790163061845819000 ended_ns=1790163061845906833 elapsed_us=87 block_gets=0 block_puts=0 deleted=0
checkpoint_phase lsn=20516 phase=value_index_write slot=0 started_ns=1790163061845969000 ended_ns=1790163061845970833 elapsed_us=1 block_gets=0 block_puts=0 deleted=0
checkpoint_phase lsn=20516 phase=value_index_write slot=0 started_ns=1790163061847391000 ended_ns=1790163061847511708 elapsed_us=120 block_gets=0 block_puts=0 deleted=0
checkpoint_phase lsn=20520 phase=value_index_schedule slot=0 started_ns=1790163061877346000 ended_ns=1790163061877351375 elapsed_us=5 block_gets=0 block_puts=0 deleted=0
checkpoint_phase lsn=20520 phase=value_index_schedule slot=0 started_ns=1790163061877415000 ended_ns=1790163061877510834 elapsed_us=95 block_gets=0 block_puts=0 deleted=0
checkpoint_phase lsn=20520 phase=value_index_write slot=0 started_ns=1790163061878979000 ended_ns=1790163061878981000 elapsed_us=2 block_gets=0 block_puts=0 deleted=0
checkpoint_phase lsn=20520 phase=value_index_write slot=0 started_ns=1790163061883636000 ended_ns=1790163061883761166 elapsed_us=125 block_gets=0 block_puts=0 deleted=0
checkpoint_phase lsn=20520 phase=value_index_write slot=0 started_ns=1790163061885136000 ended_ns=1790163061885205959 elapsed_us=69 block_gets=0 block_puts=0 deleted=0
checkpoint_phase lsn=20528 phase=value_index_schedule slot=0 started_ns=1790163061914202000 ended_ns=1790163061914207583 elapsed_us=5 block_gets=0 block_puts=0 deleted=0
checkpoint_phase lsn=20528 phase=value_index_schedule slot=0 started_ns=1790163061914289000 ended_ns=1790163061914381250 elapsed_us=92 block_gets=0 block_puts=0 deleted=0
checkpoint_phase lsn=20528 phase=value_index_write slot=0 started_ns=1790163061916458000 ended_ns=1790163061916460500 elapsed_us=2 block_gets=0 block_puts=0 deleted=0
checkpoint_phase lsn=20532 phase=value_index_schedule slot=0 started_ns=1790163061954136000 ended_ns=1790163061954141083 elapsed_us=5 block_gets=0 block_puts=0 deleted=0
checkpoint_phase lsn=20536 phase=value_index_schedule slot=0 started_ns=1790163061983464000 ended_ns=1790163061983468958 elapsed_us=4 block_gets=0 block_puts=0 deleted=0
checkpoint_phase lsn=20536 phase=value_index_schedule slot=0 started_ns=1790163061987345000 ended_ns=1790163061987435625 elapsed_us=90 block_gets=0 block_puts=0 deleted=0
checkpoint_phase lsn=20536 phase=value_index_write slot=0 started_ns=1790163061989318000 ended_ns=1790163061989319333 elapsed_us=1 block_gets=0 block_puts=0 deleted=0
checkpoint_phase lsn=20536 phase=value_index_write slot=0 started_ns=1790163061993363000 ended_ns=1790163061993493750 elapsed_us=130 block_gets=0 block_puts=0 deleted=0
checkpoint_phase lsn=20544 phase=value_index_schedule slot=0 started_ns=1790163062037969000 ended_ns=1790163062037975500 elapsed_us=6 block_gets=0 block_puts=0 deleted=0
checkpoint_phase lsn=20544 phase=value_index_schedule slot=0 started_ns=1790163062040052000 ended_ns=1790163062040149666 elapsed_us=97 block_gets=0 block_puts=0 deleted=0
checkpoint_phase lsn=20548 phase=value_index_schedule slot=0 started_ns=1790163062060463000 ended_ns=1790163062060468875 elapsed_us=5 block_gets=0 block_puts=0 deleted=0
checkpoint_phase lsn=20548 phase=value_index_schedule slot=0 started_ns=1790163062060544000 ended_ns=1790163062060643584 elapsed_us=99 block_gets=0 block_puts=0 deleted=0
checkpoint_phase lsn=20548 phase=value_index_write slot=0 started_ns=1790163062060713000 ended_ns=1790163062060714709 elapsed_us=1 block_gets=0 block_puts=0 deleted=0
checkpoint_phase lsn=20548 phase=value_index_write slot=0 started_ns=1790163062060772000 ended_ns=1790163062060897292 elapsed_us=125 block_gets=0 block_puts=0 deleted=0
checkpoint_phase lsn=20552 phase=value_index_schedule slot=0 started_ns=1790163062097779000 ended_ns=1790163062097784834 elapsed_us=5 block_gets=0 block_puts=0 deleted=0
checkpoint_phase lsn=20552 phase=value_index_schedule slot=0 started_ns=1790163062097856000 ended_ns=1790163062097952083 elapsed_us=96 block_gets=0 block_puts=0 deleted=0
checkpoint_phase lsn=20552 phase=value_index_write slot=0 started_ns=1790163062099369000 ended_ns=1790163062099370292 elapsed_us=1 block_gets=0 block_puts=0 deleted=0
checkpoint_phase lsn=20552 phase=value_index_write slot=0 started_ns=1790163062103839000 ended_ns=1790163062103964333 elapsed_us=125 block_gets=0 block_puts=0 deleted=0
checkpoint_phase lsn=20556 phase=value_index_schedule slot=0 started_ns=1790163062139347000 ended_ns=1790163062139352833 elapsed_us=5 block_gets=0 block_puts=0 deleted=0
checkpoint_phase lsn=20556 phase=value_index_schedule slot=0 started_ns=1790163062142581000 ended_ns=1790163062142676875 elapsed_us=95 block_gets=0 block_puts=0 deleted=0
checkpoint_phase lsn=20560 phase=value_index_schedule slot=0 started_ns=1790163062167242000 ended_ns=1790163062167247208 elapsed_us=5 block_gets=0 block_puts=0 deleted=0
checkpoint_phase lsn=20568 phase=value_index_schedule slot=0 started_ns=1790163062224194000 ended_ns=1790163062224199834 elapsed_us=5 block_gets=0 block_puts=0 deleted=0
checkpoint_phase lsn=20568 phase=value_index_schedule slot=0 started_ns=1790163062226985000 ended_ns=1790163062227082916 elapsed_us=97 block_gets=0 block_puts=0 deleted=0
checkpoint_phase lsn=20568 phase=value_index_write slot=0 started_ns=1790163062232846000 ended_ns=1790163062232848291 elapsed_us=2 block_gets=0 block_puts=0 deleted=0
checkpoint_phase lsn=20568 phase=value_index_write slot=0 started_ns=1790163062232945000 ended_ns=1790163062233071458 elapsed_us=126 block_gets=0 block_puts=0 deleted=0
checkpoint_phase lsn=20568 phase=value_index_write slot=0 started_ns=1790163062234366000 ended_ns=1790163062234446125 elapsed_us=80 block_gets=0 block_puts=0 deleted=0
checkpoint_phase lsn=20572 phase=value_index_schedule slot=0 started_ns=1790163062266968000 ended_ns=1790163062266973792 elapsed_us=5 block_gets=0 block_puts=0 deleted=0
checkpoint_phase lsn=20572 phase=value_index_schedule slot=0 started_ns=1790163062267029000 ended_ns=1790163062267129625 elapsed_us=100 block_gets=0 block_puts=0 deleted=0
checkpoint_phase lsn=20572 phase=value_index_write slot=0 started_ns=1790163062267179000 ended_ns=1790163062267180333 elapsed_us=1 block_gets=0 block_puts=0 deleted=0
checkpoint_phase lsn=20572 phase=value_index_write slot=0 started_ns=1790163062267222000 ended_ns=1790163062267348375 elapsed_us=126 block_gets=0 block_puts=0 deleted=0
checkpoint_phase lsn=20572 phase=value_index_write slot=0 started_ns=1790163062267393000 ended_ns=1790163062267479667 elapsed_us=86 block_gets=0 block_puts=0 deleted=0
checkpoint_phase lsn=20572 phase=value_index_write slot=0 started_ns=1790163062267526000 ended_ns=1790163062267595208 elapsed_us=69 block_gets=0 block_puts=0 deleted=0
checkpoint_phase lsn=20572 phase=value_index_write slot=0 started_ns=1790163062267662000 ended_ns=1790163062267733084 elapsed_us=71 block_gets=0 block_puts=0 deleted=0
checkpoint_phase lsn=20572 phase=value_index_write slot=0 started_ns=1790163062267801000 ended_ns=1790163062267882083 elapsed_us=81 block_gets=0 block_puts=0 deleted=0
checkpoint_phase lsn=20572 phase=value_index_write slot=0 started_ns=1790163062267943000 ended_ns=1790163062310809333 elapsed_us=42866 block_gets=0 block_puts=1 deleted=0
checkpoint_phase lsn=20580 phase=value_index_schedule slot=0 started_ns=1790163062354970000 ended_ns=1790163062354975416 elapsed_us=5 block_gets=0 block_puts=0 deleted=0
checkpoint_phase lsn=20580 phase=value_index_schedule slot=0 started_ns=1790163062361455000 ended_ns=1790163062361559667 elapsed_us=104 block_gets=0 block_puts=0 deleted=0
checkpoint_phase lsn=20580 phase=value_index_write slot=0 started_ns=1790163062361637000 ended_ns=1790163062361639583 elapsed_us=2 block_gets=0 block_puts=0 deleted=0
checkpoint_phase lsn=20580 phase=value_index_write slot=0 started_ns=1790163062361697000 ended_ns=1790163062361823458 elapsed_us=126 block_gets=0 block_puts=0 deleted=0
checkpoint_phase lsn=20580 phase=value_index_write slot=0 started_ns=1790163062361892000 ended_ns=1790163062361983917 elapsed_us=91 block_gets=0 block_puts=0 deleted=0
checkpoint_phase lsn=20580 phase=value_index_write slot=0 started_ns=1790163062363973000 ended_ns=1790163062364044292 elapsed_us=71 block_gets=0 block_puts=0 deleted=0
checkpoint_phase lsn=20584 phase=value_index_schedule slot=0 started_ns=1790163062412244000 ended_ns=1790163062412249750 elapsed_us=5 block_gets=0 block_puts=0 deleted=0
checkpoint_phase lsn=20584 phase=value_index_schedule slot=0 started_ns=1790163062412374000 ended_ns=1790163062412486625 elapsed_us=112 block_gets=0 block_puts=0 deleted=0
checkpoint_phase lsn=20584 phase=value_index_write slot=0 started_ns=1790163062413948000 ended_ns=1790163062413950000 elapsed_us=2 block_gets=0 block_puts=0 deleted=0
checkpoint_phase lsn=20584 phase=value_index_write slot=0 started_ns=1790163062418591000 ended_ns=1790163062418722750 elapsed_us=131 block_gets=0 block_puts=0 deleted=0
checkpoint_phase lsn=20584 phase=value_index_write slot=0 started_ns=1790163062420098000 ended_ns=1790163062420188833 elapsed_us=90 block_gets=0 block_puts=0 deleted=0
checkpoint_phase lsn=20592 phase=value_index_schedule slot=0 started_ns=1790163062476438000 ended_ns=1790163062476443042 elapsed_us=5 block_gets=0 block_puts=0 deleted=0
checkpoint_phase lsn=20596 phase=value_index_schedule slot=0 started_ns=1790163062505252000 ended_ns=1790163062505256916 elapsed_us=4 block_gets=0 block_puts=0 deleted=0
checkpoint_phase lsn=20596 phase=value_index_schedule slot=0 started_ns=1790163062509956000 ended_ns=1790163062510066708 elapsed_us=110 block_gets=0 block_puts=0 deleted=0
checkpoint_phase lsn=20600 phase=value_index_schedule slot=0 started_ns=1790163062529246000 ended_ns=1790163062529251625 elapsed_us=5 block_gets=0 block_puts=0 deleted=0
checkpoint_phase lsn=20600 phase=value_index_schedule slot=0 started_ns=1790163062530628000 ended_ns=1790163062530736750 elapsed_us=108 block_gets=0 block_puts=0 deleted=0
checkpoint_phase lsn=20600 phase=value_index_write slot=0 started_ns=1790163062536738000 ended_ns=1790163062536741416 elapsed_us=3 block_gets=0 block_puts=0 deleted=0
checkpoint_phase lsn=20600 phase=value_index_write slot=0 started_ns=1790163062536825000 ended_ns=1790163062536958250 elapsed_us=133 block_gets=0 block_puts=0 deleted=0
checkpoint_phase lsn=20600 phase=value_index_write slot=0 started_ns=1790163062537021000 ended_ns=1790163062537111083 elapsed_us=90 block_gets=0 block_puts=0 deleted=0
checkpoint_phase lsn=20600 phase=value_index_write slot=0 started_ns=1790163062538529000 ended_ns=1790163062538600333 elapsed_us=71 block_gets=0 block_puts=0 deleted=0
checkpoint_phase lsn=20608 phase=value_index_schedule slot=0 started_ns=1790163062598265000 ended_ns=1790163062598271042 elapsed_us=6 block_gets=0 block_puts=0 deleted=0
checkpoint_phase lsn=20608 phase=value_index_schedule slot=0 started_ns=1790163062598323000 ended_ns=1790163062598430209 elapsed_us=107 block_gets=0 block_puts=0 deleted=0
checkpoint_phase lsn=20608 phase=value_index_write slot=0 started_ns=1790163062598476000 ended_ns=1790163062598477167 elapsed_us=1 block_gets=0 block_puts=0 deleted=0
checkpoint_phase lsn=20608 phase=value_index_write slot=0 started_ns=1790163062600504000 ended_ns=1790163062600633375 elapsed_us=129 block_gets=0 block_puts=0 deleted=0
checkpoint_phase lsn=20616 phase=value_index_schedule slot=0 started_ns=1790163062654247000 ended_ns=1790163062654252292 elapsed_us=5 block_gets=0 block_puts=0 deleted=0
checkpoint_phase lsn=20616 phase=value_index_schedule slot=0 started_ns=1790163062654322000 ended_ns=1790163062654478125 elapsed_us=156 block_gets=0 block_puts=0 deleted=0
checkpoint_phase lsn=20616 phase=value_index_write slot=0 started_ns=1790163062655974000 ended_ns=1790163062655976042 elapsed_us=2 block_gets=0 block_puts=0 deleted=0
checkpoint_phase lsn=20616 phase=value_index_write slot=0 started_ns=1790163062660726000 ended_ns=1790163062660854625 elapsed_us=128 block_gets=0 block_puts=0 deleted=0
checkpoint_phase lsn=20616 phase=value_index_write slot=0 started_ns=1790163062662229000 ended_ns=1790163062662327708 elapsed_us=98 block_gets=0 block_puts=0 deleted=0
checkpoint_phase lsn=20616 phase=value_index_write slot=0 started_ns=1790163062668356000 ended_ns=1790163062668429917 elapsed_us=73 block_gets=0 block_puts=0 deleted=0
checkpoint_phase lsn=20616 phase=value_index_write slot=0 started_ns=1790163062668502000 ended_ns=1790163062668575334 elapsed_us=73 block_gets=0 block_puts=0 deleted=0
checkpoint_phase lsn=20616 phase=value_index_write slot=0 started_ns=1790163062668638000 ended_ns=1790163062668708625 elapsed_us=70 block_gets=0 block_puts=0 deleted=0
checkpoint_phase lsn=20624 phase=value_index_schedule slot=0 started_ns=1790163062727621000 ended_ns=1790163062727626750 elapsed_us=5 block_gets=0 block_puts=0 deleted=0
checkpoint_phase lsn=20624 phase=value_index_schedule slot=0 started_ns=1790163062727696000 ended_ns=1790163062727806125 elapsed_us=110 block_gets=0 block_puts=0 deleted=0
checkpoint_phase lsn=20624 phase=value_index_write slot=0 started_ns=1790163062729840000 ended_ns=1790163062729842292 elapsed_us=2 block_gets=0 block_puts=0 deleted=0
checkpoint_phase lsn=20624 phase=value_index_write slot=0 started_ns=1790163062733791000 ended_ns=1790163062733921708 elapsed_us=130 block_gets=0 block_puts=0 deleted=0
checkpoint_phase lsn=20624 phase=value_index_write slot=0 started_ns=1790163062735807000 ended_ns=1790163062735904125 elapsed_us=97 block_gets=0 block_puts=0 deleted=0
checkpoint_phase lsn=20632 phase=value_index_schedule slot=0 started_ns=1790163062781006000 ended_ns=1790163062781012125 elapsed_us=6 block_gets=0 block_puts=0 deleted=0
checkpoint_phase lsn=20632 phase=value_index_schedule slot=0 started_ns=1790163062781070000 ended_ns=1790163062781183334 elapsed_us=113 block_gets=0 block_puts=0 deleted=0
checkpoint_phase lsn=20632 phase=value_index_write slot=0 started_ns=1790163062781250000 ended_ns=1790163062781252292 elapsed_us=2 block_gets=0 block_puts=0 deleted=0
checkpoint_phase lsn=20632 phase=value_index_write slot=0 started_ns=1790163062781309000 ended_ns=1790163062781441750 elapsed_us=132 block_gets=0 block_puts=0 deleted=0
checkpoint_phase lsn=20632 phase=value_index_write slot=0 started_ns=1790163062787476000 ended_ns=1790163062787577625 elapsed_us=101 block_gets=0 block_puts=0 deleted=0
checkpoint_phase lsn=20632 phase=value_index_write slot=0 started_ns=1790163062787635000 ended_ns=1790163062787704708 elapsed_us=69 block_gets=0 block_puts=0 deleted=0
checkpoint_phase lsn=20636 phase=value_index_schedule slot=0 started_ns=1790163062815841000 ended_ns=1790163062815846042 elapsed_us=5 block_gets=0 block_puts=0 deleted=0
checkpoint_phase lsn=20640 phase=value_index_schedule slot=0 started_ns=1790163062852416000 ended_ns=1790163062852421500 elapsed_us=5 block_gets=0 block_puts=0 deleted=0
checkpoint_phase lsn=20648 phase=value_index_schedule slot=0 started_ns=1790163062900667000 ended_ns=1790163062900672292 elapsed_us=5 block_gets=0 block_puts=0 deleted=0
checkpoint_phase lsn=20648 phase=value_index_schedule slot=0 started_ns=1790163062900734000 ended_ns=1790163062900853375 elapsed_us=119 block_gets=0 block_puts=0 deleted=0
checkpoint_phase lsn=20648 phase=value_index_write slot=0 started_ns=1790163062902268000 ended_ns=1790163062902269583 elapsed_us=1 block_gets=0 block_puts=0 deleted=0
checkpoint_phase lsn=20648 phase=value_index_write slot=0 started_ns=1790163062911434000 ended_ns=1790163062911561792 elapsed_us=127 block_gets=0 block_puts=0 deleted=0
checkpoint_phase lsn=20648 phase=value_index_write slot=0 started_ns=1790163062912885000 ended_ns=1790163062912988333 elapsed_us=103 block_gets=0 block_puts=0 deleted=0
checkpoint_phase lsn=20648 phase=value_index_write slot=0 started_ns=1790163062924139000 ended_ns=1790163062924211167 elapsed_us=72 block_gets=0 block_puts=0 deleted=0
checkpoint_phase lsn=20648 phase=value_index_write slot=0 started_ns=1790163062924290000 ended_ns=1790163062924363042 elapsed_us=73 block_gets=0 block_puts=0 deleted=0
checkpoint_phase lsn=20648 phase=value_index_write slot=0 started_ns=1790163062924437000 ended_ns=1790163062924509542 elapsed_us=72 block_gets=0 block_puts=0 deleted=0
checkpoint_phase lsn=20664 phase=value_index_schedule slot=0 started_ns=1790163062968326000 ended_ns=1790163062968331667 elapsed_us=5 block_gets=0 block_puts=0 deleted=0
checkpoint_phase lsn=20664 phase=value_index_schedule slot=0 started_ns=1790163062968395000 ended_ns=1790163062968534458 elapsed_us=139 block_gets=0 block_puts=0 deleted=0
checkpoint_phase lsn=20664 phase=value_index_write slot=0 started_ns=1790163062976980000 ended_ns=1790163062976982500 elapsed_us=2 block_gets=0 block_puts=0 deleted=0
checkpoint_phase lsn=20664 phase=value_index_write slot=0 started_ns=1790163062991223000 ended_ns=1790163062991352042 elapsed_us=129 block_gets=0 block_puts=0 deleted=0
checkpoint_phase lsn=20664 phase=value_index_write slot=0 started_ns=1790163062998137000 ended_ns=1790163062998249667 elapsed_us=112 block_gets=0 block_puts=0 deleted=0
checkpoint_phase lsn=20668 phase=value_index_schedule slot=0 started_ns=1790163063033840000 ended_ns=1790163063033846500 elapsed_us=6 block_gets=0 block_puts=0 deleted=0
checkpoint_phase lsn=20668 phase=value_index_schedule slot=0 started_ns=1790163063033903000 ended_ns=1790163063034027167 elapsed_us=124 block_gets=0 block_puts=0 deleted=0
checkpoint_phase lsn=20680 phase=value_index_schedule slot=0 started_ns=1790163063093523000 ended_ns=1790163063093529000 elapsed_us=6 block_gets=0 block_puts=0 deleted=0
checkpoint_phase lsn=20680 phase=value_index_schedule slot=0 started_ns=1790163063094990000 ended_ns=1790163063095118750 elapsed_us=128 block_gets=0 block_puts=0 deleted=0
checkpoint_phase lsn=20680 phase=value_index_write slot=0 started_ns=1790163063108919000 ended_ns=1790163063108921542 elapsed_us=2 block_gets=0 block_puts=0 deleted=0
checkpoint_phase lsn=20680 phase=value_index_write slot=0 started_ns=1790163063108999000 ended_ns=1790163063109246083 elapsed_us=247 block_gets=0 block_puts=0 deleted=0
checkpoint_phase lsn=20680 phase=value_index_write slot=0 started_ns=1790163063109320000 ended_ns=1790163063109433875 elapsed_us=113 block_gets=0 block_puts=0 deleted=0
checkpoint_phase lsn=20680 phase=value_index_write slot=0 started_ns=1790163063109498000 ended_ns=1790163063109567250 elapsed_us=69 block_gets=0 block_puts=0 deleted=0
checkpoint_phase lsn=20680 phase=value_index_write slot=0 started_ns=1790163063119943000 ended_ns=1790163063120017375 elapsed_us=74 block_gets=0 block_puts=0 deleted=0
checkpoint_phase lsn=20680 phase=value_index_write slot=0 started_ns=1790163063120097000 ended_ns=1790163063120165875 elapsed_us=68 block_gets=0 block_puts=0 deleted=0
checkpoint_phase lsn=20680 phase=value_index_write slot=0 started_ns=1790163063120234000 ended_ns=1790163063147007041 elapsed_us=26773 block_gets=0 block_puts=1 deleted=0
checkpoint_phase lsn=20680 phase=value_index_write slot=0 started_ns=1790163063157394000 ended_ns=1790163063157468208 elapsed_us=74 block_gets=0 block_puts=0 deleted=0
checkpoint_phase lsn=20680 phase=value_index_write slot=0 started_ns=1790163063157555000 ended_ns=1790163063157628750 elapsed_us=73 block_gets=0 block_puts=0 deleted=0
checkpoint_phase lsn=20680 phase=value_index_write slot=0 started_ns=1790163063157692000 ended_ns=1790163063157772625 elapsed_us=80 block_gets=0 block_puts=0 deleted=0
checkpoint_phase lsn=20696 phase=value_index_schedule slot=0 started_ns=1790163063222470000 ended_ns=1790163063222475333 elapsed_us=5 block_gets=0 block_puts=0 deleted=0
checkpoint_phase lsn=20696 phase=value_index_schedule slot=0 started_ns=1790163063232728000 ended_ns=1790163063232862500 elapsed_us=134 block_gets=0 block_puts=0 deleted=0
checkpoint_phase lsn=20696 phase=value_index_write slot=0 started_ns=1790163063268115000 ended_ns=1790163063268117375 elapsed_us=2 block_gets=0 block_puts=0 deleted=0
checkpoint_phase lsn=20696 phase=value_index_write slot=0 started_ns=1790163063268184000 ended_ns=1790163063268313333 elapsed_us=129 block_gets=0 block_puts=0 deleted=0
checkpoint_phase lsn=20696 phase=value_index_write slot=0 started_ns=1790163063268395000 ended_ns=1790163063268522166 elapsed_us=127 block_gets=0 block_puts=0 deleted=0
checkpoint_phase lsn=20696 phase=value_index_write slot=0 started_ns=1790163063282562000 ended_ns=1790163063282634708 elapsed_us=72 block_gets=0 block_puts=0 deleted=0
checkpoint_phase lsn=20696 phase=value_index_write slot=0 started_ns=1790163063282695000 ended_ns=1790163063282767500 elapsed_us=72 block_gets=0 block_puts=0 deleted=0
checkpoint_phase lsn=20696 phase=value_index_write slot=0 started_ns=1790163063282831000 ended_ns=1790163063282900709 elapsed_us=69 block_gets=0 block_puts=0 deleted=0
checkpoint_phase lsn=20696 phase=value_index_write slot=0 started_ns=1790163063291668000 ended_ns=1790163063321627125 elapsed_us=29959 block_gets=0 block_puts=1 deleted=0
checkpoint_phase lsn=20712 phase=value_index_schedule slot=0 started_ns=1790163063405970000 ended_ns=1790163063405976833 elapsed_us=6 block_gets=0 block_puts=0 deleted=0
checkpoint_phase lsn=20712 phase=value_index_schedule slot=0 started_ns=1790163063406035000 ended_ns=1790163063406174583 elapsed_us=139 block_gets=0 block_puts=0 deleted=0
checkpoint_phase lsn=20712 phase=value_index_write slot=0 started_ns=1790163063417751000 ended_ns=1790163063417752916 elapsed_us=1 block_gets=0 block_puts=0 deleted=0
checkpoint_phase lsn=20712 phase=value_index_write slot=0 started_ns=1790163063429097000 ended_ns=1790163063429223500 elapsed_us=126 block_gets=0 block_puts=0 deleted=0
checkpoint_phase lsn=20712 phase=value_index_write slot=0 started_ns=1790163063446772000 ended_ns=1790163063446895375 elapsed_us=123 block_gets=0 block_puts=0 deleted=0
checkpoint_phase lsn=20712 phase=value_index_write slot=0 started_ns=1790163063446990000 ended_ns=1790163063447062167 elapsed_us=72 block_gets=0 block_puts=0 deleted=0
checkpoint_phase lsn=20728 phase=value_index_schedule slot=0 started_ns=1790163063535071000 ended_ns=1790163063535077083 elapsed_us=6 block_gets=0 block_puts=0 deleted=0
checkpoint_phase lsn=20728 phase=value_index_schedule slot=0 started_ns=1790163063544744000 ended_ns=1790163063544883292 elapsed_us=139 block_gets=0 block_puts=0 deleted=0
checkpoint_phase lsn=20728 phase=value_index_write slot=0 started_ns=1790163063544949000 ended_ns=1790163063544951333 elapsed_us=2 block_gets=0 block_puts=0 deleted=0
checkpoint_phase lsn=20728 phase=value_index_write slot=0 started_ns=1790163063556942000 ended_ns=1790163063557074000 elapsed_us=132 block_gets=0 block_puts=0 deleted=0
checkpoint_phase lsn=20728 phase=value_index_write slot=0 started_ns=1790163063557143000 ended_ns=1790163063557276041 elapsed_us=133 block_gets=0 block_puts=0 deleted=0
checkpoint_phase lsn=20728 phase=value_index_write slot=0 started_ns=1790163063569178000 ended_ns=1790163063569255833 elapsed_us=77 block_gets=0 block_puts=0 deleted=0
checkpoint_phase lsn=20728 phase=value_index_write slot=0 started_ns=1790163063569404000 ended_ns=1790163063569476959 elapsed_us=72 block_gets=0 block_puts=0 deleted=0
checkpoint_phase lsn=20728 phase=value_index_write slot=0 started_ns=1790163063580546000 ended_ns=1790163063580620583 elapsed_us=74 block_gets=0 block_puts=0 deleted=0
checkpoint_phase lsn=20744 phase=value_index_schedule slot=0 started_ns=1790163063641160000 ended_ns=1790163063641166375 elapsed_us=6 block_gets=0 block_puts=0 deleted=0
checkpoint_phase lsn=20744 phase=value_index_schedule slot=0 started_ns=1790163063641235000 ended_ns=1790163063641383459 elapsed_us=148 block_gets=0 block_puts=0 deleted=0
checkpoint_phase lsn=20744 phase=value_index_write slot=0 started_ns=1790163063649328000 ended_ns=1790163063649330625 elapsed_us=2 block_gets=0 block_puts=0 deleted=0
checkpoint_phase lsn=20744 phase=value_index_write slot=0 started_ns=1790163063649403000 ended_ns=1790163063649531167 elapsed_us=128 block_gets=0 block_puts=0 deleted=0
checkpoint_phase lsn=20744 phase=value_index_write slot=0 started_ns=1790163063649600000 ended_ns=1790163063649730167 elapsed_us=130 block_gets=0 block_puts=0 deleted=0
checkpoint_phase lsn=20744 phase=value_index_write slot=0 started_ns=1790163063657170000 ended_ns=1790163063657252542 elapsed_us=82 block_gets=0 block_puts=0 deleted=0
checkpoint_phase lsn=20744 phase=value_index_write slot=0 started_ns=1790163063657331000 ended_ns=1790163063657402083 elapsed_us=71 block_gets=0 block_puts=0 deleted=0
checkpoint_phase lsn=20744 phase=value_index_write slot=0 started_ns=1790163063670655000 ended_ns=1790163063670727708 elapsed_us=72 block_gets=0 block_puts=0 deleted=0
checkpoint_phase lsn=20744 phase=value_index_write slot=0 started_ns=1790163063670807000 ended_ns=1790163063759216542 elapsed_us=88409 block_gets=0 block_puts=1 deleted=0
checkpoint_phase lsn=20744 phase=value_index_write slot=0 started_ns=1790163063766707000 ended_ns=1790163063766780667 elapsed_us=73 block_gets=0 block_puts=0 deleted=0
checkpoint_phase lsn=20744 phase=value_index_write slot=0 started_ns=1790163063766849000 ended_ns=1790163063766918541 elapsed_us=69 block_gets=0 block_puts=0 deleted=0
checkpoint_phase lsn=20744 phase=value_index_write slot=0 started_ns=1790163063766974000 ended_ns=1790163063767043792 elapsed_us=69 block_gets=0 block_puts=0 deleted=0
checkpoint_phase lsn=20744 phase=value_index_write slot=0 started_ns=1790163063767096000 ended_ns=1790163063769951667 elapsed_us=2855 block_gets=0 block_puts=1 deleted=0
checkpoint_phase lsn=20760 phase=value_index_schedule slot=0 started_ns=1790163063840160000 ended_ns=1790163063840166500 elapsed_us=6 block_gets=0 block_puts=0 deleted=0
checkpoint_phase lsn=20760 phase=value_index_schedule slot=0 started_ns=1790163063840247000 ended_ns=1790163063840396584 elapsed_us=149 block_gets=0 block_puts=0 deleted=0
checkpoint_phase lsn=20760 phase=value_index_write slot=0 started_ns=1790163063840484000 ended_ns=1790163063840485750 elapsed_us=1 block_gets=0 block_puts=0 deleted=0
checkpoint_phase lsn=20760 phase=value_index_write slot=0 started_ns=1790163063840535000 ended_ns=1790163063840662458 elapsed_us=127 block_gets=0 block_puts=0 deleted=0
checkpoint_phase lsn=20760 phase=value_index_write slot=0 started_ns=1790163063840706000 ended_ns=1790163063840827583 elapsed_us=121 block_gets=0 block_puts=0 deleted=0
checkpoint_phase lsn=20760 phase=value_index_write slot=0 started_ns=1790163063840871000 ended_ns=1790163063840953375 elapsed_us=82 block_gets=0 block_puts=0 deleted=0
checkpoint_phase lsn=20760 phase=value_index_write slot=0 started_ns=1790163063840996000 ended_ns=1790163063841065542 elapsed_us=69 block_gets=0 block_puts=0 deleted=0
checkpoint_phase lsn=20760 phase=value_index_write slot=0 started_ns=1790163063841110000 ended_ns=1790163063841178833 elapsed_us=68 block_gets=0 block_puts=0 deleted=0
checkpoint_phase lsn=20760 phase=value_index_write slot=0 started_ns=1790163063841234000 ended_ns=1790163063877221708 elapsed_us=35987 block_gets=0 block_puts=1 deleted=0
checkpoint_phase lsn=20760 phase=value_index_write slot=0 started_ns=1790163063887674000 ended_ns=1790163063887746417 elapsed_us=72 block_gets=0 block_puts=0 deleted=0
checkpoint_phase lsn=20760 phase=value_index_write slot=0 started_ns=1790163063898352000 ended_ns=1790163063898437375 elapsed_us=85 block_gets=0 block_puts=0 deleted=0
checkpoint_phase lsn=20760 phase=value_index_write slot=0 started_ns=1790163063910982000 ended_ns=1790163063911056500 elapsed_us=74 block_gets=0 block_puts=0 deleted=0
checkpoint_phase lsn=20760 phase=value_index_write slot=0 started_ns=1790163063911131000 ended_ns=1790163063918970458 elapsed_us=7839 block_gets=0 block_puts=1 deleted=0
checkpoint_phase lsn=20776 phase=value_index_schedule slot=0 started_ns=1790163063973179000 ended_ns=1790163063973185208 elapsed_us=6 block_gets=0 block_puts=0 deleted=0
checkpoint_phase lsn=20776 phase=value_index_schedule slot=0 started_ns=1790163063973247000 ended_ns=1790163063973403000 elapsed_us=156 block_gets=0 block_puts=0 deleted=0
checkpoint_phase lsn=20776 phase=value_index_write slot=0 started_ns=1790163063973457000 ended_ns=1790163063973458333 elapsed_us=1 block_gets=0 block_puts=0 deleted=0
checkpoint_phase lsn=20776 phase=value_index_write slot=0 started_ns=1790163063973510000 ended_ns=1790163063973676916 elapsed_us=166 block_gets=0 block_puts=0 deleted=0
checkpoint_phase lsn=20776 phase=value_index_write slot=0 started_ns=1790163063983742000 ended_ns=1790163063983868958 elapsed_us=126 block_gets=0 block_puts=0 deleted=0
checkpoint_phase lsn=20776 phase=value_index_write slot=0 started_ns=1790163063983938000 ended_ns=1790163063984028292 elapsed_us=90 block_gets=0 block_puts=0 deleted=0
checkpoint_phase lsn=20776 phase=value_index_write slot=0 started_ns=1790163063997802000 ended_ns=1790163063997874750 elapsed_us=72 block_gets=0 block_puts=0 deleted=0
checkpoint_phase lsn=20776 phase=value_index_write slot=0 started_ns=1790163063997946000 ended_ns=1790163063998019375 elapsed_us=73 block_gets=0 block_puts=0 deleted=0
checkpoint_phase lsn=20776 phase=value_index_write slot=0 started_ns=1790163063998074000 ended_ns=1790163064026598334 elapsed_us=28524 block_gets=0 block_puts=1 deleted=0
checkpoint_phase lsn=20776 phase=value_index_write slot=0 started_ns=1790163064042674000 ended_ns=1790163064042746375 elapsed_us=72 block_gets=0 block_puts=0 deleted=0
checkpoint_phase lsn=20776 phase=value_index_write slot=0 started_ns=1790163064042808000 ended_ns=1790163064042878292 elapsed_us=70 block_gets=0 block_puts=0 deleted=0
checkpoint_phase lsn=20776 phase=value_index_write slot=0 started_ns=1790163064042928000 ended_ns=1790163064042997500 elapsed_us=69 block_gets=0 block_puts=0 deleted=0
checkpoint_phase lsn=20776 phase=value_index_write slot=0 started_ns=1790163064057350000 ended_ns=1790163064071251875 elapsed_us=13901 block_gets=0 block_puts=1 deleted=0
checkpoint_phase lsn=20792 phase=value_index_schedule slot=0 started_ns=1790163064121479000 ended_ns=1790163064121485542 elapsed_us=6 block_gets=0 block_puts=0 deleted=0
checkpoint_phase lsn=20792 phase=value_index_schedule slot=0 started_ns=1790163064121550000 ended_ns=1790163064121712750 elapsed_us=162 block_gets=0 block_puts=0 deleted=0
checkpoint_phase lsn=20792 phase=value_index_write slot=0 started_ns=1790163064121764000 ended_ns=1790163064121765916 elapsed_us=1 block_gets=0 block_puts=0 deleted=0
checkpoint_phase lsn=20792 phase=value_index_write slot=0 started_ns=1790163064121877000 ended_ns=1790163064122209292 elapsed_us=332 block_gets=0 block_puts=0 deleted=0
checkpoint_phase lsn=20792 phase=value_index_write slot=0 started_ns=1790163064130306000 ended_ns=1790163064130431083 elapsed_us=125 block_gets=0 block_puts=0 deleted=0
checkpoint_phase lsn=20792 phase=value_index_write slot=0 started_ns=1790163064130512000 ended_ns=1790163064130633292 elapsed_us=121 block_gets=0 block_puts=0 deleted=0
checkpoint_phase lsn=20792 phase=value_index_write slot=0 started_ns=1790163064138258000 ended_ns=1790163064138333750 elapsed_us=75 block_gets=0 block_puts=0 deleted=0
checkpoint_phase lsn=20792 phase=value_index_write slot=0 started_ns=1790163064138424000 ended_ns=1790163064138495083 elapsed_us=71 block_gets=0 block_puts=0 deleted=0
checkpoint_phase lsn=20792 phase=value_index_write slot=0 started_ns=1790163064151485000 ended_ns=1790163064190812583 elapsed_us=39327 block_gets=0 block_puts=1 deleted=0
checkpoint_phase lsn=20792 phase=value_index_write slot=0 started_ns=1790163064199526000 ended_ns=1790163064199600209 elapsed_us=74 block_gets=0 block_puts=0 deleted=0
checkpoint_phase lsn=20792 phase=value_index_write slot=0 started_ns=1790163064199682000 ended_ns=1790163064199784333 elapsed_us=102 block_gets=0 block_puts=0 deleted=0
checkpoint_phase lsn=20808 phase=value_index_schedule slot=0 started_ns=1790163064263975000 ended_ns=1790163064263981167 elapsed_us=6 block_gets=0 block_puts=0 deleted=0
checkpoint_phase lsn=20808 phase=value_index_schedule slot=0 started_ns=1790163064272416000 ended_ns=1790163064272579166 elapsed_us=163 block_gets=0 block_puts=0 deleted=0
checkpoint_phase lsn=20808 phase=value_index_write slot=0 started_ns=1790163064278864000 ended_ns=1790163064278866333 elapsed_us=2 block_gets=0 block_puts=0 deleted=0
checkpoint_phase lsn=20808 phase=value_index_write slot=0 started_ns=1790163064286594000 ended_ns=1790163064286726666 elapsed_us=132 block_gets=0 block_puts=0 deleted=0
checkpoint_phase lsn=20808 phase=value_index_write slot=0 started_ns=1790163064286808000 ended_ns=1790163064286946875 elapsed_us=138 block_gets=0 block_puts=0 deleted=0
checkpoint_phase lsn=20808 phase=value_index_write slot=0 started_ns=1790163064343580000 ended_ns=1790163064343686750 elapsed_us=106 block_gets=0 block_puts=0 deleted=0
checkpoint_phase lsn=20808 phase=value_index_write slot=0 started_ns=1790163064343748000 ended_ns=1790163064343817792 elapsed_us=69 block_gets=0 block_puts=0 deleted=0
checkpoint_phase lsn=20808 phase=value_index_write slot=0 started_ns=1790163064343869000 ended_ns=1790163064343937292 elapsed_us=68 block_gets=0 block_puts=0 deleted=0
checkpoint_phase lsn=20824 phase=value_index_schedule slot=0 started_ns=1790163064455044000 ended_ns=1790163064455050416 elapsed_us=6 block_gets=0 block_puts=0 deleted=0
checkpoint_phase lsn=20824 phase=value_index_schedule slot=0 started_ns=1790163064462312000 ended_ns=1790163064462480458 elapsed_us=168 block_gets=0 block_puts=0 deleted=0
checkpoint_phase lsn=20824 phase=value_index_write slot=0 started_ns=1790163064462563000 ended_ns=1790163064462565333 elapsed_us=2 block_gets=0 block_puts=0 deleted=0
checkpoint_phase lsn=20824 phase=value_index_write slot=0 started_ns=1790163064462638000 ended_ns=1790163064462764208 elapsed_us=126 block_gets=0 block_puts=0 deleted=0
checkpoint_phase lsn=20824 phase=value_index_write slot=0 started_ns=1790163064472434000 ended_ns=1790163064472559292 elapsed_us=125 block_gets=0 block_puts=0 deleted=0
checkpoint_phase lsn=20824 phase=value_index_write slot=0 started_ns=1790163064472649000 ended_ns=1790163064472747917 elapsed_us=98 block_gets=0 block_puts=0 deleted=0
checkpoint_phase lsn=20824 phase=value_index_write slot=0 started_ns=1790163064481180000 ended_ns=1790163064481252125 elapsed_us=72 block_gets=0 block_puts=0 deleted=0
checkpoint_phase lsn=20824 phase=value_index_write slot=0 started_ns=1790163064481319000 ended_ns=1790163064481391667 elapsed_us=72 block_gets=0 block_puts=0 deleted=0
checkpoint_phase lsn=20824 phase=value_index_write slot=0 started_ns=1790163064481444000 ended_ns=1790163064545358541 elapsed_us=63914 block_gets=0 block_puts=1 deleted=0
checkpoint_phase lsn=20824 phase=value_index_write slot=0 started_ns=1790163064557627000 ended_ns=1790163064557699500 elapsed_us=72 block_gets=0 block_puts=0 deleted=0
checkpoint_phase lsn=20840 phase=value_index_schedule slot=0 started_ns=1790163064627602000 ended_ns=1790163064627608625 elapsed_us=6 block_gets=0 block_puts=0 deleted=0
checkpoint_phase lsn=20840 phase=value_index_schedule slot=0 started_ns=1790163064636132000 ended_ns=1790163064636301250 elapsed_us=169 block_gets=0 block_puts=0 deleted=0
checkpoint_phase lsn=20840 phase=value_index_write slot=0 started_ns=1790163064636368000 ended_ns=1790163064636370000 elapsed_us=2 block_gets=0 block_puts=0 deleted=0
checkpoint_phase lsn=20840 phase=value_index_write slot=0 started_ns=1790163064636440000 ended_ns=1790163064636571292 elapsed_us=131 block_gets=0 block_puts=0 deleted=0
checkpoint_phase lsn=20840 phase=value_index_write slot=0 started_ns=1790163064644196000 ended_ns=1790163064644322167 elapsed_us=126 block_gets=0 block_puts=0 deleted=0
checkpoint_phase lsn=20840 phase=value_index_write slot=0 started_ns=1790163064644397000 ended_ns=1790163064644502542 elapsed_us=105 block_gets=0 block_puts=0 deleted=0
checkpoint_phase lsn=20840 phase=value_index_write slot=0 started_ns=1790163064651928000 ended_ns=1790163064652001375 elapsed_us=73 block_gets=0 block_puts=0 deleted=0
checkpoint_phase lsn=20840 phase=value_index_write slot=0 started_ns=1790163064652076000 ended_ns=1790163064652148542 elapsed_us=72 block_gets=0 block_puts=0 deleted=0
checkpoint_phase lsn=20840 phase=value_index_write slot=0 started_ns=1790163064652215000 ended_ns=1790163064664845417 elapsed_us=12630 block_gets=0 block_puts=1 deleted=0
checkpoint_phase lsn=20840 phase=value_index_write slot=0 started_ns=1790163064672413000 ended_ns=1790163064672488625 elapsed_us=75 block_gets=0 block_puts=0 deleted=0
checkpoint_phase lsn=20840 phase=value_index_write slot=0 started_ns=1790163064672564000 ended_ns=1790163064672636125 elapsed_us=72 block_gets=0 block_puts=0 deleted=0
checkpoint_phase lsn=20840 phase=value_index_write slot=0 started_ns=1790163064672697000 ended_ns=1790163064672767125 elapsed_us=70 block_gets=0 block_puts=0 deleted=0
checkpoint_phase lsn=20856 phase=value_index_schedule slot=0 started_ns=1790163064743570000 ended_ns=1790163064743576458 elapsed_us=6 block_gets=0 block_puts=0 deleted=0
checkpoint_phase lsn=20856 phase=value_index_schedule slot=0 started_ns=1790163064776435000 ended_ns=1790163064776608959 elapsed_us=173 block_gets=0 block_puts=0 deleted=0
checkpoint_phase lsn=20856 phase=value_index_write slot=0 started_ns=1790163064776692000 ended_ns=1790163064776694250 elapsed_us=2 block_gets=0 block_puts=0 deleted=0
checkpoint_phase lsn=20856 phase=value_index_write slot=0 started_ns=1790163064776745000 ended_ns=1790163064776874625 elapsed_us=129 block_gets=0 block_puts=0 deleted=0
checkpoint_phase lsn=20856 phase=value_index_write slot=0 started_ns=1790163064789478000 ended_ns=1790163064789605584 elapsed_us=127 block_gets=0 block_puts=0 deleted=0
checkpoint_phase lsn=20856 phase=value_index_write slot=0 started_ns=1790163064789669000 ended_ns=1790163064789777417 elapsed_us=108 block_gets=0 block_puts=0 deleted=0
checkpoint_phase lsn=20872 phase=value_index_schedule slot=0 started_ns=1790163064860742000 ended_ns=1790163064860748500 elapsed_us=6 block_gets=0 block_puts=0 deleted=0
checkpoint_phase lsn=20872 phase=value_index_schedule slot=0 started_ns=1790163064869614000 ended_ns=1790163064869783833 elapsed_us=169 block_gets=0 block_puts=0 deleted=0
checkpoint_phase lsn=20872 phase=value_index_write slot=0 started_ns=1790163064869877000 ended_ns=1790163064869879750 elapsed_us=2 block_gets=0 block_puts=0 deleted=0
checkpoint_phase lsn=20872 phase=value_index_write slot=0 started_ns=1790163064895402000 ended_ns=1790163064895537000 elapsed_us=135 block_gets=0 block_puts=0 deleted=0
checkpoint_phase lsn=20872 phase=value_index_write slot=0 started_ns=1790163064895623000 ended_ns=1790163064895746208 elapsed_us=123 block_gets=0 block_puts=0 deleted=0
checkpoint_phase lsn=20872 phase=value_index_write slot=0 started_ns=1790163064912421000 ended_ns=1790163064912537916 elapsed_us=116 block_gets=0 block_puts=0 deleted=0
checkpoint_phase lsn=20872 phase=value_index_write slot=0 started_ns=1790163064912618000 ended_ns=1790163064912690125 elapsed_us=72 block_gets=0 block_puts=0 deleted=0
checkpoint_phase lsn=20872 phase=value_index_write slot=0 started_ns=1790163064912747000 ended_ns=1790163064912819083 elapsed_us=72 block_gets=0 block_puts=0 deleted=0
checkpoint_phase lsn=20872 phase=value_index_write slot=0 started_ns=1790163064912902000 ended_ns=1790163064963965000 elapsed_us=51063 block_gets=0 block_puts=1 deleted=0
checkpoint_phase lsn=20872 phase=value_index_write slot=0 started_ns=1790163064974656000 ended_ns=1790163064974730583 elapsed_us=74 block_gets=0 block_puts=0 deleted=0
checkpoint_phase lsn=20888 phase=value_index_schedule slot=0 started_ns=1790163065039642000 ended_ns=1790163065039648166 elapsed_us=6 block_gets=0 block_puts=0 deleted=0
checkpoint_phase lsn=20888 phase=value_index_schedule slot=0 started_ns=1790163065050545000 ended_ns=1790163065050725708 elapsed_us=180 block_gets=0 block_puts=0 deleted=0
checkpoint_phase lsn=20888 phase=value_index_write slot=0 started_ns=1790163065050804000 ended_ns=1790163065050806041 elapsed_us=2 block_gets=0 block_puts=0 deleted=0
checkpoint_phase lsn=20888 phase=value_index_write slot=0 started_ns=1790163065062336000 ended_ns=1790163065062468625 elapsed_us=132 block_gets=0 block_puts=0 deleted=0
checkpoint_phase lsn=20888 phase=value_index_write slot=0 started_ns=1790163065062538000 ended_ns=1790163065062661667 elapsed_us=123 block_gets=0 block_puts=0 deleted=0
checkpoint_phase lsn=20888 phase=value_index_write slot=0 started_ns=1790163065062719000 ended_ns=1790163065062836458 elapsed_us=117 block_gets=0 block_puts=0 deleted=0
checkpoint_phase lsn=20888 phase=value_index_write slot=0 started_ns=1790163065076702000 ended_ns=1790163065076775000 elapsed_us=73 block_gets=0 block_puts=0 deleted=0
checkpoint_phase lsn=20888 phase=value_index_write slot=0 started_ns=1790163065076845000 ended_ns=1790163065076916750 elapsed_us=71 block_gets=0 block_puts=0 deleted=0
checkpoint_phase lsn=20888 phase=value_index_write slot=0 started_ns=1790163065076973000 ended_ns=1790163065117815875 elapsed_us=40842 block_gets=0 block_puts=1 deleted=0
checkpoint_phase lsn=20888 phase=value_index_write slot=0 started_ns=1790163065129446000 ended_ns=1790163065129520083 elapsed_us=74 block_gets=0 block_puts=0 deleted=0
checkpoint_phase lsn=20888 phase=value_index_write slot=0 started_ns=1790163065129592000 ended_ns=1790163065129664916 elapsed_us=72 block_gets=0 block_puts=0 deleted=0
checkpoint_phase lsn=20888 phase=value_index_write slot=0 started_ns=1790163065129730000 ended_ns=1790163065129801750 elapsed_us=71 block_gets=0 block_puts=0 deleted=0
checkpoint_phase lsn=20888 phase=value_index_write slot=0 started_ns=1790163065129860000 ended_ns=1790163065135209792 elapsed_us=5349 block_gets=0 block_puts=1 deleted=0
checkpoint_phase lsn=20904 phase=value_index_schedule slot=0 started_ns=1790163065189578000 ended_ns=1790163065189584291 elapsed_us=6 block_gets=0 block_puts=0 deleted=0
checkpoint_phase lsn=20904 phase=value_index_schedule slot=0 started_ns=1790163065189657000 ended_ns=1790163065189846416 elapsed_us=189 block_gets=0 block_puts=0 deleted=0
checkpoint_phase lsn=20904 phase=value_index_write slot=0 started_ns=1790163065209034000 ended_ns=1790163065209036750 elapsed_us=2 block_gets=0 block_puts=0 deleted=0
checkpoint_phase lsn=20904 phase=value_index_write slot=0 started_ns=1790163065222092000 ended_ns=1790163065222222709 elapsed_us=130 block_gets=0 block_puts=0 deleted=0
checkpoint_phase lsn=20904 phase=value_index_write slot=0 started_ns=1790163065222301000 ended_ns=1790163065222428167 elapsed_us=127 block_gets=0 block_puts=0 deleted=0
checkpoint_phase lsn=20904 phase=value_index_write slot=0 started_ns=1790163065230171000 ended_ns=1790163065230297625 elapsed_us=126 block_gets=0 block_puts=0 deleted=0
checkpoint_phase lsn=20904 phase=value_index_write slot=0 started_ns=1790163065230370000 ended_ns=1790163065230442125 elapsed_us=72 block_gets=0 block_puts=0 deleted=0
checkpoint_phase lsn=20904 phase=value_index_write slot=0 started_ns=1790163065230500000 ended_ns=1790163065230571041 elapsed_us=71 block_gets=0 block_puts=0 deleted=0
checkpoint_phase lsn=20920 phase=value_index_schedule slot=0 started_ns=1790163065314911000 ended_ns=1790163065314917083 elapsed_us=6 block_gets=0 block_puts=0 deleted=0
checkpoint_phase lsn=20920 phase=value_index_schedule slot=0 started_ns=1790163065314995000 ended_ns=1790163065315177167 elapsed_us=182 block_gets=0 block_puts=0 deleted=0
checkpoint_phase lsn=20920 phase=value_index_write slot=0 started_ns=1790163065315241000 ended_ns=1790163065315242875 elapsed_us=1 block_gets=0 block_puts=0 deleted=0
checkpoint_phase lsn=20920 phase=value_index_write slot=0 started_ns=1790163065315303000 ended_ns=1790163065315433000 elapsed_us=130 block_gets=0 block_puts=0 deleted=0
checkpoint_phase lsn=20920 phase=value_index_write slot=0 started_ns=1790163065315484000 ended_ns=1790163065315607959 elapsed_us=123 block_gets=0 block_puts=0 deleted=0
checkpoint_phase lsn=20920 phase=value_index_write slot=0 started_ns=1790163065315664000 ended_ns=1790163065315790291 elapsed_us=126 block_gets=0 block_puts=0 deleted=0
checkpoint_phase lsn=20920 phase=value_index_write slot=0 started_ns=1790163065315843000 ended_ns=1790163065315918250 elapsed_us=75 block_gets=0 block_puts=0 deleted=0
checkpoint_phase lsn=20920 phase=value_index_write slot=0 started_ns=1790163065315965000 ended_ns=1790163065316035125 elapsed_us=70 block_gets=0 block_puts=0 deleted=0
checkpoint_phase lsn=20920 phase=value_index_write slot=0 started_ns=1790163065316080000 ended_ns=1790163065386646584 elapsed_us=70566 block_gets=0 block_puts=1 deleted=0
checkpoint_phase lsn=20920 phase=value_index_write slot=0 started_ns=1790163065397797000 ended_ns=1790163065397871958 elapsed_us=74 block_gets=0 block_puts=0 deleted=0
checkpoint_phase lsn=20920 phase=value_index_write slot=0 started_ns=1790163065397946000 ended_ns=1790163065398017084 elapsed_us=71 block_gets=0 block_puts=0 deleted=0
checkpoint_phase lsn=20920 phase=value_index_write slot=0 started_ns=1790163065398163000 ended_ns=1790163065398394417 elapsed_us=231 block_gets=0 block_puts=0 deleted=0
checkpoint_phase lsn=20920 phase=value_index_write slot=0 started_ns=1790163065408592000 ended_ns=1790163065411490167 elapsed_us=2898 block_gets=0 block_puts=1 deleted=0
checkpoint_phase lsn=20920 phase=value_index_schedule slot=0 started_ns=1790163065419672000 ended_ns=1790163065419733084 elapsed_us=61 block_gets=0 block_puts=0 deleted=0
checkpoint_phase lsn=20920 phase=value_index_schedule slot=0 started_ns=1790163065419822000 ended_ns=1790163065420154250 elapsed_us=332 block_gets=0 block_puts=0 deleted=0
checkpoint_phase lsn=20920 phase=value_index_write slot=0 started_ns=1790163065428524000 ended_ns=1790163065440768792 elapsed_us=12244 block_gets=0 block_puts=3 deleted=0
checkpoint_phase lsn=20936 phase=value_index_schedule slot=0 started_ns=1790163065508825000 ended_ns=1790163065508830542 elapsed_us=5 block_gets=0 block_puts=0 deleted=0
checkpoint_phase lsn=20936 phase=value_index_schedule slot=0 started_ns=1790163065508915000 ended_ns=1790163065509122625 elapsed_us=207 block_gets=0 block_puts=0 deleted=0
checkpoint_phase lsn=20936 phase=value_index_write slot=0 started_ns=1790163065519111000 ended_ns=1790163065519113333 elapsed_us=2 block_gets=0 block_puts=0 deleted=0
checkpoint_phase lsn=20936 phase=value_index_write slot=0 started_ns=1790163065519195000 ended_ns=1790163065519324833 elapsed_us=129 block_gets=0 block_puts=0 deleted=0
checkpoint_phase lsn=20936 phase=value_index_write slot=0 started_ns=1790163065519374000 ended_ns=1790163065519494333 elapsed_us=120 block_gets=0 block_puts=0 deleted=0
checkpoint_phase lsn=20936 phase=value_index_write slot=0 started_ns=1790163065529297000 ended_ns=1790163065529421416 elapsed_us=124 block_gets=0 block_puts=0 deleted=0
checkpoint_phase lsn=20936 phase=value_index_write slot=0 started_ns=1790163065529487000 ended_ns=1790163065529568833 elapsed_us=81 block_gets=0 block_puts=0 deleted=0
checkpoint_phase lsn=20936 phase=value_index_write slot=0 started_ns=1790163065539911000 ended_ns=1790163065539983916 elapsed_us=72 block_gets=0 block_puts=0 deleted=0
checkpoint_phase lsn=20936 phase=value_index_write slot=0 started_ns=1790163065540046000 ended_ns=1790163065552497667 elapsed_us=12451 block_gets=0 block_puts=1 deleted=0
checkpoint_phase lsn=20936 phase=value_index_write slot=0 started_ns=1790163065560592000 ended_ns=1790163065560666000 elapsed_us=74 block_gets=0 block_puts=0 deleted=0
checkpoint_phase lsn=20936 phase=value_index_write slot=0 started_ns=1790163065560744000 ended_ns=1790163065560816875 elapsed_us=72 block_gets=0 block_puts=0 deleted=0
checkpoint_phase lsn=20952 phase=value_index_schedule slot=0 started_ns=1790163065673681000 ended_ns=1790163065673687292 elapsed_us=6 block_gets=0 block_puts=0 deleted=0
checkpoint_phase lsn=20952 phase=value_index_schedule slot=0 started_ns=1790163065701549000 ended_ns=1790163065701750167 elapsed_us=201 block_gets=0 block_puts=0 deleted=0
checkpoint_phase lsn=20952 phase=value_index_write slot=0 started_ns=1790163065720720000 ended_ns=1790163065720722042 elapsed_us=2 block_gets=0 block_puts=0 deleted=0
checkpoint_phase lsn=20952 phase=value_index_write slot=0 started_ns=1790163065720785000 ended_ns=1790163065720915750 elapsed_us=130 block_gets=0 block_puts=0 deleted=0
checkpoint_phase lsn=20952 phase=value_index_write slot=0 started_ns=1790163065720982000 ended_ns=1790163065721109125 elapsed_us=127 block_gets=0 block_puts=0 deleted=0
checkpoint_phase lsn=20952 phase=value_index_write slot=0 started_ns=1790163065736501000 ended_ns=1790163065736628209 elapsed_us=127 block_gets=0 block_puts=0 deleted=0
checkpoint_phase lsn=20952 phase=value_index_write slot=0 started_ns=1790163065736696000 ended_ns=1790163065736780667 elapsed_us=84 block_gets=0 block_puts=0 deleted=0
checkpoint_phase lsn=20952 phase=value_index_write slot=0 started_ns=1790163065736835000 ended_ns=1790163065736905000 elapsed_us=70 block_gets=0 block_puts=0 deleted=0
checkpoint_phase lsn=20952 phase=value_index_write slot=0 started_ns=1790163065736952000 ended_ns=1790163065759481500 elapsed_us=22529 block_gets=0 block_puts=1 deleted=0
checkpoint_phase lsn=20968 phase=value_index_schedule slot=0 started_ns=1790163065886776000 ended_ns=1790163065886781209 elapsed_us=5 block_gets=0 block_puts=0 deleted=0
checkpoint_phase lsn=20968 phase=value_index_schedule slot=0 started_ns=1790163065886859000 ended_ns=1790163065887058625 elapsed_us=199 block_gets=0 block_puts=0 deleted=0
checkpoint_phase lsn=20968 phase=value_index_write slot=0 started_ns=1790163065887836000 ended_ns=1790163065887837542 elapsed_us=1 block_gets=0 block_puts=0 deleted=0
checkpoint_phase lsn=20968 phase=value_index_write slot=0 started_ns=1790163065887887000 ended_ns=1790163065888016375 elapsed_us=129 block_gets=0 block_puts=0 deleted=0
checkpoint_phase lsn=20968 phase=value_index_write slot=0 started_ns=1790163065888098000 ended_ns=1790163065888241917 elapsed_us=143 block_gets=0 block_puts=0 deleted=0
checkpoint_phase lsn=20968 phase=value_index_write slot=0 started_ns=1790163065888526000 ended_ns=1790163065888645333 elapsed_us=119 block_gets=0 block_puts=0 deleted=0
checkpoint_phase lsn=20968 phase=value_index_write slot=0 started_ns=1790163065889298000 ended_ns=1790163065889395583 elapsed_us=97 block_gets=0 block_puts=0 deleted=0
checkpoint_phase lsn=20968 phase=value_index_write slot=0 started_ns=1790163065889474000 ended_ns=1790163065889546125 elapsed_us=72 block_gets=0 block_puts=0 deleted=0
checkpoint_phase lsn=20968 phase=value_index_write slot=0 started_ns=1790163065889763000 ended_ns=1790163065933904625 elapsed_us=44141 block_gets=0 block_puts=1 deleted=0
checkpoint_phase lsn=20968 phase=value_index_write slot=0 started_ns=1790163065934750000 ended_ns=1790163065934826583 elapsed_us=76 block_gets=0 block_puts=0 deleted=0
checkpoint_phase lsn=20968 phase=value_index_write slot=0 started_ns=1790163065934901000 ended_ns=1790163065934973959 elapsed_us=72 block_gets=0 block_puts=0 deleted=0
checkpoint_phase lsn=20968 phase=value_index_write slot=0 started_ns=1790163065935045000 ended_ns=1790163065935116500 elapsed_us=71 block_gets=0 block_puts=0 deleted=0
checkpoint_phase lsn=20968 phase=value_index_write slot=0 started_ns=1790163065935173000 ended_ns=1790163065939573416 elapsed_us=4400 block_gets=0 block_puts=1 deleted=0
checkpoint_phase lsn=20976 phase=value_index_schedule slot=0 started_ns=1790163065960418000 ended_ns=1790163065960424042 elapsed_us=6 block_gets=0 block_puts=0 deleted=0
checkpoint_phase lsn=20976 phase=value_index_schedule slot=0 started_ns=1790163065960496000 ended_ns=1790163065960696500 elapsed_us=200 block_gets=0 block_puts=0 deleted=0
checkpoint_phase lsn=20976 phase=value_index_write slot=0 started_ns=1790163065961180000 ended_ns=1790163065961181375 elapsed_us=1 block_gets=0 block_puts=0 deleted=0
checkpoint_phase lsn=20984 phase=value_index_schedule slot=0 started_ns=1790163066006309000 ended_ns=1790163066006314875 elapsed_us=5 block_gets=0 block_puts=0 deleted=0
checkpoint_phase lsn=20984 phase=value_index_schedule slot=0 started_ns=1790163066006785000 ended_ns=1790163066006993583 elapsed_us=208 block_gets=0 block_puts=0 deleted=0
checkpoint_phase lsn=20984 phase=value_index_write slot=0 started_ns=1790163066007662000 ended_ns=1790163066007663708 elapsed_us=1 block_gets=0 block_puts=0 deleted=0
checkpoint_phase lsn=20984 phase=value_index_write slot=0 started_ns=1790163066007714000 ended_ns=1790163066007877291 elapsed_us=163 block_gets=0 block_puts=0 deleted=0
checkpoint_phase lsn=20984 phase=value_index_write slot=0 started_ns=1790163066008083000 ended_ns=1790163066008262167 elapsed_us=179 block_gets=0 block_puts=0 deleted=0
checkpoint_phase lsn=20984 phase=value_index_write slot=0 started_ns=1790163066009192000 ended_ns=1790163066009405084 elapsed_us=213 block_gets=0 block_puts=0 deleted=0
checkpoint_phase lsn=20992 phase=value_index_schedule slot=0 started_ns=1790163066122768000 ended_ns=1790163066122774250 elapsed_us=6 block_gets=0 block_puts=0 deleted=0
checkpoint_phase lsn=20992 phase=value_index_schedule slot=0 started_ns=1790163066123108000 ended_ns=1790163066123319542 elapsed_us=211 block_gets=0 block_puts=0 deleted=0
checkpoint_phase lsn=21000 phase=value_index_schedule slot=0 started_ns=1790163066146812000 ended_ns=1790163066146817792 elapsed_us=5 block_gets=0 block_puts=0 deleted=0
checkpoint_phase lsn=21000 phase=value_index_schedule slot=0 started_ns=1790163066146889000 ended_ns=1790163066147097666 elapsed_us=208 block_gets=0 block_puts=0 deleted=0
checkpoint_phase lsn=21000 phase=value_index_write slot=0 started_ns=1790163066147728000 ended_ns=1790163066147729625 elapsed_us=1 block_gets=0 block_puts=0 deleted=0
checkpoint_phase lsn=21000 phase=value_index_write slot=0 started_ns=1790163066147969000 ended_ns=1790163066148094292 elapsed_us=125 block_gets=0 block_puts=0 deleted=0
checkpoint_phase lsn=21000 phase=value_index_write slot=0 started_ns=1790163066148782000 ended_ns=1790163066148903709 elapsed_us=121 block_gets=0 block_puts=0 deleted=0
checkpoint_phase lsn=21000 phase=value_index_write slot=0 started_ns=1790163066148957000 ended_ns=1790163066149081167 elapsed_us=124 block_gets=0 block_puts=0 deleted=0
checkpoint_phase lsn=21000 phase=value_index_write slot=0 started_ns=1790163066149295000 ended_ns=1790163066149392791 elapsed_us=97 block_gets=0 block_puts=0 deleted=0
checkpoint_phase lsn=21004 phase=value_index_schedule slot=0 started_ns=1790163066165689000 ended_ns=1790163066165695125 elapsed_us=6 block_gets=0 block_puts=0 deleted=0
checkpoint_phase lsn=21004 phase=value_index_schedule slot=0 started_ns=1790163066165794000 ended_ns=1790163066166004459 elapsed_us=210 block_gets=0 block_puts=0 deleted=0
checkpoint_phase lsn=21012 phase=value_index_schedule slot=0 started_ns=1790163066223381000 ended_ns=1790163066223386833 elapsed_us=5 block_gets=0 block_puts=0 deleted=0
checkpoint_phase lsn=21012 phase=value_index_schedule slot=0 started_ns=1790163066223457000 ended_ns=1790163066223665959 elapsed_us=208 block_gets=0 block_puts=0 deleted=0
checkpoint_phase lsn=21012 phase=value_index_write slot=0 started_ns=1790163066223724000 ended_ns=1790163066223725584 elapsed_us=1 block_gets=0 block_puts=0 deleted=0
checkpoint_phase lsn=21016 phase=value_index_schedule slot=0 started_ns=1790163066260953000 ended_ns=1790163066260959167 elapsed_us=6 block_gets=0 block_puts=0 deleted=0
checkpoint_phase lsn=21016 phase=value_index_schedule slot=0 started_ns=1790163066261038000 ended_ns=1790163066261265167 elapsed_us=227 block_gets=0 block_puts=0 deleted=0
checkpoint_phase lsn=21016 phase=value_index_write slot=0 started_ns=1790163066262080000 ended_ns=1790163066262081833 elapsed_us=1 block_gets=0 block_puts=0 deleted=0
checkpoint_phase lsn=21016 phase=value_index_write slot=0 started_ns=1790163066262136000 ended_ns=1790163066262266041 elapsed_us=130 block_gets=0 block_puts=0 deleted=0
checkpoint_phase lsn=21016 phase=value_index_write slot=0 started_ns=1790163066262320000 ended_ns=1790163066262442042 elapsed_us=122 block_gets=0 block_puts=0 deleted=0
checkpoint_phase lsn=21016 phase=value_index_write slot=0 started_ns=1790163066262963000 ended_ns=1790163066263084792 elapsed_us=121 block_gets=0 block_puts=0 deleted=0
checkpoint_phase lsn=21016 phase=value_index_write slot=0 started_ns=1790163066263752000 ended_ns=1790163066263852208 elapsed_us=100 block_gets=0 block_puts=0 deleted=0
checkpoint_phase lsn=21016 phase=value_index_write slot=0 started_ns=1790163066263915000 ended_ns=1790163066263992333 elapsed_us=77 block_gets=0 block_puts=0 deleted=0
checkpoint_phase lsn=21028 phase=value_index_schedule slot=0 started_ns=1790163066340569000 ended_ns=1790163066340574709 elapsed_us=5 block_gets=0 block_puts=0 deleted=0
checkpoint_phase lsn=21032 phase=value_index_schedule slot=0 started_ns=1790163066362888000 ended_ns=1790163066362892750 elapsed_us=4 block_gets=0 block_puts=0 deleted=0
checkpoint_phase lsn=21032 phase=value_index_schedule slot=0 started_ns=1790163066363601000 ended_ns=1790163066363823958 elapsed_us=222 block_gets=0 block_puts=0 deleted=0
checkpoint_phase lsn=21032 phase=value_index_write slot=0 started_ns=1790163066364022000 ended_ns=1790163066364023416 elapsed_us=1 block_gets=0 block_puts=0 deleted=0
checkpoint_phase lsn=21032 phase=value_index_write slot=0 started_ns=1790163066364510000 ended_ns=1790163066364633667 elapsed_us=123 block_gets=0 block_puts=0 deleted=0
checkpoint_phase lsn=21032 phase=value_index_write slot=0 started_ns=1790163066365259000 ended_ns=1790163066365384625 elapsed_us=125 block_gets=0 block_puts=0 deleted=0
checkpoint_phase lsn=21032 phase=value_index_write slot=0 started_ns=1790163066365436000 ended_ns=1790163066365574709 elapsed_us=138 block_gets=0 block_puts=0 deleted=0
checkpoint_phase lsn=21044 phase=value_index_schedule slot=0 started_ns=1790163066414122000 ended_ns=1790163066414127625 elapsed_us=5 block_gets=0 block_puts=0 deleted=0
checkpoint_phase lsn=21044 phase=value_index_schedule slot=0 started_ns=1790163066414208000 ended_ns=1790163066414432875 elapsed_us=224 block_gets=0 block_puts=0 deleted=0
checkpoint_phase lsn=21044 phase=value_index_write slot=0 started_ns=1790163066414993000 ended_ns=1790163066414994083 elapsed_us=1 block_gets=0 block_puts=0 deleted=0
checkpoint_phase lsn=21048 phase=value_index_schedule slot=0 started_ns=1790163066446297000 ended_ns=1790163066446302875 elapsed_us=5 block_gets=0 block_puts=0 deleted=0
checkpoint_phase lsn=21048 phase=value_index_schedule slot=0 started_ns=1790163066446554000 ended_ns=1790163066446762167 elapsed_us=208 block_gets=0 block_puts=0 deleted=0
checkpoint_phase lsn=21048 phase=value_index_write slot=0 started_ns=1790163066447457000 ended_ns=1790163066447458667 elapsed_us=1 block_gets=0 block_puts=0 deleted=0
checkpoint_phase lsn=21048 phase=value_index_write slot=0 started_ns=1790163066447508000 ended_ns=1790163066447635792 elapsed_us=127 block_gets=0 block_puts=0 deleted=0
checkpoint_phase lsn=21048 phase=value_index_write slot=0 started_ns=1790163066447698000 ended_ns=1790163066447825042 elapsed_us=127 block_gets=0 block_puts=0 deleted=0
checkpoint_phase lsn=21048 phase=value_index_write slot=0 started_ns=1790163066448099000 ended_ns=1790163066448228291 elapsed_us=129 block_gets=0 block_puts=0 deleted=0
checkpoint_phase lsn=21052 phase=value_index_schedule slot=0 started_ns=1790163066467756000 ended_ns=1790163066467761042 elapsed_us=5 block_gets=0 block_puts=0 deleted=0
checkpoint_phase lsn=21052 phase=value_index_schedule slot=0 started_ns=1790163066467834000 ended_ns=1790163066468064708 elapsed_us=230 block_gets=0 block_puts=0 deleted=0
checkpoint_phase lsn=21052 phase=value_index_write slot=0 started_ns=1790163066468560000 ended_ns=1790163066468561458 elapsed_us=1 block_gets=0 block_puts=0 deleted=0
checkpoint_phase lsn=21064 phase=value_index_schedule slot=0 started_ns=1790163066523021000 ended_ns=1790163066523027166 elapsed_us=6 block_gets=0 block_puts=0 deleted=0
checkpoint_phase lsn=21064 phase=value_index_schedule slot=0 started_ns=1790163066523490000 ended_ns=1790163066523711084 elapsed_us=221 block_gets=0 block_puts=0 deleted=0
checkpoint_phase lsn=21064 phase=value_index_write slot=0 started_ns=1790163066524363000 ended_ns=1790163066524364500 elapsed_us=1 block_gets=0 block_puts=0 deleted=0
checkpoint_phase lsn=21064 phase=value_index_write slot=0 started_ns=1790163066524417000 ended_ns=1790163066524546625 elapsed_us=129 block_gets=0 block_puts=0 deleted=0
checkpoint_phase lsn=21064 phase=value_index_write slot=0 started_ns=1790163066524598000 ended_ns=1790163066524718875 elapsed_us=120 block_gets=0 block_puts=0 deleted=0
checkpoint_phase lsn=21064 phase=value_index_write slot=0 started_ns=1790163066525394000 ended_ns=1790163066525516333 elapsed_us=122 block_gets=0 block_puts=0 deleted=0
checkpoint_phase lsn=21064 phase=value_index_write slot=0 started_ns=1790163066525576000 ended_ns=1790163066525688125 elapsed_us=112 block_gets=0 block_puts=0 deleted=0
checkpoint_phase lsn=21068 phase=value_index_schedule slot=0 started_ns=1790163066555346000 ended_ns=1790163066555351917 elapsed_us=5 block_gets=0 block_puts=0 deleted=0
checkpoint_phase lsn=21068 phase=value_index_schedule slot=0 started_ns=1790163066555412000 ended_ns=1790163066555644000 elapsed_us=232 block_gets=0 block_puts=0 deleted=0
checkpoint_phase lsn=21076 phase=value_index_schedule slot=0 started_ns=1790163066601496000 ended_ns=1790163066601502209 elapsed_us=6 block_gets=0 block_puts=0 deleted=0
checkpoint_phase lsn=21076 phase=value_index_schedule slot=0 started_ns=1790163066601578000 ended_ns=1790163066601812875 elapsed_us=234 block_gets=0 block_puts=0 deleted=0
checkpoint_phase lsn=21076 phase=value_index_write slot=0 started_ns=1790163066602298000 ended_ns=1790163066602299791 elapsed_us=1 block_gets=0 block_puts=0 deleted=0
checkpoint_phase lsn=21080 phase=value_index_schedule slot=0 started_ns=1790163066632504000 ended_ns=1790163066632509667 elapsed_us=5 block_gets=0 block_puts=0 deleted=0
checkpoint_phase lsn=21080 phase=value_index_schedule slot=0 started_ns=1790163066632575000 ended_ns=1790163066632809167 elapsed_us=234 block_gets=0 block_puts=0 deleted=0
checkpoint_phase lsn=21080 phase=value_index_write slot=0 started_ns=1790163066632860000 ended_ns=1790163066632861500 elapsed_us=1 block_gets=0 block_puts=0 deleted=0
checkpoint_phase lsn=21080 phase=value_index_write slot=0 started_ns=1790163066632904000 ended_ns=1790163066633032750 elapsed_us=128 block_gets=0 block_puts=0 deleted=0
checkpoint_phase lsn=21080 phase=value_index_write slot=0 started_ns=1790163066633086000 ended_ns=1790163066633209291 elapsed_us=123 block_gets=0 block_puts=0 deleted=0
checkpoint_phase lsn=21080 phase=value_index_write slot=0 started_ns=1790163066633478000 ended_ns=1790163066633598792 elapsed_us=120 block_gets=0 block_puts=0 deleted=0
checkpoint_phase lsn=21080 phase=value_index_write slot=0 started_ns=1790163066634280000 ended_ns=1790163066634397041 elapsed_us=117 block_gets=0 block_puts=0 deleted=0
checkpoint_phase lsn=21080 phase=value_index_write slot=0 started_ns=1790163066634461000 ended_ns=1790163066634534458 elapsed_us=73 block_gets=0 block_puts=0 deleted=0
checkpoint_phase lsn=21080 phase=value_index_write slot=0 started_ns=1790163066635148000 ended_ns=1790163066661183042 elapsed_us=26035 block_gets=0 block_puts=1 deleted=0
checkpoint_phase lsn=21088 phase=value_index_schedule slot=0 started_ns=1790163066685168000 ended_ns=1790163066685174000 elapsed_us=6 block_gets=0 block_puts=0 deleted=0
checkpoint_phase lsn=21088 phase=value_index_schedule slot=0 started_ns=1790163066685248000 ended_ns=1790163066685491292 elapsed_us=243 block_gets=0 block_puts=0 deleted=0
checkpoint_phase lsn=21096 phase=value_index_schedule slot=0 started_ns=1790163066714450000 ended_ns=1790163066714456375 elapsed_us=6 block_gets=0 block_puts=0 deleted=0
checkpoint_phase lsn=21096 phase=value_index_schedule slot=0 started_ns=1790163066714519000 ended_ns=1790163066714751709 elapsed_us=232 block_gets=0 block_puts=0 deleted=0
checkpoint_phase lsn=21096 phase=value_index_write slot=0 started_ns=1790163066715513000 ended_ns=1790163066715514833 elapsed_us=1 block_gets=0 block_puts=0 deleted=0
checkpoint_phase lsn=21096 phase=value_index_write slot=0 started_ns=1790163066715569000 ended_ns=1790163066715701500 elapsed_us=132 block_gets=0 block_puts=0 deleted=0
checkpoint_phase lsn=21096 phase=value_index_write slot=0 started_ns=1790163066716085000 ended_ns=1790163066716207041 elapsed_us=122 block_gets=0 block_puts=0 deleted=0
checkpoint_phase lsn=21096 phase=value_index_write slot=0 started_ns=1790163066716843000 ended_ns=1790163066716967209 elapsed_us=124 block_gets=0 block_puts=0 deleted=0
checkpoint_phase lsn=21096 phase=value_index_write slot=0 started_ns=1790163066717023000 ended_ns=1790163066717146417 elapsed_us=123 block_gets=0 block_puts=0 deleted=0
checkpoint_phase lsn=21100 phase=value_index_schedule slot=0 started_ns=1790163066756307000 ended_ns=1790163066756312875 elapsed_us=5 block_gets=0 block_puts=0 deleted=0
checkpoint_phase lsn=21100 phase=value_index_schedule slot=0 started_ns=1790163066756379000 ended_ns=1790163066756616000 elapsed_us=237 block_gets=0 block_puts=0 deleted=0
checkpoint_phase lsn=21108 phase=value_index_schedule slot=0 started_ns=1790163066801864000 ended_ns=1790163066801870458 elapsed_us=6 block_gets=0 block_puts=0 deleted=0
checkpoint_phase lsn=21112 phase=value_index_schedule slot=0 started_ns=1790163066813039000 ended_ns=1790163066813044083 elapsed_us=5 block_gets=0 block_puts=0 deleted=0
checkpoint_phase lsn=21112 phase=value_index_schedule slot=0 started_ns=1790163066813596000 ended_ns=1790163066813844584 elapsed_us=248 block_gets=0 block_puts=0 deleted=0
checkpoint_phase lsn=21112 phase=value_index_write slot=0 started_ns=1790163066814524000 ended_ns=1790163066814525500 elapsed_us=1 block_gets=0 block_puts=0 deleted=0
checkpoint_phase lsn=21112 phase=value_index_write slot=0 started_ns=1790163066814580000 ended_ns=1790163066814709625 elapsed_us=129 block_gets=0 block_puts=0 deleted=0
checkpoint_phase lsn=21112 phase=value_index_write slot=0 started_ns=1790163066814764000 ended_ns=1790163066814886125 elapsed_us=122 block_gets=0 block_puts=0 deleted=0
checkpoint_phase lsn=21112 phase=value_index_write slot=0 started_ns=1790163066815418000 ended_ns=1790163066815539125 elapsed_us=121 block_gets=0 block_puts=0 deleted=0
checkpoint_phase lsn=21120 phase=value_index_schedule slot=0 started_ns=1790163066844359000 ended_ns=1790163066844364792 elapsed_us=5 block_gets=0 block_puts=0 deleted=0
checkpoint_phase lsn=21120 phase=value_index_schedule slot=0 started_ns=1790163066844690000 ended_ns=1790163066844935458 elapsed_us=245 block_gets=0 block_puts=0 deleted=0
checkpoint_phase lsn=21128 phase=value_index_schedule slot=0 started_ns=1790163066870903000 ended_ns=1790163066870908625 elapsed_us=5 block_gets=0 block_puts=0 deleted=0
checkpoint_phase lsn=21128 phase=value_index_schedule slot=0 started_ns=1790163066870974000 ended_ns=1790163066871213459 elapsed_us=239 block_gets=0 block_puts=0 deleted=0
checkpoint_phase lsn=21128 phase=value_index_write slot=0 started_ns=1790163066872010000 ended_ns=1790163066872011583 elapsed_us=1 block_gets=0 block_puts=0 deleted=0
checkpoint_phase lsn=21128 phase=value_index_write slot=0 started_ns=1790163066872065000 ended_ns=1790163066872194459 elapsed_us=129 block_gets=0 block_puts=0 deleted=0
checkpoint_phase lsn=21128 phase=value_index_write slot=0 started_ns=1790163066872263000 ended_ns=1790163066872389750 elapsed_us=126 block_gets=0 block_puts=0 deleted=0
checkpoint_phase lsn=21128 phase=value_index_write slot=0 started_ns=1790163066873181000 ended_ns=1790163066873301417 elapsed_us=120 block_gets=0 block_puts=0 deleted=0
checkpoint_phase lsn=21128 phase=value_index_write slot=0 started_ns=1790163066873361000 ended_ns=1790163066873482875 elapsed_us=121 block_gets=0 block_puts=0 deleted=0
checkpoint_phase lsn=21132 phase=value_index_schedule slot=0 started_ns=1790163066903182000 ended_ns=1790163066903187792 elapsed_us=5 block_gets=0 block_puts=0 deleted=0
checkpoint_phase lsn=21132 phase=value_index_schedule slot=0 started_ns=1790163066903264000 ended_ns=1790163066903506875 elapsed_us=242 block_gets=0 block_puts=0 deleted=0
checkpoint_phase lsn=21136 phase=value_index_schedule slot=0 started_ns=1790163066943781000 ended_ns=1790163066943785875 elapsed_us=4 block_gets=0 block_puts=0 deleted=0
checkpoint_phase lsn=21144 phase=value_index_schedule slot=0 started_ns=1790163066969095000 ended_ns=1790163066969101125 elapsed_us=6 block_gets=0 block_puts=0 deleted=0
checkpoint_phase lsn=21144 phase=value_index_schedule slot=0 started_ns=1790163066969806000 ended_ns=1790163066970054666 elapsed_us=248 block_gets=0 block_puts=0 deleted=0
checkpoint_phase lsn=21144 phase=value_index_write slot=0 started_ns=1790163066970808000 ended_ns=1790163066970809917 elapsed_us=1 block_gets=0 block_puts=0 deleted=0
checkpoint_phase lsn=21144 phase=value_index_write slot=0 started_ns=1790163066970870000 ended_ns=1790163066970995917 elapsed_us=125 block_gets=0 block_puts=0 deleted=0
checkpoint_phase lsn=21144 phase=value_index_write slot=0 started_ns=1790163066971058000 ended_ns=1790163066971177542 elapsed_us=119 block_gets=0 block_puts=0 deleted=0
checkpoint_phase lsn=21144 phase=value_index_write slot=0 started_ns=1790163066971241000 ended_ns=1790163066971368250 elapsed_us=127 block_gets=0 block_puts=0 deleted=0
checkpoint_phase lsn=21148 phase=value_index_schedule slot=0 started_ns=1790163066985714000 ended_ns=1790163066985719708 elapsed_us=5 block_gets=0 block_puts=0 deleted=0
checkpoint_phase lsn=21148 phase=value_index_schedule slot=0 started_ns=1790163066985789000 ended_ns=1790163066986039625 elapsed_us=250 block_gets=0 block_puts=0 deleted=0
checkpoint_phase lsn=21148 phase=value_index_write slot=0 started_ns=1790163066986537000 ended_ns=1790163066986538750 elapsed_us=1 block_gets=0 block_puts=0 deleted=0
checkpoint_phase lsn=21156 phase=value_index_schedule slot=0 started_ns=1790163067067056000 ended_ns=1790163067067062333 elapsed_us=6 block_gets=0 block_puts=0 deleted=0
checkpoint_phase lsn=21156 phase=value_index_schedule slot=0 started_ns=1790163067067545000 ended_ns=1790163067067794833 elapsed_us=249 block_gets=0 block_puts=0 deleted=0
checkpoint_phase lsn=21160 phase=value_index_schedule slot=0 started_ns=1790163067105837000 ended_ns=1790163067105843042 elapsed_us=6 block_gets=0 block_puts=0 deleted=0
checkpoint_phase lsn=21160 phase=value_index_schedule slot=0 started_ns=1790163067105918000 ended_ns=1790163067106207708 elapsed_us=289 block_gets=0 block_puts=0 deleted=0
checkpoint_phase lsn=21160 phase=value_index_write slot=0 started_ns=1790163067107221000 ended_ns=1790163067107223042 elapsed_us=2 block_gets=0 block_puts=0 deleted=0
checkpoint_phase lsn=21160 phase=value_index_write slot=0 started_ns=1790163067107323000 ended_ns=1790163067107454542 elapsed_us=131 block_gets=0 block_puts=0 deleted=0
checkpoint_phase lsn=21160 phase=value_index_write slot=0 started_ns=1790163067107602000 ended_ns=1790163067107904875 elapsed_us=302 block_gets=0 block_puts=0 deleted=0
checkpoint_phase lsn=21160 phase=value_index_write slot=0 started_ns=1790163067107967000 ended_ns=1790163067108090250 elapsed_us=123 block_gets=0 block_puts=0 deleted=0
checkpoint_phase lsn=21160 phase=value_index_write slot=0 started_ns=1790163067108158000 ended_ns=1790163067108282084 elapsed_us=124 block_gets=0 block_puts=0 deleted=0
checkpoint_phase lsn=21160 phase=value_index_write slot=0 started_ns=1790163067108483000 ended_ns=1790163067108605125 elapsed_us=122 block_gets=0 block_puts=0 deleted=0
checkpoint_phase lsn=21160 phase=value_index_write slot=0 started_ns=1790163067108662000 ended_ns=1790163067124797500 elapsed_us=16135 block_gets=0 block_puts=1 deleted=0
checkpoint_phase lsn=21164 phase=value_index_schedule slot=0 started_ns=1790163067181430000 ended_ns=1790163067181435750 elapsed_us=5 block_gets=0 block_puts=0 deleted=0
checkpoint_phase lsn=21164 phase=value_index_schedule slot=0 started_ns=1790163067181514000 ended_ns=1790163067181769292 elapsed_us=255 block_gets=0 block_puts=0 deleted=0
checkpoint_phase lsn=21168 phase=value_index_schedule slot=0 started_ns=1790163067213851000 ended_ns=1790163067213857500 elapsed_us=6 block_gets=0 block_puts=0 deleted=0
checkpoint_phase lsn=21168 phase=value_index_schedule slot=0 started_ns=1790163067213917000 ended_ns=1790163067214205375 elapsed_us=288 block_gets=0 block_puts=0 deleted=0
checkpoint_phase lsn=21172 phase=value_index_schedule slot=0 started_ns=1790163067236079000 ended_ns=1790163067236085208 elapsed_us=6 block_gets=0 block_puts=0 deleted=0
checkpoint_phase lsn=21172 phase=value_index_schedule slot=0 started_ns=1790163067236166000 ended_ns=1790163067236432750 elapsed_us=266 block_gets=0 block_puts=0 deleted=0
checkpoint_phase lsn=21172 phase=value_index_write slot=0 started_ns=1790163067236939000 ended_ns=1790163067236940583 elapsed_us=1 block_gets=0 block_puts=0 deleted=0
checkpoint_phase lsn=21176 phase=value_index_schedule slot=0 started_ns=1790163067255568000 ended_ns=1790163067255573167 elapsed_us=5 block_gets=0 block_puts=0 deleted=0
checkpoint_phase lsn=21176 phase=value_index_schedule slot=0 started_ns=1790163067255966000 ended_ns=1790163067256227792 elapsed_us=261 block_gets=0 block_puts=0 deleted=0
checkpoint_phase lsn=21180 phase=value_index_schedule slot=0 started_ns=1790163067270651000 ended_ns=1790163067270656708 elapsed_us=5 block_gets=0 block_puts=0 deleted=0
checkpoint_phase lsn=21180 phase=value_index_schedule slot=0 started_ns=1790163067270729000 ended_ns=1790163067271004541 elapsed_us=275 block_gets=0 block_puts=0 deleted=0
checkpoint_phase lsn=21180 phase=value_index_write slot=0 started_ns=1790163067271337000 ended_ns=1790163067271338250 elapsed_us=1 block_gets=0 block_puts=0 deleted=0
checkpoint_phase lsn=21184 phase=value_index_schedule slot=0 started_ns=1790163067280697000 ended_ns=1790163067280702333 elapsed_us=5 block_gets=0 block_puts=0 deleted=0
checkpoint_phase lsn=21188 phase=value_index_schedule slot=0 started_ns=1790163067323426000 ended_ns=1790163067323430500 elapsed_us=4 block_gets=0 block_puts=0 deleted=0
checkpoint_phase lsn=21192 phase=value_index_schedule slot=0 started_ns=1790163067383582000 ended_ns=1790163067383586834 elapsed_us=4 block_gets=0 block_puts=0 deleted=0
checkpoint_phase lsn=21192 phase=value_index_schedule slot=0 started_ns=1790163067384145000 ended_ns=1790163067384404667 elapsed_us=259 block_gets=0 block_puts=0 deleted=0
checkpoint_phase lsn=21196 phase=value_index_schedule slot=0 started_ns=1790163067408233000 ended_ns=1790163067408238709 elapsed_us=5 block_gets=0 block_puts=0 deleted=0
checkpoint_phase lsn=21196 phase=value_index_schedule slot=0 started_ns=1790163067408311000 ended_ns=1790163067408588750 elapsed_us=277 block_gets=0 block_puts=0 deleted=0
checkpoint_phase lsn=21200 phase=value_index_schedule slot=0 started_ns=1790163067418556000 ended_ns=1790163067418561333 elapsed_us=5 block_gets=0 block_puts=0 deleted=0
checkpoint_phase lsn=21200 phase=value_index_schedule slot=0 started_ns=1790163067418634000 ended_ns=1790163067418903417 elapsed_us=269 block_gets=0 block_puts=0 deleted=0
checkpoint_phase lsn=21200 phase=value_index_write slot=0 started_ns=1790163067419385000 ended_ns=1790163067419386708 elapsed_us=1 block_gets=0 block_puts=0 deleted=0
checkpoint_phase lsn=21204 phase=value_index_schedule slot=0 started_ns=1790163067452642000 ended_ns=1790163067452646500 elapsed_us=4 block_gets=0 block_puts=0 deleted=0
checkpoint_phase lsn=21208 phase=value_index_schedule slot=0 started_ns=1790163067485879000 ended_ns=1790163067485883583 elapsed_us=4 block_gets=0 block_puts=0 deleted=0
checkpoint_phase lsn=21208 phase=value_index_schedule slot=0 started_ns=1790163067486241000 ended_ns=1790163067486496083 elapsed_us=255 block_gets=0 block_puts=0 deleted=0
checkpoint_phase lsn=21212 phase=value_index_schedule slot=0 started_ns=1790163067520914000 ended_ns=1790163067520919708 elapsed_us=5 block_gets=0 block_puts=0 deleted=0
checkpoint_phase lsn=21212 phase=value_index_schedule slot=0 started_ns=1790163067520986000 ended_ns=1790163067521263792 elapsed_us=277 block_gets=0 block_puts=0 deleted=0
checkpoint_phase lsn=21212 phase=value_index_write slot=0 started_ns=1790163067521319000 ended_ns=1790163067521320208 elapsed_us=1 block_gets=0 block_puts=0 deleted=0
checkpoint_phase lsn=21212 phase=value_index_write slot=0 started_ns=1790163067521379000 ended_ns=1790163067521511458 elapsed_us=132 block_gets=0 block_puts=0 deleted=0
checkpoint_phase lsn=21212 phase=value_index_write slot=0 started_ns=1790163067522166000 ended_ns=1790163067522288500 elapsed_us=122 block_gets=0 block_puts=0 deleted=0
checkpoint_phase lsn=21220 phase=value_index_schedule slot=0 started_ns=1790163067547055000 ended_ns=1790163067547066791 elapsed_us=11 block_gets=0 block_puts=0 deleted=0
checkpoint_phase lsn=21224 phase=value_index_schedule slot=0 started_ns=1790163067563920000 ended_ns=1790163067563925500 elapsed_us=5 block_gets=0 block_puts=0 deleted=0
checkpoint_phase lsn=21224 phase=value_index_schedule slot=0 started_ns=1790163067564320000 ended_ns=1790163067564596833 elapsed_us=276 block_gets=0 block_puts=0 deleted=0
checkpoint_phase lsn=21224 phase=value_index_write slot=0 started_ns=1790163067565290000 ended_ns=1790163067565292000 elapsed_us=2 block_gets=0 block_puts=0 deleted=0
checkpoint_phase lsn=21224 phase=value_index_write slot=0 started_ns=1790163067565350000 ended_ns=1790163067565481083 elapsed_us=131 block_gets=0 block_puts=0 deleted=0
checkpoint_phase lsn=21224 phase=value_index_write slot=0 started_ns=1790163067565552000 ended_ns=1790163067565674584 elapsed_us=122 block_gets=0 block_puts=0 deleted=0
checkpoint_phase lsn=21228 phase=value_index_schedule slot=0 started_ns=1790163067606555000 ended_ns=1790163067606560500 elapsed_us=5 block_gets=0 block_puts=0 deleted=0
checkpoint_phase lsn=21228 phase=value_index_schedule slot=0 started_ns=1790163067606651000 ended_ns=1790163067606924250 elapsed_us=273 block_gets=0 block_puts=0 deleted=0
checkpoint_phase lsn=21232 phase=value_index_schedule slot=0 started_ns=1790163067627377000 ended_ns=1790163067627383166 elapsed_us=6 block_gets=0 block_puts=0 deleted=0
checkpoint_phase lsn=21232 phase=value_index_schedule slot=0 started_ns=1790163067627457000 ended_ns=1790163067627733584 elapsed_us=276 block_gets=0 block_puts=0 deleted=0
checkpoint_phase lsn=21240 phase=value_index_schedule slot=0 started_ns=1790163067660259000 ended_ns=1790163067660265250 elapsed_us=6 block_gets=0 block_puts=0 deleted=0
checkpoint_phase lsn=21240 phase=value_index_schedule slot=0 started_ns=1790163067660336000 ended_ns=1790163067660626250 elapsed_us=290 block_gets=0 block_puts=0 deleted=0
checkpoint_phase lsn=21240 phase=value_index_write slot=0 started_ns=1790163067661627000 ended_ns=1790163067661629042 elapsed_us=2 block_gets=0 block_puts=0 deleted=0
checkpoint_phase lsn=21240 phase=value_index_write slot=0 started_ns=1790163067663829000 ended_ns=1790163067663959334 elapsed_us=130 block_gets=0 block_puts=0 deleted=0
checkpoint_phase lsn=21240 phase=value_index_write slot=0 started_ns=1790163067664017000 ended_ns=1790163067664138333 elapsed_us=121 block_gets=0 block_puts=0 deleted=0
checkpoint_phase lsn=21240 phase=value_index_write slot=0 started_ns=1790163067664386000 ended_ns=1790163067664508500 elapsed_us=122 block_gets=0 block_puts=0 deleted=0
checkpoint_phase lsn=21244 phase=value_index_schedule slot=0 started_ns=1790163067718838000 ended_ns=1790163067718844041 elapsed_us=6 block_gets=0 block_puts=0 deleted=0
checkpoint_phase lsn=21244 phase=value_index_schedule slot=0 started_ns=1790163067718910000 ended_ns=1790163067719179084 elapsed_us=269 block_gets=0 block_puts=0 deleted=0
checkpoint_phase lsn=21252 phase=value_index_schedule slot=0 started_ns=1790163067789157000 ended_ns=1790163067789171833 elapsed_us=14 block_gets=0 block_puts=0 deleted=0
checkpoint_phase lsn=21252 phase=value_index_schedule slot=0 started_ns=1790163067789254000 ended_ns=1790163067789530250 elapsed_us=276 block_gets=0 block_puts=0 deleted=0
checkpoint_phase lsn=21252 phase=value_index_write slot=0 started_ns=1790163067789597000 ended_ns=1790163067789598958 elapsed_us=1 block_gets=0 block_puts=0 deleted=0
checkpoint_phase lsn=21252 phase=value_index_write slot=0 started_ns=1790163067789644000 ended_ns=1790163067789770833 elapsed_us=126 block_gets=0 block_puts=0 deleted=0
checkpoint_phase lsn=21252 phase=value_index_write slot=0 started_ns=1790163067789817000 ended_ns=1790163067789940709 elapsed_us=123 block_gets=0 block_puts=0 deleted=0
checkpoint_phase lsn=21252 phase=value_index_write slot=0 started_ns=1790163067789987000 ended_ns=1790163067790109291 elapsed_us=122 block_gets=0 block_puts=0 deleted=0
checkpoint_phase lsn=21252 phase=value_index_write slot=0 started_ns=1790163067790169000 ended_ns=1790163067790299125 elapsed_us=130 block_gets=0 block_puts=0 deleted=0
checkpoint_phase lsn=21252 phase=value_index_write slot=0 started_ns=1790163067790361000 ended_ns=1790163067790473500 elapsed_us=112 block_gets=0 block_puts=0 deleted=0
checkpoint_phase lsn=21256 phase=value_index_schedule slot=0 started_ns=1790163067817349000 ended_ns=1790163067817354375 elapsed_us=5 block_gets=0 block_puts=0 deleted=0
checkpoint_phase lsn=21256 phase=value_index_schedule slot=0 started_ns=1790163067817426000 ended_ns=1790163067817730208 elapsed_us=304 block_gets=0 block_puts=0 deleted=0
checkpoint_phase lsn=21256 phase=value_index_write slot=0 started_ns=1790163067818564000 ended_ns=1790163067818565833 elapsed_us=1 block_gets=0 block_puts=0 deleted=0
checkpoint_phase lsn=21256 phase=value_index_write slot=0 started_ns=1790163067818628000 ended_ns=1790163067818755791 elapsed_us=127 block_gets=0 block_puts=0 deleted=0
checkpoint_phase lsn=21256 phase=value_index_write slot=0 started_ns=1790163067818814000 ended_ns=1790163067818935667 elapsed_us=121 block_gets=0 block_puts=0 deleted=0
checkpoint_phase lsn=21256 phase=value_index_write slot=0 started_ns=1790163067819657000 ended_ns=1790163067819776958 elapsed_us=119 block_gets=0 block_puts=0 deleted=0
checkpoint_phase lsn=21256 phase=value_index_write slot=0 started_ns=1790163067819829000 ended_ns=1790163067819948583 elapsed_us=119 block_gets=0 block_puts=0 deleted=0
checkpoint_phase lsn=21256 phase=value_index_write slot=0 started_ns=1790163067820453000 ended_ns=1790163067820567458 elapsed_us=114 block_gets=0 block_puts=0 deleted=0
checkpoint_phase lsn=21268 phase=value_index_schedule slot=0 started_ns=1790163067848453000 ended_ns=1790163067848459000 elapsed_us=6 block_gets=0 block_puts=0 deleted=0
checkpoint_phase lsn=21268 phase=value_index_schedule slot=0 started_ns=1790163067848781000 ended_ns=1790163067849067667 elapsed_us=286 block_gets=0 block_puts=0 deleted=0
checkpoint_phase lsn=21272 phase=value_index_schedule slot=0 started_ns=1790163067896180000 ended_ns=1790163067896185625 elapsed_us=5 block_gets=0 block_puts=0 deleted=0
checkpoint_phase lsn=21272 phase=value_index_schedule slot=0 started_ns=1790163067896287000 ended_ns=1790163067896563750 elapsed_us=276 block_gets=0 block_puts=0 deleted=0
checkpoint_phase lsn=21272 phase=value_index_write slot=0 started_ns=1790163067896620000 ended_ns=1790163067896621500 elapsed_us=1 block_gets=0 block_puts=0 deleted=0
checkpoint_phase lsn=21272 phase=value_index_write slot=0 started_ns=1790163067896667000 ended_ns=1790163067896796541 elapsed_us=129 block_gets=0 block_puts=0 deleted=0
checkpoint_phase lsn=21272 phase=value_index_write slot=0 started_ns=1790163067896851000 ended_ns=1790163067896975667 elapsed_us=124 block_gets=0 block_puts=0 deleted=0
checkpoint_phase lsn=21272 phase=value_index_write slot=0 started_ns=1790163067897045000 ended_ns=1790163067897185791 elapsed_us=140 block_gets=0 block_puts=0 deleted=0
checkpoint_phase lsn=21272 phase=value_index_write slot=0 started_ns=1790163067897958000 ended_ns=1790163067898095042 elapsed_us=137 block_gets=0 block_puts=0 deleted=0
checkpoint_phase lsn=21272 phase=value_index_write slot=0 started_ns=1790163067898153000 ended_ns=1790163067898282792 elapsed_us=129 block_gets=0 block_puts=0 deleted=0
checkpoint_phase lsn=21272 phase=value_index_write slot=0 started_ns=1790163067898618000 ended_ns=1790163068017336708 elapsed_us=118718 block_gets=0 block_puts=1 deleted=0
checkpoint_phase lsn=21272 phase=value_index_write slot=0 started_ns=1790163068018173000 ended_ns=1790163068018243708 elapsed_us=70 block_gets=0 block_puts=0 deleted=0
checkpoint_phase lsn=21272 phase=value_index_write slot=0 started_ns=1790163068018311000 ended_ns=1790163068018386416 elapsed_us=75 block_gets=0 block_puts=0 deleted=0
checkpoint_phase lsn=21272 phase=value_index_write slot=0 started_ns=1790163068018449000 ended_ns=1790163068018518833 elapsed_us=69 block_gets=0 block_puts=0 deleted=0
checkpoint_phase lsn=21272 phase=value_index_write slot=0 started_ns=1790163068018571000 ended_ns=1790163068023216167 elapsed_us=4645 block_gets=0 block_puts=1 deleted=0
checkpoint_phase lsn=21280 phase=value_index_schedule slot=0 started_ns=1790163068062338000 ended_ns=1790163068062349792 elapsed_us=11 block_gets=0 block_puts=0 deleted=0
checkpoint_phase lsn=21280 phase=value_index_schedule slot=0 started_ns=1790163068062515000 ended_ns=1790163068063128583 elapsed_us=613 block_gets=0 block_puts=0 deleted=0
checkpoint_phase lsn=21280 phase=value_index_write slot=0 started_ns=1790163068063724000 ended_ns=1790163068063726208 elapsed_us=2 block_gets=0 block_puts=0 deleted=0
checkpoint_phase lsn=21288 phase=value_index_schedule slot=0 started_ns=1790163068097915000 ended_ns=1790163068097920583 elapsed_us=5 block_gets=0 block_puts=0 deleted=0
checkpoint_phase lsn=21288 phase=value_index_schedule slot=0 started_ns=1790163068098443000 ended_ns=1790163068098731625 elapsed_us=288 block_gets=0 block_puts=0 deleted=0
checkpoint_phase lsn=21288 phase=value_index_write slot=0 started_ns=1790163068098939000 ended_ns=1790163068098940792 elapsed_us=1 block_gets=0 block_puts=0 deleted=0
checkpoint_phase lsn=21288 phase=value_index_write slot=0 started_ns=1790163068099000000 ended_ns=1790163068099129792 elapsed_us=129 block_gets=0 block_puts=0 deleted=0
checkpoint_phase lsn=21288 phase=value_index_write slot=0 started_ns=1790163068099199000 ended_ns=1790163068099321792 elapsed_us=122 block_gets=0 block_puts=0 deleted=0
checkpoint_phase lsn=21288 phase=value_index_write slot=0 started_ns=1790163068099374000 ended_ns=1790163068099495250 elapsed_us=121 block_gets=0 block_puts=0 deleted=0
checkpoint_phase lsn=21288 phase=value_index_write slot=0 started_ns=1790163068099550000 ended_ns=1790163068099673750 elapsed_us=123 block_gets=0 block_puts=0 deleted=0
checkpoint_phase lsn=21288 phase=value_index_write slot=0 started_ns=1790163068099730000 ended_ns=1790163068099850833 elapsed_us=120 block_gets=0 block_puts=0 deleted=0
checkpoint_phase lsn=21288 phase=value_index_write slot=0 started_ns=1790163068100640000 ended_ns=1790163068139421333 elapsed_us=38781 block_gets=0 block_puts=1 deleted=0
checkpoint_phase lsn=21292 phase=value_index_schedule slot=0 started_ns=1790163068158074000 ended_ns=1790163068158079542 elapsed_us=5 block_gets=0 block_puts=0 deleted=0
checkpoint_phase lsn=21292 phase=value_index_schedule slot=0 started_ns=1790163068158185000 ended_ns=1790163068158483917 elapsed_us=298 block_gets=0 block_puts=0 deleted=0
checkpoint_phase lsn=21296 phase=value_index_schedule slot=0 started_ns=1790163068174421000 ended_ns=1790163068174426542 elapsed_us=5 block_gets=0 block_puts=0 deleted=0
checkpoint_phase lsn=21296 phase=value_index_schedule slot=0 started_ns=1790163068174495000 ended_ns=1790163068174810208 elapsed_us=315 block_gets=0 block_puts=0 deleted=0
checkpoint_phase lsn=21296 phase=value_index_write slot=0 started_ns=1790163068174874000 ended_ns=1790163068174875792 elapsed_us=1 block_gets=0 block_puts=0 deleted=0
checkpoint_phase lsn=21296 phase=value_index_write slot=0 started_ns=1790163068174942000 ended_ns=1790163068175072625 elapsed_us=130 block_gets=0 block_puts=0 deleted=0
checkpoint_phase lsn=21296 phase=value_index_write slot=0 started_ns=1790163068175408000 ended_ns=1790163068175530791 elapsed_us=122 block_gets=0 block_puts=0 deleted=0
checkpoint_phase lsn=21304 phase=value_index_schedule slot=0 started_ns=1790163068214205000 ended_ns=1790163068214211042 elapsed_us=6 block_gets=0 block_puts=0 deleted=0
checkpoint_phase lsn=21304 phase=value_index_schedule slot=0 started_ns=1790163068214281000 ended_ns=1790163068214632750 elapsed_us=351 block_gets=0 block_puts=0 deleted=0
checkpoint_phase lsn=21304 phase=value_index_write slot=0 started_ns=1790163068215533000 ended_ns=1790163068215534875 elapsed_us=1 block_gets=0 block_puts=0 deleted=0
checkpoint_phase lsn=21304 phase=value_index_write slot=0 started_ns=1790163068215598000 ended_ns=1790163068215727709 elapsed_us=129 block_gets=0 block_puts=0 deleted=0
checkpoint_phase lsn=21304 phase=value_index_write slot=0 started_ns=1790163068215994000 ended_ns=1790163068216116541 elapsed_us=122 block_gets=0 block_puts=0 deleted=0
checkpoint_phase lsn=21308 phase=value_index_schedule slot=0 started_ns=1790163068250458000 ended_ns=1790163068250463875 elapsed_us=5 block_gets=0 block_puts=0 deleted=0
checkpoint_phase lsn=21308 phase=value_index_schedule slot=0 started_ns=1790163068250540000 ended_ns=1790163068250844042 elapsed_us=304 block_gets=0 block_puts=0 deleted=0
checkpoint_phase lsn=21312 phase=value_index_schedule slot=0 started_ns=1790163068301317000 ended_ns=1790163068301323542 elapsed_us=6 block_gets=0 block_puts=0 deleted=0
checkpoint_phase lsn=21312 phase=value_index_schedule slot=0 started_ns=1790163068301391000 ended_ns=1790163068301697042 elapsed_us=306 block_gets=0 block_puts=0 deleted=0
checkpoint_phase lsn=21312 phase=value_index_write slot=0 started_ns=1790163068301770000 ended_ns=1790163068301771333 elapsed_us=1 block_gets=0 block_puts=0 deleted=0
checkpoint_phase lsn=21312 phase=value_index_write slot=0 started_ns=1790163068301834000 ended_ns=1790163068301963334 elapsed_us=129 block_gets=0 block_puts=0 deleted=0
checkpoint_phase lsn=21312 phase=value_index_write slot=0 started_ns=1790163068302019000 ended_ns=1790163068302139250 elapsed_us=120 block_gets=0 block_puts=0 deleted=0
checkpoint_phase lsn=21312 phase=value_index_write slot=0 started_ns=1790163068302193000 ended_ns=1790163068302335833 elapsed_us=142 block_gets=0 block_puts=0 deleted=0
checkpoint_phase lsn=21312 phase=value_index_write slot=0 started_ns=1790163068302400000 ended_ns=1790163068302524917 elapsed_us=124 block_gets=0 block_puts=0 deleted=0
checkpoint_phase lsn=21312 phase=value_index_write slot=0 started_ns=1790163068302584000 ended_ns=1790163068302756041 elapsed_us=172 block_gets=0 block_puts=0 deleted=0
checkpoint_phase lsn=21312 phase=value_index_write slot=0 started_ns=1790163068302812000 ended_ns=1790163068316021792 elapsed_us=13209 block_gets=0 block_puts=1 deleted=0
checkpoint_phase lsn=21312 phase=value_index_write slot=0 started_ns=1790163068316148000 ended_ns=1790163068316219792 elapsed_us=71 block_gets=0 block_puts=0 deleted=0
checkpoint_phase lsn=21312 phase=value_index_write slot=0 started_ns=1790163068316317000 ended_ns=1790163068316387167 elapsed_us=70 block_gets=0 block_puts=0 deleted=0
checkpoint_phase lsn=21312 phase=value_index_write slot=0 started_ns=1790163068316606000 ended_ns=1790163068316677959 elapsed_us=71 block_gets=0 block_puts=0 deleted=0
checkpoint_phase lsn=21312 phase=value_index_write slot=0 started_ns=1790163068316724000 ended_ns=1790163068337887833 elapsed_us=21163 block_gets=0 block_puts=2 deleted=0
checkpoint_phase lsn=21312 phase=value_index_schedule slot=0 started_ns=1790163068337974000 ended_ns=1790163068338010542 elapsed_us=36 block_gets=0 block_puts=0 deleted=0
checkpoint_phase lsn=21312 phase=value_index_schedule slot=0 started_ns=1790163068338089000 ended_ns=1790163068338657667 elapsed_us=568 block_gets=0 block_puts=0 deleted=0
checkpoint_phase lsn=21312 phase=value_index_write slot=0 started_ns=1790163068338718000 ended_ns=1790163068351455666 elapsed_us=12737 block_gets=0 block_puts=3 deleted=0
checkpoint_phase lsn=21312 phase=value_index_write slot=0 started_ns=1790163068351536000 ended_ns=1790163068392225333 elapsed_us=40689 block_gets=0 block_puts=4 deleted=0
checkpoint_phase lsn=21312 phase=value_index_write slot=0 started_ns=1790163068392309000 ended_ns=1790163068427793666 elapsed_us=35484 block_gets=0 block_puts=4 deleted=0
checkpoint_phase lsn=21312 phase=value_index_write slot=0 started_ns=1790163068427916000 ended_ns=1790163068455588667 elapsed_us=27672 block_gets=0 block_puts=4 deleted=0
checkpoint_phase lsn=21312 phase=value_index_write slot=0 started_ns=1790163068455648000 ended_ns=1790163068478126125 elapsed_us=22478 block_gets=0 block_puts=4 deleted=0
checkpoint_phase lsn=21312 phase=value_index_write slot=0 started_ns=1790163068478150000 ended_ns=1790163068492619708 elapsed_us=14469 block_gets=0 block_puts=2 deleted=0
checkpoint_phase lsn=21312 phase=value_index_write slot=0 started_ns=1790163068492645000 ended_ns=1790163068493403541 elapsed_us=758 block_gets=0 block_puts=0 deleted=0
checkpoint_phase lsn=21312 phase=value_index_write slot=0 started_ns=1790163068493418000 ended_ns=1790163068494311791 elapsed_us=893 block_gets=0 block_puts=0 deleted=0
checkpoint_phase lsn=21312 phase=value_index_write slot=0 started_ns=1790163068494336000 ended_ns=1790163068504499167 elapsed_us=10163 block_gets=0 block_puts=1 deleted=0
checkpoint_phase lsn=21312 phase=value_index_write slot=0 started_ns=1790163068504519000 ended_ns=1790163068505213625 elapsed_us=694 block_gets=0 block_puts=0 deleted=0
checkpoint_phase lsn=21312 phase=value_index_write slot=0 started_ns=1790163068505222000 ended_ns=1790163068508920167 elapsed_us=3698 block_gets=0 block_puts=1 deleted=0
checkpoint_phase lsn=21312 phase=value_index_schedule slot=0 started_ns=1790163068508936000 ended_ns=1790163068508968542 elapsed_us=32 block_gets=0 block_puts=0 deleted=0
checkpoint_phase lsn=21312 phase=value_index_schedule slot=0 started_ns=1790163068508974000 ended_ns=1790163068509553166 elapsed_us=579 block_gets=0 block_puts=0 deleted=0
checkpoint_phase lsn=21312 phase=value_index_write slot=0 started_ns=1790163068509567000 ended_ns=1790163068518962625 elapsed_us=9395 block_gets=0 block_puts=3 deleted=0
checkpoint_phase lsn=21312 phase=value_index_write slot=0 started_ns=1790163068518978000 ended_ns=1790163068534051375 elapsed_us=15073 block_gets=0 block_puts=4 deleted=0
checkpoint_phase lsn=21312 phase=value_index_write slot=0 started_ns=1790163068534073000 ended_ns=1790163068551668375 elapsed_us=17595 block_gets=0 block_puts=4 deleted=0
checkpoint_phase lsn=21312 phase=value_index_write slot=0 started_ns=1790163068551691000 ended_ns=1790163068575551875 elapsed_us=23860 block_gets=0 block_puts=4 deleted=0
checkpoint_phase lsn=21312 phase=value_index_write slot=0 started_ns=1790163068575569000 ended_ns=1790163068604935875 elapsed_us=29366 block_gets=0 block_puts=4 deleted=0
checkpoint_phase lsn=21312 phase=value_index_write slot=0 started_ns=1790163068604958000 ended_ns=1790163068622646583 elapsed_us=17688 block_gets=0 block_puts=3 deleted=0
checkpoint_phase lsn=21312 phase=value_index_write slot=0 started_ns=1790163068622666000 ended_ns=1790163068623400250 elapsed_us=734 block_gets=0 block_puts=0 deleted=0
checkpoint_phase lsn=21312 phase=value_index_write slot=0 started_ns=1790163068623427000 ended_ns=1790163068624154958 elapsed_us=727 block_gets=0 block_puts=0 deleted=0
checkpoint_phase lsn=21312 phase=value_index_write slot=0 started_ns=1790163068624160000 ended_ns=1790163068629001083 elapsed_us=4841 block_gets=0 block_puts=1 deleted=0
checkpoint_phase lsn=21312 phase=value_index_write slot=0 started_ns=1790163068629026000 ended_ns=1790163068629747833 elapsed_us=721 block_gets=0 block_puts=0 deleted=0
checkpoint_phase lsn=21312 phase=value_index_write slot=0 started_ns=1790163068629756000 ended_ns=1790163068633027208 elapsed_us=3271 block_gets=0 block_puts=1 deleted=0
checkpoint_phase lsn=21312 phase=row_sst_delta slot=0 started_ns=1790163068633045000 ended_ns=1790163068647855250 elapsed_us=14810 block_gets=0 block_puts=4 deleted=0
checkpoint_phase lsn=21312 phase=manifest slot=-1 started_ns=1790163068647876000 ended_ns=1790163068649406333 elapsed_us=1530 block_gets=0 block_puts=0 deleted=0
checkpoint_phase lsn=21312 phase=local_cleanup slot=-1 started_ns=1790163068649456000 ended_ns=1790163068649518125 elapsed_us=62 block_gets=0 block_puts=0 deleted=0
checkpoint_phase lsn=21312 phase=commit_prune slot=-1 started_ns=1790163068649523000 ended_ns=1790163068672565708 elapsed_us=23042 block_gets=0 block_puts=0 deleted=16
checkpoint_phase lsn=21312 phase=commit_prune slot=-1 started_ns=1790163068672589000 ended_ns=1790163068697056084 elapsed_us=24467 block_gets=0 block_puts=0 deleted=16
checkpoint_phase lsn=21312 phase=commit_prune slot=-1 started_ns=1790163068697084000 ended_ns=1790163068794336333 elapsed_us=97252 block_gets=0 block_puts=0 deleted=16
checkpoint_phase lsn=21312 phase=commit_prune slot=-1 started_ns=1790163068794365000 ended_ns=1790163068805921708 elapsed_us=11556 block_gets=0 block_puts=0 deleted=16
checkpoint_phase lsn=21312 phase=commit_prune slot=-1 started_ns=1790163068805943000 ended_ns=1790163068817393708 elapsed_us=11450 block_gets=0 block_puts=0 deleted=16
checkpoint_phase lsn=21312 phase=commit_prune slot=-1 started_ns=1790163068817418000 ended_ns=1790163068827952542 elapsed_us=10534 block_gets=0 block_puts=0 deleted=16
checkpoint_phase lsn=21312 phase=commit_prune slot=-1 started_ns=1790163068827971000 ended_ns=1790163068878073416 elapsed_us=50102 block_gets=0 block_puts=0 deleted=16
checkpoint_phase lsn=21312 phase=commit_prune slot=-1 started_ns=1790163068878100000 ended_ns=1790163068955379125 elapsed_us=77279 block_gets=0 block_puts=0 deleted=16
checkpoint_phase lsn=21312 phase=commit_prune slot=-1 started_ns=1790163068955405000 ended_ns=1790163068986242125 elapsed_us=30837 block_gets=0 block_puts=0 deleted=16
checkpoint_phase lsn=21312 phase=commit_prune slot=-1 started_ns=1790163068986267000 ended_ns=1790163069000178666 elapsed_us=13911 block_gets=0 block_puts=0 deleted=16
checkpoint_phase lsn=21312 phase=commit_prune slot=-1 started_ns=1790163069000201000 ended_ns=1790163069015409167 elapsed_us=15208 block_gets=0 block_puts=0 deleted=16
checkpoint_phase lsn=21312 phase=commit_prune slot=-1 started_ns=1790163069015438000 ended_ns=1790163069071715250 elapsed_us=56277 block_gets=0 block_puts=0 deleted=16
checkpoint_phase lsn=21312 phase=commit_prune slot=-1 started_ns=1790163069071735000 ended_ns=1790163069125401584 elapsed_us=53666 block_gets=0 block_puts=0 deleted=16
checkpoint_phase lsn=21312 phase=commit_prune slot=-1 started_ns=1790163069125428000 ended_ns=1790163069138405542 elapsed_us=12977 block_gets=0 block_puts=0 deleted=16
checkpoint_phase lsn=21312 phase=commit_prune slot=-1 started_ns=1790163069138433000 ended_ns=1790163069151793292 elapsed_us=13360 block_gets=0 block_puts=0 deleted=16
checkpoint_phase lsn=21312 phase=commit_prune slot=-1 started_ns=1790163069151819000 ended_ns=1790163069229878083 elapsed_us=78059 block_gets=0 block_puts=0 deleted=16
checkpoint_phase lsn=21312 phase=commit_prune slot=-1 started_ns=1790163069229900000 ended_ns=1790163069320319958 elapsed_us=90419 block_gets=0 block_puts=0 deleted=16
checkpoint_phase lsn=21312 phase=commit_prune slot=-1 started_ns=1790163069320377000 ended_ns=1790163069336491417 elapsed_us=16114 block_gets=0 block_puts=0 deleted=16
checkpoint_phase lsn=21312 phase=commit_prune slot=-1 started_ns=1790163069336515000 ended_ns=1790163069351695584 elapsed_us=15180 block_gets=0 block_puts=0 deleted=16
checkpoint_phase lsn=21312 phase=commit_prune slot=-1 started_ns=1790163069351723000 ended_ns=1790163069442618833 elapsed_us=90895 block_gets=0 block_puts=0 deleted=16
checkpoint_phase lsn=21312 phase=commit_prune slot=-1 started_ns=1790163069442649000 ended_ns=1790163069480508875 elapsed_us=37859 block_gets=0 block_puts=0 deleted=4
checkpoint_phase lsn=21312 phase=legacy_gc slot=-1 started_ns=1790163069480529000 ended_ns=1790163069486317792 elapsed_us=5788 block_gets=0 block_puts=0 deleted=0
checkpoint_phase lsn=21312 phase=gc_keep slot=-1 started_ns=1790163069486341000 ended_ns=1790163069487418333 elapsed_us=1077 block_gets=0 block_puts=0 deleted=0
checkpoint_phase lsn=21312 phase=gc_list slot=-1 started_ns=1790163069487427000 ended_ns=1790163069550358917 elapsed_us=62931 block_gets=0 block_puts=0 deleted=0
checkpoint_phase lsn=21312 phase=gc_delete slot=-1 started_ns=1790163069550385000 ended_ns=1790163069652807750 elapsed_us=102422 block_gets=0 block_puts=0 deleted=16
checkpoint_phase lsn=21312 phase=gc_delete slot=-1 started_ns=1790163069652839000 ended_ns=1790163069705263667 elapsed_us=52424 block_gets=0 block_puts=0 deleted=16
checkpoint_phase lsn=21312 phase=gc_delete slot=-1 started_ns=1790163069705289000 ended_ns=1790163069719077459 elapsed_us=13788 block_gets=0 block_puts=0 deleted=16
checkpoint_phase lsn=21312 phase=gc_delete slot=-1 started_ns=1790163069719101000 ended_ns=1790163069770319375 elapsed_us=51218 block_gets=0 block_puts=0 deleted=16
checkpoint_phase lsn=21312 phase=gc_delete slot=-1 started_ns=1790163069770334000 ended_ns=1790163069842088208 elapsed_us=71754 block_gets=0 block_puts=0 deleted=16
checkpoint_phase lsn=21312 phase=gc_delete slot=-1 started_ns=1790163069842117000 ended_ns=1790163069850453458 elapsed_us=8336 block_gets=0 block_puts=0 deleted=7
checkpoint_phase lsn=21312 phase=row_merge_schedule slot=0 started_ns=1790163069850635000 ended_ns=1790163069850969375 elapsed_us=334 block_gets=0 block_puts=0 deleted=0
checkpoint_phase lsn=21312 phase=row_merge_schedule slot=0 started_ns=1790163069851030000 ended_ns=1790163069851300083 elapsed_us=270 block_gets=0 block_puts=0 deleted=0
checkpoint_phase lsn=21312 phase=row_merge_schedule slot=0 started_ns=1790163069851352000 ended_ns=1790163069851617958 elapsed_us=265 block_gets=0 block_puts=0 deleted=0
checkpoint_phase lsn=21312 phase=row_merge_schedule slot=0 started_ns=1790163069851667000 ended_ns=1790163069851917542 elapsed_us=250 block_gets=0 block_puts=0 deleted=0
checkpoint_phase lsn=21312 phase=row_merge_schedule slot=0 started_ns=1790163069851973000 ended_ns=1790163069852239167 elapsed_us=266 block_gets=0 block_puts=0 deleted=0
checkpoint_phase lsn=21312 phase=row_merge_schedule slot=0 started_ns=1790163069852300000 ended_ns=1790163069852550500 elapsed_us=250 block_gets=0 block_puts=0 deleted=0
checkpoint_phase lsn=21312 phase=row_merge_schedule slot=0 started_ns=1790163069852605000 ended_ns=1790163069852856333 elapsed_us=251 block_gets=0 block_puts=0 deleted=0
checkpoint_phase lsn=21312 phase=row_merge_schedule slot=0 started_ns=1790163069852906000 ended_ns=1790163069853155083 elapsed_us=249 block_gets=0 block_puts=0 deleted=0
checkpoint_phase lsn=21312 phase=row_merge_schedule slot=0 started_ns=1790163069853206000 ended_ns=1790163069853486916 elapsed_us=280 block_gets=0 block_puts=0 deleted=0
checkpoint_phase lsn=21312 phase=row_merge_schedule slot=0 started_ns=1790163069853538000 ended_ns=1790163069853831833 elapsed_us=293 block_gets=0 block_puts=0 deleted=0
checkpoint_phase lsn=21312 phase=row_merge_schedule slot=0 started_ns=1790163069853882000 ended_ns=1790163069854133875 elapsed_us=251 block_gets=0 block_puts=0 deleted=0
checkpoint_phase lsn=21312 phase=row_merge_schedule slot=0 started_ns=1790163069854647000 ended_ns=1790163069854920042 elapsed_us=273 block_gets=0 block_puts=0 deleted=0
checkpoint_phase lsn=21312 phase=row_merge_schedule slot=0 started_ns=1790163069856261000 ended_ns=1790163069856522458 elapsed_us=261 block_gets=0 block_puts=0 deleted=0
checkpoint_phase lsn=21312 phase=row_merge_schedule slot=0 started_ns=1790163069856588000 ended_ns=1790163069857015625 elapsed_us=427 block_gets=0 block_puts=0 deleted=0
checkpoint_phase lsn=21312 phase=row_merge_schedule slot=0 started_ns=1790163069857084000 ended_ns=1790163069857347167 elapsed_us=263 block_gets=0 block_puts=0 deleted=0
checkpoint_phase lsn=21312 phase=row_merge_schedule slot=0 started_ns=1790163069857421000 ended_ns=1790163069857680167 elapsed_us=259 block_gets=0 block_puts=0 deleted=0
checkpoint_phase lsn=21312 phase=row_merge_schedule slot=0 started_ns=1790163069857739000 ended_ns=1790163069857813750 elapsed_us=74 block_gets=0 block_puts=0 deleted=0
checkpoint_phase lsn=21312 phase=row_merge_schedule slot=0 started_ns=1790163069857898000 ended_ns=1790163069858236917 elapsed_us=338 block_gets=0 block_puts=0 deleted=0
checkpoint_phase lsn=21312 phase=row_merge_schedule slot=0 started_ns=1790163069858286000 ended_ns=1790163069858731542 elapsed_us=445 block_gets=0 block_puts=0 deleted=0
checkpoint_phase lsn=21312 phase=row_merge_schedule slot=0 started_ns=1790163069858833000 ended_ns=1790163069859099708 elapsed_us=266 block_gets=0 block_puts=0 deleted=0
checkpoint_phase lsn=21312 phase=row_merge_schedule slot=0 started_ns=1790163069859164000 ended_ns=1790163069859416416 elapsed_us=252 block_gets=0 block_puts=0 deleted=0
checkpoint_phase lsn=21312 phase=row_merge_schedule slot=0 started_ns=1790163069859469000 ended_ns=1790163069859723708 elapsed_us=254 block_gets=0 block_puts=0 deleted=0
checkpoint_phase lsn=21312 phase=row_merge_schedule slot=0 started_ns=1790163069859782000 ended_ns=1790163069860111500 elapsed_us=329 block_gets=0 block_puts=0 deleted=0
checkpoint_phase lsn=21312 phase=row_merge_schedule slot=0 started_ns=1790163069860172000 ended_ns=1790163069860425834 elapsed_us=253 block_gets=0 block_puts=0 deleted=0
checkpoint_phase lsn=21312 phase=row_merge_schedule slot=0 started_ns=1790163069860485000 ended_ns=1790163069860746500 elapsed_us=261 block_gets=0 block_puts=0 deleted=0
checkpoint_phase lsn=21312 phase=row_merge_schedule slot=0 started_ns=1790163069860804000 ended_ns=1790163069861285750 elapsed_us=481 block_gets=0 block_puts=0 deleted=0
checkpoint_phase lsn=21312 phase=row_merge_schedule slot=0 started_ns=1790163069861350000 ended_ns=1790163069861608459 elapsed_us=258 block_gets=0 block_puts=0 deleted=0
checkpoint_phase lsn=21312 phase=row_merge_schedule slot=0 started_ns=1790163069861680000 ended_ns=1790163069861946375 elapsed_us=266 block_gets=0 block_puts=0 deleted=0
checkpoint_phase lsn=21312 phase=row_merge_schedule slot=0 started_ns=1790163069862008000 ended_ns=1790163069862273292 elapsed_us=265 block_gets=0 block_puts=0 deleted=0
checkpoint_phase lsn=21312 phase=row_merge_schedule slot=0 started_ns=1790163069862330000 ended_ns=1790163069862588500 elapsed_us=258 block_gets=0 block_puts=0 deleted=0
checkpoint_phase lsn=21312 phase=row_merge_schedule slot=0 started_ns=1790163069862639000 ended_ns=1790163069862890458 elapsed_us=251 block_gets=0 block_puts=0 deleted=0
checkpoint_phase lsn=21312 phase=row_merge_schedule slot=0 started_ns=1790163069862943000 ended_ns=1790163069863196042 elapsed_us=253 block_gets=0 block_puts=0 deleted=0
checkpoint_phase lsn=21312 phase=row_merge_schedule slot=0 started_ns=1790163069863246000 ended_ns=1790163069863526625 elapsed_us=280 block_gets=0 block_puts=0 deleted=0
checkpoint_phase lsn=21312 phase=row_merge_schedule slot=0 started_ns=1790163069863593000 ended_ns=1790163069863669000 elapsed_us=76 block_gets=0 block_puts=0 deleted=0
checkpoint_phase lsn=21312 phase=row_merge_write slot=0 started_ns=1790163069863723000 ended_ns=1790163069914552500 elapsed_us=50829 block_gets=0 block_puts=5 deleted=0
checkpoint_phase lsn=21312 phase=row_merge_write slot=0 started_ns=1790163069914648000 ended_ns=1790163069976421708 elapsed_us=61773 block_gets=0 block_puts=4 deleted=0
checkpoint_phase lsn=21312 phase=row_merge_write slot=0 started_ns=1790163069976572000 ended_ns=1790163070003319042 elapsed_us=26747 block_gets=0 block_puts=4 deleted=0
checkpoint_phase lsn=21312 phase=row_merge_write slot=0 started_ns=1790163070004951000 ended_ns=1790163070022470709 elapsed_us=17519 block_gets=0 block_puts=4 deleted=0
checkpoint_phase lsn=21312 phase=row_merge_write slot=0 started_ns=1790163070022578000 ended_ns=1790163070039909083 elapsed_us=17331 block_gets=0 block_puts=4 deleted=0
checkpoint_phase lsn=21312 phase=row_merge_write slot=0 started_ns=1790163070040040000 ended_ns=1790163070095501959 elapsed_us=55461 block_gets=0 block_puts=4 deleted=0
checkpoint_phase lsn=21312 phase=row_merge_write slot=0 started_ns=1790163070097032000 ended_ns=1790163070163394125 elapsed_us=66362 block_gets=0 block_puts=4 deleted=0
checkpoint_phase lsn=21312 phase=row_merge_write slot=0 started_ns=1790163070163526000 ended_ns=1790163070197631375 elapsed_us=34105 block_gets=0 block_puts=4 deleted=0
checkpoint_phase lsn=21312 phase=row_merge_write slot=0 started_ns=1790163070197764000 ended_ns=1790163070215985958 elapsed_us=18221 block_gets=0 block_puts=4 deleted=0
checkpoint_phase lsn=21312 phase=row_merge_write slot=0 started_ns=1790163070216078000 ended_ns=1790163070248182166 elapsed_us=32104 block_gets=0 block_puts=4 deleted=0
checkpoint_phase lsn=21312 phase=row_merge_write slot=0 started_ns=1790163070248311000 ended_ns=1790163070558079292 elapsed_us=309768 block_gets=0 block_puts=4 deleted=0
checkpoint_phase lsn=21312 phase=row_merge_write slot=0 started_ns=1790163070558188000 ended_ns=1790163070642977792 elapsed_us=84789 block_gets=0 block_puts=4 deleted=0
checkpoint_phase lsn=21312 phase=row_merge_write slot=0 started_ns=1790163070643105000 ended_ns=1790163070676089708 elapsed_us=32984 block_gets=0 block_puts=4 deleted=0
checkpoint_phase lsn=21312 phase=row_merge_write slot=0 started_ns=1790163070676177000 ended_ns=1790163070693730209 elapsed_us=17553 block_gets=0 block_puts=4 deleted=0
checkpoint_phase lsn=21312 phase=row_merge_write slot=0 started_ns=1790163070693859000 ended_ns=1790163070707954167 elapsed_us=14095 block_gets=0 block_puts=4 deleted=0
checkpoint_phase lsn=21312 phase=row_merge_write slot=0 started_ns=1790163070708207000 ended_ns=1790163070858494666 elapsed_us=150287 block_gets=0 block_puts=4 deleted=0
checkpoint_phase lsn=21328 phase=value_index_schedule slot=0 started_ns=1790163070995278000 ended_ns=1790163070995368958 elapsed_us=90 block_gets=0 block_puts=0 deleted=0
checkpoint_phase lsn=21328 phase=row_merge_write slot=0 started_ns=1790163070995493000 ended_ns=1790163071023056583 elapsed_us=27563 block_gets=0 block_puts=4 deleted=0
checkpoint_phase lsn=21328 phase=value_index_schedule slot=0 started_ns=1790163071023120000 ended_ns=1790163071023174667 elapsed_us=54 block_gets=0 block_puts=0 deleted=0
checkpoint_phase lsn=21328 phase=row_merge_write slot=0 started_ns=1790163071023187000 ended_ns=1790163071045511833 elapsed_us=22324 block_gets=0 block_puts=4 deleted=0
checkpoint_phase lsn=21328 phase=value_index_write slot=0 started_ns=1790163071045531000 ended_ns=1790163071045533375 elapsed_us=2 block_gets=0 block_puts=0 deleted=0
checkpoint_phase lsn=21328 phase=row_merge_write slot=0 started_ns=1790163071045538000 ended_ns=1790163071116312750 elapsed_us=70774 block_gets=0 block_puts=4 deleted=0
checkpoint_phase lsn=21328 phase=value_index_write slot=0 started_ns=1790163071116332000 ended_ns=1790163071117581208 elapsed_us=1249 block_gets=0 block_puts=0 deleted=0
checkpoint_phase lsn=21328 phase=row_merge_write slot=0 started_ns=1790163071117589000 ended_ns=1790163071223442875 elapsed_us=105853 block_gets=0 block_puts=4 deleted=0
checkpoint_phase lsn=21328 phase=value_index_write slot=0 started_ns=1790163071223466000 ended_ns=1790163071223539500 elapsed_us=73 block_gets=0 block_puts=0 deleted=0
checkpoint_phase lsn=21328 phase=row_merge_write slot=0 started_ns=1790163071223547000 ended_ns=1790163071242228417 elapsed_us=18681 block_gets=0 block_puts=4 deleted=0
checkpoint_phase lsn=21328 phase=value_index_write slot=0 started_ns=1790163071242255000 ended_ns=1790163071242331709 elapsed_us=76 block_gets=0 block_puts=0 deleted=0
checkpoint_phase lsn=21328 phase=row_merge_write slot=0 started_ns=1790163071242336000 ended_ns=1790163071381335250 elapsed_us=138999 block_gets=0 block_puts=4 deleted=0
checkpoint_phase lsn=21328 phase=value_index_write slot=0 started_ns=1790163071381361000 ended_ns=1790163071381437208 elapsed_us=76 block_gets=0 block_puts=0 deleted=0
checkpoint_phase lsn=21328 phase=row_merge_write slot=0 started_ns=1790163071381447000 ended_ns=1790163071417338250 elapsed_us=35891 block_gets=0 block_puts=4 deleted=0
checkpoint_phase lsn=21328 phase=value_index_write slot=0 started_ns=1790163071417353000 ended_ns=1790163071417428416 elapsed_us=75 block_gets=0 block_puts=0 deleted=0
checkpoint_phase lsn=21328 phase=row_merge_write slot=0 started_ns=1790163071417435000 ended_ns=1790163071432536000 elapsed_us=15101 block_gets=0 block_puts=4 deleted=0
checkpoint_phase lsn=21328 phase=value_index_write slot=0 started_ns=1790163071432552000 ended_ns=1790163071460373667 elapsed_us=27821 block_gets=0 block_puts=1 deleted=0
checkpoint_phase lsn=21328 phase=row_merge_write slot=0 started_ns=1790163071460389000 ended_ns=1790163071523038250 elapsed_us=62649 block_gets=0 block_puts=4 deleted=0
checkpoint_phase lsn=21328 phase=value_index_write slot=0 started_ns=1790163071523058000 ended_ns=1790163071523131125 elapsed_us=73 block_gets=0 block_puts=0 deleted=0
checkpoint_phase lsn=21328 phase=row_merge_write slot=0 started_ns=1790163071523139000 ended_ns=1790163071581999292 elapsed_us=58860 block_gets=0 block_puts=4 deleted=0
checkpoint_phase lsn=21328 phase=value_index_write slot=0 started_ns=1790163071582019000 ended_ns=1790163071582093292 elapsed_us=74 block_gets=0 block_puts=0 deleted=0
checkpoint_phase lsn=21328 phase=row_merge_write slot=0 started_ns=1790163071582098000 ended_ns=1790163071600170417 elapsed_us=18072 block_gets=0 block_puts=4 deleted=0
checkpoint_phase lsn=21328 phase=value_index_write slot=0 started_ns=1790163071600189000 ended_ns=1790163071600263834 elapsed_us=74 block_gets=0 block_puts=0 deleted=0
checkpoint_phase lsn=21328 phase=row_merge_write slot=0 started_ns=1790163071600270000 ended_ns=1790163071623959041 elapsed_us=23689 block_gets=0 block_puts=4 deleted=0
checkpoint_phase lsn=21328 phase=value_index_write slot=0 started_ns=1790163071623978000 ended_ns=1790163071627872083 elapsed_us=3894 block_gets=0 block_puts=1 deleted=0
checkpoint_phase lsn=21328 phase=row_merge_write slot=0 started_ns=1790163071627893000 ended_ns=1790163071704898250 elapsed_us=77005 block_gets=0 block_puts=4 deleted=0
checkpoint_phase lsn=21328 phase=value_index_schedule slot=0 started_ns=1790163071704919000 ended_ns=1790163071704959833 elapsed_us=40 block_gets=0 block_puts=0 deleted=0
checkpoint_phase lsn=21328 phase=row_merge_write slot=0 started_ns=1790163071704970000 ended_ns=1790163071757015875 elapsed_us=52045 block_gets=0 block_puts=4 deleted=0
checkpoint_phase lsn=21328 phase=value_index_schedule slot=0 started_ns=1790163071757050000 ended_ns=1790163071757147458 elapsed_us=97 block_gets=0 block_puts=0 deleted=0
checkpoint_phase lsn=21328 phase=row_merge_write slot=0 started_ns=1790163071757166000 ended_ns=1790163071796975916 elapsed_us=39809 block_gets=0 block_puts=4 deleted=0
checkpoint_phase lsn=21328 phase=value_index_write slot=0 started_ns=1790163071796996000 ended_ns=1790163071799729875 elapsed_us=2733 block_gets=0 block_puts=1 deleted=0
checkpoint_phase lsn=21328 phase=row_merge_write slot=0 started_ns=1790163071799744000 ended_ns=1790163071814562083 elapsed_us=14818 block_gets=0 block_puts=4 deleted=0
checkpoint_phase lsn=21328 phase=value_index_write slot=0 started_ns=1790163071814580000 ended_ns=1790163071815316416 elapsed_us=736 block_gets=0 block_puts=0 deleted=0
checkpoint_phase lsn=21328 phase=row_merge_write slot=0 started_ns=1790163071815325000 ended_ns=1790163071874613417 elapsed_us=59288 block_gets=0 block_puts=4 deleted=0
checkpoint_phase lsn=21328 phase=value_index_write slot=0 started_ns=1790163071874646000 ended_ns=1790163071875471125 elapsed_us=825 block_gets=0 block_puts=0 deleted=0
checkpoint_phase lsn=21328 phase=row_merge_write slot=0 started_ns=1790163071875477000 ended_ns=1790163071973635750 elapsed_us=98158 block_gets=0 block_puts=4 deleted=0
checkpoint_phase lsn=21328 phase=value_index_write slot=0 started_ns=1790163071973659000 ended_ns=1790163071974447542 elapsed_us=788 block_gets=0 block_puts=0 deleted=0
checkpoint_phase lsn=21328 phase=row_merge_write slot=0 started_ns=1790163071974457000 ended_ns=1790163072069040833 elapsed_us=94583 block_gets=0 block_puts=4 deleted=0
checkpoint_phase lsn=21328 phase=value_index_write slot=0 started_ns=1790163072069061000 ended_ns=1790163072069805000 elapsed_us=744 block_gets=0 block_puts=0 deleted=0
checkpoint_phase lsn=21328 phase=row_merge_write slot=0 started_ns=1790163072069814000 ended_ns=1790163072090422792 elapsed_us=20608 block_gets=0 block_puts=4 deleted=0
checkpoint_phase lsn=21328 phase=value_index_write slot=0 started_ns=1790163072090441000 ended_ns=1790163072091177667 elapsed_us=736 block_gets=0 block_puts=0 deleted=0
checkpoint_phase lsn=21328 phase=row_merge_write slot=0 started_ns=1790163072091188000 ended_ns=1790163072147203625 elapsed_us=56015 block_gets=0 block_puts=4 deleted=0
checkpoint_phase lsn=21328 phase=value_index_write slot=0 started_ns=1790163072147223000 ended_ns=1790163072147955208 elapsed_us=732 block_gets=0 block_puts=0 deleted=0
checkpoint_phase lsn=21328 phase=row_merge_write slot=0 started_ns=1790163072147962000 ended_ns=1790163072260105917 elapsed_us=112143 block_gets=0 block_puts=4 deleted=0
checkpoint_phase lsn=21328 phase=value_index_write slot=0 started_ns=1790163072260130000 ended_ns=1790163072261040750 elapsed_us=910 block_gets=0 block_puts=0 deleted=0
checkpoint_phase lsn=21328 phase=row_merge_write slot=0 started_ns=1790163072261052000 ended_ns=1790163072286273167 elapsed_us=25221 block_gets=0 block_puts=4 deleted=0
checkpoint_phase lsn=21328 phase=value_index_write slot=0 started_ns=1790163072286290000 ended_ns=1790163072288557084 elapsed_us=2267 block_gets=0 block_puts=1 deleted=0
checkpoint_phase lsn=21328 phase=row_merge_write slot=0 started_ns=1790163072288575000 ended_ns=1790163072311016459 elapsed_us=22441 block_gets=0 block_puts=4 deleted=0
checkpoint_phase lsn=21328 phase=value_index_write slot=0 started_ns=1790163072311032000 ended_ns=1790163072316993917 elapsed_us=5961 block_gets=0 block_puts=1 deleted=0
checkpoint_phase lsn=21328 phase=row_merge_write slot=0 started_ns=1790163072317008000 ended_ns=1790163072353737542 elapsed_us=36729 block_gets=0 block_puts=4 deleted=0
checkpoint_phase lsn=21328 phase=value_index_schedule slot=0 started_ns=1790163072353754000 ended_ns=1790163072353784625 elapsed_us=30 block_gets=0 block_puts=0 deleted=0
checkpoint_phase lsn=21328 phase=row_merge_write slot=0 started_ns=1790163072353789000 ended_ns=1790163072386740667 elapsed_us=32951 block_gets=0 block_puts=4 deleted=0
checkpoint_phase lsn=21328 phase=value_index_schedule slot=0 started_ns=1790163072386760000 ended_ns=1790163072386816041 elapsed_us=56 block_gets=0 block_puts=0 deleted=0
checkpoint_phase lsn=21328 phase=row_merge_write slot=0 started_ns=1790163072386825000 ended_ns=1790163072433763125 elapsed_us=46938 block_gets=0 block_puts=4 deleted=0
checkpoint_phase lsn=21328 phase=value_index_write slot=0 started_ns=1790163072433781000 ended_ns=1790163072440687333 elapsed_us=6906 block_gets=0 block_puts=1 deleted=0
checkpoint_phase lsn=21328 phase=row_merge_write slot=0 started_ns=1790163072440701000 ended_ns=1790163072479878875 elapsed_us=39177 block_gets=0 block_puts=4 deleted=0
checkpoint_phase lsn=21328 phase=value_index_write slot=0 started_ns=1790163072479903000 ended_ns=1790163072480777125 elapsed_us=874 block_gets=0 block_puts=0 deleted=0
checkpoint_phase lsn=21328 phase=row_merge_write slot=0 started_ns=1790163072480787000 ended_ns=1790163072522980875 elapsed_us=42193 block_gets=0 block_puts=4 deleted=0
checkpoint_phase lsn=21328 phase=value_index_write slot=0 started_ns=1790163072523017000 ended_ns=1790163072523780041 elapsed_us=763 block_gets=0 block_puts=0 deleted=0
checkpoint_phase lsn=21328 phase=row_merge_write slot=0 started_ns=1790163072523789000 ended_ns=1790163072558369834 elapsed_us=34580 block_gets=0 block_puts=4 deleted=0
checkpoint_phase lsn=21328 phase=value_index_write slot=0 started_ns=1790163072558390000 ended_ns=1790163072559121292 elapsed_us=731 block_gets=0 block_puts=0 deleted=0
checkpoint_phase lsn=21328 phase=row_merge_write slot=0 started_ns=1790163072559129000 ended_ns=1790163072577803583 elapsed_us=18674 block_gets=0 block_puts=4 deleted=0
checkpoint_phase lsn=21328 phase=value_index_write slot=0 started_ns=1790163072577824000 ended_ns=1790163072578577041 elapsed_us=753 block_gets=0 block_puts=0 deleted=0
checkpoint_phase lsn=21328 phase=row_merge_write slot=0 started_ns=1790163072578588000 ended_ns=1790163072599006000 elapsed_us=20418 block_gets=0 block_puts=4 deleted=0
checkpoint_phase lsn=21328 phase=value_index_write slot=0 started_ns=1790163072599023000 ended_ns=1790163072599753208 elapsed_us=730 block_gets=0 block_puts=0 deleted=0
checkpoint_phase lsn=21328 phase=row_merge_write slot=0 started_ns=1790163072599759000 ended_ns=1790163072654801500 elapsed_us=55042 block_gets=0 block_puts=4 deleted=0
checkpoint_phase lsn=21328 phase=value_index_write slot=0 started_ns=1790163072654825000 ended_ns=1790163072655551042 elapsed_us=726 block_gets=0 block_puts=0 deleted=0
checkpoint_phase lsn=21328 phase=row_merge_write slot=0 started_ns=1790163072655560000 ended_ns=1790163072727932791 elapsed_us=72372 block_gets=0 block_puts=4 deleted=0
checkpoint_phase lsn=21328 phase=value_index_write slot=0 started_ns=1790163072727951000 ended_ns=1790163072728712709 elapsed_us=761 block_gets=0 block_puts=0 deleted=0
checkpoint_phase lsn=21328 phase=row_merge_write slot=0 started_ns=1790163072728729000 ended_ns=1790163072761060416 elapsed_us=32331 block_gets=0 block_puts=4 deleted=0
checkpoint_phase lsn=21328 phase=value_index_write slot=0 started_ns=1790163072761078000 ended_ns=1790163072763886250 elapsed_us=2808 block_gets=0 block_puts=1 deleted=0
checkpoint_phase lsn=21328 phase=row_merge_write slot=0 started_ns=1790163072763903000 ended_ns=1790163072781877958 elapsed_us=17974 block_gets=0 block_puts=4 deleted=0
checkpoint_phase lsn=21328 phase=value_index_write slot=0 started_ns=1790163072781899000 ended_ns=1790163072784323209 elapsed_us=2424 block_gets=0 block_puts=1 deleted=0
checkpoint_phase lsn=21328 phase=row_merge_write slot=0 started_ns=1790163072784337000 ended_ns=1790163072893163083 elapsed_us=108826 block_gets=0 block_puts=4 deleted=0
checkpoint_phase lsn=21328 phase=row_sst_delta slot=0 started_ns=1790163072893188000 ended_ns=1790163072901295458 elapsed_us=8107 block_gets=0 block_puts=4 deleted=0
checkpoint_phase lsn=21328 phase=row_merge_write slot=0 started_ns=1790163072901313000 ended_ns=1790163072921404292 elapsed_us=20091 block_gets=0 block_puts=4 deleted=0
checkpoint_phase lsn=21328 phase=manifest slot=-1 started_ns=1790163072921426000 ended_ns=1790163072923605916 elapsed_us=2179 block_gets=0 block_puts=0 deleted=0
checkpoint_phase lsn=21328 phase=local_cleanup slot=-1 started_ns=1790163072923657000 ended_ns=1790163072923781791 elapsed_us=124 block_gets=0 block_puts=0 deleted=0
checkpoint_phase lsn=21328 phase=commit_prune slot=-1 started_ns=1790163072923789000 ended_ns=1790163072927367500 elapsed_us=3578 block_gets=0 block_puts=0 deleted=2
checkpoint_phase lsn=21328 phase=legacy_gc slot=-1 started_ns=1790163072927385000 ended_ns=1790163072927823583 elapsed_us=438 block_gets=0 block_puts=0 deleted=0
checkpoint_phase lsn=21328 phase=gc_keep slot=-1 started_ns=1790163072927832000 ended_ns=1790163072929000500 elapsed_us=1168 block_gets=0 block_puts=0 deleted=0
checkpoint_phase lsn=21328 phase=gc_list slot=-1 started_ns=1790163072929017000 ended_ns=1790163073040538166 elapsed_us=111521 block_gets=0 block_puts=0 deleted=0
checkpoint_phase lsn=21328 phase=gc_delete slot=-1 started_ns=1790163073040559000 ended_ns=1790163073075844334 elapsed_us=35285 block_gets=0 block_puts=0 deleted=8
checkpoint_phase lsn=21328 phase=row_merge_write slot=0 started_ns=1790163073082639000 ended_ns=1790163073099666125 elapsed_us=17027 block_gets=0 block_puts=4 deleted=0
checkpoint_phase lsn=21328 phase=row_merge_write slot=0 started_ns=1790163073099723000 ended_ns=1790163073117204500 elapsed_us=17481 block_gets=0 block_puts=4 deleted=0
checkpoint_phase lsn=21328 phase=row_merge_write slot=0 started_ns=1790163073117223000 ended_ns=1790163073151477542 elapsed_us=34254 block_gets=0 block_puts=4 deleted=0
checkpoint_phase lsn=21328 phase=row_merge_write slot=0 started_ns=1790163073151495000 ended_ns=1790163073228123208 elapsed_us=76628 block_gets=0 block_puts=4 deleted=0
checkpoint_phase lsn=21328 phase=row_merge_write slot=0 started_ns=1790163073228154000 ended_ns=1790163073271832958 elapsed_us=43678 block_gets=0 block_puts=4 deleted=0
checkpoint_phase lsn=21328 phase=row_merge_write slot=0 started_ns=1790163073271851000 ended_ns=1790163073293036916 elapsed_us=21185 block_gets=0 block_puts=4 deleted=0
checkpoint_phase lsn=21328 phase=row_merge_write slot=0 started_ns=1790163073293055000 ended_ns=1790163073309658125 elapsed_us=16603 block_gets=0 block_puts=4 deleted=0
checkpoint_phase lsn=21328 phase=row_merge_write slot=0 started_ns=1790163073309680000 ended_ns=1790163073349825833 elapsed_us=40145 block_gets=0 block_puts=4 deleted=0
checkpoint_phase lsn=21328 phase=row_merge_write slot=0 started_ns=1790163073349843000 ended_ns=1790163073410250625 elapsed_us=60407 block_gets=0 block_puts=4 deleted=0
checkpoint_phase lsn=21328 phase=row_merge_write slot=0 started_ns=1790163073410271000 ended_ns=1790163073460531042 elapsed_us=50260 block_gets=0 block_puts=4 deleted=0
checkpoint_phase lsn=21328 phase=row_merge_write slot=0 started_ns=1790163073460548000 ended_ns=1790163073479621458 elapsed_us=19073 block_gets=0 block_puts=4 deleted=0
checkpoint_phase lsn=21328 phase=row_merge_write slot=0 started_ns=1790163073479638000 ended_ns=1790163073497455375 elapsed_us=17817 block_gets=0 block_puts=4 deleted=0
checkpoint_phase lsn=21328 phase=row_merge_write slot=0 started_ns=1790163073497475000 ended_ns=1790163073554688542 elapsed_us=57213 block_gets=0 block_puts=4 deleted=0
checkpoint_phase lsn=21328 phase=row_merge_write slot=0 started_ns=1790163073554707000 ended_ns=1790163073611961958 elapsed_us=57254 block_gets=0 block_puts=4 deleted=0
checkpoint_phase lsn=21328 phase=row_merge_write slot=0 started_ns=1790163073611982000 ended_ns=1790163073639963750 elapsed_us=27981 block_gets=0 block_puts=4 deleted=0
checkpoint_phase lsn=21328 phase=row_merge_write slot=0 started_ns=1790163073639980000 ended_ns=1790163073701413250 elapsed_us=61433 block_gets=0 block_puts=4 deleted=0
checkpoint_phase lsn=21328 phase=row_merge_write slot=0 started_ns=1790163073701432000 ended_ns=1790163073744133250 elapsed_us=42701 block_gets=0 block_puts=4 deleted=0
checkpoint_phase lsn=21328 phase=row_merge_write slot=0 started_ns=1790163073744154000 ended_ns=1790163073786045958 elapsed_us=41891 block_gets=0 block_puts=4 deleted=0
checkpoint_phase lsn=21328 phase=row_merge_write slot=0 started_ns=1790163073786065000 ended_ns=1790163073850881167 elapsed_us=64816 block_gets=0 block_puts=4 deleted=0
checkpoint_phase lsn=21328 phase=row_merge_write slot=0 started_ns=1790163073850901000 ended_ns=1790163073901022584 elapsed_us=50121 block_gets=0 block_puts=4 deleted=0
checkpoint_phase lsn=21328 phase=row_merge_write slot=0 started_ns=1790163073901044000 ended_ns=1790163073929675417 elapsed_us=28631 block_gets=0 block_puts=4 deleted=0
checkpoint_phase lsn=21328 phase=row_merge_write slot=0 started_ns=1790163073929696000 ended_ns=1790163073961220625 elapsed_us=31524 block_gets=0 block_puts=4 deleted=0
checkpoint_phase lsn=21328 phase=row_merge_write slot=0 started_ns=1790163073961237000 ended_ns=1790163074016149125 elapsed_us=54912 block_gets=0 block_puts=4 deleted=0
checkpoint_phase lsn=21328 phase=row_merge_write slot=0 started_ns=1790163074016186000 ended_ns=1790163074054741000 elapsed_us=38555 block_gets=0 block_puts=4 deleted=0
checkpoint_phase lsn=21328 phase=row_merge_write slot=0 started_ns=1790163074054774000 ended_ns=1790163074075102958 elapsed_us=20328 block_gets=0 block_puts=4 deleted=0
checkpoint_phase lsn=21328 phase=row_merge_write slot=0 started_ns=1790163074075122000 ended_ns=1790163074129511667 elapsed_us=54389 block_gets=0 block_puts=4 deleted=0
checkpoint_phase lsn=21328 phase=row_merge_write slot=0 started_ns=1790163074129534000 ended_ns=1790163074193582709 elapsed_us=64048 block_gets=0 block_puts=4 deleted=0
checkpoint_phase lsn=21328 phase=row_merge_write slot=0 started_ns=1790163074193602000 ended_ns=1790163074217397458 elapsed_us=23795 block_gets=0 block_puts=4 deleted=0
checkpoint_phase lsn=21328 phase=row_merge_write slot=0 started_ns=1790163074217416000 ended_ns=1790163074234296000 elapsed_us=16880 block_gets=0 block_puts=4 deleted=0
checkpoint_phase lsn=21328 phase=row_merge_write slot=0 started_ns=1790163074234313000 ended_ns=1790163074290491333 elapsed_us=56178 block_gets=0 block_puts=4 deleted=0
checkpoint_phase lsn=21328 phase=row_merge_write slot=0 started_ns=1790163074290516000 ended_ns=1790163074340983584 elapsed_us=50467 block_gets=0 block_puts=4 deleted=0
checkpoint_phase lsn=21328 phase=row_merge_write slot=0 started_ns=1790163074341004000 ended_ns=1790163074357172667 elapsed_us=16168 block_gets=0 block_puts=4 deleted=0
checkpoint_phase lsn=21328 phase=row_merge_write slot=0 started_ns=1790163074357193000 ended_ns=1790163074370840291 elapsed_us=13647 block_gets=0 block_puts=4 deleted=0
checkpoint_phase lsn=21328 phase=row_merge_write slot=0 started_ns=1790163074370857000 ended_ns=1790163074434101583 elapsed_us=63244 block_gets=0 block_puts=4 deleted=0
checkpoint_phase lsn=21328 phase=row_merge_write slot=0 started_ns=1790163074434122000 ended_ns=1790163074511634375 elapsed_us=77512 block_gets=0 block_puts=4 deleted=0
checkpoint_phase lsn=21328 phase=row_merge_write slot=0 started_ns=1790163074511655000 ended_ns=1790163074534025417 elapsed_us=22370 block_gets=0 block_puts=4 deleted=0
checkpoint_phase lsn=21328 phase=row_merge_write slot=0 started_ns=1790163074534042000 ended_ns=1790163074553933708 elapsed_us=19891 block_gets=0 block_puts=4 deleted=0
checkpoint_phase lsn=21328 phase=row_merge_write slot=0 started_ns=1790163074553953000 ended_ns=1790163074618213042 elapsed_us=64260 block_gets=0 block_puts=4 deleted=0
checkpoint_phase lsn=21328 phase=row_merge_write slot=0 started_ns=1790163074618232000 ended_ns=1790163074731555625 elapsed_us=113323 block_gets=0 block_puts=4 deleted=0
checkpoint_phase lsn=21328 phase=row_merge_write slot=0 started_ns=1790163074731580000 ended_ns=1790163074754404000 elapsed_us=22824 block_gets=0 block_puts=4 deleted=0
checkpoint_phase lsn=21328 phase=row_merge_write slot=0 started_ns=1790163074754426000 ended_ns=1790163074889972541 elapsed_us=135546 block_gets=0 block_puts=4 deleted=0
checkpoint_phase lsn=21328 phase=row_merge_write slot=0 started_ns=1790163074889998000 ended_ns=1790163074930196333 elapsed_us=40198 block_gets=0 block_puts=4 deleted=0
checkpoint_phase lsn=21328 phase=row_merge_write slot=0 started_ns=1790163074930219000 ended_ns=1790163074950399667 elapsed_us=20180 block_gets=0 block_puts=4 deleted=0
checkpoint_phase lsn=21328 phase=row_merge_write slot=0 started_ns=1790163074950421000 ended_ns=1790163075051142167 elapsed_us=100721 block_gets=0 block_puts=4 deleted=0
checkpoint_phase lsn=21328 phase=row_merge_write slot=0 started_ns=1790163075051164000 ended_ns=1790163075125635458 elapsed_us=74471 block_gets=0 block_puts=4 deleted=0
checkpoint_phase lsn=21328 phase=row_merge_write slot=0 started_ns=1790163075125657000 ended_ns=1790163075139713667 elapsed_us=14056 block_gets=0 block_puts=4 deleted=0
checkpoint_phase lsn=21328 phase=row_merge_write slot=0 started_ns=1790163075139732000 ended_ns=1790163075177912459 elapsed_us=38180 block_gets=0 block_puts=4 deleted=0
checkpoint_phase lsn=21328 phase=row_merge_write slot=0 started_ns=1790163075177930000 ended_ns=1790163075265905208 elapsed_us=87975 block_gets=0 block_puts=4 deleted=0
checkpoint_phase lsn=21328 phase=row_merge_write slot=0 started_ns=1790163075265945000 ended_ns=1790163075319043875 elapsed_us=53098 block_gets=0 block_puts=4 deleted=0
checkpoint_phase lsn=21328 phase=row_merge_write slot=0 started_ns=1790163075319062000 ended_ns=1790163075335907875 elapsed_us=16845 block_gets=0 block_puts=4 deleted=0
checkpoint_phase lsn=21328 phase=row_merge_write slot=0 started_ns=1790163075335927000 ended_ns=1790163075383915875 elapsed_us=47988 block_gets=0 block_puts=4 deleted=0
checkpoint_phase lsn=21328 phase=row_merge_write slot=0 started_ns=1790163075383934000 ended_ns=1790163075441431167 elapsed_us=57497 block_gets=0 block_puts=4 deleted=0
checkpoint_phase lsn=21328 phase=row_merge_write slot=0 started_ns=1790163075441452000 ended_ns=1790163075468456333 elapsed_us=27004 block_gets=0 block_puts=4 deleted=0
checkpoint_phase lsn=21328 phase=row_merge_write slot=0 started_ns=1790163075468473000 ended_ns=1790163075487772917 elapsed_us=19299 block_gets=0 block_puts=4 deleted=0
checkpoint_phase lsn=21328 phase=row_merge_write slot=0 started_ns=1790163075487789000 ended_ns=1790163075549795541 elapsed_us=62006 block_gets=0 block_puts=4 deleted=0
checkpoint_phase lsn=21328 phase=row_merge_write slot=0 started_ns=1790163075549814000 ended_ns=1790163075601179750 elapsed_us=51365 block_gets=0 block_puts=4 deleted=0
checkpoint_phase lsn=21328 phase=row_merge_write slot=0 started_ns=1790163075601198000 ended_ns=1790163075633009750 elapsed_us=31811 block_gets=0 block_puts=4 deleted=0
checkpoint_phase lsn=21328 phase=row_merge_write slot=0 started_ns=1790163075633029000 ended_ns=1790163075718895334 elapsed_us=85866 block_gets=0 block_puts=4 deleted=0
checkpoint_phase lsn=21328 phase=row_merge_write slot=0 started_ns=1790163075718916000 ended_ns=1790163075771967750 elapsed_us=53051 block_gets=0 block_puts=8 deleted=0
checkpoint_phase lsn=21328 phase=manifest slot=-1 started_ns=1790163075771988000 ended_ns=1790163075773973041 elapsed_us=1985 block_gets=0 block_puts=0 deleted=0
checkpoint_phase lsn=21328 phase=local_cleanup slot=-1 started_ns=1790163075774002000 ended_ns=1790163075774068292 elapsed_us=66 block_gets=0 block_puts=0 deleted=0
checkpoint_phase lsn=21328 phase=commit_prune slot=-1 started_ns=1790163075774077000 ended_ns=1790163075777257416 elapsed_us=3180 block_gets=0 block_puts=0 deleted=0
checkpoint_phase lsn=21328 phase=legacy_gc slot=-1 started_ns=1790163075777281000 ended_ns=1790163075777877083 elapsed_us=596 block_gets=0 block_puts=0 deleted=0
checkpoint_phase lsn=21328 phase=gc_keep slot=-1 started_ns=1790163075777892000 ended_ns=1790163075779016125 elapsed_us=1124 block_gets=0 block_puts=0 deleted=0
checkpoint_phase lsn=21328 phase=gc_list slot=-1 started_ns=1790163075779028000 ended_ns=1790163075905118042 elapsed_us=126090 block_gets=0 block_puts=0 deleted=0
checkpoint_phase lsn=21328 phase=gc_delete slot=-1 started_ns=1790163075905141000 ended_ns=1790163075939356042 elapsed_us=34215 block_gets=0 block_puts=0 deleted=10
checkpoint_phase lsn=21328 phase=row_merge_schedule slot=0 started_ns=1790163075945712000 ended_ns=1790163075956567333 elapsed_us=10855 block_gets=8 block_puts=0 deleted=0
checkpoint_phase lsn=21328 phase=row_merge_schedule slot=0 started_ns=1790163075962618000 ended_ns=1790163075970201209 elapsed_us=7583 block_gets=7 block_puts=0 deleted=0
checkpoint_phase lsn=21328 phase=row_merge_schedule slot=0 started_ns=1790163075970222000 ended_ns=1790163075971935458 elapsed_us=1713 block_gets=2 block_puts=0 deleted=0
checkpoint_phase lsn=21328 phase=row_merge_schedule slot=0 started_ns=1790163075971946000 ended_ns=1790163075973024875 elapsed_us=1078 block_gets=1 block_puts=0 deleted=0
checkpoint_phase lsn=21328 phase=row_merge_write slot=0 started_ns=1790163075973036000 ended_ns=1790163076138319000 elapsed_us=165283 block_gets=0 block_puts=5 deleted=0
checkpoint_phase lsn=21328 phase=row_merge_write slot=0 started_ns=1790163076138344000 ended_ns=1790163076180728292 elapsed_us=42384 block_gets=0 block_puts=4 deleted=0
checkpoint_phase lsn=21328 phase=row_merge_write slot=0 started_ns=1790163076180748000 ended_ns=1790163076196860208 elapsed_us=16112 block_gets=0 block_puts=4 deleted=0
checkpoint_phase lsn=21328 phase=row_merge_write slot=0 started_ns=1790163076196896000 ended_ns=1790163076215936792 elapsed_us=19040 block_gets=0 block_puts=4 deleted=0
checkpoint_phase lsn=21328 phase=row_merge_write slot=0 started_ns=1790163076215955000 ended_ns=1790163076292758334 elapsed_us=76803 block_gets=0 block_puts=4 deleted=0
checkpoint_phase lsn=21328 phase=row_merge_write slot=0 started_ns=1790163076292778000 ended_ns=1790163076329503084 elapsed_us=36725 block_gets=0 block_puts=4 deleted=0
checkpoint_phase lsn=21328 phase=row_merge_write slot=0 started_ns=1790163076329524000 ended_ns=1790163076355271000 elapsed_us=25747 block_gets=0 block_puts=4 deleted=0
checkpoint_phase lsn=21328 phase=row_merge_write slot=0 started_ns=1790163076355292000 ended_ns=1790163076421585834 elapsed_us=66293 block_gets=0 block_puts=8 deleted=0
checkpoint_phase lsn=21328 phase=manifest slot=-1 started_ns=1790163076421609000 ended_ns=1790163076428270458 elapsed_us=6661 block_gets=0 block_puts=0 deleted=0
checkpoint_phase lsn=21328 phase=local_cleanup slot=-1 started_ns=1790163076428289000 ended_ns=1790163076428351625 elapsed_us=62 block_gets=0 block_puts=0 deleted=0
checkpoint_phase lsn=21328 phase=commit_prune slot=-1 started_ns=1790163076428358000 ended_ns=1790163076435471500 elapsed_us=7113 block_gets=0 block_puts=0 deleted=0
checkpoint_phase lsn=21328 phase=legacy_gc slot=-1 started_ns=1790163076435489000 ended_ns=1790163076440247416 elapsed_us=4758 block_gets=0 block_puts=0 deleted=0
checkpoint_phase lsn=21328 phase=gc_keep slot=-1 started_ns=1790163076440271000 ended_ns=1790163076441453208 elapsed_us=1182 block_gets=0 block_puts=0 deleted=0
checkpoint_phase lsn=21328 phase=gc_list slot=-1 started_ns=1790163076441466000 ended_ns=1790163076513355959 elapsed_us=71889 block_gets=0 block_puts=0 deleted=0
checkpoint_phase lsn=21328 phase=gc_delete slot=-1 started_ns=1790163076513386000 ended_ns=1790163076522742250 elapsed_us=9356 block_gets=0 block_puts=0 deleted=7
checkpoint_phase lsn=21328 phase=row_merge_schedule slot=0 started_ns=1790163076522975000 ended_ns=1790163076533501167 elapsed_us=10526 block_gets=8 block_puts=0 deleted=0
checkpoint_phase lsn=21328 phase=row_merge_schedule slot=0 started_ns=1790163076539889000 ended_ns=1790163076551657792 elapsed_us=11768 block_gets=7 block_puts=0 deleted=0
checkpoint_phase lsn=21344 phase=value_index_schedule slot=0 started_ns=1790163076638641000 ended_ns=1790163076638647208 elapsed_us=6 block_gets=0 block_puts=0 deleted=0
checkpoint_phase lsn=21344 phase=row_merge_schedule slot=0 started_ns=1790163076638730000 ended_ns=1790163076668795666 elapsed_us=30065 block_gets=7 block_puts=0 deleted=0
checkpoint_phase lsn=21344 phase=value_index_schedule slot=0 started_ns=1790163076675499000 ended_ns=1790163076675539791 elapsed_us=40 block_gets=0 block_puts=0 deleted=0
checkpoint_phase lsn=21344 phase=row_merge_schedule slot=0 started_ns=1790163076675625000 ended_ns=1790163076691187333 elapsed_us=15562 block_gets=7 block_puts=0 deleted=0
checkpoint_phase lsn=21344 phase=value_index_write slot=0 started_ns=1790163076697875000 ended_ns=1790163076697877542 elapsed_us=2 block_gets=0 block_puts=0 deleted=0
checkpoint_phase lsn=21344 phase=row_merge_schedule slot=0 started_ns=1790163076697954000 ended_ns=1790163076743595125 elapsed_us=45641 block_gets=7 block_puts=0 deleted=0
checkpoint_phase lsn=21344 phase=value_index_write slot=0 started_ns=1790163076749723000 ended_ns=1790163076750984166 elapsed_us=1261 block_gets=0 block_puts=0 deleted=0
checkpoint_phase lsn=21344 phase=row_merge_schedule slot=0 started_ns=1790163076756821000 ended_ns=1790163076793645625 elapsed_us=36824 block_gets=7 block_puts=0 deleted=0
checkpoint_phase lsn=21360 phase=row_merge_schedule slot=0 started_ns=1790163076852876000 ended_ns=1790163076861523958 elapsed_us=8647 block_gets=7 block_puts=0 deleted=0
checkpoint_phase lsn=21360 phase=value_index_schedule slot=0 started_ns=1790163076867784000 ended_ns=1790163076867789750 elapsed_us=5 block_gets=0 block_puts=0 deleted=0
checkpoint_phase lsn=21360 phase=row_merge_schedule slot=0 started_ns=1790163076867899000 ended_ns=1790163076874310459 elapsed_us=6411 block_gets=7 block_puts=0 deleted=0
checkpoint_phase lsn=21360 phase=value_index_schedule slot=0 started_ns=1790163076881202000 ended_ns=1790163076881248417 elapsed_us=46 block_gets=0 block_puts=0 deleted=0
checkpoint_phase lsn=21360 phase=row_merge_schedule slot=0 started_ns=1790163076881322000 ended_ns=1790163076892909917 elapsed_us=11587 block_gets=7 block_puts=0 deleted=0
checkpoint_phase lsn=21360 phase=value_index_write slot=0 started_ns=1790163076898866000 ended_ns=1790163076898868583 elapsed_us=2 block_gets=0 block_puts=0 deleted=0
checkpoint_phase lsn=21360 phase=row_merge_schedule slot=0 started_ns=1790163076898936000 ended_ns=1790163076943114250 elapsed_us=44178 block_gets=7 block_puts=0 deleted=0
checkpoint_phase lsn=21360 phase=value_index_write slot=0 started_ns=1790163076949682000 ended_ns=1790163076949782000 elapsed_us=100 block_gets=0 block_puts=0 deleted=0
checkpoint_phase lsn=21360 phase=row_merge_schedule slot=0 started_ns=1790163076949855000 ended_ns=1790163076981754250 elapsed_us=31899 block_gets=7 block_puts=0 deleted=0
checkpoint_phase lsn=21376 phase=row_merge_schedule slot=0 started_ns=1790163077028063000 ended_ns=1790163077054536583 elapsed_us=26473 block_gets=7 block_puts=0 deleted=0
checkpoint_phase lsn=21376 phase=value_index_schedule slot=0 started_ns=1790163077060466000 ended_ns=1790163077060471416 elapsed_us=5 block_gets=0 block_puts=0 deleted=0
checkpoint_phase lsn=21376 phase=row_merge_schedule slot=0 started_ns=1790163077060531000 ended_ns=1790163077103000000 elapsed_us=42469 block_gets=7 block_puts=0 deleted=0
checkpoint_phase lsn=21376 phase=value_index_schedule slot=0 started_ns=1790163077108900000 ended_ns=1790163077108946292 elapsed_us=46 block_gets=0 block_puts=0 deleted=0
checkpoint_phase lsn=21376 phase=row_merge_schedule slot=0 started_ns=1790163077109010000 ended_ns=1790163077140319792 elapsed_us=31309 block_gets=7 block_puts=0 deleted=0
checkpoint_phase lsn=21376 phase=value_index_write slot=0 started_ns=1790163077146101000 ended_ns=1790163077146103000 elapsed_us=2 block_gets=0 block_puts=0 deleted=0
checkpoint_phase lsn=21376 phase=row_merge_schedule slot=0 started_ns=1790163077146215000 ended_ns=1790163077178122292 elapsed_us=31907 block_gets=7 block_puts=0 deleted=0
checkpoint_phase lsn=21376 phase=value_index_write slot=0 started_ns=1790163077184107000 ended_ns=1790163077184199334 elapsed_us=92 block_gets=0 block_puts=0 deleted=0
checkpoint_phase lsn=21376 phase=row_merge_schedule slot=0 started_ns=1790163077184264000 ended_ns=1790163077191213875 elapsed_us=6949 block_gets=7 block_puts=0 deleted=0
checkpoint_phase lsn=21392 phase=row_merge_schedule slot=0 started_ns=1790163077242708000 ended_ns=1790163077315451667 elapsed_us=72743 block_gets=7 block_puts=0 deleted=0
checkpoint_phase lsn=21392 phase=value_index_schedule slot=0 started_ns=1790163077322010000 ended_ns=1790163077322015125 elapsed_us=5 block_gets=0 block_puts=0 deleted=0
checkpoint_phase lsn=21392 phase=row_merge_schedule slot=0 started_ns=1790163077322089000 ended_ns=1790163077341258958 elapsed_us=19169 block_gets=7 block_puts=0 deleted=0
checkpoint_phase lsn=21392 phase=value_index_schedule slot=0 started_ns=1790163077347438000 ended_ns=1790163077347491166 elapsed_us=53 block_gets=0 block_puts=0 deleted=0
checkpoint_phase lsn=21392 phase=row_merge_schedule slot=0 started_ns=1790163077347585000 ended_ns=1790163077363371375 elapsed_us=15786 block_gets=7 block_puts=0 deleted=0
checkpoint_phase lsn=21392 phase=value_index_write slot=0 started_ns=1790163077369644000 ended_ns=1790163077369647292 elapsed_us=3 block_gets=0 block_puts=0 deleted=0
checkpoint_phase lsn=21392 phase=row_merge_schedule slot=0 started_ns=1790163077369722000 ended_ns=1790163077407151167 elapsed_us=37429 block_gets=7 block_puts=0 deleted=0
checkpoint_phase lsn=21392 phase=value_index_write slot=0 started_ns=1790163077413257000 ended_ns=1790163077413352875 elapsed_us=95 block_gets=0 block_puts=0 deleted=0
checkpoint_phase lsn=21392 phase=row_merge_schedule slot=0 started_ns=1790163077413447000 ended_ns=1790163077466360875 elapsed_us=52913 block_gets=7 block_puts=0 deleted=0
checkpoint_phase lsn=21408 phase=row_merge_schedule slot=0 started_ns=1790163077538842000 ended_ns=1790163077578228042 elapsed_us=39386 block_gets=7 block_puts=0 deleted=0
checkpoint_phase lsn=21408 phase=value_index_schedule slot=0 started_ns=1790163077584129000 ended_ns=1790163077584134500 elapsed_us=5 block_gets=0 block_puts=0 deleted=0
checkpoint_phase lsn=21408 phase=row_merge_schedule slot=0 started_ns=1790163077584196000 ended_ns=1790163077614647167 elapsed_us=30451 block_gets=7 block_puts=0 deleted=0
checkpoint_phase lsn=21408 phase=value_index_schedule slot=0 started_ns=1790163077620617000 ended_ns=1790163077620676041 elapsed_us=59 block_gets=0 block_puts=0 deleted=0
checkpoint_phase lsn=21408 phase=row_merge_schedule slot=0 started_ns=1790163077620742000 ended_ns=1790163077632359167 elapsed_us=11617 block_gets=7 block_puts=0 deleted=0
checkpoint_phase lsn=21408 phase=value_index_write slot=0 started_ns=1790163077638386000 ended_ns=1790163077638388417 elapsed_us=2 block_gets=0 block_puts=0 deleted=0
checkpoint_phase lsn=21408 phase=row_merge_schedule slot=0 started_ns=1790163077638456000 ended_ns=1790163077649372166 elapsed_us=10916 block_gets=7 block_puts=0 deleted=0
checkpoint_phase lsn=21408 phase=value_index_write slot=0 started_ns=1790163077655944000 ended_ns=1790163077656041417 elapsed_us=97 block_gets=0 block_puts=0 deleted=0
checkpoint_phase lsn=21408 phase=row_merge_schedule slot=0 started_ns=1790163077656142000 ended_ns=1790163077676298334 elapsed_us=20156 block_gets=7 block_puts=0 deleted=0
checkpoint_phase lsn=21424 phase=row_merge_schedule slot=0 started_ns=1790163077738301000 ended_ns=1790163077782216625 elapsed_us=43915 block_gets=7 block_puts=0 deleted=0
checkpoint_phase lsn=21424 phase=value_index_schedule slot=0 started_ns=1790163077788573000 ended_ns=1790163077788578667 elapsed_us=5 block_gets=0 block_puts=0 deleted=0
checkpoint_phase lsn=21424 phase=row_merge_schedule slot=0 started_ns=1790163077788678000 ended_ns=1790163077819689042 elapsed_us=31011 block_gets=7 block_puts=0 deleted=0
checkpoint_phase lsn=21424 phase=value_index_schedule slot=0 started_ns=1790163077825972000 ended_ns=1790163077826035625 elapsed_us=63 block_gets=0 block_puts=0 deleted=0
checkpoint_phase lsn=21424 phase=row_merge_schedule slot=0 started_ns=1790163077826110000 ended_ns=1790163077844249083 elapsed_us=18139 block_gets=7 block_puts=0 deleted=0
checkpoint_phase lsn=21424 phase=value_index_write slot=0 started_ns=1790163077851101000 ended_ns=1790163077851104209 elapsed_us=3 block_gets=0 block_puts=0 deleted=0
checkpoint_phase lsn=21424 phase=row_merge_schedule slot=0 started_ns=1790163077851262000 ended_ns=1790163077869997125 elapsed_us=18735 block_gets=7 block_puts=0 deleted=0
checkpoint_phase lsn=21424 phase=value_index_write slot=0 started_ns=1790163077875906000 ended_ns=1790163077876008375 elapsed_us=102 block_gets=0 block_puts=0 deleted=0
checkpoint_phase lsn=21424 phase=row_merge_schedule slot=0 started_ns=1790163077876090000 ended_ns=1790163077895157291 elapsed_us=19067 block_gets=3 block_puts=0 deleted=0
checkpoint_phase lsn=21440 phase=row_merge_schedule slot=0 started_ns=1790163077943543000 ended_ns=1790163077992115709 elapsed_us=48572 block_gets=8 block_puts=0 deleted=0
checkpoint_phase lsn=21440 phase=value_index_schedule slot=0 started_ns=1790163077998765000 ended_ns=1790163077998770250 elapsed_us=5 block_gets=0 block_puts=0 deleted=0
checkpoint_phase lsn=21440 phase=row_merge_schedule slot=0 started_ns=1790163077998836000 ended_ns=1790163078062695917 elapsed_us=63859 block_gets=7 block_puts=0 deleted=0
checkpoint_phase lsn=21440 phase=value_index_schedule slot=0 started_ns=1790163078068896000 ended_ns=1790163078068963375 elapsed_us=67 block_gets=0 block_puts=0 deleted=0
checkpoint_phase lsn=21440 phase=row_merge_schedule slot=0 started_ns=1790163078069055000 ended_ns=1790163078075740625 elapsed_us=6685 block_gets=2 block_puts=0 deleted=0
checkpoint_phase lsn=21440 phase=value_index_write slot=0 started_ns=1790163078082033000 ended_ns=1790163078082035166 elapsed_us=2 block_gets=0 block_puts=0 deleted=0
checkpoint_phase lsn=21440 phase=row_merge_write slot=0 started_ns=1790163078082123000 ended_ns=1790163078084950292 elapsed_us=2827 block_gets=0 block_puts=0 deleted=0
checkpoint_phase lsn=21440 phase=value_index_write slot=0 started_ns=1790163078091538000 ended_ns=1790163078091644417 elapsed_us=106 block_gets=0 block_puts=0 deleted=0
checkpoint_phase lsn=21440 phase=row_merge_write slot=0 started_ns=1790163078091728000 ended_ns=1790163078094575084 elapsed_us=2847 block_gets=0 block_puts=0 deleted=0
checkpoint_phase lsn=21456 phase=row_merge_write slot=0 started_ns=1790163078159929000 ended_ns=1790163078162740208 elapsed_us=2811 block_gets=0 block_puts=0 deleted=0
checkpoint_phase lsn=21456 phase=value_index_schedule slot=0 started_ns=1790163078168657000 ended_ns=1790163078168662417 elapsed_us=5 block_gets=0 block_puts=0 deleted=0
checkpoint_phase lsn=21456 phase=row_merge_write slot=0 started_ns=1790163078168724000 ended_ns=1790163078171492084 elapsed_us=2768 block_gets=0 block_puts=0 deleted=0
checkpoint_phase lsn=21456 phase=value_index_schedule slot=0 started_ns=1790163078178145000 ended_ns=1790163078178213792 elapsed_us=68 block_gets=0 block_puts=0 deleted=0
checkpoint_phase lsn=21456 phase=row_merge_write slot=0 started_ns=1790163078178293000 ended_ns=1790163078181246000 elapsed_us=2953 block_gets=0 block_puts=0 deleted=0
checkpoint_phase lsn=21456 phase=value_index_write slot=0 started_ns=1790163078187020000 ended_ns=1790163078187022083 elapsed_us=2 block_gets=0 block_puts=0 deleted=0
checkpoint_phase lsn=21456 phase=row_merge_write slot=0 started_ns=1790163078187083000 ended_ns=1790163078189868250 elapsed_us=2785 block_gets=0 block_puts=0 deleted=0
checkpoint_phase lsn=21456 phase=value_index_write slot=0 started_ns=1790163078196682000 ended_ns=1790163078196909125 elapsed_us=227 block_gets=0 block_puts=0 deleted=0
checkpoint_phase lsn=21460 phase=row_merge_write slot=0 started_ns=1790163078214002000 ended_ns=1790163078216855125 elapsed_us=2853 block_gets=0 block_puts=0 deleted=0
checkpoint_phase lsn=21472 phase=row_merge_write slot=0 started_ns=1790163078251425000 ended_ns=1790163078254232125 elapsed_us=2807 block_gets=0 block_puts=0 deleted=0
checkpoint_phase lsn=21472 phase=value_index_schedule slot=0 started_ns=1790163078260174000 ended_ns=1790163078260179125 elapsed_us=5 block_gets=0 block_puts=0 deleted=0
checkpoint_phase lsn=21472 phase=row_merge_write slot=0 started_ns=1790163078260253000 ended_ns=1790163078262626541 elapsed_us=2373 block_gets=0 block_puts=0 deleted=0
checkpoint_phase lsn=21472 phase=value_index_schedule slot=0 started_ns=1790163078268464000 ended_ns=1790163078268535583 elapsed_us=71 block_gets=0 block_puts=0 deleted=0
checkpoint_phase lsn=21472 phase=row_merge_write slot=0 started_ns=1790163078268599000 ended_ns=1790163078271396542 elapsed_us=2797 block_gets=0 block_puts=0 deleted=0
checkpoint_phase lsn=21472 phase=value_index_write slot=0 started_ns=1790163078277172000 ended_ns=1790163078277174417 elapsed_us=2 block_gets=0 block_puts=0 deleted=0
checkpoint_phase lsn=21472 phase=row_merge_write slot=0 started_ns=1790163078277245000 ended_ns=1790163078280062958 elapsed_us=2817 block_gets=0 block_puts=0 deleted=0
checkpoint_phase lsn=21476 phase=row_merge_write slot=0 started_ns=1790163078302408000 ended_ns=1790163078305264459 elapsed_us=2856 block_gets=0 block_puts=0 deleted=0
checkpoint_phase lsn=21488 phase=value_index_schedule slot=0 started_ns=1790163078342290000 ended_ns=1790163078342296125 elapsed_us=6 block_gets=0 block_puts=0 deleted=0
checkpoint_phase lsn=21488 phase=row_merge_write slot=0 started_ns=1790163078342388000 ended_ns=1790163078345229958 elapsed_us=2841 block_gets=0 block_puts=0 deleted=0
checkpoint_phase lsn=21488 phase=value_index_schedule slot=0 started_ns=1790163078351787000 ended_ns=1790163078351863125 elapsed_us=76 block_gets=0 block_puts=0 deleted=0
checkpoint_phase lsn=21488 phase=row_merge_write slot=0 started_ns=1790163078351963000 ended_ns=1790163078354825209 elapsed_us=2862 block_gets=0 block_puts=0 deleted=0
checkpoint_phase lsn=21488 phase=value_index_write slot=0 started_ns=1790163078360814000 ended_ns=1790163078360816500 elapsed_us=2 block_gets=0 block_puts=0 deleted=0
checkpoint_phase lsn=21488 phase=row_merge_write slot=0 started_ns=1790163078360891000 ended_ns=1790163078363734750 elapsed_us=2843 block_gets=0 block_puts=0 deleted=0
checkpoint_phase lsn=21488 phase=value_index_write slot=0 started_ns=1790163078370316000 ended_ns=1790163078370433583 elapsed_us=117 block_gets=0 block_puts=0 deleted=0
checkpoint_phase lsn=21488 phase=row_merge_write slot=0 started_ns=1790163078370515000 ended_ns=1790163078373389667 elapsed_us=2874 block_gets=0 block_puts=0 deleted=0
checkpoint_phase lsn=21492 phase=row_merge_write slot=0 started_ns=1790163078401261000 ended_ns=1790163078404087917 elapsed_us=2826 block_gets=0 block_puts=0 deleted=0
checkpoint_phase lsn=21504 phase=value_index_schedule slot=0 started_ns=1790163078446635000 ended_ns=1790163078446640958 elapsed_us=5 block_gets=0 block_puts=0 deleted=0
checkpoint_phase lsn=21504 phase=row_merge_write slot=0 started_ns=1790163078446720000 ended_ns=1790163078449540334 elapsed_us=2820 block_gets=0 block_puts=0 deleted=0
checkpoint_phase lsn=21504 phase=value_index_schedule slot=0 started_ns=1790163078455258000 ended_ns=1790163078455340125 elapsed_us=82 block_gets=0 block_puts=0 deleted=0
checkpoint_phase lsn=21504 phase=row_merge_write slot=0 started_ns=1790163078455404000 ended_ns=1790163078458185625 elapsed_us=2781 block_gets=0 block_puts=0 deleted=0
checkpoint_phase lsn=21504 phase=value_index_write slot=0 started_ns=1790163078463947000 ended_ns=1790163078463949250 elapsed_us=2 block_gets=0 block_puts=0 deleted=0
checkpoint_phase lsn=21504 phase=row_merge_write slot=0 started_ns=1790163078464027000 ended_ns=1790163078466888708 elapsed_us=2861 block_gets=0 block_puts=0 deleted=0
checkpoint_phase lsn=21504 phase=value_index_write slot=0 started_ns=1790163078472775000 ended_ns=1790163078472898958 elapsed_us=123 block_gets=0 block_puts=0 deleted=0
checkpoint_phase lsn=21504 phase=row_merge_write slot=0 started_ns=1790163078472965000 ended_ns=1790163078475837500 elapsed_us=2872 block_gets=0 block_puts=0 deleted=0
checkpoint_phase lsn=21508 phase=row_merge_write slot=0 started_ns=1790163078491730000 ended_ns=1790163078494599917 elapsed_us=2869 block_gets=0 block_puts=0 deleted=0
checkpoint_phase lsn=21520 phase=value_index_schedule slot=0 started_ns=1790163078519023000 ended_ns=1790163078519029750 elapsed_us=6 block_gets=0 block_puts=0 deleted=0
checkpoint_phase lsn=21520 phase=row_merge_write slot=0 started_ns=1790163078519112000 ended_ns=1790163078521958292 elapsed_us=2846 block_gets=0 block_puts=0 deleted=0
checkpoint_phase lsn=21520 phase=value_index_schedule slot=0 started_ns=1790163078528064000 ended_ns=1790163078528150208 elapsed_us=86 block_gets=0 block_puts=0 deleted=0
checkpoint_phase lsn=21520 phase=row_merge_write slot=0 started_ns=1790163078528223000 ended_ns=1790163078531738542 elapsed_us=3515 block_gets=0 block_puts=0 deleted=0
checkpoint_phase lsn=21520 phase=value_index_write slot=0 started_ns=1790163078537673000 ended_ns=1790163078537675000 elapsed_us=2 block_gets=0 block_puts=0 deleted=0
checkpoint_phase lsn=21520 phase=row_merge_write slot=0 started_ns=1790163078537733000 ended_ns=1790163078540534333 elapsed_us=2801 block_gets=0 block_puts=0 deleted=0
checkpoint_phase lsn=21520 phase=value_index_write slot=0 started_ns=1790163078546236000 ended_ns=1790163078546363166 elapsed_us=127 block_gets=0 block_puts=0 deleted=0
checkpoint_phase lsn=21520 phase=row_merge_write slot=0 started_ns=1790163078546426000 ended_ns=1790163078549299000 elapsed_us=2873 block_gets=0 block_puts=0 deleted=0
checkpoint_phase lsn=21524 phase=row_merge_write slot=0 started_ns=1790163078581955000 ended_ns=1790163078584761041 elapsed_us=2806 block_gets=0 block_puts=0 deleted=0
checkpoint_phase lsn=21536 phase=value_index_schedule slot=0 started_ns=1790163078634030000 ended_ns=1790163078634036042 elapsed_us=6 block_gets=0 block_puts=0 deleted=0
checkpoint_phase lsn=21536 phase=row_merge_write slot=0 started_ns=1790163078634131000 ended_ns=1790163078636985375 elapsed_us=2854 block_gets=0 block_puts=0 deleted=0
checkpoint_phase lsn=21536 phase=value_index_schedule slot=0 started_ns=1790163078643753000 ended_ns=1790163078643843958 elapsed_us=90 block_gets=0 block_puts=0 deleted=0
checkpoint_phase lsn=21536 phase=row_merge_write slot=0 started_ns=1790163078643929000 ended_ns=1790163078646779792 elapsed_us=2850 block_gets=0 block_puts=0 deleted=0
checkpoint_phase lsn=21536 phase=value_index_write slot=0 started_ns=1790163078652857000 ended_ns=1790163078652859792 elapsed_us=2 block_gets=0 block_puts=0 deleted=0
checkpoint_phase lsn=21536 phase=row_merge_write slot=0 started_ns=1790163078652934000 ended_ns=1790163078655789917 elapsed_us=2855 block_gets=0 block_puts=0 deleted=0
checkpoint_phase lsn=21536 phase=value_index_write slot=0 started_ns=1790163078661771000 ended_ns=1790163078661896167 elapsed_us=125 block_gets=0 block_puts=0 deleted=0
checkpoint_phase lsn=21536 phase=row_merge_write slot=0 started_ns=1790163078661958000 ended_ns=1790163078664809000 elapsed_us=2851 block_gets=0 block_puts=0 deleted=0
checkpoint_phase lsn=21540 phase=row_merge_write slot=0 started_ns=1790163078683940000 ended_ns=1790163078686792834 elapsed_us=2852 block_gets=0 block_puts=0 deleted=0
checkpoint_phase lsn=21552 phase=value_index_schedule slot=0 started_ns=1790163078731588000 ended_ns=1790163078731594333 elapsed_us=6 block_gets=0 block_puts=0 deleted=0
checkpoint_phase lsn=21552 phase=row_merge_write slot=0 started_ns=1790163078731682000 ended_ns=1790163078734463708 elapsed_us=2781 block_gets=0 block_puts=0 deleted=0
checkpoint_phase lsn=21552 phase=value_index_schedule slot=0 started_ns=1790163078740180000 ended_ns=1790163078740276667 elapsed_us=96 block_gets=0 block_puts=0 deleted=0
checkpoint_phase lsn=21552 phase=row_merge_write slot=0 started_ns=1790163078740345000 ended_ns=1790163078743327083 elapsed_us=2982 block_gets=0 block_puts=0 deleted=0
checkpoint_phase lsn=21552 phase=value_index_write slot=0 started_ns=1790163078749341000 ended_ns=1790163078749343667 elapsed_us=2 block_gets=0 block_puts=0 deleted=0
checkpoint_phase lsn=21552 phase=row_merge_write slot=0 started_ns=1790163078749413000 ended_ns=1790163078752235875 elapsed_us=2822 block_gets=0 block_puts=0 deleted=0
checkpoint_phase lsn=21552 phase=value_index_write slot=0 started_ns=1790163078758109000 ended_ns=1790163078758246208 elapsed_us=137 block_gets=0 block_puts=0 deleted=0
checkpoint_phase lsn=21552 phase=row_merge_write slot=0 started_ns=1790163078758323000 ended_ns=1790163078761147375 elapsed_us=2824 block_gets=0 block_puts=0 deleted=0
checkpoint_phase lsn=21556 phase=row_merge_write slot=0 started_ns=1790163078784906000 ended_ns=1790163078787753542 elapsed_us=2847 block_gets=0 block_puts=0 deleted=0
checkpoint_phase lsn=21568 phase=value_index_schedule slot=0 started_ns=1790163078826032000 ended_ns=1790163078826038459 elapsed_us=6 block_gets=0 block_puts=0 deleted=0
checkpoint_phase lsn=21568 phase=row_merge_write slot=0 started_ns=1790163078826117000 ended_ns=1790163078828959416 elapsed_us=2842 block_gets=0 block_puts=0 deleted=0
checkpoint_phase lsn=21568 phase=value_index_schedule slot=0 started_ns=1790163078834919000 ended_ns=1790163078835014709 elapsed_us=95 block_gets=0 block_puts=0 deleted=0
checkpoint_phase lsn=21568 phase=row_merge_write slot=0 started_ns=1790163078835090000 ended_ns=1790163078837944125 elapsed_us=2854 block_gets=0 block_puts=0 deleted=0
checkpoint_phase lsn=21568 phase=value_index_write slot=0 started_ns=1790163078844739000 ended_ns=1790163078844741500 elapsed_us=2 block_gets=0 block_puts=0 deleted=0
checkpoint_phase lsn=21568 phase=row_merge_write slot=0 started_ns=1790163078844832000 ended_ns=1790163078848190167 elapsed_us=3358 block_gets=0 block_puts=0 deleted=0
checkpoint_phase lsn=21568 phase=value_index_write slot=0 started_ns=1790163078854472000 ended_ns=1790163078854599083 elapsed_us=127 block_gets=0 block_puts=0 deleted=0
checkpoint_phase lsn=21568 phase=row_merge_write slot=0 started_ns=1790163078854705000 ended_ns=1790163078857594500 elapsed_us=2889 block_gets=0 block_puts=0 deleted=0
checkpoint_phase lsn=21572 phase=row_merge_write slot=0 started_ns=1790163078880955000 ended_ns=1790163078883810708 elapsed_us=2855 block_gets=0 block_puts=0 deleted=0
checkpoint_phase lsn=21584 phase=value_index_schedule slot=0 started_ns=1790163078921905000 ended_ns=1790163078921911250 elapsed_us=6 block_gets=0 block_puts=0 deleted=0
checkpoint_phase lsn=21584 phase=row_merge_write slot=0 started_ns=1790163078921992000 ended_ns=1790163078924811916 elapsed_us=2819 block_gets=0 block_puts=0 deleted=0
checkpoint_phase lsn=21584 phase=value_index_schedule slot=0 started_ns=1790163078931339000 ended_ns=1790163078931443125 elapsed_us=104 block_gets=0 block_puts=0 deleted=0
checkpoint_phase lsn=21584 phase=row_merge_write slot=0 started_ns=1790163078931504000 ended_ns=1790163078934464750 elapsed_us=2960 block_gets=0 block_puts=0 deleted=0
checkpoint_phase lsn=21584 phase=value_index_write slot=0 started_ns=1790163078940241000 ended_ns=1790163078940243125 elapsed_us=2 block_gets=0 block_puts=0 deleted=0
checkpoint_phase lsn=21584 phase=row_merge_write slot=0 started_ns=1790163078940298000 ended_ns=1790163078943089417 elapsed_us=2791 block_gets=0 block_puts=0 deleted=0
checkpoint_phase lsn=21584 phase=value_index_write slot=0 started_ns=1790163078948812000 ended_ns=1790163078948938958 elapsed_us=126 block_gets=0 block_puts=0 deleted=0
checkpoint_phase lsn=21584 phase=row_merge_write slot=0 started_ns=1790163078948992000 ended_ns=1790163078951789291 elapsed_us=2797 block_gets=0 block_puts=0 deleted=0
checkpoint_phase lsn=21588 phase=row_merge_write slot=0 started_ns=1790163078973106000 ended_ns=1790163078975976333 elapsed_us=2870 block_gets=0 block_puts=0 deleted=0
checkpoint_phase lsn=21600 phase=value_index_schedule slot=0 started_ns=1790163078999428000 ended_ns=1790163078999433583 elapsed_us=5 block_gets=0 block_puts=0 deleted=0
checkpoint_phase lsn=21600 phase=row_merge_write slot=0 started_ns=1790163078999512000 ended_ns=1790163079002360042 elapsed_us=2848 block_gets=0 block_puts=0 deleted=0
checkpoint_phase lsn=21600 phase=value_index_schedule slot=0 started_ns=1790163079008426000 ended_ns=1790163079008530541 elapsed_us=104 block_gets=0 block_puts=0 deleted=0
checkpoint_phase lsn=21600 phase=row_merge_write slot=0 started_ns=1790163079008613000 ended_ns=1790163079011551125 elapsed_us=2938 block_gets=0 block_puts=0 deleted=0
checkpoint_phase lsn=21600 phase=value_index_write slot=0 started_ns=1790163079017724000 ended_ns=1790163079017726791 elapsed_us=2 block_gets=0 block_puts=0 deleted=0
checkpoint_phase lsn=21600 phase=row_merge_write slot=0 started_ns=1790163079017806000 ended_ns=1790163079020660125 elapsed_us=2854 block_gets=0 block_puts=0 deleted=0
checkpoint_phase lsn=21600 phase=value_index_write slot=0 started_ns=1790163079026702000 ended_ns=1790163079026831125 elapsed_us=129 block_gets=0 block_puts=0 deleted=0
checkpoint_phase lsn=21600 phase=row_merge_write slot=0 started_ns=1790163079026907000 ended_ns=1790163079029773792 elapsed_us=2866 block_gets=0 block_puts=0 deleted=0
checkpoint_phase lsn=21604 phase=row_merge_write slot=0 started_ns=1790163079058707000 ended_ns=1790163079061585125 elapsed_us=2878 block_gets=0 block_puts=0 deleted=0
checkpoint_phase lsn=21616 phase=value_index_schedule slot=0 started_ns=1790163079107435000 ended_ns=1790163079107441416 elapsed_us=6 block_gets=0 block_puts=0 deleted=0
checkpoint_phase lsn=21616 phase=row_merge_write slot=0 started_ns=1790163079107510000 ended_ns=1790163079110378208 elapsed_us=2868 block_gets=0 block_puts=0 deleted=0
checkpoint_phase lsn=21616 phase=value_index_schedule slot=0 started_ns=1790163079116484000 ended_ns=1790163079116597208 elapsed_us=113 block_gets=0 block_puts=0 deleted=0
checkpoint_phase lsn=21616 phase=row_merge_write slot=0 started_ns=1790163079116676000 ended_ns=1790163079119534541 elapsed_us=2858 block_gets=0 block_puts=0 deleted=0
checkpoint_phase lsn=21616 phase=value_index_write slot=0 started_ns=1790163079125555000 ended_ns=1790163079125556917 elapsed_us=1 block_gets=0 block_puts=0 deleted=0
checkpoint_phase lsn=21616 phase=row_merge_write slot=0 started_ns=1790163079125628000 ended_ns=1790163079128482667 elapsed_us=2854 block_gets=0 block_puts=0 deleted=0
checkpoint_phase lsn=21616 phase=value_index_write slot=0 started_ns=1790163079135410000 ended_ns=1790163079135540334 elapsed_us=130 block_gets=0 block_puts=0 deleted=0
checkpoint_phase lsn=21616 phase=row_merge_write slot=0 started_ns=1790163079135621000 ended_ns=1790163079138602291 elapsed_us=2981 block_gets=0 block_puts=0 deleted=0
checkpoint_phase lsn=21620 phase=row_merge_write slot=0 started_ns=1790163079152528000 ended_ns=1790163079155740542 elapsed_us=3212 block_gets=0 block_puts=0 deleted=0
checkpoint_phase lsn=21632 phase=value_index_schedule slot=0 started_ns=1790163079201255000 ended_ns=1790163079201261375 elapsed_us=6 block_gets=0 block_puts=0 deleted=0
checkpoint_phase lsn=21632 phase=row_merge_write slot=0 started_ns=1790163079201327000 ended_ns=1790163079204152500 elapsed_us=2825 block_gets=0 block_puts=0 deleted=0
checkpoint_phase lsn=21632 phase=value_index_schedule slot=0 started_ns=1790163079210860000 ended_ns=1790163079210976167 elapsed_us=116 block_gets=0 block_puts=0 deleted=0
checkpoint_phase lsn=21632 phase=row_merge_write slot=0 started_ns=1790163079211054000 ended_ns=1790163079213879875 elapsed_us=2825 block_gets=0 block_puts=0 deleted=0
checkpoint_phase lsn=21632 phase=value_index_write slot=0 started_ns=1790163079219651000 ended_ns=1790163079219652958 elapsed_us=1 block_gets=0 block_puts=0 deleted=0
checkpoint_phase lsn=21632 phase=row_merge_write slot=0 started_ns=1790163079219728000 ended_ns=1790163079222601125 elapsed_us=2873 block_gets=0 block_puts=0 deleted=0
checkpoint_phase lsn=21632 phase=value_index_write slot=0 started_ns=1790163079228360000 ended_ns=1790163079228496958 elapsed_us=136 block_gets=0 block_puts=0 deleted=0
checkpoint_phase lsn=21632 phase=row_merge_write slot=0 started_ns=1790163079228555000 ended_ns=1790163079231307042 elapsed_us=2752 block_gets=0 block_puts=0 deleted=0
checkpoint_phase lsn=21632 phase=value_index_write slot=0 started_ns=1790163079235073000 ended_ns=1790163079235176084 elapsed_us=103 block_gets=0 block_puts=0 deleted=0
checkpoint_phase lsn=21632 phase=row_merge_write slot=0 started_ns=1790163079235238000 ended_ns=1790163079238076792 elapsed_us=2838 block_gets=0 block_puts=0 deleted=0
checkpoint_phase lsn=21632 phase=value_index_write slot=0 started_ns=1790163079238211000 ended_ns=1790163079238281041 elapsed_us=70 block_gets=0 block_puts=0 deleted=0
checkpoint_phase lsn=21632 phase=row_merge_write slot=0 started_ns=1790163079238375000 ended_ns=1790163079241172041 elapsed_us=2797 block_gets=0 block_puts=0 deleted=0
checkpoint_phase lsn=21632 phase=value_index_write slot=0 started_ns=1790163079241359000 ended_ns=1790163079241429833 elapsed_us=70 block_gets=0 block_puts=0 deleted=0
checkpoint_phase lsn=21632 phase=row_merge_write slot=0 started_ns=1790163079241472000 ended_ns=1790163079244275791 elapsed_us=2803 block_gets=0 block_puts=0 deleted=0
checkpoint_phase lsn=21632 phase=value_index_write slot=0 started_ns=1790163079244335000 ended_ns=1790163079244407541 elapsed_us=72 block_gets=0 block_puts=0 deleted=0
checkpoint_phase lsn=21632 phase=row_merge_write slot=0 started_ns=1790163079244453000 ended_ns=1790163079247291084 elapsed_us=2838 block_gets=0 block_puts=0 deleted=0
checkpoint_phase lsn=21632 phase=value_index_write slot=0 started_ns=1790163079247356000 ended_ns=1790163079269791542 elapsed_us=22435 block_gets=0 block_puts=1 deleted=0
pos3ql: shutdown requested, draining
checkpoint_phase lsn=21632 phase=row_merge_write slot=0 started_ns=1790163079269815000 ended_ns=1790163079272669292 elapsed_us=2854 block_gets=0 block_puts=0 deleted=0
checkpoint_phase lsn=21632 phase=value_index_write slot=0 started_ns=1790163079272678000 ended_ns=1790163079272747792 elapsed_us=69 block_gets=0 block_puts=0 deleted=0
checkpoint_phase lsn=21632 phase=row_merge_write slot=0 started_ns=1790163079272773000 ended_ns=1790163079275594375 elapsed_us=2821 block_gets=0 block_puts=0 deleted=0
checkpoint_phase lsn=21632 phase=value_index_write slot=0 started_ns=1790163079275605000 ended_ns=1790163079275675500 elapsed_us=70 block_gets=0 block_puts=0 deleted=0
checkpoint_phase lsn=21632 phase=row_merge_write slot=0 started_ns=1790163079275682000 ended_ns=1790163079278517459 elapsed_us=2835 block_gets=0 block_puts=0 deleted=0
checkpoint_phase lsn=21632 phase=value_index_write slot=0 started_ns=1790163079278529000 ended_ns=1790163079278599000 elapsed_us=70 block_gets=0 block_puts=0 deleted=0
checkpoint_phase lsn=21632 phase=row_merge_write slot=0 started_ns=1790163079278602000 ended_ns=1790163079281430750 elapsed_us=2828 block_gets=0 block_puts=0 deleted=0
checkpoint_phase lsn=21632 phase=value_index_write slot=0 started_ns=1790163079281439000 ended_ns=1790163079287014750 elapsed_us=5575 block_gets=0 block_puts=1 deleted=0
checkpoint_phase lsn=21632 phase=row_merge_write slot=0 started_ns=1790163079287029000 ended_ns=1790163079289872000 elapsed_us=2843 block_gets=0 block_puts=0 deleted=0
checkpoint_phase lsn=21632 phase=value_index_schedule slot=0 started_ns=1790163079289885000 ended_ns=1790163079289915166 elapsed_us=30 block_gets=0 block_puts=0 deleted=0
checkpoint_phase lsn=21632 phase=row_merge_write slot=0 started_ns=1790163079289920000 ended_ns=1790163079292755917 elapsed_us=2835 block_gets=0 block_puts=0 deleted=0
checkpoint_phase lsn=21632 phase=value_index_schedule slot=0 started_ns=1790163079292766000 ended_ns=1790163079292947667 elapsed_us=181 block_gets=0 block_puts=0 deleted=0
checkpoint_phase lsn=21632 phase=row_merge_write slot=0 started_ns=1790163079292959000 ended_ns=1790163079295810792 elapsed_us=2851 block_gets=0 block_puts=0 deleted=0
checkpoint_phase lsn=21632 phase=value_index_write slot=0 started_ns=1790163079295839000 ended_ns=1790163079301662292 elapsed_us=5823 block_gets=0 block_puts=3 deleted=0
checkpoint_phase lsn=21632 phase=row_merge_write slot=0 started_ns=1790163079301675000 ended_ns=1790163079304539417 elapsed_us=2864 block_gets=0 block_puts=0 deleted=0
checkpoint_phase lsn=21632 phase=value_index_write slot=0 started_ns=1790163079304564000 ended_ns=1790163079362847375 elapsed_us=58283 block_gets=0 block_puts=4 deleted=0
checkpoint_phase lsn=21632 phase=row_merge_write slot=0 started_ns=1790163079362862000 ended_ns=1790163079365736500 elapsed_us=2874 block_gets=0 block_puts=0 deleted=0
checkpoint_phase lsn=21632 phase=value_index_write slot=0 started_ns=1790163079365759000 ended_ns=1790163079366571042 elapsed_us=812 block_gets=0 block_puts=0 deleted=0
checkpoint_phase lsn=21632 phase=row_merge_write slot=0 started_ns=1790163079366588000 ended_ns=1790163079369464459 elapsed_us=2876 block_gets=0 block_puts=0 deleted=0
checkpoint_phase lsn=21632 phase=value_index_write slot=0 started_ns=1790163079369477000 ended_ns=1790163079370194083 elapsed_us=717 block_gets=0 block_puts=0 deleted=0
checkpoint_phase lsn=21632 phase=row_merge_write slot=0 started_ns=1790163079370203000 ended_ns=1790163079373107667 elapsed_us=2904 block_gets=0 block_puts=0 deleted=0
checkpoint_phase lsn=21632 phase=value_index_write slot=0 started_ns=1790163079373123000 ended_ns=1790163079373845208 elapsed_us=722 block_gets=0 block_puts=0 deleted=0
checkpoint_phase lsn=21632 phase=row_merge_write slot=0 started_ns=1790163079373853000 ended_ns=1790163079376709917 elapsed_us=2856 block_gets=0 block_puts=0 deleted=0
checkpoint_phase lsn=21632 phase=value_index_write slot=0 started_ns=1790163079376716000 ended_ns=1790163079377435875 elapsed_us=719 block_gets=0 block_puts=0 deleted=0
checkpoint_phase lsn=21632 phase=row_merge_write slot=0 started_ns=1790163079377472000 ended_ns=1790163079380585333 elapsed_us=3113 block_gets=0 block_puts=0 deleted=0
checkpoint_phase lsn=21632 phase=value_index_write slot=0 started_ns=1790163079380610000 ended_ns=1790163079381345000 elapsed_us=735 block_gets=0 block_puts=0 deleted=0
checkpoint_phase lsn=21632 phase=row_merge_write slot=0 started_ns=1790163079381354000 ended_ns=1790163079384198125 elapsed_us=2844 block_gets=0 block_puts=0 deleted=0
checkpoint_phase lsn=21632 phase=value_index_write slot=0 started_ns=1790163079384234000 ended_ns=1790163079384949417 elapsed_us=715 block_gets=0 block_puts=0 deleted=0
checkpoint_phase lsn=21632 phase=row_merge_write slot=0 started_ns=1790163079384957000 ended_ns=1790163079387885000 elapsed_us=2928 block_gets=0 block_puts=0 deleted=0
checkpoint_phase lsn=21632 phase=value_index_write slot=0 started_ns=1790163079387896000 ended_ns=1790163079397205416 elapsed_us=9309 block_gets=0 block_puts=1 deleted=0
checkpoint_phase lsn=21632 phase=row_merge_write slot=0 started_ns=1790163079397221000 ended_ns=1790163079401043375 elapsed_us=3822 block_gets=0 block_puts=0 deleted=0
checkpoint_phase lsn=21632 phase=value_index_write slot=0 started_ns=1790163079401066000 ended_ns=1790163079401766167 elapsed_us=700 block_gets=0 block_puts=0 deleted=0
checkpoint_phase lsn=21632 phase=row_merge_write slot=0 started_ns=1790163079401773000 ended_ns=1790163079404992750 elapsed_us=3219 block_gets=0 block_puts=0 deleted=0
checkpoint_phase lsn=21632 phase=value_index_write slot=0 started_ns=1790163079405011000 ended_ns=1790163079413080416 elapsed_us=8069 block_gets=0 block_puts=1 deleted=0
checkpoint_phase lsn=21632 phase=row_merge_write slot=0 started_ns=1790163079413098000 ended_ns=1790163079415947625 elapsed_us=2849 block_gets=0 block_puts=0 deleted=0
checkpoint_phase lsn=21632 phase=value_index_schedule slot=0 started_ns=1790163079415969000 ended_ns=1790163079415998458 elapsed_us=29 block_gets=0 block_puts=0 deleted=0
checkpoint_phase lsn=21632 phase=row_merge_write slot=0 started_ns=1790163079416005000 ended_ns=1790163079418797458 elapsed_us=2792 block_gets=0 block_puts=0 deleted=0
checkpoint_phase lsn=21632 phase=value_index_schedule slot=0 started_ns=1790163079418807000 ended_ns=1790163079418987542 elapsed_us=180 block_gets=0 block_puts=0 deleted=0
checkpoint_phase lsn=21632 phase=row_merge_write slot=0 started_ns=1790163079418998000 ended_ns=1790163079421791417 elapsed_us=2793 block_gets=0 block_puts=0 deleted=0
checkpoint_phase lsn=21632 phase=value_index_write slot=0 started_ns=1790163079421797000 ended_ns=1790163079442190333 elapsed_us=20393 block_gets=0 block_puts=3 deleted=0
checkpoint_phase lsn=21632 phase=row_merge_write slot=0 started_ns=1790163079442207000 ended_ns=1790163079445030750 elapsed_us=2823 block_gets=0 block_puts=0 deleted=0
checkpoint_phase lsn=21632 phase=value_index_write slot=0 started_ns=1790163079445051000 ended_ns=1790163079458015500 elapsed_us=12964 block_gets=0 block_puts=4 deleted=0
checkpoint_phase lsn=21632 phase=row_merge_write slot=0 started_ns=1790163079458033000 ended_ns=1790163079460881666 elapsed_us=2848 block_gets=0 block_puts=0 deleted=0
checkpoint_phase lsn=21632 phase=value_index_write slot=0 started_ns=1790163079460896000 ended_ns=1790163079461621541 elapsed_us=725 block_gets=0 block_puts=0 deleted=0
checkpoint_phase lsn=21632 phase=row_merge_write slot=0 started_ns=1790163079461634000 ended_ns=1790163079464512750 elapsed_us=2878 block_gets=0 block_puts=0 deleted=0
checkpoint_phase lsn=21632 phase=value_index_write slot=0 started_ns=1790163079464534000 ended_ns=1790163079465270875 elapsed_us=736 block_gets=0 block_puts=0 deleted=0
checkpoint_phase lsn=21632 phase=row_merge_write slot=0 started_ns=1790163079465286000 ended_ns=1790163079468121959 elapsed_us=2835 block_gets=0 block_puts=0 deleted=0
checkpoint_phase lsn=21632 phase=value_index_write slot=0 started_ns=1790163079468137000 ended_ns=1790163079468862125 elapsed_us=725 block_gets=0 block_puts=0 deleted=0
checkpoint_phase lsn=21632 phase=row_merge_write slot=0 started_ns=1790163079468871000 ended_ns=1790163079471704042 elapsed_us=2833 block_gets=0 block_puts=0 deleted=0
checkpoint_phase lsn=21632 phase=value_index_write slot=0 started_ns=1790163079471716000 ended_ns=1790163079472437083 elapsed_us=721 block_gets=0 block_puts=0 deleted=0
checkpoint_phase lsn=21632 phase=row_merge_write slot=0 started_ns=1790163079472444000 ended_ns=1790163079475321000 elapsed_us=2877 block_gets=0 block_puts=0 deleted=0
checkpoint_phase lsn=21632 phase=value_index_write slot=0 started_ns=1790163079475369000 ended_ns=1790163079476101542 elapsed_us=732 block_gets=0 block_puts=0 deleted=0
checkpoint_phase lsn=21632 phase=row_merge_write slot=0 started_ns=1790163079476113000 ended_ns=1790163079478966458 elapsed_us=2853 block_gets=0 block_puts=0 deleted=0
checkpoint_phase lsn=21632 phase=value_index_write slot=0 started_ns=1790163079478986000 ended_ns=1790163079479710041 elapsed_us=724 block_gets=0 block_puts=0 deleted=0
checkpoint_phase lsn=21632 phase=row_merge_write slot=0 started_ns=1790163079479717000 ended_ns=1790163079482544000 elapsed_us=2827 block_gets=0 block_puts=0 deleted=0
checkpoint_phase lsn=21632 phase=value_index_write slot=0 started_ns=1790163079482555000 ended_ns=1790163079485953750 elapsed_us=3398 block_gets=0 block_puts=1 deleted=0
checkpoint_phase lsn=21632 phase=row_merge_write slot=0 started_ns=1790163079485974000 ended_ns=1790163079488812584 elapsed_us=2838 block_gets=0 block_puts=0 deleted=0
checkpoint_phase lsn=21632 phase=value_index_write slot=0 started_ns=1790163079488826000 ended_ns=1790163079489604334 elapsed_us=778 block_gets=0 block_puts=0 deleted=0
checkpoint_phase lsn=21632 phase=row_merge_write slot=0 started_ns=1790163079489614000 ended_ns=1790163079492449042 elapsed_us=2835 block_gets=0 block_puts=0 deleted=0
checkpoint_phase lsn=21632 phase=value_index_write slot=0 started_ns=1790163079492460000 ended_ns=1790163079493827666 elapsed_us=1367 block_gets=0 block_puts=1 deleted=0
checkpoint_phase lsn=21632 phase=row_merge_write slot=0 started_ns=1790163079493849000 ended_ns=1790163079496728042 elapsed_us=2879 block_gets=0 block_puts=0 deleted=0
checkpoint_phase lsn=21632 phase=row_sst_delta slot=0 started_ns=1790163079496755000 ended_ns=1790163079523846458 elapsed_us=27091 block_gets=0 block_puts=4 deleted=0
checkpoint_phase lsn=21632 phase=row_merge_write slot=0 started_ns=1790163079523865000 ended_ns=1790163079526725125 elapsed_us=2860 block_gets=0 block_puts=0 deleted=0
checkpoint_phase lsn=21632 phase=manifest slot=-1 started_ns=1790163079526743000 ended_ns=1790163079539141208 elapsed_us=12398 block_gets=0 block_puts=0 deleted=0
checkpoint_phase lsn=21632 phase=local_cleanup slot=-1 started_ns=1790163079539197000 ended_ns=1790163079539328959 elapsed_us=131 block_gets=0 block_puts=0 deleted=0
checkpoint_phase lsn=21632 phase=commit_prune slot=-1 started_ns=1790163079539337000 ended_ns=1790163079607857958 elapsed_us=68520 block_gets=0 block_puts=0 deleted=16
checkpoint_phase lsn=21632 phase=commit_prune slot=-1 started_ns=1790163079607882000 ended_ns=1790163079621534291 elapsed_us=13652 block_gets=0 block_puts=0 deleted=16
checkpoint_phase lsn=21632 phase=commit_prune slot=-1 started_ns=1790163079621557000 ended_ns=1790163079638203208 elapsed_us=16646 block_gets=0 block_puts=0 deleted=16
checkpoint_phase lsn=21632 phase=commit_prune slot=-1 started_ns=1790163079638232000 ended_ns=1790163079684004125 elapsed_us=45772 block_gets=0 block_puts=0 deleted=12
checkpoint_phase lsn=21632 phase=legacy_gc slot=-1 started_ns=1790163079684042000 ended_ns=1790163079688183250 elapsed_us=4141 block_gets=0 block_puts=0 deleted=0
checkpoint_phase lsn=21632 phase=gc_keep slot=-1 started_ns=1790163079688193000 ended_ns=1790163079689367250 elapsed_us=1174 block_gets=0 block_puts=0 deleted=0
checkpoint_phase lsn=21632 phase=gc_list slot=-1 started_ns=1790163079689372000 ended_ns=1790163079761620333 elapsed_us=72248 block_gets=0 block_puts=0 deleted=0
checkpoint_phase lsn=21632 phase=gc_delete slot=-1 started_ns=1790163079761649000 ended_ns=1790163079772848208 elapsed_us=11199 block_gets=0 block_puts=0 deleted=16
checkpoint_phase lsn=21632 phase=gc_delete slot=-1 started_ns=1790163079772872000 ended_ns=1790163079775331958 elapsed_us=2459 block_gets=0 block_puts=0 deleted=4
pos3ql: final checkpoint written
pos3ql: shutdown complete
