pos3ql starting
  listen_addr  127.0.0.1:19600
  data_dir     /var/folders/93/f1fz6s6969gbkd8m9tph1rfw0000gn/T//pos3ql-performance.y4xu2W/data-warm
memory plan:
  memtable     16 MiB
  tables       672069158 B
  block cache  32 MiB
  connections  196714304 B
  server       76836160 B
  total        995951270 B
  disk cache   2 GiB (disk, not RAM)
  temp spill   128 MiB (local ephemeral disk)
startup complete: memory frozen (946051178 B of 995951270 B budget drawn); accepting connections
checkpoint_phase lsn=2632 phase=value_index_schedule slot=0 started_ns=1790162807142360000 ended_ns=1790162807142411750 elapsed_us=51 block_gets=0 block_puts=0 deleted=0
checkpoint_phase lsn=2834 phase=value_index_schedule slot=0 started_ns=1790162807246117000 ended_ns=1790162807246119958 elapsed_us=2 block_gets=0 block_puts=0 deleted=0
checkpoint_phase lsn=3036 phase=value_index_schedule slot=0 started_ns=1790162807351057000 ended_ns=1790162807351059792 elapsed_us=2 block_gets=0 block_puts=0 deleted=0
checkpoint_phase lsn=3238 phase=value_index_schedule slot=0 started_ns=1790162807460471000 ended_ns=1790162807460474250 elapsed_us=3 block_gets=0 block_puts=0 deleted=0
checkpoint_phase lsn=3440 phase=value_index_schedule slot=0 started_ns=1790162807575273000 ended_ns=1790162807575275916 elapsed_us=2 block_gets=0 block_puts=0 deleted=0
checkpoint_phase lsn=3440 phase=value_index_schedule slot=0 started_ns=1790162807575287000 ended_ns=1790162807576389333 elapsed_us=1102 block_gets=0 block_puts=0 deleted=0
checkpoint_phase lsn=3440 phase=value_index_schedule slot=0 started_ns=1790162807576396000 ended_ns=1790162807577647083 elapsed_us=1251 block_gets=0 block_puts=0 deleted=0
checkpoint_phase lsn=3440 phase=value_index_write slot=0 started_ns=1790162807577665000 ended_ns=1790162807577748959 elapsed_us=83 block_gets=0 block_puts=0 deleted=0
checkpoint_phase lsn=3440 phase=value_index_write slot=0 started_ns=1790162807577756000 ended_ns=1790162807585756625 elapsed_us=8000 block_gets=0 block_puts=2 deleted=0
checkpoint_phase lsn=3440 phase=row_sst_full slot=0 started_ns=1790162807585772000 ended_ns=1790162808554834958 elapsed_us=969062 block_gets=0 block_puts=231 deleted=0
checkpoint_phase lsn=3440 phase=manifest slot=-1 started_ns=1790162808554854000 ended_ns=1790162808558203417 elapsed_us=3349 block_gets=0 block_puts=0 deleted=0
checkpoint_phase lsn=3440 phase=local_cleanup slot=-1 started_ns=1790162808558237000 ended_ns=1790162808558407291 elapsed_us=170 block_gets=0 block_puts=0 deleted=0
checkpoint_phase lsn=3440 phase=commit_prune slot=-1 started_ns=1790162808682324000 ended_ns=1790162808738329709 elapsed_us=56005 block_gets=0 block_puts=0 deleted=16
checkpoint_phase lsn=3440 phase=commit_prune slot=-1 started_ns=1790162808843480000 ended_ns=1790162808885942166 elapsed_us=42462 block_gets=0 block_puts=0 deleted=16
checkpoint_phase lsn=3440 phase=commit_prune slot=-1 started_ns=1790162808989580000 ended_ns=1790162808994471875 elapsed_us=4891 block_gets=0 block_puts=0 deleted=2
checkpoint_phase lsn=3440 phase=legacy_gc slot=-1 started_ns=1790162809108381000 ended_ns=1790162809113790125 elapsed_us=5409 block_gets=0 block_puts=0 deleted=0
checkpoint_phase lsn=4450 phase=gc_keep slot=-1 started_ns=1790162809222993000 ended_ns=1790162809223091833 elapsed_us=98 block_gets=0 block_puts=0 deleted=0
checkpoint_phase lsn=4450 phase=gc_list slot=-1 started_ns=1790162809223104000 ended_ns=1790162809228823917 elapsed_us=5719 block_gets=0 block_puts=0 deleted=0
checkpoint_phase lsn=4450 phase=gc_delete slot=-1 started_ns=1790162809228848000 ended_ns=1790162809228848208 elapsed_us=0 block_gets=0 block_puts=0 deleted=0
checkpoint_phase lsn=6066 phase=value_index_schedule slot=0 started_ns=1790162810108379000 ended_ns=1790162810108411375 elapsed_us=32 block_gets=0 block_puts=0 deleted=0
checkpoint_phase lsn=6268 phase=value_index_schedule slot=0 started_ns=1790162810219389000 ended_ns=1790162810219394375 elapsed_us=5 block_gets=0 block_puts=0 deleted=0
checkpoint_phase lsn=6470 phase=value_index_schedule slot=0 started_ns=1790162810327357000 ended_ns=1790162810327361958 elapsed_us=4 block_gets=0 block_puts=0 deleted=0
checkpoint_phase lsn=6672 phase=value_index_schedule slot=0 started_ns=1790162810435476000 ended_ns=1790162810435481542 elapsed_us=5 block_gets=0 block_puts=0 deleted=0
checkpoint_phase lsn=6874 phase=value_index_schedule slot=0 started_ns=1790162810543267000 ended_ns=1790162810543272375 elapsed_us=5 block_gets=0 block_puts=0 deleted=0
checkpoint_phase lsn=6874 phase=value_index_schedule slot=0 started_ns=1790162810543291000 ended_ns=1790162810544088833 elapsed_us=797 block_gets=0 block_puts=0 deleted=0
checkpoint_phase lsn=6874 phase=value_index_schedule slot=0 started_ns=1790162810544107000 ended_ns=1790162810545308625 elapsed_us=1201 block_gets=0 block_puts=0 deleted=0
checkpoint_phase lsn=6874 phase=value_index_write slot=0 started_ns=1790162810545355000 ended_ns=1790162810545358500 elapsed_us=3 block_gets=0 block_puts=0 deleted=0
checkpoint_phase lsn=6874 phase=value_index_write slot=0 started_ns=1790162810545363000 ended_ns=1790162810545763167 elapsed_us=400 block_gets=0 block_puts=0 deleted=0
checkpoint_phase lsn=6874 phase=value_index_write slot=0 started_ns=1790162810545770000 ended_ns=1790162810545872791 elapsed_us=102 block_gets=0 block_puts=0 deleted=0
checkpoint_phase lsn=6874 phase=value_index_write slot=0 started_ns=1790162810545875000 ended_ns=1790162810545937417 elapsed_us=62 block_gets=0 block_puts=0 deleted=0
checkpoint_phase lsn=6874 phase=value_index_write slot=0 started_ns=1790162810545940000 ended_ns=1790162810554558917 elapsed_us=8618 block_gets=0 block_puts=2 deleted=0
checkpoint_phase lsn=6874 phase=row_sst_delta slot=0 started_ns=1790162810554574000 ended_ns=1790162810610249250 elapsed_us=55675 block_gets=0 block_puts=5 deleted=0
checkpoint_phase lsn=6874 phase=manifest slot=-1 started_ns=1790162810610259000 ended_ns=1790162810613353167 elapsed_us=3094 block_gets=0 block_puts=0 deleted=0
checkpoint_phase lsn=6874 phase=local_cleanup slot=-1 started_ns=1790162810613392000 ended_ns=1790162810613561042 elapsed_us=169 block_gets=0 block_puts=0 deleted=0
checkpoint_phase lsn=6874 phase=commit_prune slot=-1 started_ns=1790162810720896000 ended_ns=1790162810775697708 elapsed_us=54801 block_gets=0 block_puts=0 deleted=16
checkpoint_phase lsn=6874 phase=commit_prune slot=-1 started_ns=1790162810893666000 ended_ns=1790162810936689959 elapsed_us=43023 block_gets=0 block_puts=0 deleted=16
checkpoint_phase lsn=6874 phase=commit_prune slot=-1 started_ns=1790162811050861000 ended_ns=1790162811056428667 elapsed_us=5567 block_gets=0 block_puts=0 deleted=2
checkpoint_phase lsn=6874 phase=legacy_gc slot=-1 started_ns=1790162811171598000 ended_ns=1790162811177098333 elapsed_us=5500 block_gets=0 block_puts=0 deleted=0
checkpoint_phase lsn=7884 phase=gc_keep slot=-1 started_ns=1790162811288767000 ended_ns=1790162811288781833 elapsed_us=14 block_gets=0 block_puts=0 deleted=0
checkpoint_phase lsn=7884 phase=gc_list slot=-1 started_ns=1790162811288794000 ended_ns=1790162811294923334 elapsed_us=6129 block_gets=0 block_puts=0 deleted=0
checkpoint_phase lsn=7884 phase=gc_delete slot=-1 started_ns=1790162811294937000 ended_ns=1790162811300645583 elapsed_us=5708 block_gets=0 block_puts=0 deleted=2
checkpoint_phase lsn=9500 phase=value_index_schedule slot=0 started_ns=1790162812183540000 ended_ns=1790162812183545708 elapsed_us=5 block_gets=0 block_puts=0 deleted=0
checkpoint_phase lsn=9500 phase=value_index_schedule slot=0 started_ns=1790162812183609000 ended_ns=1790162812184330334 elapsed_us=721 block_gets=0 block_puts=0 deleted=0
checkpoint_phase lsn=9702 phase=value_index_schedule slot=0 started_ns=1790162812288464000 ended_ns=1790162812288468667 elapsed_us=4 block_gets=0 block_puts=0 deleted=0
checkpoint_phase lsn=9904 phase=value_index_schedule slot=0 started_ns=1790162812391654000 ended_ns=1790162812391658542 elapsed_us=4 block_gets=0 block_puts=0 deleted=0
checkpoint_phase lsn=10106 phase=value_index_schedule slot=0 started_ns=1790162812497452000 ended_ns=1790162812497457250 elapsed_us=5 block_gets=0 block_puts=0 deleted=0
checkpoint_phase lsn=10308 phase=value_index_schedule slot=0 started_ns=1790162812603024000 ended_ns=1790162812603029208 elapsed_us=5 block_gets=0 block_puts=0 deleted=0
checkpoint_phase lsn=10308 phase=value_index_schedule slot=0 started_ns=1790162812603053000 ended_ns=1790162812603762709 elapsed_us=709 block_gets=0 block_puts=0 deleted=0
checkpoint_phase lsn=10308 phase=value_index_schedule slot=0 started_ns=1790162812603770000 ended_ns=1790162812605111500 elapsed_us=1341 block_gets=0 block_puts=0 deleted=0
checkpoint_phase lsn=10308 phase=value_index_write slot=0 started_ns=1790162812605155000 ended_ns=1790162812605156667 elapsed_us=1 block_gets=0 block_puts=0 deleted=0
checkpoint_phase lsn=10308 phase=value_index_write slot=0 started_ns=1790162812605161000 ended_ns=1790162812605286834 elapsed_us=125 block_gets=0 block_puts=0 deleted=0
checkpoint_phase lsn=10308 phase=value_index_write slot=0 started_ns=1790162812605294000 ended_ns=1790162812605415292 elapsed_us=121 block_gets=0 block_puts=0 deleted=0
checkpoint_phase lsn=10308 phase=value_index_write slot=0 started_ns=1790162812605418000 ended_ns=1790162812605537083 elapsed_us=119 block_gets=0 block_puts=0 deleted=0
checkpoint_phase lsn=10308 phase=value_index_write slot=0 started_ns=1790162812605543000 ended_ns=1790162812605626792 elapsed_us=83 block_gets=0 block_puts=0 deleted=0
checkpoint_phase lsn=10308 phase=value_index_write slot=0 started_ns=1790162812605630000 ended_ns=1790162812614715959 elapsed_us=9085 block_gets=0 block_puts=2 deleted=0
checkpoint_phase lsn=10308 phase=row_sst_delta slot=0 started_ns=1790162812614731000 ended_ns=1790162812670694125 elapsed_us=55963 block_gets=0 block_puts=5 deleted=0
checkpoint_phase lsn=10308 phase=manifest slot=-1 started_ns=1790162812670710000 ended_ns=1790162812674149000 elapsed_us=3439 block_gets=0 block_puts=0 deleted=0
checkpoint_phase lsn=10308 phase=local_cleanup slot=-1 started_ns=1790162812674201000 ended_ns=1790162812674390959 elapsed_us=189 block_gets=0 block_puts=0 deleted=0
checkpoint_phase lsn=10308 phase=commit_prune slot=-1 started_ns=1790162812792703000 ended_ns=1790162812846127917 elapsed_us=53424 block_gets=0 block_puts=0 deleted=16
checkpoint_phase lsn=10308 phase=commit_prune slot=-1 started_ns=1790162812951338000 ended_ns=1790162812994583208 elapsed_us=43245 block_gets=0 block_puts=0 deleted=16
checkpoint_phase lsn=10308 phase=commit_prune slot=-1 started_ns=1790162813101569000 ended_ns=1790162813107105375 elapsed_us=5536 block_gets=0 block_puts=0 deleted=2
checkpoint_phase lsn=10308 phase=legacy_gc slot=-1 started_ns=1790162813212207000 ended_ns=1790162813217667917 elapsed_us=5460 block_gets=0 block_puts=0 deleted=0
checkpoint_phase lsn=11318 phase=gc_keep slot=-1 started_ns=1790162813323972000 ended_ns=1790162813323986334 elapsed_us=14 block_gets=0 block_puts=0 deleted=0
checkpoint_phase lsn=11318 phase=gc_list slot=-1 started_ns=1790162813324002000 ended_ns=1790162813330255792 elapsed_us=6253 block_gets=0 block_puts=0 deleted=0
checkpoint_phase lsn=11318 phase=gc_delete slot=-1 started_ns=1790162813330274000 ended_ns=1790162813336085125 elapsed_us=5811 block_gets=0 block_puts=0 deleted=2
checkpoint_phase lsn=12934 phase=value_index_schedule slot=0 started_ns=1790162814201419000 ended_ns=1790162814201425375 elapsed_us=6 block_gets=0 block_puts=0 deleted=0
checkpoint_phase lsn=13136 phase=value_index_schedule slot=0 started_ns=1790162814306798000 ended_ns=1790162814306803666 elapsed_us=5 block_gets=0 block_puts=0 deleted=0
checkpoint_phase lsn=13338 phase=value_index_schedule slot=0 started_ns=1790162814413037000 ended_ns=1790162814413042416 elapsed_us=5 block_gets=0 block_puts=0 deleted=0
checkpoint_phase lsn=13540 phase=value_index_schedule slot=0 started_ns=1790162814517211000 ended_ns=1790162814517215958 elapsed_us=4 block_gets=0 block_puts=0 deleted=0
checkpoint_phase lsn=13742 phase=value_index_schedule slot=0 started_ns=1790162814622879000 ended_ns=1790162814622884208 elapsed_us=5 block_gets=0 block_puts=0 deleted=0
checkpoint_phase lsn=13742 phase=value_index_schedule slot=0 started_ns=1790162814622895000 ended_ns=1790162814623622167 elapsed_us=727 block_gets=0 block_puts=0 deleted=0
checkpoint_phase lsn=13742 phase=value_index_schedule slot=0 started_ns=1790162814623648000 ended_ns=1790162814624848166 elapsed_us=1200 block_gets=0 block_puts=0 deleted=0
checkpoint_phase lsn=13742 phase=value_index_write slot=0 started_ns=1790162814624866000 ended_ns=1790162814624867125 elapsed_us=1 block_gets=0 block_puts=0 deleted=0
checkpoint_phase lsn=13742 phase=value_index_write slot=0 started_ns=1790162814624870000 ended_ns=1790162814625002750 elapsed_us=132 block_gets=0 block_puts=0 deleted=0
checkpoint_phase lsn=13742 phase=value_index_write slot=0 started_ns=1790162814625006000 ended_ns=1790162814625126750 elapsed_us=120 block_gets=0 block_puts=0 deleted=0
checkpoint_phase lsn=13742 phase=value_index_write slot=0 started_ns=1790162814625129000 ended_ns=1790162814625248917 elapsed_us=119 block_gets=0 block_puts=0 deleted=0
checkpoint_phase lsn=13742 phase=value_index_write slot=0 started_ns=1790162814625252000 ended_ns=1790162814625371959 elapsed_us=119 block_gets=0 block_puts=0 deleted=0
checkpoint_phase lsn=13742 phase=value_index_write slot=0 started_ns=1790162814625374000 ended_ns=1790162814625492625 elapsed_us=118 block_gets=0 block_puts=0 deleted=0
checkpoint_phase lsn=13742 phase=value_index_write slot=0 started_ns=1790162814625495000 ended_ns=1790162814625557833 elapsed_us=62 block_gets=0 block_puts=0 deleted=0
checkpoint_phase lsn=13742 phase=value_index_write slot=0 started_ns=1790162814625560000 ended_ns=1790162814635838958 elapsed_us=10278 block_gets=0 block_puts=2 deleted=0
checkpoint_phase lsn=13742 phase=row_sst_delta slot=0 started_ns=1790162814635852000 ended_ns=1790162814689884208 elapsed_us=54032 block_gets=0 block_puts=5 deleted=0
checkpoint_phase lsn=13742 phase=manifest slot=-1 started_ns=1790162814689895000 ended_ns=1790162814693114958 elapsed_us=3219 block_gets=0 block_puts=0 deleted=0
checkpoint_phase lsn=13742 phase=local_cleanup slot=-1 started_ns=1790162814693163000 ended_ns=1790162814693374333 elapsed_us=211 block_gets=0 block_puts=0 deleted=0
checkpoint_phase lsn=13742 phase=commit_prune slot=-1 started_ns=1790162814800154000 ended_ns=1790162814854514167 elapsed_us=54360 block_gets=0 block_puts=0 deleted=16
checkpoint_phase lsn=13742 phase=commit_prune slot=-1 started_ns=1790162814964400000 ended_ns=1790162815006531750 elapsed_us=42131 block_gets=0 block_puts=0 deleted=16
checkpoint_phase lsn=13742 phase=commit_prune slot=-1 started_ns=1790162815115839000 ended_ns=1790162815121475292 elapsed_us=5636 block_gets=0 block_puts=0 deleted=2
checkpoint_phase lsn=13742 phase=legacy_gc slot=-1 started_ns=1790162815231639000 ended_ns=1790162815237364625 elapsed_us=5725 block_gets=0 block_puts=0 deleted=0
checkpoint_phase lsn=14752 phase=gc_keep slot=-1 started_ns=1790162815343766000 ended_ns=1790162815343777125 elapsed_us=11 block_gets=0 block_puts=0 deleted=0
checkpoint_phase lsn=14752 phase=gc_list slot=-1 started_ns=1790162815343799000 ended_ns=1790162815350317583 elapsed_us=6518 block_gets=0 block_puts=0 deleted=0
checkpoint_phase lsn=14752 phase=gc_delete slot=-1 started_ns=1790162815350342000 ended_ns=1790162815356173750 elapsed_us=5831 block_gets=0 block_puts=0 deleted=2
checkpoint_phase lsn=15156 phase=value_index_schedule slot=0 started_ns=1790162815573627000 ended_ns=1790162815573632917 elapsed_us=5 block_gets=0 block_puts=0 deleted=0
checkpoint_phase lsn=15358 phase=row_merge_schedule slot=0 started_ns=1790162815680338000 ended_ns=1790162815704145833 elapsed_us=23807 block_gets=8 block_puts=0 deleted=0
checkpoint_phase lsn=15560 phase=row_merge_schedule slot=0 started_ns=1790162815811218000 ended_ns=1790162815829643833 elapsed_us=18425 block_gets=7 block_puts=0 deleted=0
checkpoint_phase lsn=15762 phase=value_index_schedule slot=0 started_ns=1790162815933795000 ended_ns=1790162815933800833 elapsed_us=5 block_gets=0 block_puts=0 deleted=0
checkpoint_phase lsn=15964 phase=row_merge_schedule slot=0 started_ns=1790162816043216000 ended_ns=1790162816062521000 elapsed_us=19305 block_gets=7 block_puts=0 deleted=0
checkpoint_phase lsn=16166 phase=row_merge_schedule slot=0 started_ns=1790162816168754000 ended_ns=1790162816187600625 elapsed_us=18846 block_gets=7 block_puts=0 deleted=0
checkpoint_phase lsn=16368 phase=value_index_schedule slot=0 started_ns=1790162816295877000 ended_ns=1790162816295882792 elapsed_us=5 block_gets=0 block_puts=0 deleted=0
checkpoint_phase lsn=16570 phase=row_merge_schedule slot=0 started_ns=1790162816408097000 ended_ns=1790162816428226834 elapsed_us=20129 block_gets=7 block_puts=0 deleted=0
checkpoint_phase lsn=16772 phase=row_merge_schedule slot=0 started_ns=1790162816546650000 ended_ns=1790162816565949917 elapsed_us=19299 block_gets=7 block_puts=0 deleted=0
checkpoint_phase lsn=16974 phase=value_index_schedule slot=0 started_ns=1790162816672665000 ended_ns=1790162816672671042 elapsed_us=6 block_gets=0 block_puts=0 deleted=0
checkpoint_phase lsn=16974 phase=row_merge_schedule slot=0 started_ns=1790162816672734000 ended_ns=1790162816691790667 elapsed_us=19056 block_gets=7 block_puts=0 deleted=0
checkpoint_phase lsn=17176 phase=row_merge_schedule slot=0 started_ns=1790162816802477000 ended_ns=1790162816824144375 elapsed_us=21667 block_gets=7 block_puts=0 deleted=0
checkpoint_phase lsn=17176 phase=value_index_schedule slot=0 started_ns=1790162816824159000 ended_ns=1790162816824164625 elapsed_us=5 block_gets=0 block_puts=0 deleted=0
checkpoint_phase lsn=17176 phase=row_merge_schedule slot=0 started_ns=1790162816824170000 ended_ns=1790162816844593208 elapsed_us=20423 block_gets=7 block_puts=0 deleted=0
checkpoint_phase lsn=17176 phase=value_index_schedule slot=0 started_ns=1790162816844606000 ended_ns=1790162816845394250 elapsed_us=788 block_gets=0 block_puts=0 deleted=0
checkpoint_phase lsn=17176 phase=row_merge_schedule slot=0 started_ns=1790162816845403000 ended_ns=1790162816865540500 elapsed_us=20137 block_gets=7 block_puts=0 deleted=0
checkpoint_phase lsn=17176 phase=value_index_schedule slot=0 started_ns=1790162816865553000 ended_ns=1790162816866892958 elapsed_us=1339 block_gets=0 block_puts=0 deleted=0
checkpoint_phase lsn=17176 phase=row_merge_schedule slot=0 started_ns=1790162816866920000 ended_ns=1790162816886668292 elapsed_us=19748 block_gets=7 block_puts=0 deleted=0
checkpoint_phase lsn=17176 phase=value_index_write slot=0 started_ns=1790162816886679000 ended_ns=1790162816886681000 elapsed_us=2 block_gets=0 block_puts=0 deleted=0
checkpoint_phase lsn=17176 phase=row_merge_schedule slot=0 started_ns=1790162816886686000 ended_ns=1790162816905657125 elapsed_us=18971 block_gets=7 block_puts=0 deleted=0
checkpoint_phase lsn=17176 phase=value_index_write slot=0 started_ns=1790162816905667000 ended_ns=1790162816905827083 elapsed_us=160 block_gets=0 block_puts=0 deleted=0
checkpoint_phase lsn=17176 phase=row_merge_schedule slot=0 started_ns=1790162816905841000 ended_ns=1790162816924095833 elapsed_us=18254 block_gets=7 block_puts=0 deleted=0
checkpoint_phase lsn=17176 phase=value_index_write slot=0 started_ns=1790162816924110000 ended_ns=1790162816924237250 elapsed_us=127 block_gets=0 block_puts=0 deleted=0
checkpoint_phase lsn=17176 phase=row_merge_schedule slot=0 started_ns=1790162816924242000 ended_ns=1790162816942667208 elapsed_us=18425 block_gets=7 block_puts=0 deleted=0
checkpoint_phase lsn=17176 phase=value_index_write slot=0 started_ns=1790162816942679000 ended_ns=1790162816942805917 elapsed_us=126 block_gets=0 block_puts=0 deleted=0
checkpoint_phase lsn=17176 phase=row_merge_schedule slot=0 started_ns=1790162816942810000 ended_ns=1790162816961288542 elapsed_us=18478 block_gets=7 block_puts=0 deleted=0
checkpoint_phase lsn=17176 phase=value_index_write slot=0 started_ns=1790162816961299000 ended_ns=1790162816961422667 elapsed_us=123 block_gets=0 block_puts=0 deleted=0
checkpoint_phase lsn=17176 phase=row_merge_schedule slot=0 started_ns=1790162816961425000 ended_ns=1790162816981128125 elapsed_us=19703 block_gets=7 block_puts=0 deleted=0
checkpoint_phase lsn=17176 phase=value_index_write slot=0 started_ns=1790162816981139000 ended_ns=1790162816981262417 elapsed_us=123 block_gets=0 block_puts=0 deleted=0
checkpoint_phase lsn=17176 phase=row_merge_schedule slot=0 started_ns=1790162816981266000 ended_ns=1790162816983916000 elapsed_us=2650 block_gets=1 block_puts=0 deleted=0
checkpoint_phase lsn=17176 phase=value_index_write slot=0 started_ns=1790162816983930000 ended_ns=1790162816984052625 elapsed_us=122 block_gets=0 block_puts=0 deleted=0
checkpoint_phase lsn=17176 phase=row_merge_schedule slot=0 started_ns=1790162816984056000 ended_ns=1790162817007555792 elapsed_us=23499 block_gets=8 block_puts=0 deleted=0
checkpoint_phase lsn=17176 phase=value_index_write slot=0 started_ns=1790162817007575000 ended_ns=1790162817007690458 elapsed_us=115 block_gets=0 block_puts=0 deleted=0
checkpoint_phase lsn=17176 phase=row_merge_schedule slot=0 started_ns=1790162817007695000 ended_ns=1790162817028373459 elapsed_us=20678 block_gets=7 block_puts=0 deleted=0
checkpoint_phase lsn=17176 phase=value_index_write slot=0 started_ns=1790162817028387000 ended_ns=1790162817035288125 elapsed_us=6901 block_gets=0 block_puts=1 deleted=0
checkpoint_phase lsn=17176 phase=row_merge_schedule slot=0 started_ns=1790162817035298000 ended_ns=1790162817056500500 elapsed_us=21202 block_gets=7 block_puts=0 deleted=0
checkpoint_phase lsn=17176 phase=value_index_write slot=0 started_ns=1790162817056511000 ended_ns=1790162817063640500 elapsed_us=7129 block_gets=0 block_puts=2 deleted=0
checkpoint_phase lsn=17176 phase=row_merge_schedule slot=0 started_ns=1790162817063652000 ended_ns=1790162817084518042 elapsed_us=20866 block_gets=7 block_puts=0 deleted=0
checkpoint_phase lsn=17176 phase=row_sst_delta slot=0 started_ns=1790162817084532000 ended_ns=1790162817139466000 elapsed_us=54934 block_gets=0 block_puts=5 deleted=0
checkpoint_phase lsn=17176 phase=row_merge_schedule slot=0 started_ns=1790162817139479000 ended_ns=1790162817159661917 elapsed_us=20182 block_gets=7 block_puts=0 deleted=0
checkpoint_phase lsn=17176 phase=manifest slot=-1 started_ns=1790162817159674000 ended_ns=1790162817162469458 elapsed_us=2795 block_gets=0 block_puts=0 deleted=0
checkpoint_phase lsn=17176 phase=local_cleanup slot=-1 started_ns=1790162817162519000 ended_ns=1790162817163042334 elapsed_us=523 block_gets=0 block_puts=0 deleted=0
checkpoint_phase lsn=17176 phase=commit_prune slot=-1 started_ns=1790162817271946000 ended_ns=1790162817328201834 elapsed_us=56255 block_gets=0 block_puts=0 deleted=16
checkpoint_phase lsn=17176 phase=commit_prune slot=-1 started_ns=1790162817433357000 ended_ns=1790162817475783709 elapsed_us=42426 block_gets=0 block_puts=0 deleted=16
checkpoint_phase lsn=17176 phase=commit_prune slot=-1 started_ns=1790162817582309000 ended_ns=1790162817587611458 elapsed_us=5302 block_gets=0 block_puts=0 deleted=2
checkpoint_phase lsn=17176 phase=legacy_gc slot=-1 started_ns=1790162817695284000 ended_ns=1790162817702202292 elapsed_us=6918 block_gets=0 block_puts=0 deleted=0
checkpoint_phase lsn=18186 phase=gc_keep slot=-1 started_ns=1790162817808134000 ended_ns=1790162817808206125 elapsed_us=72 block_gets=0 block_puts=0 deleted=0
checkpoint_phase lsn=18186 phase=gc_list slot=-1 started_ns=1790162817808223000 ended_ns=1790162817814494333 elapsed_us=6271 block_gets=0 block_puts=0 deleted=0
checkpoint_phase lsn=18186 phase=gc_delete slot=-1 started_ns=1790162817814522000 ended_ns=1790162817820080041 elapsed_us=5558 block_gets=0 block_puts=0 deleted=2
checkpoint_phase lsn=18388 phase=row_merge_schedule slot=0 started_ns=1790162817924025000 ended_ns=1790162817944199084 elapsed_us=20174 block_gets=7 block_puts=0 deleted=0
checkpoint_phase lsn=18590 phase=value_index_schedule slot=0 started_ns=1790162818052449000 ended_ns=1790162818052455208 elapsed_us=6 block_gets=0 block_puts=0 deleted=0
checkpoint_phase lsn=18590 phase=row_merge_schedule slot=0 started_ns=1790162818052514000 ended_ns=1790162818073212416 elapsed_us=20698 block_gets=7 block_puts=0 deleted=0
checkpoint_phase lsn=18792 phase=row_merge_schedule slot=0 started_ns=1790162818182214000 ended_ns=1790162818201660167 elapsed_us=19446 block_gets=7 block_puts=0 deleted=0
checkpoint_phase lsn=18994 phase=value_index_schedule slot=0 started_ns=1790162818305467000 ended_ns=1790162818305472958 elapsed_us=5 block_gets=0 block_puts=0 deleted=0
checkpoint_phase lsn=18994 phase=row_merge_schedule slot=0 started_ns=1790162818305544000 ended_ns=1790162818324489000 elapsed_us=18945 block_gets=7 block_puts=0 deleted=0
checkpoint_phase lsn=19196 phase=row_merge_schedule slot=0 started_ns=1790162818433689000 ended_ns=1790162818453540333 elapsed_us=19851 block_gets=7 block_puts=0 deleted=0
checkpoint_phase lsn=19398 phase=value_index_schedule slot=0 started_ns=1790162818561968000 ended_ns=1790162818561974458 elapsed_us=6 block_gets=0 block_puts=0 deleted=0
checkpoint_phase lsn=19398 phase=row_merge_schedule slot=0 started_ns=1790162818562042000 ended_ns=1790162818583780334 elapsed_us=21738 block_gets=7 block_puts=0 deleted=0
checkpoint_phase lsn=19600 phase=row_merge_schedule slot=0 started_ns=1790162818694940000 ended_ns=1790162818715840042 elapsed_us=20900 block_gets=7 block_puts=0 deleted=0
checkpoint_phase lsn=19802 phase=value_index_schedule slot=0 started_ns=1790162818820457000 ended_ns=1790162818820463292 elapsed_us=6 block_gets=0 block_puts=0 deleted=0
checkpoint_phase lsn=19802 phase=row_merge_schedule slot=0 started_ns=1790162818820539000 ended_ns=1790162818840860334 elapsed_us=20321 block_gets=7 block_puts=0 deleted=0
checkpoint_phase lsn=20004 phase=row_merge_schedule slot=0 started_ns=1790162818946415000 ended_ns=1790162818967832916 elapsed_us=21417 block_gets=7 block_puts=0 deleted=0
checkpoint_phase lsn=20206 phase=value_index_schedule slot=0 started_ns=1790162819082609000 ended_ns=1790162819082615583 elapsed_us=6 block_gets=0 block_puts=0 deleted=0
checkpoint_phase lsn=20212 phase=row_merge_schedule slot=0 started_ns=1790162820759442000 ended_ns=1790162820759766583 elapsed_us=324 block_gets=0 block_puts=0 deleted=0
checkpoint_phase lsn=20218 phase=row_merge_schedule slot=0 started_ns=1790162821103072000 ended_ns=1790162821103402417 elapsed_us=330 block_gets=0 block_puts=0 deleted=0
checkpoint_phase lsn=20224 phase=value_index_schedule slot=0 started_ns=1790162821821671000 ended_ns=1790162821821760875 elapsed_us=89 block_gets=0 block_puts=0 deleted=0
checkpoint_phase lsn=20230 phase=row_merge_schedule slot=0 started_ns=1790162822584238000 ended_ns=1790162822584377708 elapsed_us=139 block_gets=0 block_puts=0 deleted=0
checkpoint_phase lsn=20236 phase=row_merge_write slot=0 started_ns=1790162823432692000 ended_ns=1790162823435578125 elapsed_us=2886 block_gets=0 block_puts=0 deleted=0
checkpoint_phase lsn=20242 phase=value_index_schedule slot=0 started_ns=1790162824271986000 ended_ns=1790162824272073166 elapsed_us=87 block_gets=0 block_puts=0 deleted=0
checkpoint_phase lsn=20248 phase=row_merge_write slot=0 started_ns=1790162825194992000 ended_ns=1790162825197849417 elapsed_us=2857 block_gets=0 block_puts=0 deleted=0
checkpoint_phase lsn=20254 phase=row_merge_write slot=0 started_ns=1790162825953708000 ended_ns=1790162825956612167 elapsed_us=2904 block_gets=0 block_puts=0 deleted=0
checkpoint_phase lsn=20260 phase=value_index_schedule slot=0 started_ns=1790162826731582000 ended_ns=1790162826731669542 elapsed_us=87 block_gets=0 block_puts=0 deleted=0
checkpoint_phase lsn=20266 phase=row_merge_write slot=0 started_ns=1790162827510226000 ended_ns=1790162827513094291 elapsed_us=2868 block_gets=0 block_puts=0 deleted=0
checkpoint_phase lsn=20272 phase=row_merge_write slot=0 started_ns=1790162828307466000 ended_ns=1790162828310321667 elapsed_us=2855 block_gets=0 block_puts=0 deleted=0
checkpoint_phase lsn=20278 phase=value_index_schedule slot=0 started_ns=1790162829108528000 ended_ns=1790162829108615375 elapsed_us=87 block_gets=0 block_puts=0 deleted=0
checkpoint_phase lsn=20284 phase=row_merge_write slot=0 started_ns=1790162829963055000 ended_ns=1790162829965941167 elapsed_us=2886 block_gets=0 block_puts=0 deleted=0
checkpoint_phase lsn=20290 phase=row_merge_write slot=0 started_ns=1790162830896996000 ended_ns=1790162830899873375 elapsed_us=2877 block_gets=0 block_puts=0 deleted=0
checkpoint_phase lsn=20296 phase=value_index_schedule slot=0 started_ns=1790162831827471000 ended_ns=1790162831827557125 elapsed_us=86 block_gets=0 block_puts=0 deleted=0
checkpoint_phase lsn=20302 phase=row_merge_write slot=0 started_ns=1790162832820195000 ended_ns=1790162832823080208 elapsed_us=2885 block_gets=0 block_puts=0 deleted=0
checkpoint_phase lsn=20308 phase=row_merge_write slot=0 started_ns=1790162833841421000 ended_ns=1790162833844268208 elapsed_us=2847 block_gets=0 block_puts=0 deleted=0
checkpoint_phase lsn=20312 phase=value_index_schedule slot=0 started_ns=1790162834095764000 ended_ns=1790162834095768417 elapsed_us=4 block_gets=0 block_puts=0 deleted=0
checkpoint_phase lsn=20312 phase=row_merge_write slot=0 started_ns=1790162834095834000 ended_ns=1790162834098716584 elapsed_us=2882 block_gets=0 block_puts=0 deleted=0
checkpoint_phase lsn=20312 phase=value_index_schedule slot=0 started_ns=1790162834098727000 ended_ns=1790162834099442083 elapsed_us=715 block_gets=0 block_puts=0 deleted=0
checkpoint_phase lsn=20312 phase=row_merge_write slot=0 started_ns=1790162834099448000 ended_ns=1790162834102234959 elapsed_us=2786 block_gets=0 block_puts=0 deleted=0
checkpoint_phase lsn=20312 phase=value_index_schedule slot=0 started_ns=1790162834102242000 ended_ns=1790162834103462125 elapsed_us=1220 block_gets=0 block_puts=0 deleted=0
checkpoint_phase lsn=20312 phase=row_merge_write slot=0 started_ns=1790162834103471000 ended_ns=1790162834106222291 elapsed_us=2751 block_gets=0 block_puts=0 deleted=0
checkpoint_phase lsn=20312 phase=value_index_schedule slot=0 started_ns=1790162834106226000 ended_ns=1790162834107320125 elapsed_us=1094 block_gets=0 block_puts=0 deleted=0
checkpoint_phase lsn=20312 phase=row_merge_write slot=0 started_ns=1790162834107324000 ended_ns=1790162834110231958 elapsed_us=2907 block_gets=0 block_puts=0 deleted=0
checkpoint_phase lsn=20312 phase=value_index_schedule slot=0 started_ns=1790162834110256000 ended_ns=1790162834112786000 elapsed_us=2530 block_gets=0 block_puts=0 deleted=0
checkpoint_phase lsn=20312 phase=row_merge_write slot=0 started_ns=1790162834112793000 ended_ns=1790162834115535916 elapsed_us=2742 block_gets=0 block_puts=0 deleted=0
checkpoint_phase lsn=20312 phase=value_index_schedule slot=0 started_ns=1790162834115540000 ended_ns=1790162834118839542 elapsed_us=3299 block_gets=0 block_puts=0 deleted=0
checkpoint_phase lsn=20312 phase=row_merge_write slot=0 started_ns=1790162834118859000 ended_ns=1790162834121686125 elapsed_us=2827 block_gets=0 block_puts=0 deleted=0
checkpoint_phase lsn=20312 phase=value_index_schedule slot=0 started_ns=1790162834121708000 ended_ns=1790162834121738541 elapsed_us=30 block_gets=0 block_puts=0 deleted=0
checkpoint_phase lsn=20312 phase=row_merge_write slot=0 started_ns=1790162834121744000 ended_ns=1790162834124514084 elapsed_us=2770 block_gets=0 block_puts=0 deleted=0
checkpoint_phase lsn=20312 phase=value_index_schedule slot=0 started_ns=1790162834124519000 ended_ns=1790162834124546542 elapsed_us=27 block_gets=0 block_puts=0 deleted=0
checkpoint_phase lsn=20312 phase=row_merge_write slot=0 started_ns=1790162834124550000 ended_ns=1790162834127336542 elapsed_us=2786 block_gets=0 block_puts=0 deleted=0
checkpoint_phase lsn=20312 phase=value_index_schedule slot=0 started_ns=1790162834127342000 ended_ns=1790162834127372000 elapsed_us=30 block_gets=0 block_puts=0 deleted=0
checkpoint_phase lsn=20312 phase=row_merge_write slot=0 started_ns=1790162834127375000 ended_ns=1790162834130140500 elapsed_us=2765 block_gets=0 block_puts=0 deleted=0
checkpoint_phase lsn=20312 phase=value_index_schedule slot=0 started_ns=1790162834130146000 ended_ns=1790162834134839500 elapsed_us=4693 block_gets=0 block_puts=1 deleted=0
checkpoint_phase lsn=20312 phase=row_merge_write slot=0 started_ns=1790162834134846000 ended_ns=1790162834137675250 elapsed_us=2829 block_gets=0 block_puts=0 deleted=0
checkpoint_phase lsn=20312 phase=value_index_schedule slot=0 started_ns=1790162834137683000 ended_ns=1790162834150324250 elapsed_us=12641 block_gets=0 block_puts=4 deleted=0
checkpoint_phase lsn=20312 phase=row_merge_write slot=0 started_ns=1790162834150335000 ended_ns=1790162834153134084 elapsed_us=2799 block_gets=0 block_puts=0 deleted=0
checkpoint_phase lsn=20312 phase=value_index_schedule slot=0 started_ns=1790162834153150000 ended_ns=1790162834155937542 elapsed_us=2787 block_gets=0 block_puts=0 deleted=0
checkpoint_phase lsn=20312 phase=row_merge_write slot=0 started_ns=1790162834155943000 ended_ns=1790162834158741666 elapsed_us=2798 block_gets=0 block_puts=0 deleted=0
checkpoint_phase lsn=20312 phase=value_index_schedule slot=0 started_ns=1790162834158751000 ended_ns=1790162834161564833 elapsed_us=2813 block_gets=0 block_puts=0 deleted=0
checkpoint_phase lsn=20312 phase=row_merge_write slot=0 started_ns=1790162834161582000 ended_ns=1790162834164365750 elapsed_us=2783 block_gets=0 block_puts=0 deleted=0
checkpoint_phase lsn=20312 phase=value_index_schedule slot=0 started_ns=1790162834164371000 ended_ns=1790162834167079542 elapsed_us=2708 block_gets=0 block_puts=0 deleted=0
checkpoint_phase lsn=20312 phase=row_merge_write slot=0 started_ns=1790162834167084000 ended_ns=1790162834169988958 elapsed_us=2904 block_gets=0 block_puts=0 deleted=0
checkpoint_phase lsn=20312 phase=value_index_schedule slot=0 started_ns=1790162834170010000 ended_ns=1790162834172753708 elapsed_us=2743 block_gets=0 block_puts=0 deleted=0
checkpoint_phase lsn=20312 phase=row_merge_write slot=0 started_ns=1790162834172767000 ended_ns=1790162834175508458 elapsed_us=2741 block_gets=0 block_puts=0 deleted=0
checkpoint_phase lsn=20312 phase=value_index_schedule slot=0 started_ns=1790162834175516000 ended_ns=1790162834176773834 elapsed_us=1257 block_gets=0 block_puts=0 deleted=0
checkpoint_phase lsn=20312 phase=row_merge_write slot=0 started_ns=1790162834176778000 ended_ns=1790162834179598666 elapsed_us=2820 block_gets=0 block_puts=0 deleted=0
checkpoint_phase lsn=20312 phase=value_index_schedule slot=0 started_ns=1790162834179609000 ended_ns=1790162834179636167 elapsed_us=27 block_gets=0 block_puts=0 deleted=0
checkpoint_phase lsn=20312 phase=row_merge_write slot=0 started_ns=1790162834179641000 ended_ns=1790162834182410416 elapsed_us=2769 block_gets=0 block_puts=0 deleted=0
checkpoint_phase lsn=20312 phase=value_index_schedule slot=0 started_ns=1790162834182416000 ended_ns=1790162834182439041 elapsed_us=23 block_gets=0 block_puts=0 deleted=0
checkpoint_phase lsn=20312 phase=row_merge_write slot=0 started_ns=1790162834182441000 ended_ns=1790162834185205167 elapsed_us=2764 block_gets=0 block_puts=0 deleted=0
checkpoint_phase lsn=20312 phase=value_index_schedule slot=0 started_ns=1790162834185209000 ended_ns=1790162834185231500 elapsed_us=22 block_gets=0 block_puts=0 deleted=0
checkpoint_phase lsn=20312 phase=row_merge_write slot=0 started_ns=1790162834185235000 ended_ns=1790162834188017584 elapsed_us=2782 block_gets=0 block_puts=0 deleted=0
checkpoint_phase lsn=20312 phase=value_index_schedule slot=0 started_ns=1790162834188031000 ended_ns=1790162834192514250 elapsed_us=4483 block_gets=0 block_puts=1 deleted=0
checkpoint_phase lsn=20312 phase=row_merge_write slot=0 started_ns=1790162834192522000 ended_ns=1790162834195332750 elapsed_us=2810 block_gets=0 block_puts=0 deleted=0
checkpoint_phase lsn=20312 phase=value_index_schedule slot=0 started_ns=1790162834195345000 ended_ns=1790162834207716958 elapsed_us=12371 block_gets=0 block_puts=4 deleted=0
checkpoint_phase lsn=20312 phase=row_merge_write slot=0 started_ns=1790162834207733000 ended_ns=1790162834210598542 elapsed_us=2865 block_gets=0 block_puts=0 deleted=0
checkpoint_phase lsn=20312 phase=value_index_schedule slot=0 started_ns=1790162834210609000 ended_ns=1790162834211347125 elapsed_us=738 block_gets=0 block_puts=0 deleted=0
checkpoint_phase lsn=20312 phase=row_merge_write slot=0 started_ns=1790162834211355000 ended_ns=1790162834214178791 elapsed_us=2823 block_gets=0 block_puts=0 deleted=0
checkpoint_phase lsn=20312 phase=value_index_schedule slot=0 started_ns=1790162834214189000 ended_ns=1790162834214286834 elapsed_us=97 block_gets=0 block_puts=0 deleted=0
checkpoint_phase lsn=20312 phase=row_merge_write slot=0 started_ns=1790162834214298000 ended_ns=1790162834217118291 elapsed_us=2820 block_gets=0 block_puts=0 deleted=0
checkpoint_phase lsn=20312 phase=value_index_schedule slot=0 started_ns=1790162834217144000 ended_ns=1790162834217228584 elapsed_us=84 block_gets=0 block_puts=0 deleted=0
checkpoint_phase lsn=20312 phase=row_merge_write slot=0 started_ns=1790162834217233000 ended_ns=1790162834220057209 elapsed_us=2824 block_gets=0 block_puts=0 deleted=0
checkpoint_phase lsn=20312 phase=value_index_schedule slot=0 started_ns=1790162834220067000 ended_ns=1790162834220273541 elapsed_us=206 block_gets=0 block_puts=0 deleted=0
checkpoint_phase lsn=20312 phase=row_merge_write slot=0 started_ns=1790162834220279000 ended_ns=1790162834223109834 elapsed_us=2830 block_gets=0 block_puts=0 deleted=0
checkpoint_phase lsn=20312 phase=value_index_schedule slot=0 started_ns=1790162834223118000 ended_ns=1790162834227710542 elapsed_us=4592 block_gets=0 block_puts=1 deleted=0
checkpoint_phase lsn=20312 phase=row_merge_write slot=0 started_ns=1790162834227723000 ended_ns=1790162834230557334 elapsed_us=2834 block_gets=0 block_puts=0 deleted=0
checkpoint_phase lsn=20312 phase=value_index_schedule slot=0 started_ns=1790162834230569000 ended_ns=1790162834230771375 elapsed_us=202 block_gets=0 block_puts=0 deleted=0
checkpoint_phase lsn=20312 phase=row_merge_write slot=0 started_ns=1790162834230779000 ended_ns=1790162834233692791 elapsed_us=2913 block_gets=0 block_puts=0 deleted=0
checkpoint_phase lsn=20312 phase=value_index_schedule slot=0 started_ns=1790162834233716000 ended_ns=1790162834233927042 elapsed_us=211 block_gets=0 block_puts=0 deleted=0
checkpoint_phase lsn=20312 phase=row_merge_write slot=0 started_ns=1790162834233936000 ended_ns=1790162834237789583 elapsed_us=3853 block_gets=0 block_puts=0 deleted=0
checkpoint_phase lsn=20312 phase=value_index_schedule slot=0 started_ns=1790162834237821000 ended_ns=1790162834242532792 elapsed_us=4711 block_gets=0 block_puts=1 deleted=0
checkpoint_phase lsn=20312 phase=row_merge_write slot=0 started_ns=1790162834242544000 ended_ns=1790162834245503958 elapsed_us=2959 block_gets=0 block_puts=0 deleted=0
checkpoint_phase lsn=20312 phase=value_index_schedule slot=0 started_ns=1790162834245531000 ended_ns=1790162834245872084 elapsed_us=341 block_gets=0 block_puts=0 deleted=0
checkpoint_phase lsn=20312 phase=row_merge_write slot=0 started_ns=1790162834245884000 ended_ns=1790162834248675917 elapsed_us=2791 block_gets=0 block_puts=0 deleted=0
checkpoint_phase lsn=20312 phase=value_index_schedule slot=0 started_ns=1790162834248684000 ended_ns=1790162834248718917 elapsed_us=34 block_gets=0 block_puts=0 deleted=0
checkpoint_phase lsn=20312 phase=row_merge_write slot=0 started_ns=1790162834248727000 ended_ns=1790162834251582000 elapsed_us=2855 block_gets=0 block_puts=0 deleted=0
checkpoint_phase lsn=20312 phase=value_index_schedule slot=0 started_ns=1790162834251592000 ended_ns=1790162834265852334 elapsed_us=14260 block_gets=0 block_puts=4 deleted=0
checkpoint_phase lsn=20312 phase=row_merge_write slot=0 started_ns=1790162834265864000 ended_ns=1790162834268715666 elapsed_us=2851 block_gets=0 block_puts=0 deleted=0
checkpoint_phase lsn=20312 phase=value_index_schedule slot=0 started_ns=1790162834268728000 ended_ns=1790162834271480458 elapsed_us=2752 block_gets=0 block_puts=0 deleted=0
checkpoint_phase lsn=20312 phase=row_merge_write slot=0 started_ns=1790162834271501000 ended_ns=1790162834274667167 elapsed_us=3166 block_gets=0 block_puts=0 deleted=0
checkpoint_phase lsn=20312 phase=value_index_schedule slot=0 started_ns=1790162834274681000 ended_ns=1790162834287759083 elapsed_us=13078 block_gets=0 block_puts=4 deleted=0
checkpoint_phase lsn=20312 phase=row_merge_write slot=0 started_ns=1790162834287770000 ended_ns=1790162834290621791 elapsed_us=2851 block_gets=0 block_puts=0 deleted=0
checkpoint_phase lsn=20312 phase=value_index_schedule slot=0 started_ns=1790162834290639000 ended_ns=1790162834290639375 elapsed_us=0 block_gets=0 block_puts=0 deleted=0
checkpoint_phase lsn=20312 phase=row_merge_write slot=0 started_ns=1790162834290643000 ended_ns=1790162834293446125 elapsed_us=2803 block_gets=0 block_puts=0 deleted=0
checkpoint_phase lsn=20312 phase=value_index_schedule slot=0 started_ns=1790162834293469000 ended_ns=1790162834293639375 elapsed_us=170 block_gets=0 block_puts=0 deleted=0
checkpoint_phase lsn=20312 phase=row_merge_write slot=0 started_ns=1790162834293643000 ended_ns=1790162834296396791 elapsed_us=2753 block_gets=0 block_puts=0 deleted=0
checkpoint_phase lsn=20312 phase=value_index_schedule slot=0 started_ns=1790162834296401000 ended_ns=1790162834296614750 elapsed_us=213 block_gets=0 block_puts=0 deleted=0
checkpoint_phase lsn=20312 phase=row_merge_write slot=0 started_ns=1790162834296618000 ended_ns=1790162834299393000 elapsed_us=2775 block_gets=0 block_puts=0 deleted=0
checkpoint_phase lsn=20312 phase=value_index_schedule slot=0 started_ns=1790162834299397000 ended_ns=1790162834299597417 elapsed_us=200 block_gets=0 block_puts=0 deleted=0
checkpoint_phase lsn=20312 phase=row_merge_write slot=0 started_ns=1790162834299601000 ended_ns=1790162834302354083 elapsed_us=2753 block_gets=0 block_puts=0 deleted=0
checkpoint_phase lsn=20312 phase=value_index_schedule slot=0 started_ns=1790162834302357000 ended_ns=1790162834302553500 elapsed_us=196 block_gets=0 block_puts=0 deleted=0
checkpoint_phase lsn=20312 phase=row_merge_write slot=0 started_ns=1790162834302557000 ended_ns=1790162834305304208 elapsed_us=2747 block_gets=0 block_puts=0 deleted=0
checkpoint_phase lsn=20312 phase=value_index_schedule slot=0 started_ns=1790162834305307000 ended_ns=1790162834309811834 elapsed_us=4504 block_gets=0 block_puts=1 deleted=0
checkpoint_phase lsn=20312 phase=row_merge_write slot=0 started_ns=1790162834309824000 ended_ns=1790162834312682292 elapsed_us=2858 block_gets=0 block_puts=0 deleted=0
checkpoint_phase lsn=20312 phase=value_index_schedule slot=0 started_ns=1790162834312696000 ended_ns=1790162834312899208 elapsed_us=203 block_gets=0 block_puts=0 deleted=0
checkpoint_phase lsn=20312 phase=row_merge_write slot=0 started_ns=1790162834312905000 ended_ns=1790162834315681000 elapsed_us=2776 block_gets=0 block_puts=0 deleted=0
checkpoint_phase lsn=20312 phase=value_index_schedule slot=0 started_ns=1790162834315690000 ended_ns=1790162834315883542 elapsed_us=193 block_gets=0 block_puts=0 deleted=0
checkpoint_phase lsn=20312 phase=row_merge_write slot=0 started_ns=1790162834315891000 ended_ns=1790162834318678708 elapsed_us=2787 block_gets=0 block_puts=0 deleted=0
checkpoint_phase lsn=20312 phase=value_index_schedule slot=0 started_ns=1790162834318683000 ended_ns=1790162834323318709 elapsed_us=4635 block_gets=0 block_puts=1 deleted=0
checkpoint_phase lsn=20312 phase=row_merge_write slot=0 started_ns=1790162834323333000 ended_ns=1790162834326210750 elapsed_us=2877 block_gets=0 block_puts=0 deleted=0
checkpoint_phase lsn=20312 phase=value_index_schedule slot=0 started_ns=1790162834326226000 ended_ns=1790162834326407917 elapsed_us=181 block_gets=0 block_puts=0 deleted=0
checkpoint_phase lsn=20312 phase=row_merge_write slot=0 started_ns=1790162834326414000 ended_ns=1790162834329195666 elapsed_us=2781 block_gets=0 block_puts=0 deleted=0
checkpoint_phase lsn=20312 phase=value_index_schedule slot=0 started_ns=1790162834329201000 ended_ns=1790162834329334167 elapsed_us=133 block_gets=0 block_puts=0 deleted=0
checkpoint_phase lsn=20312 phase=row_merge_write slot=0 started_ns=1790162834329338000 ended_ns=1790162834332106875 elapsed_us=2768 block_gets=0 block_puts=0 deleted=0
checkpoint_phase lsn=20312 phase=value_index_schedule slot=0 started_ns=1790162834332110000 ended_ns=1790162834332221166 elapsed_us=111 block_gets=0 block_puts=0 deleted=0
checkpoint_phase lsn=20312 phase=row_merge_write slot=0 started_ns=1790162834332224000 ended_ns=1790162834335046917 elapsed_us=2822 block_gets=0 block_puts=0 deleted=0
checkpoint_phase lsn=20312 phase=value_index_schedule slot=0 started_ns=1790162834335067000 ended_ns=1790162834348177375 elapsed_us=13110 block_gets=0 block_puts=4 deleted=0
checkpoint_phase lsn=20312 phase=row_merge_write slot=0 started_ns=1790162834348190000 ended_ns=1790162834351043500 elapsed_us=2853 block_gets=0 block_puts=0 deleted=0
checkpoint_phase lsn=20312 phase=value_index_schedule slot=0 started_ns=1790162834351068000 ended_ns=1790162834351068583 elapsed_us=0 block_gets=0 block_puts=0 deleted=0
checkpoint_phase lsn=20312 phase=row_merge_write slot=0 started_ns=1790162834351073000 ended_ns=1790162834352972583 elapsed_us=1899 block_gets=0 block_puts=0 deleted=0
checkpoint_phase lsn=20312 phase=value_index_write slot=0 started_ns=1790162834352981000 ended_ns=1790162834353220958 elapsed_us=239 block_gets=0 block_puts=0 deleted=0
checkpoint_phase lsn=20312 phase=row_merge_write slot=0 started_ns=1790162834353242000 ended_ns=1790162834375369458 elapsed_us=22127 block_gets=0 block_puts=5 deleted=0
checkpoint_phase lsn=20312 phase=value_index_write slot=0 started_ns=1790162834375385000 ended_ns=1790162834375462666 elapsed_us=77 block_gets=0 block_puts=0 deleted=0
checkpoint_phase lsn=20312 phase=row_merge_write slot=0 started_ns=1790162834375469000 ended_ns=1790162834392266917 elapsed_us=16797 block_gets=0 block_puts=4 deleted=0
checkpoint_phase lsn=20312 phase=value_index_write slot=0 started_ns=1790162834392279000 ended_ns=1790162834392354583 elapsed_us=75 block_gets=0 block_puts=0 deleted=0
checkpoint_phase lsn=20312 phase=row_merge_write slot=0 started_ns=1790162834392358000 ended_ns=1790162834409237000 elapsed_us=16879 block_gets=0 block_puts=4 deleted=0
checkpoint_phase lsn=20312 phase=value_index_write slot=0 started_ns=1790162834409250000 ended_ns=1790162834409450917 elapsed_us=200 block_gets=0 block_puts=0 deleted=0
checkpoint_phase lsn=20312 phase=row_merge_write slot=0 started_ns=1790162834409455000 ended_ns=1790162834427273291 elapsed_us=17818 block_gets=0 block_puts=4 deleted=0
checkpoint_phase lsn=20312 phase=value_index_write slot=0 started_ns=1790162834427286000 ended_ns=1790162834427363292 elapsed_us=77 block_gets=0 block_puts=0 deleted=0
checkpoint_phase lsn=20312 phase=row_merge_write slot=0 started_ns=1790162834427367000 ended_ns=1790162834444266375 elapsed_us=16899 block_gets=0 block_puts=4 deleted=0
checkpoint_phase lsn=20312 phase=value_index_write slot=0 started_ns=1790162834444278000 ended_ns=1790162834451332875 elapsed_us=7054 block_gets=0 block_puts=1 deleted=0
checkpoint_phase lsn=20312 phase=row_merge_write slot=0 started_ns=1790162834451344000 ended_ns=1790162834469367792 elapsed_us=18023 block_gets=0 block_puts=4 deleted=0
checkpoint_phase lsn=20312 phase=value_index_write slot=0 started_ns=1790162834469378000 ended_ns=1790162834469580041 elapsed_us=202 block_gets=0 block_puts=0 deleted=0
checkpoint_phase lsn=20312 phase=row_merge_write slot=0 started_ns=1790162834469583000 ended_ns=1790162834488321417 elapsed_us=18738 block_gets=0 block_puts=4 deleted=0
checkpoint_phase lsn=20312 phase=value_index_write slot=0 started_ns=1790162834488334000 ended_ns=1790162834488411417 elapsed_us=77 block_gets=0 block_puts=0 deleted=0
checkpoint_phase lsn=20312 phase=row_merge_write slot=0 started_ns=1790162834488416000 ended_ns=1790162834505817333 elapsed_us=17401 block_gets=0 block_puts=4 deleted=0
checkpoint_phase lsn=20312 phase=value_index_write slot=0 started_ns=1790162834505829000 ended_ns=1790162834505904667 elapsed_us=75 block_gets=0 block_puts=0 deleted=0
checkpoint_phase lsn=20312 phase=row_merge_write slot=0 started_ns=1790162834505908000 ended_ns=1790162834522225333 elapsed_us=16317 block_gets=0 block_puts=4 deleted=0
checkpoint_phase lsn=20312 phase=value_index_write slot=0 started_ns=1790162834522238000 ended_ns=1790162834531870417 elapsed_us=9632 block_gets=0 block_puts=2 deleted=0
checkpoint_phase lsn=20312 phase=row_merge_write slot=0 started_ns=1790162834531885000 ended_ns=1790162834547953000 elapsed_us=16068 block_gets=0 block_puts=4 deleted=0
checkpoint_phase lsn=20312 phase=value_index_schedule slot=0 started_ns=1790162834547966000 ended_ns=1790162834547970083 elapsed_us=4 block_gets=0 block_puts=0 deleted=0
checkpoint_phase lsn=20312 phase=row_merge_write slot=0 started_ns=1790162834547974000 ended_ns=1790162834564843583 elapsed_us=16869 block_gets=0 block_puts=4 deleted=0
checkpoint_phase lsn=20312 phase=value_index_schedule slot=0 started_ns=1790162834564857000 ended_ns=1790162834565659084 elapsed_us=802 block_gets=0 block_puts=0 deleted=0
checkpoint_phase lsn=20312 phase=row_merge_write slot=0 started_ns=1790162834565857000 ended_ns=1790162834582347708 elapsed_us=16490 block_gets=0 block_puts=4 deleted=0
checkpoint_phase lsn=20312 phase=value_index_schedule slot=0 started_ns=1790162834582358000 ended_ns=1790162834583579000 elapsed_us=1221 block_gets=0 block_puts=0 deleted=0
checkpoint_phase lsn=20312 phase=row_merge_write slot=0 started_ns=1790162834583588000 ended_ns=1790162834600862250 elapsed_us=17274 block_gets=0 block_puts=4 deleted=0
checkpoint_phase lsn=20312 phase=value_index_schedule slot=0 started_ns=1790162834600876000 ended_ns=1790162834601977542 elapsed_us=1101 block_gets=0 block_puts=0 deleted=0
checkpoint_phase lsn=20312 phase=row_merge_write slot=0 started_ns=1790162834601984000 ended_ns=1790162834618774583 elapsed_us=16790 block_gets=0 block_puts=4 deleted=0
checkpoint_phase lsn=20312 phase=value_index_schedule slot=0 started_ns=1790162834618786000 ended_ns=1790162834621338375 elapsed_us=2552 block_gets=0 block_puts=0 deleted=0
checkpoint_phase lsn=20312 phase=row_merge_write slot=0 started_ns=1790162834621349000 ended_ns=1790162834638614500 elapsed_us=17265 block_gets=0 block_puts=4 deleted=0
checkpoint_phase lsn=20312 phase=value_index_schedule slot=0 started_ns=1790162834638628000 ended_ns=1790162834641437958 elapsed_us=2809 block_gets=0 block_puts=0 deleted=0
checkpoint_phase lsn=20312 phase=row_merge_write slot=0 started_ns=1790162834641448000 ended_ns=1790162834658548709 elapsed_us=17100 block_gets=0 block_puts=4 deleted=0
checkpoint_phase lsn=20312 phase=value_index_schedule slot=0 started_ns=1790162834658564000 ended_ns=1790162834662669500 elapsed_us=4105 block_gets=0 block_puts=0 deleted=0
checkpoint_phase lsn=20312 phase=row_merge_write slot=0 started_ns=1790162834662687000 ended_ns=1790162834679906583 elapsed_us=17219 block_gets=0 block_puts=4 deleted=0
checkpoint_phase lsn=20312 phase=value_index_schedule slot=0 started_ns=1790162834679918000 ended_ns=1790162834679948292 elapsed_us=30 block_gets=0 block_puts=0 deleted=0
checkpoint_phase lsn=20312 phase=row_merge_write slot=0 started_ns=1790162834679953000 ended_ns=1790162834696393834 elapsed_us=16440 block_gets=0 block_puts=4 deleted=0
checkpoint_phase lsn=20312 phase=value_index_schedule slot=0 started_ns=1790162834696405000 ended_ns=1790162834696438167 elapsed_us=33 block_gets=0 block_puts=0 deleted=0
checkpoint_phase lsn=20312 phase=row_merge_write slot=0 started_ns=1790162834696442000 ended_ns=1790162834713333167 elapsed_us=16891 block_gets=0 block_puts=4 deleted=0
checkpoint_phase lsn=20312 phase=value_index_schedule slot=0 started_ns=1790162834713345000 ended_ns=1790162834713378208 elapsed_us=33 block_gets=0 block_puts=0 deleted=0
checkpoint_phase lsn=20312 phase=row_merge_write slot=0 started_ns=1790162834713382000 ended_ns=1790162834729636875 elapsed_us=16254 block_gets=0 block_puts=4 deleted=0
checkpoint_phase lsn=20312 phase=value_index_schedule slot=0 started_ns=1790162834729651000 ended_ns=1790162834734337125 elapsed_us=4686 block_gets=0 block_puts=1 deleted=0
checkpoint_phase lsn=20312 phase=row_merge_write slot=0 started_ns=1790162834734352000 ended_ns=1790162834750733833 elapsed_us=16381 block_gets=0 block_puts=4 deleted=0
checkpoint_phase lsn=20312 phase=value_index_schedule slot=0 started_ns=1790162834750748000 ended_ns=1790162834750791834 elapsed_us=43 block_gets=0 block_puts=0 deleted=0
checkpoint_phase lsn=20312 phase=row_merge_write slot=0 started_ns=1790162834750799000 ended_ns=1790162834767686667 elapsed_us=16887 block_gets=0 block_puts=4 deleted=0
checkpoint_phase lsn=20312 phase=value_index_schedule slot=0 started_ns=1790162834767708000 ended_ns=1790162834780823125 elapsed_us=13115 block_gets=0 block_puts=4 deleted=0
checkpoint_phase lsn=20312 phase=row_merge_write slot=0 started_ns=1790162834780835000 ended_ns=1790162834797707292 elapsed_us=16872 block_gets=0 block_puts=4 deleted=0
checkpoint_phase lsn=20312 phase=value_index_schedule slot=0 started_ns=1790162834797721000 ended_ns=1790162834800460834 elapsed_us=2739 block_gets=0 block_puts=0 deleted=0
checkpoint_phase lsn=20312 phase=row_merge_write slot=0 started_ns=1790162834800485000 ended_ns=1790162834817316041 elapsed_us=16831 block_gets=0 block_puts=4 deleted=0
checkpoint_phase lsn=20312 phase=value_index_schedule slot=0 started_ns=1790162834817343000 ended_ns=1790162834821299500 elapsed_us=3956 block_gets=0 block_puts=0 deleted=0
checkpoint_phase lsn=20312 phase=row_merge_write slot=0 started_ns=1790162834821322000 ended_ns=1790162834839427542 elapsed_us=18105 block_gets=0 block_puts=4 deleted=0
checkpoint_phase lsn=20312 phase=value_index_schedule slot=0 started_ns=1790162834839442000 ended_ns=1790162834842535125 elapsed_us=3093 block_gets=0 block_puts=0 deleted=0
checkpoint_phase lsn=20312 phase=row_merge_write slot=0 started_ns=1790162834842555000 ended_ns=1790162834860579458 elapsed_us=18024 block_gets=0 block_puts=4 deleted=0
checkpoint_phase lsn=20312 phase=value_index_schedule slot=0 started_ns=1790162834860593000 ended_ns=1790162834863324750 elapsed_us=2731 block_gets=0 block_puts=0 deleted=0
checkpoint_phase lsn=20312 phase=row_merge_write slot=0 started_ns=1790162834863330000 ended_ns=1790162834880445250 elapsed_us=17115 block_gets=0 block_puts=4 deleted=0
checkpoint_phase lsn=20312 phase=value_index_schedule slot=0 started_ns=1790162834880458000 ended_ns=1790162834881538792 elapsed_us=1080 block_gets=0 block_puts=0 deleted=0
checkpoint_phase lsn=20312 phase=row_merge_write slot=0 started_ns=1790162834881545000 ended_ns=1790162834897982125 elapsed_us=16437 block_gets=0 block_puts=4 deleted=0
checkpoint_phase lsn=20312 phase=value_index_schedule slot=0 started_ns=1790162834897996000 ended_ns=1790162834898025458 elapsed_us=29 block_gets=0 block_puts=0 deleted=0
checkpoint_phase lsn=20312 phase=row_merge_write slot=0 started_ns=1790162834898029000 ended_ns=1790162834914901083 elapsed_us=16872 block_gets=0 block_puts=4 deleted=0
checkpoint_phase lsn=20312 phase=value_index_schedule slot=0 started_ns=1790162834914913000 ended_ns=1790162834914949541 elapsed_us=36 block_gets=0 block_puts=0 deleted=0
checkpoint_phase lsn=20312 phase=row_merge_write slot=0 started_ns=1790162834914953000 ended_ns=1790162834932178833 elapsed_us=17225 block_gets=0 block_puts=4 deleted=0
checkpoint_phase lsn=20312 phase=value_index_schedule slot=0 started_ns=1790162834932198000 ended_ns=1790162834932235375 elapsed_us=37 block_gets=0 block_puts=0 deleted=0
checkpoint_phase lsn=20312 phase=row_merge_write slot=0 started_ns=1790162834932241000 ended_ns=1790162834949378666 elapsed_us=17137 block_gets=0 block_puts=4 deleted=0
checkpoint_phase lsn=20312 phase=value_index_schedule slot=0 started_ns=1790162834949392000 ended_ns=1790162834954057166 elapsed_us=4665 block_gets=0 block_puts=1 deleted=0
checkpoint_phase lsn=20312 phase=row_merge_write slot=0 started_ns=1790162834954068000 ended_ns=1790162834970493375 elapsed_us=16425 block_gets=0 block_puts=4 deleted=0
checkpoint_phase lsn=20312 phase=value_index_schedule slot=0 started_ns=1790162834970505000 ended_ns=1790162834983180584 elapsed_us=12675 block_gets=0 block_puts=4 deleted=0
checkpoint_phase lsn=20312 phase=row_merge_write slot=0 started_ns=1790162834983192000 ended_ns=1790162834999698583 elapsed_us=16506 block_gets=0 block_puts=4 deleted=0
checkpoint_phase lsn=20312 phase=value_index_schedule slot=0 started_ns=1790162834999713000 ended_ns=1790162835000424000 elapsed_us=711 block_gets=0 block_puts=0 deleted=0
checkpoint_phase lsn=20312 phase=row_merge_write slot=0 started_ns=1790162835000428000 ended_ns=1790162835017580375 elapsed_us=17152 block_gets=0 block_puts=4 deleted=0
checkpoint_phase lsn=20312 phase=value_index_schedule slot=0 started_ns=1790162835017593000 ended_ns=1790162835017691083 elapsed_us=98 block_gets=0 block_puts=0 deleted=0
checkpoint_phase lsn=20312 phase=row_merge_write slot=0 started_ns=1790162835017695000 ended_ns=1790162835034694833 elapsed_us=16999 block_gets=0 block_puts=4 deleted=0
checkpoint_phase lsn=20312 phase=value_index_schedule slot=0 started_ns=1790162835034706000 ended_ns=1790162835034809250 elapsed_us=103 block_gets=0 block_puts=0 deleted=0
checkpoint_phase lsn=20312 phase=row_merge_write slot=0 started_ns=1790162835034871000 ended_ns=1790162835051214333 elapsed_us=16343 block_gets=0 block_puts=4 deleted=0
checkpoint_phase lsn=20312 phase=value_index_schedule slot=0 started_ns=1790162835051229000 ended_ns=1790162835051331541 elapsed_us=102 block_gets=0 block_puts=0 deleted=0
checkpoint_phase lsn=20312 phase=row_merge_write slot=0 started_ns=1790162835051336000 ended_ns=1790162835067990792 elapsed_us=16654 block_gets=0 block_puts=4 deleted=0
checkpoint_phase lsn=20312 phase=value_index_schedule slot=0 started_ns=1790162835068004000 ended_ns=1790162835072555292 elapsed_us=4551 block_gets=0 block_puts=1 deleted=0
checkpoint_phase lsn=20312 phase=row_merge_write slot=0 started_ns=1790162835072567000 ended_ns=1790162835088786042 elapsed_us=16219 block_gets=0 block_puts=4 deleted=0
checkpoint_phase lsn=20312 phase=value_index_schedule slot=0 started_ns=1790162835088796000 ended_ns=1790162835088981417 elapsed_us=185 block_gets=0 block_puts=0 deleted=0
checkpoint_phase lsn=20312 phase=row_merge_write slot=0 started_ns=1790162835088986000 ended_ns=1790162835105334833 elapsed_us=16348 block_gets=0 block_puts=4 deleted=0
checkpoint_phase lsn=20312 phase=value_index_schedule slot=0 started_ns=1790162835105348000 ended_ns=1790162835105540791 elapsed_us=192 block_gets=0 block_puts=0 deleted=0
checkpoint_phase lsn=20312 phase=row_merge_write slot=0 started_ns=1790162835105545000 ended_ns=1790162835122122125 elapsed_us=16577 block_gets=0 block_puts=4 deleted=0
checkpoint_phase lsn=20312 phase=value_index_schedule slot=0 started_ns=1790162835122136000 ended_ns=1790162835122326667 elapsed_us=190 block_gets=0 block_puts=0 deleted=0
checkpoint_phase lsn=20312 phase=row_merge_write slot=0 started_ns=1790162835122339000 ended_ns=1790162835138201625 elapsed_us=15862 block_gets=0 block_puts=4 deleted=0
checkpoint_phase lsn=20312 phase=value_index_schedule slot=0 started_ns=1790162835138217000 ended_ns=1790162835142577875 elapsed_us=4360 block_gets=0 block_puts=1 deleted=0
checkpoint_phase lsn=20312 phase=row_merge_write slot=0 started_ns=1790162835142590000 ended_ns=1790162835161249875 elapsed_us=18659 block_gets=0 block_puts=4 deleted=0
checkpoint_phase lsn=20312 phase=value_index_schedule slot=0 started_ns=1790162835161265000 ended_ns=1790162835161348959 elapsed_us=83 block_gets=0 block_puts=0 deleted=0
checkpoint_phase lsn=20312 phase=row_merge_write slot=0 started_ns=1790162835161354000 ended_ns=1790162835179903625 elapsed_us=18549 block_gets=0 block_puts=4 deleted=0
checkpoint_phase lsn=20312 phase=value_index_schedule slot=0 started_ns=1790162835179915000 ended_ns=1790162835179963125 elapsed_us=48 block_gets=0 block_puts=0 deleted=0
checkpoint_phase lsn=20312 phase=row_merge_write slot=0 started_ns=1790162835179967000 ended_ns=1790162835197106625 elapsed_us=17139 block_gets=0 block_puts=4 deleted=0
checkpoint_phase lsn=20312 phase=value_index_schedule slot=0 started_ns=1790162835197119000 ended_ns=1790162835210221000 elapsed_us=13102 block_gets=0 block_puts=4 deleted=0
checkpoint_phase lsn=20312 phase=row_merge_write slot=0 started_ns=1790162835210233000 ended_ns=1790162835226838708 elapsed_us=16605 block_gets=0 block_puts=4 deleted=0
checkpoint_phase lsn=20312 phase=value_index_schedule slot=0 started_ns=1790162835226852000 ended_ns=1790162835226852500 elapsed_us=0 block_gets=0 block_puts=0 deleted=0
checkpoint_phase lsn=20312 phase=row_merge_write slot=0 started_ns=1790162835226857000 ended_ns=1790162835243329417 elapsed_us=16472 block_gets=0 block_puts=4 deleted=0
checkpoint_phase lsn=20312 phase=value_index_write slot=0 started_ns=1790162835243343000 ended_ns=1790162835243545083 elapsed_us=202 block_gets=0 block_puts=0 deleted=0
checkpoint_phase lsn=20312 phase=row_merge_write slot=0 started_ns=1790162835243550000 ended_ns=1790162835260643042 elapsed_us=17093 block_gets=0 block_puts=4 deleted=0
checkpoint_phase lsn=20312 phase=value_index_write slot=0 started_ns=1790162835260655000 ended_ns=1790162835260733667 elapsed_us=78 block_gets=0 block_puts=0 deleted=0
checkpoint_phase lsn=20312 phase=row_merge_write slot=0 started_ns=1790162835260751000 ended_ns=1790162835278152375 elapsed_us=17401 block_gets=0 block_puts=4 deleted=0
checkpoint_phase lsn=20312 phase=value_index_write slot=0 started_ns=1790162835278166000 ended_ns=1790162835278244292 elapsed_us=78 block_gets=0 block_puts=0 deleted=0
checkpoint_phase lsn=20312 phase=row_merge_write slot=0 started_ns=1790162835278251000 ended_ns=1790162835294947042 elapsed_us=16696 block_gets=0 block_puts=4 deleted=0
checkpoint_phase lsn=20312 phase=value_index_write slot=0 started_ns=1790162835294959000 ended_ns=1790162835295154875 elapsed_us=195 block_gets=0 block_puts=0 deleted=0
checkpoint_phase lsn=20312 phase=row_merge_write slot=0 started_ns=1790162835295158000 ended_ns=1790162835312337250 elapsed_us=17179 block_gets=0 block_puts=4 deleted=0
checkpoint_phase lsn=20312 phase=value_index_write slot=0 started_ns=1790162835312353000 ended_ns=1790162835312433417 elapsed_us=80 block_gets=0 block_puts=0 deleted=0
checkpoint_phase lsn=20312 phase=row_merge_write slot=0 started_ns=1790162835312441000 ended_ns=1790162835328547583 elapsed_us=16106 block_gets=0 block_puts=4 deleted=0
checkpoint_phase lsn=20312 phase=value_index_write slot=0 started_ns=1790162835328561000 ended_ns=1790162835328639333 elapsed_us=78 block_gets=0 block_puts=0 deleted=0
checkpoint_phase lsn=20312 phase=row_merge_write slot=0 started_ns=1790162835328643000 ended_ns=1790162835344681000 elapsed_us=16038 block_gets=0 block_puts=4 deleted=0
checkpoint_phase lsn=20312 phase=value_index_write slot=0 started_ns=1790162835344696000 ended_ns=1790162835344782041 elapsed_us=86 block_gets=0 block_puts=0 deleted=0
checkpoint_phase lsn=20312 phase=row_merge_write slot=0 started_ns=1790162835344786000 ended_ns=1790162835361595541 elapsed_us=16809 block_gets=0 block_puts=4 deleted=0
checkpoint_phase lsn=20312 phase=value_index_write slot=0 started_ns=1790162835361608000 ended_ns=1790162835367228791 elapsed_us=5620 block_gets=0 block_puts=1 deleted=0
checkpoint_phase lsn=20312 phase=row_merge_write slot=0 started_ns=1790162835367235000 ended_ns=1790162835384335625 elapsed_us=17100 block_gets=0 block_puts=4 deleted=0
checkpoint_phase lsn=20312 phase=value_index_write slot=0 started_ns=1790162835384346000 ended_ns=1790162835384422125 elapsed_us=76 block_gets=0 block_puts=0 deleted=0
checkpoint_phase lsn=20312 phase=row_merge_write slot=0 started_ns=1790162835384426000 ended_ns=1790162835401439000 elapsed_us=17013 block_gets=0 block_puts=4 deleted=0
checkpoint_phase lsn=20312 phase=value_index_write slot=0 started_ns=1790162835401451000 ended_ns=1790162835408692834 elapsed_us=7241 block_gets=0 block_puts=2 deleted=0
checkpoint_phase lsn=20312 phase=row_merge_write slot=0 started_ns=1790162835408703000 ended_ns=1790162835425754292 elapsed_us=17051 block_gets=0 block_puts=4 deleted=0
checkpoint_phase lsn=20312 phase=value_index_schedule slot=0 started_ns=1790162835425766000 ended_ns=1790162835425769417 elapsed_us=3 block_gets=0 block_puts=0 deleted=0
checkpoint_phase lsn=20312 phase=row_merge_write slot=0 started_ns=1790162835425774000 ended_ns=1790162835444271166 elapsed_us=18497 block_gets=0 block_puts=6 deleted=0
checkpoint_phase lsn=20312 phase=value_index_schedule slot=0 started_ns=1790162835444283000 ended_ns=1790162835445057875 elapsed_us=774 block_gets=0 block_puts=0 deleted=0
checkpoint_phase lsn=20312 phase=value_index_schedule slot=0 started_ns=1790162835445066000 ended_ns=1790162835446375334 elapsed_us=1309 block_gets=0 block_puts=0 deleted=0
checkpoint_phase lsn=20312 phase=value_index_schedule slot=0 started_ns=1790162835446397000 ended_ns=1790162835447505125 elapsed_us=1108 block_gets=0 block_puts=0 deleted=0
checkpoint_phase lsn=20312 phase=value_index_schedule slot=0 started_ns=1790162835447515000 ended_ns=1790162835450046458 elapsed_us=2531 block_gets=0 block_puts=0 deleted=0
checkpoint_phase lsn=20312 phase=value_index_schedule slot=0 started_ns=1790162835450052000 ended_ns=1790162835452792000 elapsed_us=2740 block_gets=0 block_puts=0 deleted=0
checkpoint_phase lsn=20312 phase=value_index_schedule slot=0 started_ns=1790162835452823000 ended_ns=1790162835456891875 elapsed_us=4068 block_gets=0 block_puts=0 deleted=0
checkpoint_phase lsn=20312 phase=value_index_schedule slot=0 started_ns=1790162835456907000 ended_ns=1790162835456934250 elapsed_us=27 block_gets=0 block_puts=0 deleted=0
checkpoint_phase lsn=20312 phase=value_index_schedule slot=0 started_ns=1790162835456938000 ended_ns=1790162835456960833 elapsed_us=22 block_gets=0 block_puts=0 deleted=0
checkpoint_phase lsn=20312 phase=value_index_schedule slot=0 started_ns=1790162835456964000 ended_ns=1790162835456986667 elapsed_us=22 block_gets=0 block_puts=0 deleted=0
checkpoint_phase lsn=20312 phase=value_index_schedule slot=0 started_ns=1790162835456993000 ended_ns=1790162835461187292 elapsed_us=4194 block_gets=0 block_puts=1 deleted=0
checkpoint_phase lsn=20312 phase=value_index_schedule slot=0 started_ns=1790162835461196000 ended_ns=1790162835461222375 elapsed_us=26 block_gets=0 block_puts=0 deleted=0
checkpoint_phase lsn=20312 phase=value_index_schedule slot=0 started_ns=1790162835461229000 ended_ns=1790162835473601541 elapsed_us=12372 block_gets=0 block_puts=4 deleted=0
checkpoint_phase lsn=20312 phase=value_index_schedule slot=0 started_ns=1790162835473614000 ended_ns=1790162835476447250 elapsed_us=2833 block_gets=0 block_puts=0 deleted=0
checkpoint_phase lsn=20312 phase=value_index_schedule slot=0 started_ns=1790162835476456000 ended_ns=1790162835479306208 elapsed_us=2850 block_gets=0 block_puts=0 deleted=0
checkpoint_phase lsn=20312 phase=value_index_schedule slot=0 started_ns=1790162835479312000 ended_ns=1790162835482098084 elapsed_us=2786 block_gets=0 block_puts=0 deleted=0
checkpoint_phase lsn=20312 phase=value_index_schedule slot=0 started_ns=1790162835482108000 ended_ns=1790162835484852584 elapsed_us=2744 block_gets=0 block_puts=0 deleted=0
checkpoint_phase lsn=20312 phase=value_index_schedule slot=0 started_ns=1790162835484863000 ended_ns=1790162835485935541 elapsed_us=1072 block_gets=0 block_puts=0 deleted=0
checkpoint_phase lsn=20312 phase=value_index_schedule slot=0 started_ns=1790162835485943000 ended_ns=1790162835485972542 elapsed_us=29 block_gets=0 block_puts=0 deleted=0
checkpoint_phase lsn=20312 phase=value_index_schedule slot=0 started_ns=1790162835485979000 ended_ns=1790162835486002292 elapsed_us=23 block_gets=0 block_puts=0 deleted=0
checkpoint_phase lsn=20312 phase=value_index_schedule slot=0 started_ns=1790162835486005000 ended_ns=1790162835486028292 elapsed_us=23 block_gets=0 block_puts=0 deleted=0
checkpoint_phase lsn=20312 phase=value_index_schedule slot=0 started_ns=1790162835486032000 ended_ns=1790162835490261416 elapsed_us=4229 block_gets=0 block_puts=1 deleted=0
checkpoint_phase lsn=20312 phase=value_index_schedule slot=0 started_ns=1790162835490275000 ended_ns=1790162835502733834 elapsed_us=12458 block_gets=0 block_puts=4 deleted=0
checkpoint_phase lsn=20312 phase=value_index_schedule slot=0 started_ns=1790162835502748000 ended_ns=1790162835503466667 elapsed_us=718 block_gets=0 block_puts=0 deleted=0
checkpoint_phase lsn=20312 phase=value_index_schedule slot=0 started_ns=1790162835503476000 ended_ns=1790162835503565500 elapsed_us=89 block_gets=0 block_puts=0 deleted=0
checkpoint_phase lsn=20312 phase=value_index_schedule slot=0 started_ns=1790162835503572000 ended_ns=1790162835503653666 elapsed_us=81 block_gets=0 block_puts=0 deleted=0
checkpoint_phase lsn=20312 phase=value_index_schedule slot=0 started_ns=1790162835503660000 ended_ns=1790162835503741000 elapsed_us=81 block_gets=0 block_puts=0 deleted=0
checkpoint_phase lsn=20312 phase=value_index_schedule slot=0 started_ns=1790162835503744000 ended_ns=1790162835508400042 elapsed_us=4656 block_gets=0 block_puts=1 deleted=0
checkpoint_phase lsn=20312 phase=value_index_schedule slot=0 started_ns=1790162835508417000 ended_ns=1790162835508597458 elapsed_us=180 block_gets=0 block_puts=0 deleted=0
checkpoint_phase lsn=20312 phase=value_index_schedule slot=0 started_ns=1790162835508602000 ended_ns=1790162835508774625 elapsed_us=172 block_gets=0 block_puts=0 deleted=0
checkpoint_phase lsn=20312 phase=value_index_schedule slot=0 started_ns=1790162835508793000 ended_ns=1790162835508965500 elapsed_us=172 block_gets=0 block_puts=0 deleted=0
checkpoint_phase lsn=20312 phase=value_index_schedule slot=0 started_ns=1790162835508969000 ended_ns=1790162835512890000 elapsed_us=3921 block_gets=0 block_puts=1 deleted=0
checkpoint_phase lsn=20312 phase=value_index_schedule slot=0 started_ns=1790162835512904000 ended_ns=1790162835512970125 elapsed_us=66 block_gets=0 block_puts=0 deleted=0
checkpoint_phase lsn=20312 phase=value_index_schedule slot=0 started_ns=1790162835512977000 ended_ns=1790162835513009125 elapsed_us=32 block_gets=0 block_puts=0 deleted=0
checkpoint_phase lsn=20312 phase=value_index_schedule slot=0 started_ns=1790162835513012000 ended_ns=1790162835526290834 elapsed_us=13278 block_gets=0 block_puts=4 deleted=0
checkpoint_phase lsn=20312 phase=value_index_schedule slot=0 started_ns=1790162835526314000 ended_ns=1790162835526314209 elapsed_us=0 block_gets=0 block_puts=0 deleted=0
checkpoint_phase lsn=20312 phase=value_index_write slot=0 started_ns=1790162835526319000 ended_ns=1790162835526519500 elapsed_us=200 block_gets=0 block_puts=0 deleted=0
checkpoint_phase lsn=20312 phase=value_index_write slot=0 started_ns=1790162835526525000 ended_ns=1790162835526599625 elapsed_us=74 block_gets=0 block_puts=0 deleted=0
checkpoint_phase lsn=20312 phase=value_index_write slot=0 started_ns=1790162835526606000 ended_ns=1790162835526679542 elapsed_us=73 block_gets=0 block_puts=0 deleted=0
checkpoint_phase lsn=20312 phase=value_index_write slot=0 started_ns=1790162835526683000 ended_ns=1790162835526877083 elapsed_us=194 block_gets=0 block_puts=0 deleted=0
checkpoint_phase lsn=20312 phase=value_index_write slot=0 started_ns=1790162835526883000 ended_ns=1790162835526957333 elapsed_us=74 block_gets=0 block_puts=0 deleted=0
checkpoint_phase lsn=20312 phase=value_index_write slot=0 started_ns=1790162835526959000 ended_ns=1790162835527033417 elapsed_us=74 block_gets=0 block_puts=0 deleted=0
checkpoint_phase lsn=20312 phase=value_index_write slot=0 started_ns=1790162835527036000 ended_ns=1790162835527110250 elapsed_us=74 block_gets=0 block_puts=0 deleted=0
checkpoint_phase lsn=20312 phase=value_index_write slot=0 started_ns=1790162835527113000 ended_ns=1790162835533465666 elapsed_us=6352 block_gets=0 block_puts=1 deleted=0
checkpoint_phase lsn=20312 phase=value_index_write slot=0 started_ns=1790162835533484000 ended_ns=1790162835533562625 elapsed_us=78 block_gets=0 block_puts=0 deleted=0
checkpoint_phase lsn=20312 phase=value_index_write slot=0 started_ns=1790162835533566000 ended_ns=1790162835541356292 elapsed_us=7790 block_gets=0 block_puts=2 deleted=0
checkpoint_phase lsn=20312 phase=value_index_schedule slot=0 started_ns=1790162835541377000 ended_ns=1790162835541381125 elapsed_us=4 block_gets=0 block_puts=0 deleted=0
checkpoint_phase lsn=20312 phase=value_index_schedule slot=0 started_ns=1790162835541386000 ended_ns=1790162835542259292 elapsed_us=873 block_gets=0 block_puts=0 deleted=0
checkpoint_phase lsn=20312 phase=value_index_schedule slot=0 started_ns=1790162835542269000 ended_ns=1790162835543607625 elapsed_us=1338 block_gets=0 block_puts=0 deleted=0
checkpoint_phase lsn=20312 phase=value_index_schedule slot=0 started_ns=1790162835543620000 ended_ns=1790162835544936500 elapsed_us=1316 block_gets=0 block_puts=0 deleted=0
checkpoint_phase lsn=20312 phase=value_index_schedule slot=0 started_ns=1790162835544977000 ended_ns=1790162835548259333 elapsed_us=3282 block_gets=0 block_puts=0 deleted=0
checkpoint_phase lsn=20312 phase=value_index_schedule slot=0 started_ns=1790162835548286000 ended_ns=1790162835555489291 elapsed_us=7203 block_gets=0 block_puts=0 deleted=0
checkpoint_phase lsn=20312 phase=value_index_schedule slot=0 started_ns=1790162835555509000 ended_ns=1790162835555537416 elapsed_us=28 block_gets=0 block_puts=0 deleted=0
checkpoint_phase lsn=20312 phase=value_index_schedule slot=0 started_ns=1790162835555541000 ended_ns=1790162835555563666 elapsed_us=22 block_gets=0 block_puts=0 deleted=0
checkpoint_phase lsn=20312 phase=value_index_schedule slot=0 started_ns=1790162835555590000 ended_ns=1790162835555612708 elapsed_us=22 block_gets=0 block_puts=0 deleted=0
checkpoint_phase lsn=20312 phase=value_index_schedule slot=0 started_ns=1790162835555617000 ended_ns=1790162835560121625 elapsed_us=4504 block_gets=0 block_puts=1 deleted=0
checkpoint_phase lsn=20312 phase=value_index_schedule slot=0 started_ns=1790162835560139000 ended_ns=1790162835572711208 elapsed_us=12572 block_gets=0 block_puts=4 deleted=0
checkpoint_phase lsn=20312 phase=value_index_schedule slot=0 started_ns=1790162835572724000 ended_ns=1790162835575622583 elapsed_us=2898 block_gets=0 block_puts=0 deleted=0
checkpoint_phase lsn=20312 phase=value_index_schedule slot=0 started_ns=1790162835575644000 ended_ns=1790162835578563875 elapsed_us=2919 block_gets=0 block_puts=0 deleted=0
checkpoint_phase lsn=20312 phase=value_index_schedule slot=0 started_ns=1790162835578578000 ended_ns=1790162835581344958 elapsed_us=2766 block_gets=0 block_puts=0 deleted=0
checkpoint_phase lsn=20312 phase=value_index_schedule slot=0 started_ns=1790162835581351000 ended_ns=1790162835584131875 elapsed_us=2780 block_gets=0 block_puts=0 deleted=0
checkpoint_phase lsn=20312 phase=value_index_schedule slot=0 started_ns=1790162835584143000 ended_ns=1790162835585575708 elapsed_us=1432 block_gets=0 block_puts=0 deleted=0
checkpoint_phase lsn=20312 phase=value_index_schedule slot=0 started_ns=1790162835585584000 ended_ns=1790162835585613833 elapsed_us=29 block_gets=0 block_puts=0 deleted=0
checkpoint_phase lsn=20312 phase=value_index_schedule slot=0 started_ns=1790162835585617000 ended_ns=1790162835585640041 elapsed_us=23 block_gets=0 block_puts=0 deleted=0
checkpoint_phase lsn=20312 phase=value_index_schedule slot=0 started_ns=1790162835585643000 ended_ns=1790162835585666208 elapsed_us=23 block_gets=0 block_puts=0 deleted=0
checkpoint_phase lsn=20312 phase=value_index_schedule slot=0 started_ns=1790162835585669000 ended_ns=1790162835589596833 elapsed_us=3927 block_gets=0 block_puts=1 deleted=0
checkpoint_phase lsn=20312 phase=value_index_schedule slot=0 started_ns=1790162835589607000 ended_ns=1790162835602700334 elapsed_us=13093 block_gets=0 block_puts=4 deleted=0
checkpoint_phase lsn=20312 phase=value_index_schedule slot=0 started_ns=1790162835602717000 ended_ns=1790162835603294333 elapsed_us=577 block_gets=0 block_puts=0 deleted=0
checkpoint_phase lsn=20312 phase=value_index_schedule slot=0 started_ns=1790162835603300000 ended_ns=1790162835603462625 elapsed_us=162 block_gets=0 block_puts=0 deleted=0
checkpoint_phase lsn=20312 phase=value_index_schedule slot=0 started_ns=1790162835603468000 ended_ns=1790162835603618750 elapsed_us=150 block_gets=0 block_puts=0 deleted=0
checkpoint_phase lsn=20312 phase=value_index_schedule slot=0 started_ns=1790162835603625000 ended_ns=1790162835603871708 elapsed_us=246 block_gets=0 block_puts=0 deleted=0
checkpoint_phase lsn=20312 phase=value_index_schedule slot=0 started_ns=1790162835603875000 ended_ns=1790162835608479625 elapsed_us=4604 block_gets=0 block_puts=1 deleted=0
checkpoint_phase lsn=20312 phase=value_index_schedule slot=0 started_ns=1790162835608491000 ended_ns=1790162835608743875 elapsed_us=252 block_gets=0 block_puts=0 deleted=0
checkpoint_phase lsn=20312 phase=value_index_schedule slot=0 started_ns=1790162835608748000 ended_ns=1790162835609073417 elapsed_us=325 block_gets=0 block_puts=0 deleted=0
checkpoint_phase lsn=20312 phase=value_index_schedule slot=0 started_ns=1790162835609090000 ended_ns=1790162835613861208 elapsed_us=4771 block_gets=0 block_puts=1 deleted=0
checkpoint_phase lsn=20312 phase=value_index_schedule slot=0 started_ns=1790162835613871000 ended_ns=1790162835614111083 elapsed_us=240 block_gets=0 block_puts=0 deleted=0
checkpoint_phase lsn=20312 phase=value_index_schedule slot=0 started_ns=1790162835614118000 ended_ns=1790162835614148250 elapsed_us=30 block_gets=0 block_puts=0 deleted=0
checkpoint_phase lsn=20312 phase=value_index_schedule slot=0 started_ns=1790162835614167000 ended_ns=1790162835627597708 elapsed_us=13430 block_gets=0 block_puts=4 deleted=0
checkpoint_phase lsn=20312 phase=value_index_schedule slot=0 started_ns=1790162835627608000 ended_ns=1790162835630339583 elapsed_us=2731 block_gets=0 block_puts=0 deleted=0
checkpoint_phase lsn=20312 phase=value_index_schedule slot=0 started_ns=1790162835630344000 ended_ns=1790162835630634333 elapsed_us=290 block_gets=0 block_puts=0 deleted=0
checkpoint_phase lsn=20312 phase=value_index_schedule slot=0 started_ns=1790162835630639000 ended_ns=1790162835630667417 elapsed_us=28 block_gets=0 block_puts=0 deleted=0
checkpoint_phase lsn=20312 phase=value_index_schedule slot=0 started_ns=1790162835630670000 ended_ns=1790162835645919084 elapsed_us=15249 block_gets=0 block_puts=4 deleted=0
checkpoint_phase lsn=20312 phase=value_index_schedule slot=0 started_ns=1790162835645933000 ended_ns=1790162835645933291 elapsed_us=0 block_gets=0 block_puts=0 deleted=0
checkpoint_phase lsn=20312 phase=value_index_schedule slot=0 started_ns=1790162835645937000 ended_ns=1790162835646105958 elapsed_us=168 block_gets=0 block_puts=0 deleted=0
checkpoint_phase lsn=20312 phase=value_index_schedule slot=0 started_ns=1790162835646109000 ended_ns=1790162835646403083 elapsed_us=294 block_gets=0 block_puts=0 deleted=0
checkpoint_phase lsn=20312 phase=value_index_schedule slot=0 started_ns=1790162835646408000 ended_ns=1790162835646691125 elapsed_us=283 block_gets=0 block_puts=0 deleted=0
checkpoint_phase lsn=20312 phase=value_index_schedule slot=0 started_ns=1790162835646698000 ended_ns=1790162835646980500 elapsed_us=282 block_gets=0 block_puts=0 deleted=0
checkpoint_phase lsn=20312 phase=value_index_schedule slot=0 started_ns=1790162835646988000 ended_ns=1790162835651451917 elapsed_us=4463 block_gets=0 block_puts=1 deleted=0
checkpoint_phase lsn=20312 phase=value_index_schedule slot=0 started_ns=1790162835651472000 ended_ns=1790162835651755917 elapsed_us=283 block_gets=0 block_puts=0 deleted=0
checkpoint_phase lsn=20312 phase=value_index_schedule slot=0 started_ns=1790162835651764000 ended_ns=1790162835652042875 elapsed_us=278 block_gets=0 block_puts=0 deleted=0
checkpoint_phase lsn=20312 phase=value_index_schedule slot=0 started_ns=1790162835652050000 ended_ns=1790162835655809208 elapsed_us=3759 block_gets=0 block_puts=1 deleted=0
checkpoint_phase lsn=20312 phase=value_index_schedule slot=0 started_ns=1790162835655822000 ended_ns=1790162835656052125 elapsed_us=230 block_gets=0 block_puts=0 deleted=0
checkpoint_phase lsn=20312 phase=value_index_schedule slot=0 started_ns=1790162835656066000 ended_ns=1790162835656211833 elapsed_us=145 block_gets=0 block_puts=0 deleted=0
checkpoint_phase lsn=20312 phase=value_index_schedule slot=0 started_ns=1790162835656218000 ended_ns=1790162835660227709 elapsed_us=4009 block_gets=0 block_puts=1 deleted=0
checkpoint_phase lsn=20312 phase=value_index_schedule slot=0 started_ns=1790162835660242000 ended_ns=1790162835671273375 elapsed_us=11031 block_gets=0 block_puts=4 deleted=0
checkpoint_phase lsn=20312 phase=value_index_schedule slot=0 started_ns=1790162835671291000 ended_ns=1790162835671291333 elapsed_us=0 block_gets=0 block_puts=0 deleted=0
checkpoint_phase lsn=20312 phase=value_index_write slot=0 started_ns=1790162835671296000 ended_ns=1790162835671581875 elapsed_us=285 block_gets=0 block_puts=0 deleted=0
checkpoint_phase lsn=20312 phase=value_index_write slot=0 started_ns=1790162835671589000 ended_ns=1790162835671734959 elapsed_us=145 block_gets=0 block_puts=0 deleted=0
checkpoint_phase lsn=20312 phase=value_index_write slot=0 started_ns=1790162835671738000 ended_ns=1790162835671884375 elapsed_us=146 block_gets=0 block_puts=0 deleted=0
checkpoint_phase lsn=20312 phase=value_index_write slot=0 started_ns=1790162835671891000 ended_ns=1790162835672169917 elapsed_us=278 block_gets=0 block_puts=0 deleted=0
checkpoint_phase lsn=20312 phase=value_index_write slot=0 started_ns=1790162835672176000 ended_ns=1790162835672324125 elapsed_us=148 block_gets=0 block_puts=0 deleted=0
checkpoint_phase lsn=20312 phase=value_index_write slot=0 started_ns=1790162835672360000 ended_ns=1790162835679236500 elapsed_us=6876 block_gets=0 block_puts=1 deleted=0
checkpoint_phase lsn=20312 phase=value_index_write slot=0 started_ns=1790162835679253000 ended_ns=1790162835679535417 elapsed_us=282 block_gets=0 block_puts=0 deleted=0
checkpoint_phase lsn=20312 phase=value_index_write slot=0 started_ns=1790162835679543000 ended_ns=1790162835679692042 elapsed_us=149 block_gets=0 block_puts=0 deleted=0
checkpoint_phase lsn=20312 phase=value_index_write slot=0 started_ns=1790162835679698000 ended_ns=1790162835679847375 elapsed_us=149 block_gets=0 block_puts=0 deleted=0
checkpoint_phase lsn=20312 phase=value_index_write slot=0 started_ns=1790162835679853000 ended_ns=1790162835688715250 elapsed_us=8862 block_gets=0 block_puts=2 deleted=0
checkpoint_phase lsn=20312 phase=value_index_schedule slot=0 started_ns=1790162835688730000 ended_ns=1790162835688733834 elapsed_us=3 block_gets=0 block_puts=0 deleted=0
checkpoint_phase lsn=20312 phase=value_index_schedule slot=0 started_ns=1790162835688739000 ended_ns=1790162835689553125 elapsed_us=814 block_gets=0 block_puts=0 deleted=0
checkpoint_phase lsn=20312 phase=value_index_schedule slot=0 started_ns=1790162835689561000 ended_ns=1790162835690794375 elapsed_us=1233 block_gets=0 block_puts=0 deleted=0
checkpoint_phase lsn=20312 phase=value_index_schedule slot=0 started_ns=1790162835690804000 ended_ns=1790162835691921709 elapsed_us=1117 block_gets=0 block_puts=0 deleted=0
checkpoint_phase lsn=20312 phase=value_index_schedule slot=0 started_ns=1790162835691927000 ended_ns=1790162835694482542 elapsed_us=2555 block_gets=0 block_puts=0 deleted=0
checkpoint_phase lsn=20312 phase=value_index_schedule slot=0 started_ns=1790162835694489000 ended_ns=1790162835704019375 elapsed_us=9530 block_gets=0 block_puts=0 deleted=0
checkpoint_phase lsn=20312 phase=value_index_schedule slot=0 started_ns=1790162835704041000 ended_ns=1790162835704067875 elapsed_us=26 block_gets=0 block_puts=0 deleted=0
checkpoint_phase lsn=20312 phase=value_index_schedule slot=0 started_ns=1790162835704073000 ended_ns=1790162835704096000 elapsed_us=23 block_gets=0 block_puts=0 deleted=0
checkpoint_phase lsn=20312 phase=value_index_schedule slot=0 started_ns=1790162835704099000 ended_ns=1790162835704122250 elapsed_us=23 block_gets=0 block_puts=0 deleted=0
checkpoint_phase lsn=20312 phase=value_index_schedule slot=0 started_ns=1790162835704126000 ended_ns=1790162835708352417 elapsed_us=4226 block_gets=0 block_puts=1 deleted=0
checkpoint_phase lsn=20312 phase=value_index_schedule slot=0 started_ns=1790162835708361000 ended_ns=1790162835720024875 elapsed_us=11663 block_gets=0 block_puts=4 deleted=0
checkpoint_phase lsn=20312 phase=value_index_schedule slot=0 started_ns=1790162835720038000 ended_ns=1790162835722906750 elapsed_us=2868 block_gets=0 block_puts=0 deleted=0
checkpoint_phase lsn=20312 phase=value_index_schedule slot=0 started_ns=1790162835722919000 ended_ns=1790162835725703209 elapsed_us=2784 block_gets=0 block_puts=0 deleted=0
checkpoint_phase lsn=20312 phase=value_index_schedule slot=0 started_ns=1790162835725711000 ended_ns=1790162835728503375 elapsed_us=2792 block_gets=0 block_puts=0 deleted=0
checkpoint_phase lsn=20312 phase=value_index_schedule slot=0 started_ns=1790162835728511000 ended_ns=1790162835731271750 elapsed_us=2760 block_gets=0 block_puts=0 deleted=0
checkpoint_phase lsn=20312 phase=value_index_schedule slot=0 started_ns=1790162835731278000 ended_ns=1790162835732833084 elapsed_us=1555 block_gets=0 block_puts=0 deleted=0
checkpoint_phase lsn=20312 phase=value_index_schedule slot=0 started_ns=1790162835732855000 ended_ns=1790162835732882084 elapsed_us=27 block_gets=0 block_puts=0 deleted=0
checkpoint_phase lsn=20312 phase=value_index_schedule slot=0 started_ns=1790162835732887000 ended_ns=1790162835732909792 elapsed_us=22 block_gets=0 block_puts=0 deleted=0
checkpoint_phase lsn=20312 phase=value_index_schedule slot=0 started_ns=1790162835732916000 ended_ns=1790162835732938666 elapsed_us=22 block_gets=0 block_puts=0 deleted=0
checkpoint_phase lsn=20312 phase=value_index_schedule slot=0 started_ns=1790162835732968000 ended_ns=1790162835737568208 elapsed_us=4600 block_gets=0 block_puts=1 deleted=0
checkpoint_phase lsn=20312 phase=value_index_schedule slot=0 started_ns=1790162835737582000 ended_ns=1790162835749871125 elapsed_us=12289 block_gets=0 block_puts=4 deleted=0
checkpoint_phase lsn=20312 phase=value_index_schedule slot=0 started_ns=1790162835749882000 ended_ns=1790162835750456333 elapsed_us=574 block_gets=0 block_puts=0 deleted=0
checkpoint_phase lsn=20312 phase=value_index_schedule slot=0 started_ns=1790162835750461000 ended_ns=1790162835750684792 elapsed_us=223 block_gets=0 block_puts=0 deleted=0
checkpoint_phase lsn=20312 phase=value_index_schedule slot=0 started_ns=1790162835750694000 ended_ns=1790162835750901167 elapsed_us=207 block_gets=0 block_puts=0 deleted=0
checkpoint_phase lsn=20312 phase=value_index_schedule slot=0 started_ns=1790162835750906000 ended_ns=1790162835751210167 elapsed_us=304 block_gets=0 block_puts=0 deleted=0
checkpoint_phase lsn=20312 phase=value_index_schedule slot=0 started_ns=1790162835751213000 ended_ns=1790162835755724416 elapsed_us=4511 block_gets=0 block_puts=1 deleted=0
checkpoint_phase lsn=20312 phase=value_index_schedule slot=0 started_ns=1790162835755734000 ended_ns=1790162835756043125 elapsed_us=309 block_gets=0 block_puts=0 deleted=0
checkpoint_phase lsn=20312 phase=value_index_schedule slot=0 started_ns=1790162835756050000 ended_ns=1790162835756358250 elapsed_us=308 block_gets=0 block_puts=0 deleted=0
checkpoint_phase lsn=20312 phase=value_index_schedule slot=0 started_ns=1790162835756365000 ended_ns=1790162835760915167 elapsed_us=4550 block_gets=0 block_puts=1 deleted=0
checkpoint_phase lsn=20312 phase=value_index_schedule slot=0 started_ns=1790162835760925000 ended_ns=1790162835761174791 elapsed_us=249 block_gets=0 block_puts=0 deleted=0
checkpoint_phase lsn=20312 phase=value_index_schedule slot=0 started_ns=1790162835761180000 ended_ns=1790162835761207500 elapsed_us=27 block_gets=0 block_puts=0 deleted=0
checkpoint_phase lsn=20312 phase=value_index_schedule slot=0 started_ns=1790162835761211000 ended_ns=1790162835774361083 elapsed_us=13150 block_gets=0 block_puts=4 deleted=0
checkpoint_phase lsn=20312 phase=value_index_schedule slot=0 started_ns=1790162835774373000 ended_ns=1790162835777142208 elapsed_us=2769 block_gets=0 block_puts=0 deleted=0
checkpoint_phase lsn=20312 phase=value_index_schedule slot=0 started_ns=1790162835777152000 ended_ns=1790162835777671542 elapsed_us=519 block_gets=0 block_puts=0 deleted=0
checkpoint_phase lsn=20312 phase=value_index_schedule slot=0 started_ns=1790162835777677000 ended_ns=1790162835777706792 elapsed_us=29 block_gets=0 block_puts=0 deleted=0
checkpoint_phase lsn=20312 phase=value_index_schedule slot=0 started_ns=1790162835777710000 ended_ns=1790162835790018333 elapsed_us=12308 block_gets=0 block_puts=4 deleted=0
checkpoint_phase lsn=20312 phase=value_index_schedule slot=0 started_ns=1790162835790032000 ended_ns=1790162835790032333 elapsed_us=0 block_gets=0 block_puts=0 deleted=0
checkpoint_phase lsn=20312 phase=value_index_schedule slot=0 started_ns=1790162835790037000 ended_ns=1790162835790208792 elapsed_us=171 block_gets=0 block_puts=0 deleted=0
checkpoint_phase lsn=20312 phase=value_index_schedule slot=0 started_ns=1790162835790215000 ended_ns=1790162835790555584 elapsed_us=340 block_gets=0 block_puts=0 deleted=0
checkpoint_phase lsn=20312 phase=value_index_schedule slot=0 started_ns=1790162835790567000 ended_ns=1790162835790897584 elapsed_us=330 block_gets=0 block_puts=0 deleted=0
checkpoint_phase lsn=20312 phase=value_index_schedule slot=0 started_ns=1790162835790904000 ended_ns=1790162835791237291 elapsed_us=333 block_gets=0 block_puts=0 deleted=0
checkpoint_phase lsn=20312 phase=value_index_schedule slot=0 started_ns=1790162835791240000 ended_ns=1790162835795891250 elapsed_us=4651 block_gets=0 block_puts=1 deleted=0
checkpoint_phase lsn=20312 phase=value_index_schedule slot=0 started_ns=1790162835795907000 ended_ns=1790162835796249250 elapsed_us=342 block_gets=0 block_puts=0 deleted=0
checkpoint_phase lsn=20312 phase=value_index_schedule slot=0 started_ns=1790162835796277000 ended_ns=1790162835796617375 elapsed_us=340 block_gets=0 block_puts=0 deleted=0
checkpoint_phase lsn=20312 phase=value_index_schedule slot=0 started_ns=1790162835796624000 ended_ns=1790162835800488500 elapsed_us=3864 block_gets=0 block_puts=1 deleted=0
checkpoint_phase lsn=20312 phase=value_index_schedule slot=0 started_ns=1790162835800506000 ended_ns=1790162835800798625 elapsed_us=292 block_gets=0 block_puts=0 deleted=0
checkpoint_phase lsn=20312 phase=value_index_schedule slot=0 started_ns=1790162835800807000 ended_ns=1790162835800971792 elapsed_us=164 block_gets=0 block_puts=0 deleted=0
checkpoint_phase lsn=20312 phase=value_index_schedule slot=0 started_ns=1790162835800979000 ended_ns=1790162835805141417 elapsed_us=4162 block_gets=0 block_puts=1 deleted=0
checkpoint_phase lsn=20312 phase=value_index_schedule slot=0 started_ns=1790162835805153000 ended_ns=1790162835816740292 elapsed_us=11587 block_gets=0 block_puts=4 deleted=0
checkpoint_phase lsn=20312 phase=value_index_schedule slot=0 started_ns=1790162835816754000 ended_ns=1790162835816754416 elapsed_us=0 block_gets=0 block_puts=0 deleted=0
checkpoint_phase lsn=20312 phase=value_index_write slot=0 started_ns=1790162835816759000 ended_ns=1790162835828923167 elapsed_us=12164 block_gets=0 block_puts=4 deleted=0
checkpoint_phase lsn=20312 phase=value_index_write slot=0 started_ns=1790162835828936000 ended_ns=1790162835841117917 elapsed_us=12181 block_gets=0 block_puts=4 deleted=0
checkpoint_phase lsn=20312 phase=value_index_write slot=0 started_ns=1790162835841132000 ended_ns=1790162835854375459 elapsed_us=13243 block_gets=0 block_puts=4 deleted=0
checkpoint_phase lsn=20312 phase=value_index_write slot=0 started_ns=1790162835854387000 ended_ns=1790162835870376750 elapsed_us=15989 block_gets=0 block_puts=4 deleted=0
checkpoint_phase lsn=20312 phase=value_index_write slot=0 started_ns=1790162835870389000 ended_ns=1790162835891730333 elapsed_us=21341 block_gets=0 block_puts=4 deleted=0
checkpoint_phase lsn=20312 phase=value_index_write slot=0 started_ns=1790162835891742000 ended_ns=1790162835904936583 elapsed_us=13194 block_gets=0 block_puts=4 deleted=0
checkpoint_phase lsn=20312 phase=value_index_write slot=0 started_ns=1790162835904949000 ended_ns=1790162835917254416 elapsed_us=12305 block_gets=0 block_puts=4 deleted=0
checkpoint_phase lsn=20312 phase=value_index_write slot=0 started_ns=1790162835917268000 ended_ns=1790162835930501041 elapsed_us=13233 block_gets=0 block_puts=4 deleted=0
checkpoint_phase lsn=20312 phase=value_index_write slot=0 started_ns=1790162835930526000 ended_ns=1790162835944421583 elapsed_us=13895 block_gets=0 block_puts=4 deleted=0
checkpoint_phase lsn=20312 phase=value_index_write slot=0 started_ns=1790162835944436000 ended_ns=1790162835958855875 elapsed_us=14419 block_gets=0 block_puts=4 deleted=0
checkpoint_phase lsn=20312 phase=value_index_write slot=0 started_ns=1790162835958871000 ended_ns=1790162835972336625 elapsed_us=13465 block_gets=0 block_puts=4 deleted=0
checkpoint_phase lsn=20312 phase=value_index_write slot=0 started_ns=1790162835972349000 ended_ns=1790162835985768416 elapsed_us=13419 block_gets=0 block_puts=4 deleted=0
checkpoint_phase lsn=20312 phase=value_index_write slot=0 started_ns=1790162835985787000 ended_ns=1790162835998417042 elapsed_us=12630 block_gets=0 block_puts=4 deleted=0
checkpoint_phase lsn=20312 phase=value_index_write slot=0 started_ns=1790162835998432000 ended_ns=1790162836011242125 elapsed_us=12810 block_gets=0 block_puts=4 deleted=0
checkpoint_phase lsn=20312 phase=value_index_write slot=0 started_ns=1790162836011260000 ended_ns=1790162836026638625 elapsed_us=15378 block_gets=0 block_puts=5 deleted=0
checkpoint_phase lsn=20312 phase=value_index_schedule slot=0 started_ns=1790162836026655000 ended_ns=1790162836026658459 elapsed_us=3 block_gets=0 block_puts=0 deleted=0
checkpoint_phase lsn=20312 phase=value_index_schedule slot=0 started_ns=1790162836026663000 ended_ns=1790162836027501959 elapsed_us=838 block_gets=0 block_puts=0 deleted=0
checkpoint_phase lsn=20312 phase=value_index_schedule slot=0 started_ns=1790162836027525000 ended_ns=1790162836028881917 elapsed_us=1356 block_gets=0 block_puts=0 deleted=0
checkpoint_phase lsn=20312 phase=value_index_schedule slot=0 started_ns=1790162836028891000 ended_ns=1790162836030121667 elapsed_us=1230 block_gets=0 block_puts=0 deleted=0
checkpoint_phase lsn=20312 phase=value_index_schedule slot=0 started_ns=1790162836030130000 ended_ns=1790162836041498000 elapsed_us=11368 block_gets=0 block_puts=0 deleted=0
checkpoint_phase lsn=20312 phase=value_index_schedule slot=0 started_ns=1790162836041514000 ended_ns=1790162836041540875 elapsed_us=26 block_gets=0 block_puts=0 deleted=0
checkpoint_phase lsn=20312 phase=value_index_schedule slot=0 started_ns=1790162836041548000 ended_ns=1790162836041570416 elapsed_us=22 block_gets=0 block_puts=0 deleted=0
checkpoint_phase lsn=20312 phase=value_index_schedule slot=0 started_ns=1790162836041574000 ended_ns=1790162836046239208 elapsed_us=4665 block_gets=0 block_puts=1 deleted=0
checkpoint_phase lsn=20312 phase=value_index_schedule slot=0 started_ns=1790162836046249000 ended_ns=1790162836058933917 elapsed_us=12684 block_gets=0 block_puts=4 deleted=0
checkpoint_phase lsn=20312 phase=value_index_schedule slot=0 started_ns=1790162836058945000 ended_ns=1790162836061740583 elapsed_us=2795 block_gets=0 block_puts=0 deleted=0
checkpoint_phase lsn=20312 phase=value_index_schedule slot=0 started_ns=1790162836061746000 ended_ns=1790162836064512417 elapsed_us=2766 block_gets=0 block_puts=0 deleted=0
checkpoint_phase lsn=20312 phase=value_index_schedule slot=0 started_ns=1790162836064516000 ended_ns=1790162836067267583 elapsed_us=2751 block_gets=0 block_puts=0 deleted=0
checkpoint_phase lsn=20312 phase=value_index_schedule slot=0 started_ns=1790162836067273000 ended_ns=1790162836069273375 elapsed_us=2000 block_gets=0 block_puts=0 deleted=0
checkpoint_phase lsn=20312 phase=value_index_schedule slot=0 started_ns=1790162836069282000 ended_ns=1790162836069309167 elapsed_us=27 block_gets=0 block_puts=0 deleted=0
checkpoint_phase lsn=20312 phase=value_index_schedule slot=0 started_ns=1790162836069312000 ended_ns=1790162836069333125 elapsed_us=21 block_gets=0 block_puts=0 deleted=0
checkpoint_phase lsn=20312 phase=value_index_schedule slot=0 started_ns=1790162836069337000 ended_ns=1790162836074055334 elapsed_us=4718 block_gets=0 block_puts=1 deleted=0
checkpoint_phase lsn=20312 phase=value_index_schedule slot=0 started_ns=1790162836074069000 ended_ns=1790162836086349209 elapsed_us=12280 block_gets=0 block_puts=4 deleted=0
checkpoint_phase lsn=20312 phase=value_index_schedule slot=0 started_ns=1790162836086362000 ended_ns=1790162836087136583 elapsed_us=774 block_gets=0 block_puts=0 deleted=0
checkpoint_phase lsn=20312 phase=value_index_schedule slot=0 started_ns=1790162836087142000 ended_ns=1790162836087460583 elapsed_us=318 block_gets=0 block_puts=0 deleted=0
checkpoint_phase lsn=20312 phase=value_index_schedule slot=0 started_ns=1790162836087464000 ended_ns=1790162836087930625 elapsed_us=466 block_gets=0 block_puts=0 deleted=0
checkpoint_phase lsn=20312 phase=value_index_schedule slot=0 started_ns=1790162836087935000 ended_ns=1790162836093089667 elapsed_us=5154 block_gets=0 block_puts=1 deleted=0
checkpoint_phase lsn=20312 phase=value_index_schedule slot=0 started_ns=1790162836093101000 ended_ns=1790162836093555458 elapsed_us=454 block_gets=0 block_puts=0 deleted=0
checkpoint_phase lsn=20312 phase=value_index_schedule slot=0 started_ns=1790162836093562000 ended_ns=1790162836094049208 elapsed_us=487 block_gets=0 block_puts=0 deleted=0
checkpoint_phase lsn=20312 phase=value_index_schedule slot=0 started_ns=1790162836094056000 ended_ns=1790162836098094125 elapsed_us=4038 block_gets=0 block_puts=1 deleted=0
checkpoint_phase lsn=20312 phase=value_index_schedule slot=0 started_ns=1790162836098100000 ended_ns=1790162836098276916 elapsed_us=176 block_gets=0 block_puts=0 deleted=0
checkpoint_phase lsn=20312 phase=value_index_schedule slot=0 started_ns=1790162836098292000 ended_ns=1790162836111063833 elapsed_us=12771 block_gets=0 block_puts=4 deleted=0
checkpoint_phase lsn=20312 phase=value_index_schedule slot=0 started_ns=1790162836111077000 ended_ns=1790162836113871250 elapsed_us=2794 block_gets=0 block_puts=0 deleted=0
checkpoint_phase lsn=20312 phase=value_index_schedule slot=0 started_ns=1790162836113879000 ended_ns=1790162836116640167 elapsed_us=2761 block_gets=0 block_puts=0 deleted=0
checkpoint_phase lsn=20312 phase=value_index_schedule slot=0 started_ns=1790162836116646000 ended_ns=1790162836120006875 elapsed_us=3360 block_gets=0 block_puts=0 deleted=0
checkpoint_phase lsn=20312 phase=value_index_schedule slot=0 started_ns=1790162836120013000 ended_ns=1790162836120038458 elapsed_us=25 block_gets=0 block_puts=0 deleted=0
checkpoint_phase lsn=20312 phase=value_index_schedule slot=0 started_ns=1790162836120042000 ended_ns=1790162836120062666 elapsed_us=20 block_gets=0 block_puts=0 deleted=0
checkpoint_phase lsn=20312 phase=value_index_schedule slot=0 started_ns=1790162836120066000 ended_ns=1790162836124727542 elapsed_us=4661 block_gets=0 block_puts=1 deleted=0
checkpoint_phase lsn=20312 phase=value_index_schedule slot=0 started_ns=1790162836124738000 ended_ns=1790162836137300333 elapsed_us=12562 block_gets=0 block_puts=4 deleted=0
checkpoint_phase lsn=20312 phase=value_index_schedule slot=0 started_ns=1790162836137311000 ended_ns=1790162836137311250 elapsed_us=0 block_gets=0 block_puts=0 deleted=0
checkpoint_phase lsn=20312 phase=value_index_schedule slot=0 started_ns=1790162836137315000 ended_ns=1790162836138088625 elapsed_us=773 block_gets=0 block_puts=0 deleted=0
checkpoint_phase lsn=20312 phase=value_index_schedule slot=0 started_ns=1790162836138092000 ended_ns=1790162836138575958 elapsed_us=483 block_gets=0 block_puts=0 deleted=0
checkpoint_phase lsn=20312 phase=value_index_schedule slot=0 started_ns=1790162836138580000 ended_ns=1790162836139042917 elapsed_us=462 block_gets=0 block_puts=0 deleted=0
checkpoint_phase lsn=20312 phase=value_index_schedule slot=0 started_ns=1790162836139048000 ended_ns=1790162836144099542 elapsed_us=5051 block_gets=0 block_puts=1 deleted=0
checkpoint_phase lsn=20312 phase=value_index_schedule slot=0 started_ns=1790162836144110000 ended_ns=1790162836144571834 elapsed_us=461 block_gets=0 block_puts=0 deleted=0
checkpoint_phase lsn=20312 phase=value_index_schedule slot=0 started_ns=1790162836144577000 ended_ns=1790162836145030959 elapsed_us=453 block_gets=0 block_puts=0 deleted=0
checkpoint_phase lsn=20312 phase=value_index_schedule slot=0 started_ns=1790162836145036000 ended_ns=1790162836149929834 elapsed_us=4893 block_gets=0 block_puts=1 deleted=0
checkpoint_phase lsn=20312 phase=value_index_schedule slot=0 started_ns=1790162836149941000 ended_ns=1790162836150235000 elapsed_us=294 block_gets=0 block_puts=0 deleted=0
checkpoint_phase lsn=20312 phase=value_index_schedule slot=0 started_ns=1790162836150242000 ended_ns=1790162836150536875 elapsed_us=294 block_gets=0 block_puts=0 deleted=0
checkpoint_phase lsn=20312 phase=value_index_schedule slot=0 started_ns=1790162836150541000 ended_ns=1790162836155799709 elapsed_us=5258 block_gets=0 block_puts=1 deleted=0
checkpoint_phase lsn=20312 phase=value_index_schedule slot=0 started_ns=1790162836155811000 ended_ns=1790162836155917084 elapsed_us=106 block_gets=0 block_puts=0 deleted=0
checkpoint_phase lsn=20312 phase=value_index_schedule slot=0 started_ns=1790162836155922000 ended_ns=1790162836168194459 elapsed_us=12272 block_gets=0 block_puts=4 deleted=0
checkpoint_phase lsn=20312 phase=value_index_schedule slot=0 started_ns=1790162836168207000 ended_ns=1790162836168207542 elapsed_us=0 block_gets=0 block_puts=0 deleted=0
checkpoint_phase lsn=20312 phase=value_index_write slot=0 started_ns=1790162836168212000 ended_ns=1790162836182069625 elapsed_us=13857 block_gets=0 block_puts=4 deleted=0
checkpoint_phase lsn=20312 phase=value_index_write slot=0 started_ns=1790162836182085000 ended_ns=1790162836195639583 elapsed_us=13554 block_gets=0 block_puts=4 deleted=0
checkpoint_phase lsn=20312 phase=value_index_write slot=0 started_ns=1790162836195669000 ended_ns=1790162836207583542 elapsed_us=11914 block_gets=0 block_puts=4 deleted=0
checkpoint_phase lsn=20312 phase=value_index_write slot=0 started_ns=1790162836207598000 ended_ns=1790162836220191833 elapsed_us=12593 block_gets=0 block_puts=4 deleted=0
checkpoint_phase lsn=20312 phase=value_index_write slot=0 started_ns=1790162836220208000 ended_ns=1790162836233348000 elapsed_us=13140 block_gets=0 block_puts=4 deleted=0
checkpoint_phase lsn=20312 phase=value_index_write slot=0 started_ns=1790162836233363000 ended_ns=1790162836246900959 elapsed_us=13537 block_gets=0 block_puts=4 deleted=0
checkpoint_phase lsn=20312 phase=value_index_write slot=0 started_ns=1790162836246916000 ended_ns=1790162836259561042 elapsed_us=12645 block_gets=0 block_puts=4 deleted=0
checkpoint_phase lsn=20312 phase=value_index_write slot=0 started_ns=1790162836259574000 ended_ns=1790162836273302875 elapsed_us=13728 block_gets=0 block_puts=4 deleted=0
checkpoint_phase lsn=20312 phase=value_index_write slot=0 started_ns=1790162836273315000 ended_ns=1790162836287396000 elapsed_us=14081 block_gets=0 block_puts=4 deleted=0
checkpoint_phase lsn=20312 phase=value_index_write slot=0 started_ns=1790162836287410000 ended_ns=1790162836301395542 elapsed_us=13985 block_gets=0 block_puts=4 deleted=0
checkpoint_phase lsn=20312 phase=value_index_write slot=0 started_ns=1790162836301413000 ended_ns=1790162836316291292 elapsed_us=14878 block_gets=0 block_puts=4 deleted=0
checkpoint_phase lsn=20312 phase=value_index_write slot=0 started_ns=1790162836316305000 ended_ns=1790162836331593209 elapsed_us=15288 block_gets=0 block_puts=4 deleted=0
checkpoint_phase lsn=20312 phase=value_index_write slot=0 started_ns=1790162836331619000 ended_ns=1790162836346405417 elapsed_us=14786 block_gets=0 block_puts=4 deleted=0
checkpoint_phase lsn=20312 phase=value_index_write slot=0 started_ns=1790162836346421000 ended_ns=1790162836359987458 elapsed_us=13566 block_gets=0 block_puts=4 deleted=0
checkpoint_phase lsn=20312 phase=value_index_write slot=0 started_ns=1790162836360002000 ended_ns=1790162836372859708 elapsed_us=12857 block_gets=0 block_puts=4 deleted=0
checkpoint_phase lsn=20312 phase=value_index_write slot=0 started_ns=1790162836372873000 ended_ns=1790162836386668667 elapsed_us=13795 block_gets=0 block_puts=4 deleted=0
checkpoint_phase lsn=20312 phase=value_index_write slot=0 started_ns=1790162836386685000 ended_ns=1790162836399816375 elapsed_us=13131 block_gets=0 block_puts=4 deleted=0
checkpoint_phase lsn=20312 phase=value_index_write slot=0 started_ns=1790162836399831000 ended_ns=1790162836413100833 elapsed_us=13269 block_gets=0 block_puts=4 deleted=0
checkpoint_phase lsn=20312 phase=value_index_write slot=0 started_ns=1790162836413114000 ended_ns=1790162836426112917 elapsed_us=12998 block_gets=0 block_puts=4 deleted=0
checkpoint_phase lsn=20312 phase=value_index_write slot=0 started_ns=1790162836426126000 ended_ns=1790162836445441584 elapsed_us=19315 block_gets=0 block_puts=6 deleted=0
checkpoint_phase lsn=20312 phase=value_index_schedule slot=0 started_ns=1790162836445458000 ended_ns=1790162836445461958 elapsed_us=3 block_gets=0 block_puts=0 deleted=0
checkpoint_phase lsn=20312 phase=value_index_schedule slot=0 started_ns=1790162836445470000 ended_ns=1790162836446289833 elapsed_us=819 block_gets=0 block_puts=0 deleted=0
checkpoint_phase lsn=20312 phase=value_index_schedule slot=0 started_ns=1790162836446297000 ended_ns=1790162836448074209 elapsed_us=1777 block_gets=0 block_puts=0 deleted=0
checkpoint_phase lsn=20312 phase=value_index_schedule slot=0 started_ns=1790162836448094000 ended_ns=1790162836449288125 elapsed_us=1194 block_gets=0 block_puts=0 deleted=0
checkpoint_phase lsn=20312 phase=value_index_schedule slot=0 started_ns=1790162836449299000 ended_ns=1790162836451987792 elapsed_us=2688 block_gets=0 block_puts=0 deleted=0
checkpoint_phase lsn=20312 phase=value_index_schedule slot=0 started_ns=1790162836452006000 ended_ns=1790162836456071959 elapsed_us=4065 block_gets=0 block_puts=0 deleted=0
checkpoint_phase lsn=20312 phase=value_index_schedule slot=0 started_ns=1790162836456290000 ended_ns=1790162836456321458 elapsed_us=31 block_gets=0 block_puts=0 deleted=0
checkpoint_phase lsn=20312 phase=value_index_schedule slot=0 started_ns=1790162836456330000 ended_ns=1790162836456353916 elapsed_us=23 block_gets=0 block_puts=0 deleted=0
checkpoint_phase lsn=20312 phase=value_index_schedule slot=0 started_ns=1790162836456358000 ended_ns=1790162836456382333 elapsed_us=24 block_gets=0 block_puts=0 deleted=0
checkpoint_phase lsn=20312 phase=value_index_schedule slot=0 started_ns=1790162836456385000 ended_ns=1790162836461259417 elapsed_us=4874 block_gets=0 block_puts=1 deleted=0
checkpoint_phase lsn=20312 phase=value_index_schedule slot=0 started_ns=1790162836461278000 ended_ns=1790162836473877125 elapsed_us=12599 block_gets=0 block_puts=4 deleted=0
checkpoint_phase lsn=20312 phase=value_index_schedule slot=0 started_ns=1790162836473894000 ended_ns=1790162836476818583 elapsed_us=2924 block_gets=0 block_puts=0 deleted=0
checkpoint_phase lsn=20312 phase=value_index_schedule slot=0 started_ns=1790162836476837000 ended_ns=1790162836479841166 elapsed_us=3004 block_gets=0 block_puts=0 deleted=0
checkpoint_phase lsn=20312 phase=value_index_schedule slot=0 started_ns=1790162836479866000 ended_ns=1790162836482718750 elapsed_us=2852 block_gets=0 block_puts=0 deleted=0
checkpoint_phase lsn=20312 phase=value_index_schedule slot=0 started_ns=1790162836482733000 ended_ns=1790162836485564625 elapsed_us=2831 block_gets=0 block_puts=0 deleted=0
checkpoint_phase lsn=20312 phase=value_index_schedule slot=0 started_ns=1790162836485577000 ended_ns=1790162836486408416 elapsed_us=831 block_gets=0 block_puts=0 deleted=0
checkpoint_phase lsn=20312 phase=value_index_schedule slot=0 started_ns=1790162836486418000 ended_ns=1790162836486447708 elapsed_us=29 block_gets=0 block_puts=0 deleted=0
checkpoint_phase lsn=20312 phase=value_index_schedule slot=0 started_ns=1790162836486453000 ended_ns=1790162836486476708 elapsed_us=23 block_gets=0 block_puts=0 deleted=0
checkpoint_phase lsn=20312 phase=value_index_schedule slot=0 started_ns=1790162836486481000 ended_ns=1790162836486504458 elapsed_us=23 block_gets=0 block_puts=0 deleted=0
checkpoint_phase lsn=20312 phase=value_index_schedule slot=0 started_ns=1790162836486508000 ended_ns=1790162836491268084 elapsed_us=4760 block_gets=0 block_puts=1 deleted=0
checkpoint_phase lsn=20312 phase=value_index_schedule slot=0 started_ns=1790162836491286000 ended_ns=1790162836503980959 elapsed_us=12694 block_gets=0 block_puts=4 deleted=0
checkpoint_phase lsn=20312 phase=value_index_schedule slot=0 started_ns=1790162836504001000 ended_ns=1790162836504741959 elapsed_us=740 block_gets=0 block_puts=0 deleted=0
checkpoint_phase lsn=20312 phase=value_index_schedule slot=0 started_ns=1790162836504751000 ended_ns=1790162836504871291 elapsed_us=120 block_gets=0 block_puts=0 deleted=0
checkpoint_phase lsn=20312 phase=value_index_schedule slot=0 started_ns=1790162836504876000 ended_ns=1790162836504988417 elapsed_us=112 block_gets=0 block_puts=0 deleted=0
checkpoint_phase lsn=20312 phase=value_index_schedule slot=0 started_ns=1790162836504995000 ended_ns=1790162836505217083 elapsed_us=222 block_gets=0 block_puts=0 deleted=0
checkpoint_phase lsn=20312 phase=value_index_schedule slot=0 started_ns=1790162836505225000 ended_ns=1790162836510507458 elapsed_us=5282 block_gets=0 block_puts=1 deleted=0
checkpoint_phase lsn=20312 phase=value_index_schedule slot=0 started_ns=1790162836510530000 ended_ns=1790162836510749083 elapsed_us=219 block_gets=0 block_puts=0 deleted=0
checkpoint_phase lsn=20312 phase=value_index_schedule slot=0 started_ns=1790162836510761000 ended_ns=1790162836511012208 elapsed_us=251 block_gets=0 block_puts=0 deleted=0
checkpoint_phase lsn=20312 phase=value_index_schedule slot=0 started_ns=1790162836511020000 ended_ns=1790162836516076250 elapsed_us=5056 block_gets=0 block_puts=1 deleted=0
checkpoint_phase lsn=20312 phase=value_index_schedule slot=0 started_ns=1790162836516091000 ended_ns=1790162836516301250 elapsed_us=210 block_gets=0 block_puts=0 deleted=0
checkpoint_phase lsn=20312 phase=value_index_schedule slot=0 started_ns=1790162836516335000 ended_ns=1790162836516353791 elapsed_us=18 block_gets=0 block_puts=0 deleted=0
checkpoint_phase lsn=20312 phase=value_index_schedule slot=0 started_ns=1790162836516358000 ended_ns=1790162836530135208 elapsed_us=13777 block_gets=0 block_puts=4 deleted=0
checkpoint_phase lsn=20312 phase=value_index_schedule slot=0 started_ns=1790162836530149000 ended_ns=1790162836532907875 elapsed_us=2758 block_gets=0 block_puts=0 deleted=0
checkpoint_phase lsn=20312 phase=value_index_schedule slot=0 started_ns=1790162836532919000 ended_ns=1790162836534060958 elapsed_us=1141 block_gets=0 block_puts=0 deleted=0
checkpoint_phase lsn=20312 phase=value_index_schedule slot=0 started_ns=1790162836534069000 ended_ns=1790162836534096958 elapsed_us=27 block_gets=0 block_puts=0 deleted=0
checkpoint_phase lsn=20312 phase=value_index_schedule slot=0 started_ns=1790162836534100000 ended_ns=1790162836545799750 elapsed_us=11699 block_gets=0 block_puts=4 deleted=0
checkpoint_phase lsn=20312 phase=value_index_schedule slot=0 started_ns=1790162836545816000 ended_ns=1790162836545816333 elapsed_us=0 block_gets=0 block_puts=0 deleted=0
checkpoint_phase lsn=20312 phase=value_index_schedule slot=0 started_ns=1790162836545820000 ended_ns=1790162836546032959 elapsed_us=212 block_gets=0 block_puts=0 deleted=0
checkpoint_phase lsn=20312 phase=value_index_schedule slot=0 started_ns=1790162836546038000 ended_ns=1790162836546309750 elapsed_us=271 block_gets=0 block_puts=0 deleted=0
checkpoint_phase lsn=20312 phase=value_index_schedule slot=0 started_ns=1790162836546314000 ended_ns=1790162836546572333 elapsed_us=258 block_gets=0 block_puts=0 deleted=0
checkpoint_phase lsn=20312 phase=value_index_schedule slot=0 started_ns=1790162836546579000 ended_ns=1790162836546836458 elapsed_us=257 block_gets=0 block_puts=0 deleted=0
checkpoint_phase lsn=20312 phase=value_index_schedule slot=0 started_ns=1790162836546840000 ended_ns=1790162836551486708 elapsed_us=4646 block_gets=0 block_puts=1 deleted=0
checkpoint_phase lsn=20312 phase=value_index_schedule slot=0 started_ns=1790162836551501000 ended_ns=1790162836551754375 elapsed_us=253 block_gets=0 block_puts=0 deleted=0
checkpoint_phase lsn=20312 phase=value_index_schedule slot=0 started_ns=1790162836551761000 ended_ns=1790162836552014083 elapsed_us=253 block_gets=0 block_puts=0 deleted=0
checkpoint_phase lsn=20312 phase=value_index_schedule slot=0 started_ns=1790162836552018000 ended_ns=1790162836556661917 elapsed_us=4643 block_gets=0 block_puts=1 deleted=0
checkpoint_phase lsn=20312 phase=value_index_schedule slot=0 started_ns=1790162836556679000 ended_ns=1790162836556790000 elapsed_us=111 block_gets=0 block_puts=0 deleted=0
checkpoint_phase lsn=20312 phase=value_index_schedule slot=0 started_ns=1790162836556796000 ended_ns=1790162836556943208 elapsed_us=147 block_gets=0 block_puts=0 deleted=0
checkpoint_phase lsn=20312 phase=value_index_schedule slot=0 started_ns=1790162836556947000 ended_ns=1790162836561826000 elapsed_us=4879 block_gets=0 block_puts=1 deleted=0
checkpoint_phase lsn=20312 phase=value_index_schedule slot=0 started_ns=1790162836561838000 ended_ns=1790162836573815083 elapsed_us=11977 block_gets=0 block_puts=4 deleted=0
checkpoint_phase lsn=20312 phase=value_index_schedule slot=0 started_ns=1790162836573830000 ended_ns=1790162836573830500 elapsed_us=0 block_gets=0 block_puts=0 deleted=0
checkpoint_phase lsn=20312 phase=value_index_write slot=0 started_ns=1790162836573835000 ended_ns=1790162836587726250 elapsed_us=13891 block_gets=0 block_puts=4 deleted=0
checkpoint_phase lsn=20312 phase=value_index_write slot=0 started_ns=1790162836587740000 ended_ns=1790162836600022000 elapsed_us=12282 block_gets=0 block_puts=4 deleted=0
checkpoint_phase lsn=20312 phase=value_index_write slot=0 started_ns=1790162836600035000 ended_ns=1790162836613494875 elapsed_us=13459 block_gets=0 block_puts=4 deleted=0
checkpoint_phase lsn=20312 phase=value_index_write slot=0 started_ns=1790162836613509000 ended_ns=1790162836626709959 elapsed_us=13200 block_gets=0 block_puts=4 deleted=0
checkpoint_phase lsn=20312 phase=value_index_write slot=0 started_ns=1790162836626742000 ended_ns=1790162836639035667 elapsed_us=12293 block_gets=0 block_puts=4 deleted=0
checkpoint_phase lsn=20312 phase=value_index_write slot=0 started_ns=1790162836639053000 ended_ns=1790162836652626708 elapsed_us=13573 block_gets=0 block_puts=4 deleted=0
checkpoint_phase lsn=20312 phase=value_index_write slot=0 started_ns=1790162836652643000 ended_ns=1790162836665792167 elapsed_us=13149 block_gets=0 block_puts=4 deleted=0
checkpoint_phase lsn=20312 phase=value_index_write slot=0 started_ns=1790162836665811000 ended_ns=1790162836678958375 elapsed_us=13147 block_gets=0 block_puts=4 deleted=0
checkpoint_phase lsn=20312 phase=value_index_write slot=0 started_ns=1790162836678974000 ended_ns=1790162836691602291 elapsed_us=12628 block_gets=0 block_puts=4 deleted=0
checkpoint_phase lsn=20312 phase=value_index_write slot=0 started_ns=1790162836691617000 ended_ns=1790162836704042833 elapsed_us=12425 block_gets=0 block_puts=4 deleted=0
checkpoint_phase lsn=20312 phase=value_index_write slot=0 started_ns=1790162836704057000 ended_ns=1790162836716693208 elapsed_us=12636 block_gets=0 block_puts=4 deleted=0
checkpoint_phase lsn=20312 phase=value_index_write slot=0 started_ns=1790162836716710000 ended_ns=1790162836729410458 elapsed_us=12700 block_gets=0 block_puts=4 deleted=0
checkpoint_phase lsn=20312 phase=value_index_write slot=0 started_ns=1790162836729424000 ended_ns=1790162836742724292 elapsed_us=13300 block_gets=0 block_puts=4 deleted=0
checkpoint_phase lsn=20312 phase=value_index_write slot=0 started_ns=1790162836742739000 ended_ns=1790162836757012583 elapsed_us=14273 block_gets=0 block_puts=4 deleted=0
checkpoint_phase lsn=20312 phase=value_index_write slot=0 started_ns=1790162836757043000 ended_ns=1790162836770163459 elapsed_us=13120 block_gets=0 block_puts=4 deleted=0
checkpoint_phase lsn=20312 phase=value_index_write slot=0 started_ns=1790162836770182000 ended_ns=1790162836779859750 elapsed_us=9677 block_gets=0 block_puts=3 deleted=0
checkpoint_phase lsn=20312 phase=value_index_schedule slot=0 started_ns=1790162836779876000 ended_ns=1790162836779880209 elapsed_us=4 block_gets=0 block_puts=0 deleted=0
checkpoint_phase lsn=20312 phase=value_index_schedule slot=0 started_ns=1790162836779886000 ended_ns=1790162836780851584 elapsed_us=965 block_gets=0 block_puts=0 deleted=0
checkpoint_phase lsn=20312 phase=value_index_schedule slot=0 started_ns=1790162836780870000 ended_ns=1790162836782372667 elapsed_us=1502 block_gets=0 block_puts=0 deleted=0
checkpoint_phase lsn=20312 phase=value_index_schedule slot=0 started_ns=1790162836782387000 ended_ns=1790162836783708791 elapsed_us=1321 block_gets=0 block_puts=0 deleted=0
checkpoint_phase lsn=20312 phase=value_index_schedule slot=0 started_ns=1790162836783716000 ended_ns=1790162836791578166 elapsed_us=7862 block_gets=0 block_puts=0 deleted=0
checkpoint_phase lsn=20312 phase=value_index_schedule slot=0 started_ns=1790162836791606000 ended_ns=1790162836791635875 elapsed_us=29 block_gets=0 block_puts=0 deleted=0
checkpoint_phase lsn=20312 phase=value_index_schedule slot=0 started_ns=1790162836791643000 ended_ns=1790162836791665667 elapsed_us=22 block_gets=0 block_puts=0 deleted=0
checkpoint_phase lsn=20312 phase=value_index_schedule slot=0 started_ns=1790162836791670000 ended_ns=1790162836796229750 elapsed_us=4559 block_gets=0 block_puts=1 deleted=0
checkpoint_phase lsn=20312 phase=value_index_schedule slot=0 started_ns=1790162836796241000 ended_ns=1790162836809053375 elapsed_us=12812 block_gets=0 block_puts=4 deleted=0
checkpoint_phase lsn=20312 phase=value_index_schedule slot=0 started_ns=1790162836809069000 ended_ns=1790162836811970625 elapsed_us=2901 block_gets=0 block_puts=0 deleted=0
checkpoint_phase lsn=20312 phase=value_index_schedule slot=0 started_ns=1790162836811992000 ended_ns=1790162836814861666 elapsed_us=2869 block_gets=0 block_puts=0 deleted=0
checkpoint_phase lsn=20312 phase=value_index_schedule slot=0 started_ns=1790162836814884000 ended_ns=1790162836817986125 elapsed_us=3102 block_gets=0 block_puts=0 deleted=0
checkpoint_phase lsn=20312 phase=value_index_schedule slot=0 started_ns=1790162836818046000 ended_ns=1790162836819999667 elapsed_us=1953 block_gets=0 block_puts=0 deleted=0
checkpoint_phase lsn=20312 phase=value_index_schedule slot=0 started_ns=1790162836820015000 ended_ns=1790162836820042375 elapsed_us=27 block_gets=0 block_puts=0 deleted=0
checkpoint_phase lsn=20312 phase=value_index_schedule slot=0 started_ns=1790162836820051000 ended_ns=1790162836820073625 elapsed_us=22 block_gets=0 block_puts=0 deleted=0
checkpoint_phase lsn=20312 phase=value_index_schedule slot=0 started_ns=1790162836820078000 ended_ns=1790162836824036458 elapsed_us=3958 block_gets=0 block_puts=1 deleted=0
checkpoint_phase lsn=20312 phase=value_index_schedule slot=0 started_ns=1790162836824053000 ended_ns=1790162836837281500 elapsed_us=13228 block_gets=0 block_puts=4 deleted=0
checkpoint_phase lsn=20312 phase=value_index_schedule slot=0 started_ns=1790162836837299000 ended_ns=1790162836838050584 elapsed_us=751 block_gets=0 block_puts=0 deleted=0
checkpoint_phase lsn=20312 phase=value_index_schedule slot=0 started_ns=1790162836838075000 ended_ns=1790162836838283625 elapsed_us=208 block_gets=0 block_puts=0 deleted=0
checkpoint_phase lsn=20312 phase=value_index_schedule slot=0 started_ns=1790162836838292000 ended_ns=1790162836838488792 elapsed_us=196 block_gets=0 block_puts=0 deleted=0
checkpoint_phase lsn=20312 phase=value_index_schedule slot=0 started_ns=1790162836838496000 ended_ns=1790162836843304958 elapsed_us=4808 block_gets=0 block_puts=1 deleted=0
checkpoint_phase lsn=20312 phase=value_index_schedule slot=0 started_ns=1790162836843324000 ended_ns=1790162836843653542 elapsed_us=329 block_gets=0 block_puts=0 deleted=0
checkpoint_phase lsn=20312 phase=value_index_schedule slot=0 started_ns=1790162836843670000 ended_ns=1790162836844043708 elapsed_us=373 block_gets=0 block_puts=0 deleted=0
checkpoint_phase lsn=20312 phase=value_index_schedule slot=0 started_ns=1790162836844048000 ended_ns=1790162836848754417 elapsed_us=4706 block_gets=0 block_puts=1 deleted=0
checkpoint_phase lsn=20312 phase=value_index_schedule slot=0 started_ns=1790162836848773000 ended_ns=1790162836848953334 elapsed_us=180 block_gets=0 block_puts=0 deleted=0
checkpoint_phase lsn=20312 phase=value_index_schedule slot=0 started_ns=1790162836848963000 ended_ns=1790162836848968791 elapsed_us=5 block_gets=0 block_puts=0 deleted=0
checkpoint_phase lsn=20312 phase=value_index_schedule slot=0 started_ns=1790162836848973000 ended_ns=1790162836861710542 elapsed_us=12737 block_gets=0 block_puts=4 deleted=0
checkpoint_phase lsn=20312 phase=value_index_schedule slot=0 started_ns=1790162836861734000 ended_ns=1790162836864694625 elapsed_us=2960 block_gets=0 block_puts=0 deleted=0
checkpoint_phase lsn=20312 phase=value_index_schedule slot=0 started_ns=1790162836864714000 ended_ns=1790162836867401792 elapsed_us=2687 block_gets=0 block_puts=0 deleted=0
checkpoint_phase lsn=20312 phase=value_index_schedule slot=0 started_ns=1790162836867408000 ended_ns=1790162836869768333 elapsed_us=2360 block_gets=0 block_puts=0 deleted=0
checkpoint_phase lsn=20312 phase=value_index_schedule slot=0 started_ns=1790162836869774000 ended_ns=1790162836869799208 elapsed_us=25 block_gets=0 block_puts=0 deleted=0
checkpoint_phase lsn=20312 phase=value_index_schedule slot=0 started_ns=1790162836869803000 ended_ns=1790162836869824375 elapsed_us=21 block_gets=0 block_puts=0 deleted=0
checkpoint_phase lsn=20312 phase=value_index_schedule slot=0 started_ns=1790162836869828000 ended_ns=1790162836883452125 elapsed_us=13624 block_gets=0 block_puts=4 deleted=0
checkpoint_phase lsn=20312 phase=value_index_schedule slot=0 started_ns=1790162836883467000 ended_ns=1790162836883467375 elapsed_us=0 block_gets=0 block_puts=0 deleted=0
checkpoint_phase lsn=20312 phase=value_index_schedule slot=0 started_ns=1790162836883472000 ended_ns=1790162836884132875 elapsed_us=660 block_gets=0 block_puts=0 deleted=0
checkpoint_phase lsn=20312 phase=value_index_schedule slot=0 started_ns=1790162836884159000 ended_ns=1790162836884496334 elapsed_us=337 block_gets=0 block_puts=0 deleted=0
checkpoint_phase lsn=20312 phase=value_index_schedule slot=0 started_ns=1790162836884501000 ended_ns=1790162836884827166 elapsed_us=326 block_gets=0 block_puts=0 deleted=0
checkpoint_phase lsn=20312 phase=value_index_schedule slot=0 started_ns=1790162836884834000 ended_ns=1790162836889560791 elapsed_us=4726 block_gets=0 block_puts=1 deleted=0
checkpoint_phase lsn=20312 phase=value_index_schedule slot=0 started_ns=1790162836889572000 ended_ns=1790162836889909542 elapsed_us=337 block_gets=0 block_puts=0 deleted=0
checkpoint_phase lsn=20312 phase=value_index_schedule slot=0 started_ns=1790162836889915000 ended_ns=1790162836890249750 elapsed_us=334 block_gets=0 block_puts=0 deleted=0
checkpoint_phase lsn=20312 phase=value_index_schedule slot=0 started_ns=1790162836890254000 ended_ns=1790162836894892958 elapsed_us=4638 block_gets=0 block_puts=1 deleted=0
checkpoint_phase lsn=20312 phase=value_index_schedule slot=0 started_ns=1790162836894905000 ended_ns=1790162836895094750 elapsed_us=189 block_gets=0 block_puts=0 deleted=0
checkpoint_phase lsn=20312 phase=value_index_schedule slot=0 started_ns=1790162836895099000 ended_ns=1790162836895287833 elapsed_us=188 block_gets=0 block_puts=0 deleted=0
checkpoint_phase lsn=20312 phase=value_index_schedule slot=0 started_ns=1790162836895295000 ended_ns=1790162836899814500 elapsed_us=4519 block_gets=0 block_puts=1 deleted=0
checkpoint_phase lsn=20312 phase=value_index_schedule slot=0 started_ns=1790162836899827000 ended_ns=1790162836899925416 elapsed_us=98 block_gets=0 block_puts=0 deleted=0
checkpoint_phase lsn=20312 phase=value_index_schedule slot=0 started_ns=1790162836899930000 ended_ns=1790162836912263625 elapsed_us=12333 block_gets=0 block_puts=4 deleted=0
checkpoint_phase lsn=20312 phase=value_index_schedule slot=0 started_ns=1790162836912280000 ended_ns=1790162836912280500 elapsed_us=0 block_gets=0 block_puts=0 deleted=0
checkpoint_phase lsn=20312 phase=value_index_write slot=0 started_ns=1790162836912287000 ended_ns=1790162836921998625 elapsed_us=9711 block_gets=0 block_puts=3 deleted=0
checkpoint_phase lsn=20312 phase=value_index_write slot=0 started_ns=1790162836922012000 ended_ns=1790162836935069291 elapsed_us=13057 block_gets=0 block_puts=4 deleted=0
checkpoint_phase lsn=20312 phase=value_index_write slot=0 started_ns=1790162836935082000 ended_ns=1790162836947476750 elapsed_us=12394 block_gets=0 block_puts=4 deleted=0
checkpoint_phase lsn=20312 phase=value_index_write slot=0 started_ns=1790162836947493000 ended_ns=1790162836959776125 elapsed_us=12283 block_gets=0 block_puts=4 deleted=0
checkpoint_phase lsn=20312 phase=value_index_write slot=0 started_ns=1790162836959790000 ended_ns=1790162836972755875 elapsed_us=12965 block_gets=0 block_puts=4 deleted=0
checkpoint_phase lsn=20312 phase=value_index_write slot=0 started_ns=1790162836972773000 ended_ns=1790162836986401250 elapsed_us=13628 block_gets=0 block_puts=4 deleted=0
checkpoint_phase lsn=20312 phase=value_index_write slot=0 started_ns=1790162836986414000 ended_ns=1790162836998908542 elapsed_us=12494 block_gets=0 block_puts=4 deleted=0
checkpoint_phase lsn=20312 phase=value_index_write slot=0 started_ns=1790162836998923000 ended_ns=1790162837012283834 elapsed_us=13360 block_gets=0 block_puts=4 deleted=0
checkpoint_phase lsn=20312 phase=value_index_write slot=0 started_ns=1790162837012300000 ended_ns=1790162837025205625 elapsed_us=12905 block_gets=0 block_puts=4 deleted=0
checkpoint_phase lsn=20312 phase=value_index_write slot=0 started_ns=1790162837025220000 ended_ns=1790162837038749292 elapsed_us=13529 block_gets=0 block_puts=4 deleted=0
checkpoint_phase lsn=20312 phase=value_index_write slot=0 started_ns=1790162837038764000 ended_ns=1790162837051862208 elapsed_us=13098 block_gets=0 block_puts=4 deleted=0
checkpoint_phase lsn=20312 phase=value_index_schedule slot=0 started_ns=1790162837051885000 ended_ns=1790162837051889625 elapsed_us=4 block_gets=0 block_puts=0 deleted=0
checkpoint_phase lsn=20312 phase=value_index_schedule slot=0 started_ns=1790162837051927000 ended_ns=1790162837053002500 elapsed_us=1075 block_gets=0 block_puts=0 deleted=0
checkpoint_phase lsn=20312 phase=value_index_schedule slot=0 started_ns=1790162837053030000 ended_ns=1790162837080853666 elapsed_us=27823 block_gets=8 block_puts=0 deleted=0
checkpoint_phase lsn=20312 phase=value_index_schedule slot=0 started_ns=1790162837080872000 ended_ns=1790162837104664083 elapsed_us=23792 block_gets=8 block_puts=0 deleted=0
checkpoint_phase lsn=20312 phase=value_index_schedule slot=0 started_ns=1790162837104679000 ended_ns=1790162837128575375 elapsed_us=23896 block_gets=8 block_puts=0 deleted=0
checkpoint_phase lsn=20312 phase=value_index_schedule slot=0 started_ns=1790162837128591000 ended_ns=1790162837150406917 elapsed_us=21815 block_gets=8 block_puts=0 deleted=0
checkpoint_phase lsn=20312 phase=value_index_schedule slot=0 started_ns=1790162837150425000 ended_ns=1790162837174569458 elapsed_us=24144 block_gets=8 block_puts=0 deleted=0
checkpoint_phase lsn=20312 phase=value_index_schedule slot=0 started_ns=1790162837174590000 ended_ns=1790162837199252042 elapsed_us=24662 block_gets=8 block_puts=0 deleted=0
checkpoint_phase lsn=20312 phase=value_index_schedule slot=0 started_ns=1790162837199278000 ended_ns=1790162837222429625 elapsed_us=23151 block_gets=8 block_puts=0 deleted=0
checkpoint_phase lsn=20312 phase=value_index_schedule slot=0 started_ns=1790162837222445000 ended_ns=1790162837246411959 elapsed_us=23966 block_gets=8 block_puts=0 deleted=0
checkpoint_phase lsn=20312 phase=value_index_schedule slot=0 started_ns=1790162837246427000 ended_ns=1790162837270308584 elapsed_us=23881 block_gets=8 block_puts=0 deleted=0
checkpoint_phase lsn=20312 phase=value_index_schedule slot=0 started_ns=1790162837270326000 ended_ns=1790162837292866459 elapsed_us=22540 block_gets=8 block_puts=0 deleted=0
checkpoint_phase lsn=20312 phase=value_index_schedule slot=0 started_ns=1790162837292884000 ended_ns=1790162837316633791 elapsed_us=23749 block_gets=8 block_puts=0 deleted=0
checkpoint_phase lsn=20312 phase=value_index_schedule slot=0 started_ns=1790162837316651000 ended_ns=1790162837340917292 elapsed_us=24266 block_gets=8 block_puts=0 deleted=0
checkpoint_phase lsn=20312 phase=value_index_schedule slot=0 started_ns=1790162837340934000 ended_ns=1790162837364837750 elapsed_us=23903 block_gets=8 block_puts=0 deleted=0
checkpoint_phase lsn=20312 phase=value_index_schedule slot=0 started_ns=1790162837364856000 ended_ns=1790162837388433375 elapsed_us=23577 block_gets=8 block_puts=0 deleted=0
checkpoint_phase lsn=20312 phase=value_index_schedule slot=0 started_ns=1790162837388453000 ended_ns=1790162837397741000 elapsed_us=9288 block_gets=2 block_puts=0 deleted=0
checkpoint_phase lsn=20312 phase=value_index_schedule slot=0 started_ns=1790162837397770000 ended_ns=1790162837400805042 elapsed_us=3035 block_gets=0 block_puts=0 deleted=0
checkpoint_phase lsn=20312 phase=value_index_schedule slot=0 started_ns=1790162837400819000 ended_ns=1790162837401723792 elapsed_us=904 block_gets=0 block_puts=0 deleted=0
checkpoint_phase lsn=20312 phase=value_index_schedule slot=0 started_ns=1790162837401732000 ended_ns=1790162837401758875 elapsed_us=26 block_gets=0 block_puts=0 deleted=0
checkpoint_phase lsn=20312 phase=value_index_schedule slot=0 started_ns=1790162837401764000 ended_ns=1790162837401786250 elapsed_us=22 block_gets=0 block_puts=0 deleted=0
checkpoint_phase lsn=20312 phase=value_index_schedule slot=0 started_ns=1790162837401800000 ended_ns=1790162837401822375 elapsed_us=22 block_gets=0 block_puts=0 deleted=0
checkpoint_phase lsn=20312 phase=value_index_schedule slot=0 started_ns=1790162837401827000 ended_ns=1790162837407059333 elapsed_us=5232 block_gets=0 block_puts=1 deleted=0
checkpoint_phase lsn=20312 phase=value_index_schedule slot=0 started_ns=1790162837407082000 ended_ns=1790162837407139459 elapsed_us=57 block_gets=0 block_puts=0 deleted=0
checkpoint_phase lsn=20312 phase=value_index_schedule slot=0 started_ns=1790162837407146000 ended_ns=1790162837421579208 elapsed_us=14433 block_gets=0 block_puts=4 deleted=0
checkpoint_phase lsn=20312 phase=value_index_schedule slot=0 started_ns=1790162837421610000 ended_ns=1790162837424693458 elapsed_us=3083 block_gets=0 block_puts=0 deleted=0
checkpoint_phase lsn=20312 phase=value_index_schedule slot=0 started_ns=1790162837424713000 ended_ns=1790162837427858667 elapsed_us=3145 block_gets=0 block_puts=0 deleted=0
checkpoint_phase lsn=20312 phase=value_index_schedule slot=0 started_ns=1790162837427895000 ended_ns=1790162837430883208 elapsed_us=2988 block_gets=0 block_puts=0 deleted=0
checkpoint_phase lsn=20312 phase=value_index_schedule slot=0 started_ns=1790162837430905000 ended_ns=1790162837433653750 elapsed_us=2748 block_gets=0 block_puts=0 deleted=0
checkpoint_phase lsn=20312 phase=value_index_schedule slot=0 started_ns=1790162837433665000 ended_ns=1790162837435554084 elapsed_us=1889 block_gets=0 block_puts=0 deleted=0
checkpoint_phase lsn=20312 phase=value_index_schedule slot=0 started_ns=1790162837435561000 ended_ns=1790162837435587709 elapsed_us=26 block_gets=0 block_puts=0 deleted=0
checkpoint_phase lsn=20312 phase=value_index_schedule slot=0 started_ns=1790162837435592000 ended_ns=1790162837435614459 elapsed_us=22 block_gets=0 block_puts=0 deleted=0
checkpoint_phase lsn=20312 phase=value_index_schedule slot=0 started_ns=1790162837435619000 ended_ns=1790162837435640791 elapsed_us=21 block_gets=0 block_puts=0 deleted=0
checkpoint_phase lsn=20312 phase=value_index_schedule slot=0 started_ns=1790162837435644000 ended_ns=1790162837440637584 elapsed_us=4993 block_gets=0 block_puts=1 deleted=0
checkpoint_phase lsn=20312 phase=value_index_schedule slot=0 started_ns=1790162837440649000 ended_ns=1790162837453963459 elapsed_us=13314 block_gets=0 block_puts=4 deleted=0
checkpoint_phase lsn=20312 phase=value_index_schedule slot=0 started_ns=1790162837453982000 ended_ns=1790162837454852667 elapsed_us=870 block_gets=0 block_puts=0 deleted=0
checkpoint_phase lsn=20312 phase=value_index_schedule slot=0 started_ns=1790162837454863000 ended_ns=1790162837455019792 elapsed_us=156 block_gets=0 block_puts=0 deleted=0
checkpoint_phase lsn=20312 phase=value_index_schedule slot=0 started_ns=1790162837455026000 ended_ns=1790162837455172917 elapsed_us=146 block_gets=0 block_puts=0 deleted=0
checkpoint_phase lsn=20312 phase=value_index_schedule slot=0 started_ns=1790162837455178000 ended_ns=1790162837455324959 elapsed_us=146 block_gets=0 block_puts=0 deleted=0
checkpoint_phase lsn=20312 phase=value_index_schedule slot=0 started_ns=1790162837455329000 ended_ns=1790162837460561792 elapsed_us=5232 block_gets=0 block_puts=1 deleted=0
checkpoint_phase lsn=20312 phase=value_index_schedule slot=0 started_ns=1790162837460576000 ended_ns=1790162837460737291 elapsed_us=161 block_gets=0 block_puts=0 deleted=0
checkpoint_phase lsn=20312 phase=value_index_schedule slot=0 started_ns=1790162837460745000 ended_ns=1790162837460965041 elapsed_us=220 block_gets=0 block_puts=0 deleted=0
checkpoint_phase lsn=20312 phase=value_index_schedule slot=0 started_ns=1790162837460985000 ended_ns=1790162837461420000 elapsed_us=435 block_gets=0 block_puts=0 deleted=0
checkpoint_phase lsn=20312 phase=value_index_schedule slot=0 started_ns=1790162837461429000 ended_ns=1790162837466713375 elapsed_us=5284 block_gets=0 block_puts=1 deleted=0
checkpoint_phase lsn=20312 phase=value_index_schedule slot=0 started_ns=1790162837466730000 ended_ns=1790162837466811875 elapsed_us=81 block_gets=0 block_puts=0 deleted=0
checkpoint_phase lsn=20312 phase=value_index_schedule slot=0 started_ns=1790162837466821000 ended_ns=1790162837466885250 elapsed_us=64 block_gets=0 block_puts=0 deleted=0
checkpoint_phase lsn=20312 phase=value_index_schedule slot=0 started_ns=1790162837466891000 ended_ns=1790162837480489875 elapsed_us=13598 block_gets=0 block_puts=4 deleted=0
checkpoint_phase lsn=20312 phase=value_index_schedule slot=0 started_ns=1790162837480512000 ended_ns=1790162837480512250 elapsed_us=0 block_gets=0 block_puts=0 deleted=0
checkpoint_phase lsn=20312 phase=value_index_write slot=0 started_ns=1790162837480518000 ended_ns=1790162837492581542 elapsed_us=12063 block_gets=0 block_puts=4 deleted=0
checkpoint_phase lsn=20312 phase=value_index_write slot=0 started_ns=1790162837492622000 ended_ns=1790162837504991292 elapsed_us=12369 block_gets=0 block_puts=4 deleted=0
checkpoint_phase lsn=20312 phase=value_index_write slot=0 started_ns=1790162837505009000 ended_ns=1790162837517536542 elapsed_us=12527 block_gets=0 block_puts=4 deleted=0
checkpoint_phase lsn=20312 phase=value_index_write slot=0 started_ns=1790162837517555000 ended_ns=1790162837530803708 elapsed_us=13248 block_gets=0 block_puts=4 deleted=0
checkpoint_phase lsn=20312 phase=value_index_write slot=0 started_ns=1790162837530819000 ended_ns=1790162837543592125 elapsed_us=12773 block_gets=0 block_puts=4 deleted=0
checkpoint_phase lsn=20312 phase=value_index_write slot=0 started_ns=1790162837543608000 ended_ns=1790162837556219958 elapsed_us=12611 block_gets=0 block_puts=4 deleted=0
checkpoint_phase lsn=20312 phase=value_index_write slot=0 started_ns=1790162837556233000 ended_ns=1790162837568957792 elapsed_us=12724 block_gets=0 block_puts=4 deleted=0
checkpoint_phase lsn=20312 phase=value_index_write slot=0 started_ns=1790162837568971000 ended_ns=1790162837581405625 elapsed_us=12434 block_gets=0 block_puts=4 deleted=0
checkpoint_phase lsn=20312 phase=value_index_write slot=0 started_ns=1790162837581421000 ended_ns=1790162837593825667 elapsed_us=12404 block_gets=0 block_puts=4 deleted=0
checkpoint_phase lsn=20312 phase=value_index_write slot=0 started_ns=1790162837593839000 ended_ns=1790162837606625500 elapsed_us=12786 block_gets=0 block_puts=4 deleted=0
checkpoint_phase lsn=20312 phase=value_index_write slot=0 started_ns=1790162837606644000 ended_ns=1790162837619017959 elapsed_us=12373 block_gets=0 block_puts=4 deleted=0
checkpoint_phase lsn=20312 phase=value_index_write slot=0 started_ns=1790162837619032000 ended_ns=1790162837633444083 elapsed_us=14412 block_gets=0 block_puts=5 deleted=0
checkpoint_phase lsn=20312 phase=value_index_schedule slot=0 started_ns=1790162837633463000 ended_ns=1790162837633467000 elapsed_us=4 block_gets=0 block_puts=0 deleted=0
checkpoint_phase lsn=20312 phase=value_index_schedule slot=0 started_ns=1790162837633473000 ended_ns=1790162837634338958 elapsed_us=865 block_gets=0 block_puts=0 deleted=0
checkpoint_phase lsn=20312 phase=value_index_schedule slot=0 started_ns=1790162837634350000 ended_ns=1790162837659079417 elapsed_us=24729 block_gets=8 block_puts=0 deleted=0
checkpoint_phase lsn=20312 phase=value_index_schedule slot=0 started_ns=1790162837659097000 ended_ns=1790162837683698000 elapsed_us=24601 block_gets=8 block_puts=0 deleted=0
checkpoint_phase lsn=20312 phase=value_index_schedule slot=0 started_ns=1790162837683723000 ended_ns=1790162837708197958 elapsed_us=24474 block_gets=8 block_puts=0 deleted=0
checkpoint_phase lsn=20312 phase=value_index_schedule slot=0 started_ns=1790162837708299000 ended_ns=1790162837731853833 elapsed_us=23554 block_gets=8 block_puts=0 deleted=0
checkpoint_phase lsn=20312 phase=value_index_schedule slot=0 started_ns=1790162837731872000 ended_ns=1790162837756307584 elapsed_us=24435 block_gets=8 block_puts=0 deleted=0
checkpoint_phase lsn=20312 phase=value_index_schedule slot=0 started_ns=1790162837756326000 ended_ns=1790162837778354375 elapsed_us=22028 block_gets=8 block_puts=0 deleted=0
checkpoint_phase lsn=20312 phase=value_index_schedule slot=0 started_ns=1790162837778372000 ended_ns=1790162837801872292 elapsed_us=23500 block_gets=8 block_puts=0 deleted=0
checkpoint_phase lsn=20312 phase=value_index_schedule slot=0 started_ns=1790162837801891000 ended_ns=1790162837825321917 elapsed_us=23430 block_gets=8 block_puts=0 deleted=0
checkpoint_phase lsn=20312 phase=value_index_schedule slot=0 started_ns=1790162837825339000 ended_ns=1790162837848871666 elapsed_us=23532 block_gets=8 block_puts=0 deleted=0
checkpoint_phase lsn=20312 phase=value_index_schedule slot=0 started_ns=1790162837848889000 ended_ns=1790162837872332458 elapsed_us=23443 block_gets=8 block_puts=0 deleted=0
checkpoint_phase lsn=20312 phase=value_index_schedule slot=0 started_ns=1790162837872370000 ended_ns=1790162837895003958 elapsed_us=22633 block_gets=8 block_puts=0 deleted=0
checkpoint_phase lsn=20312 phase=value_index_schedule slot=0 started_ns=1790162837895020000 ended_ns=1790162837918173750 elapsed_us=23153 block_gets=8 block_puts=0 deleted=0
checkpoint_phase lsn=20312 phase=value_index_schedule slot=0 started_ns=1790162837918191000 ended_ns=1790162837942193875 elapsed_us=24002 block_gets=8 block_puts=0 deleted=0
checkpoint_phase lsn=20312 phase=value_index_schedule slot=0 started_ns=1790162837942209000 ended_ns=1790162837965219209 elapsed_us=23010 block_gets=8 block_puts=0 deleted=0
checkpoint_phase lsn=20312 phase=value_index_schedule slot=0 started_ns=1790162837965235000 ended_ns=1790162837973523166 elapsed_us=8288 block_gets=2 block_puts=0 deleted=0
checkpoint_phase lsn=20312 phase=value_index_schedule slot=0 started_ns=1790162837973546000 ended_ns=1790162837976485750 elapsed_us=2939 block_gets=0 block_puts=0 deleted=0
checkpoint_phase lsn=20312 phase=value_index_schedule slot=0 started_ns=1790162837976512000 ended_ns=1790162837977374542 elapsed_us=862 block_gets=0 block_puts=0 deleted=0
checkpoint_phase lsn=20312 phase=value_index_schedule slot=0 started_ns=1790162837977388000 ended_ns=1790162837977417250 elapsed_us=29 block_gets=0 block_puts=0 deleted=0
checkpoint_phase lsn=20312 phase=value_index_schedule slot=0 started_ns=1790162837977423000 ended_ns=1790162837977446166 elapsed_us=23 block_gets=0 block_puts=0 deleted=0
checkpoint_phase lsn=20312 phase=value_index_schedule slot=0 started_ns=1790162837977454000 ended_ns=1790162837977477125 elapsed_us=23 block_gets=0 block_puts=0 deleted=0
checkpoint_phase lsn=20312 phase=value_index_schedule slot=0 started_ns=1790162837977482000 ended_ns=1790162837982464584 elapsed_us=4982 block_gets=0 block_puts=1 deleted=0
checkpoint_phase lsn=20312 phase=value_index_schedule slot=0 started_ns=1790162837982484000 ended_ns=1790162837982519208 elapsed_us=35 block_gets=0 block_puts=0 deleted=0
checkpoint_phase lsn=20312 phase=value_index_schedule slot=0 started_ns=1790162837982525000 ended_ns=1790162837995940125 elapsed_us=13415 block_gets=0 block_puts=4 deleted=0
checkpoint_phase lsn=20312 phase=value_index_schedule slot=0 started_ns=1790162837995955000 ended_ns=1790162837998868542 elapsed_us=2913 block_gets=0 block_puts=0 deleted=0
checkpoint_phase lsn=20312 phase=value_index_schedule slot=0 started_ns=1790162837998882000 ended_ns=1790162838001765834 elapsed_us=2883 block_gets=0 block_puts=0 deleted=0
checkpoint_phase lsn=20312 phase=value_index_schedule slot=0 started_ns=1790162838001789000 ended_ns=1790162838004634375 elapsed_us=2845 block_gets=0 block_puts=0 deleted=0
checkpoint_phase lsn=20312 phase=value_index_schedule slot=0 started_ns=1790162838004653000 ended_ns=1790162838007432250 elapsed_us=2779 block_gets=0 block_puts=0 deleted=0
checkpoint_phase lsn=20312 phase=value_index_schedule slot=0 started_ns=1790162838007446000 ended_ns=1790162838009430000 elapsed_us=1984 block_gets=0 block_puts=0 deleted=0
checkpoint_phase lsn=20312 phase=value_index_schedule slot=0 started_ns=1790162838009455000 ended_ns=1790162838009482833 elapsed_us=27 block_gets=0 block_puts=0 deleted=0
checkpoint_phase lsn=20312 phase=value_index_schedule slot=0 started_ns=1790162838009490000 ended_ns=1790162838009513083 elapsed_us=23 block_gets=0 block_puts=0 deleted=0
checkpoint_phase lsn=20312 phase=value_index_schedule slot=0 started_ns=1790162838009521000 ended_ns=1790162838009543458 elapsed_us=22 block_gets=0 block_puts=0 deleted=0
checkpoint_phase lsn=20312 phase=value_index_schedule slot=0 started_ns=1790162838009552000 ended_ns=1790162838014522833 elapsed_us=4970 block_gets=0 block_puts=1 deleted=0
checkpoint_phase lsn=20312 phase=value_index_schedule slot=0 started_ns=1790162838014536000 ended_ns=1790162838027314125 elapsed_us=12778 block_gets=0 block_puts=4 deleted=0
checkpoint_phase lsn=20312 phase=value_index_schedule slot=0 started_ns=1790162838027334000 ended_ns=1790162838028034125 elapsed_us=700 block_gets=0 block_puts=0 deleted=0
checkpoint_phase lsn=20312 phase=value_index_schedule slot=0 started_ns=1790162838028072000 ended_ns=1790162838028211250 elapsed_us=139 block_gets=0 block_puts=0 deleted=0
checkpoint_phase lsn=20312 phase=value_index_schedule slot=0 started_ns=1790162838028220000 ended_ns=1790162838028347958 elapsed_us=127 block_gets=0 block_puts=0 deleted=0
checkpoint_phase lsn=20312 phase=value_index_schedule slot=0 started_ns=1790162838028356000 ended_ns=1790162838028483500 elapsed_us=127 block_gets=0 block_puts=0 deleted=0
checkpoint_phase lsn=20312 phase=value_index_schedule slot=0 started_ns=1790162838028489000 ended_ns=1790162838033417709 elapsed_us=4928 block_gets=0 block_puts=1 deleted=0
checkpoint_phase lsn=20312 phase=value_index_schedule slot=0 started_ns=1790162838033438000 ended_ns=1790162838033565667 elapsed_us=127 block_gets=0 block_puts=0 deleted=0
checkpoint_phase lsn=20312 phase=value_index_schedule slot=0 started_ns=1790162838033574000 ended_ns=1790162838033699625 elapsed_us=125 block_gets=0 block_puts=0 deleted=0
checkpoint_phase lsn=20312 phase=value_index_schedule slot=0 started_ns=1790162838033706000 ended_ns=1790162838034067250 elapsed_us=361 block_gets=0 block_puts=0 deleted=0
checkpoint_phase lsn=20312 phase=value_index_schedule slot=0 started_ns=1790162838034074000 ended_ns=1790162838038991125 elapsed_us=4917 block_gets=0 block_puts=1 deleted=0
checkpoint_phase lsn=20312 phase=value_index_schedule slot=0 started_ns=1790162838039009000 ended_ns=1790162838039157208 elapsed_us=148 block_gets=0 block_puts=0 deleted=0
checkpoint_phase lsn=20312 phase=value_index_schedule slot=0 started_ns=1790162838039167000 ended_ns=1790162838039218458 elapsed_us=51 block_gets=0 block_puts=0 deleted=0
checkpoint_phase lsn=20312 phase=value_index_schedule slot=0 started_ns=1790162838039226000 ended_ns=1790162838052333833 elapsed_us=13107 block_gets=0 block_puts=4 deleted=0
checkpoint_phase lsn=20312 phase=value_index_schedule slot=0 started_ns=1790162838052348000 ended_ns=1790162838052348333 elapsed_us=0 block_gets=0 block_puts=0 deleted=0
checkpoint_phase lsn=20312 phase=value_index_write slot=0 started_ns=1790162838052354000 ended_ns=1790162838065965166 elapsed_us=13611 block_gets=0 block_puts=4 deleted=0
checkpoint_phase lsn=20312 phase=value_index_write slot=0 started_ns=1790162838065980000 ended_ns=1790162838077666791 elapsed_us=11686 block_gets=0 block_puts=4 deleted=0
checkpoint_phase lsn=20312 phase=value_index_write slot=0 started_ns=1790162838077680000 ended_ns=1790162838091242500 elapsed_us=13562 block_gets=0 block_puts=4 deleted=0
checkpoint_phase lsn=20312 phase=value_index_write slot=0 started_ns=1790162838091258000 ended_ns=1790162838104200083 elapsed_us=12942 block_gets=0 block_puts=4 deleted=0
checkpoint_phase lsn=20312 phase=value_index_write slot=0 started_ns=1790162838104213000 ended_ns=1790162838116644917 elapsed_us=12431 block_gets=0 block_puts=4 deleted=0
checkpoint_phase lsn=20312 phase=value_index_write slot=0 started_ns=1790162838116663000 ended_ns=1790162838131871917 elapsed_us=15208 block_gets=0 block_puts=4 deleted=0
checkpoint_phase lsn=20312 phase=value_index_write slot=0 started_ns=1790162838131893000 ended_ns=1790162838146765000 elapsed_us=14872 block_gets=0 block_puts=4 deleted=0
checkpoint_phase lsn=20312 phase=value_index_write slot=0 started_ns=1790162838146788000 ended_ns=1790162838161186250 elapsed_us=14398 block_gets=0 block_puts=4 deleted=0
checkpoint_phase lsn=20312 phase=value_index_write slot=0 started_ns=1790162838161203000 ended_ns=1790162838175552834 elapsed_us=14349 block_gets=0 block_puts=4 deleted=0
checkpoint_phase lsn=20312 phase=value_index_write slot=0 started_ns=1790162838176267000 ended_ns=1790162838189866916 elapsed_us=13599 block_gets=0 block_puts=4 deleted=0
checkpoint_phase lsn=20312 phase=value_index_write slot=0 started_ns=1790162838189887000 ended_ns=1790162838203289875 elapsed_us=13402 block_gets=0 block_puts=4 deleted=0
checkpoint_phase lsn=20312 phase=value_index_write slot=0 started_ns=1790162838203305000 ended_ns=1790162838217859666 elapsed_us=14554 block_gets=0 block_puts=5 deleted=0
checkpoint_phase lsn=20312 phase=value_index_schedule slot=0 started_ns=1790162838217900000 ended_ns=1790162838217904125 elapsed_us=4 block_gets=0 block_puts=0 deleted=0
checkpoint_phase lsn=20312 phase=value_index_schedule slot=0 started_ns=1790162838217912000 ended_ns=1790162838218763750 elapsed_us=851 block_gets=0 block_puts=0 deleted=0
checkpoint_phase lsn=20312 phase=value_index_schedule slot=0 started_ns=1790162838218777000 ended_ns=1790162838241390417 elapsed_us=22613 block_gets=8 block_puts=0 deleted=0
checkpoint_phase lsn=20312 phase=value_index_schedule slot=0 started_ns=1790162838241407000 ended_ns=1790162838263154208 elapsed_us=21747 block_gets=8 block_puts=0 deleted=0
checkpoint_phase lsn=20312 phase=value_index_schedule slot=0 started_ns=1790162838263170000 ended_ns=1790162838287234250 elapsed_us=24064 block_gets=8 block_puts=0 deleted=0
checkpoint_phase lsn=20312 phase=value_index_schedule slot=0 started_ns=1790162838287251000 ended_ns=1790162838313027750 elapsed_us=25776 block_gets=8 block_puts=0 deleted=0
checkpoint_phase lsn=20312 phase=value_index_schedule slot=0 started_ns=1790162838313051000 ended_ns=1790162838336392500 elapsed_us=23341 block_gets=8 block_puts=0 deleted=0
checkpoint_phase lsn=20312 phase=value_index_schedule slot=0 started_ns=1790162838336410000 ended_ns=1790162838359226541 elapsed_us=22816 block_gets=8 block_puts=0 deleted=0
checkpoint_phase lsn=20312 phase=value_index_schedule slot=0 started_ns=1790162838359244000 ended_ns=1790162838382388625 elapsed_us=23144 block_gets=8 block_puts=0 deleted=0
checkpoint_phase lsn=20312 phase=value_index_schedule slot=0 started_ns=1790162838382405000 ended_ns=1790162838405121792 elapsed_us=22716 block_gets=8 block_puts=0 deleted=0
checkpoint_phase lsn=20312 phase=value_index_schedule slot=0 started_ns=1790162838405144000 ended_ns=1790162838428552542 elapsed_us=23408 block_gets=8 block_puts=0 deleted=0
checkpoint_phase lsn=20312 phase=value_index_schedule slot=0 started_ns=1790162838428575000 ended_ns=1790162838450759792 elapsed_us=22184 block_gets=8 block_puts=0 deleted=0
checkpoint_phase lsn=20312 phase=value_index_schedule slot=0 started_ns=1790162838450776000 ended_ns=1790162838473713417 elapsed_us=22937 block_gets=8 block_puts=0 deleted=0
checkpoint_phase lsn=20312 phase=value_index_schedule slot=0 started_ns=1790162838473728000 ended_ns=1790162838495211500 elapsed_us=21483 block_gets=8 block_puts=0 deleted=0
checkpoint_phase lsn=20312 phase=value_index_schedule slot=0 started_ns=1790162838495228000 ended_ns=1790162838518924834 elapsed_us=23696 block_gets=8 block_puts=0 deleted=0
checkpoint_phase lsn=20312 phase=value_index_schedule slot=0 started_ns=1790162838518940000 ended_ns=1790162838541574917 elapsed_us=22634 block_gets=8 block_puts=0 deleted=0
checkpoint_phase lsn=20312 phase=value_index_schedule slot=0 started_ns=1790162838541594000 ended_ns=1790162838550780625 elapsed_us=9186 block_gets=2 block_puts=0 deleted=0
checkpoint_phase lsn=20312 phase=value_index_schedule slot=0 started_ns=1790162838550804000 ended_ns=1790162838550833375 elapsed_us=29 block_gets=0 block_puts=0 deleted=0
checkpoint_phase lsn=20312 phase=value_index_schedule slot=0 started_ns=1790162838550842000 ended_ns=1790162838550863542 elapsed_us=21 block_gets=0 block_puts=0 deleted=0
checkpoint_phase lsn=20312 phase=value_index_schedule slot=0 started_ns=1790162838550869000 ended_ns=1790162838550891083 elapsed_us=22 block_gets=0 block_puts=0 deleted=0
checkpoint_phase lsn=20312 phase=value_index_schedule slot=0 started_ns=1790162838550896000 ended_ns=1790162838555235125 elapsed_us=4339 block_gets=0 block_puts=1 deleted=0
checkpoint_phase lsn=20312 phase=value_index_schedule slot=0 started_ns=1790162838555251000 ended_ns=1790162838567041250 elapsed_us=11790 block_gets=0 block_puts=4 deleted=0
checkpoint_phase lsn=20312 phase=value_index_schedule slot=0 started_ns=1790162838567057000 ended_ns=1790162838569971666 elapsed_us=2914 block_gets=0 block_puts=0 deleted=0
checkpoint_phase lsn=20312 phase=value_index_schedule slot=0 started_ns=1790162838569992000 ended_ns=1790162838572822542 elapsed_us=2830 block_gets=0 block_puts=0 deleted=0
checkpoint_phase lsn=20312 phase=value_index_schedule slot=0 started_ns=1790162838572862000 ended_ns=1790162838575706583 elapsed_us=2844 block_gets=0 block_puts=0 deleted=0
checkpoint_phase lsn=20312 phase=value_index_schedule slot=0 started_ns=1790162838575726000 ended_ns=1790162838578569666 elapsed_us=2843 block_gets=0 block_puts=0 deleted=0
checkpoint_phase lsn=20312 phase=value_index_schedule slot=0 started_ns=1790162838578584000 ended_ns=1790162838578611708 elapsed_us=27 block_gets=0 block_puts=0 deleted=0
checkpoint_phase lsn=20312 phase=value_index_schedule slot=0 started_ns=1790162838578617000 ended_ns=1790162838578638750 elapsed_us=21 block_gets=0 block_puts=0 deleted=0
checkpoint_phase lsn=20312 phase=value_index_schedule slot=0 started_ns=1790162838578644000 ended_ns=1790162838578665167 elapsed_us=21 block_gets=0 block_puts=0 deleted=0
checkpoint_phase lsn=20312 phase=value_index_schedule slot=0 started_ns=1790162838578673000 ended_ns=1790162838583150875 elapsed_us=4477 block_gets=0 block_puts=1 deleted=0
checkpoint_phase lsn=20312 phase=value_index_schedule slot=0 started_ns=1790162838586317000 ended_ns=1790162838599400750 elapsed_us=13083 block_gets=0 block_puts=4 deleted=0
checkpoint_phase lsn=20312 phase=value_index_schedule slot=0 started_ns=1790162838599416000 ended_ns=1790162838599981083 elapsed_us=565 block_gets=0 block_puts=0 deleted=0
checkpoint_phase lsn=20312 phase=value_index_schedule slot=0 started_ns=1790162838599990000 ended_ns=1790162838600051250 elapsed_us=61 block_gets=0 block_puts=0 deleted=0
checkpoint_phase lsn=20312 phase=value_index_schedule slot=0 started_ns=1790162838600056000 ended_ns=1790162838600103000 elapsed_us=47 block_gets=0 block_puts=0 deleted=0
checkpoint_phase lsn=20312 phase=value_index_schedule slot=0 started_ns=1790162838600108000 ended_ns=1790162838600228792 elapsed_us=120 block_gets=0 block_puts=0 deleted=0
checkpoint_phase lsn=20312 phase=value_index_schedule slot=0 started_ns=1790162838600233000 ended_ns=1790162838604195375 elapsed_us=3962 block_gets=0 block_puts=1 deleted=0
checkpoint_phase lsn=20312 phase=value_index_schedule slot=0 started_ns=1790162838604205000 ended_ns=1790162838604341208 elapsed_us=136 block_gets=0 block_puts=0 deleted=0
checkpoint_phase lsn=20312 phase=value_index_schedule slot=0 started_ns=1790162838604347000 ended_ns=1790162838604495583 elapsed_us=148 block_gets=0 block_puts=0 deleted=0
checkpoint_phase lsn=20312 phase=value_index_schedule slot=0 started_ns=1790162838604505000 ended_ns=1790162838608624000 elapsed_us=4119 block_gets=0 block_puts=1 deleted=0
checkpoint_phase lsn=20312 phase=value_index_schedule slot=0 started_ns=1790162838608637000 ended_ns=1790162838608812334 elapsed_us=175 block_gets=0 block_puts=0 deleted=0
checkpoint_phase lsn=20312 phase=value_index_schedule slot=0 started_ns=1790162838608819000 ended_ns=1790162838608823333 elapsed_us=4 block_gets=0 block_puts=0 deleted=0
checkpoint_phase lsn=20312 phase=value_index_schedule slot=0 started_ns=1790162838608829000 ended_ns=1790162838622114209 elapsed_us=13285 block_gets=0 block_puts=4 deleted=0
checkpoint_phase lsn=20312 phase=value_index_schedule slot=0 started_ns=1790162838622127000 ended_ns=1790162838624981666 elapsed_us=2854 block_gets=0 block_puts=0 deleted=0
checkpoint_phase lsn=20312 phase=value_index_schedule slot=0 started_ns=1790162838625008000 ended_ns=1790162838627053833 elapsed_us=2045 block_gets=0 block_puts=0 deleted=0
checkpoint_phase lsn=20312 phase=value_index_schedule slot=0 started_ns=1790162838627063000 ended_ns=1790162838627089625 elapsed_us=26 block_gets=0 block_puts=0 deleted=0
checkpoint_phase lsn=20312 phase=value_index_schedule slot=0 started_ns=1790162838627095000 ended_ns=1790162838640098875 elapsed_us=13003 block_gets=0 block_puts=4 deleted=0
checkpoint_phase lsn=20312 phase=value_index_schedule slot=0 started_ns=1790162838640116000 ended_ns=1790162838640116416 elapsed_us=0 block_gets=0 block_puts=0 deleted=0
checkpoint_phase lsn=20312 phase=value_index_schedule slot=0 started_ns=1790162838640123000 ended_ns=1790162838640669042 elapsed_us=546 block_gets=0 block_puts=0 deleted=0
checkpoint_phase lsn=20312 phase=value_index_schedule slot=0 started_ns=1790162838640877000 ended_ns=1790162838641034167 elapsed_us=157 block_gets=0 block_puts=0 deleted=0
checkpoint_phase lsn=20312 phase=value_index_schedule slot=0 started_ns=1790162838641044000 ended_ns=1790162838641183750 elapsed_us=139 block_gets=0 block_puts=0 deleted=0
checkpoint_phase lsn=20312 phase=value_index_schedule slot=0 started_ns=1790162838641191000 ended_ns=1790162838641329084 elapsed_us=138 block_gets=0 block_puts=0 deleted=0
checkpoint_phase lsn=20312 phase=value_index_schedule slot=0 started_ns=1790162838641335000 ended_ns=1790162838645846125 elapsed_us=4511 block_gets=0 block_puts=1 deleted=0
checkpoint_phase lsn=20312 phase=value_index_schedule slot=0 started_ns=1790162838645868000 ended_ns=1790162838646008458 elapsed_us=140 block_gets=0 block_puts=0 deleted=0
checkpoint_phase lsn=20312 phase=value_index_schedule slot=0 started_ns=1790162838646019000 ended_ns=1790162838646155000 elapsed_us=136 block_gets=0 block_puts=0 deleted=0
checkpoint_phase lsn=20312 phase=value_index_schedule slot=0 started_ns=1790162838646164000 ended_ns=1790162838650673834 elapsed_us=4509 block_gets=0 block_puts=1 deleted=0
checkpoint_phase lsn=20312 phase=value_index_schedule slot=0 started_ns=1790162838650689000 ended_ns=1790162838650737916 elapsed_us=48 block_gets=0 block_puts=0 deleted=0
checkpoint_phase lsn=20312 phase=value_index_schedule slot=0 started_ns=1790162838650745000 ended_ns=1790162838650835042 elapsed_us=90 block_gets=0 block_puts=0 deleted=0
checkpoint_phase lsn=20312 phase=value_index_schedule slot=0 started_ns=1790162838650841000 ended_ns=1790162838655180958 elapsed_us=4339 block_gets=0 block_puts=1 deleted=0
checkpoint_phase lsn=20312 phase=value_index_schedule slot=0 started_ns=1790162838655200000 ended_ns=1790162838668134709 elapsed_us=12934 block_gets=0 block_puts=4 deleted=0
checkpoint_phase lsn=20312 phase=value_index_schedule slot=0 started_ns=1790162838668149000 ended_ns=1790162838668149292 elapsed_us=0 block_gets=0 block_puts=0 deleted=0
checkpoint_phase lsn=20312 phase=value_index_write slot=0 started_ns=1790162838668157000 ended_ns=1790162838679750000 elapsed_us=11593 block_gets=0 block_puts=4 deleted=0
checkpoint_phase lsn=20312 phase=value_index_write slot=0 started_ns=1790162838679765000 ended_ns=1790162838690926125 elapsed_us=11161 block_gets=0 block_puts=4 deleted=0
checkpoint_phase lsn=20312 phase=value_index_write slot=0 started_ns=1790162838690942000 ended_ns=1790162838702598083 elapsed_us=11656 block_gets=0 block_puts=4 deleted=0
checkpoint_phase lsn=20312 phase=value_index_write slot=0 started_ns=1790162838702613000 ended_ns=1790162838715807583 elapsed_us=13194 block_gets=0 block_puts=4 deleted=0
checkpoint_phase lsn=20312 phase=value_index_write slot=0 started_ns=1790162838715825000 ended_ns=1790162838728034875 elapsed_us=12209 block_gets=0 block_puts=4 deleted=0
checkpoint_phase lsn=20312 phase=value_index_write slot=0 started_ns=1790162838728060000 ended_ns=1790162838741110708 elapsed_us=13050 block_gets=0 block_puts=4 deleted=0
checkpoint_phase lsn=20312 phase=value_index_write slot=0 started_ns=1790162838741142000 ended_ns=1790162838754694375 elapsed_us=13552 block_gets=0 block_puts=4 deleted=0
checkpoint_phase lsn=20312 phase=value_index_write slot=0 started_ns=1790162838754711000 ended_ns=1790162838767768959 elapsed_us=13057 block_gets=0 block_puts=4 deleted=0
checkpoint_phase lsn=20312 phase=value_index_write slot=0 started_ns=1790162838767787000 ended_ns=1790162838779731167 elapsed_us=11944 block_gets=0 block_puts=4 deleted=0
checkpoint_phase lsn=20312 phase=value_index_write slot=0 started_ns=1790162838779754000 ended_ns=1790162838791544250 elapsed_us=11790 block_gets=0 block_puts=4 deleted=0
checkpoint_phase lsn=20312 phase=value_index_write slot=0 started_ns=1790162838791560000 ended_ns=1790162838803689750 elapsed_us=12129 block_gets=0 block_puts=4 deleted=0
checkpoint_phase lsn=20312 phase=value_index_write slot=0 started_ns=1790162838803719000 ended_ns=1790162838815767417 elapsed_us=12048 block_gets=0 block_puts=4 deleted=0
checkpoint_phase lsn=20312 phase=value_index_write slot=0 started_ns=1790162838815784000 ended_ns=1790162838827439000 elapsed_us=11655 block_gets=0 block_puts=4 deleted=0
checkpoint_phase lsn=20312 phase=value_index_write slot=0 started_ns=1790162838827457000 ended_ns=1790162838838722417 elapsed_us=11265 block_gets=0 block_puts=4 deleted=0
checkpoint_phase lsn=20312 phase=value_index_write slot=0 started_ns=1790162838838738000 ended_ns=1790162838850356958 elapsed_us=11618 block_gets=0 block_puts=4 deleted=0
checkpoint_phase lsn=20312 phase=value_index_write slot=0 started_ns=1790162838850370000 ended_ns=1790162838861912125 elapsed_us=11542 block_gets=0 block_puts=4 deleted=0
checkpoint_phase lsn=20312 phase=value_index_write slot=0 started_ns=1790162838861931000 ended_ns=1790162838874671791 elapsed_us=12740 block_gets=0 block_puts=4 deleted=0
checkpoint_phase lsn=20312 phase=value_index_write slot=0 started_ns=1790162838874688000 ended_ns=1790162838887149208 elapsed_us=12461 block_gets=0 block_puts=4 deleted=0
checkpoint_phase lsn=20312 phase=value_index_write slot=0 started_ns=1790162838887168000 ended_ns=1790162838898581333 elapsed_us=11413 block_gets=0 block_puts=4 deleted=0
checkpoint_phase lsn=20312 phase=value_index_write slot=0 started_ns=1790162838898596000 ended_ns=1790162838909712917 elapsed_us=11116 block_gets=0 block_puts=4 deleted=0
checkpoint_phase lsn=20312 phase=value_index_write slot=0 started_ns=1790162838909729000 ended_ns=1790162838922171542 elapsed_us=12442 block_gets=0 block_puts=4 deleted=0
checkpoint_phase lsn=20312 phase=value_index_write slot=0 started_ns=1790162838922189000 ended_ns=1790162838934829667 elapsed_us=12640 block_gets=0 block_puts=4 deleted=0
checkpoint_phase lsn=20312 phase=value_index_write slot=0 started_ns=1790162838934844000 ended_ns=1790162838947324625 elapsed_us=12480 block_gets=0 block_puts=4 deleted=0
checkpoint_phase lsn=20312 phase=value_index_write slot=0 started_ns=1790162838947340000 ended_ns=1790162838959106542 elapsed_us=11766 block_gets=0 block_puts=4 deleted=0
checkpoint_phase lsn=20312 phase=value_index_write slot=0 started_ns=1790162838959122000 ended_ns=1790162838971613958 elapsed_us=12491 block_gets=0 block_puts=4 deleted=0
checkpoint_phase lsn=20312 phase=value_index_write slot=0 started_ns=1790162838971629000 ended_ns=1790162838983570750 elapsed_us=11941 block_gets=0 block_puts=4 deleted=0
checkpoint_phase lsn=20312 phase=value_index_write slot=0 started_ns=1790162838983588000 ended_ns=1790162838994976500 elapsed_us=11388 block_gets=0 block_puts=4 deleted=0
checkpoint_phase lsn=20312 phase=value_index_write slot=0 started_ns=1790162838995002000 ended_ns=1790162839009642625 elapsed_us=14640 block_gets=0 block_puts=4 deleted=0
checkpoint_phase lsn=20312 phase=value_index_write slot=0 started_ns=1790162839009663000 ended_ns=1790162839022692875 elapsed_us=13029 block_gets=0 block_puts=4 deleted=0
checkpoint_phase lsn=20312 phase=value_index_write slot=0 started_ns=1790162839022715000 ended_ns=1790162839035261208 elapsed_us=12546 block_gets=0 block_puts=4 deleted=0
checkpoint_phase lsn=20312 phase=value_index_write slot=0 started_ns=1790162839035281000 ended_ns=1790162839047896000 elapsed_us=12615 block_gets=0 block_puts=4 deleted=0
checkpoint_phase lsn=20312 phase=value_index_write slot=0 started_ns=1790162839047917000 ended_ns=1790162839060330875 elapsed_us=12413 block_gets=0 block_puts=4 deleted=0
checkpoint_phase lsn=20312 phase=value_index_write slot=0 started_ns=1790162839060347000 ended_ns=1790162839074426292 elapsed_us=14079 block_gets=0 block_puts=5 deleted=0
checkpoint_phase lsn=20312 phase=value_index_write slot=0 started_ns=1790162839074444000 ended_ns=1790162839087580625 elapsed_us=13136 block_gets=0 block_puts=4 deleted=0
checkpoint_phase lsn=20312 phase=value_index_write slot=0 started_ns=1790162839087597000 ended_ns=1790162839101495125 elapsed_us=13898 block_gets=0 block_puts=4 deleted=0
checkpoint_phase lsn=20312 phase=value_index_write slot=0 started_ns=1790162839101522000 ended_ns=1790162839113748500 elapsed_us=12226 block_gets=0 block_puts=4 deleted=0
checkpoint_phase lsn=20312 phase=value_index_write slot=0 started_ns=1790162839113768000 ended_ns=1790162839125318375 elapsed_us=11550 block_gets=0 block_puts=4 deleted=0
checkpoint_phase lsn=20312 phase=value_index_write slot=0 started_ns=1790162839125334000 ended_ns=1790162839136525125 elapsed_us=11191 block_gets=0 block_puts=4 deleted=0
checkpoint_phase lsn=20312 phase=value_index_write slot=0 started_ns=1790162839136541000 ended_ns=1790162839148209375 elapsed_us=11668 block_gets=0 block_puts=4 deleted=0
checkpoint_phase lsn=20312 phase=value_index_write slot=0 started_ns=1790162839148228000 ended_ns=1790162839159613708 elapsed_us=11385 block_gets=0 block_puts=4 deleted=0
checkpoint_phase lsn=20312 phase=value_index_write slot=0 started_ns=1790162839159632000 ended_ns=1790162839175409541 elapsed_us=15777 block_gets=0 block_puts=5 deleted=0
checkpoint_phase lsn=20312 phase=value_index_write slot=0 started_ns=1790162839175425000 ended_ns=1790162839187656583 elapsed_us=12231 block_gets=0 block_puts=4 deleted=0
checkpoint_phase lsn=20312 phase=value_index_write slot=0 started_ns=1790162839187672000 ended_ns=1790162839199907458 elapsed_us=12235 block_gets=0 block_puts=4 deleted=0
checkpoint_phase lsn=20312 phase=value_index_write slot=0 started_ns=1790162839199923000 ended_ns=1790162839211405041 elapsed_us=11482 block_gets=0 block_puts=4 deleted=0
checkpoint_phase lsn=20312 phase=value_index_write slot=0 started_ns=1790162839211421000 ended_ns=1790162839223871250 elapsed_us=12450 block_gets=0 block_puts=4 deleted=0
checkpoint_phase lsn=20312 phase=value_index_write slot=0 started_ns=1790162839223893000 ended_ns=1790162839236363166 elapsed_us=12470 block_gets=0 block_puts=4 deleted=0
checkpoint_phase lsn=20312 phase=value_index_write slot=0 started_ns=1790162839236380000 ended_ns=1790162839249031750 elapsed_us=12651 block_gets=0 block_puts=4 deleted=0
checkpoint_phase lsn=20312 phase=value_index_write slot=0 started_ns=1790162839249048000 ended_ns=1790162839260831625 elapsed_us=11783 block_gets=0 block_puts=4 deleted=0
checkpoint_phase lsn=20312 phase=value_index_write slot=0 started_ns=1790162839260851000 ended_ns=1790162839275779958 elapsed_us=14928 block_gets=0 block_puts=5 deleted=0
checkpoint_phase lsn=20312 phase=value_index_write slot=0 started_ns=1790162839275795000 ended_ns=1790162839287753000 elapsed_us=11958 block_gets=0 block_puts=4 deleted=0
checkpoint_phase lsn=20312 phase=value_index_write slot=0 started_ns=1790162839287768000 ended_ns=1790162839299246250 elapsed_us=11478 block_gets=0 block_puts=4 deleted=0
checkpoint_phase lsn=20312 phase=value_index_write slot=0 started_ns=1790162839299262000 ended_ns=1790162839310631583 elapsed_us=11369 block_gets=0 block_puts=4 deleted=0
checkpoint_phase lsn=20312 phase=value_index_write slot=0 started_ns=1790162839310647000 ended_ns=1790162839323361625 elapsed_us=12714 block_gets=0 block_puts=4 deleted=0
checkpoint_phase lsn=20312 phase=value_index_write slot=0 started_ns=1790162839323379000 ended_ns=1790162839335087375 elapsed_us=11708 block_gets=0 block_puts=4 deleted=0
checkpoint_phase lsn=20312 phase=value_index_write slot=0 started_ns=1790162839335102000 ended_ns=1790162839347256833 elapsed_us=12154 block_gets=0 block_puts=4 deleted=0
checkpoint_phase lsn=20312 phase=value_index_write slot=0 started_ns=1790162839347275000 ended_ns=1790162839359848750 elapsed_us=12573 block_gets=0 block_puts=4 deleted=0
checkpoint_phase lsn=20312 phase=value_index_write slot=0 started_ns=1790162839359867000 ended_ns=1790162839374967792 elapsed_us=15100 block_gets=0 block_puts=5 deleted=0
checkpoint_phase lsn=20312 phase=value_index_write slot=0 started_ns=1790162839374982000 ended_ns=1790162839387268417 elapsed_us=12286 block_gets=0 block_puts=4 deleted=0
checkpoint_phase lsn=20312 phase=value_index_write slot=0 started_ns=1790162839387285000 ended_ns=1790162839401689375 elapsed_us=14404 block_gets=0 block_puts=4 deleted=0
checkpoint_phase lsn=20312 phase=value_index_write slot=0 started_ns=1790162839401814000 ended_ns=1790162839415165917 elapsed_us=13351 block_gets=0 block_puts=4 deleted=0
checkpoint_phase lsn=20312 phase=value_index_write slot=0 started_ns=1790162839415181000 ended_ns=1790162839427087458 elapsed_us=11906 block_gets=0 block_puts=4 deleted=0
checkpoint_phase lsn=20312 phase=value_index_write slot=0 started_ns=1790162839427105000 ended_ns=1790162839439951583 elapsed_us=12846 block_gets=0 block_puts=4 deleted=0
checkpoint_phase lsn=20312 phase=value_index_write slot=0 started_ns=1790162839439968000 ended_ns=1790162839452065791 elapsed_us=12097 block_gets=0 block_puts=4 deleted=0
checkpoint_phase lsn=20312 phase=value_index_write slot=0 started_ns=1790162839452082000 ended_ns=1790162839463677417 elapsed_us=11595 block_gets=0 block_puts=4 deleted=0
checkpoint_phase lsn=20312 phase=value_index_write slot=0 started_ns=1790162839463693000 ended_ns=1790162839478961083 elapsed_us=15268 block_gets=0 block_puts=5 deleted=0
checkpoint_phase lsn=20312 phase=value_index_write slot=0 started_ns=1790162839478977000 ended_ns=1790162839491495875 elapsed_us=12518 block_gets=0 block_puts=4 deleted=0
checkpoint_phase lsn=20312 phase=value_index_write slot=0 started_ns=1790162839491515000 ended_ns=1790162839503825834 elapsed_us=12310 block_gets=0 block_puts=4 deleted=0
checkpoint_phase lsn=20312 phase=value_index_write slot=0 started_ns=1790162839503847000 ended_ns=1790162839515930333 elapsed_us=12083 block_gets=0 block_puts=4 deleted=0
checkpoint_phase lsn=20312 phase=value_index_write slot=0 started_ns=1790162839515947000 ended_ns=1790162839528266042 elapsed_us=12319 block_gets=0 block_puts=4 deleted=0
checkpoint_phase lsn=20312 phase=value_index_write slot=0 started_ns=1790162839528281000 ended_ns=1790162839540679667 elapsed_us=12398 block_gets=0 block_puts=4 deleted=0
checkpoint_phase lsn=20312 phase=value_index_write slot=0 started_ns=1790162839540696000 ended_ns=1790162839552906125 elapsed_us=12210 block_gets=0 block_puts=4 deleted=0
checkpoint_phase lsn=20312 phase=value_index_write slot=0 started_ns=1790162839552922000 ended_ns=1790162839564150125 elapsed_us=11228 block_gets=0 block_puts=4 deleted=0
checkpoint_phase lsn=20312 phase=value_index_write slot=0 started_ns=1790162839564165000 ended_ns=1790162839579397042 elapsed_us=15232 block_gets=0 block_puts=5 deleted=0
checkpoint_phase lsn=20312 phase=value_index_write slot=0 started_ns=1790162839579412000 ended_ns=1790162839591864708 elapsed_us=12452 block_gets=0 block_puts=4 deleted=0
checkpoint_phase lsn=20312 phase=value_index_write slot=0 started_ns=1790162839591879000 ended_ns=1790162839603854417 elapsed_us=11975 block_gets=0 block_puts=4 deleted=0
checkpoint_phase lsn=20312 phase=value_index_write slot=0 started_ns=1790162839603868000 ended_ns=1790162839615718417 elapsed_us=11850 block_gets=0 block_puts=4 deleted=0
checkpoint_phase lsn=20312 phase=value_index_write slot=0 started_ns=1790162839615732000 ended_ns=1790162839627545458 elapsed_us=11813 block_gets=0 block_puts=4 deleted=0
checkpoint_phase lsn=20312 phase=value_index_write slot=0 started_ns=1790162839627560000 ended_ns=1790162839639363833 elapsed_us=11803 block_gets=0 block_puts=4 deleted=0
checkpoint_phase lsn=20312 phase=value_index_write slot=0 started_ns=1790162839639376000 ended_ns=1790162839651594750 elapsed_us=12218 block_gets=0 block_puts=4 deleted=0
checkpoint_phase lsn=20312 phase=value_index_write slot=0 started_ns=1790162839651611000 ended_ns=1790162839662591916 elapsed_us=10980 block_gets=0 block_puts=4 deleted=0
checkpoint_phase lsn=20312 phase=value_index_write slot=0 started_ns=1790162839662607000 ended_ns=1790162839677574208 elapsed_us=14967 block_gets=0 block_puts=5 deleted=0
checkpoint_phase lsn=20312 phase=value_index_write slot=0 started_ns=1790162839677590000 ended_ns=1790162839688999375 elapsed_us=11409 block_gets=0 block_puts=4 deleted=0
checkpoint_phase lsn=20312 phase=value_index_write slot=0 started_ns=1790162839689017000 ended_ns=1790162839701417125 elapsed_us=12400 block_gets=0 block_puts=4 deleted=0
checkpoint_phase lsn=20312 phase=value_index_write slot=0 started_ns=1790162839701446000 ended_ns=1790162839713353500 elapsed_us=11907 block_gets=0 block_puts=4 deleted=0
checkpoint_phase lsn=20312 phase=value_index_write slot=0 started_ns=1790162839713367000 ended_ns=1790162839725106125 elapsed_us=11739 block_gets=0 block_puts=4 deleted=0
checkpoint_phase lsn=20312 phase=value_index_write slot=0 started_ns=1790162839725119000 ended_ns=1790162839737522500 elapsed_us=12403 block_gets=0 block_puts=4 deleted=0
checkpoint_phase lsn=20312 phase=value_index_write slot=0 started_ns=1790162839737536000 ended_ns=1790162839749362500 elapsed_us=11826 block_gets=0 block_puts=4 deleted=0
checkpoint_phase lsn=20312 phase=value_index_write slot=0 started_ns=1790162839749378000 ended_ns=1790162839761798917 elapsed_us=12420 block_gets=0 block_puts=4 deleted=0
checkpoint_phase lsn=20312 phase=value_index_write slot=0 started_ns=1790162839761814000 ended_ns=1790162839777558875 elapsed_us=15744 block_gets=0 block_puts=5 deleted=0
checkpoint_phase lsn=20312 phase=value_index_write slot=0 started_ns=1790162839777585000 ended_ns=1790162839789922875 elapsed_us=12337 block_gets=0 block_puts=4 deleted=0
checkpoint_phase lsn=20312 phase=value_index_write slot=0 started_ns=1790162839789938000 ended_ns=1790162839803220625 elapsed_us=13282 block_gets=0 block_puts=4 deleted=0
checkpoint_phase lsn=20312 phase=value_index_write slot=0 started_ns=1790162839803246000 ended_ns=1790162839815603834 elapsed_us=12357 block_gets=0 block_puts=4 deleted=0
checkpoint_phase lsn=20312 phase=value_index_write slot=0 started_ns=1790162839815622000 ended_ns=1790162839829511667 elapsed_us=13889 block_gets=0 block_puts=4 deleted=0
checkpoint_phase lsn=20312 phase=value_index_write slot=0 started_ns=1790162839829529000 ended_ns=1790162839843953625 elapsed_us=14424 block_gets=0 block_puts=4 deleted=0
checkpoint_phase lsn=20312 phase=value_index_write slot=0 started_ns=1790162839843970000 ended_ns=1790162839856617875 elapsed_us=12647 block_gets=0 block_puts=4 deleted=0
checkpoint_phase lsn=20312 phase=value_index_write slot=0 started_ns=1790162839856635000 ended_ns=1790162839869178667 elapsed_us=12543 block_gets=0 block_puts=4 deleted=0
checkpoint_phase lsn=20312 phase=value_index_write slot=0 started_ns=1790162839869192000 ended_ns=1790162839885015208 elapsed_us=15823 block_gets=0 block_puts=5 deleted=0
checkpoint_phase lsn=20312 phase=value_index_write slot=0 started_ns=1790162839885031000 ended_ns=1790162839897435958 elapsed_us=12404 block_gets=0 block_puts=4 deleted=0
checkpoint_phase lsn=20312 phase=value_index_write slot=0 started_ns=1790162839897456000 ended_ns=1790162839909597333 elapsed_us=12141 block_gets=0 block_puts=4 deleted=0
checkpoint_phase lsn=20312 phase=value_index_write slot=0 started_ns=1790162839909615000 ended_ns=1790162839921268458 elapsed_us=11653 block_gets=0 block_puts=4 deleted=0
checkpoint_phase lsn=20312 phase=value_index_write slot=0 started_ns=1790162839921284000 ended_ns=1790162839932811167 elapsed_us=11527 block_gets=0 block_puts=4 deleted=0
checkpoint_phase lsn=20312 phase=value_index_write slot=0 started_ns=1790162839932826000 ended_ns=1790162839944049334 elapsed_us=11223 block_gets=0 block_puts=4 deleted=0
checkpoint_phase lsn=20312 phase=value_index_write slot=0 started_ns=1790162839944064000 ended_ns=1790162839955449750 elapsed_us=11385 block_gets=0 block_puts=4 deleted=0
checkpoint_phase lsn=20312 phase=value_index_write slot=0 started_ns=1790162839955463000 ended_ns=1790162839967201667 elapsed_us=11738 block_gets=0 block_puts=4 deleted=0
checkpoint_phase lsn=20312 phase=value_index_write slot=0 started_ns=1790162839967216000 ended_ns=1790162839981977166 elapsed_us=14761 block_gets=0 block_puts=5 deleted=0
checkpoint_phase lsn=20312 phase=value_index_write slot=0 started_ns=1790162839981994000 ended_ns=1790162839993816875 elapsed_us=11822 block_gets=0 block_puts=4 deleted=0
checkpoint_phase lsn=20312 phase=value_index_write slot=0 started_ns=1790162839993831000 ended_ns=1790162840005701875 elapsed_us=11870 block_gets=0 block_puts=4 deleted=0
checkpoint_phase lsn=20312 phase=value_index_write slot=0 started_ns=1790162840005723000 ended_ns=1790162840017381083 elapsed_us=11658 block_gets=0 block_puts=4 deleted=0
checkpoint_phase lsn=20312 phase=value_index_write slot=0 started_ns=1790162840017394000 ended_ns=1790162840028725750 elapsed_us=11331 block_gets=0 block_puts=4 deleted=0
checkpoint_phase lsn=20312 phase=value_index_write slot=0 started_ns=1790162840028740000 ended_ns=1790162840039991708 elapsed_us=11251 block_gets=0 block_puts=4 deleted=0
checkpoint_phase lsn=20312 phase=value_index_write slot=0 started_ns=1790162840040006000 ended_ns=1790162840050791167 elapsed_us=10785 block_gets=0 block_puts=4 deleted=0
checkpoint_phase lsn=20312 phase=value_index_write slot=0 started_ns=1790162840050803000 ended_ns=1790162840062013916 elapsed_us=11210 block_gets=0 block_puts=4 deleted=0
checkpoint_phase lsn=20312 phase=value_index_write slot=0 started_ns=1790162840062029000 ended_ns=1790162840076784208 elapsed_us=14755 block_gets=0 block_puts=5 deleted=0
checkpoint_phase lsn=20312 phase=value_index_write slot=0 started_ns=1790162840076798000 ended_ns=1790162840088641958 elapsed_us=11843 block_gets=0 block_puts=4 deleted=0
checkpoint_phase lsn=20312 phase=value_index_write slot=0 started_ns=1790162840088657000 ended_ns=1790162840100857375 elapsed_us=12200 block_gets=0 block_puts=4 deleted=0
checkpoint_phase lsn=20312 phase=value_index_write slot=0 started_ns=1790162840100872000 ended_ns=1790162840112332958 elapsed_us=11460 block_gets=0 block_puts=4 deleted=0
checkpoint_phase lsn=20312 phase=value_index_write slot=0 started_ns=1790162840112348000 ended_ns=1790162840123735292 elapsed_us=11387 block_gets=0 block_puts=4 deleted=0
checkpoint_phase lsn=20312 phase=value_index_write slot=0 started_ns=1790162840123751000 ended_ns=1790162840135668875 elapsed_us=11917 block_gets=0 block_puts=4 deleted=0
checkpoint_phase lsn=20312 phase=value_index_write slot=0 started_ns=1790162840135685000 ended_ns=1790162840147763791 elapsed_us=12078 block_gets=0 block_puts=4 deleted=0
checkpoint_phase lsn=20312 phase=value_index_write slot=0 started_ns=1790162840147777000 ended_ns=1790162840159239333 elapsed_us=11462 block_gets=0 block_puts=4 deleted=0
checkpoint_phase lsn=20312 phase=value_index_write slot=0 started_ns=1790162840159253000 ended_ns=1790162840173704958 elapsed_us=14451 block_gets=0 block_puts=5 deleted=0
checkpoint_phase lsn=20312 phase=value_index_write slot=0 started_ns=1790162840173720000 ended_ns=1790162840185808542 elapsed_us=12088 block_gets=0 block_puts=4 deleted=0
checkpoint_phase lsn=20312 phase=value_index_write slot=0 started_ns=1790162840185823000 ended_ns=1790162840198119000 elapsed_us=12296 block_gets=0 block_puts=4 deleted=0
checkpoint_phase lsn=20312 phase=value_index_write slot=0 started_ns=1790162840198133000 ended_ns=1790162840208465750 elapsed_us=10332 block_gets=0 block_puts=4 deleted=0
checkpoint_phase lsn=20312 phase=value_index_write slot=0 started_ns=1790162840208477000 ended_ns=1790162840220017000 elapsed_us=11540 block_gets=0 block_puts=4 deleted=0
checkpoint_phase lsn=20312 phase=value_index_write slot=0 started_ns=1790162840220029000 ended_ns=1790162840232737916 elapsed_us=12708 block_gets=0 block_puts=4 deleted=0
checkpoint_phase lsn=20312 phase=value_index_write slot=0 started_ns=1790162840232752000 ended_ns=1790162840245277125 elapsed_us=12525 block_gets=0 block_puts=4 deleted=0
checkpoint_phase lsn=20312 phase=value_index_write slot=0 started_ns=1790162840245301000 ended_ns=1790162840258215625 elapsed_us=12914 block_gets=0 block_puts=4 deleted=0
checkpoint_phase lsn=20312 phase=value_index_write slot=0 started_ns=1790162840258235000 ended_ns=1790162840273700708 elapsed_us=15465 block_gets=0 block_puts=5 deleted=0
checkpoint_phase lsn=20312 phase=value_index_write slot=0 started_ns=1790162840273715000 ended_ns=1790162840285310833 elapsed_us=11595 block_gets=0 block_puts=4 deleted=0
checkpoint_phase lsn=20312 phase=value_index_write slot=0 started_ns=1790162840285327000 ended_ns=1790162840297560292 elapsed_us=12233 block_gets=0 block_puts=4 deleted=0
checkpoint_phase lsn=20312 phase=value_index_write slot=0 started_ns=1790162840297595000 ended_ns=1790162840312353208 elapsed_us=14758 block_gets=0 block_puts=5 deleted=0
checkpoint_phase lsn=20312 phase=value_index_schedule slot=0 started_ns=1790162840312377000 ended_ns=1790162840312380875 elapsed_us=3 block_gets=0 block_puts=0 deleted=0
checkpoint_phase lsn=20312 phase=value_index_schedule slot=0 started_ns=1790162840312394000 ended_ns=1790162840313323625 elapsed_us=929 block_gets=0 block_puts=0 deleted=0
checkpoint_phase lsn=20312 phase=value_index_schedule slot=0 started_ns=1790162840313333000 ended_ns=1790162840336898250 elapsed_us=23565 block_gets=8 block_puts=0 deleted=0
checkpoint_phase lsn=20312 phase=value_index_schedule slot=0 started_ns=1790162840336915000 ended_ns=1790162840359197583 elapsed_us=22282 block_gets=8 block_puts=0 deleted=0
checkpoint_phase lsn=20312 phase=value_index_schedule slot=0 started_ns=1790162840359212000 ended_ns=1790162840368087250 elapsed_us=8875 block_gets=3 block_puts=0 deleted=0
checkpoint_phase lsn=20312 phase=value_index_schedule slot=0 started_ns=1790162840368105000 ended_ns=1790162840368131875 elapsed_us=26 block_gets=0 block_puts=0 deleted=0
checkpoint_phase lsn=20312 phase=value_index_schedule slot=0 started_ns=1790162840368139000 ended_ns=1790162840368161417 elapsed_us=22 block_gets=0 block_puts=0 deleted=0
checkpoint_phase lsn=20312 phase=value_index_schedule slot=0 started_ns=1790162840368167000 ended_ns=1790162840368189292 elapsed_us=22 block_gets=0 block_puts=0 deleted=0
checkpoint_phase lsn=20312 phase=value_index_schedule slot=0 started_ns=1790162840368195000 ended_ns=1790162840372659750 elapsed_us=4464 block_gets=0 block_puts=1 deleted=0
checkpoint_phase lsn=20312 phase=value_index_schedule slot=0 started_ns=1790162840372670000 ended_ns=1790162840372700458 elapsed_us=30 block_gets=0 block_puts=0 deleted=0
checkpoint_phase lsn=20312 phase=value_index_schedule slot=0 started_ns=1790162840372706000 ended_ns=1790162840385463000 elapsed_us=12757 block_gets=0 block_puts=4 deleted=0
checkpoint_phase lsn=20312 phase=value_index_schedule slot=0 started_ns=1790162840385479000 ended_ns=1790162840408407750 elapsed_us=22928 block_gets=8 block_puts=0 deleted=0
checkpoint_phase lsn=20312 phase=value_index_schedule slot=0 started_ns=1790162840408426000 ended_ns=1790162840430562042 elapsed_us=22136 block_gets=8 block_puts=0 deleted=0
checkpoint_phase lsn=20312 phase=value_index_schedule slot=0 started_ns=1790162840430584000 ended_ns=1790162840452456250 elapsed_us=21872 block_gets=8 block_puts=0 deleted=0
checkpoint_phase lsn=20312 phase=value_index_schedule slot=0 started_ns=1790162840452473000 ended_ns=1790162840473967250 elapsed_us=21494 block_gets=8 block_puts=0 deleted=0
checkpoint_phase lsn=20312 phase=value_index_schedule slot=0 started_ns=1790162840473984000 ended_ns=1790162840497264708 elapsed_us=23280 block_gets=8 block_puts=0 deleted=0
checkpoint_phase lsn=20312 phase=value_index_schedule slot=0 started_ns=1790162840497280000 ended_ns=1790162840519778458 elapsed_us=22498 block_gets=8 block_puts=0 deleted=0
checkpoint_phase lsn=20312 phase=value_index_schedule slot=0 started_ns=1790162840519794000 ended_ns=1790162840543462792 elapsed_us=23668 block_gets=8 block_puts=0 deleted=0
checkpoint_phase lsn=20312 phase=value_index_schedule slot=0 started_ns=1790162840543479000 ended_ns=1790162840566745375 elapsed_us=23266 block_gets=8 block_puts=0 deleted=0
checkpoint_phase lsn=20312 phase=value_index_schedule slot=0 started_ns=1790162840566764000 ended_ns=1790162840589007500 elapsed_us=22243 block_gets=8 block_puts=0 deleted=0
checkpoint_phase lsn=20312 phase=value_index_schedule slot=0 started_ns=1790162840589026000 ended_ns=1790162840611837458 elapsed_us=22811 block_gets=8 block_puts=0 deleted=0
checkpoint_phase lsn=20312 phase=value_index_schedule slot=0 started_ns=1790162840611854000 ended_ns=1790162840633494500 elapsed_us=21640 block_gets=8 block_puts=0 deleted=0
checkpoint_phase lsn=20312 phase=value_index_schedule slot=0 started_ns=1790162840633514000 ended_ns=1790162840654662584 elapsed_us=21148 block_gets=7 block_puts=0 deleted=0
checkpoint_phase lsn=20312 phase=value_index_schedule slot=0 started_ns=1790162840654709000 ended_ns=1790162840654736916 elapsed_us=27 block_gets=0 block_puts=0 deleted=0
checkpoint_phase lsn=20312 phase=value_index_schedule slot=0 started_ns=1790162840654747000 ended_ns=1790162840654769875 elapsed_us=22 block_gets=0 block_puts=0 deleted=0
checkpoint_phase lsn=20312 phase=value_index_schedule slot=0 started_ns=1790162840654777000 ended_ns=1790162840654799875 elapsed_us=22 block_gets=0 block_puts=0 deleted=0
checkpoint_phase lsn=20312 phase=value_index_schedule slot=0 started_ns=1790162840654808000 ended_ns=1790162840659765875 elapsed_us=4957 block_gets=0 block_puts=1 deleted=0
checkpoint_phase lsn=20312 phase=value_index_schedule slot=0 started_ns=1790162840659785000 ended_ns=1790162840659815083 elapsed_us=30 block_gets=0 block_puts=0 deleted=0
checkpoint_phase lsn=20312 phase=value_index_schedule slot=0 started_ns=1790162840659827000 ended_ns=1790162840672855834 elapsed_us=13028 block_gets=0 block_puts=4 deleted=0
checkpoint_phase lsn=20312 phase=value_index_schedule slot=0 started_ns=1790162840672871000 ended_ns=1790162840673574583 elapsed_us=703 block_gets=0 block_puts=0 deleted=0
checkpoint_phase lsn=20312 phase=value_index_schedule slot=0 started_ns=1790162840673581000 ended_ns=1790162840673728958 elapsed_us=147 block_gets=0 block_puts=0 deleted=0
checkpoint_phase lsn=20312 phase=value_index_schedule slot=0 started_ns=1790162840673735000 ended_ns=1790162840673873500 elapsed_us=138 block_gets=0 block_puts=0 deleted=0
checkpoint_phase lsn=20312 phase=value_index_schedule slot=0 started_ns=1790162840673879000 ended_ns=1790162840674013708 elapsed_us=134 block_gets=0 block_puts=0 deleted=0
checkpoint_phase lsn=20312 phase=value_index_schedule slot=0 started_ns=1790162840674019000 ended_ns=1790162840678712250 elapsed_us=4693 block_gets=0 block_puts=1 deleted=0
checkpoint_phase lsn=20312 phase=value_index_schedule slot=0 started_ns=1790162840678723000 ended_ns=1790162840678863708 elapsed_us=140 block_gets=0 block_puts=0 deleted=0
checkpoint_phase lsn=20312 phase=value_index_schedule slot=0 started_ns=1790162840678870000 ended_ns=1790162840679007500 elapsed_us=137 block_gets=0 block_puts=0 deleted=0
checkpoint_phase lsn=20312 phase=value_index_schedule slot=0 started_ns=1790162840679014000 ended_ns=1790162840679151083 elapsed_us=137 block_gets=0 block_puts=0 deleted=0
checkpoint_phase lsn=20312 phase=value_index_schedule slot=0 started_ns=1790162840679156000 ended_ns=1790162840684156208 elapsed_us=5000 block_gets=0 block_puts=1 deleted=0
checkpoint_phase lsn=20312 phase=value_index_schedule slot=0 started_ns=1790162840684168000 ended_ns=1790162840684246208 elapsed_us=78 block_gets=0 block_puts=0 deleted=0
checkpoint_phase lsn=20312 phase=value_index_schedule slot=0 started_ns=1790162840684254000 ended_ns=1790162840684328417 elapsed_us=74 block_gets=0 block_puts=0 deleted=0
checkpoint_phase lsn=20312 phase=value_index_schedule slot=0 started_ns=1790162840684334000 ended_ns=1790162840684388917 elapsed_us=54 block_gets=0 block_puts=0 deleted=0
checkpoint_phase lsn=20312 phase=value_index_schedule slot=0 started_ns=1790162840684395000 ended_ns=1790162840698095791 elapsed_us=13700 block_gets=0 block_puts=4 deleted=0
checkpoint_phase lsn=20312 phase=value_index_schedule slot=0 started_ns=1790162840698117000 ended_ns=1790162840701045875 elapsed_us=2928 block_gets=0 block_puts=0 deleted=0
checkpoint_phase lsn=20312 phase=value_index_schedule slot=0 started_ns=1790162840701064000 ended_ns=1790162840703717375 elapsed_us=2653 block_gets=0 block_puts=0 deleted=0
checkpoint_phase lsn=20312 phase=value_index_schedule slot=0 started_ns=1790162840703737000 ended_ns=1790162840703766583 elapsed_us=29 block_gets=0 block_puts=0 deleted=0
checkpoint_phase lsn=20312 phase=value_index_schedule slot=0 started_ns=1790162840703773000 ended_ns=1790162840703795667 elapsed_us=22 block_gets=0 block_puts=0 deleted=0
checkpoint_phase lsn=20312 phase=value_index_schedule slot=0 started_ns=1790162840703808000 ended_ns=1790162840703830500 elapsed_us=22 block_gets=0 block_puts=0 deleted=0
checkpoint_phase lsn=20312 phase=value_index_schedule slot=0 started_ns=1790162840703856000 ended_ns=1790162840708950875 elapsed_us=5094 block_gets=0 block_puts=1 deleted=0
checkpoint_phase lsn=20312 phase=value_index_schedule slot=0 started_ns=1790162840708975000 ended_ns=1790162840709003708 elapsed_us=28 block_gets=0 block_puts=0 deleted=0
checkpoint_phase lsn=20312 phase=value_index_schedule slot=0 started_ns=1790162840709011000 ended_ns=1790162840724699209 elapsed_us=15688 block_gets=0 block_puts=4 deleted=0
checkpoint_phase lsn=20312 phase=value_index_schedule slot=0 started_ns=1790162840724717000 ended_ns=1790162840727681417 elapsed_us=2964 block_gets=0 block_puts=0 deleted=0
checkpoint_phase lsn=20312 phase=value_index_schedule slot=0 started_ns=1790162840727702000 ended_ns=1790162840730758750 elapsed_us=3056 block_gets=0 block_puts=0 deleted=0
checkpoint_phase lsn=20312 phase=value_index_schedule slot=0 started_ns=1790162840730779000 ended_ns=1790162840730810458 elapsed_us=31 block_gets=0 block_puts=0 deleted=0
checkpoint_phase lsn=20312 phase=value_index_schedule slot=0 started_ns=1790162840730817000 ended_ns=1790162840730839459 elapsed_us=22 block_gets=0 block_puts=0 deleted=0
checkpoint_phase lsn=20312 phase=value_index_schedule slot=0 started_ns=1790162840730845000 ended_ns=1790162840730866958 elapsed_us=21 block_gets=0 block_puts=0 deleted=0
checkpoint_phase lsn=20312 phase=value_index_schedule slot=0 started_ns=1790162840730873000 ended_ns=1790162840736855709 elapsed_us=5982 block_gets=0 block_puts=1 deleted=0
checkpoint_phase lsn=20312 phase=value_index_schedule slot=0 started_ns=1790162840736882000 ended_ns=1790162840736911625 elapsed_us=29 block_gets=0 block_puts=0 deleted=0
checkpoint_phase lsn=20312 phase=value_index_schedule slot=0 started_ns=1790162840736919000 ended_ns=1790162840751626958 elapsed_us=14707 block_gets=0 block_puts=4 deleted=0
checkpoint_phase lsn=20312 phase=value_index_schedule slot=0 started_ns=1790162840751643000 ended_ns=1790162840752332209 elapsed_us=689 block_gets=0 block_puts=0 deleted=0
checkpoint_phase lsn=20312 phase=value_index_schedule slot=0 started_ns=1790162840752343000 ended_ns=1790162840752479542 elapsed_us=136 block_gets=0 block_puts=0 deleted=0
checkpoint_phase lsn=20312 phase=value_index_schedule slot=0 started_ns=1790162840752485000 ended_ns=1790162840752614750 elapsed_us=129 block_gets=0 block_puts=0 deleted=0
checkpoint_phase lsn=20312 phase=value_index_schedule slot=0 started_ns=1790162840752623000 ended_ns=1790162840752748833 elapsed_us=125 block_gets=0 block_puts=0 deleted=0
checkpoint_phase lsn=20312 phase=value_index_schedule slot=0 started_ns=1790162840752754000 ended_ns=1790162840757587791 elapsed_us=4833 block_gets=0 block_puts=1 deleted=0
checkpoint_phase lsn=20312 phase=value_index_schedule slot=0 started_ns=1790162840757598000 ended_ns=1790162840757722208 elapsed_us=124 block_gets=0 block_puts=0 deleted=0
checkpoint_phase lsn=20312 phase=value_index_schedule slot=0 started_ns=1790162840757728000 ended_ns=1790162840757856292 elapsed_us=128 block_gets=0 block_puts=0 deleted=0
checkpoint_phase lsn=20312 phase=value_index_schedule slot=0 started_ns=1790162840757862000 ended_ns=1790162840757985750 elapsed_us=123 block_gets=0 block_puts=0 deleted=0
checkpoint_phase lsn=20312 phase=value_index_schedule slot=0 started_ns=1790162840757991000 ended_ns=1790162840762830250 elapsed_us=4839 block_gets=0 block_puts=1 deleted=0
checkpoint_phase lsn=20312 phase=value_index_schedule slot=0 started_ns=1790162840762850000 ended_ns=1790162840762936042 elapsed_us=86 block_gets=0 block_puts=0 deleted=0
checkpoint_phase lsn=20312 phase=value_index_schedule slot=0 started_ns=1790162840762944000 ended_ns=1790162840763026708 elapsed_us=82 block_gets=0 block_puts=0 deleted=0
checkpoint_phase lsn=20312 phase=value_index_schedule slot=0 started_ns=1790162840763036000 ended_ns=1790162840763096250 elapsed_us=60 block_gets=0 block_puts=0 deleted=0
checkpoint_phase lsn=20312 phase=value_index_schedule slot=0 started_ns=1790162840763113000 ended_ns=1790162840776861083 elapsed_us=13748 block_gets=0 block_puts=4 deleted=0
checkpoint_phase lsn=20312 phase=value_index_schedule slot=0 started_ns=1790162840776883000 ended_ns=1790162840777651750 elapsed_us=768 block_gets=0 block_puts=0 deleted=0
checkpoint_phase lsn=20312 phase=value_index_schedule slot=0 started_ns=1790162840777678000 ended_ns=1790162840777824958 elapsed_us=146 block_gets=0 block_puts=0 deleted=0
checkpoint_phase lsn=20312 phase=value_index_schedule slot=0 started_ns=1790162840777836000 ended_ns=1790162840777967333 elapsed_us=131 block_gets=0 block_puts=0 deleted=0
checkpoint_phase lsn=20312 phase=value_index_schedule slot=0 started_ns=1790162840777978000 ended_ns=1790162840778112167 elapsed_us=134 block_gets=0 block_puts=0 deleted=0
checkpoint_phase lsn=20312 phase=value_index_schedule slot=0 started_ns=1790162840778118000 ended_ns=1790162840782824834 elapsed_us=4706 block_gets=0 block_puts=1 deleted=0
checkpoint_phase lsn=20312 phase=value_index_schedule slot=0 started_ns=1790162840782843000 ended_ns=1790162840782984666 elapsed_us=141 block_gets=0 block_puts=0 deleted=0
checkpoint_phase lsn=20312 phase=value_index_schedule slot=0 started_ns=1790162840782991000 ended_ns=1790162840783127167 elapsed_us=136 block_gets=0 block_puts=0 deleted=0
checkpoint_phase lsn=20312 phase=value_index_schedule slot=0 started_ns=1790162840783136000 ended_ns=1790162840783268333 elapsed_us=132 block_gets=0 block_puts=0 deleted=0
checkpoint_phase lsn=20312 phase=value_index_schedule slot=0 started_ns=1790162840783277000 ended_ns=1790162840788149875 elapsed_us=4872 block_gets=0 block_puts=1 deleted=0
checkpoint_phase lsn=20312 phase=value_index_schedule slot=0 started_ns=1790162840788169000 ended_ns=1790162840788898084 elapsed_us=729 block_gets=0 block_puts=0 deleted=0
checkpoint_phase lsn=20312 phase=value_index_schedule slot=0 started_ns=1790162840788908000 ended_ns=1790162840789042417 elapsed_us=134 block_gets=0 block_puts=0 deleted=0
checkpoint_phase lsn=20312 phase=value_index_schedule slot=0 started_ns=1790162840789052000 ended_ns=1790162840789186167 elapsed_us=134 block_gets=0 block_puts=0 deleted=0
checkpoint_phase lsn=20312 phase=value_index_schedule slot=0 started_ns=1790162840789196000 ended_ns=1790162840793615958 elapsed_us=4419 block_gets=0 block_puts=1 deleted=0
checkpoint_phase lsn=20312 phase=value_index_schedule slot=0 started_ns=1790162840793635000 ended_ns=1790162840793680625 elapsed_us=45 block_gets=0 block_puts=0 deleted=0
checkpoint_phase lsn=20312 phase=value_index_schedule slot=0 started_ns=1790162840793687000 ended_ns=1790162840793836666 elapsed_us=149 block_gets=0 block_puts=0 deleted=0
checkpoint_phase lsn=20312 phase=value_index_schedule slot=0 started_ns=1790162840793845000 ended_ns=1790162840798970959 elapsed_us=5125 block_gets=0 block_puts=1 deleted=0
checkpoint_phase lsn=20312 phase=value_index_schedule slot=0 started_ns=1790162840798995000 ended_ns=1790162840799117208 elapsed_us=122 block_gets=0 block_puts=0 deleted=0
checkpoint_phase lsn=20312 phase=value_index_schedule slot=0 started_ns=1790162840799131000 ended_ns=1790162840799241459 elapsed_us=110 block_gets=0 block_puts=0 deleted=0
checkpoint_phase lsn=20312 phase=value_index_schedule slot=0 started_ns=1790162840799250000 ended_ns=1790162840799359667 elapsed_us=109 block_gets=0 block_puts=0 deleted=0
checkpoint_phase lsn=20312 phase=value_index_schedule slot=0 started_ns=1790162840799369000 ended_ns=1790162840804208209 elapsed_us=4839 block_gets=0 block_puts=1 deleted=0
checkpoint_phase lsn=20312 phase=value_index_schedule slot=0 started_ns=1790162840804229000 ended_ns=1790162840804344125 elapsed_us=115 block_gets=0 block_puts=0 deleted=0
checkpoint_phase lsn=20312 phase=value_index_schedule slot=0 started_ns=1790162840804354000 ended_ns=1790162840804459167 elapsed_us=105 block_gets=0 block_puts=0 deleted=0
checkpoint_phase lsn=20312 phase=value_index_schedule slot=0 started_ns=1790162840804469000 ended_ns=1790162840818187208 elapsed_us=13718 block_gets=0 block_puts=4 deleted=0
checkpoint_phase lsn=20312 phase=value_index_schedule slot=0 started_ns=1790162840818212000 ended_ns=1790162840821035708 elapsed_us=2823 block_gets=0 block_puts=0 deleted=0
checkpoint_phase lsn=20312 phase=value_index_schedule slot=0 started_ns=1790162840821056000 ended_ns=1790162840823704125 elapsed_us=2648 block_gets=0 block_puts=0 deleted=0
checkpoint_phase lsn=20312 phase=value_index_schedule slot=0 started_ns=1790162840823719000 ended_ns=1790162840823745417 elapsed_us=26 block_gets=0 block_puts=0 deleted=0
checkpoint_phase lsn=20312 phase=value_index_schedule slot=0 started_ns=1790162840823755000 ended_ns=1790162840823777041 elapsed_us=22 block_gets=0 block_puts=0 deleted=0
checkpoint_phase lsn=20312 phase=value_index_schedule slot=0 started_ns=1790162840823783000 ended_ns=1790162840823804833 elapsed_us=21 block_gets=0 block_puts=0 deleted=0
checkpoint_phase lsn=20312 phase=value_index_schedule slot=0 started_ns=1790162840823810000 ended_ns=1790162840828579375 elapsed_us=4769 block_gets=0 block_puts=1 deleted=0
checkpoint_phase lsn=20312 phase=value_index_schedule slot=0 started_ns=1790162840828588000 ended_ns=1790162840828612541 elapsed_us=24 block_gets=0 block_puts=0 deleted=0
checkpoint_phase lsn=20312 phase=value_index_schedule slot=0 started_ns=1790162840828618000 ended_ns=1790162840841233625 elapsed_us=12615 block_gets=0 block_puts=4 deleted=0
checkpoint_phase lsn=20312 phase=value_index_schedule slot=0 started_ns=1790162840841257000 ended_ns=1790162840844138500 elapsed_us=2881 block_gets=0 block_puts=0 deleted=0
checkpoint_phase lsn=20312 phase=value_index_schedule slot=0 started_ns=1790162840844148000 ended_ns=1790162840844592542 elapsed_us=444 block_gets=0 block_puts=0 deleted=0
checkpoint_phase lsn=20312 phase=value_index_schedule slot=0 started_ns=1790162840844600000 ended_ns=1790162840844625916 elapsed_us=25 block_gets=0 block_puts=0 deleted=0
checkpoint_phase lsn=20312 phase=value_index_schedule slot=0 started_ns=1790162840844635000 ended_ns=1790162840844657042 elapsed_us=22 block_gets=0 block_puts=0 deleted=0
checkpoint_phase lsn=20312 phase=value_index_schedule slot=0 started_ns=1790162840844662000 ended_ns=1790162840844684666 elapsed_us=22 block_gets=0 block_puts=0 deleted=0
checkpoint_phase lsn=20312 phase=value_index_schedule slot=0 started_ns=1790162840844690000 ended_ns=1790162840858334833 elapsed_us=13644 block_gets=0 block_puts=4 deleted=0
checkpoint_phase lsn=20312 phase=value_index_schedule slot=0 started_ns=1790162840858351000 ended_ns=1790162840858527042 elapsed_us=176 block_gets=0 block_puts=0 deleted=0
checkpoint_phase lsn=20312 phase=value_index_schedule slot=0 started_ns=1790162840858534000 ended_ns=1790162840858663666 elapsed_us=129 block_gets=0 block_puts=0 deleted=0
checkpoint_phase lsn=20312 phase=value_index_schedule slot=0 started_ns=1790162840858673000 ended_ns=1790162840858794084 elapsed_us=121 block_gets=0 block_puts=0 deleted=0
checkpoint_phase lsn=20312 phase=value_index_schedule slot=0 started_ns=1790162840858799000 ended_ns=1790162840858920834 elapsed_us=121 block_gets=0 block_puts=0 deleted=0
checkpoint_phase lsn=20312 phase=value_index_schedule slot=0 started_ns=1790162840858926000 ended_ns=1790162840863820083 elapsed_us=4894 block_gets=0 block_puts=1 deleted=0
checkpoint_phase lsn=20312 phase=value_index_schedule slot=0 started_ns=1790162840863836000 ended_ns=1790162840863956458 elapsed_us=120 block_gets=0 block_puts=0 deleted=0
checkpoint_phase lsn=20312 phase=value_index_schedule slot=0 started_ns=1790162840863965000 ended_ns=1790162840864080500 elapsed_us=115 block_gets=0 block_puts=0 deleted=0
checkpoint_phase lsn=20312 phase=value_index_schedule slot=0 started_ns=1790162840864086000 ended_ns=1790162840864232417 elapsed_us=146 block_gets=0 block_puts=0 deleted=0
checkpoint_phase lsn=20312 phase=value_index_schedule slot=0 started_ns=1790162840864240000 ended_ns=1790162840868948292 elapsed_us=4708 block_gets=0 block_puts=1 deleted=0
checkpoint_phase lsn=20312 phase=value_index_schedule slot=0 started_ns=1790162840868957000 ended_ns=1790162840869048625 elapsed_us=91 block_gets=0 block_puts=0 deleted=0
checkpoint_phase lsn=20312 phase=value_index_schedule slot=0 started_ns=1790162840869067000 ended_ns=1790162840881501916 elapsed_us=12434 block_gets=0 block_puts=4 deleted=0
checkpoint_phase lsn=20312 phase=value_index_schedule slot=0 started_ns=1790162840881519000 ended_ns=1790162840881519458 elapsed_us=0 block_gets=0 block_puts=0 deleted=0
checkpoint_phase lsn=20312 phase=value_index_schedule slot=0 started_ns=1790162840881524000 ended_ns=1790162840882206375 elapsed_us=682 block_gets=0 block_puts=0 deleted=0
checkpoint_phase lsn=20312 phase=value_index_schedule slot=0 started_ns=1790162840882214000 ended_ns=1790162840882355500 elapsed_us=141 block_gets=0 block_puts=0 deleted=0
checkpoint_phase lsn=20312 phase=value_index_schedule slot=0 started_ns=1790162840882361000 ended_ns=1790162840882492959 elapsed_us=131 block_gets=0 block_puts=0 deleted=0
checkpoint_phase lsn=20312 phase=value_index_schedule slot=0 started_ns=1790162840882498000 ended_ns=1790162840882630500 elapsed_us=132 block_gets=0 block_puts=0 deleted=0
checkpoint_phase lsn=20312 phase=value_index_schedule slot=0 started_ns=1790162840882639000 ended_ns=1790162840887232542 elapsed_us=4593 block_gets=0 block_puts=1 deleted=0
checkpoint_phase lsn=20312 phase=value_index_schedule slot=0 started_ns=1790162840887251000 ended_ns=1790162840887406417 elapsed_us=155 block_gets=0 block_puts=0 deleted=0
checkpoint_phase lsn=20312 phase=value_index_schedule slot=0 started_ns=1790162840887415000 ended_ns=1790162840888153375 elapsed_us=738 block_gets=0 block_puts=0 deleted=0
checkpoint_phase lsn=20312 phase=value_index_schedule slot=0 started_ns=1790162840888165000 ended_ns=1790162840888300917 elapsed_us=135 block_gets=0 block_puts=0 deleted=0
checkpoint_phase lsn=20312 phase=value_index_schedule slot=0 started_ns=1790162840888308000 ended_ns=1790162840893140209 elapsed_us=4832 block_gets=0 block_puts=1 deleted=0
checkpoint_phase lsn=20312 phase=value_index_schedule slot=0 started_ns=1790162840893153000 ended_ns=1790162840893280541 elapsed_us=127 block_gets=0 block_puts=0 deleted=0
checkpoint_phase lsn=20312 phase=value_index_schedule slot=0 started_ns=1790162840893287000 ended_ns=1790162840893414791 elapsed_us=127 block_gets=0 block_puts=0 deleted=0
checkpoint_phase lsn=20312 phase=value_index_schedule slot=0 started_ns=1790162840893419000 ended_ns=1790162840894137000 elapsed_us=718 block_gets=0 block_puts=0 deleted=0
checkpoint_phase lsn=20312 phase=value_index_schedule slot=0 started_ns=1790162840894145000 ended_ns=1790162840898894542 elapsed_us=4749 block_gets=0 block_puts=1 deleted=0
checkpoint_phase lsn=20312 phase=value_index_schedule slot=0 started_ns=1790162840898908000 ended_ns=1790162840899121417 elapsed_us=213 block_gets=0 block_puts=0 deleted=0
checkpoint_phase lsn=20312 phase=value_index_schedule slot=0 started_ns=1790162840899127000 ended_ns=1790162840899249250 elapsed_us=122 block_gets=0 block_puts=0 deleted=0
checkpoint_phase lsn=20312 phase=value_index_schedule slot=0 started_ns=1790162840899255000 ended_ns=1790162840904112208 elapsed_us=4857 block_gets=0 block_puts=1 deleted=0
checkpoint_phase lsn=20312 phase=value_index_schedule slot=0 started_ns=1790162840904124000 ended_ns=1790162840904803833 elapsed_us=679 block_gets=0 block_puts=0 deleted=0
checkpoint_phase lsn=20312 phase=value_index_schedule slot=0 started_ns=1790162840904810000 ended_ns=1790162840904935333 elapsed_us=125 block_gets=0 block_puts=0 deleted=0
checkpoint_phase lsn=20312 phase=value_index_schedule slot=0 started_ns=1790162840904941000 ended_ns=1790162840905065292 elapsed_us=124 block_gets=0 block_puts=0 deleted=0
checkpoint_phase lsn=20312 phase=value_index_schedule slot=0 started_ns=1790162840905070000 ended_ns=1790162840909509709 elapsed_us=4439 block_gets=0 block_puts=1 deleted=0
checkpoint_phase lsn=20312 phase=value_index_schedule slot=0 started_ns=1790162840909531000 ended_ns=1790162840909671208 elapsed_us=140 block_gets=0 block_puts=0 deleted=0
checkpoint_phase lsn=20312 phase=value_index_schedule slot=0 started_ns=1790162840909685000 ended_ns=1790162840910378458 elapsed_us=693 block_gets=0 block_puts=0 deleted=0
checkpoint_phase lsn=20312 phase=value_index_schedule slot=0 started_ns=1790162840910403000 ended_ns=1790162840910527750 elapsed_us=124 block_gets=0 block_puts=0 deleted=0
checkpoint_phase lsn=20312 phase=value_index_schedule slot=0 started_ns=1790162840910538000 ended_ns=1790162840915489042 elapsed_us=4951 block_gets=0 block_puts=1 deleted=0
checkpoint_phase lsn=20312 phase=value_index_schedule slot=0 started_ns=1790162840915510000 ended_ns=1790162840915641625 elapsed_us=131 block_gets=0 block_puts=0 deleted=0
checkpoint_phase lsn=20312 phase=value_index_schedule slot=0 started_ns=1790162840915653000 ended_ns=1790162840915804041 elapsed_us=151 block_gets=0 block_puts=0 deleted=0
checkpoint_phase lsn=20312 phase=value_index_schedule slot=0 started_ns=1790162840915814000 ended_ns=1790162840920745625 elapsed_us=4931 block_gets=0 block_puts=1 deleted=0
checkpoint_phase lsn=20312 phase=value_index_schedule slot=0 started_ns=1790162840920762000 ended_ns=1790162840921281167 elapsed_us=519 block_gets=0 block_puts=0 deleted=0
checkpoint_phase lsn=20312 phase=value_index_schedule slot=0 started_ns=1790162840921306000 ended_ns=1790162840921398875 elapsed_us=92 block_gets=0 block_puts=0 deleted=0
checkpoint_phase lsn=20312 phase=value_index_schedule slot=0 started_ns=1790162840921406000 ended_ns=1790162840921495042 elapsed_us=89 block_gets=0 block_puts=0 deleted=0
checkpoint_phase lsn=20312 phase=value_index_schedule slot=0 started_ns=1790162840921503000 ended_ns=1790162840921566833 elapsed_us=63 block_gets=0 block_puts=0 deleted=0
checkpoint_phase lsn=20312 phase=value_index_schedule slot=0 started_ns=1790162840921575000 ended_ns=1790162840936746625 elapsed_us=15171 block_gets=0 block_puts=4 deleted=0
checkpoint_phase lsn=20312 phase=value_index_schedule slot=0 started_ns=1790162840936763000 ended_ns=1790162840936763250 elapsed_us=0 block_gets=0 block_puts=0 deleted=0
checkpoint_phase lsn=20312 phase=value_index_write slot=0 started_ns=1790162840936770000 ended_ns=1790162840948484375 elapsed_us=11714 block_gets=0 block_puts=4 deleted=0
checkpoint_phase lsn=20312 phase=value_index_write slot=0 started_ns=1790162840948501000 ended_ns=1790162840961354209 elapsed_us=12853 block_gets=0 block_puts=4 deleted=0
checkpoint_phase lsn=20312 phase=value_index_write slot=0 started_ns=1790162840961371000 ended_ns=1790162840974974791 elapsed_us=13603 block_gets=0 block_puts=4 deleted=0
checkpoint_phase lsn=20312 phase=value_index_write slot=0 started_ns=1790162840974992000 ended_ns=1790162840987943791 elapsed_us=12951 block_gets=0 block_puts=4 deleted=0
checkpoint_phase lsn=20312 phase=value_index_write slot=0 started_ns=1790162840987958000 ended_ns=1790162841000506542 elapsed_us=12548 block_gets=0 block_puts=4 deleted=0
checkpoint_phase lsn=20312 phase=value_index_write slot=0 started_ns=1790162841000521000 ended_ns=1790162841012906000 elapsed_us=12385 block_gets=0 block_puts=4 deleted=0
checkpoint_phase lsn=20312 phase=value_index_write slot=0 started_ns=1790162841012921000 ended_ns=1790162841024873625 elapsed_us=11952 block_gets=0 block_puts=4 deleted=0
checkpoint_phase lsn=20312 phase=value_index_write slot=0 started_ns=1790162841024888000 ended_ns=1790162841037705708 elapsed_us=12817 block_gets=0 block_puts=4 deleted=0
checkpoint_phase lsn=20312 phase=value_index_write slot=0 started_ns=1790162841037722000 ended_ns=1790162841050136500 elapsed_us=12414 block_gets=0 block_puts=4 deleted=0
checkpoint_phase lsn=20312 phase=value_index_write slot=0 started_ns=1790162841050151000 ended_ns=1790162841062015458 elapsed_us=11864 block_gets=0 block_puts=4 deleted=0
checkpoint_phase lsn=20312 phase=value_index_write slot=0 started_ns=1790162841062031000 ended_ns=1790162841074027166 elapsed_us=11996 block_gets=0 block_puts=4 deleted=0
checkpoint_phase lsn=20312 phase=value_index_write slot=0 started_ns=1790162841074043000 ended_ns=1790162841086746333 elapsed_us=12703 block_gets=0 block_puts=4 deleted=0
checkpoint_phase lsn=20312 phase=value_index_write slot=0 started_ns=1790162841086760000 ended_ns=1790162841098942792 elapsed_us=12182 block_gets=0 block_puts=4 deleted=0
checkpoint_phase lsn=20312 phase=value_index_write slot=0 started_ns=1790162841098967000 ended_ns=1790162841110932375 elapsed_us=11965 block_gets=0 block_puts=4 deleted=0
checkpoint_phase lsn=20312 phase=value_index_write slot=0 started_ns=1790162841110951000 ended_ns=1790162841123920708 elapsed_us=12969 block_gets=0 block_puts=4 deleted=0
checkpoint_phase lsn=20312 phase=value_index_write slot=0 started_ns=1790162841123955000 ended_ns=1790162841137409666 elapsed_us=13454 block_gets=0 block_puts=4 deleted=0
checkpoint_phase lsn=20312 phase=value_index_write slot=0 started_ns=1790162841137429000 ended_ns=1790162841150588042 elapsed_us=13159 block_gets=0 block_puts=4 deleted=0
checkpoint_phase lsn=20312 phase=value_index_write slot=0 started_ns=1790162841150603000 ended_ns=1790162841162716375 elapsed_us=12113 block_gets=0 block_puts=4 deleted=0
checkpoint_phase lsn=20312 phase=value_index_write slot=0 started_ns=1790162841162733000 ended_ns=1790162841175229834 elapsed_us=12496 block_gets=0 block_puts=4 deleted=0
checkpoint_phase lsn=20312 phase=value_index_write slot=0 started_ns=1790162841175250000 ended_ns=1790162841188291000 elapsed_us=13041 block_gets=0 block_puts=4 deleted=0
checkpoint_phase lsn=20312 phase=value_index_write slot=0 started_ns=1790162841188312000 ended_ns=1790162841202392625 elapsed_us=14080 block_gets=0 block_puts=4 deleted=0
checkpoint_phase lsn=20312 phase=value_index_write slot=0 started_ns=1790162841202411000 ended_ns=1790162841215357833 elapsed_us=12946 block_gets=0 block_puts=4 deleted=0
checkpoint_phase lsn=20312 phase=value_index_write slot=0 started_ns=1790162841215376000 ended_ns=1790162841228330500 elapsed_us=12954 block_gets=0 block_puts=4 deleted=0
checkpoint_phase lsn=20312 phase=value_index_write slot=0 started_ns=1790162841228347000 ended_ns=1790162841240870083 elapsed_us=12523 block_gets=0 block_puts=4 deleted=0
checkpoint_phase lsn=20312 phase=value_index_write slot=0 started_ns=1790162841240887000 ended_ns=1790162841253185500 elapsed_us=12298 block_gets=0 block_puts=4 deleted=0
checkpoint_phase lsn=20312 phase=value_index_write slot=0 started_ns=1790162841253201000 ended_ns=1790162841265468459 elapsed_us=12267 block_gets=0 block_puts=4 deleted=0
checkpoint_phase lsn=20312 phase=value_index_write slot=0 started_ns=1790162841265486000 ended_ns=1790162841278234417 elapsed_us=12748 block_gets=0 block_puts=4 deleted=0
checkpoint_phase lsn=20312 phase=value_index_write slot=0 started_ns=1790162841278250000 ended_ns=1790162841290368959 elapsed_us=12118 block_gets=0 block_puts=4 deleted=0
checkpoint_phase lsn=20312 phase=value_index_write slot=0 started_ns=1790162841290386000 ended_ns=1790162841302788042 elapsed_us=12402 block_gets=0 block_puts=4 deleted=0
checkpoint_phase lsn=20312 phase=value_index_write slot=0 started_ns=1790162841302802000 ended_ns=1790162841314907792 elapsed_us=12105 block_gets=0 block_puts=4 deleted=0
checkpoint_phase lsn=20312 phase=value_index_write slot=0 started_ns=1790162841314921000 ended_ns=1790162841328206583 elapsed_us=13285 block_gets=0 block_puts=4 deleted=0
checkpoint_phase lsn=20312 phase=value_index_write slot=0 started_ns=1790162841328221000 ended_ns=1790162841340881750 elapsed_us=12660 block_gets=0 block_puts=4 deleted=0
checkpoint_phase lsn=20312 phase=value_index_write slot=0 started_ns=1790162841340898000 ended_ns=1790162841355594583 elapsed_us=14696 block_gets=0 block_puts=5 deleted=0
checkpoint_phase lsn=20312 phase=value_index_write slot=0 started_ns=1790162841355609000 ended_ns=1790162841368296459 elapsed_us=12687 block_gets=0 block_puts=4 deleted=0
checkpoint_phase lsn=20312 phase=value_index_write slot=0 started_ns=1790162841368315000 ended_ns=1790162841383749917 elapsed_us=15434 block_gets=0 block_puts=5 deleted=0
checkpoint_phase lsn=20312 phase=value_index_schedule slot=0 started_ns=1790162841383771000 ended_ns=1790162841383774458 elapsed_us=3 block_gets=0 block_puts=0 deleted=0
checkpoint_phase lsn=20312 phase=value_index_schedule slot=0 started_ns=1790162841383781000 ended_ns=1790162841384649583 elapsed_us=868 block_gets=0 block_puts=0 deleted=0
checkpoint_phase lsn=20312 phase=value_index_schedule slot=0 started_ns=1790162841384667000 ended_ns=1790162841407091041 elapsed_us=22424 block_gets=8 block_puts=0 deleted=0
checkpoint_phase lsn=20312 phase=value_index_schedule slot=0 started_ns=1790162841407114000 ended_ns=1790162841428375042 elapsed_us=21261 block_gets=8 block_puts=0 deleted=0
checkpoint_phase lsn=20312 phase=value_index_schedule slot=0 started_ns=1790162841428394000 ended_ns=1790162841437068500 elapsed_us=8674 block_gets=3 block_puts=0 deleted=0
checkpoint_phase lsn=20312 phase=value_index_schedule slot=0 started_ns=1790162841437093000 ended_ns=1790162841437121208 elapsed_us=28 block_gets=0 block_puts=0 deleted=0
checkpoint_phase lsn=20312 phase=value_index_schedule slot=0 started_ns=1790162841437132000 ended_ns=1790162841437155125 elapsed_us=23 block_gets=0 block_puts=0 deleted=0
checkpoint_phase lsn=20312 phase=value_index_schedule slot=0 started_ns=1790162841437162000 ended_ns=1790162841437184500 elapsed_us=22 block_gets=0 block_puts=0 deleted=0
checkpoint_phase lsn=20312 phase=value_index_schedule slot=0 started_ns=1790162841437190000 ended_ns=1790162841441430917 elapsed_us=4240 block_gets=0 block_puts=1 deleted=0
checkpoint_phase lsn=20312 phase=value_index_schedule slot=0 started_ns=1790162841441445000 ended_ns=1790162841441478375 elapsed_us=33 block_gets=0 block_puts=0 deleted=0
checkpoint_phase lsn=20312 phase=value_index_schedule slot=0 started_ns=1790162841441486000 ended_ns=1790162841452953250 elapsed_us=11467 block_gets=0 block_puts=4 deleted=0
checkpoint_phase lsn=20312 phase=value_index_schedule slot=0 started_ns=1790162841452967000 ended_ns=1790162841476886625 elapsed_us=23919 block_gets=8 block_puts=0 deleted=0
checkpoint_phase lsn=20312 phase=value_index_schedule slot=0 started_ns=1790162841476903000 ended_ns=1790162841500216958 elapsed_us=23313 block_gets=8 block_puts=0 deleted=0
checkpoint_phase lsn=20312 phase=value_index_schedule slot=0 started_ns=1790162841500235000 ended_ns=1790162841525930583 elapsed_us=25695 block_gets=8 block_puts=0 deleted=0
checkpoint_phase lsn=20312 phase=value_index_schedule slot=0 started_ns=1790162841525958000 ended_ns=1790162841549923125 elapsed_us=23965 block_gets=8 block_puts=0 deleted=0
checkpoint_phase lsn=20312 phase=value_index_schedule slot=0 started_ns=1790162841549941000 ended_ns=1790162841574540625 elapsed_us=24599 block_gets=8 block_puts=0 deleted=0
checkpoint_phase lsn=20312 phase=value_index_schedule slot=0 started_ns=1790162841574563000 ended_ns=1790162841597623708 elapsed_us=23060 block_gets=8 block_puts=0 deleted=0
checkpoint_phase lsn=20312 phase=value_index_schedule slot=0 started_ns=1790162841597642000 ended_ns=1790162841620910917 elapsed_us=23268 block_gets=8 block_puts=0 deleted=0
checkpoint_phase lsn=20312 phase=value_index_schedule slot=0 started_ns=1790162841620937000 ended_ns=1790162841644041167 elapsed_us=23104 block_gets=8 block_puts=0 deleted=0
checkpoint_phase lsn=20312 phase=value_index_schedule slot=0 started_ns=1790162841644059000 ended_ns=1790162841666868542 elapsed_us=22809 block_gets=8 block_puts=0 deleted=0
checkpoint_phase lsn=20312 phase=value_index_schedule slot=0 started_ns=1790162841666887000 ended_ns=1790162841689155709 elapsed_us=22268 block_gets=8 block_puts=0 deleted=0
checkpoint_phase lsn=20312 phase=value_index_schedule slot=0 started_ns=1790162841689173000 ended_ns=1790162841711874167 elapsed_us=22701 block_gets=8 block_puts=0 deleted=0
checkpoint_phase lsn=20312 phase=value_index_schedule slot=0 started_ns=1790162841711893000 ended_ns=1790162841733406875 elapsed_us=21513 block_gets=7 block_puts=0 deleted=0
checkpoint_phase lsn=20312 phase=value_index_schedule slot=0 started_ns=1790162841733427000 ended_ns=1790162841733455208 elapsed_us=28 block_gets=0 block_puts=0 deleted=0
checkpoint_phase lsn=20312 phase=value_index_schedule slot=0 started_ns=1790162841733466000 ended_ns=1790162841733488583 elapsed_us=22 block_gets=0 block_puts=0 deleted=0
checkpoint_phase lsn=20312 phase=value_index_schedule slot=0 started_ns=1790162841733521000 ended_ns=1790162841733544250 elapsed_us=23 block_gets=0 block_puts=0 deleted=0
checkpoint_phase lsn=20312 phase=value_index_schedule slot=0 started_ns=1790162841733553000 ended_ns=1790162841738153500 elapsed_us=4600 block_gets=0 block_puts=1 deleted=0
checkpoint_phase lsn=20312 phase=value_index_schedule slot=0 started_ns=1790162841738172000 ended_ns=1790162841738208959 elapsed_us=36 block_gets=0 block_puts=0 deleted=0
checkpoint_phase lsn=20312 phase=value_index_schedule slot=0 started_ns=1790162841738217000 ended_ns=1790162841749317459 elapsed_us=11100 block_gets=0 block_puts=4 deleted=0
checkpoint_phase lsn=20312 phase=value_index_schedule slot=0 started_ns=1790162841749334000 ended_ns=1790162841749976750 elapsed_us=642 block_gets=0 block_puts=0 deleted=0
checkpoint_phase lsn=20312 phase=value_index_schedule slot=0 started_ns=1790162841750002000 ended_ns=1790162841750166333 elapsed_us=164 block_gets=0 block_puts=0 deleted=0
checkpoint_phase lsn=20312 phase=value_index_schedule slot=0 started_ns=1790162841750198000 ended_ns=1790162841750353042 elapsed_us=155 block_gets=0 block_puts=0 deleted=0
checkpoint_phase lsn=20312 phase=value_index_schedule slot=0 started_ns=1790162841750365000 ended_ns=1790162841750515709 elapsed_us=150 block_gets=0 block_puts=0 deleted=0
checkpoint_phase lsn=20312 phase=value_index_schedule slot=0 started_ns=1790162841750526000 ended_ns=1790162841943372625 elapsed_us=192846 block_gets=0 block_puts=1 deleted=0
checkpoint_phase lsn=20312 phase=value_index_schedule slot=0 started_ns=1790162841943397000 ended_ns=1790162841943564833 elapsed_us=167 block_gets=0 block_puts=0 deleted=0
checkpoint_phase lsn=20312 phase=value_index_schedule slot=0 started_ns=1790162841943576000 ended_ns=1790162841943754000 elapsed_us=178 block_gets=0 block_puts=0 deleted=0
checkpoint_phase lsn=20312 phase=value_index_schedule slot=0 started_ns=1790162841943764000 ended_ns=1790162841943921625 elapsed_us=157 block_gets=0 block_puts=0 deleted=0
checkpoint_phase lsn=20312 phase=value_index_schedule slot=0 started_ns=1790162841943928000 ended_ns=1790162841948956000 elapsed_us=5028 block_gets=0 block_puts=1 deleted=0
checkpoint_phase lsn=20312 phase=value_index_schedule slot=0 started_ns=1790162841948972000 ended_ns=1790162841949056792 elapsed_us=84 block_gets=0 block_puts=0 deleted=0
checkpoint_phase lsn=20312 phase=value_index_schedule slot=0 started_ns=1790162841949064000 ended_ns=1790162841949146916 elapsed_us=82 block_gets=0 block_puts=0 deleted=0
checkpoint_phase lsn=20312 phase=value_index_schedule slot=0 started_ns=1790162841949154000 ended_ns=1790162841949215875 elapsed_us=61 block_gets=0 block_puts=0 deleted=0
checkpoint_phase lsn=20312 phase=value_index_schedule slot=0 started_ns=1790162841949222000 ended_ns=1790162841962098958 elapsed_us=12876 block_gets=0 block_puts=4 deleted=0
checkpoint_phase lsn=20312 phase=value_index_schedule slot=0 started_ns=1790162841962118000 ended_ns=1790162841965031625 elapsed_us=2913 block_gets=0 block_puts=0 deleted=0
checkpoint_phase lsn=20312 phase=value_index_schedule slot=0 started_ns=1790162841965051000 ended_ns=1790162841967649916 elapsed_us=2598 block_gets=0 block_puts=0 deleted=0
checkpoint_phase lsn=20312 phase=value_index_schedule slot=0 started_ns=1790162841967660000 ended_ns=1790162841967686791 elapsed_us=26 block_gets=0 block_puts=0 deleted=0
checkpoint_phase lsn=20312 phase=value_index_schedule slot=0 started_ns=1790162841967696000 ended_ns=1790162841967717750 elapsed_us=21 block_gets=0 block_puts=0 deleted=0
checkpoint_phase lsn=20312 phase=value_index_schedule slot=0 started_ns=1790162841967725000 ended_ns=1790162841967746666 elapsed_us=21 block_gets=0 block_puts=0 deleted=0
checkpoint_phase lsn=20312 phase=value_index_schedule slot=0 started_ns=1790162841967752000 ended_ns=1790162841972125708 elapsed_us=4373 block_gets=0 block_puts=1 deleted=0
checkpoint_phase lsn=20312 phase=value_index_schedule slot=0 started_ns=1790162841972142000 ended_ns=1790162841972168500 elapsed_us=26 block_gets=0 block_puts=0 deleted=0
checkpoint_phase lsn=20312 phase=value_index_schedule slot=0 started_ns=1790162841972188000 ended_ns=1790162841984238709 elapsed_us=12050 block_gets=0 block_puts=4 deleted=0
checkpoint_phase lsn=20312 phase=value_index_schedule slot=0 started_ns=1790162841984258000 ended_ns=1790162841987236458 elapsed_us=2978 block_gets=0 block_puts=0 deleted=0
checkpoint_phase lsn=20312 phase=value_index_schedule slot=0 started_ns=1790162841987262000 ended_ns=1790162841989843708 elapsed_us=2581 block_gets=0 block_puts=0 deleted=0
checkpoint_phase lsn=20312 phase=value_index_schedule slot=0 started_ns=1790162841989856000 ended_ns=1790162841989882834 elapsed_us=26 block_gets=0 block_puts=0 deleted=0
checkpoint_phase lsn=20312 phase=value_index_schedule slot=0 started_ns=1790162841989889000 ended_ns=1790162841989911125 elapsed_us=22 block_gets=0 block_puts=0 deleted=0
checkpoint_phase lsn=20312 phase=value_index_schedule slot=0 started_ns=1790162841989917000 ended_ns=1790162841989939125 elapsed_us=22 block_gets=0 block_puts=0 deleted=0
checkpoint_phase lsn=20312 phase=value_index_schedule slot=0 started_ns=1790162841989945000 ended_ns=1790162841994426125 elapsed_us=4481 block_gets=0 block_puts=1 deleted=0
checkpoint_phase lsn=20312 phase=value_index_schedule slot=0 started_ns=1790162841994440000 ended_ns=1790162841994464500 elapsed_us=24 block_gets=0 block_puts=0 deleted=0
checkpoint_phase lsn=20312 phase=value_index_schedule slot=0 started_ns=1790162841994471000 ended_ns=1790162842006328125 elapsed_us=11857 block_gets=0 block_puts=4 deleted=0
checkpoint_phase lsn=20312 phase=value_index_schedule slot=0 started_ns=1790162842006346000 ended_ns=1790162842006915208 elapsed_us=569 block_gets=0 block_puts=0 deleted=0
checkpoint_phase lsn=20312 phase=value_index_schedule slot=0 started_ns=1790162842006923000 ended_ns=1790162842007071958 elapsed_us=148 block_gets=0 block_puts=0 deleted=0
checkpoint_phase lsn=20312 phase=value_index_schedule slot=0 started_ns=1790162842007078000 ended_ns=1790162842007215708 elapsed_us=137 block_gets=0 block_puts=0 deleted=0
checkpoint_phase lsn=20312 phase=value_index_schedule slot=0 started_ns=1790162842007223000 ended_ns=1790162842007361375 elapsed_us=138 block_gets=0 block_puts=0 deleted=0
checkpoint_phase lsn=20312 phase=value_index_schedule slot=0 started_ns=1790162842007370000 ended_ns=1790162842011513417 elapsed_us=4143 block_gets=0 block_puts=1 deleted=0
checkpoint_phase lsn=20312 phase=value_index_schedule slot=0 started_ns=1790162842011527000 ended_ns=1790162842011666417 elapsed_us=139 block_gets=0 block_puts=0 deleted=0
checkpoint_phase lsn=20312 phase=value_index_schedule slot=0 started_ns=1790162842011674000 ended_ns=1790162842011810625 elapsed_us=136 block_gets=0 block_puts=0 deleted=0
checkpoint_phase lsn=20312 phase=value_index_schedule slot=0 started_ns=1790162842011817000 ended_ns=1790162842011952583 elapsed_us=135 block_gets=0 block_puts=0 deleted=0
checkpoint_phase lsn=20312 phase=value_index_schedule slot=0 started_ns=1790162842011959000 ended_ns=1790162842016874209 elapsed_us=4915 block_gets=0 block_puts=1 deleted=0
checkpoint_phase lsn=20312 phase=value_index_schedule slot=0 started_ns=1790162842016891000 ended_ns=1790162842016985333 elapsed_us=94 block_gets=0 block_puts=0 deleted=0
checkpoint_phase lsn=20312 phase=value_index_schedule slot=0 started_ns=1790162842016991000 ended_ns=1790162842017084292 elapsed_us=93 block_gets=0 block_puts=0 deleted=0
checkpoint_phase lsn=20312 phase=value_index_schedule slot=0 started_ns=1790162842017091000 ended_ns=1790162842017161292 elapsed_us=70 block_gets=0 block_puts=0 deleted=0
checkpoint_phase lsn=20312 phase=value_index_schedule slot=0 started_ns=1790162842017167000 ended_ns=1790162842029489875 elapsed_us=12322 block_gets=0 block_puts=4 deleted=0
checkpoint_phase lsn=20312 phase=value_index_schedule slot=0 started_ns=1790162842029507000 ended_ns=1790162842030056750 elapsed_us=549 block_gets=0 block_puts=0 deleted=0
checkpoint_phase lsn=20312 phase=value_index_schedule slot=0 started_ns=1790162842030069000 ended_ns=1790162842030226167 elapsed_us=157 block_gets=0 block_puts=0 deleted=0
checkpoint_phase lsn=20312 phase=value_index_schedule slot=0 started_ns=1790162842030246000 ended_ns=1790162842030393750 elapsed_us=147 block_gets=0 block_puts=0 deleted=0
checkpoint_phase lsn=20312 phase=value_index_schedule slot=0 started_ns=1790162842030402000 ended_ns=1790162842030549500 elapsed_us=147 block_gets=0 block_puts=0 deleted=0
checkpoint_phase lsn=20312 phase=value_index_schedule slot=0 started_ns=1790162842030563000 ended_ns=1790162842034395542 elapsed_us=3832 block_gets=0 block_puts=1 deleted=0
checkpoint_phase lsn=20312 phase=value_index_schedule slot=0 started_ns=1790162842034414000 ended_ns=1790162842034570750 elapsed_us=156 block_gets=0 block_puts=0 deleted=0
checkpoint_phase lsn=20312 phase=value_index_schedule slot=0 started_ns=1790162842034581000 ended_ns=1790162842034734834 elapsed_us=153 block_gets=0 block_puts=0 deleted=0
checkpoint_phase lsn=20312 phase=value_index_schedule slot=0 started_ns=1790162842034741000 ended_ns=1790162842034891708 elapsed_us=150 block_gets=0 block_puts=0 deleted=0
checkpoint_phase lsn=20312 phase=value_index_schedule slot=0 started_ns=1790162842034901000 ended_ns=1790162842039162042 elapsed_us=4261 block_gets=0 block_puts=1 deleted=0
checkpoint_phase lsn=20312 phase=value_index_schedule slot=0 started_ns=1790162842039178000 ended_ns=1790162842039867958 elapsed_us=689 block_gets=0 block_puts=0 deleted=0
checkpoint_phase lsn=20312 phase=value_index_schedule slot=0 started_ns=1790162842039879000 ended_ns=1790162842040009917 elapsed_us=130 block_gets=0 block_puts=0 deleted=0
checkpoint_phase lsn=20312 phase=value_index_schedule slot=0 started_ns=1790162842040021000 ended_ns=1790162842040152208 elapsed_us=131 block_gets=0 block_puts=0 deleted=0
checkpoint_phase lsn=20312 phase=value_index_schedule slot=0 started_ns=1790162842040161000 ended_ns=1790162842044463042 elapsed_us=4302 block_gets=0 block_puts=1 deleted=0
checkpoint_phase lsn=20312 phase=value_index_schedule slot=0 started_ns=1790162842044480000 ended_ns=1790162842044524667 elapsed_us=44 block_gets=0 block_puts=0 deleted=0
checkpoint_phase lsn=20312 phase=value_index_schedule slot=0 started_ns=1790162842044531000 ended_ns=1790162842044670666 elapsed_us=139 block_gets=0 block_puts=0 deleted=0
checkpoint_phase lsn=20312 phase=value_index_schedule slot=0 started_ns=1790162842044680000 ended_ns=1790162842049571792 elapsed_us=4891 block_gets=0 block_puts=1 deleted=0
checkpoint_phase lsn=20312 phase=value_index_schedule slot=0 started_ns=1790162842049589000 ended_ns=1790162842049715709 elapsed_us=126 block_gets=0 block_puts=0 deleted=0
checkpoint_phase lsn=20312 phase=value_index_schedule slot=0 started_ns=1790162842049727000 ended_ns=1790162842049846792 elapsed_us=119 block_gets=0 block_puts=0 deleted=0
checkpoint_phase lsn=20312 phase=value_index_schedule slot=0 started_ns=1790162842049856000 ended_ns=1790162842049976834 elapsed_us=120 block_gets=0 block_puts=0 deleted=0
checkpoint_phase lsn=20312 phase=value_index_schedule slot=0 started_ns=1790162842049986000 ended_ns=1790162842054434541 elapsed_us=4448 block_gets=0 block_puts=1 deleted=0
checkpoint_phase lsn=20312 phase=value_index_schedule slot=0 started_ns=1790162842054453000 ended_ns=1790162842054578042 elapsed_us=125 block_gets=0 block_puts=0 deleted=0
checkpoint_phase lsn=20312 phase=value_index_schedule slot=0 started_ns=1790162842054588000 ended_ns=1790162842054706208 elapsed_us=118 block_gets=0 block_puts=0 deleted=0
checkpoint_phase lsn=20312 phase=value_index_schedule slot=0 started_ns=1790162842054715000 ended_ns=1790162842069176584 elapsed_us=14461 block_gets=0 block_puts=4 deleted=0
checkpoint_phase lsn=20312 phase=value_index_schedule slot=0 started_ns=1790162842069196000 ended_ns=1790162842072077916 elapsed_us=2881 block_gets=0 block_puts=0 deleted=0
checkpoint_phase lsn=20312 phase=value_index_schedule slot=0 started_ns=1790162842072103000 ended_ns=1790162842074732750 elapsed_us=2629 block_gets=0 block_puts=0 deleted=0
checkpoint_phase lsn=20312 phase=value_index_schedule slot=0 started_ns=1790162842074748000 ended_ns=1790162842074777708 elapsed_us=29 block_gets=0 block_puts=0 deleted=0
checkpoint_phase lsn=20312 phase=value_index_schedule slot=0 started_ns=1790162842074805000 ended_ns=1790162842074827833 elapsed_us=22 block_gets=0 block_puts=0 deleted=0
checkpoint_phase lsn=20312 phase=value_index_schedule slot=0 started_ns=1790162842074834000 ended_ns=1790162842074856542 elapsed_us=22 block_gets=0 block_puts=0 deleted=0
checkpoint_phase lsn=20312 phase=value_index_schedule slot=0 started_ns=1790162842074863000 ended_ns=1790162842079665542 elapsed_us=4802 block_gets=0 block_puts=1 deleted=0
checkpoint_phase lsn=20312 phase=value_index_schedule slot=0 started_ns=1790162842079687000 ended_ns=1790162842079715083 elapsed_us=28 block_gets=0 block_puts=0 deleted=0
checkpoint_phase lsn=20312 phase=value_index_schedule slot=0 started_ns=1790162842079725000 ended_ns=1790162842093495417 elapsed_us=13770 block_gets=0 block_puts=4 deleted=0
checkpoint_phase lsn=20312 phase=value_index_schedule slot=0 started_ns=1790162842093515000 ended_ns=1790162842096420500 elapsed_us=2905 block_gets=0 block_puts=0 deleted=0
checkpoint_phase lsn=20312 phase=value_index_schedule slot=0 started_ns=1790162842096437000 ended_ns=1790162842096897959 elapsed_us=460 block_gets=0 block_puts=0 deleted=0
checkpoint_phase lsn=20312 phase=value_index_schedule slot=0 started_ns=1790162842096908000 ended_ns=1790162842096935417 elapsed_us=27 block_gets=0 block_puts=0 deleted=0
checkpoint_phase lsn=20312 phase=value_index_schedule slot=0 started_ns=1790162842096941000 ended_ns=1790162842096963625 elapsed_us=22 block_gets=0 block_puts=0 deleted=0
checkpoint_phase lsn=20312 phase=value_index_schedule slot=0 started_ns=1790162842096970000 ended_ns=1790162842096992125 elapsed_us=22 block_gets=0 block_puts=0 deleted=0
checkpoint_phase lsn=20312 phase=value_index_schedule slot=0 started_ns=1790162842096998000 ended_ns=1790162842110278542 elapsed_us=13280 block_gets=0 block_puts=4 deleted=0
checkpoint_phase lsn=20312 phase=value_index_schedule slot=0 started_ns=1790162842110297000 ended_ns=1790162842110501375 elapsed_us=204 block_gets=0 block_puts=0 deleted=0
checkpoint_phase lsn=20312 phase=value_index_schedule slot=0 started_ns=1790162842110509000 ended_ns=1790162842110659333 elapsed_us=150 block_gets=0 block_puts=0 deleted=0
checkpoint_phase lsn=20312 phase=value_index_schedule slot=0 started_ns=1790162842110667000 ended_ns=1790162842110802167 elapsed_us=135 block_gets=0 block_puts=0 deleted=0
checkpoint_phase lsn=20312 phase=value_index_schedule slot=0 started_ns=1790162842110808000 ended_ns=1790162842110941958 elapsed_us=133 block_gets=0 block_puts=0 deleted=0
checkpoint_phase lsn=20312 phase=value_index_schedule slot=0 started_ns=1790162842110948000 ended_ns=1790162842115661041 elapsed_us=4713 block_gets=0 block_puts=1 deleted=0
checkpoint_phase lsn=20312 phase=value_index_schedule slot=0 started_ns=1790162842115678000 ended_ns=1790162842115817625 elapsed_us=139 block_gets=0 block_puts=0 deleted=0
checkpoint_phase lsn=20312 phase=value_index_schedule slot=0 started_ns=1790162842115825000 ended_ns=1790162842116000292 elapsed_us=175 block_gets=0 block_puts=0 deleted=0
checkpoint_phase lsn=20312 phase=value_index_schedule slot=0 started_ns=1790162842116006000 ended_ns=1790162842116138334 elapsed_us=132 block_gets=0 block_puts=0 deleted=0
checkpoint_phase lsn=20312 phase=value_index_schedule slot=0 started_ns=1790162842116144000 ended_ns=1790162842120526334 elapsed_us=4382 block_gets=0 block_puts=1 deleted=0
checkpoint_phase lsn=20312 phase=value_index_schedule slot=0 started_ns=1790162842120542000 ended_ns=1790162842120659542 elapsed_us=117 block_gets=0 block_puts=0 deleted=0
checkpoint_phase lsn=20312 phase=value_index_schedule slot=0 started_ns=1790162842120666000 ended_ns=1790162842132483083 elapsed_us=11817 block_gets=0 block_puts=4 deleted=0
checkpoint_phase lsn=20312 phase=value_index_schedule slot=0 started_ns=1790162842132501000 ended_ns=1790162842132501417 elapsed_us=0 block_gets=0 block_puts=0 deleted=0
checkpoint_phase lsn=20312 phase=value_index_schedule slot=0 started_ns=1790162842132517000 ended_ns=1790162842133039041 elapsed_us=522 block_gets=0 block_puts=0 deleted=0
checkpoint_phase lsn=20312 phase=value_index_schedule slot=0 started_ns=1790162842133046000 ended_ns=1790162842133239291 elapsed_us=193 block_gets=0 block_puts=0 deleted=0
checkpoint_phase lsn=20312 phase=value_index_schedule slot=0 started_ns=1790162842133246000 ended_ns=1790162842133423833 elapsed_us=177 block_gets=0 block_puts=0 deleted=0
checkpoint_phase lsn=20312 phase=value_index_schedule slot=0 started_ns=1790162842133430000 ended_ns=1790162842133604625 elapsed_us=174 block_gets=0 block_puts=0 deleted=0
checkpoint_phase lsn=20312 phase=value_index_schedule slot=0 started_ns=1790162842133610000 ended_ns=1790162842138267667 elapsed_us=4657 block_gets=0 block_puts=1 deleted=0
checkpoint_phase lsn=20312 phase=value_index_schedule slot=0 started_ns=1790162842138287000 ended_ns=1790162842138463833 elapsed_us=176 block_gets=0 block_puts=0 deleted=0
checkpoint_phase lsn=20312 phase=value_index_schedule slot=0 started_ns=1790162842138474000 ended_ns=1790162842139123792 elapsed_us=649 block_gets=0 block_puts=0 deleted=0
checkpoint_phase lsn=20312 phase=value_index_schedule slot=0 started_ns=1790162842139147000 ended_ns=1790162842139312250 elapsed_us=165 block_gets=0 block_puts=0 deleted=0
checkpoint_phase lsn=20312 phase=value_index_schedule slot=0 started_ns=1790162842139323000 ended_ns=1790162842143770750 elapsed_us=4447 block_gets=0 block_puts=1 deleted=0
checkpoint_phase lsn=20312 phase=value_index_schedule slot=0 started_ns=1790162842143788000 ended_ns=1790162842143972667 elapsed_us=184 block_gets=0 block_puts=0 deleted=0
checkpoint_phase lsn=20312 phase=value_index_schedule slot=0 started_ns=1790162842143996000 ended_ns=1790162842144160333 elapsed_us=164 block_gets=0 block_puts=0 deleted=0
checkpoint_phase lsn=20312 phase=value_index_schedule slot=0 started_ns=1790162842144171000 ended_ns=1790162842144899250 elapsed_us=728 block_gets=0 block_puts=0 deleted=0
checkpoint_phase lsn=20312 phase=value_index_schedule slot=0 started_ns=1790162842144908000 ended_ns=1790162842149519709 elapsed_us=4611 block_gets=0 block_puts=1 deleted=0
checkpoint_phase lsn=20312 phase=value_index_schedule slot=0 started_ns=1790162842149537000 ended_ns=1790162842149776333 elapsed_us=239 block_gets=0 block_puts=0 deleted=0
checkpoint_phase lsn=20312 phase=value_index_schedule slot=0 started_ns=1790162842149786000 ended_ns=1790162842149914500 elapsed_us=128 block_gets=0 block_puts=0 deleted=0
checkpoint_phase lsn=20312 phase=value_index_schedule slot=0 started_ns=1790162842149921000 ended_ns=1790162842154798291 elapsed_us=4877 block_gets=0 block_puts=1 deleted=0
checkpoint_phase lsn=20312 phase=value_index_schedule slot=0 started_ns=1790162842154818000 ended_ns=1790162842155473583 elapsed_us=655 block_gets=0 block_puts=0 deleted=0
checkpoint_phase lsn=20312 phase=value_index_schedule slot=0 started_ns=1790162842155484000 ended_ns=1790162842155617333 elapsed_us=133 block_gets=0 block_puts=0 deleted=0
checkpoint_phase lsn=20312 phase=value_index_schedule slot=0 started_ns=1790162842155624000 ended_ns=1790162842155754958 elapsed_us=130 block_gets=0 block_puts=0 deleted=0
checkpoint_phase lsn=20312 phase=value_index_schedule slot=0 started_ns=1790162842155762000 ended_ns=1790162842160407625 elapsed_us=4645 block_gets=0 block_puts=1 deleted=0
checkpoint_phase lsn=20312 phase=value_index_schedule slot=0 started_ns=1790162842160429000 ended_ns=1790162842160577209 elapsed_us=148 block_gets=0 block_puts=0 deleted=0
checkpoint_phase lsn=20312 phase=value_index_schedule slot=0 started_ns=1790162842160584000 ended_ns=1790162842161115166 elapsed_us=531 block_gets=0 block_puts=0 deleted=0
checkpoint_phase lsn=20312 phase=value_index_schedule slot=0 started_ns=1790162842161124000 ended_ns=1790162842161288709 elapsed_us=164 block_gets=0 block_puts=0 deleted=0
checkpoint_phase lsn=20312 phase=value_index_schedule slot=0 started_ns=1790162842161295000 ended_ns=1790162842165886250 elapsed_us=4591 block_gets=0 block_puts=1 deleted=0
checkpoint_phase lsn=20312 phase=value_index_schedule slot=0 started_ns=1790162842165915000 ended_ns=1790162842166071750 elapsed_us=156 block_gets=0 block_puts=0 deleted=0
checkpoint_phase lsn=20312 phase=value_index_schedule slot=0 started_ns=1790162842166078000 ended_ns=1790162842166232541 elapsed_us=154 block_gets=0 block_puts=0 deleted=0
checkpoint_phase lsn=20312 phase=value_index_schedule slot=0 started_ns=1790162842166238000 ended_ns=1790162842170774375 elapsed_us=4536 block_gets=0 block_puts=1 deleted=0
checkpoint_phase lsn=20312 phase=value_index_schedule slot=0 started_ns=1790162842170791000 ended_ns=1790162842171276292 elapsed_us=485 block_gets=0 block_puts=0 deleted=0
checkpoint_phase lsn=20312 phase=value_index_schedule slot=0 started_ns=1790162842171289000 ended_ns=1790162842171458417 elapsed_us=169 block_gets=0 block_puts=0 deleted=0
checkpoint_phase lsn=20312 phase=value_index_schedule slot=0 started_ns=1790162842171477000 ended_ns=1790162842171590708 elapsed_us=113 block_gets=0 block_puts=0 deleted=0
checkpoint_phase lsn=20312 phase=value_index_schedule slot=0 started_ns=1790162842171604000 ended_ns=1790162842171689916 elapsed_us=85 block_gets=0 block_puts=0 deleted=0
checkpoint_phase lsn=20312 phase=value_index_schedule slot=0 started_ns=1790162842171699000 ended_ns=1790162842184929000 elapsed_us=13230 block_gets=0 block_puts=4 deleted=0
checkpoint_phase lsn=20312 phase=value_index_schedule slot=0 started_ns=1790162842184947000 ended_ns=1790162842184947584 elapsed_us=0 block_gets=0 block_puts=0 deleted=0
checkpoint_phase lsn=20312 phase=value_index_write slot=0 started_ns=1790162842184955000 ended_ns=1790162842198227375 elapsed_us=13272 block_gets=0 block_puts=4 deleted=0
checkpoint_phase lsn=20312 phase=value_index_write slot=0 started_ns=1790162842198243000 ended_ns=1790162842210870417 elapsed_us=12627 block_gets=0 block_puts=4 deleted=0
checkpoint_phase lsn=20312 phase=value_index_write slot=0 started_ns=1790162842210888000 ended_ns=1790162842223831084 elapsed_us=12943 block_gets=0 block_puts=4 deleted=0
checkpoint_phase lsn=20312 phase=value_index_write slot=0 started_ns=1790162842223852000 ended_ns=1790162842236031666 elapsed_us=12179 block_gets=0 block_puts=4 deleted=0
checkpoint_phase lsn=20312 phase=value_index_write slot=0 started_ns=1790162842236051000 ended_ns=1790162842248684000 elapsed_us=12633 block_gets=0 block_puts=4 deleted=0
checkpoint_phase lsn=20312 phase=value_index_write slot=0 started_ns=1790162842248702000 ended_ns=1790162842261670833 elapsed_us=12968 block_gets=0 block_puts=4 deleted=0
checkpoint_phase lsn=20312 phase=value_index_write slot=0 started_ns=1790162842261688000 ended_ns=1790162842274603083 elapsed_us=12915 block_gets=0 block_puts=4 deleted=0
checkpoint_phase lsn=20312 phase=value_index_write slot=0 started_ns=1790162842274624000 ended_ns=1790162842287698167 elapsed_us=13074 block_gets=0 block_puts=4 deleted=0
checkpoint_phase lsn=20312 phase=value_index_write slot=0 started_ns=1790162842287715000 ended_ns=1790162842300421584 elapsed_us=12706 block_gets=0 block_puts=4 deleted=0
checkpoint_phase lsn=20312 phase=value_index_write slot=0 started_ns=1790162842300437000 ended_ns=1790162842312872875 elapsed_us=12435 block_gets=0 block_puts=4 deleted=0
checkpoint_phase lsn=20312 phase=value_index_write slot=0 started_ns=1790162842312885000 ended_ns=1790162842325350833 elapsed_us=12465 block_gets=0 block_puts=4 deleted=0
checkpoint_phase lsn=20312 phase=value_index_write slot=0 started_ns=1790162842325367000 ended_ns=1790162842337533375 elapsed_us=12166 block_gets=0 block_puts=4 deleted=0
checkpoint_phase lsn=20312 phase=value_index_write slot=0 started_ns=1790162842337553000 ended_ns=1790162842349705000 elapsed_us=12152 block_gets=0 block_puts=4 deleted=0
checkpoint_phase lsn=20312 phase=value_index_write slot=0 started_ns=1790162842349724000 ended_ns=1790162842361177875 elapsed_us=11453 block_gets=0 block_puts=4 deleted=0
checkpoint_phase lsn=20312 phase=value_index_write slot=0 started_ns=1790162842361202000 ended_ns=1790162842372732709 elapsed_us=11530 block_gets=0 block_puts=4 deleted=0
checkpoint_phase lsn=20312 phase=value_index_write slot=0 started_ns=1790162842372785000 ended_ns=1790162842384932208 elapsed_us=12147 block_gets=0 block_puts=4 deleted=0
checkpoint_phase lsn=20312 phase=value_index_write slot=0 started_ns=1790162842384951000 ended_ns=1790162842397008583 elapsed_us=12057 block_gets=0 block_puts=4 deleted=0
checkpoint_phase lsn=20312 phase=value_index_write slot=0 started_ns=1790162842397042000 ended_ns=1790162842409815708 elapsed_us=12773 block_gets=0 block_puts=4 deleted=0
checkpoint_phase lsn=20312 phase=value_index_write slot=0 started_ns=1790162842409842000 ended_ns=1790162842422936084 elapsed_us=13094 block_gets=0 block_puts=4 deleted=0
checkpoint_phase lsn=20312 phase=value_index_write slot=0 started_ns=1790162842422955000 ended_ns=1790162842436642041 elapsed_us=13687 block_gets=0 block_puts=4 deleted=0
checkpoint_phase lsn=20312 phase=value_index_write slot=0 started_ns=1790162842436663000 ended_ns=1790162842452096000 elapsed_us=15433 block_gets=0 block_puts=4 deleted=0
checkpoint_phase lsn=20312 phase=value_index_write slot=0 started_ns=1790162842452126000 ended_ns=1790162842465299750 elapsed_us=13173 block_gets=0 block_puts=4 deleted=0
checkpoint_phase lsn=20312 phase=value_index_write slot=0 started_ns=1790162842465318000 ended_ns=1790162842477045542 elapsed_us=11727 block_gets=0 block_puts=4 deleted=0
checkpoint_phase lsn=20312 phase=value_index_write slot=0 started_ns=1790162842477064000 ended_ns=1790162842490274500 elapsed_us=13210 block_gets=0 block_puts=4 deleted=0
checkpoint_phase lsn=20312 phase=value_index_write slot=0 started_ns=1790162842490294000 ended_ns=1790162842502786292 elapsed_us=12492 block_gets=0 block_puts=4 deleted=0
checkpoint_phase lsn=20312 phase=value_index_write slot=0 started_ns=1790162842502804000 ended_ns=1790162842515776625 elapsed_us=12972 block_gets=0 block_puts=4 deleted=0
checkpoint_phase lsn=20312 phase=value_index_write slot=0 started_ns=1790162842515795000 ended_ns=1790162842528043916 elapsed_us=12248 block_gets=0 block_puts=4 deleted=0
checkpoint_phase lsn=20312 phase=value_index_write slot=0 started_ns=1790162842528060000 ended_ns=1790162842540214083 elapsed_us=12154 block_gets=0 block_puts=4 deleted=0
checkpoint_phase lsn=20312 phase=value_index_write slot=0 started_ns=1790162842540230000 ended_ns=1790162842552630667 elapsed_us=12400 block_gets=0 block_puts=4 deleted=0
checkpoint_phase lsn=20312 phase=value_index_write slot=0 started_ns=1790162842552649000 ended_ns=1790162842564678375 elapsed_us=12029 block_gets=0 block_puts=4 deleted=0
checkpoint_phase lsn=20312 phase=value_index_write slot=0 started_ns=1790162842564696000 ended_ns=1790162842577498458 elapsed_us=12802 block_gets=0 block_puts=4 deleted=0
checkpoint_phase lsn=20312 phase=value_index_write slot=0 started_ns=1790162842577524000 ended_ns=1790162842589419250 elapsed_us=11895 block_gets=0 block_puts=4 deleted=0
checkpoint_phase lsn=20312 phase=value_index_write slot=0 started_ns=1790162842589440000 ended_ns=1790162842605099667 elapsed_us=15659 block_gets=0 block_puts=5 deleted=0
checkpoint_phase lsn=20312 phase=value_index_write slot=0 started_ns=1790162842605118000 ended_ns=1790162842617529166 elapsed_us=12411 block_gets=0 block_puts=4 deleted=0
checkpoint_phase lsn=20312 phase=value_index_write slot=0 started_ns=1790162842617545000 ended_ns=1790162842632453542 elapsed_us=14908 block_gets=0 block_puts=5 deleted=0
checkpoint_phase lsn=20312 phase=value_index_schedule slot=0 started_ns=1790162842632476000 ended_ns=1790162842632479458 elapsed_us=3 block_gets=0 block_puts=0 deleted=0
checkpoint_phase lsn=20312 phase=value_index_schedule slot=0 started_ns=1790162842632488000 ended_ns=1790162842633317333 elapsed_us=829 block_gets=0 block_puts=0 deleted=0
checkpoint_phase lsn=20312 phase=value_index_schedule slot=0 started_ns=1790162842633349000 ended_ns=1790162842656252500 elapsed_us=22903 block_gets=8 block_puts=0 deleted=0
checkpoint_phase lsn=20312 phase=value_index_schedule slot=0 started_ns=1790162842656270000 ended_ns=1790162842679071625 elapsed_us=22801 block_gets=8 block_puts=0 deleted=0
checkpoint_phase lsn=20312 phase=value_index_schedule slot=0 started_ns=1790162842679105000 ended_ns=1790162842701299000 elapsed_us=22194 block_gets=8 block_puts=0 deleted=0
checkpoint_phase lsn=20312 phase=value_index_schedule slot=0 started_ns=1790162842701317000 ended_ns=1790162842724079250 elapsed_us=22762 block_gets=8 block_puts=0 deleted=0
checkpoint_phase lsn=20312 phase=value_index_schedule slot=0 started_ns=1790162842724099000 ended_ns=1790162842746743375 elapsed_us=22644 block_gets=8 block_puts=0 deleted=0
checkpoint_phase lsn=20312 phase=value_index_schedule slot=0 started_ns=1790162842746762000 ended_ns=1790162842768833542 elapsed_us=22071 block_gets=8 block_puts=0 deleted=0
checkpoint_phase lsn=20312 phase=value_index_schedule slot=0 started_ns=1790162842768855000 ended_ns=1790162842792299833 elapsed_us=23444 block_gets=8 block_puts=0 deleted=0
checkpoint_phase lsn=20312 phase=value_index_schedule slot=0 started_ns=1790162842792319000 ended_ns=1790162842813976916 elapsed_us=21657 block_gets=8 block_puts=0 deleted=0
checkpoint_phase lsn=20312 phase=value_index_schedule slot=0 started_ns=1790162842813996000 ended_ns=1790162842835959084 elapsed_us=21963 block_gets=8 block_puts=0 deleted=0
checkpoint_phase lsn=20312 phase=value_index_schedule slot=0 started_ns=1790162842835977000 ended_ns=1790162842858304000 elapsed_us=22327 block_gets=8 block_puts=0 deleted=0
checkpoint_phase lsn=20312 phase=value_index_schedule slot=0 started_ns=1790162842858323000 ended_ns=1790162842880719917 elapsed_us=22396 block_gets=8 block_puts=0 deleted=0
checkpoint_phase lsn=20312 phase=value_index_schedule slot=0 started_ns=1790162842880737000 ended_ns=1790162842902166125 elapsed_us=21429 block_gets=8 block_puts=0 deleted=0
checkpoint_phase lsn=20312 phase=value_index_schedule slot=0 started_ns=1790162842902187000 ended_ns=1790162842926814334 elapsed_us=24627 block_gets=8 block_puts=0 deleted=0
checkpoint_phase lsn=20312 phase=value_index_schedule slot=0 started_ns=1790162842926841000 ended_ns=1790162842950010750 elapsed_us=23169 block_gets=8 block_puts=0 deleted=0
checkpoint_phase lsn=20312 phase=value_index_schedule slot=0 started_ns=1790162842950030000 ended_ns=1790162842959021833 elapsed_us=8991 block_gets=2 block_puts=0 deleted=0
checkpoint_phase lsn=20312 phase=value_index_schedule slot=0 started_ns=1790162842959049000 ended_ns=1790162842961453250 elapsed_us=2404 block_gets=0 block_puts=0 deleted=0
checkpoint_phase lsn=20312 phase=value_index_schedule slot=0 started_ns=1790162842961467000 ended_ns=1790162842961495083 elapsed_us=28 block_gets=0 block_puts=0 deleted=0
checkpoint_phase lsn=20312 phase=value_index_schedule slot=0 started_ns=1790162842961502000 ended_ns=1790162842961525542 elapsed_us=23 block_gets=0 block_puts=0 deleted=0
checkpoint_phase lsn=20312 phase=value_index_schedule slot=0 started_ns=1790162842961533000 ended_ns=1790162842961556333 elapsed_us=23 block_gets=0 block_puts=0 deleted=0
checkpoint_phase lsn=20312 phase=value_index_schedule slot=0 started_ns=1790162842961562000 ended_ns=1790162842965792084 elapsed_us=4230 block_gets=0 block_puts=1 deleted=0
checkpoint_phase lsn=20312 phase=value_index_schedule slot=0 started_ns=1790162842965805000 ended_ns=1790162842978281209 elapsed_us=12476 block_gets=0 block_puts=4 deleted=0
checkpoint_phase lsn=20312 phase=value_index_schedule slot=0 started_ns=1790162842978300000 ended_ns=1790162842981149250 elapsed_us=2849 block_gets=0 block_puts=0 deleted=0
checkpoint_phase lsn=20312 phase=value_index_schedule slot=0 started_ns=1790162842981167000 ended_ns=1790162842984151291 elapsed_us=2984 block_gets=0 block_puts=0 deleted=0
checkpoint_phase lsn=20312 phase=value_index_schedule slot=0 started_ns=1790162842984176000 ended_ns=1790162842986889333 elapsed_us=2713 block_gets=0 block_puts=0 deleted=0
checkpoint_phase lsn=20312 phase=value_index_schedule slot=0 started_ns=1790162842986901000 ended_ns=1790162842989616000 elapsed_us=2715 block_gets=0 block_puts=0 deleted=0
checkpoint_phase lsn=20312 phase=value_index_schedule slot=0 started_ns=1790162842989624000 ended_ns=1790162842991484916 elapsed_us=1860 block_gets=0 block_puts=0 deleted=0
checkpoint_phase lsn=20312 phase=value_index_schedule slot=0 started_ns=1790162842991526000 ended_ns=1790162842991554708 elapsed_us=28 block_gets=0 block_puts=0 deleted=0
checkpoint_phase lsn=20312 phase=value_index_schedule slot=0 started_ns=1790162842991571000 ended_ns=1790162842991595292 elapsed_us=24 block_gets=0 block_puts=0 deleted=0
checkpoint_phase lsn=20312 phase=value_index_schedule slot=0 started_ns=1790162842991606000 ended_ns=1790162842991629834 elapsed_us=23 block_gets=0 block_puts=0 deleted=0
checkpoint_phase lsn=20312 phase=value_index_schedule slot=0 started_ns=1790162842991636000 ended_ns=1790162842995657833 elapsed_us=4021 block_gets=0 block_puts=1 deleted=0
checkpoint_phase lsn=20312 phase=value_index_schedule slot=0 started_ns=1790162842995671000 ended_ns=1790162843008247166 elapsed_us=12576 block_gets=0 block_puts=4 deleted=0
checkpoint_phase lsn=20312 phase=value_index_schedule slot=0 started_ns=1790162843008266000 ended_ns=1790162843008747708 elapsed_us=481 block_gets=0 block_puts=0 deleted=0
checkpoint_phase lsn=20312 phase=value_index_schedule slot=0 started_ns=1790162843008755000 ended_ns=1790162843008814958 elapsed_us=59 block_gets=0 block_puts=0 deleted=0
checkpoint_phase lsn=20312 phase=value_index_schedule slot=0 started_ns=1790162843008822000 ended_ns=1790162843008875292 elapsed_us=53 block_gets=0 block_puts=0 deleted=0
checkpoint_phase lsn=20312 phase=value_index_schedule slot=0 started_ns=1790162843008882000 ended_ns=1790162843008935042 elapsed_us=53 block_gets=0 block_puts=0 deleted=0
checkpoint_phase lsn=20312 phase=value_index_schedule slot=0 started_ns=1790162843008941000 ended_ns=1790162843012546500 elapsed_us=3605 block_gets=0 block_puts=1 deleted=0
checkpoint_phase lsn=20312 phase=value_index_schedule slot=0 started_ns=1790162843012558000 ended_ns=1790162843012679750 elapsed_us=121 block_gets=0 block_puts=0 deleted=0
checkpoint_phase lsn=20312 phase=value_index_schedule slot=0 started_ns=1790162843012687000 ended_ns=1790162843012806000 elapsed_us=119 block_gets=0 block_puts=0 deleted=0
checkpoint_phase lsn=20312 phase=value_index_schedule slot=0 started_ns=1790162843012812000 ended_ns=1790162843017004000 elapsed_us=4192 block_gets=0 block_puts=1 deleted=0
checkpoint_phase lsn=20312 phase=value_index_schedule slot=0 started_ns=1790162843017018000 ended_ns=1790162843017096209 elapsed_us=78 block_gets=0 block_puts=0 deleted=0
checkpoint_phase lsn=20312 phase=value_index_schedule slot=0 started_ns=1790162843017103000 ended_ns=1790162843017261917 elapsed_us=158 block_gets=0 block_puts=0 deleted=0
checkpoint_phase lsn=20312 phase=value_index_schedule slot=0 started_ns=1790162843017269000 ended_ns=1790162843017284708 elapsed_us=15 block_gets=0 block_puts=0 deleted=0
checkpoint_phase lsn=20312 phase=value_index_schedule slot=0 started_ns=1790162843017291000 ended_ns=1790162843030321500 elapsed_us=13030 block_gets=0 block_puts=4 deleted=0
checkpoint_phase lsn=20312 phase=value_index_schedule slot=0 started_ns=1790162843030340000 ended_ns=1790162843031567084 elapsed_us=1227 block_gets=0 block_puts=0 deleted=0
checkpoint_phase lsn=20312 phase=value_index_schedule slot=0 started_ns=1790162843031576000 ended_ns=1790162843043678958 elapsed_us=12102 block_gets=0 block_puts=4 deleted=0
checkpoint_phase lsn=20312 phase=value_index_schedule slot=0 started_ns=1790162843043699000 ended_ns=1790162843043699417 elapsed_us=0 block_gets=0 block_puts=0 deleted=0
checkpoint_phase lsn=20312 phase=value_index_schedule slot=0 started_ns=1790162843043707000 ended_ns=1790162843043850459 elapsed_us=143 block_gets=0 block_puts=0 deleted=0
checkpoint_phase lsn=20312 phase=value_index_schedule slot=0 started_ns=1790162843043861000 ended_ns=1790162843044037834 elapsed_us=176 block_gets=0 block_puts=0 deleted=0
checkpoint_phase lsn=20312 phase=value_index_schedule slot=0 started_ns=1790162843044047000 ended_ns=1790162843044208791 elapsed_us=161 block_gets=0 block_puts=0 deleted=0
checkpoint_phase lsn=20312 phase=value_index_schedule slot=0 started_ns=1790162843044219000 ended_ns=1790162843044380583 elapsed_us=161 block_gets=0 block_puts=0 deleted=0
checkpoint_phase lsn=20312 phase=value_index_schedule slot=0 started_ns=1790162843044401000 ended_ns=1790162843047964083 elapsed_us=3563 block_gets=0 block_puts=1 deleted=0
checkpoint_phase lsn=20312 phase=value_index_schedule slot=0 started_ns=1790162843047982000 ended_ns=1790162843048138792 elapsed_us=156 block_gets=0 block_puts=0 deleted=0
checkpoint_phase lsn=20312 phase=value_index_schedule slot=0 started_ns=1790162843048149000 ended_ns=1790162843048305375 elapsed_us=156 block_gets=0 block_puts=0 deleted=0
checkpoint_phase lsn=20312 phase=value_index_schedule slot=0 started_ns=1790162843048318000 ended_ns=1790162843051716666 elapsed_us=3398 block_gets=0 block_puts=1 deleted=0
checkpoint_phase lsn=20312 phase=value_index_schedule slot=0 started_ns=1790162843051738000 ended_ns=1790162843051873791 elapsed_us=135 block_gets=0 block_puts=0 deleted=0
checkpoint_phase lsn=20312 phase=value_index_schedule slot=0 started_ns=1790162843051884000 ended_ns=1790162843052005667 elapsed_us=121 block_gets=0 block_puts=0 deleted=0
checkpoint_phase lsn=20312 phase=value_index_schedule slot=0 started_ns=1790162843052013000 ended_ns=1790162843052120125 elapsed_us=107 block_gets=0 block_puts=0 deleted=0
checkpoint_phase lsn=20312 phase=value_index_schedule slot=0 started_ns=1790162843052130000 ended_ns=1790162843064590625 elapsed_us=12460 block_gets=0 block_puts=4 deleted=0
checkpoint_phase lsn=20312 phase=value_index_schedule slot=0 started_ns=1790162843064611000 ended_ns=1790162843064611291 elapsed_us=0 block_gets=0 block_puts=0 deleted=0
checkpoint_phase lsn=20312 phase=value_index_write slot=0 started_ns=1790162843064620000 ended_ns=1790162843064784291 elapsed_us=164 block_gets=0 block_puts=0 deleted=0
checkpoint_phase lsn=20312 phase=value_index_write slot=0 started_ns=1790162843064795000 ended_ns=1790162843064844250 elapsed_us=49 block_gets=0 block_puts=0 deleted=0
checkpoint_phase lsn=20312 phase=value_index_write slot=0 started_ns=1790162843064850000 ended_ns=1790162843064899958 elapsed_us=49 block_gets=0 block_puts=0 deleted=0
checkpoint_phase lsn=20312 phase=value_index_write slot=0 started_ns=1790162843064909000 ended_ns=1790162843065066792 elapsed_us=157 block_gets=0 block_puts=0 deleted=0
checkpoint_phase lsn=20312 phase=value_index_write slot=0 started_ns=1790162843065077000 ended_ns=1790162843065126125 elapsed_us=49 block_gets=0 block_puts=0 deleted=0
checkpoint_phase lsn=20312 phase=value_index_write slot=0 started_ns=1790162843065135000 ended_ns=1790162843072802958 elapsed_us=7667 block_gets=0 block_puts=1 deleted=0
checkpoint_phase lsn=20312 phase=value_index_write slot=0 started_ns=1790162843072820000 ended_ns=1790162843072963167 elapsed_us=143 block_gets=0 block_puts=0 deleted=0
checkpoint_phase lsn=20312 phase=value_index_write slot=0 started_ns=1790162843072973000 ended_ns=1790162843073020625 elapsed_us=47 block_gets=0 block_puts=0 deleted=0
checkpoint_phase lsn=20312 phase=value_index_write slot=0 started_ns=1790162843073027000 ended_ns=1790162843073075042 elapsed_us=48 block_gets=0 block_puts=0 deleted=0
checkpoint_phase lsn=20312 phase=value_index_write slot=0 started_ns=1790162843073081000 ended_ns=1790162843083567625 elapsed_us=10486 block_gets=0 block_puts=2 deleted=0
checkpoint_phase lsn=20312 phase=value_index_schedule slot=0 started_ns=1790162843083593000 ended_ns=1790162843083596208 elapsed_us=3 block_gets=0 block_puts=0 deleted=0
checkpoint_phase lsn=20312 phase=value_index_schedule slot=0 started_ns=1790162843083604000 ended_ns=1790162843084362250 elapsed_us=758 block_gets=0 block_puts=0 deleted=0
checkpoint_phase lsn=20312 phase=value_index_schedule slot=0 started_ns=1790162843084371000 ended_ns=1790162843108373458 elapsed_us=24002 block_gets=8 block_puts=0 deleted=0
checkpoint_phase lsn=20312 phase=value_index_schedule slot=0 started_ns=1790162843108393000 ended_ns=1790162843130179417 elapsed_us=21786 block_gets=8 block_puts=0 deleted=0
checkpoint_phase lsn=20312 phase=value_index_schedule slot=0 started_ns=1790162843130208000 ended_ns=1790162843152536375 elapsed_us=22328 block_gets=8 block_puts=0 deleted=0
checkpoint_phase lsn=20312 phase=value_index_schedule slot=0 started_ns=1790162843152557000 ended_ns=1790162843175575041 elapsed_us=23018 block_gets=8 block_puts=0 deleted=0
checkpoint_phase lsn=20312 phase=value_index_schedule slot=0 started_ns=1790162843175592000 ended_ns=1790162843197611875 elapsed_us=22019 block_gets=8 block_puts=0 deleted=0
checkpoint_phase lsn=20312 phase=value_index_schedule slot=0 started_ns=1790162843197636000 ended_ns=1790162843219983459 elapsed_us=22347 block_gets=8 block_puts=0 deleted=0
checkpoint_phase lsn=20312 phase=value_index_schedule slot=0 started_ns=1790162843220002000 ended_ns=1790162843242143625 elapsed_us=22141 block_gets=8 block_puts=0 deleted=0
checkpoint_phase lsn=20312 phase=value_index_schedule slot=0 started_ns=1790162843242165000 ended_ns=1790162843263661458 elapsed_us=21496 block_gets=8 block_puts=0 deleted=0
checkpoint_phase lsn=20312 phase=value_index_schedule slot=0 started_ns=1790162843263684000 ended_ns=1790162843285686333 elapsed_us=22002 block_gets=8 block_puts=0 deleted=0
checkpoint_phase lsn=20312 phase=value_index_schedule slot=0 started_ns=1790162843285706000 ended_ns=1790162843308528375 elapsed_us=22822 block_gets=8 block_puts=0 deleted=0
checkpoint_phase lsn=20312 phase=value_index_schedule slot=0 started_ns=1790162843308547000 ended_ns=1790162843332682083 elapsed_us=24135 block_gets=8 block_puts=0 deleted=0
checkpoint_phase lsn=20312 phase=value_index_schedule slot=0 started_ns=1790162843332706000 ended_ns=1790162843357745375 elapsed_us=25039 block_gets=8 block_puts=0 deleted=0
checkpoint_phase lsn=20312 phase=value_index_schedule slot=0 started_ns=1790162843357770000 ended_ns=1790162843382234750 elapsed_us=24464 block_gets=8 block_puts=0 deleted=0
checkpoint_phase lsn=20312 phase=value_index_schedule slot=0 started_ns=1790162843382254000 ended_ns=1790162843405140125 elapsed_us=22886 block_gets=8 block_puts=0 deleted=0
checkpoint_phase lsn=20312 phase=value_index_schedule slot=0 started_ns=1790162843405163000 ended_ns=1790162843413747083 elapsed_us=8584 block_gets=2 block_puts=0 deleted=0
checkpoint_phase lsn=20312 phase=value_index_schedule slot=0 started_ns=1790162843413767000 ended_ns=1790162843423235666 elapsed_us=9468 block_gets=0 block_puts=0 deleted=0
checkpoint_phase lsn=20312 phase=value_index_schedule slot=0 started_ns=1790162843423260000 ended_ns=1790162843423287791 elapsed_us=27 block_gets=0 block_puts=0 deleted=0
checkpoint_phase lsn=20312 phase=value_index_schedule slot=0 started_ns=1790162843423299000 ended_ns=1790162843423322792 elapsed_us=23 block_gets=0 block_puts=0 deleted=0
checkpoint_phase lsn=20312 phase=value_index_schedule slot=0 started_ns=1790162843423331000 ended_ns=1790162843423356042 elapsed_us=25 block_gets=0 block_puts=0 deleted=0
checkpoint_phase lsn=20312 phase=value_index_schedule slot=0 started_ns=1790162843423364000 ended_ns=1790162843427927709 elapsed_us=4563 block_gets=0 block_puts=1 deleted=0
checkpoint_phase lsn=20312 phase=value_index_schedule slot=0 started_ns=1790162843427951000 ended_ns=1790162843439824041 elapsed_us=11873 block_gets=0 block_puts=4 deleted=0
checkpoint_phase lsn=20312 phase=value_index_schedule slot=0 started_ns=1790162843439845000 ended_ns=1790162843442776500 elapsed_us=2931 block_gets=0 block_puts=0 deleted=0
checkpoint_phase lsn=20312 phase=value_index_schedule slot=0 started_ns=1790162843442807000 ended_ns=1790162843445644708 elapsed_us=2837 block_gets=0 block_puts=0 deleted=0
checkpoint_phase lsn=20312 phase=value_index_schedule slot=0 started_ns=1790162843445668000 ended_ns=1790162843448494292 elapsed_us=2826 block_gets=0 block_puts=0 deleted=0
checkpoint_phase lsn=20312 phase=value_index_schedule slot=0 started_ns=1790162843448511000 ended_ns=1790162843451281208 elapsed_us=2770 block_gets=0 block_puts=0 deleted=0
checkpoint_phase lsn=20312 phase=value_index_schedule slot=0 started_ns=1790162843451297000 ended_ns=1790162843452823750 elapsed_us=1526 block_gets=0 block_puts=0 deleted=0
checkpoint_phase lsn=20312 phase=value_index_schedule slot=0 started_ns=1790162843452868000 ended_ns=1790162843452896042 elapsed_us=28 block_gets=0 block_puts=0 deleted=0
checkpoint_phase lsn=20312 phase=value_index_schedule slot=0 started_ns=1790162843452907000 ended_ns=1790162843452930333 elapsed_us=23 block_gets=0 block_puts=0 deleted=0
checkpoint_phase lsn=20312 phase=value_index_schedule slot=0 started_ns=1790162843452941000 ended_ns=1790162843452964292 elapsed_us=23 block_gets=0 block_puts=0 deleted=0
checkpoint_phase lsn=20312 phase=value_index_schedule slot=0 started_ns=1790162843452971000 ended_ns=1790162843456789541 elapsed_us=3818 block_gets=0 block_puts=1 deleted=0
checkpoint_phase lsn=20312 phase=value_index_schedule slot=0 started_ns=1790162843456810000 ended_ns=1790162843468848375 elapsed_us=12038 block_gets=0 block_puts=4 deleted=0
checkpoint_phase lsn=20312 phase=value_index_schedule slot=0 started_ns=1790162843468867000 ended_ns=1790162843469443917 elapsed_us=576 block_gets=0 block_puts=0 deleted=0
checkpoint_phase lsn=20312 phase=value_index_schedule slot=0 started_ns=1790162843469453000 ended_ns=1790162843469675000 elapsed_us=222 block_gets=0 block_puts=0 deleted=0
checkpoint_phase lsn=20312 phase=value_index_schedule slot=0 started_ns=1790162843469685000 ended_ns=1790162843469899375 elapsed_us=214 block_gets=0 block_puts=0 deleted=0
checkpoint_phase lsn=20312 phase=value_index_schedule slot=0 started_ns=1790162843469906000 ended_ns=1790162843470208958 elapsed_us=302 block_gets=0 block_puts=0 deleted=0
checkpoint_phase lsn=20312 phase=value_index_schedule slot=0 started_ns=1790162843470218000 ended_ns=1790162843474904709 elapsed_us=4686 block_gets=0 block_puts=1 deleted=0
checkpoint_phase lsn=20312 phase=value_index_schedule slot=0 started_ns=1790162843474915000 ended_ns=1790162843475225042 elapsed_us=310 block_gets=0 block_puts=0 deleted=0
checkpoint_phase lsn=20312 phase=value_index_schedule slot=0 started_ns=1790162843475232000 ended_ns=1790162843475541667 elapsed_us=309 block_gets=0 block_puts=0 deleted=0
checkpoint_phase lsn=20312 phase=value_index_schedule slot=0 started_ns=1790162843475549000 ended_ns=1790162843479913750 elapsed_us=4364 block_gets=0 block_puts=1 deleted=0
checkpoint_phase lsn=20312 phase=value_index_schedule slot=0 started_ns=1790162843479925000 ended_ns=1790162843480164333 elapsed_us=239 block_gets=0 block_puts=0 deleted=0
checkpoint_phase lsn=20312 phase=value_index_schedule slot=0 started_ns=1790162843480176000 ended_ns=1790162843480201208 elapsed_us=25 block_gets=0 block_puts=0 deleted=0
checkpoint_phase lsn=20312 phase=value_index_schedule slot=0 started_ns=1790162843480208000 ended_ns=1790162843493388417 elapsed_us=13180 block_gets=0 block_puts=4 deleted=0
checkpoint_phase lsn=20312 phase=value_index_schedule slot=0 started_ns=1790162843493406000 ended_ns=1790162843496180625 elapsed_us=2774 block_gets=0 block_puts=0 deleted=0
checkpoint_phase lsn=20312 phase=value_index_schedule slot=0 started_ns=1790162843496193000 ended_ns=1790162843496853458 elapsed_us=660 block_gets=0 block_puts=0 deleted=0
checkpoint_phase lsn=20312 phase=value_index_schedule slot=0 started_ns=1790162843496863000 ended_ns=1790162843496892083 elapsed_us=29 block_gets=0 block_puts=0 deleted=0
checkpoint_phase lsn=20312 phase=value_index_schedule slot=0 started_ns=1790162843496899000 ended_ns=1790162843509864458 elapsed_us=12965 block_gets=0 block_puts=4 deleted=0
checkpoint_phase lsn=20312 phase=value_index_schedule slot=0 started_ns=1790162843509882000 ended_ns=1790162843509882375 elapsed_us=0 block_gets=0 block_puts=0 deleted=0
checkpoint_phase lsn=20312 phase=value_index_schedule slot=0 started_ns=1790162843509889000 ended_ns=1790162843510069500 elapsed_us=180 block_gets=0 block_puts=0 deleted=0
checkpoint_phase lsn=20312 phase=value_index_schedule slot=0 started_ns=1790162843510077000 ended_ns=1790162843510427250 elapsed_us=350 block_gets=0 block_puts=0 deleted=0
checkpoint_phase lsn=20312 phase=value_index_schedule slot=0 started_ns=1790162843510435000 ended_ns=1790162843510777334 elapsed_us=342 block_gets=0 block_puts=0 deleted=0
checkpoint_phase lsn=20312 phase=value_index_schedule slot=0 started_ns=1790162843510793000 ended_ns=1790162843511140208 elapsed_us=347 block_gets=0 block_puts=0 deleted=0
checkpoint_phase lsn=20312 phase=value_index_schedule slot=0 started_ns=1790162843511151000 ended_ns=1790162843515585208 elapsed_us=4434 block_gets=0 block_puts=1 deleted=0
checkpoint_phase lsn=20312 phase=value_index_schedule slot=0 started_ns=1790162843515601000 ended_ns=1790162843515938792 elapsed_us=337 block_gets=0 block_puts=0 deleted=0
checkpoint_phase lsn=20312 phase=value_index_schedule slot=0 started_ns=1790162843515948000 ended_ns=1790162843516287375 elapsed_us=339 block_gets=0 block_puts=0 deleted=0
checkpoint_phase lsn=20312 phase=value_index_schedule slot=0 started_ns=1790162843516298000 ended_ns=1790162843520450417 elapsed_us=4152 block_gets=0 block_puts=1 deleted=0
checkpoint_phase lsn=20312 phase=value_index_schedule slot=0 started_ns=1790162843520463000 ended_ns=1790162843520753417 elapsed_us=290 block_gets=0 block_puts=0 deleted=0
checkpoint_phase lsn=20312 phase=value_index_schedule slot=0 started_ns=1790162843520762000 ended_ns=1790162843520921458 elapsed_us=159 block_gets=0 block_puts=0 deleted=0
checkpoint_phase lsn=20312 phase=value_index_schedule slot=0 started_ns=1790162843520929000 ended_ns=1790162843525126542 elapsed_us=4197 block_gets=0 block_puts=1 deleted=0
checkpoint_phase lsn=20312 phase=value_index_schedule slot=0 started_ns=1790162843525138000 ended_ns=1790162843537539458 elapsed_us=12401 block_gets=0 block_puts=4 deleted=0
checkpoint_phase lsn=20312 phase=value_index_schedule slot=0 started_ns=1790162843537556000 ended_ns=1790162843537556292 elapsed_us=0 block_gets=0 block_puts=0 deleted=0
checkpoint_phase lsn=20312 phase=value_index_write slot=0 started_ns=1790162843537565000 ended_ns=1790162843549644459 elapsed_us=12079 block_gets=0 block_puts=4 deleted=0
checkpoint_phase lsn=20312 phase=value_index_write slot=0 started_ns=1790162843549667000 ended_ns=1790162843562662041 elapsed_us=12995 block_gets=0 block_puts=4 deleted=0
checkpoint_phase lsn=20312 phase=value_index_write slot=0 started_ns=1790162843562680000 ended_ns=1790162843575069209 elapsed_us=12389 block_gets=0 block_puts=4 deleted=0
checkpoint_phase lsn=20312 phase=value_index_write slot=0 started_ns=1790162843575090000 ended_ns=1790162843587303250 elapsed_us=12213 block_gets=0 block_puts=4 deleted=0
checkpoint_phase lsn=20312 phase=value_index_write slot=0 started_ns=1790162843587330000 ended_ns=1790162843600438917 elapsed_us=13108 block_gets=0 block_puts=4 deleted=0
checkpoint_phase lsn=20312 phase=value_index_write slot=0 started_ns=1790162843600460000 ended_ns=1790162843613569291 elapsed_us=13109 block_gets=0 block_puts=4 deleted=0
checkpoint_phase lsn=20312 phase=value_index_write slot=0 started_ns=1790162843613588000 ended_ns=1790162843626606625 elapsed_us=13018 block_gets=0 block_puts=4 deleted=0
checkpoint_phase lsn=20312 phase=value_index_write slot=0 started_ns=1790162843626628000 ended_ns=1790162843639162916 elapsed_us=12534 block_gets=0 block_puts=4 deleted=0
checkpoint_phase lsn=20312 phase=value_index_write slot=0 started_ns=1790162843639185000 ended_ns=1790162843651989958 elapsed_us=12804 block_gets=0 block_puts=4 deleted=0
checkpoint_phase lsn=20312 phase=value_index_write slot=0 started_ns=1790162843652009000 ended_ns=1790162843665117500 elapsed_us=13108 block_gets=0 block_puts=4 deleted=0
checkpoint_phase lsn=20312 phase=value_index_write slot=0 started_ns=1790162843665136000 ended_ns=1790162843677885750 elapsed_us=12749 block_gets=0 block_puts=4 deleted=0
checkpoint_phase lsn=20312 phase=value_index_write slot=0 started_ns=1790162843677902000 ended_ns=1790162843690594833 elapsed_us=12692 block_gets=0 block_puts=4 deleted=0
checkpoint_phase lsn=20312 phase=value_index_write slot=0 started_ns=1790162843690612000 ended_ns=1790162843703531500 elapsed_us=12919 block_gets=0 block_puts=4 deleted=0
checkpoint_phase lsn=20312 phase=value_index_write slot=0 started_ns=1790162843703551000 ended_ns=1790162843715763541 elapsed_us=12212 block_gets=0 block_puts=4 deleted=0
checkpoint_phase lsn=20312 phase=value_index_write slot=0 started_ns=1790162843715791000 ended_ns=1790162843734583292 elapsed_us=18792 block_gets=0 block_puts=6 deleted=0
checkpoint_phase lsn=20312 phase=value_index_schedule slot=0 started_ns=1790162843734611000 ended_ns=1790162843734614709 elapsed_us=3 block_gets=0 block_puts=0 deleted=0
checkpoint_phase lsn=20312 phase=value_index_schedule slot=0 started_ns=1790162843734624000 ended_ns=1790162843735420417 elapsed_us=796 block_gets=0 block_puts=0 deleted=0
checkpoint_phase lsn=20312 phase=value_index_schedule slot=0 started_ns=1790162843735431000 ended_ns=1790162843758628709 elapsed_us=23197 block_gets=8 block_puts=0 deleted=0
checkpoint_phase lsn=20312 phase=value_index_schedule slot=0 started_ns=1790162843758653000 ended_ns=1790162843781339792 elapsed_us=22686 block_gets=8 block_puts=0 deleted=0
checkpoint_phase lsn=20312 phase=value_index_schedule slot=0 started_ns=1790162843781361000 ended_ns=1790162843806817417 elapsed_us=25456 block_gets=8 block_puts=0 deleted=0
checkpoint_phase lsn=20312 phase=value_index_schedule slot=0 started_ns=1790162843806841000 ended_ns=1790162843829759167 elapsed_us=22918 block_gets=8 block_puts=0 deleted=0
checkpoint_phase lsn=20312 phase=value_index_schedule slot=0 started_ns=1790162843829778000 ended_ns=1790162843853293542 elapsed_us=23515 block_gets=8 block_puts=0 deleted=0
checkpoint_phase lsn=20312 phase=value_index_schedule slot=0 started_ns=1790162843853313000 ended_ns=1790162843875934083 elapsed_us=22621 block_gets=8 block_puts=0 deleted=0
checkpoint_phase lsn=20312 phase=value_index_schedule slot=0 started_ns=1790162843875955000 ended_ns=1790162843897265708 elapsed_us=21310 block_gets=8 block_puts=0 deleted=0
checkpoint_phase lsn=20312 phase=value_index_schedule slot=0 started_ns=1790162843897286000 ended_ns=1790162843919968708 elapsed_us=22682 block_gets=8 block_puts=0 deleted=0
checkpoint_phase lsn=20312 phase=value_index_schedule slot=0 started_ns=1790162843919996000 ended_ns=1790162843942386708 elapsed_us=22390 block_gets=8 block_puts=0 deleted=0
checkpoint_phase lsn=20312 phase=value_index_schedule slot=0 started_ns=1790162843942406000 ended_ns=1790162843963995291 elapsed_us=21589 block_gets=8 block_puts=0 deleted=0
checkpoint_phase lsn=20312 phase=value_index_schedule slot=0 started_ns=1790162843964017000 ended_ns=1790162843985816791 elapsed_us=21799 block_gets=8 block_puts=0 deleted=0
checkpoint_phase lsn=20312 phase=value_index_schedule slot=0 started_ns=1790162843985836000 ended_ns=1790162844008356958 elapsed_us=22520 block_gets=8 block_puts=0 deleted=0
checkpoint_phase lsn=20312 phase=value_index_schedule slot=0 started_ns=1790162844008373000 ended_ns=1790162844030340375 elapsed_us=21967 block_gets=8 block_puts=0 deleted=0
checkpoint_phase lsn=20312 phase=value_index_schedule slot=0 started_ns=1790162844030361000 ended_ns=1790162844051538500 elapsed_us=21177 block_gets=8 block_puts=0 deleted=0
checkpoint_phase lsn=20312 phase=value_index_schedule slot=0 started_ns=1790162844051563000 ended_ns=1790162844060014833 elapsed_us=8451 block_gets=2 block_puts=0 deleted=0
checkpoint_phase lsn=20312 phase=value_index_schedule slot=0 started_ns=1790162844060041000 ended_ns=1790162844063876250 elapsed_us=3835 block_gets=0 block_puts=0 deleted=0
checkpoint_phase lsn=20312 phase=value_index_schedule slot=0 started_ns=1790162844063897000 ended_ns=1790162844063925500 elapsed_us=28 block_gets=0 block_puts=0 deleted=0
checkpoint_phase lsn=20312 phase=value_index_schedule slot=0 started_ns=1790162844063938000 ended_ns=1790162844063961584 elapsed_us=23 block_gets=0 block_puts=0 deleted=0
checkpoint_phase lsn=20312 phase=value_index_schedule slot=0 started_ns=1790162844063970000 ended_ns=1790162844063994250 elapsed_us=24 block_gets=0 block_puts=0 deleted=0
checkpoint_phase lsn=20312 phase=value_index_schedule slot=0 started_ns=1790162844064002000 ended_ns=1790162844068451875 elapsed_us=4449 block_gets=0 block_puts=1 deleted=0
checkpoint_phase lsn=20312 phase=value_index_schedule slot=0 started_ns=1790162844068488000 ended_ns=1790162844080322542 elapsed_us=11834 block_gets=0 block_puts=4 deleted=0
checkpoint_phase lsn=20312 phase=value_index_schedule slot=0 started_ns=1790162844080343000 ended_ns=1790162844083271459 elapsed_us=2928 block_gets=0 block_puts=0 deleted=0
checkpoint_phase lsn=20312 phase=value_index_schedule slot=0 started_ns=1790162844083303000 ended_ns=1790162844086181208 elapsed_us=2878 block_gets=0 block_puts=0 deleted=0
checkpoint_phase lsn=20312 phase=value_index_schedule slot=0 started_ns=1790162844086202000 ended_ns=1790162844089051584 elapsed_us=2849 block_gets=0 block_puts=0 deleted=0
checkpoint_phase lsn=20312 phase=value_index_schedule slot=0 started_ns=1790162844089076000 ended_ns=1790162844091937666 elapsed_us=2861 block_gets=0 block_puts=0 deleted=0
checkpoint_phase lsn=20312 phase=value_index_schedule slot=0 started_ns=1790162844091959000 ended_ns=1790162844092790167 elapsed_us=831 block_gets=0 block_puts=0 deleted=0
checkpoint_phase lsn=20312 phase=value_index_schedule slot=0 started_ns=1790162844092804000 ended_ns=1790162844092832208 elapsed_us=28 block_gets=0 block_puts=0 deleted=0
checkpoint_phase lsn=20312 phase=value_index_schedule slot=0 started_ns=1790162844092843000 ended_ns=1790162844092866375 elapsed_us=23 block_gets=0 block_puts=0 deleted=0
checkpoint_phase lsn=20312 phase=value_index_schedule slot=0 started_ns=1790162844092878000 ended_ns=1790162844092901333 elapsed_us=23 block_gets=0 block_puts=0 deleted=0
checkpoint_phase lsn=20312 phase=value_index_schedule slot=0 started_ns=1790162844092910000 ended_ns=1790162844097674000 elapsed_us=4764 block_gets=0 block_puts=1 deleted=0
checkpoint_phase lsn=20312 phase=value_index_schedule slot=0 started_ns=1790162844097695000 ended_ns=1790162844110117958 elapsed_us=12422 block_gets=0 block_puts=4 deleted=0
checkpoint_phase lsn=20312 phase=value_index_schedule slot=0 started_ns=1790162844110135000 ended_ns=1790162844110861167 elapsed_us=726 block_gets=0 block_puts=0 deleted=0
checkpoint_phase lsn=20312 phase=value_index_schedule slot=0 started_ns=1790162844110870000 ended_ns=1790162844110990291 elapsed_us=120 block_gets=0 block_puts=0 deleted=0
checkpoint_phase lsn=20312 phase=value_index_schedule slot=0 started_ns=1790162844110998000 ended_ns=1790162844111108917 elapsed_us=110 block_gets=0 block_puts=0 deleted=0
checkpoint_phase lsn=20312 phase=value_index_schedule slot=0 started_ns=1790162844111117000 ended_ns=1790162844111333125 elapsed_us=216 block_gets=0 block_puts=0 deleted=0
checkpoint_phase lsn=20312 phase=value_index_schedule slot=0 started_ns=1790162844111341000 ended_ns=1790162844124486167 elapsed_us=13145 block_gets=0 block_puts=1 deleted=0
checkpoint_phase lsn=20312 phase=value_index_schedule slot=0 started_ns=1790162844124506000 ended_ns=1790162844124719000 elapsed_us=213 block_gets=0 block_puts=0 deleted=0
checkpoint_phase lsn=20312 phase=value_index_schedule slot=0 started_ns=1790162844124728000 ended_ns=1790162844124976583 elapsed_us=248 block_gets=0 block_puts=0 deleted=0
checkpoint_phase lsn=20312 phase=value_index_schedule slot=0 started_ns=1790162844124985000 ended_ns=1790162844132463083 elapsed_us=7478 block_gets=0 block_puts=1 deleted=0
checkpoint_phase lsn=20312 phase=value_index_schedule slot=0 started_ns=1790162844132480000 ended_ns=1790162844132687750 elapsed_us=207 block_gets=0 block_puts=0 deleted=0
checkpoint_phase lsn=20312 phase=value_index_schedule slot=0 started_ns=1790162844132698000 ended_ns=1790162844132716708 elapsed_us=18 block_gets=0 block_puts=0 deleted=0
checkpoint_phase lsn=20312 phase=value_index_schedule slot=0 started_ns=1790162844132726000 ended_ns=1790162844151350041 elapsed_us=18624 block_gets=0 block_puts=4 deleted=0
checkpoint_phase lsn=20312 phase=value_index_schedule slot=0 started_ns=1790162844151371000 ended_ns=1790162844154165750 elapsed_us=2794 block_gets=0 block_puts=0 deleted=0
checkpoint_phase lsn=20312 phase=value_index_schedule slot=0 started_ns=1790162844154192000 ended_ns=1790162844155324292 elapsed_us=1132 block_gets=0 block_puts=0 deleted=0
checkpoint_phase lsn=20312 phase=value_index_schedule slot=0 started_ns=1790162844155361000 ended_ns=1790162844155388041 elapsed_us=27 block_gets=0 block_puts=0 deleted=0
checkpoint_phase lsn=20312 phase=value_index_schedule slot=0 started_ns=1790162844155398000 ended_ns=1790162844167322083 elapsed_us=11924 block_gets=0 block_puts=4 deleted=0
checkpoint_phase lsn=20312 phase=value_index_schedule slot=0 started_ns=1790162844167337000 ended_ns=1790162844167337250 elapsed_us=0 block_gets=0 block_puts=0 deleted=0
checkpoint_phase lsn=20312 phase=value_index_schedule slot=0 started_ns=1790162844167345000 ended_ns=1790162844167563167 elapsed_us=218 block_gets=0 block_puts=0 deleted=0
checkpoint_phase lsn=20312 phase=value_index_schedule slot=0 started_ns=1790162844167572000 ended_ns=1790162844167845583 elapsed_us=273 block_gets=0 block_puts=0 deleted=0
checkpoint_phase lsn=20312 phase=value_index_schedule slot=0 started_ns=1790162844167855000 ended_ns=1790162844168116250 elapsed_us=261 block_gets=0 block_puts=0 deleted=0
checkpoint_phase lsn=20312 phase=value_index_schedule slot=0 started_ns=1790162844168124000 ended_ns=1790162844168385125 elapsed_us=261 block_gets=0 block_puts=0 deleted=0
checkpoint_phase lsn=20312 phase=value_index_schedule slot=0 started_ns=1790162844168393000 ended_ns=1790162844173181708 elapsed_us=4788 block_gets=0 block_puts=1 deleted=0
checkpoint_phase lsn=20312 phase=value_index_schedule slot=0 started_ns=1790162844173202000 ended_ns=1790162844173462625 elapsed_us=260 block_gets=0 block_puts=0 deleted=0
checkpoint_phase lsn=20312 phase=value_index_schedule slot=0 started_ns=1790162844173477000 ended_ns=1790162844173740250 elapsed_us=263 block_gets=0 block_puts=0 deleted=0
checkpoint_phase lsn=20312 phase=value_index_schedule slot=0 started_ns=1790162844173751000 ended_ns=1790162844178248583 elapsed_us=4497 block_gets=0 block_puts=1 deleted=0
checkpoint_phase lsn=20312 phase=value_index_schedule slot=0 started_ns=1790162844178264000 ended_ns=1790162844178376583 elapsed_us=112 block_gets=0 block_puts=0 deleted=0
checkpoint_phase lsn=20312 phase=value_index_schedule slot=0 started_ns=1790162844178388000 ended_ns=1790162844178527208 elapsed_us=139 block_gets=0 block_puts=0 deleted=0
checkpoint_phase lsn=20312 phase=value_index_schedule slot=0 started_ns=1790162844178536000 ended_ns=1790162844183110458 elapsed_us=4574 block_gets=0 block_puts=1 deleted=0
checkpoint_phase lsn=20312 phase=value_index_schedule slot=0 started_ns=1790162844183121000 ended_ns=1790162844194929458 elapsed_us=11808 block_gets=0 block_puts=4 deleted=0
checkpoint_phase lsn=20312 phase=value_index_schedule slot=0 started_ns=1790162844194949000 ended_ns=1790162844194949291 elapsed_us=0 block_gets=0 block_puts=0 deleted=0
checkpoint_phase lsn=20312 phase=value_index_write slot=0 started_ns=1790162844194958000 ended_ns=1790162844207193166 elapsed_us=12235 block_gets=0 block_puts=4 deleted=0
checkpoint_phase lsn=20312 phase=value_index_write slot=0 started_ns=1790162844207210000 ended_ns=1790162844219262875 elapsed_us=12052 block_gets=0 block_puts=4 deleted=0
checkpoint_phase lsn=20312 phase=value_index_write slot=0 started_ns=1790162844219280000 ended_ns=1790162844231175958 elapsed_us=11895 block_gets=0 block_puts=4 deleted=0
checkpoint_phase lsn=20312 phase=value_index_write slot=0 started_ns=1790162844231193000 ended_ns=1790162844242515041 elapsed_us=11322 block_gets=0 block_puts=4 deleted=0
checkpoint_phase lsn=20312 phase=value_index_write slot=0 started_ns=1790162844242533000 ended_ns=1790162844254413625 elapsed_us=11880 block_gets=0 block_puts=4 deleted=0
checkpoint_phase lsn=20312 phase=value_index_write slot=0 started_ns=1790162844254436000 ended_ns=1790162844268217959 elapsed_us=13781 block_gets=0 block_puts=4 deleted=0
checkpoint_phase lsn=20312 phase=value_index_write slot=0 started_ns=1790162844268243000 ended_ns=1790162844281809625 elapsed_us=13566 block_gets=0 block_puts=4 deleted=0
checkpoint_phase lsn=20312 phase=value_index_write slot=0 started_ns=1790162844281831000 ended_ns=1790162844296288750 elapsed_us=14457 block_gets=0 block_puts=4 deleted=0
checkpoint_phase lsn=20312 phase=value_index_write slot=0 started_ns=1790162844296324000 ended_ns=1790162844311159875 elapsed_us=14835 block_gets=0 block_puts=4 deleted=0
checkpoint_phase lsn=20312 phase=value_index_write slot=0 started_ns=1790162844311181000 ended_ns=1790162844324243250 elapsed_us=13062 block_gets=0 block_puts=4 deleted=0
checkpoint_phase lsn=20312 phase=value_index_write slot=0 started_ns=1790162844324264000 ended_ns=1790162844336060042 elapsed_us=11796 block_gets=0 block_puts=4 deleted=0
checkpoint_phase lsn=20312 phase=value_index_write slot=0 started_ns=1790162844336077000 ended_ns=1790162844348351250 elapsed_us=12274 block_gets=0 block_puts=4 deleted=0
checkpoint_phase lsn=20312 phase=value_index_write slot=0 started_ns=1790162844348369000 ended_ns=1790162844360733250 elapsed_us=12364 block_gets=0 block_puts=4 deleted=0
checkpoint_phase lsn=20312 phase=value_index_write slot=0 started_ns=1790162844360754000 ended_ns=1790162844372963541 elapsed_us=12209 block_gets=0 block_puts=4 deleted=0
checkpoint_phase lsn=20312 phase=value_index_write slot=0 started_ns=1790162844372984000 ended_ns=1790162844385391084 elapsed_us=12407 block_gets=0 block_puts=4 deleted=0
checkpoint_phase lsn=20312 phase=value_index_write slot=0 started_ns=1790162844385414000 ended_ns=1790162844393413083 elapsed_us=7999 block_gets=0 block_puts=3 deleted=0
checkpoint_phase lsn=20312 phase=value_index_schedule slot=0 started_ns=1790162844393443000 ended_ns=1790162844393446292 elapsed_us=3 block_gets=0 block_puts=0 deleted=0
checkpoint_phase lsn=20312 phase=value_index_schedule slot=0 started_ns=1790162844393456000 ended_ns=1790162844394390333 elapsed_us=934 block_gets=0 block_puts=0 deleted=0
checkpoint_phase lsn=20312 phase=value_index_schedule slot=0 started_ns=1790162844394425000 ended_ns=1790162844417330791 elapsed_us=22905 block_gets=8 block_puts=0 deleted=0
checkpoint_phase lsn=20312 phase=value_index_schedule slot=0 started_ns=1790162844417360000 ended_ns=1790162844439774917 elapsed_us=22414 block_gets=8 block_puts=0 deleted=0
checkpoint_phase lsn=20312 phase=value_index_schedule slot=0 started_ns=1790162844439796000 ended_ns=1790162844462663542 elapsed_us=22867 block_gets=8 block_puts=0 deleted=0
checkpoint_phase lsn=20312 phase=value_index_schedule slot=0 started_ns=1790162844462684000 ended_ns=1790162844491837458 elapsed_us=29153 block_gets=8 block_puts=0 deleted=0
checkpoint_phase lsn=20312 phase=value_index_schedule slot=0 started_ns=1790162844491870000 ended_ns=1790162844518435417 elapsed_us=26565 block_gets=8 block_puts=0 deleted=0
checkpoint_phase lsn=20312 phase=value_index_schedule slot=0 started_ns=1790162844518453000 ended_ns=1790162844540559042 elapsed_us=22106 block_gets=8 block_puts=0 deleted=0
checkpoint_phase lsn=20312 phase=value_index_schedule slot=0 started_ns=1790162844540585000 ended_ns=1790162844563713250 elapsed_us=23128 block_gets=8 block_puts=0 deleted=0
checkpoint_phase lsn=20312 phase=value_index_schedule slot=0 started_ns=1790162844563737000 ended_ns=1790162844589175792 elapsed_us=25438 block_gets=8 block_puts=0 deleted=0
checkpoint_phase lsn=20312 phase=value_index_schedule slot=0 started_ns=1790162844589196000 ended_ns=1790162844612609875 elapsed_us=23413 block_gets=8 block_puts=0 deleted=0
checkpoint_phase lsn=20312 phase=value_index_schedule slot=0 started_ns=1790162844612631000 ended_ns=1790162844634913042 elapsed_us=22282 block_gets=8 block_puts=0 deleted=0
checkpoint_phase lsn=20312 phase=value_index_schedule slot=0 started_ns=1790162844634931000 ended_ns=1790162844657345583 elapsed_us=22414 block_gets=8 block_puts=0 deleted=0
checkpoint_phase lsn=20312 phase=value_index_schedule slot=0 started_ns=1790162844657367000 ended_ns=1790162844680903375 elapsed_us=23536 block_gets=8 block_puts=0 deleted=0
checkpoint_phase lsn=20312 phase=value_index_schedule slot=0 started_ns=1790162844680924000 ended_ns=1790162844703586583 elapsed_us=22662 block_gets=8 block_puts=0 deleted=0
checkpoint_phase lsn=20312 phase=value_index_schedule slot=0 started_ns=1790162844703609000 ended_ns=1790162844725404500 elapsed_us=21795 block_gets=8 block_puts=0 deleted=0
checkpoint_phase lsn=20312 phase=value_index_schedule slot=0 started_ns=1790162844725439000 ended_ns=1790162844739014750 elapsed_us=13575 block_gets=2 block_puts=0 deleted=0
checkpoint_phase lsn=20312 phase=value_index_schedule slot=0 started_ns=1790162844739054000 ended_ns=1790162844739081500 elapsed_us=27 block_gets=0 block_puts=0 deleted=0
checkpoint_phase lsn=20312 phase=value_index_schedule slot=0 started_ns=1790162844739095000 ended_ns=1790162844739116916 elapsed_us=21 block_gets=0 block_puts=0 deleted=0
checkpoint_phase lsn=20312 phase=value_index_schedule slot=0 started_ns=1790162844739126000 ended_ns=1790162844743141042 elapsed_us=4015 block_gets=0 block_puts=1 deleted=0
checkpoint_phase lsn=20312 phase=value_index_schedule slot=0 started_ns=1790162844743160000 ended_ns=1790162844754914875 elapsed_us=11754 block_gets=0 block_puts=4 deleted=0
checkpoint_phase lsn=20312 phase=value_index_schedule slot=0 started_ns=1790162844754936000 ended_ns=1790162844757869208 elapsed_us=2933 block_gets=0 block_puts=0 deleted=0
checkpoint_phase lsn=20312 phase=value_index_schedule slot=0 started_ns=1790162844757885000 ended_ns=1790162844762315958 elapsed_us=4430 block_gets=0 block_puts=0 deleted=0
checkpoint_phase lsn=20312 phase=value_index_schedule slot=0 started_ns=1790162844762338000 ended_ns=1790162844769936500 elapsed_us=7598 block_gets=0 block_puts=0 deleted=0
checkpoint_phase lsn=20312 phase=value_index_schedule slot=0 started_ns=1790162844769966000 ended_ns=1790162844772435958 elapsed_us=2469 block_gets=0 block_puts=0 deleted=0
checkpoint_phase lsn=20312 phase=value_index_schedule slot=0 started_ns=1790162844772456000 ended_ns=1790162844772483750 elapsed_us=27 block_gets=0 block_puts=0 deleted=0
checkpoint_phase lsn=20312 phase=value_index_schedule slot=0 started_ns=1790162844772494000 ended_ns=1790162844772517541 elapsed_us=23 block_gets=0 block_puts=0 deleted=0
checkpoint_phase lsn=20312 phase=value_index_schedule slot=0 started_ns=1790162844772526000 ended_ns=1790162844776964375 elapsed_us=4438 block_gets=0 block_puts=1 deleted=0
checkpoint_phase lsn=20312 phase=value_index_schedule slot=0 started_ns=1790162844776987000 ended_ns=1790162844789878834 elapsed_us=12891 block_gets=0 block_puts=4 deleted=0
checkpoint_phase lsn=20312 phase=value_index_schedule slot=0 started_ns=1790162844789900000 ended_ns=1790162844790549875 elapsed_us=649 block_gets=0 block_puts=0 deleted=0
checkpoint_phase lsn=20312 phase=value_index_schedule slot=0 started_ns=1790162844790563000 ended_ns=1790162844790767291 elapsed_us=204 block_gets=0 block_puts=0 deleted=0
checkpoint_phase lsn=20312 phase=value_index_schedule slot=0 started_ns=1790162844790776000 ended_ns=1790162844790973416 elapsed_us=197 block_gets=0 block_puts=0 deleted=0
checkpoint_phase lsn=20312 phase=value_index_schedule slot=0 started_ns=1790162844790983000 ended_ns=1790162844796148375 elapsed_us=5165 block_gets=0 block_puts=1 deleted=0
checkpoint_phase lsn=20312 phase=value_index_schedule slot=0 started_ns=1790162844796173000 ended_ns=1790162844796503750 elapsed_us=330 block_gets=0 block_puts=0 deleted=0
checkpoint_phase lsn=20312 phase=value_index_schedule slot=0 started_ns=1790162844796518000 ended_ns=1790162844796874625 elapsed_us=356 block_gets=0 block_puts=0 deleted=0
checkpoint_phase lsn=20312 phase=value_index_schedule slot=0 started_ns=1790162844796887000 ended_ns=1790162844801580167 elapsed_us=4693 block_gets=0 block_puts=1 deleted=0
checkpoint_phase lsn=20312 phase=value_index_schedule slot=0 started_ns=1790162844801599000 ended_ns=1790162844801767834 elapsed_us=168 block_gets=0 block_puts=0 deleted=0
checkpoint_phase lsn=20312 phase=value_index_schedule slot=0 started_ns=1790162844801778000 ended_ns=1790162844816370417 elapsed_us=14592 block_gets=0 block_puts=4 deleted=0
checkpoint_phase lsn=20312 phase=value_index_schedule slot=0 started_ns=1790162844816398000 ended_ns=1790162844819235917 elapsed_us=2837 block_gets=0 block_puts=0 deleted=0
checkpoint_phase lsn=20312 phase=value_index_schedule slot=0 started_ns=1790162844819255000 ended_ns=1790162844822012083 elapsed_us=2757 block_gets=0 block_puts=0 deleted=0
checkpoint_phase lsn=20312 phase=value_index_schedule slot=0 started_ns=1790162844822040000 ended_ns=1790162844824729667 elapsed_us=2689 block_gets=0 block_puts=0 deleted=0
checkpoint_phase lsn=20312 phase=value_index_schedule slot=0 started_ns=1790162844824743000 ended_ns=1790162844824771250 elapsed_us=28 block_gets=0 block_puts=0 deleted=0
checkpoint_phase lsn=20312 phase=value_index_schedule slot=0 started_ns=1790162844824780000 ended_ns=1790162844824802333 elapsed_us=22 block_gets=0 block_puts=0 deleted=0
checkpoint_phase lsn=20312 phase=value_index_schedule slot=0 started_ns=1790162844824812000 ended_ns=1790162844830395167 elapsed_us=5583 block_gets=0 block_puts=1 deleted=0
checkpoint_phase lsn=20312 phase=value_index_schedule slot=0 started_ns=1790162844830419000 ended_ns=1790162844842982042 elapsed_us=12563 block_gets=0 block_puts=4 deleted=0
checkpoint_phase lsn=20312 phase=value_index_schedule slot=0 started_ns=1790162844843004000 ended_ns=1790162844843004250 elapsed_us=0 block_gets=0 block_puts=0 deleted=0
checkpoint_phase lsn=20312 phase=value_index_schedule slot=0 started_ns=1790162844843013000 ended_ns=1790162844843751333 elapsed_us=738 block_gets=0 block_puts=0 deleted=0
checkpoint_phase lsn=20312 phase=value_index_schedule slot=0 started_ns=1790162844843780000 ended_ns=1790162844844135667 elapsed_us=355 block_gets=0 block_puts=0 deleted=0
checkpoint_phase lsn=20312 phase=value_index_schedule slot=0 started_ns=1790162844844152000 ended_ns=1790162844844496042 elapsed_us=344 block_gets=0 block_puts=0 deleted=0
checkpoint_phase lsn=20312 phase=value_index_schedule slot=0 started_ns=1790162844844509000 ended_ns=1790162844849690084 elapsed_us=5181 block_gets=0 block_puts=1 deleted=0
checkpoint_phase lsn=20312 phase=value_index_schedule slot=0 started_ns=1790162844849725000 ended_ns=1790162844850107041 elapsed_us=382 block_gets=0 block_puts=0 deleted=0
checkpoint_phase lsn=20312 phase=value_index_schedule slot=0 started_ns=1790162844850129000 ended_ns=1790162844850467958 elapsed_us=338 block_gets=0 block_puts=0 deleted=0
checkpoint_phase lsn=20312 phase=value_index_schedule slot=0 started_ns=1790162844850481000 ended_ns=1790162844855082041 elapsed_us=4601 block_gets=0 block_puts=1 deleted=0
checkpoint_phase lsn=20312 phase=value_index_schedule slot=0 started_ns=1790162844855100000 ended_ns=1790162844855292209 elapsed_us=192 block_gets=0 block_puts=0 deleted=0
checkpoint_phase lsn=20312 phase=value_index_schedule slot=0 started_ns=1790162844855302000 ended_ns=1790162844855495334 elapsed_us=193 block_gets=0 block_puts=0 deleted=0
checkpoint_phase lsn=20312 phase=value_index_schedule slot=0 started_ns=1790162844855504000 ended_ns=1790162844860007042 elapsed_us=4503 block_gets=0 block_puts=1 deleted=0
checkpoint_phase lsn=20312 phase=value_index_schedule slot=0 started_ns=1790162844860025000 ended_ns=1790162844860122834 elapsed_us=97 block_gets=0 block_puts=0 deleted=0
checkpoint_phase lsn=20312 phase=value_index_schedule slot=0 started_ns=1790162844860136000 ended_ns=1790162844872736458 elapsed_us=12600 block_gets=0 block_puts=4 deleted=0
checkpoint_phase lsn=20312 phase=value_index_schedule slot=0 started_ns=1790162844872756000 ended_ns=1790162844872756292 elapsed_us=0 block_gets=0 block_puts=0 deleted=0
checkpoint_phase lsn=20312 phase=value_index_write slot=0 started_ns=1790162844872773000 ended_ns=1790162844882994208 elapsed_us=10221 block_gets=0 block_puts=3 deleted=0
checkpoint_phase lsn=20312 phase=value_index_write slot=0 started_ns=1790162844883016000 ended_ns=1790162844896114250 elapsed_us=13098 block_gets=0 block_puts=4 deleted=0
checkpoint_phase lsn=20312 phase=value_index_write slot=0 started_ns=1790162844896131000 ended_ns=1790162844909277584 elapsed_us=13146 block_gets=0 block_puts=4 deleted=0
checkpoint_phase lsn=20312 phase=value_index_write slot=0 started_ns=1790162844909297000 ended_ns=1790162844923177500 elapsed_us=13880 block_gets=0 block_puts=4 deleted=0
checkpoint_phase lsn=20312 phase=value_index_write slot=0 started_ns=1790162844923411000 ended_ns=1790162844938360250 elapsed_us=14949 block_gets=0 block_puts=4 deleted=0
checkpoint_phase lsn=20312 phase=value_index_write slot=0 started_ns=1790162844938384000 ended_ns=1790162844957360583 elapsed_us=18976 block_gets=0 block_puts=4 deleted=0
checkpoint_phase lsn=20312 phase=value_index_write slot=0 started_ns=1790162844957391000 ended_ns=1790162844974103667 elapsed_us=16712 block_gets=0 block_puts=4 deleted=0
checkpoint_phase lsn=20312 phase=value_index_write slot=0 started_ns=1790162844974124000 ended_ns=1790162844987609333 elapsed_us=13485 block_gets=0 block_puts=4 deleted=0
checkpoint_phase lsn=20312 phase=value_index_write slot=0 started_ns=1790162844987630000 ended_ns=1790162845002415584 elapsed_us=14785 block_gets=0 block_puts=4 deleted=0
checkpoint_phase lsn=20312 phase=value_index_write slot=0 started_ns=1790162845002444000 ended_ns=1790162845016246375 elapsed_us=13802 block_gets=0 block_puts=4 deleted=0
checkpoint_phase lsn=20312 phase=value_index_write slot=0 started_ns=1790162845016277000 ended_ns=1790162845032233917 elapsed_us=15956 block_gets=0 block_puts=5 deleted=0
checkpoint_phase lsn=20312 phase=row_sst_delta slot=0 started_ns=1790162845032273000 ended_ns=1790162845083274750 elapsed_us=51001 block_gets=0 block_puts=5 deleted=0
checkpoint_phase lsn=20312 phase=manifest slot=-1 started_ns=1790162845083298000 ended_ns=1790162845086905833 elapsed_us=3607 block_gets=0 block_puts=0 deleted=0
checkpoint_phase lsn=20312 phase=local_cleanup slot=-1 started_ns=1790162845086955000 ended_ns=1790162845087106292 elapsed_us=151 block_gets=0 block_puts=0 deleted=0
checkpoint_phase lsn=20312 phase=commit_prune slot=-1 started_ns=1790162845087111000 ended_ns=1790162845186299166 elapsed_us=99188 block_gets=0 block_puts=0 deleted=16
checkpoint_phase lsn=20312 phase=commit_prune slot=-1 started_ns=1790162845186318000 ended_ns=1790162845230347000 elapsed_us=44029 block_gets=0 block_puts=0 deleted=16
checkpoint_phase lsn=20312 phase=commit_prune slot=-1 started_ns=1790162845230372000 ended_ns=1790162845274128917 elapsed_us=43756 block_gets=0 block_puts=0 deleted=16
checkpoint_phase lsn=20312 phase=commit_prune slot=-1 started_ns=1790162845274148000 ended_ns=1790162845316073959 elapsed_us=41925 block_gets=0 block_puts=0 deleted=16
checkpoint_phase lsn=20312 phase=commit_prune slot=-1 started_ns=1790162845316093000 ended_ns=1790162845321671542 elapsed_us=5578 block_gets=0 block_puts=0 deleted=2
checkpoint_phase lsn=20312 phase=legacy_gc slot=-1 started_ns=1790162845321689000 ended_ns=1790162845345816250 elapsed_us=24127 block_gets=0 block_puts=0 deleted=0
checkpoint_phase lsn=20312 phase=gc_keep slot=-1 started_ns=1790162845345831000 ended_ns=1790162845349473833 elapsed_us=3642 block_gets=0 block_puts=0 deleted=0
checkpoint_phase lsn=20312 phase=gc_list slot=-1 started_ns=1790162845349486000 ended_ns=1790162845428360541 elapsed_us=78874 block_gets=0 block_puts=0 deleted=0
checkpoint_phase lsn=20312 phase=gc_delete slot=-1 started_ns=1790162845428384000 ended_ns=1790162845471161958 elapsed_us=42777 block_gets=0 block_puts=0 deleted=16
checkpoint_phase lsn=20312 phase=gc_delete slot=-1 started_ns=1790162845471177000 ended_ns=1790162845515068250 elapsed_us=43891 block_gets=0 block_puts=0 deleted=16
checkpoint_phase lsn=20312 phase=gc_delete slot=-1 started_ns=1790162845515090000 ended_ns=1790162845566972333 elapsed_us=51882 block_gets=0 block_puts=0 deleted=16
checkpoint_phase lsn=20312 phase=gc_delete slot=-1 started_ns=1790162845566989000 ended_ns=1790162845609959625 elapsed_us=42970 block_gets=0 block_puts=0 deleted=16
checkpoint_phase lsn=20312 phase=gc_delete slot=-1 started_ns=1790162845609977000 ended_ns=1790162845651969333 elapsed_us=41992 block_gets=0 block_puts=0 deleted=16
checkpoint_phase lsn=20312 phase=gc_delete slot=-1 started_ns=1790162845651991000 ended_ns=1790162845697447583 elapsed_us=45456 block_gets=0 block_puts=0 deleted=16
checkpoint_phase lsn=20312 phase=gc_delete slot=-1 started_ns=1790162845697464000 ended_ns=1790162845743455667 elapsed_us=45991 block_gets=0 block_puts=0 deleted=16
checkpoint_phase lsn=20312 phase=gc_delete slot=-1 started_ns=1790162845743483000 ended_ns=1790162845785174416 elapsed_us=41691 block_gets=0 block_puts=0 deleted=16
checkpoint_phase lsn=20312 phase=gc_delete slot=-1 started_ns=1790162845785191000 ended_ns=1790162845826118167 elapsed_us=40927 block_gets=0 block_puts=0 deleted=16
checkpoint_phase lsn=20312 phase=gc_delete slot=-1 started_ns=1790162845826132000 ended_ns=1790162845869154583 elapsed_us=43022 block_gets=0 block_puts=0 deleted=16
checkpoint_phase lsn=20312 phase=gc_delete slot=-1 started_ns=1790162845869168000 ended_ns=1790162845911854917 elapsed_us=42686 block_gets=0 block_puts=0 deleted=16
checkpoint_phase lsn=20312 phase=gc_delete slot=-1 started_ns=1790162845911871000 ended_ns=1790162845954738500 elapsed_us=42867 block_gets=0 block_puts=0 deleted=16
checkpoint_phase lsn=20312 phase=gc_delete slot=-1 started_ns=1790162845954757000 ended_ns=1790162846002928292 elapsed_us=48171 block_gets=0 block_puts=0 deleted=16
checkpoint_phase lsn=20312 phase=gc_delete slot=-1 started_ns=1790162846002947000 ended_ns=1790162846045013750 elapsed_us=42066 block_gets=0 block_puts=0 deleted=16
checkpoint_phase lsn=20312 phase=gc_delete slot=-1 started_ns=1790162846045029000 ended_ns=1790162846088241375 elapsed_us=43212 block_gets=0 block_puts=0 deleted=16
checkpoint_phase lsn=20312 phase=gc_delete slot=-1 started_ns=1790162846088260000 ended_ns=1790162846131185375 elapsed_us=42925 block_gets=0 block_puts=0 deleted=16
checkpoint_phase lsn=20312 phase=gc_delete slot=-1 started_ns=1790162846131202000 ended_ns=1790162846174209166 elapsed_us=43007 block_gets=0 block_puts=0 deleted=16
checkpoint_phase lsn=20312 phase=gc_delete slot=-1 started_ns=1790162846174223000 ended_ns=1790162846217681250 elapsed_us=43458 block_gets=0 block_puts=0 deleted=16
checkpoint_phase lsn=20312 phase=gc_delete slot=-1 started_ns=1790162846217695000 ended_ns=1790162846262310250 elapsed_us=44615 block_gets=0 block_puts=0 deleted=16
checkpoint_phase lsn=20312 phase=gc_delete slot=-1 started_ns=1790162846262326000 ended_ns=1790162846306255333 elapsed_us=43929 block_gets=0 block_puts=0 deleted=16
checkpoint_phase lsn=20312 phase=gc_delete slot=-1 started_ns=1790162846306272000 ended_ns=1790162846350027083 elapsed_us=43755 block_gets=0 block_puts=0 deleted=16
checkpoint_phase lsn=20312 phase=gc_delete slot=-1 started_ns=1790162846350047000 ended_ns=1790162846405847709 elapsed_us=55800 block_gets=0 block_puts=0 deleted=16
checkpoint_phase lsn=20312 phase=gc_delete slot=-1 started_ns=1790162846405866000 ended_ns=1790162846451061500 elapsed_us=45195 block_gets=0 block_puts=0 deleted=16
checkpoint_phase lsn=20312 phase=gc_delete slot=-1 started_ns=1790162846451077000 ended_ns=1790162846494538041 elapsed_us=43461 block_gets=0 block_puts=0 deleted=16
checkpoint_phase lsn=20312 phase=gc_delete slot=-1 started_ns=1790162846494555000 ended_ns=1790162846556687792 elapsed_us=62132 block_gets=0 block_puts=0 deleted=16
checkpoint_phase lsn=20312 phase=gc_delete slot=-1 started_ns=1790162846556709000 ended_ns=1790162846600704042 elapsed_us=43995 block_gets=0 block_puts=0 deleted=16
checkpoint_phase lsn=20312 phase=gc_delete slot=-1 started_ns=1790162846600733000 ended_ns=1790162846628725459 elapsed_us=27992 block_gets=0 block_puts=0 deleted=10
checkpoint_phase lsn=20312 phase=row_merge_schedule slot=0 started_ns=1790162846628901000 ended_ns=1790162846629235458 elapsed_us=334 block_gets=0 block_puts=0 deleted=0
checkpoint_phase lsn=20312 phase=row_merge_schedule slot=0 started_ns=1790162846629309000 ended_ns=1790162846629563875 elapsed_us=254 block_gets=0 block_puts=0 deleted=0
checkpoint_phase lsn=20312 phase=row_merge_schedule slot=0 started_ns=1790162846629645000 ended_ns=1790162846629898875 elapsed_us=253 block_gets=0 block_puts=0 deleted=0
checkpoint_phase lsn=20312 phase=row_merge_schedule slot=0 started_ns=1790162846631561000 ended_ns=1790162846631818667 elapsed_us=257 block_gets=0 block_puts=0 deleted=0
checkpoint_phase lsn=20312 phase=row_merge_schedule slot=0 started_ns=1790162846631876000 ended_ns=1790162846632124833 elapsed_us=248 block_gets=0 block_puts=0 deleted=0
checkpoint_phase lsn=20312 phase=row_merge_schedule slot=0 started_ns=1790162846632218000 ended_ns=1790162846632470292 elapsed_us=252 block_gets=0 block_puts=0 deleted=0
checkpoint_phase lsn=20312 phase=row_merge_schedule slot=0 started_ns=1790162846632801000 ended_ns=1790162846633054542 elapsed_us=253 block_gets=0 block_puts=0 deleted=0
checkpoint_phase lsn=20312 phase=row_merge_schedule slot=0 started_ns=1790162846633099000 ended_ns=1790162846633346250 elapsed_us=247 block_gets=0 block_puts=0 deleted=0
checkpoint_phase lsn=20312 phase=row_merge_schedule slot=0 started_ns=1790162846633389000 ended_ns=1790162846633641458 elapsed_us=252 block_gets=0 block_puts=0 deleted=0
checkpoint_phase lsn=20312 phase=row_merge_schedule slot=0 started_ns=1790162846633684000 ended_ns=1790162846633937416 elapsed_us=253 block_gets=0 block_puts=0 deleted=0
checkpoint_phase lsn=20312 phase=row_merge_schedule slot=0 started_ns=1790162846633980000 ended_ns=1790162846634236000 elapsed_us=256 block_gets=0 block_puts=0 deleted=0
checkpoint_phase lsn=20312 phase=row_merge_schedule slot=0 started_ns=1790162846634278000 ended_ns=1790162846634530125 elapsed_us=252 block_gets=0 block_puts=0 deleted=0
checkpoint_phase lsn=20312 phase=row_merge_schedule slot=0 started_ns=1790162846634571000 ended_ns=1790162846634818917 elapsed_us=247 block_gets=0 block_puts=0 deleted=0
checkpoint_phase lsn=20312 phase=row_merge_schedule slot=0 started_ns=1790162846634861000 ended_ns=1790162846635118958 elapsed_us=257 block_gets=0 block_puts=0 deleted=0
checkpoint_phase lsn=20312 phase=row_merge_schedule slot=0 started_ns=1790162846635160000 ended_ns=1790162846635411458 elapsed_us=251 block_gets=0 block_puts=0 deleted=0
checkpoint_phase lsn=20312 phase=row_merge_schedule slot=0 started_ns=1790162846635454000 ended_ns=1790162846635717917 elapsed_us=263 block_gets=0 block_puts=0 deleted=0
checkpoint_phase lsn=20312 phase=row_merge_schedule slot=0 started_ns=1790162846635758000 ended_ns=1790162846635826375 elapsed_us=68 block_gets=0 block_puts=0 deleted=0
checkpoint_phase lsn=20312 phase=row_merge_schedule slot=0 started_ns=1790162846635867000 ended_ns=1790162846659854542 elapsed_us=23987 block_gets=8 block_puts=0 deleted=0
checkpoint_phase lsn=20312 phase=row_merge_schedule slot=0 started_ns=1790162846659929000 ended_ns=1790162846679927000 elapsed_us=19998 block_gets=7 block_puts=0 deleted=0
checkpoint_phase lsn=20312 phase=row_merge_schedule slot=0 started_ns=1790162846679999000 ended_ns=1790162846700990209 elapsed_us=20991 block_gets=7 block_puts=0 deleted=0
checkpoint_phase lsn=20312 phase=row_merge_schedule slot=0 started_ns=1790162846701071000 ended_ns=1790162846721484583 elapsed_us=20413 block_gets=7 block_puts=0 deleted=0
checkpoint_phase lsn=20312 phase=row_merge_schedule slot=0 started_ns=1790162846721563000 ended_ns=1790162846740711333 elapsed_us=19148 block_gets=7 block_puts=0 deleted=0
checkpoint_phase lsn=20312 phase=row_merge_schedule slot=0 started_ns=1790162846740788000 ended_ns=1790162846760982084 elapsed_us=20194 block_gets=7 block_puts=0 deleted=0
checkpoint_phase lsn=20312 phase=row_merge_schedule slot=0 started_ns=1790162846763779000 ended_ns=1790162846784430541 elapsed_us=20651 block_gets=7 block_puts=0 deleted=0
checkpoint_phase lsn=20312 phase=row_merge_schedule slot=0 started_ns=1790162846786477000 ended_ns=1790162846807559208 elapsed_us=21082 block_gets=7 block_puts=0 deleted=0
checkpoint_phase lsn=20312 phase=row_merge_schedule slot=0 started_ns=1790162846809590000 ended_ns=1790162846830189667 elapsed_us=20599 block_gets=7 block_puts=0 deleted=0
checkpoint_phase lsn=20312 phase=row_merge_schedule slot=0 started_ns=1790162846832242000 ended_ns=1790162846852855375 elapsed_us=20613 block_gets=7 block_puts=0 deleted=0
checkpoint_phase lsn=20312 phase=row_merge_schedule slot=0 started_ns=1790162846854987000 ended_ns=1790162846875718417 elapsed_us=20731 block_gets=7 block_puts=0 deleted=0
checkpoint_phase lsn=20312 phase=row_merge_schedule slot=0 started_ns=1790162846877769000 ended_ns=1790162846899134000 elapsed_us=21365 block_gets=7 block_puts=0 deleted=0
checkpoint_phase lsn=20312 phase=row_merge_schedule slot=0 started_ns=1790162846901922000 ended_ns=1790162846922841541 elapsed_us=20919 block_gets=7 block_puts=0 deleted=0
checkpoint_phase lsn=20312 phase=row_merge_schedule slot=0 started_ns=1790162846924890000 ended_ns=1790162846946102625 elapsed_us=21212 block_gets=7 block_puts=0 deleted=0
checkpoint_phase lsn=20312 phase=row_merge_schedule slot=0 started_ns=1790162846948775000 ended_ns=1790162846952317167 elapsed_us=3542 block_gets=1 block_puts=0 deleted=0
checkpoint_phase lsn=20312 phase=row_merge_write slot=0 started_ns=1790162846955067000 ended_ns=1790162846980224750 elapsed_us=25157 block_gets=0 block_puts=5 deleted=0
checkpoint_phase lsn=20312 phase=row_merge_write slot=0 started_ns=1790162846983614000 ended_ns=1790162847002136416 elapsed_us=18522 block_gets=0 block_puts=4 deleted=0
checkpoint_phase lsn=20312 phase=row_merge_write slot=0 started_ns=1790162847004170000 ended_ns=1790162847021048083 elapsed_us=16878 block_gets=0 block_puts=4 deleted=0
checkpoint_phase lsn=20312 phase=row_merge_write slot=0 started_ns=1790162847023092000 ended_ns=1790162847040346083 elapsed_us=17254 block_gets=0 block_puts=4 deleted=0
checkpoint_phase lsn=20312 phase=row_merge_write slot=0 started_ns=1790162847042404000 ended_ns=1790162847060098375 elapsed_us=17694 block_gets=0 block_puts=4 deleted=0
checkpoint_phase lsn=20312 phase=row_merge_write slot=0 started_ns=1790162847062161000 ended_ns=1790162847079333125 elapsed_us=17172 block_gets=0 block_puts=4 deleted=0
checkpoint_phase lsn=20312 phase=row_merge_write slot=0 started_ns=1790162847081412000 ended_ns=1790162847098747917 elapsed_us=17335 block_gets=0 block_puts=4 deleted=0
checkpoint_phase lsn=20312 phase=row_merge_write slot=0 started_ns=1790162847100796000 ended_ns=1790162847118099458 elapsed_us=17303 block_gets=0 block_puts=4 deleted=0
checkpoint_phase lsn=20312 phase=row_merge_write slot=0 started_ns=1790162847120312000 ended_ns=1790162847137400292 elapsed_us=17088 block_gets=0 block_puts=4 deleted=0
checkpoint_phase lsn=20312 phase=row_merge_write slot=0 started_ns=1790162847139424000 ended_ns=1790162847156390458 elapsed_us=16966 block_gets=0 block_puts=4 deleted=0
checkpoint_phase lsn=20312 phase=row_merge_write slot=0 started_ns=1790162847158430000 ended_ns=1790162847175141333 elapsed_us=16711 block_gets=0 block_puts=4 deleted=0
checkpoint_phase lsn=20312 phase=row_merge_write slot=0 started_ns=1790162847177161000 ended_ns=1790162847193696583 elapsed_us=16535 block_gets=0 block_puts=4 deleted=0
checkpoint_phase lsn=20312 phase=row_merge_write slot=0 started_ns=1790162847195780000 ended_ns=1790162847212031375 elapsed_us=16251 block_gets=0 block_puts=4 deleted=0
checkpoint_phase lsn=20312 phase=row_merge_write slot=0 started_ns=1790162847214070000 ended_ns=1790162847232883500 elapsed_us=18813 block_gets=0 block_puts=4 deleted=0
checkpoint_phase lsn=20312 phase=row_merge_write slot=0 started_ns=1790162847234951000 ended_ns=1790162847253759583 elapsed_us=18808 block_gets=0 block_puts=4 deleted=0
checkpoint_phase lsn=20312 phase=row_merge_write slot=0 started_ns=1790162847257308000 ended_ns=1790162847279387833 elapsed_us=22079 block_gets=0 block_puts=4 deleted=0
checkpoint_phase lsn=20312 phase=row_merge_write slot=0 started_ns=1790162847281509000 ended_ns=1790162847299119708 elapsed_us=17610 block_gets=0 block_puts=4 deleted=0
checkpoint_phase lsn=20312 phase=row_merge_write slot=0 started_ns=1790162847301181000 ended_ns=1790162847319114917 elapsed_us=17933 block_gets=0 block_puts=4 deleted=0
checkpoint_phase lsn=20312 phase=row_merge_write slot=0 started_ns=1790162847321153000 ended_ns=1790162847338646917 elapsed_us=17493 block_gets=0 block_puts=4 deleted=0
checkpoint_phase lsn=20312 phase=row_merge_write slot=0 started_ns=1790162847340735000 ended_ns=1790162847358219500 elapsed_us=17484 block_gets=0 block_puts=4 deleted=0
checkpoint_phase lsn=20312 phase=row_merge_write slot=0 started_ns=1790162847360398000 ended_ns=1790162847377287250 elapsed_us=16889 block_gets=0 block_puts=4 deleted=0
checkpoint_phase lsn=20312 phase=row_merge_write slot=0 started_ns=1790162847379365000 ended_ns=1790162847396137417 elapsed_us=16772 block_gets=0 block_puts=4 deleted=0
checkpoint_phase lsn=20312 phase=row_merge_write slot=0 started_ns=1790162847398146000 ended_ns=1790162847415012958 elapsed_us=16866 block_gets=0 block_puts=4 deleted=0
checkpoint_phase lsn=20312 phase=row_merge_write slot=0 started_ns=1790162847417053000 ended_ns=1790162847433458208 elapsed_us=16405 block_gets=0 block_puts=4 deleted=0
checkpoint_phase lsn=20312 phase=row_merge_write slot=0 started_ns=1790162847435517000 ended_ns=1790162847452756834 elapsed_us=17239 block_gets=0 block_puts=4 deleted=0
checkpoint_phase lsn=20312 phase=row_merge_write slot=0 started_ns=1790162847454818000 ended_ns=1790162847471618750 elapsed_us=16800 block_gets=0 block_puts=4 deleted=0
checkpoint_phase lsn=20312 phase=row_merge_write slot=0 started_ns=1790162847473671000 ended_ns=1790162847491386208 elapsed_us=17715 block_gets=0 block_puts=4 deleted=0
checkpoint_phase lsn=20312 phase=row_merge_write slot=0 started_ns=1790162847493447000 ended_ns=1790162847510954458 elapsed_us=17507 block_gets=0 block_puts=4 deleted=0
checkpoint_phase lsn=20312 phase=row_merge_write slot=0 started_ns=1790162847513054000 ended_ns=1790162847530258709 elapsed_us=17204 block_gets=0 block_puts=4 deleted=0
checkpoint_phase lsn=20312 phase=row_merge_write slot=0 started_ns=1790162847532312000 ended_ns=1790162847549213250 elapsed_us=16901 block_gets=0 block_puts=4 deleted=0
checkpoint_phase lsn=20312 phase=row_merge_write slot=0 started_ns=1790162847551246000 ended_ns=1790162847568316792 elapsed_us=17070 block_gets=0 block_puts=4 deleted=0
checkpoint_phase lsn=20312 phase=row_merge_write slot=0 started_ns=1790162847570340000 ended_ns=1790162847588010125 elapsed_us=17670 block_gets=0 block_puts=4 deleted=0
checkpoint_phase lsn=20312 phase=row_merge_write slot=0 started_ns=1790162847590806000 ended_ns=1790162847609699666 elapsed_us=18893 block_gets=0 block_puts=4 deleted=0
checkpoint_phase lsn=20312 phase=row_merge_write slot=0 started_ns=1790162847611793000 ended_ns=1790162847631098208 elapsed_us=19305 block_gets=0 block_puts=4 deleted=0
checkpoint_phase lsn=20312 phase=row_merge_write slot=0 started_ns=1790162847633530000 ended_ns=1790162847650518666 elapsed_us=16988 block_gets=0 block_puts=4 deleted=0
checkpoint_phase lsn=20312 phase=row_merge_write slot=0 started_ns=1790162847652588000 ended_ns=1790162847671641042 elapsed_us=19053 block_gets=0 block_puts=4 deleted=0
checkpoint_phase lsn=20312 phase=row_merge_write slot=0 started_ns=1790162847673755000 ended_ns=1790162847691543208 elapsed_us=17788 block_gets=0 block_puts=4 deleted=0
checkpoint_phase lsn=20312 phase=row_merge_write slot=0 started_ns=1790162847693598000 ended_ns=1790162847710476458 elapsed_us=16878 block_gets=0 block_puts=4 deleted=0
checkpoint_phase lsn=20312 phase=row_merge_write slot=0 started_ns=1790162847712488000 ended_ns=1790162847729437292 elapsed_us=16949 block_gets=0 block_puts=4 deleted=0
checkpoint_phase lsn=20312 phase=row_merge_write slot=0 started_ns=1790162847731491000 ended_ns=1790162847748316334 elapsed_us=16825 block_gets=0 block_puts=4 deleted=0
checkpoint_phase lsn=20312 phase=row_merge_write slot=0 started_ns=1790162847750387000 ended_ns=1790162847767031167 elapsed_us=16644 block_gets=0 block_puts=4 deleted=0
checkpoint_phase lsn=20312 phase=row_merge_write slot=0 started_ns=1790162847769109000 ended_ns=1790162847787072125 elapsed_us=17963 block_gets=0 block_puts=4 deleted=0
checkpoint_phase lsn=20312 phase=row_merge_write slot=0 started_ns=1790162847789140000 ended_ns=1790162847811348500 elapsed_us=22208 block_gets=0 block_puts=4 deleted=0
checkpoint_phase lsn=20312 phase=row_merge_write slot=0 started_ns=1790162847813382000 ended_ns=1790162847832306792 elapsed_us=18924 block_gets=0 block_puts=4 deleted=0
checkpoint_phase lsn=20312 phase=row_merge_write slot=0 started_ns=1790162847834363000 ended_ns=1790162847851789958 elapsed_us=17426 block_gets=0 block_puts=4 deleted=0
checkpoint_phase lsn=20312 phase=row_merge_write slot=0 started_ns=1790162847853846000 ended_ns=1790162847870624209 elapsed_us=16778 block_gets=0 block_puts=4 deleted=0
checkpoint_phase lsn=20312 phase=row_merge_write slot=0 started_ns=1790162847872659000 ended_ns=1790162847889560250 elapsed_us=16901 block_gets=0 block_puts=4 deleted=0
checkpoint_phase lsn=20312 phase=row_merge_write slot=0 started_ns=1790162847891618000 ended_ns=1790162847908596250 elapsed_us=16978 block_gets=0 block_puts=4 deleted=0
checkpoint_phase lsn=20312 phase=row_merge_write slot=0 started_ns=1790162847910662000 ended_ns=1790162847928014833 elapsed_us=17352 block_gets=0 block_puts=4 deleted=0
checkpoint_phase lsn=20312 phase=row_merge_write slot=0 started_ns=1790162847930244000 ended_ns=1790162847948411125 elapsed_us=18167 block_gets=0 block_puts=4 deleted=0
checkpoint_phase lsn=20312 phase=row_merge_write slot=0 started_ns=1790162847950923000 ended_ns=1790162847969341292 elapsed_us=18418 block_gets=0 block_puts=4 deleted=0
checkpoint_phase lsn=20312 phase=row_merge_write slot=0 started_ns=1790162847971586000 ended_ns=1790162847989990833 elapsed_us=18404 block_gets=0 block_puts=4 deleted=0
checkpoint_phase lsn=20312 phase=row_merge_write slot=0 started_ns=1790162847992072000 ended_ns=1790162848010010416 elapsed_us=17938 block_gets=0 block_puts=4 deleted=0
checkpoint_phase lsn=20312 phase=row_merge_write slot=0 started_ns=1790162848012063000 ended_ns=1790162848029891250 elapsed_us=17828 block_gets=0 block_puts=4 deleted=0
checkpoint_phase lsn=20312 phase=row_merge_write slot=0 started_ns=1790162848032204000 ended_ns=1790162848049083708 elapsed_us=16879 block_gets=0 block_puts=4 deleted=0
checkpoint_phase lsn=20312 phase=row_merge_write slot=0 started_ns=1790162848051165000 ended_ns=1790162848068649875 elapsed_us=17484 block_gets=0 block_puts=4 deleted=0
checkpoint_phase lsn=20312 phase=row_merge_write slot=0 started_ns=1790162848070705000 ended_ns=1790162848087642625 elapsed_us=16937 block_gets=0 block_puts=4 deleted=0
checkpoint_phase lsn=20312 phase=row_merge_write slot=0 started_ns=1790162848089849000 ended_ns=1790162848107191958 elapsed_us=17342 block_gets=0 block_puts=4 deleted=0
checkpoint_phase lsn=20312 phase=row_merge_write slot=0 started_ns=1790162848109267000 ended_ns=1790162848126974333 elapsed_us=17707 block_gets=0 block_puts=4 deleted=0
checkpoint_phase lsn=20312 phase=row_merge_write slot=0 started_ns=1790162848129157000 ended_ns=1790162848147572291 elapsed_us=18415 block_gets=0 block_puts=4 deleted=0
checkpoint_phase lsn=20312 phase=row_merge_write slot=0 started_ns=1790162848149668000 ended_ns=1790162848167480458 elapsed_us=17812 block_gets=0 block_puts=4 deleted=0
checkpoint_phase lsn=20312 phase=row_merge_write slot=0 started_ns=1790162848169573000 ended_ns=1790162848188453625 elapsed_us=18880 block_gets=0 block_puts=4 deleted=0
checkpoint_phase lsn=20312 phase=row_merge_write slot=0 started_ns=1790162848190532000 ended_ns=1790162848210002875 elapsed_us=19470 block_gets=0 block_puts=4 deleted=0
checkpoint_phase lsn=20312 phase=row_merge_write slot=0 started_ns=1790162848212064000 ended_ns=1790162848229973375 elapsed_us=17909 block_gets=0 block_puts=4 deleted=0
checkpoint_phase lsn=20312 phase=row_merge_write slot=0 started_ns=1790162848232133000 ended_ns=1790162848250192375 elapsed_us=18059 block_gets=0 block_puts=4 deleted=0
checkpoint_phase lsn=20312 phase=row_merge_write slot=0 started_ns=1790162848253039000 ended_ns=1790162848272306625 elapsed_us=19267 block_gets=0 block_puts=4 deleted=0
checkpoint_phase lsn=20312 phase=row_merge_write slot=0 started_ns=1790162848275827000 ended_ns=1790162848295176000 elapsed_us=19349 block_gets=0 block_puts=4 deleted=0
checkpoint_phase lsn=20312 phase=row_merge_write slot=0 started_ns=1790162848297252000 ended_ns=1790162848315339541 elapsed_us=18087 block_gets=0 block_puts=4 deleted=0
checkpoint_phase lsn=20312 phase=row_merge_write slot=0 started_ns=1790162848317443000 ended_ns=1790162848335440083 elapsed_us=17997 block_gets=0 block_puts=4 deleted=0
checkpoint_phase lsn=20312 phase=row_merge_write slot=0 started_ns=1790162848337560000 ended_ns=1790162848355283250 elapsed_us=17723 block_gets=0 block_puts=4 deleted=0
checkpoint_phase lsn=20312 phase=row_merge_write slot=0 started_ns=1790162848357346000 ended_ns=1790162848375667750 elapsed_us=18321 block_gets=0 block_puts=4 deleted=0
checkpoint_phase lsn=20312 phase=row_merge_write slot=0 started_ns=1790162848377774000 ended_ns=1790162848396843333 elapsed_us=19069 block_gets=0 block_puts=4 deleted=0
checkpoint_phase lsn=20312 phase=row_merge_write slot=0 started_ns=1790162848398885000 ended_ns=1790162848416132042 elapsed_us=17247 block_gets=0 block_puts=4 deleted=0
checkpoint_phase lsn=20312 phase=row_merge_write slot=0 started_ns=1790162848418190000 ended_ns=1790162848435379458 elapsed_us=17189 block_gets=0 block_puts=4 deleted=0
checkpoint_phase lsn=20312 phase=row_merge_write slot=0 started_ns=1790162848437400000 ended_ns=1790162848454325042 elapsed_us=16925 block_gets=0 block_puts=4 deleted=0
checkpoint_phase lsn=20312 phase=row_merge_write slot=0 started_ns=1790162848456330000 ended_ns=1790162848472697042 elapsed_us=16367 block_gets=0 block_puts=4 deleted=0
checkpoint_phase lsn=20312 phase=row_merge_write slot=0 started_ns=1790162848474889000 ended_ns=1790162848491771000 elapsed_us=16882 block_gets=0 block_puts=4 deleted=0
checkpoint_phase lsn=20312 phase=row_merge_write slot=0 started_ns=1790162848493955000 ended_ns=1790162848510458417 elapsed_us=16503 block_gets=0 block_puts=4 deleted=0
checkpoint_phase lsn=20312 phase=row_merge_write slot=0 started_ns=1790162848512506000 ended_ns=1790162848529795958 elapsed_us=17289 block_gets=0 block_puts=4 deleted=0
checkpoint_phase lsn=20312 phase=row_merge_write slot=0 started_ns=1790162848531993000 ended_ns=1790162848549690667 elapsed_us=17697 block_gets=0 block_puts=4 deleted=0
checkpoint_phase lsn=20312 phase=row_merge_write slot=0 started_ns=1790162848551743000 ended_ns=1790162848569087542 elapsed_us=17344 block_gets=0 block_puts=4 deleted=0
checkpoint_phase lsn=20312 phase=row_merge_write slot=0 started_ns=1790162848571217000 ended_ns=1790162848588268500 elapsed_us=17051 block_gets=0 block_puts=4 deleted=0
checkpoint_phase lsn=20312 phase=row_merge_write slot=0 started_ns=1790162848590282000 ended_ns=1790162848606899666 elapsed_us=16617 block_gets=0 block_puts=4 deleted=0
checkpoint_phase lsn=20312 phase=row_merge_write slot=0 started_ns=1790162848608899000 ended_ns=1790162848626372666 elapsed_us=17473 block_gets=0 block_puts=4 deleted=0
checkpoint_phase lsn=20312 phase=row_merge_write slot=0 started_ns=1790162848628409000 ended_ns=1790162848644897125 elapsed_us=16488 block_gets=0 block_puts=4 deleted=0
checkpoint_phase lsn=20312 phase=row_merge_write slot=0 started_ns=1790162848647101000 ended_ns=1790162848670453625 elapsed_us=23352 block_gets=0 block_puts=4 deleted=0
checkpoint_phase lsn=20312 phase=row_merge_write slot=0 started_ns=1790162848672559000 ended_ns=1790162848694002542 elapsed_us=21443 block_gets=0 block_puts=4 deleted=0
checkpoint_phase lsn=20312 phase=row_merge_write slot=0 started_ns=1790162848696122000 ended_ns=1790162848718795292 elapsed_us=22673 block_gets=0 block_puts=4 deleted=0
checkpoint_phase lsn=20312 phase=row_merge_write slot=0 started_ns=1790162848720969000 ended_ns=1790162848738581791 elapsed_us=17612 block_gets=0 block_puts=4 deleted=0
checkpoint_phase lsn=20312 phase=row_merge_write slot=0 started_ns=1790162848740663000 ended_ns=1790162848757398458 elapsed_us=16735 block_gets=0 block_puts=4 deleted=0
checkpoint_phase lsn=20312 phase=row_merge_write slot=0 started_ns=1790162848759466000 ended_ns=1790162848777245584 elapsed_us=17779 block_gets=0 block_puts=4 deleted=0
checkpoint_phase lsn=20312 phase=row_merge_write slot=0 started_ns=1790162848777319000 ended_ns=1790162848794750667 elapsed_us=17431 block_gets=0 block_puts=4 deleted=0
checkpoint_phase lsn=20312 phase=row_merge_write slot=0 started_ns=1790162848794830000 ended_ns=1790162848811944917 elapsed_us=17114 block_gets=0 block_puts=4 deleted=0
checkpoint_phase lsn=20312 phase=row_merge_write slot=0 started_ns=1790162848812031000 ended_ns=1790162848829416042 elapsed_us=17385 block_gets=0 block_puts=4 deleted=0
checkpoint_phase lsn=20312 phase=row_merge_write slot=0 started_ns=1790162848829489000 ended_ns=1790162848847274375 elapsed_us=17785 block_gets=0 block_puts=4 deleted=0
checkpoint_phase lsn=20312 phase=row_merge_write slot=0 started_ns=1790162848847354000 ended_ns=1790162848866044042 elapsed_us=18690 block_gets=0 block_puts=4 deleted=0
checkpoint_phase lsn=20312 phase=row_merge_write slot=0 started_ns=1790162848866283000 ended_ns=1790162848885259000 elapsed_us=18976 block_gets=0 block_puts=4 deleted=0
checkpoint_phase lsn=20312 phase=row_merge_write slot=0 started_ns=1790162848885394000 ended_ns=1790162848902844042 elapsed_us=17450 block_gets=0 block_puts=4 deleted=0
checkpoint_phase lsn=20312 phase=row_merge_write slot=0 started_ns=1790162848903108000 ended_ns=1790162848921037042 elapsed_us=17929 block_gets=0 block_puts=4 deleted=0
checkpoint_phase lsn=20312 phase=row_merge_write slot=0 started_ns=1790162848921125000 ended_ns=1790162848938826125 elapsed_us=17701 block_gets=0 block_puts=4 deleted=0
checkpoint_phase lsn=20312 phase=row_merge_write slot=0 started_ns=1790162848938941000 ended_ns=1790162848956532959 elapsed_us=17591 block_gets=0 block_puts=4 deleted=0
checkpoint_phase lsn=20312 phase=row_merge_write slot=0 started_ns=1790162848956607000 ended_ns=1790162848974133042 elapsed_us=17526 block_gets=0 block_puts=4 deleted=0
checkpoint_phase lsn=20312 phase=row_merge_write slot=0 started_ns=1790162848974211000 ended_ns=1790162848991643166 elapsed_us=17432 block_gets=0 block_puts=4 deleted=0
checkpoint_phase lsn=20312 phase=row_merge_write slot=0 started_ns=1790162848991769000 ended_ns=1790162849008649125 elapsed_us=16880 block_gets=0 block_puts=4 deleted=0
checkpoint_phase lsn=20312 phase=row_merge_write slot=0 started_ns=1790162849010214000 ended_ns=1790162849027195459 elapsed_us=16981 block_gets=0 block_puts=4 deleted=0
checkpoint_phase lsn=20312 phase=row_merge_write slot=0 started_ns=1790162849027296000 ended_ns=1790162849045415625 elapsed_us=18119 block_gets=0 block_puts=4 deleted=0
checkpoint_phase lsn=20312 phase=row_merge_write slot=0 started_ns=1790162849045552000 ended_ns=1790162849064937625 elapsed_us=19385 block_gets=0 block_puts=6 deleted=0
checkpoint_phase lsn=20312 phase=manifest slot=-1 started_ns=1790162849066588000 ended_ns=1790162849069991333 elapsed_us=3403 block_gets=0 block_puts=0 deleted=0
checkpoint_phase lsn=20312 phase=local_cleanup slot=-1 started_ns=1790162849070005000 ended_ns=1790162849070058042 elapsed_us=53 block_gets=0 block_puts=0 deleted=0
checkpoint_phase lsn=20312 phase=commit_prune slot=-1 started_ns=1790162849070134000 ended_ns=1790162849118342083 elapsed_us=48208 block_gets=0 block_puts=0 deleted=0
checkpoint_phase lsn=20312 phase=legacy_gc slot=-1 started_ns=1790162849118489000 ended_ns=1790162849142399500 elapsed_us=23910 block_gets=0 block_puts=0 deleted=0
checkpoint_phase lsn=20312 phase=gc_keep slot=-1 started_ns=1790162849142512000 ended_ns=1790162849145271875 elapsed_us=2759 block_gets=0 block_puts=0 deleted=0
checkpoint_phase lsn=20312 phase=gc_list slot=-1 started_ns=1790162849145283000 ended_ns=1790162849234722375 elapsed_us=89439 block_gets=0 block_puts=0 deleted=0
checkpoint_phase lsn=20312 phase=gc_delete slot=-1 started_ns=1790162849234741000 ended_ns=1790162849262488417 elapsed_us=27747 block_gets=0 block_puts=0 deleted=10
checkpoint_phase lsn=20312 phase=row_merge_schedule slot=0 started_ns=1790162849262759000 ended_ns=1790162849263094917 elapsed_us=335 block_gets=0 block_puts=0 deleted=0
checkpoint_phase lsn=20312 phase=row_merge_schedule slot=0 started_ns=1790162849263190000 ended_ns=1790162849263461833 elapsed_us=271 block_gets=0 block_puts=0 deleted=0
checkpoint_phase lsn=20312 phase=row_merge_schedule slot=0 started_ns=1790162849263577000 ended_ns=1790162849263841708 elapsed_us=264 block_gets=0 block_puts=0 deleted=0
checkpoint_phase lsn=20312 phase=row_merge_schedule slot=0 started_ns=1790162849263913000 ended_ns=1790162849264165667 elapsed_us=252 block_gets=0 block_puts=0 deleted=0
checkpoint_phase lsn=20312 phase=row_merge_schedule slot=0 started_ns=1790162849264274000 ended_ns=1790162849264569333 elapsed_us=295 block_gets=0 block_puts=0 deleted=0
checkpoint_phase lsn=20312 phase=row_merge_schedule slot=0 started_ns=1790162849264787000 ended_ns=1790162849265062209 elapsed_us=275 block_gets=0 block_puts=0 deleted=0
checkpoint_phase lsn=20312 phase=row_merge_schedule slot=0 started_ns=1790162849265136000 ended_ns=1790162849265401208 elapsed_us=265 block_gets=0 block_puts=0 deleted=0
checkpoint_phase lsn=20312 phase=row_merge_schedule slot=0 started_ns=1790162849265466000 ended_ns=1790162849265730792 elapsed_us=264 block_gets=0 block_puts=0 deleted=0
checkpoint_phase lsn=20312 phase=row_merge_schedule slot=0 started_ns=1790162849265804000 ended_ns=1790162849266094667 elapsed_us=290 block_gets=0 block_puts=0 deleted=0
checkpoint_phase lsn=20312 phase=row_merge_schedule slot=0 started_ns=1790162849266160000 ended_ns=1790162849266475666 elapsed_us=315 block_gets=0 block_puts=0 deleted=0
checkpoint_phase lsn=20312 phase=row_merge_schedule slot=0 started_ns=1790162849266533000 ended_ns=1790162849266792250 elapsed_us=259 block_gets=0 block_puts=0 deleted=0
checkpoint_phase lsn=20312 phase=row_merge_schedule slot=0 started_ns=1790162849266843000 ended_ns=1790162849267101042 elapsed_us=258 block_gets=0 block_puts=0 deleted=0
checkpoint_phase lsn=20312 phase=row_merge_schedule slot=0 started_ns=1790162849267152000 ended_ns=1790162849267405041 elapsed_us=253 block_gets=0 block_puts=0 deleted=0
checkpoint_phase lsn=20312 phase=row_merge_schedule slot=0 started_ns=1790162849267456000 ended_ns=1790162849267710125 elapsed_us=254 block_gets=0 block_puts=0 deleted=0
checkpoint_phase lsn=20312 phase=row_merge_schedule slot=0 started_ns=1790162849267760000 ended_ns=1790162849268014792 elapsed_us=254 block_gets=0 block_puts=0 deleted=0
checkpoint_phase lsn=20312 phase=row_merge_schedule slot=0 started_ns=1790162849268067000 ended_ns=1790162849268321625 elapsed_us=254 block_gets=0 block_puts=0 deleted=0
checkpoint_phase lsn=20312 phase=row_merge_schedule slot=0 started_ns=1790162849268374000 ended_ns=1790162849268437417 elapsed_us=63 block_gets=0 block_puts=0 deleted=0
checkpoint_phase lsn=20312 phase=row_merge_schedule slot=0 started_ns=1790162849268487000 ended_ns=1790162849268826833 elapsed_us=339 block_gets=0 block_puts=0 deleted=0
checkpoint_phase lsn=20312 phase=row_merge_schedule slot=0 started_ns=1790162849268876000 ended_ns=1790162849269135083 elapsed_us=259 block_gets=0 block_puts=0 deleted=0
checkpoint_phase lsn=20312 phase=row_merge_schedule slot=0 started_ns=1790162849269185000 ended_ns=1790162849269441417 elapsed_us=256 block_gets=0 block_puts=0 deleted=0
checkpoint_phase lsn=20312 phase=row_merge_schedule slot=0 started_ns=1790162849269490000 ended_ns=1790162849269773667 elapsed_us=283 block_gets=0 block_puts=0 deleted=0
checkpoint_phase lsn=20312 phase=row_merge_schedule slot=0 started_ns=1790162849269824000 ended_ns=1790162849270077500 elapsed_us=253 block_gets=0 block_puts=0 deleted=0
checkpoint_phase lsn=20312 phase=row_merge_schedule slot=0 started_ns=1790162849270128000 ended_ns=1790162849270386458 elapsed_us=258 block_gets=0 block_puts=0 deleted=0
checkpoint_phase lsn=20312 phase=row_merge_schedule slot=0 started_ns=1790162849270443000 ended_ns=1790162849270697333 elapsed_us=254 block_gets=0 block_puts=0 deleted=0
checkpoint_phase lsn=20312 phase=row_merge_schedule slot=0 started_ns=1790162849270747000 ended_ns=1790162849271008833 elapsed_us=261 block_gets=0 block_puts=0 deleted=0
checkpoint_phase lsn=20312 phase=row_merge_schedule slot=0 started_ns=1790162849271059000 ended_ns=1790162849271313708 elapsed_us=254 block_gets=0 block_puts=0 deleted=0
checkpoint_phase lsn=20312 phase=row_merge_schedule slot=0 started_ns=1790162849271361000 ended_ns=1790162849271619417 elapsed_us=258 block_gets=0 block_puts=0 deleted=0
checkpoint_phase lsn=20312 phase=row_merge_schedule slot=0 started_ns=1790162849271691000 ended_ns=1790162849271971917 elapsed_us=280 block_gets=0 block_puts=0 deleted=0
checkpoint_phase lsn=20312 phase=row_merge_schedule slot=0 started_ns=1790162849272065000 ended_ns=1790162849272325334 elapsed_us=260 block_gets=0 block_puts=0 deleted=0
checkpoint_phase lsn=20312 phase=row_merge_schedule slot=0 started_ns=1790162849272384000 ended_ns=1790162849272643709 elapsed_us=259 block_gets=0 block_puts=0 deleted=0
checkpoint_phase lsn=20312 phase=row_merge_schedule slot=0 started_ns=1790162849272696000 ended_ns=1790162849272952666 elapsed_us=256 block_gets=0 block_puts=0 deleted=0
checkpoint_phase lsn=20312 phase=row_merge_schedule slot=0 started_ns=1790162849273008000 ended_ns=1790162849273274958 elapsed_us=266 block_gets=0 block_puts=0 deleted=0
checkpoint_phase lsn=20312 phase=row_merge_schedule slot=0 started_ns=1790162849273332000 ended_ns=1790162849273591333 elapsed_us=259 block_gets=0 block_puts=0 deleted=0
checkpoint_phase lsn=20312 phase=row_merge_schedule slot=0 started_ns=1790162849273645000 ended_ns=1790162849273720292 elapsed_us=75 block_gets=0 block_puts=0 deleted=0
checkpoint_phase lsn=20312 phase=row_merge_write slot=0 started_ns=1790162849273771000 ended_ns=1790162849299006916 elapsed_us=25235 block_gets=0 block_puts=5 deleted=0
checkpoint_phase lsn=20312 phase=row_merge_write slot=0 started_ns=1790162849299087000 ended_ns=1790162849316416500 elapsed_us=17329 block_gets=0 block_puts=4 deleted=0
checkpoint_phase lsn=20312 phase=row_merge_write slot=0 started_ns=1790162849316493000 ended_ns=1790162849333693958 elapsed_us=17200 block_gets=0 block_puts=4 deleted=0
checkpoint_phase lsn=20312 phase=row_merge_write slot=0 started_ns=1790162849333765000 ended_ns=1790162849350177834 elapsed_us=16412 block_gets=0 block_puts=4 deleted=0
checkpoint_phase lsn=20312 phase=row_merge_write slot=0 started_ns=1790162849350254000 ended_ns=1790162849369198375 elapsed_us=18944 block_gets=0 block_puts=4 deleted=0
checkpoint_phase lsn=20312 phase=row_merge_write slot=0 started_ns=1790162849369278000 ended_ns=1790162849390391541 elapsed_us=21113 block_gets=0 block_puts=4 deleted=0
checkpoint_phase lsn=20328 phase=value_index_schedule slot=0 started_ns=1790162849456186000 ended_ns=1790162849456273417 elapsed_us=87 block_gets=0 block_puts=0 deleted=0
checkpoint_phase lsn=20328 phase=row_merge_write slot=0 started_ns=1790162849456352000 ended_ns=1790162849474026375 elapsed_us=17674 block_gets=0 block_puts=4 deleted=0
checkpoint_phase lsn=20328 phase=value_index_schedule slot=0 started_ns=1790162849479856000 ended_ns=1790162849479901833 elapsed_us=45 block_gets=0 block_puts=0 deleted=0
checkpoint_phase lsn=20328 phase=row_merge_write slot=0 started_ns=1790162849479974000 ended_ns=1790162849496552875 elapsed_us=16578 block_gets=0 block_puts=4 deleted=0
checkpoint_phase lsn=20328 phase=value_index_write slot=0 started_ns=1790162849502698000 ended_ns=1790162849502716333 elapsed_us=18 block_gets=0 block_puts=0 deleted=0
checkpoint_phase lsn=20328 phase=row_merge_write slot=0 started_ns=1790162849502797000 ended_ns=1790162849520468125 elapsed_us=17671 block_gets=0 block_puts=4 deleted=0
checkpoint_phase lsn=20328 phase=value_index_write slot=0 started_ns=1790162849526652000 ended_ns=1790162849528331958 elapsed_us=1679 block_gets=0 block_puts=0 deleted=0
checkpoint_phase lsn=20328 phase=row_merge_write slot=0 started_ns=1790162849534340000 ended_ns=1790162849551696542 elapsed_us=17356 block_gets=0 block_puts=4 deleted=0
checkpoint_phase lsn=20344 phase=row_merge_write slot=0 started_ns=1790162849603992000 ended_ns=1790162849621238167 elapsed_us=17246 block_gets=0 block_puts=4 deleted=0
checkpoint_phase lsn=20344 phase=value_index_schedule slot=0 started_ns=1790162849627896000 ended_ns=1790162849627901792 elapsed_us=5 block_gets=0 block_puts=0 deleted=0
checkpoint_phase lsn=20344 phase=row_merge_write slot=0 started_ns=1790162849627979000 ended_ns=1790162849646077750 elapsed_us=18098 block_gets=0 block_puts=4 deleted=0
checkpoint_phase lsn=20344 phase=value_index_schedule slot=0 started_ns=1790162849652100000 ended_ns=1790162849652144250 elapsed_us=44 block_gets=0 block_puts=0 deleted=0
checkpoint_phase lsn=20344 phase=row_merge_write slot=0 started_ns=1790162849652299000 ended_ns=1790162849669914000 elapsed_us=17615 block_gets=0 block_puts=4 deleted=0
checkpoint_phase lsn=20344 phase=value_index_write slot=0 started_ns=1790162849675922000 ended_ns=1790162849675924375 elapsed_us=2 block_gets=0 block_puts=0 deleted=0
checkpoint_phase lsn=20344 phase=row_merge_write slot=0 started_ns=1790162849675995000 ended_ns=1790162849693739583 elapsed_us=17744 block_gets=0 block_puts=4 deleted=0
checkpoint_phase lsn=20344 phase=value_index_write slot=0 started_ns=1790162849699893000 ended_ns=1790162849699978416 elapsed_us=85 block_gets=0 block_puts=0 deleted=0
checkpoint_phase lsn=20344 phase=row_merge_write slot=0 started_ns=1790162849700047000 ended_ns=1790162849716746458 elapsed_us=16699 block_gets=0 block_puts=4 deleted=0
checkpoint_phase lsn=20360 phase=row_merge_write slot=0 started_ns=1790162849761273000 ended_ns=1790162849778717625 elapsed_us=17444 block_gets=0 block_puts=4 deleted=0
checkpoint_phase lsn=20360 phase=value_index_schedule slot=0 started_ns=1790162849784922000 ended_ns=1790162849784927875 elapsed_us=5 block_gets=0 block_puts=0 deleted=0
checkpoint_phase lsn=20360 phase=row_merge_write slot=0 started_ns=1790162849784994000 ended_ns=1790162849802332500 elapsed_us=17338 block_gets=0 block_puts=4 deleted=0
checkpoint_phase lsn=20360 phase=value_index_schedule slot=0 started_ns=1790162849808367000 ended_ns=1790162849808413083 elapsed_us=46 block_gets=0 block_puts=0 deleted=0
checkpoint_phase lsn=20360 phase=row_merge_write slot=0 started_ns=1790162849808477000 ended_ns=1790162849825728333 elapsed_us=17251 block_gets=0 block_puts=4 deleted=0
checkpoint_phase lsn=20360 phase=value_index_write slot=0 started_ns=1790162849831797000 ended_ns=1790162849831798875 elapsed_us=1 block_gets=0 block_puts=0 deleted=0
checkpoint_phase lsn=20360 phase=row_merge_write slot=0 started_ns=1790162849831872000 ended_ns=1790162849851335833 elapsed_us=19463 block_gets=0 block_puts=4 deleted=0
checkpoint_phase lsn=20360 phase=value_index_write slot=0 started_ns=1790162849858696000 ended_ns=1790162849858783833 elapsed_us=87 block_gets=0 block_puts=0 deleted=0
checkpoint_phase lsn=20360 phase=row_merge_write slot=0 started_ns=1790162849858923000 ended_ns=1790162849881209291 elapsed_us=22286 block_gets=0 block_puts=4 deleted=0
checkpoint_phase lsn=20376 phase=row_merge_write slot=0 started_ns=1790162849924121000 ended_ns=1790162849942790500 elapsed_us=18669 block_gets=0 block_puts=4 deleted=0
checkpoint_phase lsn=20376 phase=value_index_schedule slot=0 started_ns=1790162849948906000 ended_ns=1790162849948911500 elapsed_us=5 block_gets=0 block_puts=0 deleted=0
checkpoint_phase lsn=20376 phase=row_merge_write slot=0 started_ns=1790162849948977000 ended_ns=1790162849966766708 elapsed_us=17789 block_gets=0 block_puts=4 deleted=0
checkpoint_phase lsn=20376 phase=value_index_schedule slot=0 started_ns=1790162849972936000 ended_ns=1790162849972989417 elapsed_us=53 block_gets=0 block_puts=0 deleted=0
checkpoint_phase lsn=20376 phase=row_merge_write slot=0 started_ns=1790162849973054000 ended_ns=1790162849990908041 elapsed_us=17854 block_gets=0 block_puts=4 deleted=0
checkpoint_phase lsn=20376 phase=value_index_write slot=0 started_ns=1790162849996935000 ended_ns=1790162849996937042 elapsed_us=2 block_gets=0 block_puts=0 deleted=0
checkpoint_phase lsn=20376 phase=row_merge_write slot=0 started_ns=1790162849997006000 ended_ns=1790162850014213042 elapsed_us=17207 block_gets=0 block_puts=4 deleted=0
checkpoint_phase lsn=20376 phase=value_index_write slot=0 started_ns=1790162850020186000 ended_ns=1790162850020291958 elapsed_us=105 block_gets=0 block_puts=0 deleted=0
checkpoint_phase lsn=20376 phase=row_merge_write slot=0 started_ns=1790162850020350000 ended_ns=1790162850037142792 elapsed_us=16792 block_gets=0 block_puts=4 deleted=0
checkpoint_phase lsn=20392 phase=row_merge_write slot=0 started_ns=1790162850083558000 ended_ns=1790162850101617208 elapsed_us=18059 block_gets=0 block_puts=4 deleted=0
checkpoint_phase lsn=20392 phase=value_index_schedule slot=0 started_ns=1790162850109210000 ended_ns=1790162850109216083 elapsed_us=6 block_gets=0 block_puts=0 deleted=0
checkpoint_phase lsn=20392 phase=row_merge_write slot=0 started_ns=1790162850109305000 ended_ns=1790162850127099166 elapsed_us=17794 block_gets=0 block_puts=4 deleted=0
checkpoint_phase lsn=20392 phase=value_index_schedule slot=0 started_ns=1790162850133182000 ended_ns=1790162850133237042 elapsed_us=55 block_gets=0 block_puts=0 deleted=0
checkpoint_phase lsn=20392 phase=row_merge_write slot=0 started_ns=1790162850133311000 ended_ns=1790162850151181209 elapsed_us=17870 block_gets=0 block_puts=4 deleted=0
checkpoint_phase lsn=20392 phase=value_index_write slot=0 started_ns=1790162850157603000 ended_ns=1790162850157605666 elapsed_us=2 block_gets=0 block_puts=0 deleted=0
checkpoint_phase lsn=20392 phase=row_merge_write slot=0 started_ns=1790162850157677000 ended_ns=1790162850174820541 elapsed_us=17143 block_gets=0 block_puts=4 deleted=0
checkpoint_phase lsn=20392 phase=value_index_write slot=0 started_ns=1790162850181043000 ended_ns=1790162850181136833 elapsed_us=93 block_gets=0 block_puts=0 deleted=0
checkpoint_phase lsn=20392 phase=row_merge_write slot=0 started_ns=1790162850181210000 ended_ns=1790162850198152500 elapsed_us=16942 block_gets=0 block_puts=4 deleted=0
checkpoint_phase lsn=20408 phase=row_merge_write slot=0 started_ns=1790162850244885000 ended_ns=1790162850262140916 elapsed_us=17255 block_gets=0 block_puts=4 deleted=0
checkpoint_phase lsn=20408 phase=value_index_schedule slot=0 started_ns=1790162850268481000 ended_ns=1790162850268486541 elapsed_us=5 block_gets=0 block_puts=0 deleted=0
checkpoint_phase lsn=20408 phase=row_merge_write slot=0 started_ns=1790162850268552000 ended_ns=1790162850287719458 elapsed_us=19167 block_gets=0 block_puts=4 deleted=0
checkpoint_phase lsn=20408 phase=value_index_schedule slot=0 started_ns=1790162850293743000 ended_ns=1790162850293804000 elapsed_us=61 block_gets=0 block_puts=0 deleted=0
checkpoint_phase lsn=20408 phase=row_merge_write slot=0 started_ns=1790162850293875000 ended_ns=1790162850312535917 elapsed_us=18660 block_gets=0 block_puts=4 deleted=0
checkpoint_phase lsn=20408 phase=value_index_write slot=0 started_ns=1790162850318506000 ended_ns=1790162850318508166 elapsed_us=2 block_gets=0 block_puts=0 deleted=0
checkpoint_phase lsn=20408 phase=row_merge_write slot=0 started_ns=1790162850318579000 ended_ns=1790162850339064791 elapsed_us=20485 block_gets=0 block_puts=4 deleted=0
checkpoint_phase lsn=20408 phase=value_index_write slot=0 started_ns=1790162850347585000 ended_ns=1790162850347737041 elapsed_us=152 block_gets=0 block_puts=0 deleted=0
checkpoint_phase lsn=20408 phase=row_merge_write slot=0 started_ns=1790162850347832000 ended_ns=1790162850367260833 elapsed_us=19428 block_gets=0 block_puts=4 deleted=0
checkpoint_phase lsn=20424 phase=row_merge_write slot=0 started_ns=1790162850430167000 ended_ns=1790162850447406000 elapsed_us=17239 block_gets=0 block_puts=4 deleted=0
checkpoint_phase lsn=20424 phase=value_index_schedule slot=0 started_ns=1790162850453434000 ended_ns=1790162850453439208 elapsed_us=5 block_gets=0 block_puts=0 deleted=0
checkpoint_phase lsn=20424 phase=row_merge_write slot=0 started_ns=1790162850453514000 ended_ns=1790162850470502708 elapsed_us=16988 block_gets=0 block_puts=4 deleted=0
checkpoint_phase lsn=20424 phase=value_index_schedule slot=0 started_ns=1790162850476590000 ended_ns=1790162850476654084 elapsed_us=64 block_gets=0 block_puts=0 deleted=0
checkpoint_phase lsn=20424 phase=row_merge_write slot=0 started_ns=1790162850476726000 ended_ns=1790162850494668166 elapsed_us=17942 block_gets=0 block_puts=4 deleted=0
checkpoint_phase lsn=20424 phase=value_index_write slot=0 started_ns=1790162850500607000 ended_ns=1790162850500609458 elapsed_us=2 block_gets=0 block_puts=0 deleted=0
checkpoint_phase lsn=20424 phase=row_merge_write slot=0 started_ns=1790162850500690000 ended_ns=1790162850518181459 elapsed_us=17491 block_gets=0 block_puts=4 deleted=0
checkpoint_phase lsn=20424 phase=value_index_write slot=0 started_ns=1790162850524103000 ended_ns=1790162850524205166 elapsed_us=102 block_gets=0 block_puts=0 deleted=0
checkpoint_phase lsn=20424 phase=row_merge_write slot=0 started_ns=1790162850524278000 ended_ns=1790162850541357625 elapsed_us=17079 block_gets=0 block_puts=4 deleted=0
checkpoint_phase lsn=20440 phase=row_merge_write slot=0 started_ns=1790162850599989000 ended_ns=1790162850617728000 elapsed_us=17739 block_gets=0 block_puts=4 deleted=0
checkpoint_phase lsn=20440 phase=value_index_schedule slot=0 started_ns=1790162850624436000 ended_ns=1790162850624441750 elapsed_us=5 block_gets=0 block_puts=0 deleted=0
checkpoint_phase lsn=20440 phase=row_merge_write slot=0 started_ns=1790162850624505000 ended_ns=1790162850641842167 elapsed_us=17337 block_gets=0 block_puts=4 deleted=0
checkpoint_phase lsn=20440 phase=value_index_schedule slot=0 started_ns=1790162850648077000 ended_ns=1790162850648143500 elapsed_us=66 block_gets=0 block_puts=0 deleted=0
checkpoint_phase lsn=20440 phase=row_merge_write slot=0 started_ns=1790162850648203000 ended_ns=1790162850665112375 elapsed_us=16909 block_gets=0 block_puts=4 deleted=0
checkpoint_phase lsn=20440 phase=value_index_write slot=0 started_ns=1790162850671070000 ended_ns=1790162850671072208 elapsed_us=2 block_gets=0 block_puts=0 deleted=0
checkpoint_phase lsn=20440 phase=row_merge_write slot=0 started_ns=1790162850671144000 ended_ns=1790162850688400166 elapsed_us=17256 block_gets=0 block_puts=4 deleted=0
checkpoint_phase lsn=20440 phase=value_index_write slot=0 started_ns=1790162850694426000 ended_ns=1790162850694533583 elapsed_us=107 block_gets=0 block_puts=0 deleted=0
checkpoint_phase lsn=20440 phase=row_merge_write slot=0 started_ns=1790162850694605000 ended_ns=1790162850711417583 elapsed_us=16812 block_gets=0 block_puts=4 deleted=0
checkpoint_phase lsn=20456 phase=row_merge_write slot=0 started_ns=1790162850764015000 ended_ns=1790162850783480583 elapsed_us=19465 block_gets=0 block_puts=4 deleted=0
checkpoint_phase lsn=20456 phase=value_index_schedule slot=0 started_ns=1790162850789625000 ended_ns=1790162850789630334 elapsed_us=5 block_gets=0 block_puts=0 deleted=0
checkpoint_phase lsn=20456 phase=row_merge_write slot=0 started_ns=1790162850789705000 ended_ns=1790162850807428584 elapsed_us=17723 block_gets=0 block_puts=4 deleted=0
checkpoint_phase lsn=20456 phase=value_index_schedule slot=0 started_ns=1790162850813227000 ended_ns=1790162850813298666 elapsed_us=71 block_gets=0 block_puts=0 deleted=0
checkpoint_phase lsn=20456 phase=row_merge_write slot=0 started_ns=1790162850813369000 ended_ns=1790162850830915584 elapsed_us=17546 block_gets=0 block_puts=4 deleted=0
checkpoint_phase lsn=20456 phase=value_index_write slot=0 started_ns=1790162850836900000 ended_ns=1790162850836902375 elapsed_us=2 block_gets=0 block_puts=0 deleted=0
checkpoint_phase lsn=20456 phase=row_merge_write slot=0 started_ns=1790162850836972000 ended_ns=1790162850855267709 elapsed_us=18295 block_gets=0 block_puts=4 deleted=0
checkpoint_phase lsn=20456 phase=value_index_write slot=0 started_ns=1790162850862359000 ended_ns=1790162850862470000 elapsed_us=111 block_gets=0 block_puts=0 deleted=0
checkpoint_phase lsn=20456 phase=row_merge_write slot=0 started_ns=1790162850862758000 ended_ns=1790162850879982959 elapsed_us=17224 block_gets=0 block_puts=4 deleted=0
checkpoint_phase lsn=20472 phase=row_merge_write slot=0 started_ns=1790162850947102000 ended_ns=1790162850964328333 elapsed_us=17226 block_gets=0 block_puts=4 deleted=0
checkpoint_phase lsn=20472 phase=value_index_schedule slot=0 started_ns=1790162850972060000 ended_ns=1790162850972065833 elapsed_us=5 block_gets=0 block_puts=0 deleted=0
checkpoint_phase lsn=20472 phase=row_merge_write slot=0 started_ns=1790162850972175000 ended_ns=1790162850992563708 elapsed_us=20388 block_gets=0 block_puts=4 deleted=0
checkpoint_phase lsn=20472 phase=value_index_schedule slot=0 started_ns=1790162850999021000 ended_ns=1790162850999096958 elapsed_us=75 block_gets=0 block_puts=0 deleted=0
checkpoint_phase lsn=20472 phase=row_merge_write slot=0 started_ns=1790162850999169000 ended_ns=1790162851016626875 elapsed_us=17457 block_gets=0 block_puts=4 deleted=0
checkpoint_phase lsn=20472 phase=value_index_write slot=0 started_ns=1790162851022745000 ended_ns=1790162851022747667 elapsed_us=2 block_gets=0 block_puts=0 deleted=0
checkpoint_phase lsn=20472 phase=row_merge_write slot=0 started_ns=1790162851022815000 ended_ns=1790162851039409333 elapsed_us=16594 block_gets=0 block_puts=4 deleted=0
checkpoint_phase lsn=20472 phase=value_index_write slot=0 started_ns=1790162851045520000 ended_ns=1790162851045634375 elapsed_us=114 block_gets=0 block_puts=0 deleted=0
checkpoint_phase lsn=20472 phase=row_merge_write slot=0 started_ns=1790162851045698000 ended_ns=1790162851063191750 elapsed_us=17493 block_gets=0 block_puts=4 deleted=0
checkpoint_phase lsn=20488 phase=row_merge_write slot=0 started_ns=1790162851103399000 ended_ns=1790162851119638042 elapsed_us=16239 block_gets=0 block_puts=4 deleted=0
checkpoint_phase lsn=20488 phase=value_index_schedule slot=0 started_ns=1790162851126633000 ended_ns=1790162851126638875 elapsed_us=5 block_gets=0 block_puts=0 deleted=0
checkpoint_phase lsn=20488 phase=row_merge_write slot=0 started_ns=1790162851126854000 ended_ns=1790162851146880208 elapsed_us=20026 block_gets=0 block_puts=4 deleted=0
checkpoint_phase lsn=20488 phase=value_index_schedule slot=0 started_ns=1790162851153198000 ended_ns=1790162851153282000 elapsed_us=84 block_gets=0 block_puts=0 deleted=0
checkpoint_phase lsn=20488 phase=row_merge_write slot=0 started_ns=1790162851153343000 ended_ns=1790162851170802833 elapsed_us=17459 block_gets=0 block_puts=4 deleted=0
checkpoint_phase lsn=20488 phase=value_index_write slot=0 started_ns=1790162851176664000 ended_ns=1790162851176666209 elapsed_us=2 block_gets=0 block_puts=0 deleted=0
checkpoint_phase lsn=20488 phase=row_merge_write slot=0 started_ns=1790162851176731000 ended_ns=1790162851194016125 elapsed_us=17285 block_gets=0 block_puts=4 deleted=0
checkpoint_phase lsn=20488 phase=value_index_write slot=0 started_ns=1790162851200664000 ended_ns=1790162851200781584 elapsed_us=117 block_gets=0 block_puts=0 deleted=0
checkpoint_phase lsn=20488 phase=row_merge_write slot=0 started_ns=1790162851200852000 ended_ns=1790162851217802250 elapsed_us=16950 block_gets=0 block_puts=4 deleted=0
checkpoint_phase lsn=20504 phase=row_merge_write slot=0 started_ns=1790162851260643000 ended_ns=1790162851281471791 elapsed_us=20828 block_gets=0 block_puts=4 deleted=0
checkpoint_phase lsn=20504 phase=value_index_schedule slot=0 started_ns=1790162851287619000 ended_ns=1790162851287625292 elapsed_us=6 block_gets=0 block_puts=0 deleted=0
checkpoint_phase lsn=20504 phase=row_merge_write slot=0 started_ns=1790162851287789000 ended_ns=1790162851311385083 elapsed_us=23596 block_gets=0 block_puts=4 deleted=0
checkpoint_phase lsn=20504 phase=value_index_schedule slot=0 started_ns=1790162851317593000 ended_ns=1790162851317678166 elapsed_us=85 block_gets=0 block_puts=0 deleted=0
checkpoint_phase lsn=20504 phase=row_merge_write slot=0 started_ns=1790162851317756000 ended_ns=1790162851335606458 elapsed_us=17850 block_gets=0 block_puts=4 deleted=0
checkpoint_phase lsn=20504 phase=value_index_write slot=0 started_ns=1790162851341547000 ended_ns=1790162851341549250 elapsed_us=2 block_gets=0 block_puts=0 deleted=0
checkpoint_phase lsn=20504 phase=row_merge_write slot=0 started_ns=1790162851341621000 ended_ns=1790162851358449625 elapsed_us=16828 block_gets=0 block_puts=4 deleted=0
checkpoint_phase lsn=20504 phase=value_index_write slot=0 started_ns=1790162851365102000 ended_ns=1790162851365224584 elapsed_us=122 block_gets=0 block_puts=0 deleted=0
checkpoint_phase lsn=20504 phase=row_merge_write slot=0 started_ns=1790162851365299000 ended_ns=1790162851383446458 elapsed_us=18147 block_gets=0 block_puts=4 deleted=0
checkpoint_phase lsn=20520 phase=row_merge_write slot=0 started_ns=1790162851426784000 ended_ns=1790162851444768666 elapsed_us=17984 block_gets=0 block_puts=4 deleted=0
checkpoint_phase lsn=20520 phase=value_index_schedule slot=0 started_ns=1790162851450938000 ended_ns=1790162851450943667 elapsed_us=5 block_gets=0 block_puts=0 deleted=0
checkpoint_phase lsn=20520 phase=row_merge_write slot=0 started_ns=1790162851451033000 ended_ns=1790162851468843292 elapsed_us=17810 block_gets=0 block_puts=4 deleted=0
checkpoint_phase lsn=20520 phase=value_index_schedule slot=0 started_ns=1790162851474905000 ended_ns=1790162851474991542 elapsed_us=86 block_gets=0 block_puts=0 deleted=0
checkpoint_phase lsn=20520 phase=row_merge_write slot=0 started_ns=1790162851475055000 ended_ns=1790162851492598542 elapsed_us=17543 block_gets=0 block_puts=4 deleted=0
checkpoint_phase lsn=20520 phase=value_index_write slot=0 started_ns=1790162851498739000 ended_ns=1790162851498741834 elapsed_us=2 block_gets=0 block_puts=0 deleted=0
checkpoint_phase lsn=20520 phase=row_merge_write slot=0 started_ns=1790162851498815000 ended_ns=1790162851516931583 elapsed_us=18116 block_gets=0 block_puts=4 deleted=0
checkpoint_phase lsn=20520 phase=value_index_write slot=0 started_ns=1790162851523746000 ended_ns=1790162851523874000 elapsed_us=128 block_gets=0 block_puts=0 deleted=0
checkpoint_phase lsn=20520 phase=row_merge_write slot=0 started_ns=1790162851523955000 ended_ns=1790162851541292417 elapsed_us=17337 block_gets=0 block_puts=4 deleted=0
checkpoint_phase lsn=20536 phase=row_merge_write slot=0 started_ns=1790162851586156000 ended_ns=1790162851603399291 elapsed_us=17243 block_gets=0 block_puts=4 deleted=0
checkpoint_phase lsn=20536 phase=value_index_schedule slot=0 started_ns=1790162851609993000 ended_ns=1790162851609998708 elapsed_us=5 block_gets=0 block_puts=0 deleted=0
checkpoint_phase lsn=20536 phase=row_merge_write slot=0 started_ns=1790162851610098000 ended_ns=1790162851626921875 elapsed_us=16823 block_gets=0 block_puts=4 deleted=0
checkpoint_phase lsn=20536 phase=value_index_schedule slot=0 started_ns=1790162851633000000 ended_ns=1790162851633093584 elapsed_us=93 block_gets=0 block_puts=0 deleted=0
checkpoint_phase lsn=20536 phase=row_merge_write slot=0 started_ns=1790162851633168000 ended_ns=1790162851650264542 elapsed_us=17096 block_gets=0 block_puts=4 deleted=0
checkpoint_phase lsn=20536 phase=value_index_write slot=0 started_ns=1790162851656727000 ended_ns=1790162851656729542 elapsed_us=2 block_gets=0 block_puts=0 deleted=0
checkpoint_phase lsn=20536 phase=row_merge_write slot=0 started_ns=1790162851656803000 ended_ns=1790162851674480500 elapsed_us=17677 block_gets=0 block_puts=4 deleted=0
checkpoint_phase lsn=20536 phase=value_index_write slot=0 started_ns=1790162851680353000 ended_ns=1790162851680479916 elapsed_us=126 block_gets=0 block_puts=0 deleted=0
checkpoint_phase lsn=20536 phase=row_merge_write slot=0 started_ns=1790162851680544000 ended_ns=1790162851697633166 elapsed_us=17089 block_gets=0 block_puts=4 deleted=0
checkpoint_phase lsn=20552 phase=row_merge_write slot=0 started_ns=1790162851741390000 ended_ns=1790162851760556334 elapsed_us=19166 block_gets=0 block_puts=4 deleted=0
checkpoint_phase lsn=20552 phase=value_index_schedule slot=0 started_ns=1790162851768161000 ended_ns=1790162851768167167 elapsed_us=6 block_gets=0 block_puts=0 deleted=0
checkpoint_phase lsn=20552 phase=row_merge_write slot=0 started_ns=1790162851768283000 ended_ns=1790162851791119667 elapsed_us=22836 block_gets=0 block_puts=4 deleted=0
checkpoint_phase lsn=20552 phase=value_index_schedule slot=0 started_ns=1790162851797121000 ended_ns=1790162851797217167 elapsed_us=96 block_gets=0 block_puts=0 deleted=0
checkpoint_phase lsn=20552 phase=row_merge_write slot=0 started_ns=1790162851797277000 ended_ns=1790162851814962500 elapsed_us=17685 block_gets=0 block_puts=4 deleted=0
checkpoint_phase lsn=20552 phase=value_index_write slot=0 started_ns=1790162851821477000 ended_ns=1790162851821479750 elapsed_us=2 block_gets=0 block_puts=0 deleted=0
checkpoint_phase lsn=20552 phase=row_merge_write slot=0 started_ns=1790162851821584000 ended_ns=1790162851839133042 elapsed_us=17549 block_gets=0 block_puts=4 deleted=0
checkpoint_phase lsn=20552 phase=value_index_write slot=0 started_ns=1790162851845822000 ended_ns=1790162851845948792 elapsed_us=126 block_gets=0 block_puts=0 deleted=0
checkpoint_phase lsn=20552 phase=row_merge_write slot=0 started_ns=1790162851846034000 ended_ns=1790162851863182375 elapsed_us=17148 block_gets=0 block_puts=4 deleted=0
checkpoint_phase lsn=20568 phase=row_merge_write slot=0 started_ns=1790162851907082000 ended_ns=1790162851924256375 elapsed_us=17174 block_gets=0 block_puts=4 deleted=0
checkpoint_phase lsn=20568 phase=value_index_schedule slot=0 started_ns=1790162851930310000 ended_ns=1790162851930315583 elapsed_us=5 block_gets=0 block_puts=0 deleted=0
checkpoint_phase lsn=20568 phase=row_merge_write slot=0 started_ns=1790162851930379000 ended_ns=1790162851946564208 elapsed_us=16185 block_gets=0 block_puts=4 deleted=0
checkpoint_phase lsn=20568 phase=value_index_schedule slot=0 started_ns=1790162851952621000 ended_ns=1790162851952724958 elapsed_us=103 block_gets=0 block_puts=0 deleted=0
checkpoint_phase lsn=20568 phase=row_merge_write slot=0 started_ns=1790162851952791000 ended_ns=1790162851971061792 elapsed_us=18270 block_gets=0 block_puts=4 deleted=0
checkpoint_phase lsn=20568 phase=value_index_write slot=0 started_ns=1790162851977007000 ended_ns=1790162851977009500 elapsed_us=2 block_gets=0 block_puts=0 deleted=0
checkpoint_phase lsn=20568 phase=row_merge_write slot=0 started_ns=1790162851977071000 ended_ns=1790162851996047250 elapsed_us=18976 block_gets=0 block_puts=4 deleted=0
checkpoint_phase lsn=20568 phase=value_index_write slot=0 started_ns=1790162852002183000 ended_ns=1790162852002312333 elapsed_us=129 block_gets=0 block_puts=0 deleted=0
checkpoint_phase lsn=20568 phase=row_merge_write slot=0 started_ns=1790162852002384000 ended_ns=1790162852019237500 elapsed_us=16853 block_gets=0 block_puts=4 deleted=0
checkpoint_phase lsn=20584 phase=row_merge_write slot=0 started_ns=1790162852059969000 ended_ns=1790162852076602625 elapsed_us=16633 block_gets=0 block_puts=4 deleted=0
checkpoint_phase lsn=20584 phase=value_index_schedule slot=0 started_ns=1790162852083283000 ended_ns=1790162852083289209 elapsed_us=6 block_gets=0 block_puts=0 deleted=0
checkpoint_phase lsn=20584 phase=row_merge_write slot=0 started_ns=1790162852083364000 ended_ns=1790162852101754917 elapsed_us=18390 block_gets=0 block_puts=4 deleted=0
checkpoint_phase lsn=20584 phase=value_index_schedule slot=0 started_ns=1790162852107906000 ended_ns=1790162852108011375 elapsed_us=105 block_gets=0 block_puts=0 deleted=0
checkpoint_phase lsn=20584 phase=row_merge_write slot=0 started_ns=1790162852108087000 ended_ns=1790162852126209417 elapsed_us=18122 block_gets=0 block_puts=4 deleted=0
checkpoint_phase lsn=20584 phase=value_index_write slot=0 started_ns=1790162852132309000 ended_ns=1790162852132311292 elapsed_us=2 block_gets=0 block_puts=0 deleted=0
checkpoint_phase lsn=20584 phase=row_merge_write slot=0 started_ns=1790162852132382000 ended_ns=1790162852150072167 elapsed_us=17690 block_gets=0 block_puts=4 deleted=0
checkpoint_phase lsn=20584 phase=value_index_write slot=0 started_ns=1790162852156004000 ended_ns=1790162852156134250 elapsed_us=130 block_gets=0 block_puts=0 deleted=0
checkpoint_phase lsn=20584 phase=row_merge_write slot=0 started_ns=1790162852156204000 ended_ns=1790162852174872709 elapsed_us=18668 block_gets=0 block_puts=4 deleted=0
checkpoint_phase lsn=20600 phase=row_merge_write slot=0 started_ns=1790162852217170000 ended_ns=1790162852234799584 elapsed_us=17629 block_gets=0 block_puts=4 deleted=0
checkpoint_phase lsn=20600 phase=value_index_schedule slot=0 started_ns=1790162852240873000 ended_ns=1790162852240878375 elapsed_us=5 block_gets=0 block_puts=0 deleted=0
checkpoint_phase lsn=20600 phase=row_merge_write slot=0 started_ns=1790162852240946000 ended_ns=1790162852259056750 elapsed_us=18110 block_gets=0 block_puts=4 deleted=0
checkpoint_phase lsn=20600 phase=value_index_schedule slot=0 started_ns=1790162852265087000 ended_ns=1790162852265192083 elapsed_us=105 block_gets=0 block_puts=0 deleted=0
checkpoint_phase lsn=20600 phase=row_merge_write slot=0 started_ns=1790162852265263000 ended_ns=1790162852283463500 elapsed_us=18200 block_gets=0 block_puts=4 deleted=0
checkpoint_phase lsn=20600 phase=value_index_write slot=0 started_ns=1790162852289442000 ended_ns=1790162852289444375 elapsed_us=2 block_gets=0 block_puts=0 deleted=0
checkpoint_phase lsn=20600 phase=row_merge_write slot=0 started_ns=1790162852289508000 ended_ns=1790162852308627291 elapsed_us=19119 block_gets=0 block_puts=4 deleted=0
checkpoint_phase lsn=20600 phase=value_index_write slot=0 started_ns=1790162852315539000 ended_ns=1790162852315667959 elapsed_us=128 block_gets=0 block_puts=0 deleted=0
checkpoint_phase lsn=20600 phase=row_merge_write slot=0 started_ns=1790162852315732000 ended_ns=1790162852335102125 elapsed_us=19370 block_gets=0 block_puts=4 deleted=0
checkpoint_phase lsn=20616 phase=row_merge_write slot=0 started_ns=1790162852377676000 ended_ns=1790162852395918833 elapsed_us=18242 block_gets=0 block_puts=4 deleted=0
checkpoint_phase lsn=20616 phase=value_index_schedule slot=0 started_ns=1790162852401843000 ended_ns=1790162852401848583 elapsed_us=5 block_gets=0 block_puts=0 deleted=0
checkpoint_phase lsn=20616 phase=row_merge_write slot=0 started_ns=1790162852401927000 ended_ns=1790162852419829959 elapsed_us=17902 block_gets=0 block_puts=4 deleted=0
checkpoint_phase lsn=20616 phase=value_index_schedule slot=0 started_ns=1790162852425781000 ended_ns=1790162852425899000 elapsed_us=118 block_gets=0 block_puts=0 deleted=0
checkpoint_phase lsn=20616 phase=row_merge_write slot=0 started_ns=1790162852425974000 ended_ns=1790162852443644042 elapsed_us=17670 block_gets=0 block_puts=4 deleted=0
checkpoint_phase lsn=20616 phase=value_index_write slot=0 started_ns=1790162852449718000 ended_ns=1790162852449720458 elapsed_us=2 block_gets=0 block_puts=0 deleted=0
checkpoint_phase lsn=20616 phase=row_merge_write slot=0 started_ns=1790162852449786000 ended_ns=1790162852484235875 elapsed_us=34449 block_gets=0 block_puts=4 deleted=0
checkpoint_phase lsn=20616 phase=value_index_write slot=0 started_ns=1790162852492048000 ended_ns=1790162852492178833 elapsed_us=130 block_gets=0 block_puts=0 deleted=0
checkpoint_phase lsn=20616 phase=row_merge_write slot=0 started_ns=1790162852492262000 ended_ns=1790162852516908500 elapsed_us=24646 block_gets=0 block_puts=4 deleted=0
checkpoint_phase lsn=20632 phase=row_merge_write slot=0 started_ns=1790162852561518000 ended_ns=1790162852579293084 elapsed_us=17775 block_gets=0 block_puts=4 deleted=0
checkpoint_phase lsn=20632 phase=value_index_schedule slot=0 started_ns=1790162852585998000 ended_ns=1790162852586003583 elapsed_us=5 block_gets=0 block_puts=0 deleted=0
checkpoint_phase lsn=20632 phase=row_merge_write slot=0 started_ns=1790162852586062000 ended_ns=1790162852603827416 elapsed_us=17765 block_gets=0 block_puts=4 deleted=0
checkpoint_phase lsn=20632 phase=value_index_schedule slot=0 started_ns=1790162852609839000 ended_ns=1790162852609959875 elapsed_us=120 block_gets=0 block_puts=0 deleted=0
checkpoint_phase lsn=20632 phase=row_merge_write slot=0 started_ns=1790162852610131000 ended_ns=1790162852627510709 elapsed_us=17379 block_gets=0 block_puts=4 deleted=0
checkpoint_phase lsn=20632 phase=value_index_write slot=0 started_ns=1790162852633691000 ended_ns=1790162852633694041 elapsed_us=3 block_gets=0 block_puts=0 deleted=0
checkpoint_phase lsn=20632 phase=row_merge_write slot=0 started_ns=1790162852633824000 ended_ns=1790162852651215333 elapsed_us=17391 block_gets=0 block_puts=4 deleted=0
checkpoint_phase lsn=20632 phase=value_index_write slot=0 started_ns=1790162852657172000 ended_ns=1790162852657303750 elapsed_us=131 block_gets=0 block_puts=0 deleted=0
checkpoint_phase lsn=20632 phase=row_merge_write slot=0 started_ns=1790162852657368000 ended_ns=1790162852675367125 elapsed_us=17999 block_gets=0 block_puts=4 deleted=0
checkpoint_phase lsn=20648 phase=row_merge_write slot=0 started_ns=1790162852727284000 ended_ns=1790162852745623083 elapsed_us=18339 block_gets=0 block_puts=4 deleted=0
checkpoint_phase lsn=20648 phase=value_index_schedule slot=0 started_ns=1790162852755004000 ended_ns=1790162852755009167 elapsed_us=5 block_gets=0 block_puts=0 deleted=0
checkpoint_phase lsn=20648 phase=row_merge_write slot=0 started_ns=1790162852755077000 ended_ns=1790162852772897083 elapsed_us=17820 block_gets=0 block_puts=4 deleted=0
checkpoint_phase lsn=20648 phase=value_index_schedule slot=0 started_ns=1790162852783129000 ended_ns=1790162852783250459 elapsed_us=121 block_gets=0 block_puts=0 deleted=0
checkpoint_phase lsn=20648 phase=row_merge_write slot=0 started_ns=1790162852783342000 ended_ns=1790162852801678792 elapsed_us=18336 block_gets=0 block_puts=4 deleted=0
checkpoint_phase lsn=20648 phase=value_index_write slot=0 started_ns=1790162852811489000 ended_ns=1790162852811491250 elapsed_us=2 block_gets=0 block_puts=0 deleted=0
checkpoint_phase lsn=20648 phase=row_merge_write slot=0 started_ns=1790162852811619000 ended_ns=1790162852830909292 elapsed_us=19290 block_gets=0 block_puts=4 deleted=0
checkpoint_phase lsn=20648 phase=value_index_write slot=0 started_ns=1790162852839965000 ended_ns=1790162852840108375 elapsed_us=143 block_gets=0 block_puts=0 deleted=0
checkpoint_phase lsn=20648 phase=row_merge_write slot=0 started_ns=1790162852840183000 ended_ns=1790162852857992750 elapsed_us=17809 block_gets=0 block_puts=4 deleted=0
checkpoint_phase lsn=20664 phase=row_merge_write slot=0 started_ns=1790162852916637000 ended_ns=1790162852935590375 elapsed_us=18953 block_gets=0 block_puts=4 deleted=0
checkpoint_phase lsn=20664 phase=value_index_schedule slot=0 started_ns=1790162852947187000 ended_ns=1790162852947192250 elapsed_us=5 block_gets=0 block_puts=0 deleted=0
checkpoint_phase lsn=20664 phase=row_merge_write slot=0 started_ns=1790162852947257000 ended_ns=1790162852964973333 elapsed_us=17716 block_gets=0 block_puts=4 deleted=0
checkpoint_phase lsn=20664 phase=value_index_schedule slot=0 started_ns=1790162852975215000 ended_ns=1790162852975339500 elapsed_us=124 block_gets=0 block_puts=0 deleted=0
checkpoint_phase lsn=20664 phase=row_merge_write slot=0 started_ns=1790162852988530000 ended_ns=1790162853020983750 elapsed_us=32453 block_gets=0 block_puts=8 deleted=0
checkpoint_phase lsn=20680 phase=value_index_schedule slot=0 started_ns=1790162853078490000 ended_ns=1790162853078496500 elapsed_us=6 block_gets=0 block_puts=0 deleted=0
checkpoint_phase lsn=20680 phase=value_index_schedule slot=0 started_ns=1790162853078557000 ended_ns=1790162853078699500 elapsed_us=142 block_gets=0 block_puts=0 deleted=0
checkpoint_phase lsn=20680 phase=value_index_write slot=0 started_ns=1790162853088648000 ended_ns=1790162853088650875 elapsed_us=2 block_gets=0 block_puts=0 deleted=0
checkpoint_phase lsn=20680 phase=value_index_write slot=0 started_ns=1790162853088707000 ended_ns=1790162853088838459 elapsed_us=131 block_gets=0 block_puts=0 deleted=0
checkpoint_phase lsn=20680 phase=value_index_write slot=0 started_ns=1790162853088899000 ended_ns=1790162853089013209 elapsed_us=114 block_gets=0 block_puts=0 deleted=0
checkpoint_phase lsn=20680 phase=value_index_write slot=0 started_ns=1790162853098681000 ended_ns=1790162853098753500 elapsed_us=72 block_gets=0 block_puts=0 deleted=0
checkpoint_phase lsn=20680 phase=value_index_write slot=0 started_ns=1790162853098895000 ended_ns=1790162853098966791 elapsed_us=71 block_gets=0 block_puts=0 deleted=0
checkpoint_phase lsn=20680 phase=value_index_write slot=0 started_ns=1790162853109022000 ended_ns=1790162853109094000 elapsed_us=72 block_gets=0 block_puts=0 deleted=0
checkpoint_phase lsn=20680 phase=value_index_write slot=0 started_ns=1790162853109150000 ended_ns=1790162853117516667 elapsed_us=8366 block_gets=0 block_puts=1 deleted=0
checkpoint_phase lsn=20680 phase=value_index_write slot=0 started_ns=1790162853128808000 ended_ns=1790162853128881791 elapsed_us=73 block_gets=0 block_puts=0 deleted=0
checkpoint_phase lsn=20696 phase=value_index_schedule slot=0 started_ns=1790162853193593000 ended_ns=1790162853193599500 elapsed_us=6 block_gets=0 block_puts=0 deleted=0
checkpoint_phase lsn=20696 phase=value_index_schedule slot=0 started_ns=1790162853203198000 ended_ns=1790162853203323209 elapsed_us=125 block_gets=0 block_puts=0 deleted=0
checkpoint_phase lsn=20696 phase=value_index_write slot=0 started_ns=1790162853203401000 ended_ns=1790162853203403542 elapsed_us=2 block_gets=0 block_puts=0 deleted=0
checkpoint_phase lsn=20696 phase=value_index_write slot=0 started_ns=1790162853203473000 ended_ns=1790162853203599667 elapsed_us=126 block_gets=0 block_puts=0 deleted=0
checkpoint_phase lsn=20696 phase=value_index_write slot=0 started_ns=1790162853203646000 ended_ns=1790162853203768250 elapsed_us=122 block_gets=0 block_puts=0 deleted=0
checkpoint_phase lsn=20696 phase=value_index_write slot=0 started_ns=1790162853213121000 ended_ns=1790162853213194291 elapsed_us=73 block_gets=0 block_puts=0 deleted=0
checkpoint_phase lsn=20696 phase=value_index_write slot=0 started_ns=1790162853213252000 ended_ns=1790162853213337750 elapsed_us=85 block_gets=0 block_puts=0 deleted=0
checkpoint_phase lsn=20696 phase=value_index_write slot=0 started_ns=1790162853213428000 ended_ns=1790162853213497917 elapsed_us=69 block_gets=0 block_puts=0 deleted=0
checkpoint_phase lsn=20696 phase=value_index_write slot=0 started_ns=1790162853222255000 ended_ns=1790162853229461459 elapsed_us=7206 block_gets=0 block_puts=1 deleted=0
checkpoint_phase lsn=20696 phase=value_index_write slot=0 started_ns=1790162853238721000 ended_ns=1790162853238794958 elapsed_us=73 block_gets=0 block_puts=0 deleted=0
checkpoint_phase lsn=20696 phase=value_index_write slot=0 started_ns=1790162853238865000 ended_ns=1790162853238936583 elapsed_us=71 block_gets=0 block_puts=0 deleted=0
checkpoint_phase lsn=20696 phase=value_index_write slot=0 started_ns=1790162853238993000 ended_ns=1790162853239063125 elapsed_us=70 block_gets=0 block_puts=0 deleted=0
checkpoint_phase lsn=20712 phase=value_index_schedule slot=0 started_ns=1790162853296347000 ended_ns=1790162853296352959 elapsed_us=5 block_gets=0 block_puts=0 deleted=0
checkpoint_phase lsn=20712 phase=value_index_schedule slot=0 started_ns=1790162853306992000 ended_ns=1790162853307132417 elapsed_us=140 block_gets=0 block_puts=0 deleted=0
checkpoint_phase lsn=20712 phase=value_index_write slot=0 started_ns=1790162853320039000 ended_ns=1790162853320041916 elapsed_us=2 block_gets=0 block_puts=0 deleted=0
checkpoint_phase lsn=20712 phase=value_index_write slot=0 started_ns=1790162853328462000 ended_ns=1790162853328654125 elapsed_us=192 block_gets=0 block_puts=0 deleted=0
checkpoint_phase lsn=20712 phase=value_index_write slot=0 started_ns=1790162853331413000 ended_ns=1790162853331535166 elapsed_us=122 block_gets=0 block_puts=0 deleted=0
checkpoint_phase lsn=20728 phase=value_index_schedule slot=0 started_ns=1790162853395722000 ended_ns=1790162853395728583 elapsed_us=6 block_gets=0 block_puts=0 deleted=0
checkpoint_phase lsn=20728 phase=value_index_schedule slot=0 started_ns=1790162853405243000 ended_ns=1790162853405389833 elapsed_us=146 block_gets=0 block_puts=0 deleted=0
checkpoint_phase lsn=20728 phase=value_index_write slot=0 started_ns=1790162853405453000 ended_ns=1790162853405454833 elapsed_us=1 block_gets=0 block_puts=0 deleted=0
checkpoint_phase lsn=20728 phase=value_index_write slot=0 started_ns=1790162853405528000 ended_ns=1790162853405736208 elapsed_us=208 block_gets=0 block_puts=0 deleted=0
checkpoint_phase lsn=20728 phase=value_index_write slot=0 started_ns=1790162853414552000 ended_ns=1790162853414677042 elapsed_us=125 block_gets=0 block_puts=0 deleted=0
checkpoint_phase lsn=20728 phase=value_index_write slot=0 started_ns=1790162853414739000 ended_ns=1790162853414816291 elapsed_us=77 block_gets=0 block_puts=0 deleted=0
checkpoint_phase lsn=20728 phase=value_index_write slot=0 started_ns=1790162853423565000 ended_ns=1790162853423639541 elapsed_us=74 block_gets=0 block_puts=0 deleted=0
checkpoint_phase lsn=20728 phase=value_index_write slot=0 started_ns=1790162853423699000 ended_ns=1790162853423768833 elapsed_us=69 block_gets=0 block_puts=0 deleted=0
checkpoint_phase lsn=20728 phase=value_index_write slot=0 started_ns=1790162853423830000 ended_ns=1790162853430999875 elapsed_us=7169 block_gets=0 block_puts=1 deleted=0
checkpoint_phase lsn=20728 phase=value_index_write slot=0 started_ns=1790162853441592000 ended_ns=1790162853441662916 elapsed_us=70 block_gets=0 block_puts=0 deleted=0
checkpoint_phase lsn=20744 phase=value_index_schedule slot=0 started_ns=1790162853497524000 ended_ns=1790162853497530917 elapsed_us=6 block_gets=0 block_puts=0 deleted=0
checkpoint_phase lsn=20744 phase=value_index_schedule slot=0 started_ns=1790162853506986000 ended_ns=1790162853507132250 elapsed_us=146 block_gets=0 block_puts=0 deleted=0
checkpoint_phase lsn=20744 phase=value_index_write slot=0 started_ns=1790162853507206000 ended_ns=1790162853507208000 elapsed_us=2 block_gets=0 block_puts=0 deleted=0
checkpoint_phase lsn=20744 phase=value_index_write slot=0 started_ns=1790162853507266000 ended_ns=1790162853507392209 elapsed_us=126 block_gets=0 block_puts=0 deleted=0
checkpoint_phase lsn=20744 phase=value_index_write slot=0 started_ns=1790162853516684000 ended_ns=1790162853516806750 elapsed_us=122 block_gets=0 block_puts=0 deleted=0
checkpoint_phase lsn=20744 phase=value_index_write slot=0 started_ns=1790162853516869000 ended_ns=1790162853516947042 elapsed_us=78 block_gets=0 block_puts=0 deleted=0
checkpoint_phase lsn=20744 phase=value_index_write slot=0 started_ns=1790162853517010000 ended_ns=1790162853517081708 elapsed_us=71 block_gets=0 block_puts=0 deleted=0
checkpoint_phase lsn=20744 phase=value_index_write slot=0 started_ns=1790162853526435000 ended_ns=1790162853526507208 elapsed_us=72 block_gets=0 block_puts=0 deleted=0
checkpoint_phase lsn=20744 phase=value_index_write slot=0 started_ns=1790162853526575000 ended_ns=1790162853534891875 elapsed_us=8316 block_gets=0 block_puts=1 deleted=0
checkpoint_phase lsn=20744 phase=value_index_write slot=0 started_ns=1790162853544178000 ended_ns=1790162853544250166 elapsed_us=72 block_gets=0 block_puts=0 deleted=0
checkpoint_phase lsn=20744 phase=value_index_write slot=0 started_ns=1790162853544325000 ended_ns=1790162853544396416 elapsed_us=71 block_gets=0 block_puts=0 deleted=0
checkpoint_phase lsn=20744 phase=value_index_write slot=0 started_ns=1790162853544457000 ended_ns=1790162853544527083 elapsed_us=70 block_gets=0 block_puts=0 deleted=0
checkpoint_phase lsn=20760 phase=value_index_schedule slot=0 started_ns=1790162853604837000 ended_ns=1790162853604843708 elapsed_us=6 block_gets=0 block_puts=0 deleted=0
checkpoint_phase lsn=20760 phase=value_index_schedule slot=0 started_ns=1790162853614929000 ended_ns=1790162853615079459 elapsed_us=150 block_gets=0 block_puts=0 deleted=0
checkpoint_phase lsn=20760 phase=value_index_write slot=0 started_ns=1790162853626849000 ended_ns=1790162853626851709 elapsed_us=2 block_gets=0 block_puts=0 deleted=0
checkpoint_phase lsn=20760 phase=value_index_write slot=0 started_ns=1790162853630951000 ended_ns=1790162853631078833 elapsed_us=127 block_gets=0 block_puts=0 deleted=0
checkpoint_phase lsn=20760 phase=value_index_write slot=0 started_ns=1790162853640244000 ended_ns=1790162853640370584 elapsed_us=126 block_gets=0 block_puts=0 deleted=0
checkpoint_phase lsn=20760 phase=value_index_write slot=0 started_ns=1790162853640432000 ended_ns=1790162853640513250 elapsed_us=81 block_gets=0 block_puts=0 deleted=0
checkpoint_phase lsn=20776 phase=value_index_schedule slot=0 started_ns=1790162853696691000 ended_ns=1790162853696696750 elapsed_us=5 block_gets=0 block_puts=0 deleted=0
checkpoint_phase lsn=20776 phase=value_index_schedule slot=0 started_ns=1790162853706176000 ended_ns=1790162853706321959 elapsed_us=145 block_gets=0 block_puts=0 deleted=0
checkpoint_phase lsn=20776 phase=value_index_write slot=0 started_ns=1790162853706383000 ended_ns=1790162853706384917 elapsed_us=1 block_gets=0 block_puts=0 deleted=0
checkpoint_phase lsn=20776 phase=value_index_write slot=0 started_ns=1790162853706447000 ended_ns=1790162853706576250 elapsed_us=129 block_gets=0 block_puts=0 deleted=0
checkpoint_phase lsn=20776 phase=value_index_write slot=0 started_ns=1790162853706631000 ended_ns=1790162853706759416 elapsed_us=128 block_gets=0 block_puts=0 deleted=0
checkpoint_phase lsn=20776 phase=value_index_write slot=0 started_ns=1790162853716020000 ended_ns=1790162853716109584 elapsed_us=89 block_gets=0 block_puts=0 deleted=0
checkpoint_phase lsn=20776 phase=value_index_write slot=0 started_ns=1790162853716179000 ended_ns=1790162853716249208 elapsed_us=70 block_gets=0 block_puts=0 deleted=0
checkpoint_phase lsn=20776 phase=value_index_write slot=0 started_ns=1790162853716303000 ended_ns=1790162853716372542 elapsed_us=69 block_gets=0 block_puts=0 deleted=0
checkpoint_phase lsn=20776 phase=value_index_write slot=0 started_ns=1790162853725563000 ended_ns=1790162853733936916 elapsed_us=8373 block_gets=0 block_puts=1 deleted=0
checkpoint_phase lsn=20776 phase=value_index_write slot=0 started_ns=1790162853744246000 ended_ns=1790162853744325458 elapsed_us=79 block_gets=0 block_puts=0 deleted=0
checkpoint_phase lsn=20776 phase=value_index_write slot=0 started_ns=1790162853744390000 ended_ns=1790162853744460000 elapsed_us=70 block_gets=0 block_puts=0 deleted=0
checkpoint_phase lsn=20776 phase=value_index_write slot=0 started_ns=1790162853744513000 ended_ns=1790162853744582917 elapsed_us=69 block_gets=0 block_puts=0 deleted=0
checkpoint_phase lsn=20792 phase=value_index_schedule slot=0 started_ns=1790162853800843000 ended_ns=1790162853800849209 elapsed_us=6 block_gets=0 block_puts=0 deleted=0
checkpoint_phase lsn=20792 phase=value_index_schedule slot=0 started_ns=1790162853809786000 ended_ns=1790162853809944000 elapsed_us=158 block_gets=0 block_puts=0 deleted=0
checkpoint_phase lsn=20792 phase=value_index_write slot=0 started_ns=1790162853810012000 ended_ns=1790162853810014209 elapsed_us=2 block_gets=0 block_puts=0 deleted=0
checkpoint_phase lsn=20792 phase=value_index_write slot=0 started_ns=1790162853810068000 ended_ns=1790162853810194500 elapsed_us=126 block_gets=0 block_puts=0 deleted=0
checkpoint_phase lsn=20792 phase=value_index_write slot=0 started_ns=1790162853819602000 ended_ns=1790162853819727000 elapsed_us=125 block_gets=0 block_puts=0 deleted=0
checkpoint_phase lsn=20792 phase=value_index_write slot=0 started_ns=1790162853819793000 ended_ns=1790162853819884375 elapsed_us=91 block_gets=0 block_puts=0 deleted=0
checkpoint_phase lsn=20792 phase=value_index_write slot=0 started_ns=1790162853829165000 ended_ns=1790162853829237084 elapsed_us=72 block_gets=0 block_puts=0 deleted=0
checkpoint_phase lsn=20792 phase=value_index_write slot=0 started_ns=1790162853829378000 ended_ns=1790162853829478708 elapsed_us=100 block_gets=0 block_puts=0 deleted=0
checkpoint_phase lsn=20792 phase=value_index_write slot=0 started_ns=1790162853829536000 ended_ns=1790162853836778541 elapsed_us=7242 block_gets=0 block_puts=1 deleted=0
checkpoint_phase lsn=20792 phase=value_index_write slot=0 started_ns=1790162853846001000 ended_ns=1790162853846075958 elapsed_us=74 block_gets=0 block_puts=0 deleted=0
checkpoint_phase lsn=20792 phase=value_index_write slot=0 started_ns=1790162853846145000 ended_ns=1790162853846217292 elapsed_us=72 block_gets=0 block_puts=0 deleted=0
checkpoint_phase lsn=20792 phase=value_index_write slot=0 started_ns=1790162853846277000 ended_ns=1790162853846347292 elapsed_us=70 block_gets=0 block_puts=0 deleted=0
checkpoint_phase lsn=20808 phase=value_index_schedule slot=0 started_ns=1790162853897190000 ended_ns=1790162853897196000 elapsed_us=6 block_gets=0 block_puts=0 deleted=0
checkpoint_phase lsn=20808 phase=value_index_schedule slot=0 started_ns=1790162853906977000 ended_ns=1790162853907134166 elapsed_us=157 block_gets=0 block_puts=0 deleted=0
checkpoint_phase lsn=20808 phase=value_index_write slot=0 started_ns=1790162853907202000 ended_ns=1790162853907204167 elapsed_us=2 block_gets=0 block_puts=0 deleted=0
checkpoint_phase lsn=20808 phase=value_index_write slot=0 started_ns=1790162853907263000 ended_ns=1790162853907388250 elapsed_us=125 block_gets=0 block_puts=0 deleted=0
checkpoint_phase lsn=20808 phase=value_index_write slot=0 started_ns=1790162853907444000 ended_ns=1790162853907574625 elapsed_us=130 block_gets=0 block_puts=0 deleted=0
checkpoint_phase lsn=20808 phase=value_index_write slot=0 started_ns=1790162853917479000 ended_ns=1790162853917579417 elapsed_us=100 block_gets=0 block_puts=0 deleted=0
checkpoint_phase lsn=20808 phase=value_index_write slot=0 started_ns=1790162853930160000 ended_ns=1790162853930234541 elapsed_us=74 block_gets=0 block_puts=0 deleted=0
checkpoint_phase lsn=20808 phase=value_index_write slot=0 started_ns=1790162853930317000 ended_ns=1790162853930389041 elapsed_us=72 block_gets=0 block_puts=0 deleted=0
checkpoint_phase lsn=20824 phase=value_index_schedule slot=0 started_ns=1790162853983828000 ended_ns=1790162853983835084 elapsed_us=7 block_gets=0 block_puts=0 deleted=0
checkpoint_phase lsn=20824 phase=value_index_schedule slot=0 started_ns=1790162853993269000 ended_ns=1790162853993434500 elapsed_us=165 block_gets=0 block_puts=0 deleted=0
checkpoint_phase lsn=20824 phase=value_index_write slot=0 started_ns=1790162853993620000 ended_ns=1790162853993622209 elapsed_us=2 block_gets=0 block_puts=0 deleted=0
checkpoint_phase lsn=20824 phase=value_index_write slot=0 started_ns=1790162854003201000 ended_ns=1790162854003330625 elapsed_us=129 block_gets=0 block_puts=0 deleted=0
checkpoint_phase lsn=20824 phase=value_index_write slot=0 started_ns=1790162854003401000 ended_ns=1790162854003522083 elapsed_us=121 block_gets=0 block_puts=0 deleted=0
checkpoint_phase lsn=20824 phase=value_index_write slot=0 started_ns=1790162854003593000 ended_ns=1790162854003691459 elapsed_us=98 block_gets=0 block_puts=0 deleted=0
checkpoint_phase lsn=20824 phase=value_index_write slot=0 started_ns=1790162854012722000 ended_ns=1790162854012793583 elapsed_us=71 block_gets=0 block_puts=0 deleted=0
checkpoint_phase lsn=20824 phase=value_index_write slot=0 started_ns=1790162854012857000 ended_ns=1790162854012927208 elapsed_us=70 block_gets=0 block_puts=0 deleted=0
checkpoint_phase lsn=20824 phase=value_index_write slot=0 started_ns=1790162854013073000 ended_ns=1790162854021664583 elapsed_us=8591 block_gets=0 block_puts=1 deleted=0
checkpoint_phase lsn=20824 phase=value_index_write slot=0 started_ns=1790162854032101000 ended_ns=1790162854032175000 elapsed_us=74 block_gets=0 block_puts=0 deleted=0
checkpoint_phase lsn=20840 phase=value_index_schedule slot=0 started_ns=1790162854086888000 ended_ns=1790162854086894667 elapsed_us=6 block_gets=0 block_puts=0 deleted=0
checkpoint_phase lsn=20840 phase=value_index_schedule slot=0 started_ns=1790162854096134000 ended_ns=1790162854096306083 elapsed_us=172 block_gets=0 block_puts=0 deleted=0
checkpoint_phase lsn=20840 phase=value_index_write slot=0 started_ns=1790162854096366000 ended_ns=1790162854096368083 elapsed_us=2 block_gets=0 block_puts=0 deleted=0
checkpoint_phase lsn=20840 phase=value_index_write slot=0 started_ns=1790162854105781000 ended_ns=1790162854105913166 elapsed_us=132 block_gets=0 block_puts=0 deleted=0
checkpoint_phase lsn=20840 phase=value_index_write slot=0 started_ns=1790162854105973000 ended_ns=1790162854106096917 elapsed_us=123 block_gets=0 block_puts=0 deleted=0
checkpoint_phase lsn=20840 phase=value_index_write slot=0 started_ns=1790162854106149000 ended_ns=1790162854106254791 elapsed_us=105 block_gets=0 block_puts=0 deleted=0
checkpoint_phase lsn=20840 phase=value_index_write slot=0 started_ns=1790162854115248000 ended_ns=1790162854115322667 elapsed_us=74 block_gets=0 block_puts=0 deleted=0
checkpoint_phase lsn=20840 phase=value_index_write slot=0 started_ns=1790162854115401000 ended_ns=1790162854115473625 elapsed_us=72 block_gets=0 block_puts=0 deleted=0
checkpoint_phase lsn=20840 phase=value_index_write slot=0 started_ns=1790162854115530000 ended_ns=1790162854123825000 elapsed_us=8295 block_gets=0 block_puts=1 deleted=0
checkpoint_phase lsn=20840 phase=value_index_write slot=0 started_ns=1790162854133048000 ended_ns=1790162854133122167 elapsed_us=74 block_gets=0 block_puts=0 deleted=0
checkpoint_phase lsn=20840 phase=value_index_write slot=0 started_ns=1790162854133200000 ended_ns=1790162854133271666 elapsed_us=71 block_gets=0 block_puts=0 deleted=0
checkpoint_phase lsn=20840 phase=value_index_write slot=0 started_ns=1790162854133401000 ended_ns=1790162854133473625 elapsed_us=72 block_gets=0 block_puts=0 deleted=0
checkpoint_phase lsn=20840 phase=value_index_write slot=0 started_ns=1790162854133568000 ended_ns=1790162854137825166 elapsed_us=4257 block_gets=0 block_puts=1 deleted=0
checkpoint_phase lsn=20856 phase=value_index_schedule slot=0 started_ns=1790162854196132000 ended_ns=1790162854196138416 elapsed_us=6 block_gets=0 block_puts=0 deleted=0
checkpoint_phase lsn=20856 phase=value_index_schedule slot=0 started_ns=1790162854196215000 ended_ns=1790162854196390166 elapsed_us=175 block_gets=0 block_puts=0 deleted=0
checkpoint_phase lsn=20856 phase=value_index_write slot=0 started_ns=1790162854207363000 ended_ns=1790162854207365458 elapsed_us=2 block_gets=0 block_puts=0 deleted=0
checkpoint_phase lsn=20856 phase=value_index_write slot=0 started_ns=1790162854220275000 ended_ns=1790162854220404750 elapsed_us=129 block_gets=0 block_puts=0 deleted=0
checkpoint_phase lsn=20856 phase=value_index_write slot=0 started_ns=1790162854233580000 ended_ns=1790162854233707958 elapsed_us=127 block_gets=0 block_puts=0 deleted=0
checkpoint_phase lsn=20856 phase=value_index_write slot=0 started_ns=1790162854233792000 ended_ns=1790162854233903250 elapsed_us=111 block_gets=0 block_puts=0 deleted=0
checkpoint_phase lsn=20856 phase=value_index_write slot=0 started_ns=1790162854233974000 ended_ns=1790162854234066083 elapsed_us=92 block_gets=0 block_puts=0 deleted=0
checkpoint_phase lsn=20872 phase=value_index_schedule slot=0 started_ns=1790162854290782000 ended_ns=1790162854290788833 elapsed_us=6 block_gets=0 block_puts=0 deleted=0
checkpoint_phase lsn=20872 phase=value_index_schedule slot=0 started_ns=1790162854300387000 ended_ns=1790162854300568000 elapsed_us=181 block_gets=0 block_puts=0 deleted=0
checkpoint_phase lsn=20872 phase=value_index_write slot=0 started_ns=1790162854300639000 ended_ns=1790162854300641084 elapsed_us=2 block_gets=0 block_puts=0 deleted=0
checkpoint_phase lsn=20872 phase=value_index_write slot=0 started_ns=1790162854309990000 ended_ns=1790162854310120125 elapsed_us=130 block_gets=0 block_puts=0 deleted=0
checkpoint_phase lsn=20872 phase=value_index_write slot=0 started_ns=1790162854310214000 ended_ns=1790162854310335500 elapsed_us=121 block_gets=0 block_puts=0 deleted=0
checkpoint_phase lsn=20872 phase=value_index_write slot=0 started_ns=1790162854310395000 ended_ns=1790162854310506042 elapsed_us=111 block_gets=0 block_puts=0 deleted=0
checkpoint_phase lsn=20872 phase=value_index_write slot=0 started_ns=1790162854319976000 ended_ns=1790162854320048833 elapsed_us=72 block_gets=0 block_puts=0 deleted=0
checkpoint_phase lsn=20872 phase=value_index_write slot=0 started_ns=1790162854320121000 ended_ns=1790162854320191458 elapsed_us=70 block_gets=0 block_puts=0 deleted=0
checkpoint_phase lsn=20872 phase=value_index_write slot=0 started_ns=1790162854320256000 ended_ns=1790162854329180125 elapsed_us=8924 block_gets=0 block_puts=1 deleted=0
checkpoint_phase lsn=20872 phase=value_index_write slot=0 started_ns=1790162854340016000 ended_ns=1790162854340089625 elapsed_us=73 block_gets=0 block_puts=0 deleted=0
checkpoint_phase lsn=20888 phase=value_index_schedule slot=0 started_ns=1790162854386350000 ended_ns=1790162854386356125 elapsed_us=6 block_gets=0 block_puts=0 deleted=0
checkpoint_phase lsn=20888 phase=value_index_schedule slot=0 started_ns=1790162854386416000 ended_ns=1790162854386587792 elapsed_us=171 block_gets=0 block_puts=0 deleted=0
checkpoint_phase lsn=20888 phase=value_index_write slot=0 started_ns=1790162854396273000 ended_ns=1790162854396274916 elapsed_us=1 block_gets=0 block_puts=0 deleted=0
checkpoint_phase lsn=20888 phase=value_index_write slot=0 started_ns=1790162854396348000 ended_ns=1790162854396479792 elapsed_us=131 block_gets=0 block_puts=0 deleted=0
checkpoint_phase lsn=20888 phase=value_index_write slot=0 started_ns=1790162854396557000 ended_ns=1790162854396678500 elapsed_us=121 block_gets=0 block_puts=0 deleted=0
checkpoint_phase lsn=20888 phase=value_index_write slot=0 started_ns=1790162854405738000 ended_ns=1790162854405859875 elapsed_us=121 block_gets=0 block_puts=0 deleted=0
checkpoint_phase lsn=20888 phase=value_index_write slot=0 started_ns=1790162854405920000 ended_ns=1790162854405990584 elapsed_us=70 block_gets=0 block_puts=0 deleted=0
checkpoint_phase lsn=20888 phase=value_index_write slot=0 started_ns=1790162854415641000 ended_ns=1790162854415716125 elapsed_us=75 block_gets=0 block_puts=0 deleted=0
checkpoint_phase lsn=20888 phase=value_index_write slot=0 started_ns=1790162854415788000 ended_ns=1790162854425635291 elapsed_us=9847 block_gets=0 block_puts=1 deleted=0
checkpoint_phase lsn=20888 phase=value_index_write slot=0 started_ns=1790162854434862000 ended_ns=1790162854434936500 elapsed_us=74 block_gets=0 block_puts=0 deleted=0
checkpoint_phase lsn=20888 phase=value_index_write slot=0 started_ns=1790162854435011000 ended_ns=1790162854435082750 elapsed_us=71 block_gets=0 block_puts=0 deleted=0
checkpoint_phase lsn=20888 phase=value_index_write slot=0 started_ns=1790162854435141000 ended_ns=1790162854435213375 elapsed_us=72 block_gets=0 block_puts=0 deleted=0
checkpoint_phase lsn=20904 phase=value_index_schedule slot=0 started_ns=1790162854496452000 ended_ns=1790162854496458000 elapsed_us=6 block_gets=0 block_puts=0 deleted=0
checkpoint_phase lsn=20904 phase=value_index_schedule slot=0 started_ns=1790162854496525000 ended_ns=1790162854496709375 elapsed_us=184 block_gets=0 block_puts=0 deleted=0
checkpoint_phase lsn=20904 phase=value_index_write slot=0 started_ns=1790162854508274000 ended_ns=1790162854508275791 elapsed_us=1 block_gets=0 block_puts=0 deleted=0
checkpoint_phase lsn=20904 phase=value_index_write slot=0 started_ns=1790162854508349000 ended_ns=1790162854508479291 elapsed_us=130 block_gets=0 block_puts=0 deleted=0
checkpoint_phase lsn=20904 phase=value_index_write slot=0 started_ns=1790162854508539000 ended_ns=1790162854508658084 elapsed_us=119 block_gets=0 block_puts=0 deleted=0
checkpoint_phase lsn=20904 phase=value_index_write slot=0 started_ns=1790162854508703000 ended_ns=1790162854508822375 elapsed_us=119 block_gets=0 block_puts=0 deleted=0
checkpoint_phase lsn=20904 phase=value_index_write slot=0 started_ns=1790162854518520000 ended_ns=1790162854518594250 elapsed_us=74 block_gets=0 block_puts=0 deleted=0
checkpoint_phase lsn=20904 phase=value_index_write slot=0 started_ns=1790162854518693000 ended_ns=1790162854518764917 elapsed_us=71 block_gets=0 block_puts=0 deleted=0
checkpoint_phase lsn=20904 phase=value_index_write slot=0 started_ns=1790162854518827000 ended_ns=1790162854526389041 elapsed_us=7562 block_gets=0 block_puts=1 deleted=0
checkpoint_phase lsn=20904 phase=value_index_write slot=0 started_ns=1790162854535773000 ended_ns=1790162854535846000 elapsed_us=73 block_gets=0 block_puts=0 deleted=0
checkpoint_phase lsn=20904 phase=value_index_write slot=0 started_ns=1790162854535920000 ended_ns=1790162854535993250 elapsed_us=73 block_gets=0 block_puts=0 deleted=0
checkpoint_phase lsn=20904 phase=value_index_write slot=0 started_ns=1790162854536046000 ended_ns=1790162854536116583 elapsed_us=70 block_gets=0 block_puts=0 deleted=0
checkpoint_phase lsn=20920 phase=value_index_schedule slot=0 started_ns=1790162854584365000 ended_ns=1790162854584371875 elapsed_us=6 block_gets=0 block_puts=0 deleted=0
checkpoint_phase lsn=20920 phase=value_index_schedule slot=0 started_ns=1790162854584431000 ended_ns=1790162854584639250 elapsed_us=208 block_gets=0 block_puts=0 deleted=0
checkpoint_phase lsn=20920 phase=value_index_write slot=0 started_ns=1790162854594151000 ended_ns=1790162854594153250 elapsed_us=2 block_gets=0 block_puts=0 deleted=0
checkpoint_phase lsn=20920 phase=value_index_write slot=0 started_ns=1790162854594228000 ended_ns=1790162854594359541 elapsed_us=131 block_gets=0 block_puts=0 deleted=0
checkpoint_phase lsn=20920 phase=value_index_write slot=0 started_ns=1790162854604103000 ended_ns=1790162854604231875 elapsed_us=128 block_gets=0 block_puts=0 deleted=0
checkpoint_phase lsn=20920 phase=value_index_write slot=0 started_ns=1790162854604307000 ended_ns=1790162854604435625 elapsed_us=128 block_gets=0 block_puts=0 deleted=0
checkpoint_phase lsn=20920 phase=value_index_write slot=0 started_ns=1790162854614606000 ended_ns=1790162854614683791 elapsed_us=77 block_gets=0 block_puts=0 deleted=0
checkpoint_phase lsn=20920 phase=value_index_write slot=0 started_ns=1790162854614779000 ended_ns=1790162854614850417 elapsed_us=71 block_gets=0 block_puts=0 deleted=0
checkpoint_phase lsn=20920 phase=value_index_write slot=0 started_ns=1790162854624866000 ended_ns=1790162854632387667 elapsed_us=7521 block_gets=0 block_puts=1 deleted=0
checkpoint_phase lsn=20936 phase=value_index_schedule slot=0 started_ns=1790162854678143000 ended_ns=1790162854678149750 elapsed_us=6 block_gets=0 block_puts=0 deleted=0
checkpoint_phase lsn=20936 phase=value_index_schedule slot=0 started_ns=1790162854678206000 ended_ns=1790162854678411917 elapsed_us=205 block_gets=0 block_puts=0 deleted=0
checkpoint_phase lsn=20936 phase=value_index_write slot=0 started_ns=1790162854687764000 ended_ns=1790162854687766041 elapsed_us=2 block_gets=0 block_puts=0 deleted=0
checkpoint_phase lsn=20936 phase=value_index_write slot=0 started_ns=1790162854687827000 ended_ns=1790162854687956583 elapsed_us=129 block_gets=0 block_puts=0 deleted=0
checkpoint_phase lsn=20936 phase=value_index_write slot=0 started_ns=1790162854688008000 ended_ns=1790162854688132209 elapsed_us=124 block_gets=0 block_puts=0 deleted=0
checkpoint_phase lsn=20936 phase=value_index_write slot=0 started_ns=1790162854697475000 ended_ns=1790162854697602833 elapsed_us=127 block_gets=0 block_puts=0 deleted=0
checkpoint_phase lsn=20936 phase=value_index_write slot=0 started_ns=1790162854697660000 ended_ns=1790162854697738625 elapsed_us=78 block_gets=0 block_puts=0 deleted=0
checkpoint_phase lsn=20936 phase=value_index_write slot=0 started_ns=1790162854706970000 ended_ns=1790162854707045791 elapsed_us=75 block_gets=0 block_puts=0 deleted=0
checkpoint_phase lsn=20936 phase=value_index_write slot=0 started_ns=1790162854707139000 ended_ns=1790162854714739167 elapsed_us=7600 block_gets=0 block_puts=1 deleted=0
checkpoint_phase lsn=20936 phase=value_index_write slot=0 started_ns=1790162854724016000 ended_ns=1790162854724090250 elapsed_us=74 block_gets=0 block_puts=0 deleted=0
checkpoint_phase lsn=20936 phase=value_index_write slot=0 started_ns=1790162854724169000 ended_ns=1790162854724245709 elapsed_us=76 block_gets=0 block_puts=0 deleted=0
checkpoint_phase lsn=20936 phase=value_index_write slot=0 started_ns=1790162854724308000 ended_ns=1790162854724378916 elapsed_us=70 block_gets=0 block_puts=0 deleted=0
checkpoint_phase lsn=20952 phase=value_index_schedule slot=0 started_ns=1790162854787118000 ended_ns=1790162854787124292 elapsed_us=6 block_gets=0 block_puts=0 deleted=0
checkpoint_phase lsn=20952 phase=value_index_schedule slot=0 started_ns=1790162854797613000 ended_ns=1790162854797799292 elapsed_us=186 block_gets=0 block_puts=0 deleted=0
checkpoint_phase lsn=20952 phase=value_index_write slot=0 started_ns=1790162854807620000 ended_ns=1790162854807622625 elapsed_us=2 block_gets=0 block_puts=0 deleted=0
checkpoint_phase lsn=20952 phase=value_index_write slot=0 started_ns=1790162854811488000 ended_ns=1790162854811618584 elapsed_us=130 block_gets=0 block_puts=0 deleted=0
checkpoint_phase lsn=20952 phase=value_index_write slot=0 started_ns=1790162854821225000 ended_ns=1790162854821348958 elapsed_us=123 block_gets=0 block_puts=0 deleted=0
checkpoint_phase lsn=20952 phase=value_index_write slot=0 started_ns=1790162854821426000 ended_ns=1790162854821550875 elapsed_us=124 block_gets=0 block_puts=0 deleted=0
checkpoint_phase lsn=20968 phase=value_index_schedule slot=0 started_ns=1790162854853360000 ended_ns=1790162854853365833 elapsed_us=5 block_gets=0 block_puts=0 deleted=0
checkpoint_phase lsn=20968 phase=value_index_schedule slot=0 started_ns=1790162854853426000 ended_ns=1790162854853624875 elapsed_us=198 block_gets=0 block_puts=0 deleted=0
checkpoint_phase lsn=20968 phase=value_index_write slot=0 started_ns=1790162854853675000 ended_ns=1790162854853676083 elapsed_us=1 block_gets=0 block_puts=0 deleted=0
checkpoint_phase lsn=20968 phase=value_index_write slot=0 started_ns=1790162854853720000 ended_ns=1790162854853845250 elapsed_us=125 block_gets=0 block_puts=0 deleted=0
checkpoint_phase lsn=20968 phase=value_index_write slot=0 started_ns=1790162854853890000 ended_ns=1790162854854009083 elapsed_us=119 block_gets=0 block_puts=0 deleted=0
checkpoint_phase lsn=20968 phase=value_index_write slot=0 started_ns=1790162854854067000 ended_ns=1790162854854187459 elapsed_us=120 block_gets=0 block_puts=0 deleted=0
checkpoint_phase lsn=20968 phase=value_index_write slot=0 started_ns=1790162854854238000 ended_ns=1790162854854326000 elapsed_us=88 block_gets=0 block_puts=0 deleted=0
checkpoint_phase lsn=20968 phase=value_index_write slot=0 started_ns=1790162854854376000 ended_ns=1790162854854452416 elapsed_us=76 block_gets=0 block_puts=0 deleted=0
checkpoint_phase lsn=20968 phase=value_index_write slot=0 started_ns=1790162854854734000 ended_ns=1790162854861737458 elapsed_us=7003 block_gets=0 block_puts=1 deleted=0
checkpoint_phase lsn=20968 phase=value_index_write slot=0 started_ns=1790162854862539000 ended_ns=1790162854862610042 elapsed_us=71 block_gets=0 block_puts=0 deleted=0
checkpoint_phase lsn=20968 phase=value_index_write slot=0 started_ns=1790162854862676000 ended_ns=1790162854862749500 elapsed_us=73 block_gets=0 block_puts=0 deleted=0
checkpoint_phase lsn=20968 phase=value_index_write slot=0 started_ns=1790162854862815000 ended_ns=1790162854862884792 elapsed_us=69 block_gets=0 block_puts=0 deleted=0
checkpoint_phase lsn=20968 phase=value_index_write slot=0 started_ns=1790162854863471000 ended_ns=1790162854867621208 elapsed_us=4150 block_gets=0 block_puts=1 deleted=0
checkpoint_phase lsn=20968 phase=value_index_schedule slot=0 started_ns=1790162854868545000 ended_ns=1790162854868603750 elapsed_us=58 block_gets=0 block_puts=0 deleted=0
checkpoint_phase lsn=20968 phase=value_index_schedule slot=0 started_ns=1790162854868665000 ended_ns=1790162854869024750 elapsed_us=359 block_gets=0 block_puts=0 deleted=0
checkpoint_phase lsn=20968 phase=value_index_write slot=0 started_ns=1790162854869099000 ended_ns=1790162854880567500 elapsed_us=11468 block_gets=0 block_puts=3 deleted=0
checkpoint_phase lsn=20968 phase=value_index_write slot=0 started_ns=1790162854881398000 ended_ns=1790162854896276917 elapsed_us=14878 block_gets=0 block_puts=4 deleted=0
checkpoint_phase lsn=20984 phase=value_index_schedule slot=0 started_ns=1790162854931760000 ended_ns=1790162854931765625 elapsed_us=5 block_gets=0 block_puts=0 deleted=0
checkpoint_phase lsn=20984 phase=value_index_schedule slot=0 started_ns=1790162854931836000 ended_ns=1790162854932048250 elapsed_us=212 block_gets=0 block_puts=0 deleted=0
checkpoint_phase lsn=20984 phase=value_index_write slot=0 started_ns=1790162854932857000 ended_ns=1790162854932858583 elapsed_us=1 block_gets=0 block_puts=0 deleted=0
checkpoint_phase lsn=20984 phase=value_index_write slot=0 started_ns=1790162854932923000 ended_ns=1790162854933060833 elapsed_us=137 block_gets=0 block_puts=0 deleted=0
checkpoint_phase lsn=20984 phase=value_index_write slot=0 started_ns=1790162854933107000 ended_ns=1790162854933228416 elapsed_us=121 block_gets=0 block_puts=0 deleted=0
checkpoint_phase lsn=20984 phase=value_index_write slot=0 started_ns=1790162854933873000 ended_ns=1790162854933993667 elapsed_us=120 block_gets=0 block_puts=0 deleted=0
checkpoint_phase lsn=20984 phase=value_index_write slot=0 started_ns=1790162854934052000 ended_ns=1790162854934144167 elapsed_us=92 block_gets=0 block_puts=0 deleted=0
checkpoint_phase lsn=20984 phase=value_index_write slot=0 started_ns=1790162854934868000 ended_ns=1790162854934938334 elapsed_us=70 block_gets=0 block_puts=0 deleted=0
checkpoint_phase lsn=20984 phase=value_index_write slot=0 started_ns=1790162854934994000 ended_ns=1790162854942294333 elapsed_us=7300 block_gets=0 block_puts=1 deleted=0
checkpoint_phase lsn=20984 phase=value_index_write slot=0 started_ns=1790162854943032000 ended_ns=1790162854943101584 elapsed_us=69 block_gets=0 block_puts=0 deleted=0
checkpoint_phase lsn=20984 phase=value_index_write slot=0 started_ns=1790162854943151000 ended_ns=1790162854943222208 elapsed_us=71 block_gets=0 block_puts=0 deleted=0
checkpoint_phase lsn=20984 phase=value_index_write slot=0 started_ns=1790162854943271000 ended_ns=1790162854943341542 elapsed_us=70 block_gets=0 block_puts=0 deleted=0
checkpoint_phase lsn=21000 phase=value_index_schedule slot=0 started_ns=1790162854986763000 ended_ns=1790162854986768916 elapsed_us=5 block_gets=0 block_puts=0 deleted=0
checkpoint_phase lsn=21000 phase=value_index_schedule slot=0 started_ns=1790162854987289000 ended_ns=1790162854987484000 elapsed_us=195 block_gets=0 block_puts=0 deleted=0
checkpoint_phase lsn=21000 phase=value_index_write slot=0 started_ns=1790162854988145000 ended_ns=1790162854988146625 elapsed_us=1 block_gets=0 block_puts=0 deleted=0
checkpoint_phase lsn=21000 phase=value_index_write slot=0 started_ns=1790162854988209000 ended_ns=1790162854988347000 elapsed_us=138 block_gets=0 block_puts=0 deleted=0
checkpoint_phase lsn=21000 phase=value_index_write slot=0 started_ns=1790162854988401000 ended_ns=1790162854988523167 elapsed_us=122 block_gets=0 block_puts=0 deleted=0
checkpoint_phase lsn=21000 phase=value_index_write slot=0 started_ns=1790162854989246000 ended_ns=1790162854989367209 elapsed_us=121 block_gets=0 block_puts=0 deleted=0
checkpoint_phase lsn=21000 phase=value_index_write slot=0 started_ns=1790162854989424000 ended_ns=1790162854989523167 elapsed_us=99 block_gets=0 block_puts=0 deleted=0
checkpoint_phase lsn=21000 phase=value_index_write slot=0 started_ns=1790162854989976000 ended_ns=1790162854990047792 elapsed_us=71 block_gets=0 block_puts=0 deleted=0
checkpoint_phase lsn=21004 phase=value_index_schedule slot=0 started_ns=1790162855007052000 ended_ns=1790162855007057708 elapsed_us=5 block_gets=0 block_puts=0 deleted=0
checkpoint_phase lsn=21004 phase=value_index_schedule slot=0 started_ns=1790162855007117000 ended_ns=1790162855007325375 elapsed_us=208 block_gets=0 block_puts=0 deleted=0
checkpoint_phase lsn=21004 phase=value_index_write slot=0 started_ns=1790162855007383000 ended_ns=1790162855007384459 elapsed_us=1 block_gets=0 block_puts=0 deleted=0
checkpoint_phase lsn=21012 phase=value_index_schedule slot=0 started_ns=1790162855035415000 ended_ns=1790162855035421750 elapsed_us=6 block_gets=0 block_puts=0 deleted=0
checkpoint_phase lsn=21012 phase=value_index_schedule slot=0 started_ns=1790162855035942000 ended_ns=1790162855036163750 elapsed_us=221 block_gets=0 block_puts=0 deleted=0
checkpoint_phase lsn=21016 phase=value_index_schedule slot=0 started_ns=1790162855052267000 ended_ns=1790162855052272791 elapsed_us=5 block_gets=0 block_puts=0 deleted=0
checkpoint_phase lsn=21016 phase=value_index_schedule slot=0 started_ns=1790162855052346000 ended_ns=1790162855052563584 elapsed_us=217 block_gets=0 block_puts=0 deleted=0
checkpoint_phase lsn=21016 phase=value_index_write slot=0 started_ns=1790162855053080000 ended_ns=1790162855053081625 elapsed_us=1 block_gets=0 block_puts=0 deleted=0
checkpoint_phase lsn=21016 phase=value_index_write slot=0 started_ns=1790162855053446000 ended_ns=1790162855053573500 elapsed_us=127 block_gets=0 block_puts=0 deleted=0
checkpoint_phase lsn=21020 phase=value_index_schedule slot=0 started_ns=1790162855068355000 ended_ns=1790162855068360584 elapsed_us=5 block_gets=0 block_puts=0 deleted=0
checkpoint_phase lsn=21020 phase=value_index_schedule slot=0 started_ns=1790162855068421000 ended_ns=1790162855068623625 elapsed_us=202 block_gets=0 block_puts=0 deleted=0
checkpoint_phase lsn=21020 phase=value_index_write slot=0 started_ns=1790162855068922000 ended_ns=1790162855068923125 elapsed_us=1 block_gets=0 block_puts=0 deleted=0
checkpoint_phase lsn=21024 phase=value_index_schedule slot=0 started_ns=1790162855085776000 ended_ns=1790162855085781167 elapsed_us=5 block_gets=0 block_puts=0 deleted=0
checkpoint_phase lsn=21028 phase=value_index_schedule slot=0 started_ns=1790162855101528000 ended_ns=1790162855101532833 elapsed_us=4 block_gets=0 block_puts=0 deleted=0
checkpoint_phase lsn=21032 phase=value_index_schedule slot=0 started_ns=1790162855116413000 ended_ns=1790162855116417625 elapsed_us=4 block_gets=0 block_puts=0 deleted=0
checkpoint_phase lsn=21032 phase=value_index_schedule slot=0 started_ns=1790162855116643000 ended_ns=1790162855116862042 elapsed_us=219 block_gets=0 block_puts=0 deleted=0
checkpoint_phase lsn=21036 phase=value_index_schedule slot=0 started_ns=1790162855131414000 ended_ns=1790162855131420041 elapsed_us=6 block_gets=0 block_puts=0 deleted=0
checkpoint_phase lsn=21036 phase=value_index_schedule slot=0 started_ns=1790162855131482000 ended_ns=1790162855131710917 elapsed_us=228 block_gets=0 block_puts=0 deleted=0
checkpoint_phase lsn=21036 phase=value_index_write slot=0 started_ns=1790162855132234000 ended_ns=1790162855132235542 elapsed_us=1 block_gets=0 block_puts=0 deleted=0
checkpoint_phase lsn=21036 phase=value_index_write slot=0 started_ns=1790162855132593000 ended_ns=1790162855132722750 elapsed_us=129 block_gets=0 block_puts=0 deleted=0
checkpoint_phase lsn=21040 phase=value_index_schedule slot=0 started_ns=1790162855145942000 ended_ns=1790162855145948042 elapsed_us=6 block_gets=0 block_puts=0 deleted=0
checkpoint_phase lsn=21040 phase=value_index_schedule slot=0 started_ns=1790162855146011000 ended_ns=1790162855146251541 elapsed_us=240 block_gets=0 block_puts=0 deleted=0
checkpoint_phase lsn=21048 phase=value_index_schedule slot=0 started_ns=1790162855166802000 ended_ns=1790162855166807916 elapsed_us=5 block_gets=0 block_puts=0 deleted=0
checkpoint_phase lsn=21048 phase=value_index_schedule slot=0 started_ns=1790162855166887000 ended_ns=1790162855167110125 elapsed_us=223 block_gets=0 block_puts=0 deleted=0
checkpoint_phase lsn=21048 phase=value_index_write slot=0 started_ns=1790162855167886000 ended_ns=1790162855167887375 elapsed_us=1 block_gets=0 block_puts=0 deleted=0
checkpoint_phase lsn=21048 phase=value_index_write slot=0 started_ns=1790162855167946000 ended_ns=1790162855168077750 elapsed_us=131 block_gets=0 block_puts=0 deleted=0
checkpoint_phase lsn=21048 phase=value_index_write slot=0 started_ns=1790162855168137000 ended_ns=1790162855168259166 elapsed_us=122 block_gets=0 block_puts=0 deleted=0
checkpoint_phase lsn=21052 phase=value_index_schedule slot=0 started_ns=1790162855182977000 ended_ns=1790162855182982625 elapsed_us=5 block_gets=0 block_puts=0 deleted=0
checkpoint_phase lsn=21052 phase=value_index_schedule slot=0 started_ns=1790162855183055000 ended_ns=1790162855183294792 elapsed_us=239 block_gets=0 block_puts=0 deleted=0
checkpoint_phase lsn=21052 phase=value_index_write slot=0 started_ns=1790162855184106000 ended_ns=1790162855184107875 elapsed_us=1 block_gets=0 block_puts=0 deleted=0
checkpoint_phase lsn=21052 phase=value_index_write slot=0 started_ns=1790162855184175000 ended_ns=1790162855184301167 elapsed_us=126 block_gets=0 block_puts=0 deleted=0
checkpoint_phase lsn=21052 phase=value_index_write slot=0 started_ns=1790162855184549000 ended_ns=1790162855184668708 elapsed_us=119 block_gets=0 block_puts=0 deleted=0
checkpoint_phase lsn=21060 phase=value_index_schedule slot=0 started_ns=1790162855206870000 ended_ns=1790162855206875500 elapsed_us=5 block_gets=0 block_puts=0 deleted=0
checkpoint_phase lsn=21060 phase=value_index_schedule slot=0 started_ns=1790162855206941000 ended_ns=1790162855207198208 elapsed_us=257 block_gets=0 block_puts=0 deleted=0
checkpoint_phase lsn=21064 phase=value_index_schedule slot=0 started_ns=1790162855221176000 ended_ns=1790162855221182000 elapsed_us=6 block_gets=0 block_puts=0 deleted=0
checkpoint_phase lsn=21064 phase=value_index_schedule slot=0 started_ns=1790162855221239000 ended_ns=1790162855221467667 elapsed_us=228 block_gets=0 block_puts=0 deleted=0
checkpoint_phase lsn=21064 phase=value_index_write slot=0 started_ns=1790162855221758000 ended_ns=1790162855221759333 elapsed_us=1 block_gets=0 block_puts=0 deleted=0
checkpoint_phase lsn=21064 phase=value_index_write slot=0 started_ns=1790162855222469000 ended_ns=1790162855222599208 elapsed_us=130 block_gets=0 block_puts=0 deleted=0
checkpoint_phase lsn=21064 phase=value_index_write slot=0 started_ns=1790162855222651000 ended_ns=1790162855222800667 elapsed_us=149 block_gets=0 block_puts=0 deleted=0
checkpoint_phase lsn=21068 phase=value_index_schedule slot=0 started_ns=1790162855238044000 ended_ns=1790162855238049708 elapsed_us=5 block_gets=0 block_puts=0 deleted=0
checkpoint_phase lsn=21072 phase=value_index_schedule slot=0 started_ns=1790162855252161000 ended_ns=1790162855252166250 elapsed_us=5 block_gets=0 block_puts=0 deleted=0
checkpoint_phase lsn=21072 phase=value_index_schedule slot=0 started_ns=1790162855252223000 ended_ns=1790162855252449791 elapsed_us=226 block_gets=0 block_puts=0 deleted=0
checkpoint_phase lsn=21076 phase=value_index_schedule slot=0 started_ns=1790162855266944000 ended_ns=1790162855266950667 elapsed_us=6 block_gets=0 block_puts=0 deleted=0
checkpoint_phase lsn=21076 phase=value_index_schedule slot=0 started_ns=1790162855267007000 ended_ns=1790162855267262333 elapsed_us=255 block_gets=0 block_puts=0 deleted=0
checkpoint_phase lsn=21080 phase=value_index_schedule slot=0 started_ns=1790162855282099000 ended_ns=1790162855282105375 elapsed_us=6 block_gets=0 block_puts=0 deleted=0
checkpoint_phase lsn=21080 phase=value_index_schedule slot=0 started_ns=1790162855282169000 ended_ns=1790162855282414708 elapsed_us=245 block_gets=0 block_puts=0 deleted=0
checkpoint_phase lsn=21080 phase=value_index_write slot=0 started_ns=1790162855282930000 ended_ns=1790162855282931834 elapsed_us=1 block_gets=0 block_puts=0 deleted=0
checkpoint_phase lsn=21080 phase=value_index_write slot=0 started_ns=1790162855283385000 ended_ns=1790162855283513833 elapsed_us=128 block_gets=0 block_puts=0 deleted=0
checkpoint_phase lsn=21084 phase=value_index_schedule slot=0 started_ns=1790162855297665000 ended_ns=1790162855297672333 elapsed_us=7 block_gets=0 block_puts=0 deleted=0
checkpoint_phase lsn=21084 phase=value_index_schedule slot=0 started_ns=1790162855297732000 ended_ns=1790162855297992083 elapsed_us=260 block_gets=0 block_puts=0 deleted=0
checkpoint_phase lsn=21084 phase=value_index_write slot=0 started_ns=1790162855298048000 ended_ns=1790162855298049666 elapsed_us=1 block_gets=0 block_puts=0 deleted=0
checkpoint_phase lsn=21088 phase=value_index_schedule slot=0 started_ns=1790162855313290000 ended_ns=1790162855313295667 elapsed_us=5 block_gets=0 block_puts=0 deleted=0
checkpoint_phase lsn=21088 phase=value_index_schedule slot=0 started_ns=1790162855313552000 ended_ns=1790162855313779750 elapsed_us=227 block_gets=0 block_puts=0 deleted=0
checkpoint_phase lsn=21092 phase=value_index_schedule slot=0 started_ns=1790162855327487000 ended_ns=1790162855327493000 elapsed_us=6 block_gets=0 block_puts=0 deleted=0
checkpoint_phase lsn=21092 phase=value_index_schedule slot=0 started_ns=1790162855327557000 ended_ns=1790162855327789208 elapsed_us=232 block_gets=0 block_puts=0 deleted=0
checkpoint_phase lsn=21092 phase=value_index_write slot=0 started_ns=1790162855327858000 ended_ns=1790162855327859583 elapsed_us=1 block_gets=0 block_puts=0 deleted=0
checkpoint_phase lsn=21092 phase=value_index_write slot=0 started_ns=1790162855327922000 ended_ns=1790162855328101000 elapsed_us=179 block_gets=0 block_puts=0 deleted=0
checkpoint_phase lsn=21092 phase=value_index_write slot=0 started_ns=1790162855328208000 ended_ns=1790162855328328625 elapsed_us=120 block_gets=0 block_puts=0 deleted=0
checkpoint_phase lsn=21092 phase=value_index_write slot=0 started_ns=1790162855328383000 ended_ns=1790162855328502042 elapsed_us=119 block_gets=0 block_puts=0 deleted=0
checkpoint_phase lsn=21092 phase=value_index_write slot=0 started_ns=1790162855328555000 ended_ns=1790162855328687500 elapsed_us=132 block_gets=0 block_puts=0 deleted=0
checkpoint_phase lsn=21092 phase=value_index_write slot=0 started_ns=1790162855328949000 ended_ns=1790162855329018000 elapsed_us=69 block_gets=0 block_puts=0 deleted=0
checkpoint_phase lsn=21096 phase=value_index_schedule slot=0 started_ns=1790162855344082000 ended_ns=1790162855344087541 elapsed_us=5 block_gets=0 block_puts=0 deleted=0
checkpoint_phase lsn=21096 phase=value_index_schedule slot=0 started_ns=1790162855344159000 ended_ns=1790162855344397542 elapsed_us=238 block_gets=0 block_puts=0 deleted=0
checkpoint_phase lsn=21096 phase=value_index_write slot=0 started_ns=1790162855344762000 ended_ns=1790162855344763708 elapsed_us=1 block_gets=0 block_puts=0 deleted=0
checkpoint_phase lsn=21096 phase=value_index_write slot=0 started_ns=1790162855345593000 ended_ns=1790162855345723000 elapsed_us=130 block_gets=0 block_puts=0 deleted=0
checkpoint_phase lsn=21096 phase=value_index_write slot=0 started_ns=1790162855345782000 ended_ns=1790162855345902167 elapsed_us=120 block_gets=0 block_puts=0 deleted=0
checkpoint_phase lsn=21104 phase=value_index_schedule slot=0 started_ns=1790162855367690000 ended_ns=1790162855367696208 elapsed_us=6 block_gets=0 block_puts=0 deleted=0
checkpoint_phase lsn=21104 phase=value_index_schedule slot=0 started_ns=1790162855367758000 ended_ns=1790162855367995417 elapsed_us=237 block_gets=0 block_puts=0 deleted=0
checkpoint_phase lsn=21108 phase=value_index_schedule slot=0 started_ns=1790162855383632000 ended_ns=1790162855383637750 elapsed_us=5 block_gets=0 block_puts=0 deleted=0
checkpoint_phase lsn=21108 phase=value_index_schedule slot=0 started_ns=1790162855383700000 ended_ns=1790162855383934250 elapsed_us=234 block_gets=0 block_puts=0 deleted=0
checkpoint_phase lsn=21112 phase=value_index_schedule slot=0 started_ns=1790162855397825000 ended_ns=1790162855397831041 elapsed_us=6 block_gets=0 block_puts=0 deleted=0
checkpoint_phase lsn=21112 phase=value_index_schedule slot=0 started_ns=1790162855397895000 ended_ns=1790162855398139292 elapsed_us=244 block_gets=0 block_puts=0 deleted=0
checkpoint_phase lsn=21112 phase=value_index_write slot=0 started_ns=1790162855398905000 ended_ns=1790162855398906458 elapsed_us=1 block_gets=0 block_puts=0 deleted=0
checkpoint_phase lsn=21112 phase=value_index_write slot=0 started_ns=1790162855398963000 ended_ns=1790162855399092459 elapsed_us=129 block_gets=0 block_puts=0 deleted=0
checkpoint_phase lsn=21112 phase=value_index_write slot=0 started_ns=1790162855399154000 ended_ns=1790162855399276000 elapsed_us=122 block_gets=0 block_puts=0 deleted=0
checkpoint_phase lsn=21112 phase=value_index_write slot=0 started_ns=1790162855399980000 ended_ns=1790162855400101375 elapsed_us=121 block_gets=0 block_puts=0 deleted=0
checkpoint_phase lsn=21112 phase=value_index_write slot=0 started_ns=1790162855400154000 ended_ns=1790162855400274458 elapsed_us=120 block_gets=0 block_puts=0 deleted=0
checkpoint_phase lsn=21120 phase=value_index_schedule slot=0 started_ns=1790162855419790000 ended_ns=1790162855419795250 elapsed_us=5 block_gets=0 block_puts=0 deleted=0
checkpoint_phase lsn=21120 phase=value_index_schedule slot=0 started_ns=1790162855419849000 ended_ns=1790162855420084833 elapsed_us=235 block_gets=0 block_puts=0 deleted=0
checkpoint_phase lsn=21120 phase=value_index_write slot=0 started_ns=1790162855420137000 ended_ns=1790162855420138417 elapsed_us=1 block_gets=0 block_puts=0 deleted=0
checkpoint_phase lsn=21120 phase=value_index_write slot=0 started_ns=1790162855420184000 ended_ns=1790162855420323750 elapsed_us=139 block_gets=0 block_puts=0 deleted=0
checkpoint_phase lsn=21120 phase=value_index_write slot=0 started_ns=1790162855420389000 ended_ns=1790162855420515208 elapsed_us=126 block_gets=0 block_puts=0 deleted=0
checkpoint_phase lsn=21120 phase=value_index_write slot=0 started_ns=1790162855420990000 ended_ns=1790162855421110167 elapsed_us=120 block_gets=0 block_puts=0 deleted=0
checkpoint_phase lsn=21124 phase=value_index_schedule slot=0 started_ns=1790162855446440000 ended_ns=1790162855446446958 elapsed_us=6 block_gets=0 block_puts=0 deleted=0
checkpoint_phase lsn=21124 phase=value_index_schedule slot=0 started_ns=1790162855446510000 ended_ns=1790162855446764375 elapsed_us=254 block_gets=0 block_puts=0 deleted=0
checkpoint_phase lsn=21128 phase=value_index_schedule slot=0 started_ns=1790162855463285000 ended_ns=1790162855463290291 elapsed_us=5 block_gets=0 block_puts=0 deleted=0
checkpoint_phase lsn=21128 phase=value_index_schedule slot=0 started_ns=1790162855463340000 ended_ns=1790162855463600083 elapsed_us=260 block_gets=0 block_puts=0 deleted=0
checkpoint_phase lsn=21128 phase=value_index_write slot=0 started_ns=1790162855463666000 ended_ns=1790162855463668459 elapsed_us=2 block_gets=0 block_puts=0 deleted=0
checkpoint_phase lsn=21128 phase=value_index_write slot=0 started_ns=1790162855463744000 ended_ns=1790162855463871958 elapsed_us=127 block_gets=0 block_puts=0 deleted=0
checkpoint_phase lsn=21128 phase=value_index_write slot=0 started_ns=1790162855463929000 ended_ns=1790162855464083375 elapsed_us=154 block_gets=0 block_puts=0 deleted=0
checkpoint_phase lsn=21128 phase=value_index_write slot=0 started_ns=1790162855464797000 ended_ns=1790162855464923750 elapsed_us=126 block_gets=0 block_puts=0 deleted=0
checkpoint_phase lsn=21128 phase=value_index_write slot=0 started_ns=1790162855465149000 ended_ns=1790162855465269208 elapsed_us=120 block_gets=0 block_puts=0 deleted=0
checkpoint_phase lsn=21136 phase=value_index_schedule slot=0 started_ns=1790162855485168000 ended_ns=1790162855485174125 elapsed_us=6 block_gets=0 block_puts=0 deleted=0
checkpoint_phase lsn=21136 phase=value_index_schedule slot=0 started_ns=1790162855485225000 ended_ns=1790162855485546500 elapsed_us=321 block_gets=0 block_puts=0 deleted=0
checkpoint_phase lsn=21136 phase=value_index_write slot=0 started_ns=1790162855486396000 ended_ns=1790162855486397625 elapsed_us=1 block_gets=0 block_puts=0 deleted=0
checkpoint_phase lsn=21136 phase=value_index_write slot=0 started_ns=1790162855486444000 ended_ns=1790162855486574458 elapsed_us=130 block_gets=0 block_puts=0 deleted=0
checkpoint_phase lsn=21136 phase=value_index_write slot=0 started_ns=1790162855486634000 ended_ns=1790162855486758917 elapsed_us=124 block_gets=0 block_puts=0 deleted=0
checkpoint_phase lsn=21140 phase=value_index_schedule slot=0 started_ns=1790162855500587000 ended_ns=1790162855500592875 elapsed_us=5 block_gets=0 block_puts=0 deleted=0
checkpoint_phase lsn=21140 phase=value_index_schedule slot=0 started_ns=1790162855500646000 ended_ns=1790162855500894042 elapsed_us=248 block_gets=0 block_puts=0 deleted=0
checkpoint_phase lsn=21144 phase=value_index_schedule slot=0 started_ns=1790162855515354000 ended_ns=1790162855515359333 elapsed_us=5 block_gets=0 block_puts=0 deleted=0
checkpoint_phase lsn=21144 phase=value_index_schedule slot=0 started_ns=1790162855515410000 ended_ns=1790162855515667209 elapsed_us=257 block_gets=0 block_puts=0 deleted=0
checkpoint_phase lsn=21144 phase=value_index_write slot=0 started_ns=1790162855516499000 ended_ns=1790162855516500542 elapsed_us=1 block_gets=0 block_puts=0 deleted=0
checkpoint_phase lsn=21144 phase=value_index_write slot=0 started_ns=1790162855516547000 ended_ns=1790162855516675042 elapsed_us=128 block_gets=0 block_puts=0 deleted=0
checkpoint_phase lsn=21144 phase=value_index_write slot=0 started_ns=1790162855516735000 ended_ns=1790162855516858417 elapsed_us=123 block_gets=0 block_puts=0 deleted=0
checkpoint_phase lsn=21152 phase=value_index_schedule slot=0 started_ns=1790162855536773000 ended_ns=1790162855536778583 elapsed_us=5 block_gets=0 block_puts=0 deleted=0
checkpoint_phase lsn=21152 phase=value_index_schedule slot=0 started_ns=1790162855536847000 ended_ns=1790162855537107709 elapsed_us=260 block_gets=0 block_puts=0 deleted=0
checkpoint_phase lsn=21152 phase=value_index_write slot=0 started_ns=1790162855537927000 ended_ns=1790162855537928667 elapsed_us=1 block_gets=0 block_puts=0 deleted=0
checkpoint_phase lsn=21152 phase=value_index_write slot=0 started_ns=1790162855538056000 ended_ns=1790162855538403459 elapsed_us=347 block_gets=0 block_puts=0 deleted=0
checkpoint_phase lsn=21156 phase=value_index_schedule slot=0 started_ns=1790162855552525000 ended_ns=1790162855552530791 elapsed_us=5 block_gets=0 block_puts=0 deleted=0
checkpoint_phase lsn=21156 phase=value_index_schedule slot=0 started_ns=1790162855552645000 ended_ns=1790162855552917750 elapsed_us=272 block_gets=0 block_puts=0 deleted=0
checkpoint_phase lsn=21160 phase=value_index_schedule slot=0 started_ns=1790162855569724000 ended_ns=1790162855569738833 elapsed_us=14 block_gets=0 block_puts=0 deleted=0
checkpoint_phase lsn=21160 phase=value_index_schedule slot=0 started_ns=1790162855569952000 ended_ns=1790162855570317500 elapsed_us=365 block_gets=0 block_puts=0 deleted=0
checkpoint_phase lsn=21160 phase=value_index_write slot=0 started_ns=1790162855571398000 ended_ns=1790162855571399792 elapsed_us=1 block_gets=0 block_puts=0 deleted=0
checkpoint_phase lsn=21160 phase=value_index_write slot=0 started_ns=1790162855571527000 ended_ns=1790162855571657458 elapsed_us=130 block_gets=0 block_puts=0 deleted=0
checkpoint_phase lsn=21160 phase=value_index_write slot=0 started_ns=1790162855571877000 ended_ns=1790162855572017708 elapsed_us=140 block_gets=0 block_puts=0 deleted=0
checkpoint_phase lsn=21168 phase=value_index_schedule slot=0 started_ns=1790162855596167000 ended_ns=1790162855596172709 elapsed_us=5 block_gets=0 block_puts=0 deleted=0
checkpoint_phase lsn=21168 phase=value_index_schedule slot=0 started_ns=1790162855596263000 ended_ns=1790162855596633666 elapsed_us=370 block_gets=0 block_puts=0 deleted=0
checkpoint_phase lsn=21168 phase=value_index_write slot=0 started_ns=1790162855597195000 ended_ns=1790162855597197042 elapsed_us=2 block_gets=0 block_puts=0 deleted=0
checkpoint_phase lsn=21172 phase=value_index_schedule slot=0 started_ns=1790162855614266000 ended_ns=1790162855614271042 elapsed_us=5 block_gets=0 block_puts=0 deleted=0
checkpoint_phase lsn=21172 phase=value_index_schedule slot=0 started_ns=1790162855614634000 ended_ns=1790162855614874583 elapsed_us=240 block_gets=0 block_puts=0 deleted=0
checkpoint_phase lsn=21176 phase=value_index_schedule slot=0 started_ns=1790162855630856000 ended_ns=1790162855630861750 elapsed_us=5 block_gets=0 block_puts=0 deleted=0
checkpoint_phase lsn=21176 phase=value_index_schedule slot=0 started_ns=1790162855630923000 ended_ns=1790162855631175791 elapsed_us=252 block_gets=0 block_puts=0 deleted=0
checkpoint_phase lsn=21176 phase=value_index_write slot=0 started_ns=1790162855631969000 ended_ns=1790162855631970708 elapsed_us=1 block_gets=0 block_puts=0 deleted=0
checkpoint_phase lsn=21176 phase=value_index_write slot=0 started_ns=1790162855632029000 ended_ns=1790162855632157916 elapsed_us=128 block_gets=0 block_puts=0 deleted=0
checkpoint_phase lsn=21176 phase=value_index_write slot=0 started_ns=1790162855632384000 ended_ns=1790162855632507625 elapsed_us=123 block_gets=0 block_puts=0 deleted=0
checkpoint_phase lsn=21188 phase=value_index_schedule slot=0 started_ns=1790162855655532000 ended_ns=1790162855655545583 elapsed_us=13 block_gets=0 block_puts=0 deleted=0
checkpoint_phase lsn=21188 phase=value_index_schedule slot=0 started_ns=1790162855656095000 ended_ns=1790162855656364583 elapsed_us=269 block_gets=0 block_puts=0 deleted=0
checkpoint_phase lsn=21188 phase=value_index_write slot=0 started_ns=1790162855657119000 ended_ns=1790162855657120584 elapsed_us=1 block_gets=0 block_puts=0 deleted=0
checkpoint_phase lsn=21188 phase=value_index_write slot=0 started_ns=1790162855657197000 ended_ns=1790162855657328000 elapsed_us=131 block_gets=0 block_puts=0 deleted=0
checkpoint_phase lsn=21188 phase=value_index_write slot=0 started_ns=1790162855657382000 ended_ns=1790162855657503750 elapsed_us=121 block_gets=0 block_puts=0 deleted=0
checkpoint_phase lsn=21188 phase=value_index_write slot=0 started_ns=1790162855657554000 ended_ns=1790162855657675083 elapsed_us=121 block_gets=0 block_puts=0 deleted=0
checkpoint_phase lsn=21188 phase=value_index_write slot=0 started_ns=1790162855657721000 ended_ns=1790162855657842250 elapsed_us=121 block_gets=0 block_puts=0 deleted=0
checkpoint_phase lsn=21188 phase=value_index_write slot=0 started_ns=1790162855657889000 ended_ns=1790162855657984625 elapsed_us=95 block_gets=0 block_puts=0 deleted=0
checkpoint_phase lsn=21188 phase=value_index_write slot=0 started_ns=1790162855658031000 ended_ns=1790162855666510500 elapsed_us=8479 block_gets=0 block_puts=1 deleted=0
checkpoint_phase lsn=21188 phase=value_index_write slot=0 started_ns=1790162855667451000 ended_ns=1790162855667522333 elapsed_us=71 block_gets=0 block_puts=0 deleted=0
checkpoint_phase lsn=21188 phase=value_index_write slot=0 started_ns=1790162855667647000 ended_ns=1790162855667864542 elapsed_us=217 block_gets=0 block_puts=0 deleted=0
checkpoint_phase lsn=21188 phase=value_index_write slot=0 started_ns=1790162855669442000 ended_ns=1790162855669663875 elapsed_us=221 block_gets=0 block_puts=0 deleted=0
checkpoint_phase lsn=21196 phase=value_index_schedule slot=0 started_ns=1790162855690202000 ended_ns=1790162855690208083 elapsed_us=6 block_gets=0 block_puts=0 deleted=0
checkpoint_phase lsn=21196 phase=value_index_schedule slot=0 started_ns=1790162855690273000 ended_ns=1790162855690549916 elapsed_us=276 block_gets=0 block_puts=0 deleted=0
checkpoint_phase lsn=21204 phase=value_index_schedule slot=0 started_ns=1790162855709374000 ended_ns=1790162855709379791 elapsed_us=5 block_gets=0 block_puts=0 deleted=0
checkpoint_phase lsn=21204 phase=value_index_schedule slot=0 started_ns=1790162855709444000 ended_ns=1790162855709714417 elapsed_us=270 block_gets=0 block_puts=0 deleted=0
checkpoint_phase lsn=21204 phase=value_index_write slot=0 started_ns=1790162855710522000 ended_ns=1790162855710523917 elapsed_us=1 block_gets=0 block_puts=0 deleted=0
checkpoint_phase lsn=21204 phase=value_index_write slot=0 started_ns=1790162855710607000 ended_ns=1790162855710737791 elapsed_us=130 block_gets=0 block_puts=0 deleted=0
checkpoint_phase lsn=21204 phase=value_index_write slot=0 started_ns=1790162855710792000 ended_ns=1790162855710919250 elapsed_us=127 block_gets=0 block_puts=0 deleted=0
checkpoint_phase lsn=21204 phase=value_index_write slot=0 started_ns=1790162855711633000 ended_ns=1790162855711754250 elapsed_us=121 block_gets=0 block_puts=0 deleted=0
checkpoint_phase lsn=21204 phase=value_index_write slot=0 started_ns=1790162855711805000 ended_ns=1790162855711929125 elapsed_us=124 block_gets=0 block_puts=0 deleted=0
checkpoint_phase lsn=21204 phase=value_index_write slot=0 started_ns=1790162855712649000 ended_ns=1790162855712749833 elapsed_us=100 block_gets=0 block_puts=0 deleted=0
checkpoint_phase lsn=21204 phase=value_index_write slot=0 started_ns=1790162855712804000 ended_ns=1790162855719764500 elapsed_us=6960 block_gets=0 block_puts=1 deleted=0
checkpoint_phase lsn=21212 phase=value_index_schedule slot=0 started_ns=1790162855736948000 ended_ns=1790162855736953666 elapsed_us=5 block_gets=0 block_puts=0 deleted=0
checkpoint_phase lsn=21212 phase=value_index_schedule slot=0 started_ns=1790162855737009000 ended_ns=1790162855737279208 elapsed_us=270 block_gets=0 block_puts=0 deleted=0
checkpoint_phase lsn=21220 phase=value_index_schedule slot=0 started_ns=1790162855754786000 ended_ns=1790162855754791791 elapsed_us=5 block_gets=0 block_puts=0 deleted=0
checkpoint_phase lsn=21220 phase=value_index_schedule slot=0 started_ns=1790162855754857000 ended_ns=1790162855755158208 elapsed_us=301 block_gets=0 block_puts=0 deleted=0
checkpoint_phase lsn=21220 phase=value_index_write slot=0 started_ns=1790162855756007000 ended_ns=1790162855756009125 elapsed_us=2 block_gets=0 block_puts=0 deleted=0
checkpoint_phase lsn=21220 phase=value_index_write slot=0 started_ns=1790162855756085000 ended_ns=1790162855756215625 elapsed_us=130 block_gets=0 block_puts=0 deleted=0
checkpoint_phase lsn=21220 phase=value_index_write slot=0 started_ns=1790162855756614000 ended_ns=1790162855756737458 elapsed_us=123 block_gets=0 block_puts=0 deleted=0
checkpoint_phase lsn=21220 phase=value_index_write slot=0 started_ns=1790162855757408000 ended_ns=1790162855757530792 elapsed_us=122 block_gets=0 block_puts=0 deleted=0
checkpoint_phase lsn=21220 phase=value_index_write slot=0 started_ns=1790162855757587000 ended_ns=1790162855757712375 elapsed_us=125 block_gets=0 block_puts=0 deleted=0
checkpoint_phase lsn=21224 phase=value_index_schedule slot=0 started_ns=1790162855771331000 ended_ns=1790162855771336583 elapsed_us=5 block_gets=0 block_puts=0 deleted=0
checkpoint_phase lsn=21224 phase=value_index_schedule slot=0 started_ns=1790162855771396000 ended_ns=1790162855771700417 elapsed_us=304 block_gets=0 block_puts=0 deleted=0
checkpoint_phase lsn=21232 phase=value_index_schedule slot=0 started_ns=1790162855789661000 ended_ns=1790162855789667125 elapsed_us=6 block_gets=0 block_puts=0 deleted=0
checkpoint_phase lsn=21232 phase=value_index_schedule slot=0 started_ns=1790162855789787000 ended_ns=1790162855790184750 elapsed_us=397 block_gets=0 block_puts=0 deleted=0
checkpoint_phase lsn=21236 phase=value_index_schedule slot=0 started_ns=1790162855803539000 ended_ns=1790162855803544958 elapsed_us=5 block_gets=0 block_puts=0 deleted=0
checkpoint_phase lsn=21236 phase=value_index_schedule slot=0 started_ns=1790162855803627000 ended_ns=1790162855803903833 elapsed_us=276 block_gets=0 block_puts=0 deleted=0
checkpoint_phase lsn=21236 phase=value_index_write slot=0 started_ns=1790162855804390000 ended_ns=1790162855804391667 elapsed_us=1 block_gets=0 block_puts=0 deleted=0
checkpoint_phase lsn=21236 phase=value_index_write slot=0 started_ns=1790162855804758000 ended_ns=1790162855804886250 elapsed_us=128 block_gets=0 block_puts=0 deleted=0
checkpoint_phase lsn=21236 phase=value_index_write slot=0 started_ns=1790162855805256000 ended_ns=1790162855805385000 elapsed_us=129 block_gets=0 block_puts=0 deleted=0
checkpoint_phase lsn=21236 phase=value_index_write slot=0 started_ns=1790162855806229000 ended_ns=1790162855806353250 elapsed_us=124 block_gets=0 block_puts=0 deleted=0
checkpoint_phase lsn=21236 phase=value_index_write slot=0 started_ns=1790162855806426000 ended_ns=1790162855806546083 elapsed_us=120 block_gets=0 block_puts=0 deleted=0
checkpoint_phase lsn=21244 phase=value_index_schedule slot=0 started_ns=1790162855836332000 ended_ns=1790162855836337875 elapsed_us=5 block_gets=0 block_puts=0 deleted=0
checkpoint_phase lsn=21244 phase=value_index_schedule slot=0 started_ns=1790162855836652000 ended_ns=1790162855836920375 elapsed_us=268 block_gets=0 block_puts=0 deleted=0
checkpoint_phase lsn=21252 phase=value_index_schedule slot=0 started_ns=1790162855855242000 ended_ns=1790162855855248000 elapsed_us=6 block_gets=0 block_puts=0 deleted=0
checkpoint_phase lsn=21252 phase=value_index_schedule slot=0 started_ns=1790162855855317000 ended_ns=1790162855855633959 elapsed_us=316 block_gets=0 block_puts=0 deleted=0
checkpoint_phase lsn=21252 phase=value_index_write slot=0 started_ns=1790162855856588000 ended_ns=1790162855856589583 elapsed_us=1 block_gets=0 block_puts=0 deleted=0
checkpoint_phase lsn=21252 phase=value_index_write slot=0 started_ns=1790162855856703000 ended_ns=1790162855856833125 elapsed_us=130 block_gets=0 block_puts=0 deleted=0
checkpoint_phase lsn=21252 phase=value_index_write slot=0 started_ns=1790162855856944000 ended_ns=1790162855857066875 elapsed_us=122 block_gets=0 block_puts=0 deleted=0
checkpoint_phase lsn=21252 phase=value_index_write slot=0 started_ns=1790162855857341000 ended_ns=1790162855857462125 elapsed_us=121 block_gets=0 block_puts=0 deleted=0
checkpoint_phase lsn=21252 phase=value_index_write slot=0 started_ns=1790162855858168000 ended_ns=1790162855858292542 elapsed_us=124 block_gets=0 block_puts=0 deleted=0
checkpoint_phase lsn=21252 phase=value_index_write slot=0 started_ns=1790162855858341000 ended_ns=1790162855858456792 elapsed_us=115 block_gets=0 block_puts=0 deleted=0
checkpoint_phase lsn=21256 phase=value_index_schedule slot=0 started_ns=1790162855871536000 ended_ns=1790162855871540916 elapsed_us=4 block_gets=0 block_puts=0 deleted=0
checkpoint_phase lsn=21256 phase=value_index_schedule slot=0 started_ns=1790162855871892000 ended_ns=1790162855872153959 elapsed_us=261 block_gets=0 block_puts=0 deleted=0
checkpoint_phase lsn=21268 phase=value_index_schedule slot=0 started_ns=1790162855895997000 ended_ns=1790162855896002709 elapsed_us=5 block_gets=0 block_puts=0 deleted=0
checkpoint_phase lsn=21268 phase=value_index_schedule slot=0 started_ns=1790162855896065000 ended_ns=1790162855896378708 elapsed_us=313 block_gets=0 block_puts=0 deleted=0
checkpoint_phase lsn=21268 phase=value_index_write slot=0 started_ns=1790162855897040000 ended_ns=1790162855897041709 elapsed_us=1 block_gets=0 block_puts=0 deleted=0
checkpoint_phase lsn=21268 phase=value_index_write slot=0 started_ns=1790162855897257000 ended_ns=1790162855897388750 elapsed_us=131 block_gets=0 block_puts=0 deleted=0
checkpoint_phase lsn=21268 phase=value_index_write slot=0 started_ns=1790162855897457000 ended_ns=1790162855897583209 elapsed_us=126 block_gets=0 block_puts=0 deleted=0
checkpoint_phase lsn=21268 phase=value_index_write slot=0 started_ns=1790162855897675000 ended_ns=1790162855897799208 elapsed_us=124 block_gets=0 block_puts=0 deleted=0
checkpoint_phase lsn=21268 phase=value_index_write slot=0 started_ns=1790162855898246000 ended_ns=1790162855898369542 elapsed_us=123 block_gets=0 block_puts=0 deleted=0
checkpoint_phase lsn=21268 phase=value_index_write slot=0 started_ns=1790162855898922000 ended_ns=1790162855899040875 elapsed_us=118 block_gets=0 block_puts=0 deleted=0
checkpoint_phase lsn=21272 phase=value_index_schedule slot=0 started_ns=1790162855912031000 ended_ns=1790162855912037292 elapsed_us=6 block_gets=0 block_puts=0 deleted=0
checkpoint_phase lsn=21272 phase=value_index_schedule slot=0 started_ns=1790162855912093000 ended_ns=1790162855912372542 elapsed_us=279 block_gets=0 block_puts=0 deleted=0
checkpoint_phase lsn=21272 phase=value_index_write slot=0 started_ns=1790162855912968000 ended_ns=1790162855912969542 elapsed_us=1 block_gets=0 block_puts=0 deleted=0
checkpoint_phase lsn=21284 phase=value_index_schedule slot=0 started_ns=1790162855943755000 ended_ns=1790162855943761875 elapsed_us=6 block_gets=0 block_puts=0 deleted=0
checkpoint_phase lsn=21284 phase=value_index_schedule slot=0 started_ns=1790162855944088000 ended_ns=1790162855944389583 elapsed_us=301 block_gets=0 block_puts=0 deleted=0
checkpoint_phase lsn=21284 phase=value_index_write slot=0 started_ns=1790162855945120000 ended_ns=1790162855945121625 elapsed_us=1 block_gets=0 block_puts=0 deleted=0
checkpoint_phase lsn=21284 phase=value_index_write slot=0 started_ns=1790162855945184000 ended_ns=1790162855945312959 elapsed_us=128 block_gets=0 block_puts=0 deleted=0
checkpoint_phase lsn=21284 phase=value_index_write slot=0 started_ns=1790162855945382000 ended_ns=1790162855945504708 elapsed_us=122 block_gets=0 block_puts=0 deleted=0
checkpoint_phase lsn=21284 phase=value_index_write slot=0 started_ns=1790162855946304000 ended_ns=1790162855946427792 elapsed_us=123 block_gets=0 block_puts=0 deleted=0
checkpoint_phase lsn=21284 phase=value_index_write slot=0 started_ns=1790162855946648000 ended_ns=1790162855946772583 elapsed_us=124 block_gets=0 block_puts=0 deleted=0
checkpoint_phase lsn=21292 phase=value_index_schedule slot=0 started_ns=1790162855968972000 ended_ns=1790162855968983916 elapsed_us=11 block_gets=0 block_puts=0 deleted=0
checkpoint_phase lsn=21292 phase=value_index_schedule slot=0 started_ns=1790162855969098000 ended_ns=1790162855969708167 elapsed_us=610 block_gets=0 block_puts=0 deleted=0
checkpoint_phase lsn=21292 phase=value_index_write slot=0 started_ns=1790162855971195000 ended_ns=1790162855971196667 elapsed_us=1 block_gets=0 block_puts=0 deleted=0
checkpoint_phase lsn=21292 phase=value_index_write slot=0 started_ns=1790162855971257000 ended_ns=1790162855971384958 elapsed_us=127 block_gets=0 block_puts=0 deleted=0
checkpoint_phase lsn=21292 phase=value_index_write slot=0 started_ns=1790162855971430000 ended_ns=1790162855971548291 elapsed_us=118 block_gets=0 block_puts=0 deleted=0
checkpoint_phase lsn=21292 phase=value_index_write slot=0 started_ns=1790162855971591000 ended_ns=1790162855971709333 elapsed_us=118 block_gets=0 block_puts=0 deleted=0
checkpoint_phase lsn=21292 phase=value_index_write slot=0 started_ns=1790162855971836000 ended_ns=1790162855972112458 elapsed_us=276 block_gets=0 block_puts=0 deleted=0
checkpoint_phase lsn=21292 phase=value_index_write slot=0 started_ns=1790162855972249000 ended_ns=1790162855972370125 elapsed_us=121 block_gets=0 block_puts=0 deleted=0
checkpoint_phase lsn=21292 phase=value_index_write slot=0 started_ns=1790162855972440000 ended_ns=1790162855980852916 elapsed_us=8412 block_gets=0 block_puts=1 deleted=0
checkpoint_phase lsn=21300 phase=value_index_schedule slot=0 started_ns=1790162856001272000 ended_ns=1790162856001277666 elapsed_us=5 block_gets=0 block_puts=0 deleted=0
checkpoint_phase lsn=21300 phase=value_index_schedule slot=0 started_ns=1790162856001347000 ended_ns=1790162856001648167 elapsed_us=301 block_gets=0 block_puts=0 deleted=0
checkpoint_phase lsn=21300 phase=value_index_write slot=0 started_ns=1790162856002654000 ended_ns=1790162856002656125 elapsed_us=2 block_gets=0 block_puts=0 deleted=0
checkpoint_phase lsn=21300 phase=value_index_write slot=0 started_ns=1790162856002730000 ended_ns=1790162856002859916 elapsed_us=129 block_gets=0 block_puts=0 deleted=0
checkpoint_phase lsn=21300 phase=value_index_write slot=0 started_ns=1790162856003147000 ended_ns=1790162856003269917 elapsed_us=122 block_gets=0 block_puts=0 deleted=0
checkpoint_phase lsn=21304 phase=value_index_schedule slot=0 started_ns=1790162856019108000 ended_ns=1790162856019113708 elapsed_us=5 block_gets=0 block_puts=0 deleted=0
checkpoint_phase lsn=21304 phase=value_index_schedule slot=0 started_ns=1790162856019170000 ended_ns=1790162856019503417 elapsed_us=333 block_gets=0 block_puts=0 deleted=0
checkpoint_phase lsn=21308 phase=value_index_schedule slot=0 started_ns=1790162856032598000 ended_ns=1790162856032603250 elapsed_us=5 block_gets=0 block_puts=0 deleted=0
checkpoint_phase lsn=21308 phase=value_index_schedule slot=0 started_ns=1790162856032653000 ended_ns=1790162856032955542 elapsed_us=302 block_gets=0 block_puts=0 deleted=0
checkpoint_phase lsn=21308 phase=value_index_write slot=0 started_ns=1790162856033729000 ended_ns=1790162856033730500 elapsed_us=1 block_gets=0 block_puts=0 deleted=0
checkpoint_phase lsn=21308 phase=value_index_write slot=0 started_ns=1790162856033787000 ended_ns=1790162856033918917 elapsed_us=131 block_gets=0 block_puts=0 deleted=0
checkpoint_phase lsn=21308 phase=value_index_write slot=0 started_ns=1790162856034362000 ended_ns=1790162856034487291 elapsed_us=125 block_gets=0 block_puts=0 deleted=0
checkpoint_phase lsn=21316 phase=value_index_schedule slot=0 started_ns=1790162856052110000 ended_ns=1790162856052116042 elapsed_us=6 block_gets=0 block_puts=0 deleted=0
checkpoint_phase lsn=21316 phase=value_index_schedule slot=0 started_ns=1790162856052177000 ended_ns=1790162856052476583 elapsed_us=299 block_gets=0 block_puts=0 deleted=0
checkpoint_phase lsn=21316 phase=value_index_write slot=0 started_ns=1790162856052760000 ended_ns=1790162856052761542 elapsed_us=1 block_gets=0 block_puts=0 deleted=0
checkpoint_phase lsn=21320 phase=value_index_schedule slot=0 started_ns=1790162856067238000 ended_ns=1790162856067244291 elapsed_us=6 block_gets=0 block_puts=0 deleted=0
checkpoint_phase lsn=21320 phase=value_index_schedule slot=0 started_ns=1790162856067308000 ended_ns=1790162856067614708 elapsed_us=306 block_gets=0 block_puts=0 deleted=0
checkpoint_phase lsn=21324 phase=value_index_schedule slot=0 started_ns=1790162856082032000 ended_ns=1790162856082037917 elapsed_us=5 block_gets=0 block_puts=0 deleted=0
checkpoint_phase lsn=21324 phase=value_index_schedule slot=0 started_ns=1790162856082109000 ended_ns=1790162856082417875 elapsed_us=308 block_gets=0 block_puts=0 deleted=0
checkpoint_phase lsn=21324 phase=value_index_write slot=0 started_ns=1790162856082926000 ended_ns=1790162856082927667 elapsed_us=1 block_gets=0 block_puts=0 deleted=0
checkpoint_phase lsn=21324 phase=value_index_write slot=0 started_ns=1790162856083305000 ended_ns=1790162856083434041 elapsed_us=129 block_gets=0 block_puts=0 deleted=0
checkpoint_phase lsn=21328 phase=value_index_schedule slot=0 started_ns=1790162856096134000 ended_ns=1790162856096139625 elapsed_us=5 block_gets=0 block_puts=0 deleted=0
checkpoint_phase lsn=21328 phase=value_index_schedule slot=0 started_ns=1790162856096196000 ended_ns=1790162856096496916 elapsed_us=300 block_gets=0 block_puts=0 deleted=0
checkpoint_phase lsn=21328 phase=value_index_write slot=0 started_ns=1790162856096574000 ended_ns=1790162856096575417 elapsed_us=1 block_gets=0 block_puts=0 deleted=0
checkpoint_phase lsn=21328 phase=value_index_write slot=0 started_ns=1790162856096625000 ended_ns=1790162856096750000 elapsed_us=125 block_gets=0 block_puts=0 deleted=0
checkpoint_phase lsn=21328 phase=value_index_write slot=0 started_ns=1790162856096799000 ended_ns=1790162856096920209 elapsed_us=121 block_gets=0 block_puts=0 deleted=0
checkpoint_phase lsn=21328 phase=value_index_write slot=0 started_ns=1790162856096998000 ended_ns=1790162856097125208 elapsed_us=127 block_gets=0 block_puts=0 deleted=0
checkpoint_phase lsn=21328 phase=value_index_write slot=0 started_ns=1790162856097401000 ended_ns=1790162856097523500 elapsed_us=122 block_gets=0 block_puts=0 deleted=0
checkpoint_phase lsn=21332 phase=value_index_schedule slot=0 started_ns=1790162856111316000 ended_ns=1790162856111322209 elapsed_us=6 block_gets=0 block_puts=0 deleted=0
checkpoint_phase lsn=21332 phase=value_index_schedule slot=0 started_ns=1790162856111478000 ended_ns=1790162856111820166 elapsed_us=342 block_gets=0 block_puts=0 deleted=0
checkpoint_phase lsn=21336 phase=value_index_schedule slot=0 started_ns=1790162856127351000 ended_ns=1790162856127362750 elapsed_us=11 block_gets=0 block_puts=0 deleted=0
checkpoint_phase lsn=21336 phase=value_index_schedule slot=0 started_ns=1790162856127549000 ended_ns=1790162856127911250 elapsed_us=362 block_gets=0 block_puts=0 deleted=0
checkpoint_phase lsn=21336 phase=value_index_write slot=0 started_ns=1790162856128504000 ended_ns=1790162856128505875 elapsed_us=1 block_gets=0 block_puts=0 deleted=0
checkpoint_phase lsn=21340 phase=value_index_schedule slot=0 started_ns=1790162856143422000 ended_ns=1790162856143427333 elapsed_us=5 block_gets=0 block_puts=0 deleted=0
checkpoint_phase lsn=21344 phase=value_index_schedule slot=0 started_ns=1790162856158063000 ended_ns=1790162856158067917 elapsed_us=4 block_gets=0 block_puts=0 deleted=0
checkpoint_phase lsn=21344 phase=value_index_schedule slot=0 started_ns=1790162856158134000 ended_ns=1790162856158477750 elapsed_us=343 block_gets=0 block_puts=0 deleted=0
checkpoint_phase lsn=21344 phase=value_index_write slot=0 started_ns=1790162856158534000 ended_ns=1790162856158535667 elapsed_us=1 block_gets=0 block_puts=0 deleted=0
checkpoint_phase lsn=21344 phase=value_index_write slot=0 started_ns=1790162856158778000 ended_ns=1790162856158909500 elapsed_us=131 block_gets=0 block_puts=0 deleted=0
checkpoint_phase lsn=21344 phase=value_index_write slot=0 started_ns=1790162856159710000 ended_ns=1790162856159837042 elapsed_us=127 block_gets=0 block_puts=0 deleted=0
checkpoint_phase lsn=21344 phase=value_index_write slot=0 started_ns=1790162856159886000 ended_ns=1790162856160009958 elapsed_us=123 block_gets=0 block_puts=0 deleted=0
checkpoint_phase lsn=21344 phase=value_index_write slot=0 started_ns=1790162856160200000 ended_ns=1790162856160323250 elapsed_us=123 block_gets=0 block_puts=0 deleted=0
checkpoint_phase lsn=21352 phase=value_index_schedule slot=0 started_ns=1790162856178631000 ended_ns=1790162856178637167 elapsed_us=6 block_gets=0 block_puts=0 deleted=0
checkpoint_phase lsn=21352 phase=value_index_schedule slot=0 started_ns=1790162856178723000 ended_ns=1790162856179022042 elapsed_us=299 block_gets=0 block_puts=0 deleted=0
checkpoint_phase lsn=21356 phase=value_index_schedule slot=0 started_ns=1790162856192583000 ended_ns=1790162856192588875 elapsed_us=5 block_gets=0 block_puts=0 deleted=0
checkpoint_phase lsn=21356 phase=value_index_schedule slot=0 started_ns=1790162856192654000 ended_ns=1790162856192954666 elapsed_us=300 block_gets=0 block_puts=0 deleted=0
checkpoint_phase lsn=21360 phase=value_index_schedule slot=0 started_ns=1790162856207391000 ended_ns=1790162856207396833 elapsed_us=5 block_gets=0 block_puts=0 deleted=0
checkpoint_phase lsn=21360 phase=value_index_schedule slot=0 started_ns=1790162856207459000 ended_ns=1790162856207754792 elapsed_us=295 block_gets=0 block_puts=0 deleted=0
checkpoint_phase lsn=21360 phase=value_index_write slot=0 started_ns=1790162856208541000 ended_ns=1790162856208542625 elapsed_us=1 block_gets=0 block_puts=0 deleted=0
checkpoint_phase lsn=21360 phase=value_index_write slot=0 started_ns=1790162856208602000 ended_ns=1790162856208733291 elapsed_us=131 block_gets=0 block_puts=0 deleted=0
checkpoint_phase lsn=21360 phase=value_index_write slot=0 started_ns=1790162856208946000 ended_ns=1790162856209070583 elapsed_us=124 block_gets=0 block_puts=0 deleted=0
checkpoint_phase lsn=21364 phase=value_index_schedule slot=0 started_ns=1790162856223348000 ended_ns=1790162856223360125 elapsed_us=12 block_gets=0 block_puts=0 deleted=0
checkpoint_phase lsn=21364 phase=value_index_schedule slot=0 started_ns=1790162856223542000 ended_ns=1790162856223897125 elapsed_us=355 block_gets=0 block_puts=0 deleted=0
checkpoint_phase lsn=21368 phase=value_index_schedule slot=0 started_ns=1790162856239537000 ended_ns=1790162856239542541 elapsed_us=5 block_gets=0 block_puts=0 deleted=0
checkpoint_phase lsn=21368 phase=value_index_schedule slot=0 started_ns=1790162856239611000 ended_ns=1790162856239955083 elapsed_us=344 block_gets=0 block_puts=0 deleted=0
checkpoint_phase lsn=21372 phase=value_index_schedule slot=0 started_ns=1790162856256228000 ended_ns=1790162856256234583 elapsed_us=6 block_gets=0 block_puts=0 deleted=0
checkpoint_phase lsn=21372 phase=value_index_schedule slot=0 started_ns=1790162856256556000 ended_ns=1790162856256999584 elapsed_us=443 block_gets=0 block_puts=0 deleted=0
checkpoint_phase lsn=21376 phase=value_index_schedule slot=0 started_ns=1790162856273142000 ended_ns=1790162856273147667 elapsed_us=5 block_gets=0 block_puts=0 deleted=0
checkpoint_phase lsn=21376 phase=value_index_schedule slot=0 started_ns=1790162856273211000 ended_ns=1790162856273526333 elapsed_us=315 block_gets=0 block_puts=0 deleted=0
checkpoint_phase lsn=21380 phase=value_index_schedule slot=0 started_ns=1790162856288409000 ended_ns=1790162856288414375 elapsed_us=5 block_gets=0 block_puts=0 deleted=0
checkpoint_phase lsn=21384 phase=value_index_schedule slot=0 started_ns=1790162856301739000 ended_ns=1790162856301744417 elapsed_us=5 block_gets=0 block_puts=0 deleted=0
checkpoint_phase lsn=21384 phase=value_index_schedule slot=0 started_ns=1790162856301815000 ended_ns=1790162856302163000 elapsed_us=348 block_gets=0 block_puts=0 deleted=0
checkpoint_phase lsn=21384 phase=value_index_write slot=0 started_ns=1790162856302629000 ended_ns=1790162856302630500 elapsed_us=1 block_gets=0 block_puts=0 deleted=0
checkpoint_phase lsn=21384 phase=value_index_write slot=0 started_ns=1790162856302969000 ended_ns=1790162856303108041 elapsed_us=139 block_gets=0 block_puts=0 deleted=0
checkpoint_phase lsn=21388 phase=value_index_schedule slot=0 started_ns=1790162856318163000 ended_ns=1790162856318168667 elapsed_us=5 block_gets=0 block_puts=0 deleted=0
checkpoint_phase lsn=21396 phase=value_index_schedule slot=0 started_ns=1790162856348736000 ended_ns=1790162856348741833 elapsed_us=5 block_gets=0 block_puts=0 deleted=0
checkpoint_phase lsn=21396 phase=value_index_schedule slot=0 started_ns=1790162856349589000 ended_ns=1790162856349900292 elapsed_us=311 block_gets=0 block_puts=0 deleted=0
checkpoint_phase lsn=21400 phase=value_index_schedule slot=0 started_ns=1790162856364236000 ended_ns=1790162856364241334 elapsed_us=5 block_gets=0 block_puts=0 deleted=0
checkpoint_phase lsn=21400 phase=value_index_schedule slot=0 started_ns=1790162856364445000 ended_ns=1790162856364767875 elapsed_us=322 block_gets=0 block_puts=0 deleted=0
checkpoint_phase lsn=21400 phase=value_index_write slot=0 started_ns=1790162856365439000 ended_ns=1790162856365440584 elapsed_us=1 block_gets=0 block_puts=0 deleted=0
checkpoint_phase lsn=21400 phase=value_index_write slot=0 started_ns=1790162856365493000 ended_ns=1790162856365625791 elapsed_us=132 block_gets=0 block_puts=0 deleted=0
checkpoint_phase lsn=21400 phase=value_index_write slot=0 started_ns=1790162856365677000 ended_ns=1790162856365802167 elapsed_us=125 block_gets=0 block_puts=0 deleted=0
checkpoint_phase lsn=21404 phase=value_index_schedule slot=0 started_ns=1790162856380217000 ended_ns=1790162856380223125 elapsed_us=6 block_gets=0 block_puts=0 deleted=0
checkpoint_phase lsn=21404 phase=value_index_schedule slot=0 started_ns=1790162856380281000 ended_ns=1790162856380602958 elapsed_us=321 block_gets=0 block_puts=0 deleted=0
checkpoint_phase lsn=21412 phase=value_index_schedule slot=0 started_ns=1790162856400191000 ended_ns=1790162856400197042 elapsed_us=6 block_gets=0 block_puts=0 deleted=0
checkpoint_phase lsn=21412 phase=value_index_schedule slot=0 started_ns=1790162856400296000 ended_ns=1790162856400611750 elapsed_us=315 block_gets=0 block_puts=0 deleted=0
checkpoint_phase lsn=21416 phase=value_index_schedule slot=0 started_ns=1790162856418047000 ended_ns=1790162856418053208 elapsed_us=6 block_gets=0 block_puts=0 deleted=0
checkpoint_phase lsn=21416 phase=value_index_schedule slot=0 started_ns=1790162856418118000 ended_ns=1790162856418444541 elapsed_us=326 block_gets=0 block_puts=0 deleted=0
checkpoint_phase lsn=21416 phase=value_index_write slot=0 started_ns=1790162856419268000 ended_ns=1790162856419269958 elapsed_us=1 block_gets=0 block_puts=0 deleted=0
checkpoint_phase lsn=21416 phase=value_index_write slot=0 started_ns=1790162856419329000 ended_ns=1790162856419475666 elapsed_us=146 block_gets=0 block_puts=0 deleted=0
checkpoint_phase lsn=21416 phase=value_index_write slot=0 started_ns=1790162856419527000 ended_ns=1790162856419650291 elapsed_us=123 block_gets=0 block_puts=0 deleted=0
checkpoint_phase lsn=21416 phase=value_index_write slot=0 started_ns=1790162856420321000 ended_ns=1790162856420445333 elapsed_us=124 block_gets=0 block_puts=0 deleted=0
checkpoint_phase lsn=21416 phase=value_index_write slot=0 started_ns=1790162856420496000 ended_ns=1790162856420619042 elapsed_us=123 block_gets=0 block_puts=0 deleted=0
checkpoint_phase lsn=21420 phase=value_index_schedule slot=0 started_ns=1790162856437676000 ended_ns=1790162856437681584 elapsed_us=5 block_gets=0 block_puts=0 deleted=0
checkpoint_phase lsn=21420 phase=value_index_schedule slot=0 started_ns=1790162856437749000 ended_ns=1790162856438081084 elapsed_us=332 block_gets=0 block_puts=0 deleted=0
checkpoint_phase lsn=21428 phase=value_index_schedule slot=0 started_ns=1790162856458143000 ended_ns=1790162856458148708 elapsed_us=5 block_gets=0 block_puts=0 deleted=0
checkpoint_phase lsn=21428 phase=value_index_schedule slot=0 started_ns=1790162856458214000 ended_ns=1790162856458734458 elapsed_us=520 block_gets=0 block_puts=0 deleted=0
checkpoint_phase lsn=21432 phase=value_index_schedule slot=0 started_ns=1790162856474923000 ended_ns=1790162856474928708 elapsed_us=5 block_gets=0 block_puts=0 deleted=0
checkpoint_phase lsn=21432 phase=value_index_schedule slot=0 started_ns=1790162856475317000 ended_ns=1790162856475892792 elapsed_us=575 block_gets=0 block_puts=0 deleted=0
checkpoint_phase lsn=21432 phase=value_index_write slot=0 started_ns=1790162856477308000 ended_ns=1790162856477309833 elapsed_us=1 block_gets=0 block_puts=0 deleted=0
checkpoint_phase lsn=21432 phase=value_index_write slot=0 started_ns=1790162856477456000 ended_ns=1790162856477810083 elapsed_us=354 block_gets=0 block_puts=0 deleted=0
checkpoint_phase lsn=21432 phase=value_index_write slot=0 started_ns=1790162856477903000 ended_ns=1790162856478029208 elapsed_us=126 block_gets=0 block_puts=0 deleted=0
checkpoint_phase lsn=21432 phase=value_index_write slot=0 started_ns=1790162856478769000 ended_ns=1790162856478892708 elapsed_us=123 block_gets=0 block_puts=0 deleted=0
checkpoint_phase lsn=21432 phase=value_index_write slot=0 started_ns=1790162856479063000 ended_ns=1790162856479399500 elapsed_us=336 block_gets=0 block_puts=0 deleted=0
checkpoint_phase lsn=21436 phase=value_index_schedule slot=0 started_ns=1790162856497976000 ended_ns=1790162856498008959 elapsed_us=32 block_gets=0 block_puts=0 deleted=0
checkpoint_phase lsn=21436 phase=value_index_schedule slot=0 started_ns=1790162856498106000 ended_ns=1790162856498441791 elapsed_us=335 block_gets=0 block_puts=0 deleted=0
checkpoint_phase lsn=21448 phase=value_index_schedule slot=0 started_ns=1790162856524067000 ended_ns=1790162856524073000 elapsed_us=6 block_gets=0 block_puts=0 deleted=0
checkpoint_phase lsn=21448 phase=value_index_schedule slot=0 started_ns=1790162856524136000 ended_ns=1790162856524478375 elapsed_us=342 block_gets=0 block_puts=0 deleted=0
checkpoint_phase lsn=21448 phase=value_index_write slot=0 started_ns=1790162856525285000 ended_ns=1790162856525286666 elapsed_us=1 block_gets=0 block_puts=0 deleted=0
checkpoint_phase lsn=21448 phase=value_index_write slot=0 started_ns=1790162856525339000 ended_ns=1790162856525473542 elapsed_us=134 block_gets=0 block_puts=0 deleted=0
checkpoint_phase lsn=21448 phase=value_index_write slot=0 started_ns=1790162856525561000 ended_ns=1790162856525732125 elapsed_us=171 block_gets=0 block_puts=0 deleted=0
checkpoint_phase lsn=21448 phase=value_index_write slot=0 started_ns=1790162856526160000 ended_ns=1790162856526284291 elapsed_us=124 block_gets=0 block_puts=0 deleted=0
checkpoint_phase lsn=21448 phase=value_index_write slot=0 started_ns=1790162856527345000 ended_ns=1790162856527472042 elapsed_us=127 block_gets=0 block_puts=0 deleted=0
checkpoint_phase lsn=21448 phase=value_index_write slot=0 started_ns=1790162856527712000 ended_ns=1790162856527836167 elapsed_us=124 block_gets=0 block_puts=0 deleted=0
checkpoint_phase lsn=21452 phase=value_index_schedule slot=0 started_ns=1790162856552917000 ended_ns=1790162856552927875 elapsed_us=10 block_gets=0 block_puts=0 deleted=0
checkpoint_phase lsn=21452 phase=value_index_schedule slot=0 started_ns=1790162856553104000 ended_ns=1790162856553825042 elapsed_us=721 block_gets=0 block_puts=0 deleted=0
checkpoint_phase lsn=21452 phase=value_index_write slot=0 started_ns=1790162856555508000 ended_ns=1790162856555510750 elapsed_us=2 block_gets=0 block_puts=0 deleted=0
checkpoint_phase lsn=21452 phase=value_index_write slot=0 started_ns=1790162856557489000 ended_ns=1790162856558015709 elapsed_us=526 block_gets=0 block_puts=0 deleted=0
checkpoint_phase lsn=21460 phase=value_index_schedule slot=0 started_ns=1790162856597615000 ended_ns=1790162856597620709 elapsed_us=5 block_gets=0 block_puts=0 deleted=0
checkpoint_phase lsn=21460 phase=value_index_schedule slot=0 started_ns=1790162856597920000 ended_ns=1790162856598368750 elapsed_us=448 block_gets=0 block_puts=0 deleted=0
checkpoint_phase lsn=21464 phase=value_index_schedule slot=0 started_ns=1790162856616513000 ended_ns=1790162856616519291 elapsed_us=6 block_gets=0 block_puts=0 deleted=0
checkpoint_phase lsn=21464 phase=value_index_schedule slot=0 started_ns=1790162856616592000 ended_ns=1790162856616927000 elapsed_us=335 block_gets=0 block_puts=0 deleted=0
checkpoint_phase lsn=21464 phase=value_index_write slot=0 started_ns=1790162856617738000 ended_ns=1790162856617739541 elapsed_us=1 block_gets=0 block_puts=0 deleted=0
checkpoint_phase lsn=21464 phase=value_index_write slot=0 started_ns=1790162856617826000 ended_ns=1790162856617956167 elapsed_us=130 block_gets=0 block_puts=0 deleted=0
checkpoint_phase lsn=21464 phase=value_index_write slot=0 started_ns=1790162856618158000 ended_ns=1790162856618284042 elapsed_us=126 block_gets=0 block_puts=0 deleted=0
checkpoint_phase lsn=21468 phase=value_index_schedule slot=0 started_ns=1790162856634595000 ended_ns=1790162856634601041 elapsed_us=6 block_gets=0 block_puts=0 deleted=0
checkpoint_phase lsn=21468 phase=value_index_schedule slot=0 started_ns=1790162856634730000 ended_ns=1790162856635562916 elapsed_us=832 block_gets=0 block_puts=0 deleted=0
checkpoint_phase lsn=21472 phase=value_index_schedule slot=0 started_ns=1790162856651067000 ended_ns=1790162856651073542 elapsed_us=6 block_gets=0 block_puts=0 deleted=0
checkpoint_phase lsn=21472 phase=value_index_schedule slot=0 started_ns=1790162856651151000 ended_ns=1790162856651503584 elapsed_us=352 block_gets=0 block_puts=0 deleted=0
checkpoint_phase lsn=21480 phase=value_index_schedule slot=0 started_ns=1790162856673116000 ended_ns=1790162856673129166 elapsed_us=13 block_gets=0 block_puts=0 deleted=0
checkpoint_phase lsn=21480 phase=value_index_schedule slot=0 started_ns=1790162856673273000 ended_ns=1790162856673638083 elapsed_us=365 block_gets=0 block_puts=0 deleted=0
checkpoint_phase lsn=21480 phase=value_index_write slot=0 started_ns=1790162856674143000 ended_ns=1790162856674146375 elapsed_us=3 block_gets=0 block_puts=0 deleted=0
checkpoint_phase lsn=21480 phase=value_index_write slot=0 started_ns=1790162856675399000 ended_ns=1790162856675532250 elapsed_us=133 block_gets=0 block_puts=0 deleted=0
checkpoint_phase lsn=21480 phase=value_index_write slot=0 started_ns=1790162856675677000 ended_ns=1790162856675821833 elapsed_us=144 block_gets=0 block_puts=0 deleted=0
checkpoint_phase lsn=21480 phase=value_index_write slot=0 started_ns=1790162856676221000 ended_ns=1790162856676346166 elapsed_us=125 block_gets=0 block_puts=0 deleted=0
checkpoint_phase lsn=21484 phase=value_index_schedule slot=0 started_ns=1790162856691818000 ended_ns=1790162856691830833 elapsed_us=12 block_gets=0 block_puts=0 deleted=0
checkpoint_phase lsn=21484 phase=value_index_schedule slot=0 started_ns=1790162856691944000 ended_ns=1790162856692299583 elapsed_us=355 block_gets=0 block_puts=0 deleted=0
checkpoint_phase lsn=21484 phase=value_index_write slot=0 started_ns=1790162856693210000 ended_ns=1790162856693212000 elapsed_us=2 block_gets=0 block_puts=0 deleted=0
checkpoint_phase lsn=21484 phase=value_index_write slot=0 started_ns=1790162856693380000 ended_ns=1790162856693683250 elapsed_us=303 block_gets=0 block_puts=0 deleted=0
checkpoint_phase lsn=21492 phase=value_index_schedule slot=0 started_ns=1790162856714644000 ended_ns=1790162856714649292 elapsed_us=5 block_gets=0 block_puts=0 deleted=0
checkpoint_phase lsn=21492 phase=value_index_schedule slot=0 started_ns=1790162856715197000 ended_ns=1790162856715544709 elapsed_us=347 block_gets=0 block_puts=0 deleted=0
checkpoint_phase lsn=21496 phase=value_index_schedule slot=0 started_ns=1790162856729804000 ended_ns=1790162856729810000 elapsed_us=6 block_gets=0 block_puts=0 deleted=0
checkpoint_phase lsn=21496 phase=value_index_schedule slot=0 started_ns=1790162856729943000 ended_ns=1790162856730290333 elapsed_us=347 block_gets=0 block_puts=0 deleted=0
checkpoint_phase lsn=21500 phase=value_index_schedule slot=0 started_ns=1790162856745521000 ended_ns=1790162856745532375 elapsed_us=11 block_gets=0 block_puts=0 deleted=0
checkpoint_phase lsn=21500 phase=value_index_schedule slot=0 started_ns=1790162856745730000 ended_ns=1790162856746493875 elapsed_us=763 block_gets=0 block_puts=0 deleted=0
checkpoint_phase lsn=21500 phase=value_index_write slot=0 started_ns=1790162856748671000 ended_ns=1790162856748673500 elapsed_us=2 block_gets=0 block_puts=0 deleted=0
checkpoint_phase lsn=21500 phase=value_index_write slot=0 started_ns=1790162856749735000 ended_ns=1790162856750087625 elapsed_us=352 block_gets=0 block_puts=0 deleted=0
checkpoint_phase lsn=21508 phase=value_index_schedule slot=0 started_ns=1790162856773174000 ended_ns=1790162856773179834 elapsed_us=5 block_gets=0 block_puts=0 deleted=0
checkpoint_phase lsn=21508 phase=value_index_schedule slot=0 started_ns=1790162856773689000 ended_ns=1790162856774050083 elapsed_us=361 block_gets=0 block_puts=0 deleted=0
checkpoint_phase lsn=21508 phase=value_index_write slot=0 started_ns=1790162856775242000 ended_ns=1790162856775244417 elapsed_us=2 block_gets=0 block_puts=0 deleted=0
checkpoint_phase lsn=21508 phase=value_index_write slot=0 started_ns=1790162856775569000 ended_ns=1790162856775700459 elapsed_us=131 block_gets=0 block_puts=0 deleted=0
checkpoint_phase lsn=21508 phase=value_index_write slot=0 started_ns=1790162856777120000 ended_ns=1790162856777521209 elapsed_us=401 block_gets=0 block_puts=0 deleted=0
checkpoint_phase lsn=21516 phase=value_index_schedule slot=0 started_ns=1790162856799068000 ended_ns=1790162856799074250 elapsed_us=6 block_gets=0 block_puts=0 deleted=0
checkpoint_phase lsn=21516 phase=value_index_schedule slot=0 started_ns=1790162856799149000 ended_ns=1790162856799509541 elapsed_us=360 block_gets=0 block_puts=0 deleted=0
checkpoint_phase lsn=21516 phase=value_index_write slot=0 started_ns=1790162856799807000 ended_ns=1790162856799808708 elapsed_us=1 block_gets=0 block_puts=0 deleted=0
checkpoint_phase lsn=21524 phase=value_index_schedule slot=0 started_ns=1790162856832406000 ended_ns=1790162856832426625 elapsed_us=20 block_gets=0 block_puts=0 deleted=0
checkpoint_phase lsn=21524 phase=value_index_schedule slot=0 started_ns=1790162856833168000 ended_ns=1790162856833523500 elapsed_us=355 block_gets=0 block_puts=0 deleted=0
checkpoint_phase lsn=21524 phase=value_index_write slot=0 started_ns=1790162856834284000 ended_ns=1790162856834285833 elapsed_us=1 block_gets=0 block_puts=0 deleted=0
checkpoint_phase lsn=21524 phase=value_index_write slot=0 started_ns=1790162856834455000 ended_ns=1790162856834720333 elapsed_us=265 block_gets=0 block_puts=0 deleted=0
checkpoint_phase lsn=21524 phase=value_index_write slot=0 started_ns=1790162856835544000 ended_ns=1790162856835677000 elapsed_us=133 block_gets=0 block_puts=0 deleted=0
checkpoint_phase lsn=21524 phase=value_index_write slot=0 started_ns=1790162856835931000 ended_ns=1790162856836056666 elapsed_us=125 block_gets=0 block_puts=0 deleted=0
checkpoint_phase lsn=21528 phase=value_index_schedule slot=0 started_ns=1790162856861516000 ended_ns=1790162856861521833 elapsed_us=5 block_gets=0 block_puts=0 deleted=0
checkpoint_phase lsn=21528 phase=value_index_schedule slot=0 started_ns=1790162856861589000 ended_ns=1790162856861957542 elapsed_us=368 block_gets=0 block_puts=0 deleted=0
checkpoint_phase lsn=21528 phase=value_index_write slot=0 started_ns=1790162856862097000 ended_ns=1790162856862098917 elapsed_us=1 block_gets=0 block_puts=0 deleted=0
checkpoint_phase lsn=21528 phase=value_index_write slot=0 started_ns=1790162856862154000 ended_ns=1790162856862282208 elapsed_us=128 block_gets=0 block_puts=0 deleted=0
checkpoint_phase lsn=21528 phase=value_index_write slot=0 started_ns=1790162856862351000 ended_ns=1790162856862475334 elapsed_us=124 block_gets=0 block_puts=0 deleted=0
checkpoint_phase lsn=21528 phase=value_index_write slot=0 started_ns=1790162856862533000 ended_ns=1790162856862655959 elapsed_us=122 block_gets=0 block_puts=0 deleted=0
checkpoint_phase lsn=21528 phase=value_index_write slot=0 started_ns=1790162856862746000 ended_ns=1790162856862867750 elapsed_us=121 block_gets=0 block_puts=0 deleted=0
checkpoint_phase lsn=21528 phase=value_index_write slot=0 started_ns=1790162856862928000 ended_ns=1790162856863061083 elapsed_us=133 block_gets=0 block_puts=0 deleted=0
checkpoint_phase lsn=21540 phase=value_index_schedule slot=0 started_ns=1790162856887431000 ended_ns=1790162856887437167 elapsed_us=6 block_gets=0 block_puts=0 deleted=0
checkpoint_phase lsn=21540 phase=value_index_schedule slot=0 started_ns=1790162856887498000 ended_ns=1790162856887864208 elapsed_us=366 block_gets=0 block_puts=0 deleted=0
checkpoint_phase lsn=21540 phase=value_index_write slot=0 started_ns=1790162856888675000 ended_ns=1790162856888677084 elapsed_us=2 block_gets=0 block_puts=0 deleted=0
checkpoint_phase lsn=21540 phase=value_index_write slot=0 started_ns=1790162856888735000 ended_ns=1790162856888867250 elapsed_us=132 block_gets=0 block_puts=0 deleted=0
checkpoint_phase lsn=21540 phase=value_index_write slot=0 started_ns=1790162856889123000 ended_ns=1790162856889250625 elapsed_us=127 block_gets=0 block_puts=0 deleted=0
checkpoint_phase lsn=21540 phase=value_index_write slot=0 started_ns=1790162856889977000 ended_ns=1790162856890107959 elapsed_us=130 block_gets=0 block_puts=0 deleted=0
checkpoint_phase lsn=21540 phase=value_index_write slot=0 started_ns=1790162856890219000 ended_ns=1790162856890346042 elapsed_us=127 block_gets=0 block_puts=0 deleted=0
checkpoint_phase lsn=21540 phase=value_index_write slot=0 started_ns=1790162856890597000 ended_ns=1790162856890723166 elapsed_us=126 block_gets=0 block_puts=0 deleted=0
checkpoint_phase lsn=21540 phase=value_index_write slot=0 started_ns=1790162856891575000 ended_ns=1790162856924533583 elapsed_us=32958 block_gets=0 block_puts=1 deleted=0
checkpoint_phase lsn=21552 phase=value_index_schedule slot=0 started_ns=1790162856968339000 ended_ns=1790162856968344958 elapsed_us=5 block_gets=0 block_puts=0 deleted=0
checkpoint_phase lsn=21552 phase=value_index_schedule slot=0 started_ns=1790162856968413000 ended_ns=1790162856968792875 elapsed_us=379 block_gets=0 block_puts=0 deleted=0
checkpoint_phase lsn=21552 phase=value_index_write slot=0 started_ns=1790162856969108000 ended_ns=1790162856969110042 elapsed_us=2 block_gets=0 block_puts=0 deleted=0
checkpoint_phase lsn=21556 phase=value_index_schedule slot=0 started_ns=1790162856987133000 ended_ns=1790162856987138333 elapsed_us=5 block_gets=0 block_puts=0 deleted=0
checkpoint_phase lsn=21556 phase=value_index_schedule slot=0 started_ns=1790162856988016000 ended_ns=1790162856988359791 elapsed_us=343 block_gets=0 block_puts=0 deleted=0
checkpoint_phase lsn=21556 phase=value_index_write slot=0 started_ns=1790162856989013000 ended_ns=1790162856989014917 elapsed_us=1 block_gets=0 block_puts=0 deleted=0
checkpoint_phase lsn=21556 phase=value_index_write slot=0 started_ns=1790162856989068000 ended_ns=1790162856989197000 elapsed_us=129 block_gets=0 block_puts=0 deleted=0
checkpoint_phase lsn=21556 phase=value_index_write slot=0 started_ns=1790162856989576000 ended_ns=1790162856989701666 elapsed_us=125 block_gets=0 block_puts=0 deleted=0
checkpoint_phase lsn=21564 phase=value_index_schedule slot=0 started_ns=1790162857009978000 ended_ns=1790162857009984041 elapsed_us=6 block_gets=0 block_puts=0 deleted=0
checkpoint_phase lsn=21564 phase=value_index_schedule slot=0 started_ns=1790162857010082000 ended_ns=1790162857010515000 elapsed_us=433 block_gets=0 block_puts=0 deleted=0
checkpoint_phase lsn=21572 phase=value_index_schedule slot=0 started_ns=1790162857031132000 ended_ns=1790162857031138208 elapsed_us=6 block_gets=0 block_puts=0 deleted=0
checkpoint_phase lsn=21572 phase=value_index_schedule slot=0 started_ns=1790162857031319000 ended_ns=1790162857031888667 elapsed_us=569 block_gets=0 block_puts=0 deleted=0
checkpoint_phase lsn=21572 phase=value_index_write slot=0 started_ns=1790162857032696000 ended_ns=1790162857032698125 elapsed_us=2 block_gets=0 block_puts=0 deleted=0
checkpoint_phase lsn=21572 phase=value_index_write slot=0 started_ns=1790162857032775000 ended_ns=1790162857032908000 elapsed_us=133 block_gets=0 block_puts=0 deleted=0
checkpoint_phase lsn=21572 phase=value_index_write slot=0 started_ns=1790162857033024000 ended_ns=1790162857033147084 elapsed_us=123 block_gets=0 block_puts=0 deleted=0
checkpoint_phase lsn=21572 phase=value_index_write slot=0 started_ns=1790162857033373000 ended_ns=1790162857033497833 elapsed_us=124 block_gets=0 block_puts=0 deleted=0
checkpoint_phase lsn=21572 phase=value_index_write slot=0 started_ns=1790162857034475000 ended_ns=1790162857034651625 elapsed_us=176 block_gets=0 block_puts=0 deleted=0
checkpoint_phase lsn=21572 phase=value_index_write slot=0 started_ns=1790162857034765000 ended_ns=1790162857034888666 elapsed_us=123 block_gets=0 block_puts=0 deleted=0
checkpoint_phase lsn=21576 phase=value_index_schedule slot=0 started_ns=1790162857056099000 ended_ns=1790162857056104125 elapsed_us=5 block_gets=0 block_puts=0 deleted=0
checkpoint_phase lsn=21588 phase=value_index_schedule slot=0 started_ns=1790162857103346000 ended_ns=1790162857103351958 elapsed_us=5 block_gets=0 block_puts=0 deleted=0
checkpoint_phase lsn=21588 phase=value_index_schedule slot=0 started_ns=1790162857103424000 ended_ns=1790162857103834625 elapsed_us=410 block_gets=0 block_puts=0 deleted=0
checkpoint_phase lsn=21600 phase=value_index_schedule slot=0 started_ns=1790162857148051000 ended_ns=1790162857148057333 elapsed_us=6 block_gets=0 block_puts=0 deleted=0
checkpoint_phase lsn=21600 phase=value_index_schedule slot=0 started_ns=1790162857148137000 ended_ns=1790162857148654209 elapsed_us=517 block_gets=0 block_puts=0 deleted=0
checkpoint_phase lsn=21600 phase=value_index_write slot=0 started_ns=1790162857148802000 ended_ns=1790162857148805583 elapsed_us=3 block_gets=0 block_puts=0 deleted=0
checkpoint_phase lsn=21600 phase=value_index_write slot=0 started_ns=1790162857150413000 ended_ns=1790162857150678708 elapsed_us=265 block_gets=0 block_puts=0 deleted=0
checkpoint_phase lsn=21608 phase=value_index_schedule slot=0 started_ns=1790162857191576000 ended_ns=1790162857191581875 elapsed_us=5 block_gets=0 block_puts=0 deleted=0
checkpoint_phase lsn=21608 phase=value_index_schedule slot=0 started_ns=1790162857191639000 ended_ns=1790162857192319208 elapsed_us=680 block_gets=0 block_puts=0 deleted=0
checkpoint_phase lsn=21608 phase=value_index_write slot=0 started_ns=1790162857202354000 ended_ns=1790162857202356625 elapsed_us=2 block_gets=0 block_puts=0 deleted=0
checkpoint_phase lsn=21608 phase=value_index_write slot=0 started_ns=1790162857205102000 ended_ns=1790162857205235500 elapsed_us=133 block_gets=0 block_puts=0 deleted=0
checkpoint_phase lsn=21616 phase=value_index_schedule slot=0 started_ns=1790162857240102000 ended_ns=1790162857240107958 elapsed_us=5 block_gets=0 block_puts=0 deleted=0
checkpoint_phase lsn=21624 phase=value_index_schedule slot=0 started_ns=1790162857272503000 ended_ns=1790162857272508833 elapsed_us=5 block_gets=0 block_puts=0 deleted=0
checkpoint_phase lsn=21624 phase=value_index_schedule slot=0 started_ns=1790162857272579000 ended_ns=1790162857272960834 elapsed_us=381 block_gets=0 block_puts=0 deleted=0
checkpoint_phase lsn=21624 phase=value_index_write slot=0 started_ns=1790162857284452000 ended_ns=1790162857284454750 elapsed_us=2 block_gets=0 block_puts=0 deleted=0
checkpoint_phase lsn=21624 phase=value_index_write slot=0 started_ns=1790162857294200000 ended_ns=1790162857294339167 elapsed_us=139 block_gets=0 block_puts=0 deleted=0
checkpoint_phase lsn=21624 phase=value_index_write slot=0 started_ns=1790162857294485000 ended_ns=1790162857294662542 elapsed_us=177 block_gets=0 block_puts=0 deleted=0
checkpoint_phase lsn=21624 phase=value_index_write slot=0 started_ns=1790162857294741000 ended_ns=1790162857294865709 elapsed_us=124 block_gets=0 block_puts=0 deleted=0
checkpoint_phase lsn=21624 phase=value_index_write slot=0 started_ns=1790162857304396000 ended_ns=1790162857304524542 elapsed_us=128 block_gets=0 block_puts=0 deleted=0
checkpoint_phase lsn=21624 phase=value_index_write slot=0 started_ns=1790162857304607000 ended_ns=1790162857304732125 elapsed_us=125 block_gets=0 block_puts=0 deleted=0
checkpoint_phase lsn=21640 phase=value_index_schedule slot=0 started_ns=1790162857356585000 ended_ns=1790162857356591833 elapsed_us=6 block_gets=0 block_puts=0 deleted=0
checkpoint_phase lsn=21640 phase=value_index_schedule slot=0 started_ns=1790162857365554000 ended_ns=1790162857365949417 elapsed_us=395 block_gets=0 block_puts=0 deleted=0
checkpoint_phase lsn=21640 phase=value_index_write slot=0 started_ns=1790162857375516000 ended_ns=1790162857375518334 elapsed_us=2 block_gets=0 block_puts=0 deleted=0
checkpoint_phase lsn=21640 phase=value_index_write slot=0 started_ns=1790162857375580000 ended_ns=1790162857375714542 elapsed_us=134 block_gets=0 block_puts=0 deleted=0
checkpoint_phase lsn=21640 phase=value_index_write slot=0 started_ns=1790162857375822000 ended_ns=1790162857375947167 elapsed_us=125 block_gets=0 block_puts=0 deleted=0
checkpoint_phase lsn=21640 phase=value_index_write slot=0 started_ns=1790162857384851000 ended_ns=1790162857384979542 elapsed_us=128 block_gets=0 block_puts=0 deleted=0
checkpoint_phase lsn=21640 phase=value_index_write slot=0 started_ns=1790162857385046000 ended_ns=1790162857385168666 elapsed_us=122 block_gets=0 block_puts=0 deleted=0
checkpoint_phase lsn=21640 phase=value_index_write slot=0 started_ns=1790162857385219000 ended_ns=1790162857385344083 elapsed_us=125 block_gets=0 block_puts=0 deleted=0
checkpoint_phase lsn=21640 phase=value_index_write slot=0 started_ns=1790162857385442000 ended_ns=1790162857391929958 elapsed_us=6487 block_gets=0 block_puts=1 deleted=0
checkpoint_phase lsn=21640 phase=value_index_write slot=0 started_ns=1790162857392005000 ended_ns=1790162857392119625 elapsed_us=114 block_gets=0 block_puts=0 deleted=0
checkpoint_phase lsn=21640 phase=value_index_write slot=0 started_ns=1790162857392169000 ended_ns=1790162857392256458 elapsed_us=87 block_gets=0 block_puts=0 deleted=0
checkpoint_phase lsn=21640 phase=value_index_write slot=0 started_ns=1790162857392330000 ended_ns=1790162857392405541 elapsed_us=75 block_gets=0 block_puts=0 deleted=0
checkpoint_phase lsn=21640 phase=value_index_write slot=0 started_ns=1790162857392457000 ended_ns=1790162857403147000 elapsed_us=10690 block_gets=0 block_puts=2 deleted=0
checkpoint_phase lsn=21640 phase=value_index_schedule slot=0 started_ns=1790162857403224000 ended_ns=1790162857403255750 elapsed_us=31 block_gets=0 block_puts=0 deleted=0
checkpoint_phase lsn=21640 phase=value_index_schedule slot=0 started_ns=1790162857403329000 ended_ns=1790162857404079792 elapsed_us=750 block_gets=0 block_puts=0 deleted=0
checkpoint_phase lsn=21640 phase=value_index_write slot=0 started_ns=1790162857404142000 ended_ns=1790162857415199708 elapsed_us=11057 block_gets=0 block_puts=3 deleted=0
checkpoint_phase lsn=21640 phase=value_index_write slot=0 started_ns=1790162857415278000 ended_ns=1790162857428354917 elapsed_us=13076 block_gets=0 block_puts=4 deleted=0
checkpoint_phase lsn=21640 phase=value_index_write slot=0 started_ns=1790162857428434000 ended_ns=1790162857443124750 elapsed_us=14690 block_gets=0 block_puts=4 deleted=0
checkpoint_phase lsn=21640 phase=value_index_write slot=0 started_ns=1790162857443193000 ended_ns=1790162857457899375 elapsed_us=14706 block_gets=0 block_puts=4 deleted=0
checkpoint_phase lsn=21640 phase=value_index_write slot=0 started_ns=1790162857457972000 ended_ns=1790162857472569208 elapsed_us=14597 block_gets=0 block_puts=4 deleted=0
checkpoint_phase lsn=21640 phase=value_index_write slot=0 started_ns=1790162857472752000 ended_ns=1790162857487715166 elapsed_us=14963 block_gets=0 block_puts=4 deleted=0
checkpoint_phase lsn=21640 phase=value_index_write slot=0 started_ns=1790162857487790000 ended_ns=1790162857502694958 elapsed_us=14904 block_gets=0 block_puts=4 deleted=0
checkpoint_phase lsn=21640 phase=value_index_write slot=0 started_ns=1790162857502814000 ended_ns=1790162857507233583 elapsed_us=4419 block_gets=0 block_puts=1 deleted=0
checkpoint_phase lsn=21640 phase=value_index_write slot=0 started_ns=1790162857507363000 ended_ns=1790162857511740417 elapsed_us=4377 block_gets=0 block_puts=1 deleted=0
checkpoint_phase lsn=21640 phase=value_index_write slot=0 started_ns=1790162857511994000 ended_ns=1790162857513176291 elapsed_us=1182 block_gets=0 block_puts=0 deleted=0
checkpoint_phase lsn=21640 phase=value_index_write slot=0 started_ns=1790162857513257000 ended_ns=1790162857516653750 elapsed_us=3396 block_gets=0 block_puts=1 deleted=0
checkpoint_phase lsn=21640 phase=value_index_schedule slot=0 started_ns=1790162857516743000 ended_ns=1790162857517103083 elapsed_us=360 block_gets=0 block_puts=0 deleted=0
checkpoint_phase lsn=21640 phase=value_index_schedule slot=0 started_ns=1790162857517162000 ended_ns=1790162857517914125 elapsed_us=752 block_gets=0 block_puts=0 deleted=0
checkpoint_phase lsn=21640 phase=value_index_write slot=0 started_ns=1790162857517979000 ended_ns=1790162857529178458 elapsed_us=11199 block_gets=0 block_puts=3 deleted=0
checkpoint_phase lsn=21640 phase=value_index_write slot=0 started_ns=1790162857529264000 ended_ns=1790162857543475625 elapsed_us=14211 block_gets=0 block_puts=4 deleted=0
checkpoint_phase lsn=21640 phase=value_index_write slot=0 started_ns=1790162857543558000 ended_ns=1790162857559372083 elapsed_us=15814 block_gets=0 block_puts=4 deleted=0
checkpoint_phase lsn=21640 phase=value_index_write slot=0 started_ns=1790162857559454000 ended_ns=1790162857576191875 elapsed_us=16737 block_gets=0 block_puts=4 deleted=0
checkpoint_phase lsn=21640 phase=value_index_write slot=0 started_ns=1790162857576284000 ended_ns=1790162857591836542 elapsed_us=15552 block_gets=0 block_puts=4 deleted=0
checkpoint_phase lsn=21640 phase=value_index_write slot=0 started_ns=1790162857591970000 ended_ns=1790162857607681375 elapsed_us=15711 block_gets=0 block_puts=4 deleted=0
checkpoint_phase lsn=21640 phase=value_index_write slot=0 started_ns=1790162857607742000 ended_ns=1790162857623793292 elapsed_us=16051 block_gets=0 block_puts=4 deleted=0
checkpoint_phase lsn=21640 phase=value_index_write slot=0 started_ns=1790162857623811000 ended_ns=1790162857629792084 elapsed_us=5981 block_gets=0 block_puts=1 deleted=0
checkpoint_phase lsn=21640 phase=value_index_write slot=0 started_ns=1790162857629916000 ended_ns=1790162857634808541 elapsed_us=4892 block_gets=0 block_puts=1 deleted=0
checkpoint_phase lsn=21640 phase=value_index_write slot=0 started_ns=1790162857634827000 ended_ns=1790162857636420750 elapsed_us=1593 block_gets=0 block_puts=0 deleted=0
checkpoint_phase lsn=21640 phase=value_index_write slot=0 started_ns=1790162857636510000 ended_ns=1790162857641337042 elapsed_us=4827 block_gets=0 block_puts=1 deleted=0
checkpoint_phase lsn=21640 phase=row_sst_delta slot=0 started_ns=1790162857641360000 ended_ns=1790162857664410666 elapsed_us=23050 block_gets=0 block_puts=4 deleted=0
checkpoint_phase lsn=21640 phase=manifest slot=-1 started_ns=1790162857664429000 ended_ns=1790162857668410541 elapsed_us=3981 block_gets=0 block_puts=0 deleted=0
checkpoint_phase lsn=21640 phase=local_cleanup slot=-1 started_ns=1790162857668464000 ended_ns=1790162857668529167 elapsed_us=65 block_gets=0 block_puts=0 deleted=0
checkpoint_phase lsn=21640 phase=commit_prune slot=-1 started_ns=1790162857668535000 ended_ns=1790162857783738417 elapsed_us=115203 block_gets=0 block_puts=0 deleted=16
checkpoint_phase lsn=21640 phase=commit_prune slot=-1 started_ns=1790162857783759000 ended_ns=1790162857828437417 elapsed_us=44678 block_gets=0 block_puts=0 deleted=16
checkpoint_phase lsn=21640 phase=commit_prune slot=-1 started_ns=1790162857828452000 ended_ns=1790162857872429416 elapsed_us=43977 block_gets=0 block_puts=0 deleted=16
checkpoint_phase lsn=21640 phase=commit_prune slot=-1 started_ns=1790162857872451000 ended_ns=1790162857916062333 elapsed_us=43611 block_gets=0 block_puts=0 deleted=16
checkpoint_phase lsn=21640 phase=commit_prune slot=-1 started_ns=1790162857916078000 ended_ns=1790162857960803792 elapsed_us=44725 block_gets=0 block_puts=0 deleted=16
checkpoint_phase lsn=21640 phase=commit_prune slot=-1 started_ns=1790162857960818000 ended_ns=1790162858005695125 elapsed_us=44877 block_gets=0 block_puts=0 deleted=16
checkpoint_phase lsn=21640 phase=commit_prune slot=-1 started_ns=1790162858005708000 ended_ns=1790162858051183208 elapsed_us=45475 block_gets=0 block_puts=0 deleted=16
checkpoint_phase lsn=21640 phase=commit_prune slot=-1 started_ns=1790162858051198000 ended_ns=1790162858095931416 elapsed_us=44733 block_gets=0 block_puts=0 deleted=16
checkpoint_phase lsn=21640 phase=commit_prune slot=-1 started_ns=1790162858095949000 ended_ns=1790162858146901209 elapsed_us=50952 block_gets=0 block_puts=0 deleted=16
checkpoint_phase lsn=21640 phase=commit_prune slot=-1 started_ns=1790162858146924000 ended_ns=1790162858200109042 elapsed_us=53185 block_gets=0 block_puts=0 deleted=16
checkpoint_phase lsn=21640 phase=commit_prune slot=-1 started_ns=1790162858200152000 ended_ns=1790162858244461917 elapsed_us=44309 block_gets=0 block_puts=0 deleted=16
checkpoint_phase lsn=21640 phase=commit_prune slot=-1 started_ns=1790162858244482000 ended_ns=1790162858289106958 elapsed_us=44624 block_gets=0 block_puts=0 deleted=16
checkpoint_phase lsn=21640 phase=commit_prune slot=-1 started_ns=1790162858289122000 ended_ns=1790162858335222750 elapsed_us=46100 block_gets=0 block_puts=0 deleted=16
checkpoint_phase lsn=21640 phase=commit_prune slot=-1 started_ns=1790162858335239000 ended_ns=1790162858391992625 elapsed_us=56753 block_gets=0 block_puts=0 deleted=16
checkpoint_phase lsn=21640 phase=commit_prune slot=-1 started_ns=1790162858392011000 ended_ns=1790162858436649667 elapsed_us=44638 block_gets=0 block_puts=0 deleted=16
checkpoint_phase lsn=21640 phase=commit_prune slot=-1 started_ns=1790162858436663000 ended_ns=1790162858481478833 elapsed_us=44815 block_gets=0 block_puts=0 deleted=16
checkpoint_phase lsn=21640 phase=commit_prune slot=-1 started_ns=1790162858481499000 ended_ns=1790162858530536708 elapsed_us=49037 block_gets=0 block_puts=0 deleted=16
checkpoint_phase lsn=21640 phase=commit_prune slot=-1 started_ns=1790162858530560000 ended_ns=1790162858576686792 elapsed_us=46126 block_gets=0 block_puts=0 deleted=16
checkpoint_phase lsn=21640 phase=commit_prune slot=-1 started_ns=1790162858576701000 ended_ns=1790162858623995500 elapsed_us=47294 block_gets=0 block_puts=0 deleted=16
checkpoint_phase lsn=21640 phase=commit_prune slot=-1 started_ns=1790162858624014000 ended_ns=1790162858674808292 elapsed_us=50794 block_gets=0 block_puts=0 deleted=16
checkpoint_phase lsn=21640 phase=commit_prune slot=-1 started_ns=1790162858674825000 ended_ns=1790162858724037667 elapsed_us=49212 block_gets=0 block_puts=0 deleted=16
checkpoint_phase lsn=21640 phase=commit_prune slot=-1 started_ns=1790162858724089000 ended_ns=1790162858748050166 elapsed_us=23961 block_gets=0 block_puts=0 deleted=8
checkpoint_phase lsn=21640 phase=legacy_gc slot=-1 started_ns=1790162858748067000 ended_ns=1790162858781405875 elapsed_us=33338 block_gets=0 block_puts=0 deleted=0
checkpoint_phase lsn=21640 phase=gc_keep slot=-1 started_ns=1790162858781446000 ended_ns=1790162858783680666 elapsed_us=2234 block_gets=0 block_puts=0 deleted=0
checkpoint_phase lsn=21640 phase=gc_list slot=-1 started_ns=1790162858783693000 ended_ns=1790162858882218750 elapsed_us=98525 block_gets=0 block_puts=0 deleted=0
checkpoint_phase lsn=21640 phase=gc_delete slot=-1 started_ns=1790162858882242000 ended_ns=1790162858926767625 elapsed_us=44525 block_gets=0 block_puts=0 deleted=16
checkpoint_phase lsn=21640 phase=gc_delete slot=-1 started_ns=1790162858926781000 ended_ns=1790162858969813000 elapsed_us=43032 block_gets=0 block_puts=0 deleted=16
checkpoint_phase lsn=21640 phase=gc_delete slot=-1 started_ns=1790162858969828000 ended_ns=1790162859011234166 elapsed_us=41406 block_gets=0 block_puts=0 deleted=16
checkpoint_phase lsn=21640 phase=gc_delete slot=-1 started_ns=1790162859011289000 ended_ns=1790162859058119916 elapsed_us=46830 block_gets=0 block_puts=0 deleted=16
checkpoint_phase lsn=21640 phase=gc_delete slot=-1 started_ns=1790162859058138000 ended_ns=1790162859102758458 elapsed_us=44620 block_gets=0 block_puts=0 deleted=16
checkpoint_phase lsn=21640 phase=gc_delete slot=-1 started_ns=1790162859102774000 ended_ns=1790162859139425084 elapsed_us=36651 block_gets=0 block_puts=0 deleted=13
checkpoint_phase lsn=21640 phase=row_merge_schedule slot=0 started_ns=1790162859139589000 ended_ns=1790162859139790041 elapsed_us=201 block_gets=0 block_puts=0 deleted=0
checkpoint_phase lsn=21640 phase=row_merge_schedule slot=0 started_ns=1790162859139842000 ended_ns=1790162859139935834 elapsed_us=93 block_gets=0 block_puts=0 deleted=0
checkpoint_phase lsn=21640 phase=row_merge_schedule slot=0 started_ns=1790162859139985000 ended_ns=1790162859160165291 elapsed_us=20180 block_gets=7 block_puts=0 deleted=0
checkpoint_phase lsn=21640 phase=row_merge_schedule slot=0 started_ns=1790162859160254000 ended_ns=1790162859180910417 elapsed_us=20656 block_gets=7 block_puts=0 deleted=0
checkpoint_phase lsn=21640 phase=row_merge_schedule slot=0 started_ns=1790162859180988000 ended_ns=1790162859200775084 elapsed_us=19787 block_gets=7 block_puts=0 deleted=0
checkpoint_phase lsn=21640 phase=row_merge_schedule slot=0 started_ns=1790162859200858000 ended_ns=1790162859220704083 elapsed_us=19846 block_gets=7 block_puts=0 deleted=0
checkpoint_phase lsn=21640 phase=row_merge_schedule slot=0 started_ns=1790162859220829000 ended_ns=1790162859240861333 elapsed_us=20032 block_gets=7 block_puts=0 deleted=0
checkpoint_phase lsn=21640 phase=row_merge_schedule slot=0 started_ns=1790162859242452000 ended_ns=1790162859262224500 elapsed_us=19772 block_gets=7 block_puts=0 deleted=0
checkpoint_phase lsn=21640 phase=row_merge_schedule slot=0 started_ns=1790162859262326000 ended_ns=1790162859282756542 elapsed_us=20430 block_gets=7 block_puts=0 deleted=0
checkpoint_phase lsn=21640 phase=row_merge_schedule slot=0 started_ns=1790162859282890000 ended_ns=1790162859302693083 elapsed_us=19803 block_gets=7 block_puts=0 deleted=0
checkpoint_phase lsn=21640 phase=row_merge_schedule slot=0 started_ns=1790162859304351000 ended_ns=1790162859324216708 elapsed_us=19865 block_gets=7 block_puts=0 deleted=0
checkpoint_phase lsn=21640 phase=row_merge_schedule slot=0 started_ns=1790162859324323000 ended_ns=1790162859345481709 elapsed_us=21158 block_gets=7 block_puts=0 deleted=0
checkpoint_phase lsn=21640 phase=row_merge_schedule slot=0 started_ns=1790162859345613000 ended_ns=1790162859366953375 elapsed_us=21340 block_gets=7 block_puts=0 deleted=0
checkpoint_phase lsn=21640 phase=row_merge_schedule slot=0 started_ns=1790162859367048000 ended_ns=1790162859387442125 elapsed_us=20394 block_gets=7 block_puts=0 deleted=0
checkpoint_phase lsn=21640 phase=row_merge_schedule slot=0 started_ns=1790162859387595000 ended_ns=1790162859407367542 elapsed_us=19772 block_gets=7 block_puts=0 deleted=0
checkpoint_phase lsn=21640 phase=row_merge_schedule slot=0 started_ns=1790162859407449000 ended_ns=1790162859427602833 elapsed_us=20153 block_gets=7 block_puts=0 deleted=0
checkpoint_phase lsn=21640 phase=row_merge_schedule slot=0 started_ns=1790162859427731000 ended_ns=1790162859449148625 elapsed_us=21417 block_gets=7 block_puts=0 deleted=0
checkpoint_phase lsn=21640 phase=row_merge_schedule slot=0 started_ns=1790162859449237000 ended_ns=1790162859470759208 elapsed_us=21522 block_gets=7 block_puts=0 deleted=0
checkpoint_phase lsn=21640 phase=row_merge_schedule slot=0 started_ns=1790162859470896000 ended_ns=1790162859494875458 elapsed_us=23979 block_gets=7 block_puts=0 deleted=0
checkpoint_phase lsn=21640 phase=row_merge_schedule slot=0 started_ns=1790162859495149000 ended_ns=1790162859516814167 elapsed_us=21665 block_gets=7 block_puts=0 deleted=0
checkpoint_phase lsn=21640 phase=row_merge_schedule slot=0 started_ns=1790162859524298000 ended_ns=1790162859551063209 elapsed_us=26765 block_gets=7 block_puts=0 deleted=0
checkpoint_phase lsn=21640 phase=row_merge_schedule slot=0 started_ns=1790162859551146000 ended_ns=1790162859572401958 elapsed_us=21255 block_gets=7 block_puts=0 deleted=0
checkpoint_phase lsn=21640 phase=row_merge_schedule slot=0 started_ns=1790162859572483000 ended_ns=1790162859593753875 elapsed_us=21270 block_gets=7 block_puts=0 deleted=0
checkpoint_phase lsn=21640 phase=row_merge_schedule slot=0 started_ns=1790162859593840000 ended_ns=1790162859615002666 elapsed_us=21162 block_gets=7 block_puts=0 deleted=0
checkpoint_phase lsn=21656 phase=value_index_schedule slot=0 started_ns=1790162859687473000 ended_ns=1790162859687571792 elapsed_us=98 block_gets=0 block_puts=0 deleted=0
checkpoint_phase lsn=21656 phase=row_merge_schedule slot=0 started_ns=1790162859687716000 ended_ns=1790162859707586500 elapsed_us=19870 block_gets=7 block_puts=0 deleted=0
checkpoint_phase lsn=21656 phase=value_index_schedule slot=0 started_ns=1790162859707655000 ended_ns=1790162859707708417 elapsed_us=53 block_gets=0 block_puts=0 deleted=0
checkpoint_phase lsn=21656 phase=row_merge_schedule slot=0 started_ns=1790162859707718000 ended_ns=1790162859726667042 elapsed_us=18949 block_gets=7 block_puts=0 deleted=0
checkpoint_phase lsn=21656 phase=value_index_write slot=0 started_ns=1790162859726684000 ended_ns=1790162859726686042 elapsed_us=2 block_gets=0 block_puts=0 deleted=0
checkpoint_phase lsn=21656 phase=row_merge_schedule slot=0 started_ns=1790162859726698000 ended_ns=1790162859746270667 elapsed_us=19572 block_gets=7 block_puts=0 deleted=0
checkpoint_phase lsn=21656 phase=value_index_write slot=0 started_ns=1790162859746287000 ended_ns=1790162859747534667 elapsed_us=1247 block_gets=0 block_puts=0 deleted=0
checkpoint_phase lsn=21656 phase=row_merge_schedule slot=0 started_ns=1790162859747542000 ended_ns=1790162859768598375 elapsed_us=21056 block_gets=7 block_puts=0 deleted=0
checkpoint_phase lsn=21656 phase=value_index_write slot=0 started_ns=1790162859768614000 ended_ns=1790162859768686916 elapsed_us=72 block_gets=0 block_puts=0 deleted=0
checkpoint_phase lsn=21656 phase=row_merge_schedule slot=0 started_ns=1790162859768692000 ended_ns=1790162859789271125 elapsed_us=20579 block_gets=7 block_puts=0 deleted=0
checkpoint_phase lsn=21656 phase=value_index_write slot=0 started_ns=1790162859789289000 ended_ns=1790162859789365459 elapsed_us=76 block_gets=0 block_puts=0 deleted=0
checkpoint_phase lsn=21656 phase=row_merge_schedule slot=0 started_ns=1790162859789371000 ended_ns=1790162859808843459 elapsed_us=19472 block_gets=7 block_puts=0 deleted=0
checkpoint_phase lsn=21656 phase=value_index_write slot=0 started_ns=1790162859808856000 ended_ns=1790162859808930583 elapsed_us=74 block_gets=0 block_puts=0 deleted=0
checkpoint_phase lsn=21656 phase=row_merge_schedule slot=0 started_ns=1790162859808934000 ended_ns=1790162859817797417 elapsed_us=8863 block_gets=3 block_puts=0 deleted=0
checkpoint_phase lsn=21656 phase=value_index_write slot=0 started_ns=1790162859817842000 ended_ns=1790162859817915750 elapsed_us=73 block_gets=0 block_puts=0 deleted=0
checkpoint_phase lsn=21656 phase=row_merge_schedule slot=0 started_ns=1790162859817925000 ended_ns=1790162859840749750 elapsed_us=22824 block_gets=8 block_puts=0 deleted=0
checkpoint_phase lsn=21656 phase=value_index_write slot=0 started_ns=1790162859840766000 ended_ns=1790162859849171417 elapsed_us=8405 block_gets=0 block_puts=1 deleted=0
checkpoint_phase lsn=21656 phase=row_merge_schedule slot=0 started_ns=1790162859849186000 ended_ns=1790162859869594792 elapsed_us=20408 block_gets=7 block_puts=0 deleted=0
checkpoint_phase lsn=21656 phase=value_index_write slot=0 started_ns=1790162859869608000 ended_ns=1790162859869680750 elapsed_us=72 block_gets=0 block_puts=0 deleted=0
checkpoint_phase lsn=21656 phase=row_merge_schedule slot=0 started_ns=1790162859869686000 ended_ns=1790162859890836666 elapsed_us=21150 block_gets=7 block_puts=0 deleted=0
checkpoint_phase lsn=21656 phase=value_index_write slot=0 started_ns=1790162859890851000 ended_ns=1790162859890926292 elapsed_us=75 block_gets=0 block_puts=0 deleted=0
checkpoint_phase lsn=21656 phase=row_merge_schedule slot=0 started_ns=1790162859890931000 ended_ns=1790162859894015084 elapsed_us=3084 block_gets=1 block_puts=0 deleted=0
checkpoint_phase lsn=21656 phase=value_index_write slot=0 started_ns=1790162859894031000 ended_ns=1790162859894103791 elapsed_us=72 block_gets=0 block_puts=0 deleted=0
checkpoint_phase lsn=21656 phase=row_merge_write slot=0 started_ns=1790162859894108000 ended_ns=1790162859918394583 elapsed_us=24286 block_gets=0 block_puts=5 deleted=0
checkpoint_phase lsn=21656 phase=value_index_write slot=0 started_ns=1790162859918409000 ended_ns=1790162859922273125 elapsed_us=3864 block_gets=0 block_puts=1 deleted=0
checkpoint_phase lsn=21656 phase=row_merge_write slot=0 started_ns=1790162859922289000 ended_ns=1790162859940667250 elapsed_us=18378 block_gets=0 block_puts=4 deleted=0
checkpoint_phase lsn=21656 phase=value_index_schedule slot=0 started_ns=1790162859940683000 ended_ns=1790162859940713125 elapsed_us=30 block_gets=0 block_puts=0 deleted=0
checkpoint_phase lsn=21656 phase=row_merge_write slot=0 started_ns=1790162859940717000 ended_ns=1790162859959539084 elapsed_us=18822 block_gets=0 block_puts=4 deleted=0
checkpoint_phase lsn=21656 phase=value_index_schedule slot=0 started_ns=1790162859959555000 ended_ns=1790162859959610458 elapsed_us=55 block_gets=0 block_puts=0 deleted=0
checkpoint_phase lsn=21656 phase=row_merge_write slot=0 started_ns=1790162859959621000 ended_ns=1790162859978003083 elapsed_us=18382 block_gets=0 block_puts=4 deleted=0
checkpoint_phase lsn=21656 phase=value_index_write slot=0 started_ns=1790162859978017000 ended_ns=1790162859982425291 elapsed_us=4408 block_gets=0 block_puts=1 deleted=0
checkpoint_phase lsn=21656 phase=row_merge_write slot=0 started_ns=1790162859982442000 ended_ns=1790162860002995459 elapsed_us=20553 block_gets=0 block_puts=4 deleted=0
checkpoint_phase lsn=21656 phase=value_index_write slot=0 started_ns=1790162860003010000 ended_ns=1790162860003749583 elapsed_us=739 block_gets=0 block_puts=0 deleted=0
checkpoint_phase lsn=21656 phase=row_merge_write slot=0 started_ns=1790162860003759000 ended_ns=1790162860023188375 elapsed_us=19429 block_gets=0 block_puts=4 deleted=0
checkpoint_phase lsn=21656 phase=value_index_write slot=0 started_ns=1790162860023204000 ended_ns=1790162860024061083 elapsed_us=857 block_gets=0 block_puts=0 deleted=0
checkpoint_phase lsn=21656 phase=row_merge_write slot=0 started_ns=1790162860024070000 ended_ns=1790162860044821583 elapsed_us=20751 block_gets=0 block_puts=4 deleted=0
checkpoint_phase lsn=21656 phase=value_index_write slot=0 started_ns=1790162860044841000 ended_ns=1790162860045579292 elapsed_us=738 block_gets=0 block_puts=0 deleted=0
checkpoint_phase lsn=21656 phase=row_merge_write slot=0 started_ns=1790162860045586000 ended_ns=1790162860071248250 elapsed_us=25662 block_gets=0 block_puts=4 deleted=0
checkpoint_phase lsn=21656 phase=value_index_write slot=0 started_ns=1790162860072224000 ended_ns=1790162860072979667 elapsed_us=755 block_gets=0 block_puts=0 deleted=0
checkpoint_phase lsn=21656 phase=row_merge_write slot=0 started_ns=1790162860072998000 ended_ns=1790162860094574625 elapsed_us=21576 block_gets=0 block_puts=4 deleted=0
checkpoint_phase lsn=21656 phase=value_index_write slot=0 started_ns=1790162860094588000 ended_ns=1790162860095315625 elapsed_us=727 block_gets=0 block_puts=0 deleted=0
checkpoint_phase lsn=21656 phase=row_merge_write slot=0 started_ns=1790162860095324000 ended_ns=1790162860114194958 elapsed_us=18870 block_gets=0 block_puts=4 deleted=0
checkpoint_phase lsn=21656 phase=value_index_write slot=0 started_ns=1790162860114210000 ended_ns=1790162860114963083 elapsed_us=753 block_gets=0 block_puts=0 deleted=0
checkpoint_phase lsn=21656 phase=row_merge_write slot=0 started_ns=1790162860114972000 ended_ns=1790162860137471417 elapsed_us=22499 block_gets=0 block_puts=5 deleted=0
checkpoint_phase lsn=21656 phase=value_index_write slot=0 started_ns=1790162860137488000 ended_ns=1790162860138228333 elapsed_us=740 block_gets=0 block_puts=0 deleted=0
checkpoint_phase lsn=21656 phase=row_merge_write slot=0 started_ns=1790162860138238000 ended_ns=1790162860141094917 elapsed_us=2856 block_gets=0 block_puts=0 deleted=0
checkpoint_phase lsn=21656 phase=value_index_write slot=0 started_ns=1790162860141119000 ended_ns=1790162860145170875 elapsed_us=4051 block_gets=0 block_puts=1 deleted=0
checkpoint_phase lsn=21656 phase=row_merge_write slot=0 started_ns=1790162860145186000 ended_ns=1790162860159594500 elapsed_us=14408 block_gets=0 block_puts=2 deleted=0
checkpoint_phase lsn=21656 phase=value_index_write slot=0 started_ns=1790162860159612000 ended_ns=1790162860163407334 elapsed_us=3795 block_gets=0 block_puts=1 deleted=0
checkpoint_phase lsn=21656 phase=row_merge_write slot=0 started_ns=1790162860163423000 ended_ns=1790162860166420958 elapsed_us=2997 block_gets=0 block_puts=0 deleted=0
checkpoint_phase lsn=21656 phase=value_index_schedule slot=0 started_ns=1790162860166441000 ended_ns=1790162860166474458 elapsed_us=33 block_gets=0 block_puts=0 deleted=0
checkpoint_phase lsn=21656 phase=row_merge_write slot=0 started_ns=1790162860166480000 ended_ns=1790162860169435750 elapsed_us=2955 block_gets=0 block_puts=0 deleted=0
checkpoint_phase lsn=21656 phase=value_index_schedule slot=0 started_ns=1790162860169446000 ended_ns=1790162860169501833 elapsed_us=55 block_gets=0 block_puts=0 deleted=0
checkpoint_phase lsn=21656 phase=row_merge_write slot=0 started_ns=1790162860169511000 ended_ns=1790162860181372250 elapsed_us=11861 block_gets=0 block_puts=2 deleted=0
checkpoint_phase lsn=21656 phase=value_index_write slot=0 started_ns=1790162860181389000 ended_ns=1790162860185213166 elapsed_us=3824 block_gets=0 block_puts=1 deleted=0
checkpoint_phase lsn=21656 phase=row_merge_write slot=0 started_ns=1790162860185231000 ended_ns=1790162860188080125 elapsed_us=2849 block_gets=0 block_puts=0 deleted=0
checkpoint_phase lsn=21656 phase=value_index_write slot=0 started_ns=1790162860188095000 ended_ns=1790162860188931167 elapsed_us=836 block_gets=0 block_puts=0 deleted=0
checkpoint_phase lsn=21656 phase=row_merge_write slot=0 started_ns=1790162860188939000 ended_ns=1790162860192319042 elapsed_us=3380 block_gets=0 block_puts=0 deleted=0
checkpoint_phase lsn=21656 phase=value_index_write slot=0 started_ns=1790162860192343000 ended_ns=1790162860193071500 elapsed_us=728 block_gets=0 block_puts=0 deleted=0
checkpoint_phase lsn=21656 phase=row_merge_write slot=0 started_ns=1790162860193081000 ended_ns=1790162860195919833 elapsed_us=2838 block_gets=0 block_puts=0 deleted=0
checkpoint_phase lsn=21656 phase=value_index_write slot=0 started_ns=1790162860195932000 ended_ns=1790162860196653708 elapsed_us=721 block_gets=0 block_puts=0 deleted=0
checkpoint_phase lsn=21656 phase=row_merge_write slot=0 started_ns=1790162860196663000 ended_ns=1790162860199491291 elapsed_us=2828 block_gets=0 block_puts=0 deleted=0
checkpoint_phase lsn=21656 phase=value_index_write slot=0 started_ns=1790162860199675000 ended_ns=1790162860200415042 elapsed_us=740 block_gets=0 block_puts=0 deleted=0
checkpoint_phase lsn=21656 phase=row_merge_write slot=0 started_ns=1790162860200433000 ended_ns=1790162860203287209 elapsed_us=2854 block_gets=0 block_puts=0 deleted=0
checkpoint_phase lsn=21656 phase=value_index_write slot=0 started_ns=1790162860203312000 ended_ns=1790162860204051500 elapsed_us=739 block_gets=0 block_puts=0 deleted=0
checkpoint_phase lsn=21656 phase=row_merge_write slot=0 started_ns=1790162860204062000 ended_ns=1790162860206894167 elapsed_us=2832 block_gets=0 block_puts=0 deleted=0
checkpoint_phase lsn=21656 phase=value_index_write slot=0 started_ns=1790162860206908000 ended_ns=1790162860207637292 elapsed_us=729 block_gets=0 block_puts=0 deleted=0
checkpoint_phase lsn=21656 phase=row_merge_write slot=0 started_ns=1790162860207647000 ended_ns=1790162860210499292 elapsed_us=2852 block_gets=0 block_puts=0 deleted=0
checkpoint_phase lsn=21656 phase=value_index_write slot=0 started_ns=1790162860210522000 ended_ns=1790162860211266917 elapsed_us=744 block_gets=0 block_puts=0 deleted=0
checkpoint_phase lsn=21656 phase=row_merge_write slot=0 started_ns=1790162860211276000 ended_ns=1790162860214143916 elapsed_us=2867 block_gets=0 block_puts=0 deleted=0
checkpoint_phase lsn=21656 phase=value_index_write slot=0 started_ns=1790162860214171000 ended_ns=1790162860217802667 elapsed_us=3631 block_gets=0 block_puts=1 deleted=0
checkpoint_phase lsn=21656 phase=row_merge_write slot=0 started_ns=1790162860217816000 ended_ns=1790162860220655208 elapsed_us=2839 block_gets=0 block_puts=0 deleted=0
checkpoint_phase lsn=21656 phase=value_index_write slot=0 started_ns=1790162860220668000 ended_ns=1790162860224115709 elapsed_us=3447 block_gets=0 block_puts=1 deleted=0
checkpoint_phase lsn=21656 phase=row_merge_write slot=0 started_ns=1790162860224137000 ended_ns=1790162860227052833 elapsed_us=2915 block_gets=0 block_puts=0 deleted=0
checkpoint_phase lsn=21656 phase=row_sst_delta slot=0 started_ns=1790162860227080000 ended_ns=1790162860239694583 elapsed_us=12614 block_gets=0 block_puts=4 deleted=0
checkpoint_phase lsn=21656 phase=row_merge_write slot=0 started_ns=1790162860239711000 ended_ns=1790162860242576292 elapsed_us=2865 block_gets=0 block_puts=0 deleted=0
checkpoint_phase lsn=21656 phase=manifest slot=-1 started_ns=1790162860242602000 ended_ns=1790162860245958209 elapsed_us=3356 block_gets=0 block_puts=0 deleted=0
checkpoint_phase lsn=21656 phase=local_cleanup slot=-1 started_ns=1790162860246001000 ended_ns=1790162860246149000 elapsed_us=148 block_gets=0 block_puts=0 deleted=0
checkpoint_phase lsn=21656 phase=commit_prune slot=-1 started_ns=1790162860246156000 ended_ns=1790162860310845084 elapsed_us=64689 block_gets=0 block_puts=0 deleted=2
checkpoint_phase lsn=21656 phase=legacy_gc slot=-1 started_ns=1790162860310860000 ended_ns=1790162860341230000 elapsed_us=30370 block_gets=0 block_puts=0 deleted=0
checkpoint_phase lsn=21656 phase=gc_keep slot=-1 started_ns=1790162860341248000 ended_ns=1790162860395783292 elapsed_us=54535 block_gets=0 block_puts=0 deleted=0
checkpoint_phase lsn=21656 phase=gc_list slot=-1 started_ns=1790162860407935000 ended_ns=1790162860520828000 elapsed_us=112893 block_gets=0 block_puts=0 deleted=0
checkpoint_phase lsn=21656 phase=gc_delete slot=-1 started_ns=1790162860520856000 ended_ns=1790162860545158125 elapsed_us=24302 block_gets=0 block_puts=0 deleted=8
checkpoint_phase lsn=21656 phase=row_merge_write slot=0 started_ns=1790162860567150000 ended_ns=1790162860606581917 elapsed_us=39431 block_gets=0 block_puts=0 deleted=0
checkpoint_phase lsn=21656 phase=row_merge_write slot=0 started_ns=1790162860606643000 ended_ns=1790162860630528666 elapsed_us=23885 block_gets=0 block_puts=0 deleted=0
checkpoint_phase lsn=21656 phase=row_merge_write slot=0 started_ns=1790162860630554000 ended_ns=1790162860661562458 elapsed_us=31008 block_gets=0 block_puts=0 deleted=0
checkpoint_phase lsn=21656 phase=row_merge_write slot=0 started_ns=1790162860661583000 ended_ns=1790162860674122958 elapsed_us=12539 block_gets=0 block_puts=0 deleted=0
checkpoint_phase lsn=21656 phase=row_merge_write slot=0 started_ns=1790162860674175000 ended_ns=1790162860677015666 elapsed_us=2840 block_gets=0 block_puts=0 deleted=0
checkpoint_phase lsn=21656 phase=row_merge_write slot=0 started_ns=1790162860677030000 ended_ns=1790162860721204917 elapsed_us=44174 block_gets=0 block_puts=0 deleted=0
checkpoint_phase lsn=21656 phase=row_merge_write slot=0 started_ns=1790162860721229000 ended_ns=1790162860765577042 elapsed_us=44348 block_gets=0 block_puts=0 deleted=0
checkpoint_phase lsn=21656 phase=row_merge_write slot=0 started_ns=1790162860765603000 ended_ns=1790162860808390750 elapsed_us=42787 block_gets=0 block_puts=0 deleted=0
checkpoint_phase lsn=21656 phase=row_merge_write slot=0 started_ns=1790162860808411000 ended_ns=1790162860840612958 elapsed_us=32201 block_gets=0 block_puts=0 deleted=0
checkpoint_phase lsn=21656 phase=row_merge_write slot=0 started_ns=1790162860840636000 ended_ns=1790162860884181917 elapsed_us=43545 block_gets=0 block_puts=0 deleted=0
checkpoint_phase lsn=21656 phase=row_merge_write slot=0 started_ns=1790162860884201000 ended_ns=1790162860928763792 elapsed_us=44562 block_gets=0 block_puts=0 deleted=0
checkpoint_phase lsn=21656 phase=row_merge_write slot=0 started_ns=1790162860928791000 ended_ns=1790162860958584625 elapsed_us=29793 block_gets=0 block_puts=0 deleted=0
checkpoint_phase lsn=21656 phase=row_merge_write slot=0 started_ns=1790162860958607000 ended_ns=1790162861001659250 elapsed_us=43052 block_gets=0 block_puts=0 deleted=0
checkpoint_phase lsn=21656 phase=row_merge_write slot=0 started_ns=1790162861008800000 ended_ns=1790162861062516625 elapsed_us=53716 block_gets=0 block_puts=0 deleted=0
checkpoint_phase lsn=21656 phase=row_merge_write slot=0 started_ns=1790162861062541000 ended_ns=1790162861104176666 elapsed_us=41635 block_gets=0 block_puts=0 deleted=0
checkpoint_phase lsn=21656 phase=row_merge_write slot=0 started_ns=1790162861104195000 ended_ns=1790162861133396208 elapsed_us=29201 block_gets=0 block_puts=0 deleted=0
checkpoint_phase lsn=21656 phase=row_merge_write slot=0 started_ns=1790162861133413000 ended_ns=1790162861175507792 elapsed_us=42094 block_gets=0 block_puts=0 deleted=0
checkpoint_phase lsn=21656 phase=row_merge_write slot=0 started_ns=1790162861175533000 ended_ns=1790162861187663042 elapsed_us=12130 block_gets=0 block_puts=0 deleted=0
checkpoint_phase lsn=21656 phase=row_merge_write slot=0 started_ns=1790162861187683000 ended_ns=1790162861230413541 elapsed_us=42730 block_gets=0 block_puts=0 deleted=0
checkpoint_phase lsn=21656 phase=row_merge_write slot=0 started_ns=1790162861230435000 ended_ns=1790162861271153208 elapsed_us=40718 block_gets=0 block_puts=0 deleted=0
checkpoint_phase lsn=21656 phase=row_merge_write slot=0 started_ns=1790162861271183000 ended_ns=1790162861296761458 elapsed_us=25578 block_gets=0 block_puts=0 deleted=0
checkpoint_phase lsn=21656 phase=row_merge_write slot=0 started_ns=1790162861296795000 ended_ns=1790162861306822833 elapsed_us=10027 block_gets=0 block_puts=0 deleted=0
checkpoint_phase lsn=21656 phase=row_merge_write slot=0 started_ns=1790162861306854000 ended_ns=1790162861311769083 elapsed_us=4915 block_gets=0 block_puts=0 deleted=0
checkpoint_phase lsn=21656 phase=row_merge_write slot=0 started_ns=1790162861311801000 ended_ns=1790162861327676875 elapsed_us=15875 block_gets=0 block_puts=0 deleted=0
checkpoint_phase lsn=21656 phase=row_merge_write slot=0 started_ns=1790162861327698000 ended_ns=1790162861360189375 elapsed_us=32491 block_gets=0 block_puts=0 deleted=0
checkpoint_phase lsn=21656 phase=row_merge_write slot=0 started_ns=1790162861360215000 ended_ns=1790162861374763166 elapsed_us=14548 block_gets=0 block_puts=0 deleted=0
checkpoint_phase lsn=21656 phase=row_merge_write slot=0 started_ns=1790162861374797000 ended_ns=1790162861419467834 elapsed_us=44670 block_gets=0 block_puts=0 deleted=0
checkpoint_phase lsn=21656 phase=row_merge_write slot=0 started_ns=1790162861419488000 ended_ns=1790162861462757000 elapsed_us=43269 block_gets=0 block_puts=0 deleted=0
checkpoint_phase lsn=21656 phase=row_merge_write slot=0 started_ns=1790162861462796000 ended_ns=1790162861504962375 elapsed_us=42166 block_gets=0 block_puts=0 deleted=0
checkpoint_phase lsn=21656 phase=row_merge_write slot=0 started_ns=1790162861504984000 ended_ns=1790162861534601708 elapsed_us=29617 block_gets=0 block_puts=0 deleted=0
checkpoint_phase lsn=21656 phase=row_merge_write slot=0 started_ns=1790162861534627000 ended_ns=1790162861557475500 elapsed_us=22848 block_gets=0 block_puts=0 deleted=0
checkpoint_phase lsn=21656 phase=row_merge_write slot=0 started_ns=1790162861557496000 ended_ns=1790162861594301125 elapsed_us=36805 block_gets=0 block_puts=0 deleted=0
checkpoint_phase lsn=21656 phase=row_merge_write slot=0 started_ns=1790162861594332000 ended_ns=1790162861638506542 elapsed_us=44174 block_gets=0 block_puts=0 deleted=0
checkpoint_phase lsn=21656 phase=row_merge_write slot=0 started_ns=1790162861638530000 ended_ns=1790162861681440750 elapsed_us=42910 block_gets=0 block_puts=0 deleted=0
checkpoint_phase lsn=21656 phase=row_merge_write slot=0 started_ns=1790162861681463000 ended_ns=1790162861702130750 elapsed_us=20667 block_gets=0 block_puts=0 deleted=0
checkpoint_phase lsn=21656 phase=row_merge_write slot=0 started_ns=1790162861702155000 ended_ns=1790162861747622458 elapsed_us=45467 block_gets=0 block_puts=0 deleted=0
checkpoint_phase lsn=21656 phase=row_merge_write slot=0 started_ns=1790162861747652000 ended_ns=1790162861791839542 elapsed_us=44187 block_gets=0 block_puts=0 deleted=0
checkpoint_phase lsn=21656 phase=row_merge_write slot=0 started_ns=1790162861791856000 ended_ns=1790162861833575958 elapsed_us=41719 block_gets=0 block_puts=0 deleted=0
checkpoint_phase lsn=21656 phase=row_merge_write slot=0 started_ns=1790162861835870000 ended_ns=1790162861852780416 elapsed_us=16910 block_gets=0 block_puts=0 deleted=0
checkpoint_phase lsn=21656 phase=row_merge_write slot=0 started_ns=1790162861852804000 ended_ns=1790162861877666042 elapsed_us=24862 block_gets=0 block_puts=0 deleted=0
checkpoint_phase lsn=21656 phase=row_merge_write slot=0 started_ns=1790162861877684000 ended_ns=1790162861900883834 elapsed_us=23199 block_gets=0 block_puts=0 deleted=0
checkpoint_phase lsn=21656 phase=row_merge_write slot=0 started_ns=1790162861900908000 ended_ns=1790162861903976250 elapsed_us=3068 block_gets=0 block_puts=0 deleted=0
checkpoint_phase lsn=21656 phase=row_merge_write slot=0 started_ns=1790162861903991000 ended_ns=1790162861926559541 elapsed_us=22568 block_gets=0 block_puts=0 deleted=0
checkpoint_phase lsn=21656 phase=row_merge_write slot=0 started_ns=1790162861926588000 ended_ns=1790162861939654417 elapsed_us=13066 block_gets=0 block_puts=0 deleted=0
checkpoint_phase lsn=21656 phase=row_merge_write slot=0 started_ns=1790162861939670000 ended_ns=1790162861984058208 elapsed_us=44388 block_gets=0 block_puts=0 deleted=0
checkpoint_phase lsn=21656 phase=row_merge_write slot=0 started_ns=1790162861984079000 ended_ns=1790162862030228417 elapsed_us=46149 block_gets=0 block_puts=0 deleted=0
checkpoint_phase lsn=21656 phase=row_merge_write slot=0 started_ns=1790162862030258000 ended_ns=1790162862058430084 elapsed_us=28172 block_gets=0 block_puts=0 deleted=0
checkpoint_phase lsn=21656 phase=row_merge_write slot=0 started_ns=1790162862058457000 ended_ns=1790162862100053458 elapsed_us=41596 block_gets=0 block_puts=0 deleted=0
checkpoint_phase lsn=21656 phase=row_merge_write slot=0 started_ns=1790162862100070000 ended_ns=1790162862123155750 elapsed_us=23085 block_gets=0 block_puts=0 deleted=0
checkpoint_phase lsn=21656 phase=row_merge_write slot=0 started_ns=1790162862123179000 ended_ns=1790162862169858875 elapsed_us=46679 block_gets=0 block_puts=0 deleted=0
checkpoint_phase lsn=21656 phase=row_merge_write slot=0 started_ns=1790162862169886000 ended_ns=1790162862217412250 elapsed_us=47526 block_gets=0 block_puts=0 deleted=0
checkpoint_phase lsn=21656 phase=row_merge_write slot=0 started_ns=1790162862217462000 ended_ns=1790162862227908333 elapsed_us=10446 block_gets=0 block_puts=0 deleted=0
checkpoint_phase lsn=21656 phase=row_merge_write slot=0 started_ns=1790162862227958000 ended_ns=1790162862272444458 elapsed_us=44486 block_gets=0 block_puts=0 deleted=0
checkpoint_phase lsn=21656 phase=row_merge_write slot=0 started_ns=1790162862272464000 ended_ns=1790162862314693250 elapsed_us=42229 block_gets=0 block_puts=0 deleted=0
checkpoint_phase lsn=21656 phase=row_merge_write slot=0 started_ns=1790162862314714000 ended_ns=1790162862317549792 elapsed_us=2835 block_gets=0 block_puts=0 deleted=0
checkpoint_phase lsn=21656 phase=row_merge_write slot=0 started_ns=1790162862317558000 ended_ns=1790162862320348000 elapsed_us=2790 block_gets=0 block_puts=0 deleted=0
checkpoint_phase lsn=21656 phase=row_merge_write slot=0 started_ns=1790162862320355000 ended_ns=1790162862323172250 elapsed_us=2817 block_gets=0 block_puts=0 deleted=0
checkpoint_phase lsn=21656 phase=row_merge_write slot=0 started_ns=1790162862323182000 ended_ns=1790162862366584458 elapsed_us=43402 block_gets=0 block_puts=0 deleted=0
checkpoint_phase lsn=21656 phase=row_merge_write slot=0 started_ns=1790162862367280000 ended_ns=1790162862392139000 elapsed_us=24859 block_gets=0 block_puts=0 deleted=0
checkpoint_phase lsn=21656 phase=row_merge_write slot=0 started_ns=1790162862392159000 ended_ns=1790162862436409500 elapsed_us=44250 block_gets=0 block_puts=0 deleted=0
checkpoint_phase lsn=21656 phase=row_merge_write slot=0 started_ns=1790162862436430000 ended_ns=1790162862478283666 elapsed_us=41853 block_gets=0 block_puts=0 deleted=0
checkpoint_phase lsn=21656 phase=row_merge_write slot=0 started_ns=1790162862480914000 ended_ns=1790162862527076500 elapsed_us=46162 block_gets=0 block_puts=0 deleted=0
checkpoint_phase lsn=21656 phase=row_merge_write slot=0 started_ns=1790162862527100000 ended_ns=1790162862569229333 elapsed_us=42129 block_gets=0 block_puts=0 deleted=0
checkpoint_phase lsn=21656 phase=row_merge_write slot=0 started_ns=1790162862569254000 ended_ns=1790162862572199792 elapsed_us=2945 block_gets=0 block_puts=0 deleted=0
checkpoint_phase lsn=21656 phase=row_merge_write slot=0 started_ns=1790162862572218000 ended_ns=1790162862575111959 elapsed_us=2893 block_gets=0 block_puts=0 deleted=0
checkpoint_phase lsn=21656 phase=row_merge_write slot=0 started_ns=1790162862575126000 ended_ns=1790162862577980208 elapsed_us=2854 block_gets=0 block_puts=0 deleted=0
checkpoint_phase lsn=21656 phase=row_merge_write slot=0 started_ns=1790162862577988000 ended_ns=1790162862580974208 elapsed_us=2986 block_gets=0 block_puts=0 deleted=0
checkpoint_phase lsn=21656 phase=row_merge_write slot=0 started_ns=1790162862580992000 ended_ns=1790162862583832916 elapsed_us=2840 block_gets=0 block_puts=0 deleted=0
checkpoint_phase lsn=21656 phase=row_merge_write slot=0 started_ns=1790162862583849000 ended_ns=1790162862620400208 elapsed_us=36551 block_gets=0 block_puts=0 deleted=0
checkpoint_phase lsn=21656 phase=row_merge_write slot=0 started_ns=1790162862620417000 ended_ns=1790162862663614833 elapsed_us=43197 block_gets=0 block_puts=0 deleted=0
checkpoint_phase lsn=21656 phase=row_merge_write slot=0 started_ns=1790162862663633000 ended_ns=1790162862706781166 elapsed_us=43148 block_gets=0 block_puts=0 deleted=0
checkpoint_phase lsn=21656 phase=row_merge_write slot=0 started_ns=1790162862706802000 ended_ns=1790162862751530375 elapsed_us=44728 block_gets=0 block_puts=0 deleted=0
checkpoint_phase lsn=21656 phase=row_merge_write slot=0 started_ns=1790162862751553000 ended_ns=1790162862796970500 elapsed_us=45417 block_gets=0 block_puts=0 deleted=0
checkpoint_phase lsn=21656 phase=row_merge_write slot=0 started_ns=1790162862797165000 ended_ns=1790162862816929917 elapsed_us=19764 block_gets=0 block_puts=0 deleted=0
checkpoint_phase lsn=21656 phase=row_merge_write slot=0 started_ns=1790162862816965000 ended_ns=1790162862819823541 elapsed_us=2858 block_gets=0 block_puts=0 deleted=0
checkpoint_phase lsn=21656 phase=row_merge_write slot=0 started_ns=1790162862819838000 ended_ns=1790162862844811625 elapsed_us=24973 block_gets=0 block_puts=0 deleted=0
checkpoint_phase lsn=21656 phase=row_merge_write slot=0 started_ns=1790162862844842000 ended_ns=1790162862867752667 elapsed_us=22910 block_gets=0 block_puts=0 deleted=0
checkpoint_phase lsn=21656 phase=row_merge_write slot=0 started_ns=1790162862867794000 ended_ns=1790162862881044541 elapsed_us=13250 block_gets=0 block_puts=0 deleted=0
checkpoint_phase lsn=21656 phase=row_merge_write slot=0 started_ns=1790162862881071000 ended_ns=1790162862904600250 elapsed_us=23529 block_gets=0 block_puts=0 deleted=0
checkpoint_phase lsn=21656 phase=row_merge_write slot=0 started_ns=1790162862904622000 ended_ns=1790162862907517500 elapsed_us=2895 block_gets=0 block_puts=0 deleted=0
checkpoint_phase lsn=21656 phase=row_merge_write slot=0 started_ns=1790162862907537000 ended_ns=1790162862916047916 elapsed_us=8510 block_gets=0 block_puts=0 deleted=0
checkpoint_phase lsn=21656 phase=row_merge_write slot=0 started_ns=1790162862916070000 ended_ns=1790162862940844625 elapsed_us=24774 block_gets=0 block_puts=0 deleted=0
checkpoint_phase lsn=21656 phase=row_merge_write slot=0 started_ns=1790162862940868000 ended_ns=1790162862963676792 elapsed_us=22808 block_gets=0 block_puts=0 deleted=0
checkpoint_phase lsn=21656 phase=row_merge_write slot=0 started_ns=1790162862963696000 ended_ns=1790162863003853542 elapsed_us=40157 block_gets=0 block_puts=0 deleted=0
checkpoint_phase lsn=21656 phase=row_merge_write slot=0 started_ns=1790162863003877000 ended_ns=1790162863049722958 elapsed_us=45845 block_gets=0 block_puts=0 deleted=0
checkpoint_phase lsn=21656 phase=row_merge_write slot=0 started_ns=1790162863049748000 ended_ns=1790162863074234250 elapsed_us=24486 block_gets=0 block_puts=0 deleted=0
checkpoint_phase lsn=21656 phase=row_merge_write slot=0 started_ns=1790162863074259000 ended_ns=1790162863138141125 elapsed_us=63882 block_gets=0 block_puts=0 deleted=0
checkpoint_phase lsn=21656 phase=row_merge_write slot=0 started_ns=1790162863138175000 ended_ns=1790162863182048666 elapsed_us=43873 block_gets=0 block_puts=0 deleted=0
checkpoint_phase lsn=21656 phase=row_merge_write slot=0 started_ns=1790162863212302000 ended_ns=1790162863231951417 elapsed_us=19649 block_gets=0 block_puts=0 deleted=0
checkpoint_phase lsn=21656 phase=row_merge_write slot=0 started_ns=1790162863231970000 ended_ns=1790162863642957000 elapsed_us=410987 block_gets=0 block_puts=3 deleted=0
checkpoint_phase lsn=21656 phase=manifest slot=-1 started_ns=1790162863642979000 ended_ns=1790162863646691458 elapsed_us=3712 block_gets=0 block_puts=0 deleted=0
checkpoint_phase lsn=21656 phase=local_cleanup slot=-1 started_ns=1790162863646704000 ended_ns=1790162863646771500 elapsed_us=67 block_gets=0 block_puts=0 deleted=0
checkpoint_phase lsn=21656 phase=commit_prune slot=-1 started_ns=1790162863646776000 ended_ns=1790162863707322292 elapsed_us=60546 block_gets=0 block_puts=0 deleted=0
checkpoint_phase lsn=21656 phase=legacy_gc slot=-1 started_ns=1790162863707668000 ended_ns=1790162863737604000 elapsed_us=29936 block_gets=0 block_puts=0 deleted=0
checkpoint_phase lsn=21656 phase=gc_keep slot=-1 started_ns=1790162863790358000 ended_ns=1790162863791498375 elapsed_us=1140 block_gets=0 block_puts=0 deleted=0
checkpoint_phase lsn=21656 phase=gc_list slot=-1 started_ns=1790162863791516000 ended_ns=1790162863896879250 elapsed_us=105363 block_gets=0 block_puts=0 deleted=0
checkpoint_phase lsn=21656 phase=gc_delete slot=-1 started_ns=1790162863920999000 ended_ns=1790162863959733750 elapsed_us=38734 block_gets=0 block_puts=0 deleted=13
checkpoint_phase lsn=21656 phase=row_merge_schedule slot=0 started_ns=1790162863967314000 ended_ns=1790162863992871958 elapsed_us=25557 block_gets=8 block_puts=0 deleted=0
checkpoint_phase lsn=21656 phase=row_merge_schedule slot=0 started_ns=1790162863998938000 ended_ns=1790162864019169000 elapsed_us=20231 block_gets=7 block_puts=0 deleted=0
checkpoint_phase lsn=21656 phase=row_merge_schedule slot=0 started_ns=1790162864019187000 ended_ns=1790162864042619709 elapsed_us=23432 block_gets=7 block_puts=0 deleted=0
checkpoint_phase lsn=21656 phase=row_merge_schedule slot=0 started_ns=1790162864042638000 ended_ns=1790162864048676083 elapsed_us=6038 block_gets=2 block_puts=0 deleted=0
checkpoint_phase lsn=21656 phase=row_merge_schedule slot=0 started_ns=1790162864048895000 ended_ns=1790162864051744792 elapsed_us=2849 block_gets=1 block_puts=0 deleted=0
checkpoint_phase lsn=21656 phase=row_merge_schedule slot=0 started_ns=1790162864051764000 ended_ns=1790162864051861250 elapsed_us=97 block_gets=0 block_puts=0 deleted=0
checkpoint_phase lsn=21656 phase=row_merge_schedule slot=0 started_ns=1790162864051867000 ended_ns=1790162864051984166 elapsed_us=117 block_gets=0 block_puts=0 deleted=0
checkpoint_phase lsn=21656 phase=row_merge_schedule slot=0 started_ns=1790162864052006000 ended_ns=1790162864052100083 elapsed_us=94 block_gets=0 block_puts=0 deleted=0
checkpoint_phase lsn=21656 phase=row_merge_schedule slot=0 started_ns=1790162864052116000 ended_ns=1790162864052210625 elapsed_us=94 block_gets=0 block_puts=0 deleted=0
checkpoint_phase lsn=21656 phase=row_merge_schedule slot=0 started_ns=1790162864052217000 ended_ns=1790162864052311709 elapsed_us=94 block_gets=0 block_puts=0 deleted=0
checkpoint_phase lsn=21656 phase=row_merge_schedule slot=0 started_ns=1790162864052321000 ended_ns=1790162864052415417 elapsed_us=94 block_gets=0 block_puts=0 deleted=0
checkpoint_phase lsn=21656 phase=row_merge_schedule slot=0 started_ns=1790162864052421000 ended_ns=1790162864052515083 elapsed_us=94 block_gets=0 block_puts=0 deleted=0
checkpoint_phase lsn=21656 phase=row_merge_schedule slot=0 started_ns=1790162864052522000 ended_ns=1790162864052615375 elapsed_us=93 block_gets=0 block_puts=0 deleted=0
checkpoint_phase lsn=21656 phase=row_merge_schedule slot=0 started_ns=1790162864052621000 ended_ns=1790162864052715292 elapsed_us=94 block_gets=0 block_puts=0 deleted=0
checkpoint_phase lsn=21656 phase=row_merge_schedule slot=0 started_ns=1790162864052722000 ended_ns=1790162864052815834 elapsed_us=93 block_gets=0 block_puts=0 deleted=0
checkpoint_phase lsn=21656 phase=row_merge_schedule slot=0 started_ns=1790162864052825000 ended_ns=1790162864052917833 elapsed_us=92 block_gets=0 block_puts=0 deleted=0
checkpoint_phase lsn=21656 phase=row_merge_schedule slot=0 started_ns=1790162864052923000 ended_ns=1790162864053016125 elapsed_us=93 block_gets=0 block_puts=0 deleted=0
checkpoint_phase lsn=21656 phase=row_merge_schedule slot=0 started_ns=1790162864053022000 ended_ns=1790162864053116625 elapsed_us=94 block_gets=0 block_puts=0 deleted=0
checkpoint_phase lsn=21656 phase=row_merge_schedule slot=0 started_ns=1790162864053127000 ended_ns=1790162864053220250 elapsed_us=93 block_gets=0 block_puts=0 deleted=0
checkpoint_phase lsn=21656 phase=row_merge_schedule slot=0 started_ns=1790162864053226000 ended_ns=1790162864053318666 elapsed_us=92 block_gets=0 block_puts=0 deleted=0
checkpoint_phase lsn=21656 phase=row_merge_schedule slot=0 started_ns=1790162864053324000 ended_ns=1790162864053417250 elapsed_us=93 block_gets=0 block_puts=0 deleted=0
checkpoint_phase lsn=21656 phase=row_merge_schedule slot=0 started_ns=1790162864053425000 ended_ns=1790162864053517250 elapsed_us=92 block_gets=0 block_puts=0 deleted=0
checkpoint_phase lsn=21656 phase=row_merge_schedule slot=0 started_ns=1790162864053525000 ended_ns=1790162864053618875 elapsed_us=93 block_gets=0 block_puts=0 deleted=0
checkpoint_phase lsn=21656 phase=row_merge_schedule slot=0 started_ns=1790162864053626000 ended_ns=1790162864053718083 elapsed_us=92 block_gets=0 block_puts=0 deleted=0
checkpoint_phase lsn=21656 phase=row_merge_schedule slot=0 started_ns=1790162864053723000 ended_ns=1790162864053814250 elapsed_us=91 block_gets=0 block_puts=0 deleted=0
checkpoint_phase lsn=21656 phase=row_merge_schedule slot=0 started_ns=1790162864053822000 ended_ns=1790162864053915292 elapsed_us=93 block_gets=0 block_puts=0 deleted=0
checkpoint_phase lsn=21656 phase=row_merge_schedule slot=0 started_ns=1790162864053921000 ended_ns=1790162864054021333 elapsed_us=100 block_gets=0 block_puts=0 deleted=0
checkpoint_phase lsn=21656 phase=row_merge_schedule slot=0 started_ns=1790162864054030000 ended_ns=1790162864054122625 elapsed_us=92 block_gets=0 block_puts=0 deleted=0
checkpoint_phase lsn=21656 phase=row_merge_schedule slot=0 started_ns=1790162864054206000 ended_ns=1790162864054344375 elapsed_us=138 block_gets=0 block_puts=0 deleted=0
checkpoint_phase lsn=21656 phase=row_merge_schedule slot=0 started_ns=1790162864054358000 ended_ns=1790162864054452333 elapsed_us=94 block_gets=0 block_puts=0 deleted=0
checkpoint_phase lsn=21656 phase=row_merge_schedule slot=0 started_ns=1790162864054459000 ended_ns=1790162864054550500 elapsed_us=91 block_gets=0 block_puts=0 deleted=0
checkpoint_phase lsn=21656 phase=row_merge_schedule slot=0 started_ns=1790162864054558000 ended_ns=1790162864054649458 elapsed_us=91 block_gets=0 block_puts=0 deleted=0
checkpoint_phase lsn=21656 phase=row_merge_schedule slot=0 started_ns=1790162864054653000 ended_ns=1790162864054744666 elapsed_us=91 block_gets=0 block_puts=0 deleted=0
checkpoint_phase lsn=21656 phase=row_merge_schedule slot=0 started_ns=1790162864054749000 ended_ns=1790162864054811333 elapsed_us=62 block_gets=0 block_puts=0 deleted=0
checkpoint_phase lsn=21656 phase=row_merge_schedule slot=0 started_ns=1790162864054819000 ended_ns=1790162864057830125 elapsed_us=3011 block_gets=1 block_puts=0 deleted=0
checkpoint_phase lsn=21656 phase=row_merge_write slot=0 started_ns=1790162864057844000 ended_ns=1790162864070038000 elapsed_us=12194 block_gets=0 block_puts=2 deleted=0
checkpoint_phase lsn=21656 phase=row_merge_write slot=0 started_ns=1790162864070053000 ended_ns=1790162864072987041 elapsed_us=2934 block_gets=0 block_puts=0 deleted=0
checkpoint_phase lsn=21656 phase=row_merge_write slot=0 started_ns=1790162864073002000 ended_ns=1790162864076019167 elapsed_us=3017 block_gets=0 block_puts=0 deleted=0
checkpoint_phase lsn=21656 phase=row_merge_write slot=0 started_ns=1790162864076032000 ended_ns=1790162864078873209 elapsed_us=2841 block_gets=0 block_puts=0 deleted=0
checkpoint_phase lsn=21656 phase=row_merge_write slot=0 started_ns=1790162864078887000 ended_ns=1790162864081737958 elapsed_us=2850 block_gets=0 block_puts=0 deleted=0
checkpoint_phase lsn=21656 phase=row_merge_write slot=0 started_ns=1790162864081764000 ended_ns=1790162864084620208 elapsed_us=2856 block_gets=0 block_puts=0 deleted=0
checkpoint_phase lsn=21656 phase=row_merge_write slot=0 started_ns=1790162864084645000 ended_ns=1790162864087475750 elapsed_us=2830 block_gets=0 block_puts=0 deleted=0
checkpoint_phase lsn=21656 phase=row_merge_write slot=0 started_ns=1790162864129744000 ended_ns=1790162864132732584 elapsed_us=2988 block_gets=0 block_puts=0 deleted=0
checkpoint_phase lsn=21656 phase=row_merge_write slot=0 started_ns=1790162864132749000 ended_ns=1790162864135497125 elapsed_us=2748 block_gets=0 block_puts=0 deleted=0
checkpoint_phase lsn=21656 phase=row_merge_write slot=0 started_ns=1790162864135503000 ended_ns=1790162864138255500 elapsed_us=2752 block_gets=0 block_puts=0 deleted=0
checkpoint_phase lsn=21656 phase=row_merge_write slot=0 started_ns=1790162864138263000 ended_ns=1790162864141064708 elapsed_us=2801 block_gets=0 block_puts=0 deleted=0
checkpoint_phase lsn=21656 phase=row_merge_write slot=0 started_ns=1790162864141089000 ended_ns=1790162864143010459 elapsed_us=1921 block_gets=0 block_puts=0 deleted=0
checkpoint_phase lsn=21656 phase=row_merge_write slot=0 started_ns=1790162864143020000 ended_ns=1790162864145809459 elapsed_us=2789 block_gets=0 block_puts=0 deleted=0
checkpoint_phase lsn=21656 phase=row_merge_write slot=0 started_ns=1790162864145817000 ended_ns=1790162864148578042 elapsed_us=2761 block_gets=0 block_puts=0 deleted=0
checkpoint_phase lsn=21656 phase=row_merge_write slot=0 started_ns=1790162864148585000 ended_ns=1790162864151417542 elapsed_us=2832 block_gets=0 block_puts=0 deleted=0
checkpoint_phase lsn=21656 phase=row_merge_write slot=0 started_ns=1790162864151439000 ended_ns=1790162864154252125 elapsed_us=2813 block_gets=0 block_puts=0 deleted=0
checkpoint_phase lsn=21656 phase=row_merge_write slot=0 started_ns=1790162864154261000 ended_ns=1790162864157100250 elapsed_us=2839 block_gets=0 block_puts=0 deleted=0
checkpoint_phase lsn=21656 phase=row_merge_write slot=0 started_ns=1790162864157143000 ended_ns=1790162864159975958 elapsed_us=2832 block_gets=0 block_puts=0 deleted=0
checkpoint_phase lsn=21656 phase=row_merge_write slot=0 started_ns=1790162864159987000 ended_ns=1790162864162895916 elapsed_us=2908 block_gets=0 block_puts=0 deleted=0
checkpoint_phase lsn=21656 phase=row_merge_write slot=0 started_ns=1790162864162916000 ended_ns=1790162864165719333 elapsed_us=2803 block_gets=0 block_puts=0 deleted=0
checkpoint_phase lsn=21656 phase=row_merge_write slot=0 started_ns=1790162864165729000 ended_ns=1790162864168488250 elapsed_us=2759 block_gets=0 block_puts=0 deleted=0
checkpoint_phase lsn=21656 phase=row_merge_write slot=0 started_ns=1790162864168496000 ended_ns=1790162864171440875 elapsed_us=2944 block_gets=0 block_puts=0 deleted=0
checkpoint_phase lsn=21656 phase=row_merge_write slot=0 started_ns=1790162864171462000 ended_ns=1790162864174348000 elapsed_us=2886 block_gets=0 block_puts=0 deleted=0
checkpoint_phase lsn=21656 phase=row_merge_write slot=0 started_ns=1790162864174362000 ended_ns=1790162864177123917 elapsed_us=2761 block_gets=0 block_puts=0 deleted=0
checkpoint_phase lsn=21656 phase=row_merge_write slot=0 started_ns=1790162864177133000 ended_ns=1790162864179951833 elapsed_us=2818 block_gets=0 block_puts=0 deleted=0
checkpoint_phase lsn=21656 phase=row_merge_write slot=0 started_ns=1790162864179972000 ended_ns=1790162864183540125 elapsed_us=3568 block_gets=0 block_puts=0 deleted=0
checkpoint_phase lsn=21656 phase=row_merge_write slot=0 started_ns=1790162864183566000 ended_ns=1790162864186399208 elapsed_us=2833 block_gets=0 block_puts=0 deleted=0
checkpoint_phase lsn=21656 phase=row_merge_write slot=0 started_ns=1790162864186411000 ended_ns=1790162864189244291 elapsed_us=2833 block_gets=0 block_puts=0 deleted=0
checkpoint_phase lsn=21656 phase=row_merge_write slot=0 started_ns=1790162864189258000 ended_ns=1790162864192247708 elapsed_us=2989 block_gets=0 block_puts=0 deleted=0
checkpoint_phase lsn=21656 phase=row_merge_write slot=0 started_ns=1790162864192266000 ended_ns=1790162864195172292 elapsed_us=2906 block_gets=0 block_puts=0 deleted=0
checkpoint_phase lsn=21656 phase=row_merge_write slot=0 started_ns=1790162864195197000 ended_ns=1790162864198027750 elapsed_us=2830 block_gets=0 block_puts=0 deleted=0
checkpoint_phase lsn=21656 phase=row_merge_write slot=0 started_ns=1790162864198039000 ended_ns=1790162864200949417 elapsed_us=2910 block_gets=0 block_puts=0 deleted=0
checkpoint_phase lsn=21656 phase=row_merge_write slot=0 started_ns=1790162864200980000 ended_ns=1790162864203842750 elapsed_us=2862 block_gets=0 block_puts=0 deleted=0
checkpoint_phase lsn=21656 phase=row_merge_write slot=0 started_ns=1790162864203857000 ended_ns=1790162864206685250 elapsed_us=2828 block_gets=0 block_puts=0 deleted=0
checkpoint_phase lsn=21656 phase=row_merge_write slot=0 started_ns=1790162864206697000 ended_ns=1790162864209524875 elapsed_us=2827 block_gets=0 block_puts=0 deleted=0
checkpoint_phase lsn=21656 phase=row_merge_write slot=0 started_ns=1790162864209538000 ended_ns=1790162864212401417 elapsed_us=2863 block_gets=0 block_puts=0 deleted=0
checkpoint_phase lsn=21656 phase=row_merge_write slot=0 started_ns=1790162864212414000 ended_ns=1790162864215249042 elapsed_us=2835 block_gets=0 block_puts=0 deleted=0
checkpoint_phase lsn=21656 phase=row_merge_write slot=0 started_ns=1790162864215258000 ended_ns=1790162864218099500 elapsed_us=2841 block_gets=0 block_puts=0 deleted=0
checkpoint_phase lsn=21656 phase=row_merge_write slot=0 started_ns=1790162864218122000 ended_ns=1790162864220978917 elapsed_us=2856 block_gets=0 block_puts=0 deleted=0
checkpoint_phase lsn=21656 phase=row_merge_write slot=0 started_ns=1790162864220993000 ended_ns=1790162864223838792 elapsed_us=2845 block_gets=0 block_puts=0 deleted=0
checkpoint_phase lsn=21656 phase=row_merge_write slot=0 started_ns=1790162864223851000 ended_ns=1790162864226841625 elapsed_us=2990 block_gets=0 block_puts=0 deleted=0
checkpoint_phase lsn=21656 phase=row_merge_write slot=0 started_ns=1790162864226863000 ended_ns=1790162864229716333 elapsed_us=2853 block_gets=0 block_puts=0 deleted=0
checkpoint_phase lsn=21656 phase=row_merge_write slot=0 started_ns=1790162864229754000 ended_ns=1790162864232570166 elapsed_us=2816 block_gets=0 block_puts=0 deleted=0
checkpoint_phase lsn=21656 phase=row_merge_write slot=0 started_ns=1790162864232584000 ended_ns=1790162864235435042 elapsed_us=2851 block_gets=0 block_puts=0 deleted=0
checkpoint_phase lsn=21656 phase=row_merge_write slot=0 started_ns=1790162864235448000 ended_ns=1790162864238230458 elapsed_us=2782 block_gets=0 block_puts=0 deleted=0
checkpoint_phase lsn=21656 phase=row_merge_write slot=0 started_ns=1790162864238239000 ended_ns=1790162864241074166 elapsed_us=2835 block_gets=0 block_puts=0 deleted=0
checkpoint_phase lsn=21656 phase=row_merge_write slot=0 started_ns=1790162864241094000 ended_ns=1790162864243970625 elapsed_us=2876 block_gets=0 block_puts=0 deleted=0
checkpoint_phase lsn=21656 phase=row_merge_write slot=0 started_ns=1790162864250502000 ended_ns=1790162864253350959 elapsed_us=2848 block_gets=0 block_puts=0 deleted=0
checkpoint_phase lsn=21656 phase=row_merge_write slot=0 started_ns=1790162864253363000 ended_ns=1790162864256140416 elapsed_us=2777 block_gets=0 block_puts=0 deleted=0
checkpoint_phase lsn=21656 phase=row_merge_write slot=0 started_ns=1790162864256149000 ended_ns=1790162864258961250 elapsed_us=2812 block_gets=0 block_puts=0 deleted=0
checkpoint_phase lsn=21656 phase=row_merge_write slot=0 started_ns=1790162864258971000 ended_ns=1790162864261927708 elapsed_us=2956 block_gets=0 block_puts=0 deleted=0
checkpoint_phase lsn=21656 phase=row_merge_write slot=0 started_ns=1790162864262528000 ended_ns=1790162864265372583 elapsed_us=2844 block_gets=0 block_puts=0 deleted=0
checkpoint_phase lsn=21656 phase=row_merge_write slot=0 started_ns=1790162864265388000 ended_ns=1790162864268169458 elapsed_us=2781 block_gets=0 block_puts=0 deleted=0
checkpoint_phase lsn=21656 phase=row_merge_write slot=0 started_ns=1790162864268189000 ended_ns=1790162864270952792 elapsed_us=2763 block_gets=0 block_puts=0 deleted=0
checkpoint_phase lsn=21656 phase=row_merge_write slot=0 started_ns=1790162864270960000 ended_ns=1790162864273698750 elapsed_us=2738 block_gets=0 block_puts=0 deleted=0
checkpoint_phase lsn=21656 phase=row_merge_write slot=0 started_ns=1790162864273710000 ended_ns=1790162864276602958 elapsed_us=2892 block_gets=0 block_puts=0 deleted=0
checkpoint_phase lsn=21656 phase=row_merge_write slot=0 started_ns=1790162864276616000 ended_ns=1790162864279419875 elapsed_us=2803 block_gets=0 block_puts=0 deleted=0
checkpoint_phase lsn=21656 phase=row_merge_write slot=0 started_ns=1790162864279428000 ended_ns=1790162864282228792 elapsed_us=2800 block_gets=0 block_puts=0 deleted=0
checkpoint_phase lsn=21656 phase=row_merge_write slot=0 started_ns=1790162864282242000 ended_ns=1790162864285090709 elapsed_us=2848 block_gets=0 block_puts=0 deleted=0
checkpoint_phase lsn=21656 phase=row_merge_write slot=0 started_ns=1790162864285108000 ended_ns=1790162864287921709 elapsed_us=2813 block_gets=0 block_puts=0 deleted=0
checkpoint_phase lsn=21656 phase=row_merge_write slot=0 started_ns=1790162864287938000 ended_ns=1790162864290697208 elapsed_us=2759 block_gets=0 block_puts=0 deleted=0
checkpoint_phase lsn=21656 phase=row_merge_write slot=0 started_ns=1790162864290709000 ended_ns=1790162864293478708 elapsed_us=2769 block_gets=0 block_puts=0 deleted=0
checkpoint_phase lsn=21656 phase=row_merge_write slot=0 started_ns=1790162864293485000 ended_ns=1790162864296345792 elapsed_us=2860 block_gets=0 block_puts=0 deleted=0
checkpoint_phase lsn=21656 phase=row_merge_write slot=0 started_ns=1790162864296363000 ended_ns=1790162864299276709 elapsed_us=2913 block_gets=0 block_puts=0 deleted=0
checkpoint_phase lsn=21656 phase=row_merge_write slot=0 started_ns=1790162864299286000 ended_ns=1790162864302084625 elapsed_us=2798 block_gets=0 block_puts=0 deleted=0
checkpoint_phase lsn=21656 phase=row_merge_write slot=0 started_ns=1790162864302093000 ended_ns=1790162864304893458 elapsed_us=2800 block_gets=0 block_puts=0 deleted=0
checkpoint_phase lsn=21656 phase=row_merge_write slot=0 started_ns=1790162864304939000 ended_ns=1790162864307727833 elapsed_us=2788 block_gets=0 block_puts=0 deleted=0
checkpoint_phase lsn=21656 phase=row_merge_write slot=0 started_ns=1790162864307737000 ended_ns=1790162864310507958 elapsed_us=2770 block_gets=0 block_puts=0 deleted=0
checkpoint_phase lsn=21656 phase=row_merge_write slot=0 started_ns=1790162864310515000 ended_ns=1790162864313267792 elapsed_us=2752 block_gets=0 block_puts=0 deleted=0
checkpoint_phase lsn=21656 phase=row_merge_write slot=0 started_ns=1790162864314500000 ended_ns=1790162864317357000 elapsed_us=2857 block_gets=0 block_puts=0 deleted=0
checkpoint_phase lsn=21656 phase=row_merge_write slot=0 started_ns=1790162864317370000 ended_ns=1790162864320269000 elapsed_us=2899 block_gets=0 block_puts=0 deleted=0
checkpoint_phase lsn=21656 phase=row_merge_write slot=0 started_ns=1790162864320280000 ended_ns=1790162864323087167 elapsed_us=2807 block_gets=0 block_puts=0 deleted=0
checkpoint_phase lsn=21656 phase=row_merge_write slot=0 started_ns=1790162864323106000 ended_ns=1790162864325939625 elapsed_us=2833 block_gets=0 block_puts=0 deleted=0
checkpoint_phase lsn=21656 phase=row_merge_write slot=0 started_ns=1790162864325955000 ended_ns=1790162864328788500 elapsed_us=2833 block_gets=0 block_puts=0 deleted=0
checkpoint_phase lsn=21656 phase=row_merge_write slot=0 started_ns=1790162864328796000 ended_ns=1790162864331622500 elapsed_us=2826 block_gets=0 block_puts=0 deleted=0
checkpoint_phase lsn=21656 phase=row_merge_write slot=0 started_ns=1790162864331631000 ended_ns=1790162864334450500 elapsed_us=2819 block_gets=0 block_puts=0 deleted=0
checkpoint_phase lsn=21656 phase=row_merge_write slot=0 started_ns=1790162864334455000 ended_ns=1790162864337296666 elapsed_us=2841 block_gets=0 block_puts=0 deleted=0
checkpoint_phase lsn=21656 phase=row_merge_write slot=0 started_ns=1790162864337311000 ended_ns=1790162864340140333 elapsed_us=2829 block_gets=0 block_puts=0 deleted=0
checkpoint_phase lsn=21656 phase=row_merge_write slot=0 started_ns=1790162864340154000 ended_ns=1790162864342933208 elapsed_us=2779 block_gets=0 block_puts=0 deleted=0
checkpoint_phase lsn=21656 phase=row_merge_write slot=0 started_ns=1790162864342943000 ended_ns=1790162864345708291 elapsed_us=2765 block_gets=0 block_puts=0 deleted=0
checkpoint_phase lsn=21656 phase=row_merge_write slot=0 started_ns=1790162864345716000 ended_ns=1790162864348539667 elapsed_us=2823 block_gets=0 block_puts=0 deleted=0
checkpoint_phase lsn=21656 phase=row_merge_write slot=0 started_ns=1790162864348554000 ended_ns=1790162864351528583 elapsed_us=2974 block_gets=0 block_puts=0 deleted=0
checkpoint_phase lsn=21656 phase=row_merge_write slot=0 started_ns=1790162864351542000 ended_ns=1790162864357134083 elapsed_us=5592 block_gets=0 block_puts=0 deleted=0
checkpoint_phase lsn=21656 phase=row_merge_write slot=0 started_ns=1790162864357156000 ended_ns=1790162864360799000 elapsed_us=3643 block_gets=0 block_puts=0 deleted=0
checkpoint_phase lsn=21656 phase=row_merge_write slot=0 started_ns=1790162864360824000 ended_ns=1790162864363685333 elapsed_us=2861 block_gets=0 block_puts=0 deleted=0
checkpoint_phase lsn=21656 phase=row_merge_write slot=0 started_ns=1790162864363702000 ended_ns=1790162864366888042 elapsed_us=3186 block_gets=0 block_puts=0 deleted=0
checkpoint_phase lsn=21656 phase=row_merge_write slot=0 started_ns=1790162864377680000 ended_ns=1790162864382854709 elapsed_us=5174 block_gets=0 block_puts=0 deleted=0
checkpoint_phase lsn=21656 phase=row_merge_write slot=0 started_ns=1790162864382878000 ended_ns=1790162864385714167 elapsed_us=2836 block_gets=0 block_puts=0 deleted=0
checkpoint_phase lsn=21656 phase=row_merge_write slot=0 started_ns=1790162864385730000 ended_ns=1790162864390128333 elapsed_us=4398 block_gets=0 block_puts=0 deleted=0
checkpoint_phase lsn=21656 phase=row_merge_write slot=0 started_ns=1790162864390155000 ended_ns=1790162864394573750 elapsed_us=4418 block_gets=0 block_puts=0 deleted=0
checkpoint_phase lsn=21656 phase=row_merge_write slot=0 started_ns=1790162864394623000 ended_ns=1790162864399685417 elapsed_us=5062 block_gets=0 block_puts=0 deleted=0
checkpoint_phase lsn=21656 phase=row_merge_write slot=0 started_ns=1790162864399745000 ended_ns=1790162864403936125 elapsed_us=4191 block_gets=0 block_puts=0 deleted=0
checkpoint_phase lsn=21656 phase=row_merge_write slot=0 started_ns=1790162864403962000 ended_ns=1790162864409967708 elapsed_us=6005 block_gets=0 block_puts=0 deleted=0
checkpoint_phase lsn=21656 phase=row_merge_write slot=0 started_ns=1790162864410017000 ended_ns=1790162864414685750 elapsed_us=4668 block_gets=0 block_puts=0 deleted=0
checkpoint_phase lsn=21656 phase=row_merge_write slot=0 started_ns=1790162864414706000 ended_ns=1790162864417542959 elapsed_us=2836 block_gets=0 block_puts=0 deleted=0
checkpoint_phase lsn=21656 phase=row_merge_write slot=0 started_ns=1790162864417555000 ended_ns=1790162864420588541 elapsed_us=3033 block_gets=0 block_puts=0 deleted=0
checkpoint_phase lsn=21656 phase=row_merge_write slot=0 started_ns=1790162864420610000 ended_ns=1790162864424493167 elapsed_us=3883 block_gets=0 block_puts=0 deleted=0
checkpoint_phase lsn=21656 phase=row_merge_write slot=0 started_ns=1790162864424511000 ended_ns=1790162864427493125 elapsed_us=2982 block_gets=0 block_puts=0 deleted=0
checkpoint_phase lsn=21656 phase=row_merge_write slot=0 started_ns=1790162864427513000 ended_ns=1790162864430347250 elapsed_us=2834 block_gets=0 block_puts=0 deleted=0
checkpoint_phase lsn=21656 phase=row_merge_write slot=0 started_ns=1790162864430356000 ended_ns=1790162864433193000 elapsed_us=2837 block_gets=0 block_puts=0 deleted=0
checkpoint_phase lsn=21656 phase=row_merge_write slot=0 started_ns=1790162864433204000 ended_ns=1790162864436043750 elapsed_us=2839 block_gets=0 block_puts=0 deleted=0
checkpoint_phase lsn=21656 phase=row_merge_write slot=0 started_ns=1790162864436057000 ended_ns=1790162864438892291 elapsed_us=2835 block_gets=0 block_puts=0 deleted=0
checkpoint_phase lsn=21656 phase=row_merge_write slot=0 started_ns=1790162864438904000 ended_ns=1790162864441949542 elapsed_us=3045 block_gets=0 block_puts=0 deleted=0
checkpoint_phase lsn=21656 phase=row_merge_write slot=0 started_ns=1790162864441966000 ended_ns=1790162864445057250 elapsed_us=3091 block_gets=0 block_puts=0 deleted=0
checkpoint_phase lsn=21656 phase=row_merge_write slot=0 started_ns=1790162864445072000 ended_ns=1790162864447904958 elapsed_us=2832 block_gets=0 block_puts=0 deleted=0
checkpoint_phase lsn=21656 phase=row_merge_write slot=0 started_ns=1790162864447917000 ended_ns=1790162864450883583 elapsed_us=2966 block_gets=0 block_puts=0 deleted=0
checkpoint_phase lsn=21656 phase=row_merge_write slot=0 started_ns=1790162864450894000 ended_ns=1790162864453949625 elapsed_us=3055 block_gets=0 block_puts=0 deleted=0
checkpoint_phase lsn=21656 phase=row_merge_write slot=0 started_ns=1790162864453965000 ended_ns=1790162864456809042 elapsed_us=2844 block_gets=0 block_puts=0 deleted=0
checkpoint_phase lsn=21656 phase=row_merge_write slot=0 started_ns=1790162864456822000 ended_ns=1790162864459653834 elapsed_us=2831 block_gets=0 block_puts=0 deleted=0
checkpoint_phase lsn=21656 phase=row_merge_write slot=0 started_ns=1790162864459665000 ended_ns=1790162864462537666 elapsed_us=2872 block_gets=0 block_puts=0 deleted=0
checkpoint_phase lsn=21656 phase=row_merge_write slot=0 started_ns=1790162864462550000 ended_ns=1790162864465459125 elapsed_us=2909 block_gets=0 block_puts=0 deleted=0
checkpoint_phase lsn=21656 phase=row_merge_write slot=0 started_ns=1790162864465478000 ended_ns=1790162864468311750 elapsed_us=2833 block_gets=0 block_puts=0 deleted=0
checkpoint_phase lsn=21656 phase=row_merge_write slot=0 started_ns=1790162864468323000 ended_ns=1790162864471160541 elapsed_us=2837 block_gets=0 block_puts=0 deleted=0
checkpoint_phase lsn=21656 phase=row_merge_write slot=0 started_ns=1790162864471169000 ended_ns=1790162864473992541 elapsed_us=2823 block_gets=0 block_puts=0 deleted=0
checkpoint_phase lsn=21656 phase=row_merge_write slot=0 started_ns=1790162864475677000 ended_ns=1790162864478518875 elapsed_us=2841 block_gets=0 block_puts=0 deleted=0
checkpoint_phase lsn=21656 phase=row_merge_write slot=0 started_ns=1790162864478873000 ended_ns=1790162864481680083 elapsed_us=2807 block_gets=0 block_puts=0 deleted=0
checkpoint_phase lsn=21656 phase=row_merge_write slot=0 started_ns=1790162864481693000 ended_ns=1790162864484519417 elapsed_us=2826 block_gets=0 block_puts=0 deleted=0
checkpoint_phase lsn=21656 phase=row_merge_write slot=0 started_ns=1790162864484533000 ended_ns=1790162864495629333 elapsed_us=11096 block_gets=0 block_puts=3 deleted=0
checkpoint_phase lsn=21656 phase=manifest slot=-1 started_ns=1790162864495650000 ended_ns=1790162864498844500 elapsed_us=3194 block_gets=0 block_puts=0 deleted=0
checkpoint_phase lsn=21656 phase=local_cleanup slot=-1 started_ns=1790162864498852000 ended_ns=1790162864498917750 elapsed_us=65 block_gets=0 block_puts=0 deleted=0
checkpoint_phase lsn=21656 phase=commit_prune slot=-1 started_ns=1790162864498922000 ended_ns=1790162864556792750 elapsed_us=57870 block_gets=0 block_puts=0 deleted=0
checkpoint_phase lsn=21656 phase=legacy_gc slot=-1 started_ns=1790162864556812000 ended_ns=1790162864586877875 elapsed_us=30065 block_gets=0 block_puts=0 deleted=0
checkpoint_phase lsn=21656 phase=gc_keep slot=-1 started_ns=1790162864586892000 ended_ns=1790162864588031084 elapsed_us=1139 block_gets=0 block_puts=0 deleted=0
checkpoint_phase lsn=21656 phase=gc_list slot=-1 started_ns=1790162864588044000 ended_ns=1790162864703295167 elapsed_us=115251 block_gets=0 block_puts=0 deleted=0
checkpoint_phase lsn=21656 phase=gc_delete slot=-1 started_ns=1790162864703311000 ended_ns=1790162864725629292 elapsed_us=22318 block_gets=0 block_puts=0 deleted=8
pos3ql: shutdown requested, draining
checkpoint_phase lsn=22288 phase=value_index_schedule slot=0 started_ns=1790162867734143000 ended_ns=1790162867734229209 elapsed_us=86 block_gets=0 block_puts=0 deleted=0
checkpoint_phase lsn=22288 phase=value_index_schedule slot=0 started_ns=1790162867734236000 ended_ns=1790162867734448458 elapsed_us=212 block_gets=0 block_puts=0 deleted=0
checkpoint_phase lsn=22288 phase=value_index_write slot=0 started_ns=1790162867734455000 ended_ns=1790162867734456459 elapsed_us=1 block_gets=0 block_puts=0 deleted=0
checkpoint_phase lsn=22288 phase=value_index_write slot=0 started_ns=1790162867734459000 ended_ns=1790162867735789375 elapsed_us=1330 block_gets=0 block_puts=0 deleted=0
checkpoint_phase lsn=22288 phase=value_index_write slot=0 started_ns=1790162867735807000 ended_ns=1790162867735926625 elapsed_us=119 block_gets=0 block_puts=0 deleted=0
checkpoint_phase lsn=22288 phase=value_index_write slot=0 started_ns=1790162867735932000 ended_ns=1790162867736050292 elapsed_us=118 block_gets=0 block_puts=0 deleted=0
checkpoint_phase lsn=22288 phase=value_index_write slot=0 started_ns=1790162867736053000 ended_ns=1790162867736137792 elapsed_us=84 block_gets=0 block_puts=0 deleted=0
checkpoint_phase lsn=22288 phase=value_index_write slot=0 started_ns=1790162867736147000 ended_ns=1790162867736217250 elapsed_us=70 block_gets=0 block_puts=0 deleted=0
checkpoint_phase lsn=22288 phase=value_index_write slot=0 started_ns=1790162867736223000 ended_ns=1790162867744150167 elapsed_us=7927 block_gets=0 block_puts=1 deleted=0
checkpoint_phase lsn=22288 phase=value_index_write slot=0 started_ns=1790162867744162000 ended_ns=1790162867744232417 elapsed_us=70 block_gets=0 block_puts=0 deleted=0
checkpoint_phase lsn=22288 phase=value_index_write slot=0 started_ns=1790162867744236000 ended_ns=1790162867744306042 elapsed_us=70 block_gets=0 block_puts=0 deleted=0
checkpoint_phase lsn=22288 phase=value_index_write slot=0 started_ns=1790162867744309000 ended_ns=1790162867744378917 elapsed_us=69 block_gets=0 block_puts=0 deleted=0
checkpoint_phase lsn=22288 phase=value_index_write slot=0 started_ns=1790162867744382000 ended_ns=1790162867748404750 elapsed_us=4022 block_gets=0 block_puts=1 deleted=0
checkpoint_phase lsn=22288 phase=value_index_schedule slot=0 started_ns=1790162867748417000 ended_ns=1790162867748448500 elapsed_us=31 block_gets=0 block_puts=0 deleted=0
checkpoint_phase lsn=22288 phase=value_index_schedule slot=0 started_ns=1790162867748478000 ended_ns=1790162867748836291 elapsed_us=358 block_gets=0 block_puts=0 deleted=0
checkpoint_phase lsn=22288 phase=value_index_write slot=0 started_ns=1790162867748847000 ended_ns=1790162867759572042 elapsed_us=10725 block_gets=0 block_puts=3 deleted=0
checkpoint_phase lsn=22288 phase=value_index_write slot=0 started_ns=1790162867759584000 ended_ns=1790162867773530958 elapsed_us=13946 block_gets=0 block_puts=4 deleted=0
checkpoint_phase lsn=22288 phase=value_index_write slot=0 started_ns=1790162867773551000 ended_ns=1790162867787484333 elapsed_us=13933 block_gets=0 block_puts=4 deleted=0
checkpoint_phase lsn=22288 phase=value_index_write slot=0 started_ns=1790162867787498000 ended_ns=1790162867798033458 elapsed_us=10535 block_gets=0 block_puts=3 deleted=0
checkpoint_phase lsn=22288 phase=value_index_write slot=0 started_ns=1790162867798046000 ended_ns=1790162867798773042 elapsed_us=727 block_gets=0 block_puts=0 deleted=0
checkpoint_phase lsn=22288 phase=value_index_write slot=0 started_ns=1790162867798781000 ended_ns=1790162867799520709 elapsed_us=739 block_gets=0 block_puts=0 deleted=0
checkpoint_phase lsn=22288 phase=value_index_write slot=0 started_ns=1790162867799528000 ended_ns=1790162867800255083 elapsed_us=727 block_gets=0 block_puts=0 deleted=0
checkpoint_phase lsn=22288 phase=value_index_write slot=0 started_ns=1790162867800262000 ended_ns=1790162867800993042 elapsed_us=731 block_gets=0 block_puts=0 deleted=0
checkpoint_phase lsn=22288 phase=value_index_write slot=0 started_ns=1790162867801000000 ended_ns=1790162867804848750 elapsed_us=3848 block_gets=0 block_puts=1 deleted=0
checkpoint_phase lsn=22288 phase=value_index_write slot=0 started_ns=1790162867804859000 ended_ns=1790162867805542833 elapsed_us=683 block_gets=0 block_puts=0 deleted=0
checkpoint_phase lsn=22288 phase=value_index_write slot=0 started_ns=1790162867805550000 ended_ns=1790162867808344000 elapsed_us=2794 block_gets=0 block_puts=1 deleted=0
checkpoint_phase lsn=22288 phase=value_index_schedule slot=0 started_ns=1790162867808360000 ended_ns=1790162867808390959 elapsed_us=30 block_gets=0 block_puts=0 deleted=0
checkpoint_phase lsn=22288 phase=value_index_schedule slot=0 started_ns=1790162867808399000 ended_ns=1790162867808751167 elapsed_us=352 block_gets=0 block_puts=0 deleted=0
checkpoint_phase lsn=22288 phase=value_index_write slot=0 started_ns=1790162867808763000 ended_ns=1790162867819193292 elapsed_us=10430 block_gets=0 block_puts=3 deleted=0
checkpoint_phase lsn=22288 phase=value_index_write slot=0 started_ns=1790162867819207000 ended_ns=1790162867832955917 elapsed_us=13748 block_gets=0 block_puts=4 deleted=0
checkpoint_phase lsn=22288 phase=value_index_write slot=0 started_ns=1790162867832975000 ended_ns=1790162867846874250 elapsed_us=13899 block_gets=0 block_puts=4 deleted=0
checkpoint_phase lsn=22288 phase=value_index_write slot=0 started_ns=1790162867846895000 ended_ns=1790162867857904416 elapsed_us=11009 block_gets=0 block_puts=3 deleted=0
checkpoint_phase lsn=22288 phase=value_index_write slot=0 started_ns=1790162867857920000 ended_ns=1790162867858711291 elapsed_us=791 block_gets=0 block_puts=0 deleted=0
checkpoint_phase lsn=22288 phase=value_index_write slot=0 started_ns=1790162867858725000 ended_ns=1790162867859434459 elapsed_us=709 block_gets=0 block_puts=0 deleted=0
checkpoint_phase lsn=22288 phase=value_index_write slot=0 started_ns=1790162867859441000 ended_ns=1790162867860165500 elapsed_us=724 block_gets=0 block_puts=0 deleted=0
checkpoint_phase lsn=22288 phase=value_index_write slot=0 started_ns=1790162867860171000 ended_ns=1790162867860879875 elapsed_us=708 block_gets=0 block_puts=0 deleted=0
checkpoint_phase lsn=22288 phase=value_index_write slot=0 started_ns=1790162867860886000 ended_ns=1790162867864845375 elapsed_us=3959 block_gets=0 block_puts=1 deleted=0
checkpoint_phase lsn=22288 phase=value_index_write slot=0 started_ns=1790162867864860000 ended_ns=1790162867865582916 elapsed_us=722 block_gets=0 block_puts=0 deleted=0
checkpoint_phase lsn=22288 phase=value_index_write slot=0 started_ns=1790162867865606000 ended_ns=1790162867868821542 elapsed_us=3215 block_gets=0 block_puts=1 deleted=0
checkpoint_phase lsn=22288 phase=row_sst_delta slot=0 started_ns=1790162867868839000 ended_ns=1790162867885013916 elapsed_us=16174 block_gets=0 block_puts=4 deleted=0
checkpoint_phase lsn=22288 phase=manifest slot=-1 started_ns=1790162867885028000 ended_ns=1790162867888342584 elapsed_us=3314 block_gets=0 block_puts=0 deleted=0
checkpoint_phase lsn=22288 phase=local_cleanup slot=-1 started_ns=1790162867888383000 ended_ns=1790162867888553583 elapsed_us=170 block_gets=0 block_puts=0 deleted=0
checkpoint_phase lsn=22288 phase=commit_prune slot=-1 started_ns=1790162867888562000 ended_ns=1790162867996498250 elapsed_us=107936 block_gets=0 block_puts=0 deleted=16
checkpoint_phase lsn=22288 phase=commit_prune slot=-1 started_ns=1790162867996517000 ended_ns=1790162868039795958 elapsed_us=43278 block_gets=0 block_puts=0 deleted=16
checkpoint_phase lsn=22288 phase=commit_prune slot=-1 started_ns=1790162868039810000 ended_ns=1790162868082623750 elapsed_us=42813 block_gets=0 block_puts=0 deleted=16
checkpoint_phase lsn=22288 phase=commit_prune slot=-1 started_ns=1790162868082638000 ended_ns=1790162868125421250 elapsed_us=42783 block_gets=0 block_puts=0 deleted=16
checkpoint_phase lsn=22288 phase=commit_prune slot=-1 started_ns=1790162868125439000 ended_ns=1790162868168964958 elapsed_us=43525 block_gets=0 block_puts=0 deleted=16
checkpoint_phase lsn=22288 phase=commit_prune slot=-1 started_ns=1790162868168979000 ended_ns=1790162868211033833 elapsed_us=42054 block_gets=0 block_puts=0 deleted=16
checkpoint_phase lsn=22288 phase=commit_prune slot=-1 started_ns=1790162868211050000 ended_ns=1790162868252010584 elapsed_us=40960 block_gets=0 block_puts=0 deleted=16
checkpoint_phase lsn=22288 phase=commit_prune slot=-1 started_ns=1790162868252033000 ended_ns=1790162868294897084 elapsed_us=42864 block_gets=0 block_puts=0 deleted=16
checkpoint_phase lsn=22288 phase=commit_prune slot=-1 started_ns=1790162868294912000 ended_ns=1790162868341301708 elapsed_us=46389 block_gets=0 block_puts=0 deleted=16
checkpoint_phase lsn=22288 phase=commit_prune slot=-1 started_ns=1790162868341317000 ended_ns=1790162868385356042 elapsed_us=44039 block_gets=0 block_puts=0 deleted=16
checkpoint_phase lsn=22288 phase=commit_prune slot=-1 started_ns=1790162868385369000 ended_ns=1790162868428016459 elapsed_us=42647 block_gets=0 block_puts=0 deleted=16
checkpoint_phase lsn=22288 phase=commit_prune slot=-1 started_ns=1790162868428032000 ended_ns=1790162868450082375 elapsed_us=22050 block_gets=0 block_puts=0 deleted=8
checkpoint_phase lsn=22288 phase=legacy_gc slot=-1 started_ns=1790162868450100000 ended_ns=1790162868480082625 elapsed_us=29982 block_gets=0 block_puts=0 deleted=0
checkpoint_phase lsn=22288 phase=gc_keep slot=-1 started_ns=1790162868480103000 ended_ns=1790162868481174916 elapsed_us=1071 block_gets=0 block_puts=0 deleted=0
checkpoint_phase lsn=22288 phase=gc_list slot=-1 started_ns=1790162868481183000 ended_ns=1790162868575660833 elapsed_us=94477 block_gets=0 block_puts=0 deleted=0
checkpoint_phase lsn=22288 phase=gc_delete slot=-1 started_ns=1790162868575683000 ended_ns=1790162868620045750 elapsed_us=44362 block_gets=0 block_puts=0 deleted=16
checkpoint_phase lsn=22288 phase=gc_delete slot=-1 started_ns=1790162868620060000 ended_ns=1790162868663269625 elapsed_us=43209 block_gets=0 block_puts=0 deleted=16
checkpoint_phase lsn=22288 phase=gc_delete slot=-1 started_ns=1790162868663283000 ended_ns=1790162868668546250 elapsed_us=5263 block_gets=0 block_puts=0 deleted=2
pos3ql: final checkpoint written
pos3ql: shutdown complete
