pos3ql starting
  listen_addr  127.0.0.1:19600
  data_dir     /var/folders/93/f1fz6s6969gbkd8m9tph1rfw0000gn/T//pos3ql-performance.6q1QZS/data-warm
memory plan:
  memtable     16 MiB
  tables       658592160 B
  block cache  32 MiB
  connections  196714304 B
  server       76836160 B
  total        982474272 B
  disk cache   2 GiB (disk, not RAM)
  temp spill   128 MiB (local ephemeral disk)
startup complete: memory frozen (932835300 B of 982474272 B budget drawn); accepting connections
checkpoint_phase lsn=2632 phase=value_index_schedule slot=0 started_ns=1790069619640809000 ended_ns=1790069619646254666 elapsed_us=5445 block_gets=0 block_puts=0 deleted=0
checkpoint_phase lsn=2834 phase=value_index_schedule slot=0 started_ns=1790069619825816000 ended_ns=1790069619828537166 elapsed_us=2721 block_gets=0 block_puts=0 deleted=0
checkpoint_phase lsn=3238 phase=value_index_schedule slot=0 started_ns=1790069620082432000 ended_ns=1790069620084657375 elapsed_us=2225 block_gets=0 block_puts=0 deleted=0
checkpoint_phase lsn=3440 phase=value_index_schedule slot=0 started_ns=1790069620207047000 ended_ns=1790069620210437542 elapsed_us=3390 block_gets=0 block_puts=0 deleted=0
checkpoint_phase lsn=3440 phase=value_index_write slot=0 started_ns=1790069620210460000 ended_ns=1790069620210547625 elapsed_us=87 block_gets=0 block_puts=0 deleted=0
checkpoint_phase lsn=3440 phase=value_index_write slot=0 started_ns=1790069620210553000 ended_ns=1790069620221133834 elapsed_us=10580 block_gets=0 block_puts=2 deleted=0
checkpoint_phase lsn=3440 phase=row_sst_full slot=0 started_ns=1790069620221148000 ended_ns=1790069621653776250 elapsed_us=1432628 block_gets=0 block_puts=231 deleted=0
checkpoint_phase lsn=3440 phase=manifest slot=-1 started_ns=1790069621653850000 ended_ns=1790069621659420625 elapsed_us=5570 block_gets=0 block_puts=0 deleted=0
checkpoint_phase lsn=3440 phase=local_cleanup slot=-1 started_ns=1790069621659438000 ended_ns=1790069621659618500 elapsed_us=180 block_gets=0 block_puts=0 deleted=0
checkpoint_phase lsn=3440 phase=commit_prune slot=-1 started_ns=1790069621795987000 ended_ns=1790069621863099416 elapsed_us=67112 block_gets=0 block_puts=0 deleted=16
checkpoint_phase lsn=3440 phase=commit_prune slot=-1 started_ns=1790069621996478000 ended_ns=1790069622051897375 elapsed_us=55419 block_gets=0 block_puts=0 deleted=16
checkpoint_phase lsn=3440 phase=commit_prune slot=-1 started_ns=1790069622176399000 ended_ns=1790069622183031417 elapsed_us=6632 block_gets=0 block_puts=0 deleted=2
checkpoint_phase lsn=3440 phase=legacy_gc slot=-1 started_ns=1790069622321303000 ended_ns=1790069622327776458 elapsed_us=6473 block_gets=0 block_puts=0 deleted=0
checkpoint_phase lsn=4450 phase=gc_keep slot=-1 started_ns=1790069622447362000 ended_ns=1790069622447481292 elapsed_us=119 block_gets=0 block_puts=0 deleted=0
checkpoint_phase lsn=4450 phase=gc_list slot=-1 started_ns=1790069622447492000 ended_ns=1790069622455569167 elapsed_us=8077 block_gets=0 block_puts=0 deleted=0
checkpoint_phase lsn=4450 phase=gc_delete slot=-1 started_ns=1790069622455582000 ended_ns=1790069622455582500 elapsed_us=0 block_gets=0 block_puts=0 deleted=0
checkpoint_phase lsn=6066 phase=value_index_schedule slot=0 started_ns=1790069624682932000 ended_ns=1790069626384355500 elapsed_us=1701423 block_gets=114 block_puts=0 deleted=0
checkpoint_phase lsn=6268 phase=value_index_schedule slot=0 started_ns=1790069626576637000 ended_ns=1790069626905663917 elapsed_us=329026 block_gets=0 block_puts=0 deleted=0
checkpoint_phase lsn=6470 phase=value_index_schedule slot=0 started_ns=1790069627181924000 ended_ns=1790069627387112917 elapsed_us=205188 block_gets=0 block_puts=0 deleted=0
checkpoint_phase lsn=6672 phase=value_index_schedule slot=0 started_ns=1790069627652013000 ended_ns=1790069627980049166 elapsed_us=328036 block_gets=0 block_puts=0 deleted=0
checkpoint_phase lsn=6874 phase=value_index_schedule slot=0 started_ns=1790069628149765000 ended_ns=1790069628374533042 elapsed_us=224768 block_gets=0 block_puts=0 deleted=0
checkpoint_phase lsn=6874 phase=value_index_write slot=0 started_ns=1790069628374611000 ended_ns=1790069628374838541 elapsed_us=227 block_gets=0 block_puts=0 deleted=0
checkpoint_phase lsn=6874 phase=value_index_write slot=0 started_ns=1790069628374878000 ended_ns=1790069628375081833 elapsed_us=203 block_gets=0 block_puts=0 deleted=0
checkpoint_phase lsn=6874 phase=value_index_write slot=0 started_ns=1790069628375089000 ended_ns=1790069628375295833 elapsed_us=206 block_gets=0 block_puts=0 deleted=0
checkpoint_phase lsn=6874 phase=value_index_write slot=0 started_ns=1790069628375313000 ended_ns=1790069628388359708 elapsed_us=13046 block_gets=0 block_puts=2 deleted=0
checkpoint_phase lsn=6874 phase=row_sst_delta slot=0 started_ns=1790069628388717000 ended_ns=1790069629921857208 elapsed_us=1533140 block_gets=0 block_puts=231 deleted=0
checkpoint_phase lsn=6874 phase=manifest slot=-1 started_ns=1790069629923069000 ended_ns=1790069629953375792 elapsed_us=30306 block_gets=0 block_puts=0 deleted=0
checkpoint_phase lsn=6874 phase=local_cleanup slot=-1 started_ns=1790069629953635000 ended_ns=1790069629954412042 elapsed_us=777 block_gets=0 block_puts=0 deleted=0
checkpoint_phase lsn=6874 phase=commit_prune slot=-1 started_ns=1790069630183484000 ended_ns=1790069630314159917 elapsed_us=130675 block_gets=0 block_puts=0 deleted=16
checkpoint_phase lsn=6874 phase=commit_prune slot=-1 started_ns=1790069630473617000 ended_ns=1790069630526467583 elapsed_us=52850 block_gets=0 block_puts=0 deleted=16
checkpoint_phase lsn=6874 phase=commit_prune slot=-1 started_ns=1790069630760561000 ended_ns=1790069630767693959 elapsed_us=7132 block_gets=0 block_puts=0 deleted=2
checkpoint_phase lsn=6874 phase=legacy_gc slot=-1 started_ns=1790069630934663000 ended_ns=1790069630952042834 elapsed_us=17379 block_gets=0 block_puts=0 deleted=0
checkpoint_phase lsn=7884 phase=gc_keep slot=-1 started_ns=1790069631121985000 ended_ns=1790069631124699792 elapsed_us=2714 block_gets=0 block_puts=0 deleted=0
checkpoint_phase lsn=7884 phase=gc_list slot=-1 started_ns=1790069631124719000 ended_ns=1790069631138595833 elapsed_us=13876 block_gets=0 block_puts=0 deleted=0
checkpoint_phase lsn=7884 phase=gc_delete slot=-1 started_ns=1790069631138614000 ended_ns=1790069631145366125 elapsed_us=6752 block_gets=0 block_puts=0 deleted=2
checkpoint_phase lsn=9500 phase=value_index_schedule slot=0 started_ns=1790069632694325000 ended_ns=1790069633646039208 elapsed_us=951714 block_gets=114 block_puts=0 deleted=0
checkpoint_phase lsn=9702 phase=value_index_schedule slot=0 started_ns=1790069633863546000 ended_ns=1790069634299638875 elapsed_us=436092 block_gets=0 block_puts=0 deleted=0
checkpoint_phase lsn=9904 phase=value_index_schedule slot=0 started_ns=1790069634502951000 ended_ns=1790069634863119209 elapsed_us=360168 block_gets=0 block_puts=0 deleted=0
checkpoint_phase lsn=10106 phase=value_index_schedule slot=0 started_ns=1790069635110268000 ended_ns=1790069635561562417 elapsed_us=451294 block_gets=0 block_puts=0 deleted=0
checkpoint_phase lsn=10308 phase=value_index_schedule slot=0 started_ns=1790069635706201000 ended_ns=1790069636087595584 elapsed_us=381394 block_gets=0 block_puts=0 deleted=0
checkpoint_phase lsn=10308 phase=value_index_write slot=0 started_ns=1790069636087711000 ended_ns=1790069636088100208 elapsed_us=389 block_gets=0 block_puts=0 deleted=0
checkpoint_phase lsn=10308 phase=value_index_write slot=0 started_ns=1790069636088150000 ended_ns=1790069636088422833 elapsed_us=272 block_gets=0 block_puts=0 deleted=0
checkpoint_phase lsn=10308 phase=value_index_write slot=0 started_ns=1790069636088452000 ended_ns=1790069636088860292 elapsed_us=408 block_gets=0 block_puts=0 deleted=0
checkpoint_phase lsn=10308 phase=value_index_write slot=0 started_ns=1790069636088883000 ended_ns=1790069636089075042 elapsed_us=192 block_gets=0 block_puts=0 deleted=0
checkpoint_phase lsn=10308 phase=value_index_write slot=0 started_ns=1790069636089108000 ended_ns=1790069636115735875 elapsed_us=26627 block_gets=0 block_puts=2 deleted=0
checkpoint_phase lsn=10308 phase=row_sst_delta slot=0 started_ns=1790069636115759000 ended_ns=1790069637661527417 elapsed_us=1545768 block_gets=0 block_puts=231 deleted=0
checkpoint_phase lsn=10308 phase=manifest slot=-1 started_ns=1790069637662630000 ended_ns=1790069637695628250 elapsed_us=32998 block_gets=0 block_puts=0 deleted=0
checkpoint_phase lsn=10308 phase=local_cleanup slot=-1 started_ns=1790069637695722000 ended_ns=1790069637696119833 elapsed_us=397 block_gets=0 block_puts=0 deleted=0
checkpoint_phase lsn=10308 phase=commit_prune slot=-1 started_ns=1790069637891870000 ended_ns=1790069638013058166 elapsed_us=121188 block_gets=0 block_puts=0 deleted=16
checkpoint_phase lsn=10308 phase=commit_prune slot=-1 started_ns=1790069638234760000 ended_ns=1790069638300989584 elapsed_us=66229 block_gets=0 block_puts=0 deleted=16
checkpoint_phase lsn=10308 phase=commit_prune slot=-1 started_ns=1790069638488813000 ended_ns=1790069638498417250 elapsed_us=9604 block_gets=0 block_puts=0 deleted=2
checkpoint_phase lsn=10308 phase=legacy_gc slot=-1 started_ns=1790069638716421000 ended_ns=1790069638732302833 elapsed_us=15881 block_gets=0 block_puts=0 deleted=0
checkpoint_phase lsn=11318 phase=gc_keep slot=-1 started_ns=1790069638926989000 ended_ns=1790069638927997667 elapsed_us=1008 block_gets=0 block_puts=0 deleted=0
checkpoint_phase lsn=11318 phase=gc_list slot=-1 started_ns=1790069638928039000 ended_ns=1790069638951510125 elapsed_us=23471 block_gets=0 block_puts=0 deleted=0
checkpoint_phase lsn=11318 phase=gc_delete slot=-1 started_ns=1790069638951580000 ended_ns=1790069638959148292 elapsed_us=7568 block_gets=0 block_puts=0 deleted=2
checkpoint_phase lsn=12934 phase=value_index_schedule slot=0 started_ns=1790069640360154000 ended_ns=1790069641478035292 elapsed_us=1117881 block_gets=114 block_puts=14 deleted=0
checkpoint_phase lsn=13136 phase=value_index_schedule slot=0 started_ns=1790069641676248000 ended_ns=1790069642512901584 elapsed_us=836653 block_gets=0 block_puts=14 deleted=0
checkpoint_phase lsn=13338 phase=value_index_schedule slot=0 started_ns=1790069642688856000 ended_ns=1790069643430167625 elapsed_us=741311 block_gets=0 block_puts=14 deleted=0
checkpoint_phase lsn=13540 phase=value_index_schedule slot=0 started_ns=1790069643644349000 ended_ns=1790069644311942833 elapsed_us=667593 block_gets=0 block_puts=14 deleted=0
checkpoint_phase lsn=13742 phase=value_index_schedule slot=0 started_ns=1790069644460734000 ended_ns=1790069645107759916 elapsed_us=647025 block_gets=0 block_puts=14 deleted=0
checkpoint_phase lsn=13742 phase=value_index_write slot=0 started_ns=1790069645107967000 ended_ns=1790069645109600584 elapsed_us=1633 block_gets=0 block_puts=0 deleted=0
checkpoint_phase lsn=13742 phase=value_index_write slot=0 started_ns=1790069645110120000 ended_ns=1790069645111170584 elapsed_us=1050 block_gets=0 block_puts=0 deleted=0
checkpoint_phase lsn=13742 phase=value_index_write slot=0 started_ns=1790069645111179000 ended_ns=1790069645111260375 elapsed_us=81 block_gets=0 block_puts=0 deleted=0
checkpoint_phase lsn=13742 phase=value_index_write slot=0 started_ns=1790069645111266000 ended_ns=1790069645111739500 elapsed_us=473 block_gets=0 block_puts=0 deleted=0
checkpoint_phase lsn=13742 phase=value_index_write slot=0 started_ns=1790069645111777000 ended_ns=1790069645112513750 elapsed_us=736 block_gets=0 block_puts=0 deleted=0
checkpoint_phase lsn=13742 phase=value_index_write slot=0 started_ns=1790069645112525000 ended_ns=1790069645113995917 elapsed_us=1470 block_gets=0 block_puts=0 deleted=0
checkpoint_phase lsn=13742 phase=value_index_write slot=0 started_ns=1790069645114019000 ended_ns=1790069645132017625 elapsed_us=17998 block_gets=0 block_puts=2 deleted=0
checkpoint_phase lsn=13742 phase=row_sst_delta slot=0 started_ns=1790069645132068000 ended_ns=1790069646594814459 elapsed_us=1462746 block_gets=0 block_puts=231 deleted=0
checkpoint_phase lsn=13742 phase=manifest slot=-1 started_ns=1790069646595711000 ended_ns=1790069646615661166 elapsed_us=19950 block_gets=0 block_puts=0 deleted=0
checkpoint_phase lsn=13742 phase=local_cleanup slot=-1 started_ns=1790069646615803000 ended_ns=1790069646616812833 elapsed_us=1009 block_gets=0 block_puts=0 deleted=0
checkpoint_phase lsn=13742 phase=commit_prune slot=-1 started_ns=1790069646793253000 ended_ns=1790069646898287916 elapsed_us=105034 block_gets=0 block_puts=0 deleted=16
checkpoint_phase lsn=13742 phase=commit_prune slot=-1 started_ns=1790069647104653000 ended_ns=1790069647154794000 elapsed_us=50141 block_gets=0 block_puts=0 deleted=16
checkpoint_phase lsn=13742 phase=commit_prune slot=-1 started_ns=1790069647301563000 ended_ns=1790069647317593750 elapsed_us=16030 block_gets=0 block_puts=0 deleted=2
checkpoint_phase lsn=13742 phase=legacy_gc slot=-1 started_ns=1790069647514132000 ended_ns=1790069647531482417 elapsed_us=17350 block_gets=0 block_puts=0 deleted=0
checkpoint_phase lsn=14752 phase=gc_keep slot=-1 started_ns=1790069647719577000 ended_ns=1790069647721165625 elapsed_us=1588 block_gets=0 block_puts=0 deleted=0
checkpoint_phase lsn=14752 phase=gc_list slot=-1 started_ns=1790069647721196000 ended_ns=1790069647741116959 elapsed_us=19920 block_gets=0 block_puts=0 deleted=0
checkpoint_phase lsn=14752 phase=gc_delete slot=-1 started_ns=1790069647741152000 ended_ns=1790069647792744083 elapsed_us=51592 block_gets=0 block_puts=0 deleted=16
checkpoint_phase lsn=14954 phase=gc_delete slot=-1 started_ns=1790069647943337000 ended_ns=1790069648003930708 elapsed_us=60593 block_gets=0 block_puts=0 deleted=16
checkpoint_phase lsn=15156 phase=gc_delete slot=-1 started_ns=1790069648213993000 ended_ns=1790069648280017000 elapsed_us=66024 block_gets=0 block_puts=0 deleted=16
checkpoint_phase lsn=15358 phase=gc_delete slot=-1 started_ns=1790069648445990000 ended_ns=1790069648521667125 elapsed_us=75677 block_gets=0 block_puts=0 deleted=16
checkpoint_phase lsn=15560 phase=value_index_schedule slot=0 started_ns=1790069648742979000 ended_ns=1790069650210124875 elapsed_us=1467145 block_gets=114 block_puts=14 deleted=0
checkpoint_phase lsn=15762 phase=row_merge_schedule slot=0 started_ns=1790069650407411000 ended_ns=1790069650902761750 elapsed_us=495350 block_gets=122 block_puts=0 deleted=0
checkpoint_phase lsn=15964 phase=row_merge_schedule slot=0 started_ns=1790069651074504000 ended_ns=1790069651491128125 elapsed_us=416624 block_gets=105 block_puts=0 deleted=0
checkpoint_phase lsn=16166 phase=value_index_schedule slot=0 started_ns=1790069651638253000 ended_ns=1790069652719781917 elapsed_us=1081528 block_gets=0 block_puts=15 deleted=0
checkpoint_phase lsn=16368 phase=row_merge_schedule slot=0 started_ns=1790069652904460000 ended_ns=1790069653319210667 elapsed_us=414750 block_gets=105 block_puts=0 deleted=0
checkpoint_phase lsn=16772 phase=row_merge_schedule slot=0 started_ns=1790069653632907000 ended_ns=1790069654025393750 elapsed_us=392486 block_gets=105 block_puts=0 deleted=0
checkpoint_phase lsn=16974 phase=value_index_schedule slot=0 started_ns=1790069654189929000 ended_ns=1790069655182383334 elapsed_us=992454 block_gets=0 block_puts=15 deleted=0
checkpoint_phase lsn=17176 phase=row_merge_schedule slot=0 started_ns=1790069655431451000 ended_ns=1790069655933730042 elapsed_us=502279 block_gets=105 block_puts=0 deleted=0
checkpoint_phase lsn=17176 phase=row_merge_schedule slot=0 started_ns=1790069655933798000 ended_ns=1790069656317997708 elapsed_us=384199 block_gets=105 block_puts=0 deleted=0
checkpoint_phase lsn=17176 phase=value_index_schedule slot=0 started_ns=1790069656318010000 ended_ns=1790069656996003750 elapsed_us=677993 block_gets=0 block_puts=15 deleted=0
checkpoint_phase lsn=17176 phase=row_merge_schedule slot=0 started_ns=1790069656996008000 ended_ns=1790069657361955292 elapsed_us=365947 block_gets=105 block_puts=0 deleted=0
checkpoint_phase lsn=17176 phase=value_index_write slot=0 started_ns=1790069657361987000 ended_ns=1790069657363281084 elapsed_us=1294 block_gets=0 block_puts=0 deleted=0
checkpoint_phase lsn=17176 phase=row_merge_schedule slot=0 started_ns=1790069657363291000 ended_ns=1790069657712614916 elapsed_us=349323 block_gets=105 block_puts=0 deleted=0
checkpoint_phase lsn=17176 phase=value_index_write slot=0 started_ns=1790069657712639000 ended_ns=1790069657712792959 elapsed_us=153 block_gets=0 block_puts=0 deleted=0
checkpoint_phase lsn=17176 phase=row_merge_schedule slot=0 started_ns=1790069657712800000 ended_ns=1790069658092274875 elapsed_us=379474 block_gets=105 block_puts=0 deleted=0
checkpoint_phase lsn=17176 phase=value_index_write slot=0 started_ns=1790069658092296000 ended_ns=1790069658092483708 elapsed_us=187 block_gets=0 block_puts=0 deleted=0
checkpoint_phase lsn=17176 phase=row_merge_schedule slot=0 started_ns=1790069658092487000 ended_ns=1790069658436630708 elapsed_us=344143 block_gets=105 block_puts=0 deleted=0
checkpoint_phase lsn=17176 phase=value_index_write slot=0 started_ns=1790069658436640000 ended_ns=1790069658437372459 elapsed_us=732 block_gets=0 block_puts=0 deleted=0
checkpoint_phase lsn=17176 phase=row_merge_schedule slot=0 started_ns=1790069658437379000 ended_ns=1790069658773967167 elapsed_us=336588 block_gets=105 block_puts=0 deleted=0
checkpoint_phase lsn=17176 phase=value_index_write slot=0 started_ns=1790069658773991000 ended_ns=1790069658774224000 elapsed_us=233 block_gets=0 block_puts=0 deleted=0
checkpoint_phase lsn=17176 phase=row_merge_schedule slot=0 started_ns=1790069658774235000 ended_ns=1790069659127381375 elapsed_us=353146 block_gets=105 block_puts=0 deleted=0
checkpoint_phase lsn=17176 phase=value_index_write slot=0 started_ns=1790069659127417000 ended_ns=1790069659127570709 elapsed_us=153 block_gets=0 block_puts=0 deleted=0
checkpoint_phase lsn=17176 phase=row_merge_schedule slot=0 started_ns=1790069659127576000 ended_ns=1790069659478752667 elapsed_us=351176 block_gets=105 block_puts=0 deleted=0
checkpoint_phase lsn=17176 phase=value_index_write slot=0 started_ns=1790069659478775000 ended_ns=1790069659478952042 elapsed_us=177 block_gets=0 block_puts=0 deleted=0
checkpoint_phase lsn=17176 phase=row_merge_schedule slot=0 started_ns=1790069659478966000 ended_ns=1790069659829801750 elapsed_us=350835 block_gets=105 block_puts=0 deleted=0
checkpoint_phase lsn=17176 phase=value_index_write slot=0 started_ns=1790069659829812000 ended_ns=1790069659840715583 elapsed_us=10903 block_gets=0 block_puts=1 deleted=0
checkpoint_phase lsn=17176 phase=row_merge_schedule slot=0 started_ns=1790069659840730000 ended_ns=1790069660272935583 elapsed_us=432205 block_gets=105 block_puts=0 deleted=0
checkpoint_phase lsn=17176 phase=value_index_write slot=0 started_ns=1790069660272943000 ended_ns=1790069660281114208 elapsed_us=8171 block_gets=0 block_puts=2 deleted=0
checkpoint_phase lsn=17176 phase=row_merge_schedule slot=0 started_ns=1790069660281129000 ended_ns=1790069660654807125 elapsed_us=373678 block_gets=105 block_puts=0 deleted=0
checkpoint_phase lsn=17176 phase=row_sst_delta slot=0 started_ns=1790069660654884000 ended_ns=1790069662239136708 elapsed_us=1584252 block_gets=0 block_puts=231 deleted=0
checkpoint_phase lsn=17176 phase=row_merge_schedule slot=0 started_ns=1790069662239194000 ended_ns=1790069662302270958 elapsed_us=63076 block_gets=17 block_puts=0 deleted=0
checkpoint_phase lsn=17176 phase=manifest slot=-1 started_ns=1790069662302305000 ended_ns=1790069662312895667 elapsed_us=10590 block_gets=0 block_puts=0 deleted=0
checkpoint_phase lsn=17176 phase=local_cleanup slot=-1 started_ns=1790069662312971000 ended_ns=1790069662314531084 elapsed_us=1560 block_gets=0 block_puts=0 deleted=0
checkpoint_phase lsn=17176 phase=commit_prune slot=-1 started_ns=1790069662461314000 ended_ns=1790069662640583250 elapsed_us=179269 block_gets=0 block_puts=0 deleted=16
checkpoint_phase lsn=17176 phase=commit_prune slot=-1 started_ns=1790069662802917000 ended_ns=1790069662855015750 elapsed_us=52098 block_gets=0 block_puts=0 deleted=16
checkpoint_phase lsn=17176 phase=commit_prune slot=-1 started_ns=1790069663001991000 ended_ns=1790069663008873958 elapsed_us=6882 block_gets=0 block_puts=0 deleted=2
checkpoint_phase lsn=17176 phase=legacy_gc slot=-1 started_ns=1790069663149577000 ended_ns=1790069663164957459 elapsed_us=15380 block_gets=0 block_puts=0 deleted=0
checkpoint_phase lsn=18186 phase=gc_keep slot=-1 started_ns=1790069663303088000 ended_ns=1790069663304134500 elapsed_us=1046 block_gets=0 block_puts=0 deleted=0
checkpoint_phase lsn=18186 phase=gc_list slot=-1 started_ns=1790069663304148000 ended_ns=1790069663410665333 elapsed_us=106517 block_gets=0 block_puts=0 deleted=0
checkpoint_phase lsn=18186 phase=gc_delete slot=-1 started_ns=1790069663410718000 ended_ns=1790069663464822834 elapsed_us=54104 block_gets=0 block_puts=0 deleted=16
checkpoint_phase lsn=18388 phase=gc_delete slot=-1 started_ns=1790069663655258000 ended_ns=1790069663708961292 elapsed_us=53703 block_gets=0 block_puts=0 deleted=16
checkpoint_phase lsn=18590 phase=gc_delete slot=-1 started_ns=1790069663869822000 ended_ns=1790069663918677166 elapsed_us=48855 block_gets=0 block_puts=0 deleted=16
checkpoint_phase lsn=18792 phase=gc_delete slot=-1 started_ns=1790069664155165000 ended_ns=1790069664178668375 elapsed_us=23503 block_gets=0 block_puts=0 deleted=7
checkpoint_phase lsn=19196 phase=row_merge_schedule slot=0 started_ns=1790069664629533000 ended_ns=1790069665018261500 elapsed_us=388728 block_gets=120 block_puts=0 deleted=0
checkpoint_phase lsn=19398 phase=value_index_schedule slot=0 started_ns=1790069665139589000 ended_ns=1790069666301839958 elapsed_us=1162250 block_gets=114 block_puts=16 deleted=0
checkpoint_phase lsn=19600 phase=row_merge_schedule slot=0 started_ns=1790069666419868000 ended_ns=1790069666771079625 elapsed_us=351211 block_gets=105 block_puts=0 deleted=0
checkpoint_phase lsn=19802 phase=row_merge_schedule slot=0 started_ns=1790069666882342000 ended_ns=1790069667204274500 elapsed_us=321932 block_gets=105 block_puts=0 deleted=0
checkpoint_phase lsn=20004 phase=value_index_schedule slot=0 started_ns=1790069667316355000 ended_ns=1790069668174070292 elapsed_us=857715 block_gets=0 block_puts=16 deleted=0
checkpoint_phase lsn=20206 phase=row_merge_schedule slot=0 started_ns=1790069668327255000 ended_ns=1790069668691918583 elapsed_us=364663 block_gets=105 block_puts=0 deleted=0
checkpoint_phase lsn=20212 phase=row_merge_schedule slot=0 started_ns=1790069671379117000 ended_ns=1790069671687045542 elapsed_us=307928 block_gets=98 block_puts=0 deleted=0
checkpoint_phase lsn=20218 phase=value_index_schedule slot=0 started_ns=1790069672598198000 ended_ns=1790069673366121583 elapsed_us=767923 block_gets=0 block_puts=16 deleted=0
checkpoint_phase lsn=20224 phase=row_merge_schedule slot=0 started_ns=1790069676414296000 ended_ns=1790069676743705166 elapsed_us=329409 block_gets=91 block_puts=0 deleted=0
checkpoint_phase lsn=20218 phase=value_index_write slot=0 started_ns=1790069679255360000 ended_ns=1790069679256476541 elapsed_us=1116 block_gets=0 block_puts=0 deleted=0
checkpoint_phase lsn=20236 phase=row_merge_schedule slot=0 started_ns=1790069681682467000 ended_ns=1790069681944910791 elapsed_us=262443 block_gets=77 block_puts=0 deleted=0
checkpoint_phase lsn=20218 phase=value_index_write slot=0 started_ns=1790069684364707000 ended_ns=1790069684364808083 elapsed_us=101 block_gets=0 block_puts=0 deleted=0
checkpoint_phase lsn=20248 phase=row_merge_schedule slot=0 started_ns=1790069688523785000 ended_ns=1790069688723788292 elapsed_us=200003 block_gets=63 block_puts=0 deleted=0
checkpoint_phase lsn=20218 phase=value_index_write slot=0 started_ns=1790069690516977000 ended_ns=1790069690517066417 elapsed_us=89 block_gets=0 block_puts=0 deleted=0
checkpoint_phase lsn=20260 phase=row_merge_schedule slot=0 started_ns=1790069692308198000 ended_ns=1790069692506726625 elapsed_us=198528 block_gets=63 block_puts=0 deleted=0
checkpoint_phase lsn=20218 phase=value_index_write slot=0 started_ns=1790069694347907000 ended_ns=1790069694348760000 elapsed_us=853 block_gets=0 block_puts=0 deleted=0
checkpoint_phase lsn=20272 phase=row_merge_schedule slot=0 started_ns=1790069696179029000 ended_ns=1790069696369835625 elapsed_us=190806 block_gets=63 block_puts=0 deleted=0
checkpoint_phase lsn=20218 phase=value_index_write slot=0 started_ns=1790069698204560000 ended_ns=1790069698204652833 elapsed_us=92 block_gets=0 block_puts=0 deleted=0
checkpoint_phase lsn=20284 phase=row_merge_schedule slot=0 started_ns=1790069700433491000 ended_ns=1790069700627006291 elapsed_us=193515 block_gets=63 block_puts=0 deleted=0
checkpoint_phase lsn=20218 phase=value_index_write slot=0 started_ns=1790069702697356000 ended_ns=1790069702697454459 elapsed_us=98 block_gets=0 block_puts=0 deleted=0
checkpoint_phase lsn=20296 phase=row_merge_schedule slot=0 started_ns=1790069704834828000 ended_ns=1790069705033917959 elapsed_us=199089 block_gets=63 block_puts=0 deleted=0
checkpoint_phase lsn=20218 phase=value_index_write slot=0 started_ns=1790069707121545000 ended_ns=1790069707121645708 elapsed_us=100 block_gets=0 block_puts=0 deleted=0
checkpoint_phase lsn=20308 phase=row_merge_schedule slot=0 started_ns=1790069709163522000 ended_ns=1790069709447627916 elapsed_us=284105 block_gets=63 block_puts=0 deleted=0
checkpoint_phase lsn=20312 phase=row_merge_schedule slot=0 started_ns=1790069710216907000 ended_ns=1790069710427037750 elapsed_us=210130 block_gets=63 block_puts=0 deleted=0
checkpoint_phase lsn=20312 phase=value_index_schedule slot=0 started_ns=1790069710427045000 ended_ns=1790069711176928833 elapsed_us=749883 block_gets=0 block_puts=20 deleted=0
checkpoint_phase lsn=20312 phase=row_merge_schedule slot=0 started_ns=1790069711176930000 ended_ns=1790069711378838083 elapsed_us=201908 block_gets=63 block_puts=0 deleted=0
checkpoint_phase lsn=20312 phase=value_index_write slot=0 started_ns=1790069711378846000 ended_ns=1790069711379514834 elapsed_us=668 block_gets=0 block_puts=0 deleted=0
checkpoint_phase lsn=20312 phase=row_merge_schedule slot=0 started_ns=1790069711379519000 ended_ns=1790069711579783042 elapsed_us=200264 block_gets=63 block_puts=0 deleted=0
checkpoint_phase lsn=20312 phase=value_index_write slot=0 started_ns=1790069711579791000 ended_ns=1790069711579868333 elapsed_us=77 block_gets=0 block_puts=0 deleted=0
checkpoint_phase lsn=20312 phase=row_merge_schedule slot=0 started_ns=1790069711579871000 ended_ns=1790069711608039667 elapsed_us=28168 block_gets=9 block_puts=0 deleted=0
checkpoint_phase lsn=20312 phase=value_index_write slot=0 started_ns=1790069711608049000 ended_ns=1790069711608125292 elapsed_us=76 block_gets=0 block_puts=0 deleted=0
checkpoint_phase lsn=20312 phase=row_merge_write slot=0 started_ns=1790069711608128000 ended_ns=1790069711632926542 elapsed_us=24798 block_gets=0 block_puts=5 deleted=0
checkpoint_phase lsn=20312 phase=value_index_write slot=0 started_ns=1790069711632935000 ended_ns=1790069711633578583 elapsed_us=643 block_gets=0 block_puts=0 deleted=0
checkpoint_phase lsn=20312 phase=row_merge_write slot=0 started_ns=1790069711633581000 ended_ns=1790069711651507000 elapsed_us=17926 block_gets=0 block_puts=4 deleted=0
checkpoint_phase lsn=20312 phase=value_index_write slot=0 started_ns=1790069711651513000 ended_ns=1790069711651588583 elapsed_us=75 block_gets=0 block_puts=0 deleted=0
checkpoint_phase lsn=20312 phase=row_merge_write slot=0 started_ns=1790069711651591000 ended_ns=1790069711670381375 elapsed_us=18790 block_gets=0 block_puts=4 deleted=0
checkpoint_phase lsn=20312 phase=value_index_write slot=0 started_ns=1790069711670391000 ended_ns=1790069711678397875 elapsed_us=8006 block_gets=0 block_puts=1 deleted=0
checkpoint_phase lsn=20312 phase=row_merge_write slot=0 started_ns=1790069711678409000 ended_ns=1790069711697814875 elapsed_us=19405 block_gets=0 block_puts=4 deleted=0
checkpoint_phase lsn=20312 phase=value_index_write slot=0 started_ns=1790069711697826000 ended_ns=1790069711698487084 elapsed_us=661 block_gets=0 block_puts=0 deleted=0
checkpoint_phase lsn=20312 phase=row_merge_write slot=0 started_ns=1790069711698494000 ended_ns=1790069711718958792 elapsed_us=20464 block_gets=0 block_puts=4 deleted=0
checkpoint_phase lsn=20312 phase=value_index_write slot=0 started_ns=1790069711718968000 ended_ns=1790069711719051167 elapsed_us=83 block_gets=0 block_puts=0 deleted=0
checkpoint_phase lsn=20312 phase=row_merge_write slot=0 started_ns=1790069711719056000 ended_ns=1790069711738429625 elapsed_us=19373 block_gets=0 block_puts=4 deleted=0
checkpoint_phase lsn=20312 phase=value_index_write slot=0 started_ns=1790069711738440000 ended_ns=1790069711738517291 elapsed_us=77 block_gets=0 block_puts=0 deleted=0
checkpoint_phase lsn=20312 phase=row_merge_write slot=0 started_ns=1790069711738526000 ended_ns=1790069711756925750 elapsed_us=18399 block_gets=0 block_puts=4 deleted=0
checkpoint_phase lsn=20312 phase=value_index_write slot=0 started_ns=1790069711756935000 ended_ns=1790069711766941250 elapsed_us=10006 block_gets=0 block_puts=2 deleted=0
checkpoint_phase lsn=20312 phase=row_merge_write slot=0 started_ns=1790069711766956000 ended_ns=1790069711784701542 elapsed_us=17745 block_gets=0 block_puts=4 deleted=0
checkpoint_phase lsn=20312 phase=value_index_schedule slot=0 started_ns=1790069711784711000 ended_ns=1790069712526236167 elapsed_us=741525 block_gets=0 block_puts=16 deleted=0
checkpoint_phase lsn=20312 phase=row_merge_write slot=0 started_ns=1790069712526242000 ended_ns=1790069712546481250 elapsed_us=20239 block_gets=0 block_puts=4 deleted=0
checkpoint_phase lsn=20312 phase=value_index_write slot=0 started_ns=1790069712546494000 ended_ns=1790069712546685833 elapsed_us=191 block_gets=0 block_puts=0 deleted=0
checkpoint_phase lsn=20312 phase=row_merge_write slot=0 started_ns=1790069712546691000 ended_ns=1790069712565321750 elapsed_us=18630 block_gets=0 block_puts=4 deleted=0
checkpoint_phase lsn=20312 phase=value_index_write slot=0 started_ns=1790069712565335000 ended_ns=1790069712565412833 elapsed_us=77 block_gets=0 block_puts=0 deleted=0
checkpoint_phase lsn=20312 phase=row_merge_write slot=0 started_ns=1790069712565416000 ended_ns=1790069712584849375 elapsed_us=19433 block_gets=0 block_puts=4 deleted=0
checkpoint_phase lsn=20312 phase=value_index_write slot=0 started_ns=1790069712584859000 ended_ns=1790069712584937333 elapsed_us=78 block_gets=0 block_puts=0 deleted=0
checkpoint_phase lsn=20312 phase=row_merge_write slot=0 started_ns=1790069712584940000 ended_ns=1790069712603148125 elapsed_us=18208 block_gets=0 block_puts=4 deleted=0
checkpoint_phase lsn=20312 phase=value_index_write slot=0 started_ns=1790069712603155000 ended_ns=1790069712603815708 elapsed_us=660 block_gets=0 block_puts=0 deleted=0
checkpoint_phase lsn=20312 phase=row_merge_write slot=0 started_ns=1790069712603819000 ended_ns=1790069712622043917 elapsed_us=18224 block_gets=0 block_puts=4 deleted=0
checkpoint_phase lsn=20312 phase=value_index_write slot=0 started_ns=1790069712622055000 ended_ns=1790069712622132167 elapsed_us=77 block_gets=0 block_puts=0 deleted=0
checkpoint_phase lsn=20312 phase=row_merge_write slot=0 started_ns=1790069712622136000 ended_ns=1790069712640207750 elapsed_us=18071 block_gets=0 block_puts=4 deleted=0
checkpoint_phase lsn=20312 phase=value_index_write slot=0 started_ns=1790069712640220000 ended_ns=1790069712640298583 elapsed_us=78 block_gets=0 block_puts=0 deleted=0
checkpoint_phase lsn=20312 phase=row_merge_write slot=0 started_ns=1790069712640302000 ended_ns=1790069712660769542 elapsed_us=20467 block_gets=0 block_puts=4 deleted=0
checkpoint_phase lsn=20312 phase=value_index_write slot=0 started_ns=1790069712660781000 ended_ns=1790069712660857125 elapsed_us=76 block_gets=0 block_puts=0 deleted=0
checkpoint_phase lsn=20312 phase=row_merge_write slot=0 started_ns=1790069712660860000 ended_ns=1790069712687138375 elapsed_us=26278 block_gets=0 block_puts=4 deleted=0
checkpoint_phase lsn=20312 phase=value_index_write slot=0 started_ns=1790069712687475000 ended_ns=1790069712699254417 elapsed_us=11779 block_gets=0 block_puts=1 deleted=0
checkpoint_phase lsn=20312 phase=row_merge_write slot=0 started_ns=1790069712699265000 ended_ns=1790069712724735333 elapsed_us=25470 block_gets=0 block_puts=4 deleted=0
checkpoint_phase lsn=20312 phase=value_index_write slot=0 started_ns=1790069712724749000 ended_ns=1790069712724827584 elapsed_us=78 block_gets=0 block_puts=0 deleted=0
checkpoint_phase lsn=20312 phase=row_merge_write slot=0 started_ns=1790069712724831000 ended_ns=1790069712746318625 elapsed_us=21487 block_gets=0 block_puts=4 deleted=0
checkpoint_phase lsn=20312 phase=value_index_write slot=0 started_ns=1790069712746329000 ended_ns=1790069712753703875 elapsed_us=7374 block_gets=0 block_puts=2 deleted=0
checkpoint_phase lsn=20312 phase=row_merge_write slot=0 started_ns=1790069712753712000 ended_ns=1790069712772346334 elapsed_us=18634 block_gets=0 block_puts=4 deleted=0
checkpoint_phase lsn=20312 phase=value_index_schedule slot=0 started_ns=1790069712772369000 ended_ns=1790069713501434667 elapsed_us=729065 block_gets=0 block_puts=16 deleted=0
checkpoint_phase lsn=20312 phase=row_merge_write slot=0 started_ns=1790069713501440000 ended_ns=1790069713521561333 elapsed_us=20121 block_gets=0 block_puts=4 deleted=0
checkpoint_phase lsn=20312 phase=value_index_write slot=0 started_ns=1790069713521572000 ended_ns=1790069713521762291 elapsed_us=190 block_gets=0 block_puts=0 deleted=0
checkpoint_phase lsn=20312 phase=row_merge_write slot=0 started_ns=1790069713521768000 ended_ns=1790069713564316416 elapsed_us=42548 block_gets=0 block_puts=4 deleted=0
checkpoint_phase lsn=20312 phase=value_index_write slot=0 started_ns=1790069713564327000 ended_ns=1790069713564407417 elapsed_us=80 block_gets=0 block_puts=0 deleted=0
checkpoint_phase lsn=20312 phase=row_merge_write slot=0 started_ns=1790069713564414000 ended_ns=1790069713590338834 elapsed_us=25924 block_gets=0 block_puts=4 deleted=0
checkpoint_phase lsn=20312 phase=value_index_write slot=0 started_ns=1790069713590351000 ended_ns=1790069713590454833 elapsed_us=103 block_gets=0 block_puts=0 deleted=0
checkpoint_phase lsn=20312 phase=row_merge_write slot=0 started_ns=1790069713590465000 ended_ns=1790069713619792875 elapsed_us=29327 block_gets=0 block_puts=4 deleted=0
checkpoint_phase lsn=20312 phase=value_index_write slot=0 started_ns=1790069713619808000 ended_ns=1790069713620474334 elapsed_us=666 block_gets=0 block_puts=0 deleted=0
checkpoint_phase lsn=20312 phase=row_merge_write slot=0 started_ns=1790069713620480000 ended_ns=1790069713649831333 elapsed_us=29351 block_gets=0 block_puts=4 deleted=0
checkpoint_phase lsn=20312 phase=value_index_write slot=0 started_ns=1790069713649844000 ended_ns=1790069713649923833 elapsed_us=79 block_gets=0 block_puts=0 deleted=0
checkpoint_phase lsn=20312 phase=row_merge_write slot=0 started_ns=1790069713649930000 ended_ns=1790069713676896875 elapsed_us=26966 block_gets=0 block_puts=4 deleted=0
checkpoint_phase lsn=20312 phase=value_index_write slot=0 started_ns=1790069713676912000 ended_ns=1790069713676990750 elapsed_us=78 block_gets=0 block_puts=0 deleted=0
checkpoint_phase lsn=20312 phase=row_merge_write slot=0 started_ns=1790069713676995000 ended_ns=1790069713702782250 elapsed_us=25787 block_gets=0 block_puts=4 deleted=0
checkpoint_phase lsn=20312 phase=value_index_write slot=0 started_ns=1790069713702793000 ended_ns=1790069713702871500 elapsed_us=78 block_gets=0 block_puts=0 deleted=0
checkpoint_phase lsn=20312 phase=row_merge_write slot=0 started_ns=1790069713702875000 ended_ns=1790069713731764625 elapsed_us=28889 block_gets=0 block_puts=4 deleted=0
checkpoint_phase lsn=20312 phase=value_index_write slot=0 started_ns=1790069713731777000 ended_ns=1790069713740354750 elapsed_us=8577 block_gets=0 block_puts=1 deleted=0
checkpoint_phase lsn=20312 phase=row_merge_write slot=0 started_ns=1790069713740367000 ended_ns=1790069713769926166 elapsed_us=29559 block_gets=0 block_puts=4 deleted=0
checkpoint_phase lsn=20312 phase=value_index_write slot=0 started_ns=1790069713769940000 ended_ns=1790069713770018125 elapsed_us=78 block_gets=0 block_puts=0 deleted=0
checkpoint_phase lsn=20312 phase=row_merge_write slot=0 started_ns=1790069713770026000 ended_ns=1790069713795854000 elapsed_us=25828 block_gets=0 block_puts=4 deleted=0
checkpoint_phase lsn=20312 phase=value_index_write slot=0 started_ns=1790069713795867000 ended_ns=1790069713806052750 elapsed_us=10185 block_gets=0 block_puts=2 deleted=0
checkpoint_phase lsn=20312 phase=row_merge_write slot=0 started_ns=1790069713806074000 ended_ns=1790069713833872583 elapsed_us=27798 block_gets=0 block_puts=4 deleted=0
checkpoint_phase lsn=20312 phase=value_index_schedule slot=0 started_ns=1790069713833885000 ended_ns=1790069714586873708 elapsed_us=752988 block_gets=0 block_puts=21 deleted=0
checkpoint_phase lsn=20312 phase=row_merge_write slot=0 started_ns=1790069714586876000 ended_ns=1790069714606322792 elapsed_us=19446 block_gets=0 block_puts=4 deleted=0
checkpoint_phase lsn=20312 phase=value_index_write slot=0 started_ns=1790069714606339000 ended_ns=1790069714606617583 elapsed_us=278 block_gets=0 block_puts=0 deleted=0
checkpoint_phase lsn=20312 phase=row_merge_write slot=0 started_ns=1790069714606621000 ended_ns=1790069714625184375 elapsed_us=18563 block_gets=0 block_puts=4 deleted=0
checkpoint_phase lsn=20312 phase=value_index_write slot=0 started_ns=1790069714625194000 ended_ns=1790069714625341916 elapsed_us=147 block_gets=0 block_puts=0 deleted=0
checkpoint_phase lsn=20312 phase=row_merge_write slot=0 started_ns=1790069714625345000 ended_ns=1790069714643919875 elapsed_us=18574 block_gets=0 block_puts=4 deleted=0
checkpoint_phase lsn=20312 phase=value_index_write slot=0 started_ns=1790069714643931000 ended_ns=1790069714644088292 elapsed_us=157 block_gets=0 block_puts=0 deleted=0
checkpoint_phase lsn=20312 phase=row_merge_write slot=0 started_ns=1790069714644092000 ended_ns=1790069714662251292 elapsed_us=18159 block_gets=0 block_puts=4 deleted=0
checkpoint_phase lsn=20312 phase=value_index_write slot=0 started_ns=1790069714662260000 ended_ns=1790069714662865542 elapsed_us=605 block_gets=0 block_puts=0 deleted=0
checkpoint_phase lsn=20312 phase=row_merge_write slot=0 started_ns=1790069714662868000 ended_ns=1790069714681200084 elapsed_us=18332 block_gets=0 block_puts=4 deleted=0
checkpoint_phase lsn=20312 phase=value_index_write slot=0 started_ns=1790069714681209000 ended_ns=1790069714681354917 elapsed_us=145 block_gets=0 block_puts=0 deleted=0
checkpoint_phase lsn=20312 phase=row_merge_write slot=0 started_ns=1790069714681357000 ended_ns=1790069714701402792 elapsed_us=20045 block_gets=0 block_puts=4 deleted=0
checkpoint_phase lsn=20312 phase=value_index_write slot=0 started_ns=1790069714701410000 ended_ns=1790069714708947667 elapsed_us=7537 block_gets=0 block_puts=1 deleted=0
checkpoint_phase lsn=20312 phase=row_merge_write slot=0 started_ns=1790069714708955000 ended_ns=1790069714729244833 elapsed_us=20289 block_gets=0 block_puts=4 deleted=0
checkpoint_phase lsn=20312 phase=value_index_write slot=0 started_ns=1790069714729258000 ended_ns=1790069714729902208 elapsed_us=644 block_gets=0 block_puts=0 deleted=0
checkpoint_phase lsn=20312 phase=row_merge_write slot=0 started_ns=1790069714729908000 ended_ns=1790069714750953250 elapsed_us=21045 block_gets=0 block_puts=4 deleted=0
checkpoint_phase lsn=20312 phase=value_index_write slot=0 started_ns=1790069714750965000 ended_ns=1790069714751118458 elapsed_us=153 block_gets=0 block_puts=0 deleted=0
checkpoint_phase lsn=20312 phase=row_merge_write slot=0 started_ns=1790069714751124000 ended_ns=1790069714809621250 elapsed_us=58497 block_gets=0 block_puts=4 deleted=0
checkpoint_phase lsn=20312 phase=value_index_write slot=0 started_ns=1790069714809636000 ended_ns=1790069714809795083 elapsed_us=159 block_gets=0 block_puts=0 deleted=0
checkpoint_phase lsn=20312 phase=row_merge_write slot=0 started_ns=1790069714809799000 ended_ns=1790069714835070333 elapsed_us=25271 block_gets=0 block_puts=4 deleted=0
checkpoint_phase lsn=20312 phase=value_index_write slot=0 started_ns=1790069714835082000 ended_ns=1790069714861641209 elapsed_us=26559 block_gets=0 block_puts=2 deleted=0
checkpoint_phase lsn=20312 phase=row_merge_write slot=0 started_ns=1790069714861659000 ended_ns=1790069714902191542 elapsed_us=40532 block_gets=0 block_puts=4 deleted=0
checkpoint_phase lsn=20312 phase=value_index_schedule slot=0 started_ns=1790069714902204000 ended_ns=1790069715675818458 elapsed_us=773614 block_gets=0 block_puts=21 deleted=0
checkpoint_phase lsn=20312 phase=row_merge_write slot=0 started_ns=1790069715675828000 ended_ns=1790069715696904500 elapsed_us=21076 block_gets=0 block_puts=4 deleted=0
checkpoint_phase lsn=20312 phase=value_index_write slot=0 started_ns=1790069715696920000 ended_ns=1790069715710677208 elapsed_us=13757 block_gets=0 block_puts=4 deleted=0
checkpoint_phase lsn=20312 phase=row_merge_write slot=0 started_ns=1790069715710688000 ended_ns=1790069715730107500 elapsed_us=19419 block_gets=0 block_puts=4 deleted=0
checkpoint_phase lsn=20312 phase=value_index_write slot=0 started_ns=1790069715730152000 ended_ns=1790069715744225625 elapsed_us=14073 block_gets=0 block_puts=4 deleted=0
checkpoint_phase lsn=20312 phase=row_merge_write slot=0 started_ns=1790069715744237000 ended_ns=1790069715763708833 elapsed_us=19471 block_gets=0 block_puts=4 deleted=0
checkpoint_phase lsn=20312 phase=value_index_write slot=0 started_ns=1790069715763730000 ended_ns=1790069715777853417 elapsed_us=14123 block_gets=0 block_puts=4 deleted=0
checkpoint_phase lsn=20312 phase=row_merge_write slot=0 started_ns=1790069715777866000 ended_ns=1790069715798896500 elapsed_us=21030 block_gets=0 block_puts=4 deleted=0
checkpoint_phase lsn=20312 phase=value_index_write slot=0 started_ns=1790069715798915000 ended_ns=1790069715813015833 elapsed_us=14100 block_gets=0 block_puts=4 deleted=0
checkpoint_phase lsn=20312 phase=row_merge_write slot=0 started_ns=1790069715813025000 ended_ns=1790069715833785625 elapsed_us=20760 block_gets=0 block_puts=4 deleted=0
checkpoint_phase lsn=20312 phase=value_index_write slot=0 started_ns=1790069715833803000 ended_ns=1790069715848286959 elapsed_us=14483 block_gets=0 block_puts=4 deleted=0
checkpoint_phase lsn=20312 phase=row_merge_write slot=0 started_ns=1790069715848298000 ended_ns=1790069715868584750 elapsed_us=20286 block_gets=0 block_puts=4 deleted=0
checkpoint_phase lsn=20312 phase=value_index_write slot=0 started_ns=1790069715868605000 ended_ns=1790069715883227375 elapsed_us=14622 block_gets=0 block_puts=4 deleted=0
checkpoint_phase lsn=20312 phase=row_merge_write slot=0 started_ns=1790069715883239000 ended_ns=1790069715902635292 elapsed_us=19396 block_gets=0 block_puts=4 deleted=0
checkpoint_phase lsn=20312 phase=value_index_write slot=0 started_ns=1790069715902650000 ended_ns=1790069715915666875 elapsed_us=13016 block_gets=0 block_puts=4 deleted=0
checkpoint_phase lsn=20312 phase=row_merge_write slot=0 started_ns=1790069715915676000 ended_ns=1790069715935535125 elapsed_us=19859 block_gets=0 block_puts=4 deleted=0
checkpoint_phase lsn=20312 phase=value_index_write slot=0 started_ns=1790069715935547000 ended_ns=1790069715950681500 elapsed_us=15134 block_gets=0 block_puts=4 deleted=0
checkpoint_phase lsn=20312 phase=row_merge_write slot=0 started_ns=1790069715950691000 ended_ns=1790069715973008917 elapsed_us=22317 block_gets=0 block_puts=4 deleted=0
checkpoint_phase lsn=20312 phase=value_index_write slot=0 started_ns=1790069715973021000 ended_ns=1790069715987419625 elapsed_us=14398 block_gets=0 block_puts=4 deleted=0
checkpoint_phase lsn=20312 phase=row_merge_write slot=0 started_ns=1790069715987429000 ended_ns=1790069716007183791 elapsed_us=19754 block_gets=0 block_puts=4 deleted=0
checkpoint_phase lsn=20312 phase=value_index_write slot=0 started_ns=1790069716007196000 ended_ns=1790069716021875000 elapsed_us=14679 block_gets=0 block_puts=4 deleted=0
checkpoint_phase lsn=20312 phase=row_merge_write slot=0 started_ns=1790069716021884000 ended_ns=1790069716041933208 elapsed_us=20049 block_gets=0 block_puts=4 deleted=0
checkpoint_phase lsn=20312 phase=value_index_write slot=0 started_ns=1790069716041944000 ended_ns=1790069716054393875 elapsed_us=12449 block_gets=0 block_puts=4 deleted=0
checkpoint_phase lsn=20312 phase=row_merge_write slot=0 started_ns=1790069716054403000 ended_ns=1790069716073369583 elapsed_us=18966 block_gets=0 block_puts=4 deleted=0
checkpoint_phase lsn=20312 phase=value_index_write slot=0 started_ns=1790069716073392000 ended_ns=1790069716087110916 elapsed_us=13718 block_gets=0 block_puts=4 deleted=0
checkpoint_phase lsn=20312 phase=row_merge_write slot=0 started_ns=1790069716087123000 ended_ns=1790069716106744333 elapsed_us=19621 block_gets=0 block_puts=4 deleted=0
checkpoint_phase lsn=20312 phase=value_index_write slot=0 started_ns=1790069716106756000 ended_ns=1790069716123001083 elapsed_us=16245 block_gets=0 block_puts=4 deleted=0
checkpoint_phase lsn=20312 phase=row_merge_write slot=0 started_ns=1790069716123014000 ended_ns=1790069716143149791 elapsed_us=20135 block_gets=0 block_puts=4 deleted=0
checkpoint_phase lsn=20312 phase=value_index_write slot=0 started_ns=1790069716143169000 ended_ns=1790069716160138834 elapsed_us=16969 block_gets=0 block_puts=4 deleted=0
checkpoint_phase lsn=20312 phase=row_merge_write slot=0 started_ns=1790069716160166000 ended_ns=1790069716181768500 elapsed_us=21602 block_gets=0 block_puts=4 deleted=0
checkpoint_phase lsn=20312 phase=value_index_write slot=0 started_ns=1790069716181781000 ended_ns=1790069716203597916 elapsed_us=21816 block_gets=0 block_puts=5 deleted=0
checkpoint_phase lsn=20312 phase=row_merge_write slot=0 started_ns=1790069716203610000 ended_ns=1790069716224167750 elapsed_us=20557 block_gets=0 block_puts=4 deleted=0
checkpoint_phase lsn=20312 phase=value_index_schedule slot=0 started_ns=1790069716224181000 ended_ns=1790069717000503708 elapsed_us=776322 block_gets=0 block_puts=22 deleted=0
checkpoint_phase lsn=20312 phase=row_merge_write slot=0 started_ns=1790069717000507000 ended_ns=1790069717021548500 elapsed_us=21041 block_gets=0 block_puts=4 deleted=0
checkpoint_phase lsn=20312 phase=value_index_write slot=0 started_ns=1790069717021558000 ended_ns=1790069717035793333 elapsed_us=14235 block_gets=0 block_puts=4 deleted=0
checkpoint_phase lsn=20312 phase=row_merge_write slot=0 started_ns=1790069717035806000 ended_ns=1790069717056411375 elapsed_us=20605 block_gets=0 block_puts=4 deleted=0
checkpoint_phase lsn=20312 phase=value_index_write slot=0 started_ns=1790069717056425000 ended_ns=1790069717070678375 elapsed_us=14253 block_gets=0 block_puts=4 deleted=0
checkpoint_phase lsn=20312 phase=row_merge_write slot=0 started_ns=1790069717070688000 ended_ns=1790069717090212166 elapsed_us=19524 block_gets=0 block_puts=4 deleted=0
checkpoint_phase lsn=20312 phase=value_index_write slot=0 started_ns=1790069717090223000 ended_ns=1790069717107190834 elapsed_us=16967 block_gets=0 block_puts=4 deleted=0
checkpoint_phase lsn=20312 phase=row_merge_write slot=0 started_ns=1790069717107200000 ended_ns=1790069717126855042 elapsed_us=19655 block_gets=0 block_puts=4 deleted=0
checkpoint_phase lsn=20312 phase=value_index_write slot=0 started_ns=1790069717126865000 ended_ns=1790069717140111917 elapsed_us=13246 block_gets=0 block_puts=4 deleted=0
checkpoint_phase lsn=20312 phase=row_merge_write slot=0 started_ns=1790069717140124000 ended_ns=1790069717160137708 elapsed_us=20013 block_gets=0 block_puts=4 deleted=0
checkpoint_phase lsn=20312 phase=value_index_write slot=0 started_ns=1790069717160149000 ended_ns=1790069717175012292 elapsed_us=14863 block_gets=0 block_puts=4 deleted=0
checkpoint_phase lsn=20312 phase=row_merge_write slot=0 started_ns=1790069717175023000 ended_ns=1790069717195873333 elapsed_us=20850 block_gets=0 block_puts=4 deleted=0
checkpoint_phase lsn=20312 phase=value_index_write slot=0 started_ns=1790069717195885000 ended_ns=1790069717211353167 elapsed_us=15468 block_gets=0 block_puts=4 deleted=0
checkpoint_phase lsn=20312 phase=row_merge_write slot=0 started_ns=1790069717211362000 ended_ns=1790069717232424375 elapsed_us=21062 block_gets=0 block_puts=4 deleted=0
checkpoint_phase lsn=20312 phase=value_index_write slot=0 started_ns=1790069717232436000 ended_ns=1790069717247014250 elapsed_us=14578 block_gets=0 block_puts=4 deleted=0
checkpoint_phase lsn=20312 phase=row_merge_write slot=0 started_ns=1790069717247023000 ended_ns=1790069717267481417 elapsed_us=20458 block_gets=0 block_puts=4 deleted=0
checkpoint_phase lsn=20312 phase=value_index_write slot=0 started_ns=1790069717267492000 ended_ns=1790069717285248333 elapsed_us=17756 block_gets=0 block_puts=4 deleted=0
checkpoint_phase lsn=20312 phase=row_merge_write slot=0 started_ns=1790069717285257000 ended_ns=1790069717306462625 elapsed_us=21205 block_gets=0 block_puts=4 deleted=0
checkpoint_phase lsn=20312 phase=value_index_write slot=0 started_ns=1790069717306474000 ended_ns=1790069717320867292 elapsed_us=14393 block_gets=0 block_puts=4 deleted=0
checkpoint_phase lsn=20312 phase=row_merge_write slot=0 started_ns=1790069717320879000 ended_ns=1790069717338858625 elapsed_us=17979 block_gets=0 block_puts=4 deleted=0
checkpoint_phase lsn=20312 phase=value_index_write slot=0 started_ns=1790069717338880000 ended_ns=1790069717353231041 elapsed_us=14351 block_gets=0 block_puts=4 deleted=0
checkpoint_phase lsn=20312 phase=row_merge_write slot=0 started_ns=1790069717353254000 ended_ns=1790069717374869791 elapsed_us=21615 block_gets=0 block_puts=4 deleted=0
checkpoint_phase lsn=20312 phase=value_index_write slot=0 started_ns=1790069717374882000 ended_ns=1790069717390095208 elapsed_us=15213 block_gets=0 block_puts=4 deleted=0
checkpoint_phase lsn=20312 phase=row_merge_write slot=0 started_ns=1790069717390106000 ended_ns=1790069717411162292 elapsed_us=21056 block_gets=0 block_puts=4 deleted=0
checkpoint_phase lsn=20312 phase=value_index_write slot=0 started_ns=1790069717411175000 ended_ns=1790069717428123542 elapsed_us=16948 block_gets=0 block_puts=4 deleted=0
checkpoint_phase lsn=20312 phase=row_merge_write slot=0 started_ns=1790069717428135000 ended_ns=1790069717449331000 elapsed_us=21196 block_gets=0 block_puts=4 deleted=0
checkpoint_phase lsn=20312 phase=value_index_write slot=0 started_ns=1790069717449345000 ended_ns=1790069717462042958 elapsed_us=12697 block_gets=0 block_puts=4 deleted=0
checkpoint_phase lsn=20312 phase=row_merge_write slot=0 started_ns=1790069717462057000 ended_ns=1790069717483549875 elapsed_us=21492 block_gets=0 block_puts=4 deleted=0
checkpoint_phase lsn=20312 phase=value_index_write slot=0 started_ns=1790069717483561000 ended_ns=1790069717497710958 elapsed_us=14149 block_gets=0 block_puts=4 deleted=0
checkpoint_phase lsn=20312 phase=row_merge_write slot=0 started_ns=1790069717497722000 ended_ns=1790069717518582667 elapsed_us=20860 block_gets=0 block_puts=4 deleted=0
checkpoint_phase lsn=20312 phase=value_index_write slot=0 started_ns=1790069717518596000 ended_ns=1790069717533855458 elapsed_us=15259 block_gets=0 block_puts=4 deleted=0
checkpoint_phase lsn=20312 phase=row_merge_write slot=0 started_ns=1790069717533866000 ended_ns=1790069717554314416 elapsed_us=20448 block_gets=0 block_puts=4 deleted=0
checkpoint_phase lsn=20312 phase=value_index_write slot=0 started_ns=1790069717554327000 ended_ns=1790069717574793375 elapsed_us=20466 block_gets=0 block_puts=4 deleted=0
checkpoint_phase lsn=20312 phase=row_merge_write slot=0 started_ns=1790069717574806000 ended_ns=1790069717594063500 elapsed_us=19257 block_gets=0 block_puts=4 deleted=0
checkpoint_phase lsn=20312 phase=value_index_write slot=0 started_ns=1790069717594075000 ended_ns=1790069717608911917 elapsed_us=14836 block_gets=0 block_puts=4 deleted=0
checkpoint_phase lsn=20312 phase=row_merge_write slot=0 started_ns=1790069717608920000 ended_ns=1790069717627076959 elapsed_us=18156 block_gets=0 block_puts=4 deleted=0
checkpoint_phase lsn=20312 phase=value_index_write slot=0 started_ns=1790069717627089000 ended_ns=1790069717643829625 elapsed_us=16740 block_gets=0 block_puts=4 deleted=0
checkpoint_phase lsn=20312 phase=row_merge_write slot=0 started_ns=1790069717643840000 ended_ns=1790069717661992333 elapsed_us=18152 block_gets=0 block_puts=4 deleted=0
checkpoint_phase lsn=20312 phase=value_index_write slot=0 started_ns=1790069717662004000 ended_ns=1790069717674754791 elapsed_us=12750 block_gets=0 block_puts=4 deleted=0
checkpoint_phase lsn=20312 phase=row_merge_write slot=0 started_ns=1790069717674766000 ended_ns=1790069717705549500 elapsed_us=30783 block_gets=0 block_puts=4 deleted=0
checkpoint_phase lsn=20312 phase=value_index_write slot=0 started_ns=1790069717705560000 ended_ns=1790069717735903167 elapsed_us=30343 block_gets=0 block_puts=6 deleted=0
checkpoint_phase lsn=20312 phase=row_merge_write slot=0 started_ns=1790069717735914000 ended_ns=1790069717755417083 elapsed_us=19503 block_gets=0 block_puts=4 deleted=0
checkpoint_phase lsn=20312 phase=value_index_schedule slot=0 started_ns=1790069717755429000 ended_ns=1790069718536821417 elapsed_us=781392 block_gets=0 block_puts=21 deleted=0
checkpoint_phase lsn=20312 phase=row_merge_write slot=0 started_ns=1790069718536824000 ended_ns=1790069718557114875 elapsed_us=20290 block_gets=0 block_puts=4 deleted=0
checkpoint_phase lsn=20312 phase=value_index_write slot=0 started_ns=1790069718557138000 ended_ns=1790069718573134291 elapsed_us=15996 block_gets=0 block_puts=4 deleted=0
checkpoint_phase lsn=20312 phase=row_merge_write slot=0 started_ns=1790069718573154000 ended_ns=1790069718591347167 elapsed_us=18193 block_gets=0 block_puts=4 deleted=0
checkpoint_phase lsn=20312 phase=value_index_write slot=0 started_ns=1790069718591360000 ended_ns=1790069718606594750 elapsed_us=15234 block_gets=0 block_puts=4 deleted=0
checkpoint_phase lsn=20312 phase=row_merge_write slot=0 started_ns=1790069718606605000 ended_ns=1790069718625815625 elapsed_us=19210 block_gets=0 block_puts=4 deleted=0
checkpoint_phase lsn=20312 phase=value_index_write slot=0 started_ns=1790069718625827000 ended_ns=1790069718644616500 elapsed_us=18789 block_gets=0 block_puts=4 deleted=0
checkpoint_phase lsn=20312 phase=row_merge_write slot=0 started_ns=1790069718644628000 ended_ns=1790069718664238917 elapsed_us=19610 block_gets=0 block_puts=4 deleted=0
checkpoint_phase lsn=20312 phase=value_index_write slot=0 started_ns=1790069718664252000 ended_ns=1790069718678230625 elapsed_us=13978 block_gets=0 block_puts=4 deleted=0
checkpoint_phase lsn=20312 phase=row_merge_write slot=0 started_ns=1790069718678241000 ended_ns=1790069718697713125 elapsed_us=19472 block_gets=0 block_puts=4 deleted=0
checkpoint_phase lsn=20312 phase=value_index_write slot=0 started_ns=1790069718697727000 ended_ns=1790069718711955208 elapsed_us=14228 block_gets=0 block_puts=4 deleted=0
checkpoint_phase lsn=20312 phase=row_merge_write slot=0 started_ns=1790069718711966000 ended_ns=1790069718731594875 elapsed_us=19628 block_gets=0 block_puts=4 deleted=0
checkpoint_phase lsn=20312 phase=value_index_write slot=0 started_ns=1790069718731607000 ended_ns=1790069718746751083 elapsed_us=15144 block_gets=0 block_puts=4 deleted=0
checkpoint_phase lsn=20312 phase=row_merge_write slot=0 started_ns=1790069718746762000 ended_ns=1790069718766722042 elapsed_us=19960 block_gets=0 block_puts=4 deleted=0
checkpoint_phase lsn=20312 phase=value_index_write slot=0 started_ns=1790069718766736000 ended_ns=1790069718780190041 elapsed_us=13454 block_gets=0 block_puts=4 deleted=0
checkpoint_phase lsn=20312 phase=row_merge_write slot=0 started_ns=1790069718780201000 ended_ns=1790069718802737583 elapsed_us=22536 block_gets=0 block_puts=4 deleted=0
checkpoint_phase lsn=20312 phase=value_index_write slot=0 started_ns=1790069718802750000 ended_ns=1790069718816451292 elapsed_us=13701 block_gets=0 block_puts=4 deleted=0
checkpoint_phase lsn=20312 phase=row_merge_write slot=0 started_ns=1790069718816462000 ended_ns=1790069718835199833 elapsed_us=18737 block_gets=0 block_puts=4 deleted=0
checkpoint_phase lsn=20312 phase=value_index_write slot=0 started_ns=1790069718835211000 ended_ns=1790069718848921625 elapsed_us=13710 block_gets=0 block_puts=4 deleted=0
checkpoint_phase lsn=20312 phase=row_merge_write slot=0 started_ns=1790069718848932000 ended_ns=1790069718868333541 elapsed_us=19401 block_gets=0 block_puts=4 deleted=0
checkpoint_phase lsn=20312 phase=value_index_write slot=0 started_ns=1790069718868346000 ended_ns=1790069718883937500 elapsed_us=15591 block_gets=0 block_puts=4 deleted=0
checkpoint_phase lsn=20312 phase=row_merge_write slot=0 started_ns=1790069718883952000 ended_ns=1790069718903795541 elapsed_us=19843 block_gets=0 block_puts=4 deleted=0
checkpoint_phase lsn=20312 phase=value_index_write slot=0 started_ns=1790069718903808000 ended_ns=1790069718918656375 elapsed_us=14848 block_gets=0 block_puts=4 deleted=0
checkpoint_phase lsn=20312 phase=row_merge_write slot=0 started_ns=1790069718918669000 ended_ns=1790069718940672584 elapsed_us=22003 block_gets=0 block_puts=4 deleted=0
checkpoint_phase lsn=20312 phase=value_index_write slot=0 started_ns=1790069718940684000 ended_ns=1790069718955378875 elapsed_us=14694 block_gets=0 block_puts=4 deleted=0
checkpoint_phase lsn=20312 phase=row_merge_write slot=0 started_ns=1790069718955389000 ended_ns=1790069718973221833 elapsed_us=17832 block_gets=0 block_puts=4 deleted=0
checkpoint_phase lsn=20312 phase=value_index_write slot=0 started_ns=1790069718973237000 ended_ns=1790069718987181750 elapsed_us=13944 block_gets=0 block_puts=4 deleted=0
checkpoint_phase lsn=20312 phase=row_merge_write slot=0 started_ns=1790069718987194000 ended_ns=1790069719006271833 elapsed_us=19077 block_gets=0 block_puts=4 deleted=0
checkpoint_phase lsn=20312 phase=value_index_write slot=0 started_ns=1790069719006283000 ended_ns=1790069719021244333 elapsed_us=14961 block_gets=0 block_puts=4 deleted=0
checkpoint_phase lsn=20312 phase=row_merge_write slot=0 started_ns=1790069719021257000 ended_ns=1790069719039720583 elapsed_us=18463 block_gets=0 block_puts=4 deleted=0
checkpoint_phase lsn=20312 phase=value_index_write slot=0 started_ns=1790069719039731000 ended_ns=1790069719053675084 elapsed_us=13944 block_gets=0 block_puts=4 deleted=0
checkpoint_phase lsn=20312 phase=row_merge_write slot=0 started_ns=1790069719053685000 ended_ns=1790069719071707375 elapsed_us=18022 block_gets=0 block_puts=4 deleted=0
checkpoint_phase lsn=20312 phase=value_index_write slot=0 started_ns=1790069719071718000 ended_ns=1790069719081154666 elapsed_us=9436 block_gets=0 block_puts=3 deleted=0
checkpoint_phase lsn=20312 phase=row_merge_write slot=0 started_ns=1790069719081170000 ended_ns=1790069719099711709 elapsed_us=18541 block_gets=0 block_puts=4 deleted=0
checkpoint_phase lsn=20312 phase=value_index_schedule slot=0 started_ns=1790069719099724000 ended_ns=1790069719861779375 elapsed_us=762055 block_gets=0 block_puts=21 deleted=0
checkpoint_phase lsn=20312 phase=row_merge_write slot=0 started_ns=1790069719861785000 ended_ns=1790069719884034291 elapsed_us=22249 block_gets=0 block_puts=4 deleted=0
checkpoint_phase lsn=20312 phase=value_index_write slot=0 started_ns=1790069719884048000 ended_ns=1790069719894577208 elapsed_us=10529 block_gets=0 block_puts=3 deleted=0
checkpoint_phase lsn=20312 phase=row_merge_write slot=0 started_ns=1790069719894588000 ended_ns=1790069719917481666 elapsed_us=22893 block_gets=0 block_puts=4 deleted=0
checkpoint_phase lsn=20312 phase=value_index_write slot=0 started_ns=1790069719917498000 ended_ns=1790069719930894708 elapsed_us=13396 block_gets=0 block_puts=4 deleted=0
checkpoint_phase lsn=20312 phase=row_merge_write slot=0 started_ns=1790069719930908000 ended_ns=1790069719952133584 elapsed_us=21225 block_gets=0 block_puts=4 deleted=0
checkpoint_phase lsn=20312 phase=value_index_write slot=0 started_ns=1790069719952146000 ended_ns=1790069719966305250 elapsed_us=14159 block_gets=0 block_puts=4 deleted=0
checkpoint_phase lsn=20312 phase=row_merge_write slot=0 started_ns=1790069719966313000 ended_ns=1790069719987068959 elapsed_us=20755 block_gets=0 block_puts=4 deleted=0
checkpoint_phase lsn=20312 phase=value_index_write slot=0 started_ns=1790069719987080000 ended_ns=1790069720002671000 elapsed_us=15591 block_gets=0 block_puts=4 deleted=0
checkpoint_phase lsn=20312 phase=row_merge_write slot=0 started_ns=1790069720002681000 ended_ns=1790069720025915208 elapsed_us=23234 block_gets=0 block_puts=4 deleted=0
checkpoint_phase lsn=20312 phase=value_index_write slot=0 started_ns=1790069720025952000 ended_ns=1790069720052343542 elapsed_us=26391 block_gets=0 block_puts=4 deleted=0
checkpoint_phase lsn=20312 phase=row_merge_write slot=0 started_ns=1790069720052356000 ended_ns=1790069720077814667 elapsed_us=25458 block_gets=0 block_puts=4 deleted=0
checkpoint_phase lsn=20312 phase=value_index_write slot=0 started_ns=1790069720077825000 ended_ns=1790069720090463250 elapsed_us=12638 block_gets=0 block_puts=4 deleted=0
checkpoint_phase lsn=20312 phase=row_merge_write slot=0 started_ns=1790069720090474000 ended_ns=1790069720108165167 elapsed_us=17691 block_gets=0 block_puts=4 deleted=0
checkpoint_phase lsn=20312 phase=value_index_write slot=0 started_ns=1790069720108178000 ended_ns=1790069720124001709 elapsed_us=15823 block_gets=0 block_puts=4 deleted=0
checkpoint_phase lsn=20312 phase=row_merge_write slot=0 started_ns=1790069720124013000 ended_ns=1790069720142163917 elapsed_us=18150 block_gets=0 block_puts=4 deleted=0
checkpoint_phase lsn=20312 phase=value_index_write slot=0 started_ns=1790069720142181000 ended_ns=1790069720156323167 elapsed_us=14142 block_gets=0 block_puts=4 deleted=0
checkpoint_phase lsn=20312 phase=row_merge_write slot=0 started_ns=1790069720156334000 ended_ns=1790069720177888167 elapsed_us=21554 block_gets=0 block_puts=4 deleted=0
checkpoint_phase lsn=20312 phase=value_index_write slot=0 started_ns=1790069720177899000 ended_ns=1790069720194610333 elapsed_us=16711 block_gets=0 block_puts=4 deleted=0
checkpoint_phase lsn=20312 phase=row_merge_write slot=0 started_ns=1790069720194619000 ended_ns=1790069720212970917 elapsed_us=18351 block_gets=0 block_puts=4 deleted=0
checkpoint_phase lsn=20312 phase=value_index_write slot=0 started_ns=1790069720212981000 ended_ns=1790069720227289125 elapsed_us=14308 block_gets=0 block_puts=4 deleted=0
checkpoint_phase lsn=20312 phase=row_merge_write slot=0 started_ns=1790069720227299000 ended_ns=1790069720242894292 elapsed_us=15595 block_gets=0 block_puts=4 deleted=0
checkpoint_phase lsn=20312 phase=value_index_write slot=0 started_ns=1790069720242907000 ended_ns=1790069720254685833 elapsed_us=11778 block_gets=0 block_puts=4 deleted=0
checkpoint_phase lsn=20312 phase=row_merge_write slot=0 started_ns=1790069720254699000 ended_ns=1790069720272037041 elapsed_us=17338 block_gets=0 block_puts=4 deleted=0
checkpoint_phase lsn=20312 phase=value_index_schedule slot=0 started_ns=1790069720272050000 ended_ns=1790069721012225750 elapsed_us=740175 block_gets=0 block_puts=16 deleted=0
checkpoint_phase lsn=20312 phase=row_merge_write slot=0 started_ns=1790069721012232000 ended_ns=1790069721032481583 elapsed_us=20249 block_gets=0 block_puts=4 deleted=0
checkpoint_phase lsn=20312 phase=value_index_write slot=0 started_ns=1790069721032495000 ended_ns=1790069721047245250 elapsed_us=14750 block_gets=0 block_puts=4 deleted=0
checkpoint_phase lsn=20312 phase=row_merge_write slot=0 started_ns=1790069721047256000 ended_ns=1790069721065629250 elapsed_us=18373 block_gets=0 block_puts=4 deleted=0
checkpoint_phase lsn=20312 phase=value_index_write slot=0 started_ns=1790069721065643000 ended_ns=1790069721079463250 elapsed_us=13820 block_gets=0 block_puts=4 deleted=0
checkpoint_phase lsn=20312 phase=row_merge_write slot=0 started_ns=1790069721079475000 ended_ns=1790069721099008292 elapsed_us=19533 block_gets=0 block_puts=4 deleted=0
checkpoint_phase lsn=20312 phase=value_index_write slot=0 started_ns=1790069721099021000 ended_ns=1790069721113139375 elapsed_us=14118 block_gets=0 block_puts=4 deleted=0
checkpoint_phase lsn=20312 phase=row_merge_write slot=0 started_ns=1790069721113153000 ended_ns=1790069721136951792 elapsed_us=23798 block_gets=0 block_puts=4 deleted=0
checkpoint_phase lsn=20312 phase=value_index_write slot=0 started_ns=1790069721136967000 ended_ns=1790069721151513125 elapsed_us=14546 block_gets=0 block_puts=4 deleted=0
checkpoint_phase lsn=20312 phase=row_merge_write slot=0 started_ns=1790069721151526000 ended_ns=1790069721170923708 elapsed_us=19397 block_gets=0 block_puts=4 deleted=0
checkpoint_phase lsn=20312 phase=value_index_write slot=0 started_ns=1790069721170935000 ended_ns=1790069721186196583 elapsed_us=15261 block_gets=0 block_puts=4 deleted=0
checkpoint_phase lsn=20312 phase=row_merge_write slot=0 started_ns=1790069721186210000 ended_ns=1790069721220924667 elapsed_us=34714 block_gets=0 block_puts=8 deleted=0
checkpoint_phase lsn=20312 phase=value_index_write slot=0 started_ns=1790069721220940000 ended_ns=1790069721235234750 elapsed_us=14294 block_gets=0 block_puts=4 deleted=0
checkpoint_phase lsn=20312 phase=value_index_write slot=0 started_ns=1790069721235248000 ended_ns=1790069721248882166 elapsed_us=13634 block_gets=0 block_puts=4 deleted=0
checkpoint_phase lsn=20312 phase=value_index_write slot=0 started_ns=1790069721248895000 ended_ns=1790069721268209125 elapsed_us=19314 block_gets=0 block_puts=4 deleted=0
checkpoint_phase lsn=20312 phase=value_index_write slot=0 started_ns=1790069721268219000 ended_ns=1790069721284329041 elapsed_us=16110 block_gets=0 block_puts=4 deleted=0
checkpoint_phase lsn=20312 phase=value_index_write slot=0 started_ns=1790069721284347000 ended_ns=1790069721296773166 elapsed_us=12426 block_gets=0 block_puts=4 deleted=0
checkpoint_phase lsn=20312 phase=value_index_write slot=0 started_ns=1790069721296787000 ended_ns=1790069721310659250 elapsed_us=13872 block_gets=0 block_puts=4 deleted=0
checkpoint_phase lsn=20312 phase=value_index_write slot=0 started_ns=1790069721310674000 ended_ns=1790069721328765833 elapsed_us=18091 block_gets=0 block_puts=5 deleted=0
checkpoint_phase lsn=20312 phase=value_index_schedule slot=0 started_ns=1790069721328784000 ended_ns=1790069722070019500 elapsed_us=741235 block_gets=0 block_puts=16 deleted=0
checkpoint_phase lsn=20312 phase=value_index_write slot=0 started_ns=1790069722070026000 ended_ns=1790069722087398417 elapsed_us=17372 block_gets=0 block_puts=4 deleted=0
checkpoint_phase lsn=20312 phase=value_index_write slot=0 started_ns=1790069722087417000 ended_ns=1790069722102722625 elapsed_us=15305 block_gets=0 block_puts=4 deleted=0
checkpoint_phase lsn=20312 phase=value_index_write slot=0 started_ns=1790069722102737000 ended_ns=1790069722117788166 elapsed_us=15051 block_gets=0 block_puts=4 deleted=0
checkpoint_phase lsn=20312 phase=value_index_write slot=0 started_ns=1790069722117802000 ended_ns=1790069722132689500 elapsed_us=14887 block_gets=0 block_puts=4 deleted=0
checkpoint_phase lsn=20312 phase=value_index_write slot=0 started_ns=1790069722132704000 ended_ns=1790069722146934250 elapsed_us=14230 block_gets=0 block_puts=4 deleted=0
checkpoint_phase lsn=20312 phase=value_index_write slot=0 started_ns=1790069722146947000 ended_ns=1790069722160051917 elapsed_us=13104 block_gets=0 block_puts=4 deleted=0
checkpoint_phase lsn=20312 phase=value_index_write slot=0 started_ns=1790069722160062000 ended_ns=1790069722177557417 elapsed_us=17495 block_gets=0 block_puts=4 deleted=0
checkpoint_phase lsn=20312 phase=value_index_write slot=0 started_ns=1790069722177573000 ended_ns=1790069722195214417 elapsed_us=17641 block_gets=0 block_puts=4 deleted=0
checkpoint_phase lsn=20312 phase=value_index_write slot=0 started_ns=1790069722195226000 ended_ns=1790069722210239334 elapsed_us=15013 block_gets=0 block_puts=4 deleted=0
checkpoint_phase lsn=20312 phase=value_index_write slot=0 started_ns=1790069722210253000 ended_ns=1790069722225965250 elapsed_us=15712 block_gets=0 block_puts=4 deleted=0
checkpoint_phase lsn=20312 phase=value_index_write slot=0 started_ns=1790069722225978000 ended_ns=1790069722238960291 elapsed_us=12982 block_gets=0 block_puts=4 deleted=0
checkpoint_phase lsn=20312 phase=value_index_write slot=0 started_ns=1790069722238974000 ended_ns=1790069722259141750 elapsed_us=20167 block_gets=0 block_puts=5 deleted=0
checkpoint_phase lsn=20312 phase=value_index_schedule slot=0 started_ns=1790069722259163000 ended_ns=1790069723023320375 elapsed_us=764157 block_gets=0 block_puts=21 deleted=0
checkpoint_phase lsn=20312 phase=value_index_write slot=0 started_ns=1790069723023324000 ended_ns=1790069723040392333 elapsed_us=17068 block_gets=0 block_puts=4 deleted=0
checkpoint_phase lsn=20312 phase=value_index_write slot=0 started_ns=1790069723040405000 ended_ns=1790069723054199084 elapsed_us=13794 block_gets=0 block_puts=4 deleted=0
checkpoint_phase lsn=20312 phase=value_index_write slot=0 started_ns=1790069723054212000 ended_ns=1790069723066585833 elapsed_us=12373 block_gets=0 block_puts=4 deleted=0
checkpoint_phase lsn=20312 phase=value_index_write slot=0 started_ns=1790069723066600000 ended_ns=1790069723086133875 elapsed_us=19533 block_gets=0 block_puts=4 deleted=0
checkpoint_phase lsn=20312 phase=value_index_write slot=0 started_ns=1790069723086150000 ended_ns=1790069723097795292 elapsed_us=11645 block_gets=0 block_puts=4 deleted=0
checkpoint_phase lsn=20312 phase=value_index_write slot=0 started_ns=1790069723097809000 ended_ns=1790069723111400417 elapsed_us=13591 block_gets=0 block_puts=4 deleted=0
checkpoint_phase lsn=20312 phase=value_index_write slot=0 started_ns=1790069723111412000 ended_ns=1790069723127357250 elapsed_us=15945 block_gets=0 block_puts=4 deleted=0
checkpoint_phase lsn=20312 phase=value_index_write slot=0 started_ns=1790069723127376000 ended_ns=1790069723139444500 elapsed_us=12068 block_gets=0 block_puts=4 deleted=0
checkpoint_phase lsn=20312 phase=value_index_write slot=0 started_ns=1790069723139456000 ended_ns=1790069723155605458 elapsed_us=16149 block_gets=0 block_puts=4 deleted=0
checkpoint_phase lsn=20312 phase=value_index_write slot=0 started_ns=1790069723155620000 ended_ns=1790069723169429125 elapsed_us=13809 block_gets=0 block_puts=4 deleted=0
checkpoint_phase lsn=20312 phase=value_index_write slot=0 started_ns=1790069723169441000 ended_ns=1790069723183956625 elapsed_us=14515 block_gets=0 block_puts=4 deleted=0
checkpoint_phase lsn=20312 phase=value_index_write slot=0 started_ns=1790069723183972000 ended_ns=1790069723205006583 elapsed_us=21034 block_gets=0 block_puts=4 deleted=0
checkpoint_phase lsn=20312 phase=value_index_write slot=0 started_ns=1790069723205020000 ended_ns=1790069723230439167 elapsed_us=25419 block_gets=0 block_puts=4 deleted=0
checkpoint_phase lsn=20312 phase=value_index_write slot=0 started_ns=1790069723230451000 ended_ns=1790069723245417333 elapsed_us=14966 block_gets=0 block_puts=4 deleted=0
checkpoint_phase lsn=20312 phase=value_index_write slot=0 started_ns=1790069723245437000 ended_ns=1790069723258124417 elapsed_us=12687 block_gets=0 block_puts=4 deleted=0
checkpoint_phase lsn=20312 phase=value_index_write slot=0 started_ns=1790069723258142000 ended_ns=1790069723271172000 elapsed_us=13030 block_gets=0 block_puts=4 deleted=0
checkpoint_phase lsn=20312 phase=value_index_write slot=0 started_ns=1790069723271185000 ended_ns=1790069723285655083 elapsed_us=14470 block_gets=0 block_puts=4 deleted=0
checkpoint_phase lsn=20312 phase=value_index_write slot=0 started_ns=1790069723285671000 ended_ns=1790069723299921125 elapsed_us=14250 block_gets=0 block_puts=4 deleted=0
checkpoint_phase lsn=20312 phase=value_index_write slot=0 started_ns=1790069723299936000 ended_ns=1790069723312052917 elapsed_us=12116 block_gets=0 block_puts=4 deleted=0
checkpoint_phase lsn=20312 phase=value_index_write slot=0 started_ns=1790069723312066000 ended_ns=1790069723326310458 elapsed_us=14244 block_gets=0 block_puts=4 deleted=0
checkpoint_phase lsn=20312 phase=value_index_write slot=0 started_ns=1790069723326323000 ended_ns=1790069723340341083 elapsed_us=14018 block_gets=0 block_puts=4 deleted=0
checkpoint_phase lsn=20312 phase=value_index_write slot=0 started_ns=1790069723340355000 ended_ns=1790069723354899792 elapsed_us=14544 block_gets=0 block_puts=4 deleted=0
checkpoint_phase lsn=20312 phase=value_index_write slot=0 started_ns=1790069723354914000 ended_ns=1790069723368267291 elapsed_us=13353 block_gets=0 block_puts=4 deleted=0
checkpoint_phase lsn=20312 phase=value_index_write slot=0 started_ns=1790069723368280000 ended_ns=1790069723382991000 elapsed_us=14711 block_gets=0 block_puts=4 deleted=0
checkpoint_phase lsn=20312 phase=value_index_write slot=0 started_ns=1790069723383006000 ended_ns=1790069723397504416 elapsed_us=14498 block_gets=0 block_puts=4 deleted=0
checkpoint_phase lsn=20312 phase=value_index_write slot=0 started_ns=1790069723397518000 ended_ns=1790069723413383084 elapsed_us=15865 block_gets=0 block_puts=4 deleted=0
checkpoint_phase lsn=20312 phase=value_index_write slot=0 started_ns=1790069723413398000 ended_ns=1790069723427801000 elapsed_us=14403 block_gets=0 block_puts=4 deleted=0
checkpoint_phase lsn=20312 phase=value_index_write slot=0 started_ns=1790069723427814000 ended_ns=1790069723442207458 elapsed_us=14393 block_gets=0 block_puts=4 deleted=0
checkpoint_phase lsn=20312 phase=value_index_write slot=0 started_ns=1790069723442220000 ended_ns=1790069723457364042 elapsed_us=15144 block_gets=0 block_puts=4 deleted=0
checkpoint_phase lsn=20312 phase=value_index_write slot=0 started_ns=1790069723457378000 ended_ns=1790069723472599459 elapsed_us=15221 block_gets=0 block_puts=4 deleted=0
checkpoint_phase lsn=20312 phase=value_index_write slot=0 started_ns=1790069723472615000 ended_ns=1790069723495105125 elapsed_us=22490 block_gets=0 block_puts=4 deleted=0
checkpoint_phase lsn=20312 phase=value_index_write slot=0 started_ns=1790069723495120000 ended_ns=1790069723518146625 elapsed_us=23026 block_gets=0 block_puts=4 deleted=0
checkpoint_phase lsn=20312 phase=value_index_write slot=0 started_ns=1790069723518162000 ended_ns=1790069723542393208 elapsed_us=24231 block_gets=0 block_puts=5 deleted=0
checkpoint_phase lsn=20312 phase=value_index_write slot=0 started_ns=1790069723542406000 ended_ns=1790069723556270333 elapsed_us=13864 block_gets=0 block_puts=4 deleted=0
checkpoint_phase lsn=20312 phase=value_index_write slot=0 started_ns=1790069723556284000 ended_ns=1790069723571708417 elapsed_us=15424 block_gets=0 block_puts=4 deleted=0
checkpoint_phase lsn=20312 phase=value_index_write slot=0 started_ns=1790069723571723000 ended_ns=1790069723584684333 elapsed_us=12961 block_gets=0 block_puts=4 deleted=0
checkpoint_phase lsn=20312 phase=value_index_write slot=0 started_ns=1790069723584698000 ended_ns=1790069723598288708 elapsed_us=13590 block_gets=0 block_puts=4 deleted=0
checkpoint_phase lsn=20312 phase=value_index_write slot=0 started_ns=1790069723598302000 ended_ns=1790069723612879709 elapsed_us=14577 block_gets=0 block_puts=4 deleted=0
checkpoint_phase lsn=20312 phase=value_index_write slot=0 started_ns=1790069723612893000 ended_ns=1790069723627134958 elapsed_us=14241 block_gets=0 block_puts=4 deleted=0
checkpoint_phase lsn=20312 phase=value_index_write slot=0 started_ns=1790069723627148000 ended_ns=1790069723639961000 elapsed_us=12813 block_gets=0 block_puts=4 deleted=0
checkpoint_phase lsn=20312 phase=value_index_write slot=0 started_ns=1790069723639974000 ended_ns=1790069723657824333 elapsed_us=17850 block_gets=0 block_puts=5 deleted=0
checkpoint_phase lsn=20312 phase=value_index_write slot=0 started_ns=1790069723657839000 ended_ns=1790069723672343791 elapsed_us=14504 block_gets=0 block_puts=4 deleted=0
checkpoint_phase lsn=20312 phase=value_index_write slot=0 started_ns=1790069723672356000 ended_ns=1790069723685820834 elapsed_us=13464 block_gets=0 block_puts=4 deleted=0
checkpoint_phase lsn=20312 phase=value_index_write slot=0 started_ns=1790069723685835000 ended_ns=1790069723699407625 elapsed_us=13572 block_gets=0 block_puts=4 deleted=0
checkpoint_phase lsn=20312 phase=value_index_write slot=0 started_ns=1790069723699421000 ended_ns=1790069723713305042 elapsed_us=13884 block_gets=0 block_puts=4 deleted=0
checkpoint_phase lsn=20312 phase=value_index_write slot=0 started_ns=1790069723713319000 ended_ns=1790069723727095708 elapsed_us=13776 block_gets=0 block_puts=4 deleted=0
checkpoint_phase lsn=20312 phase=value_index_write slot=0 started_ns=1790069723727109000 ended_ns=1790069723741731084 elapsed_us=14622 block_gets=0 block_puts=4 deleted=0
checkpoint_phase lsn=20312 phase=value_index_write slot=0 started_ns=1790069723741746000 ended_ns=1790069723756168458 elapsed_us=14422 block_gets=0 block_puts=4 deleted=0
checkpoint_phase lsn=20312 phase=value_index_write slot=0 started_ns=1790069723756184000 ended_ns=1790069723780000000 elapsed_us=23816 block_gets=0 block_puts=5 deleted=0
checkpoint_phase lsn=20312 phase=value_index_write slot=0 started_ns=1790069723780019000 ended_ns=1790069723803301500 elapsed_us=23282 block_gets=0 block_puts=4 deleted=0
checkpoint_phase lsn=20312 phase=value_index_write slot=0 started_ns=1790069723803316000 ended_ns=1790069723818694625 elapsed_us=15378 block_gets=0 block_puts=4 deleted=0
checkpoint_phase lsn=20312 phase=value_index_write slot=0 started_ns=1790069723818714000 ended_ns=1790069723833274250 elapsed_us=14560 block_gets=0 block_puts=4 deleted=0
checkpoint_phase lsn=20312 phase=value_index_write slot=0 started_ns=1790069723833288000 ended_ns=1790069723847054708 elapsed_us=13766 block_gets=0 block_puts=4 deleted=0
checkpoint_phase lsn=20312 phase=value_index_write slot=0 started_ns=1790069723847071000 ended_ns=1790069723861919750 elapsed_us=14848 block_gets=0 block_puts=4 deleted=0
checkpoint_phase lsn=20312 phase=value_index_write slot=0 started_ns=1790069723861935000 ended_ns=1790069723876685667 elapsed_us=14750 block_gets=0 block_puts=4 deleted=0
checkpoint_phase lsn=20312 phase=value_index_write slot=0 started_ns=1790069723876698000 ended_ns=1790069723890375209 elapsed_us=13677 block_gets=0 block_puts=4 deleted=0
checkpoint_phase lsn=20312 phase=value_index_write slot=0 started_ns=1790069723890389000 ended_ns=1790069723907050083 elapsed_us=16661 block_gets=0 block_puts=5 deleted=0
checkpoint_phase lsn=20312 phase=value_index_write slot=0 started_ns=1790069723907064000 ended_ns=1790069723923008541 elapsed_us=15944 block_gets=0 block_puts=4 deleted=0
checkpoint_phase lsn=20312 phase=value_index_write slot=0 started_ns=1790069723923023000 ended_ns=1790069723936922125 elapsed_us=13899 block_gets=0 block_puts=4 deleted=0
checkpoint_phase lsn=20312 phase=value_index_write slot=0 started_ns=1790069723936934000 ended_ns=1790069723951004541 elapsed_us=14070 block_gets=0 block_puts=4 deleted=0
checkpoint_phase lsn=20312 phase=value_index_write slot=0 started_ns=1790069723951019000 ended_ns=1790069723964794708 elapsed_us=13775 block_gets=0 block_puts=4 deleted=0
checkpoint_phase lsn=20312 phase=value_index_write slot=0 started_ns=1790069723964807000 ended_ns=1790069723977318208 elapsed_us=12511 block_gets=0 block_puts=4 deleted=0
checkpoint_phase lsn=20312 phase=value_index_write slot=0 started_ns=1790069723977332000 ended_ns=1790069723991704041 elapsed_us=14372 block_gets=0 block_puts=4 deleted=0
checkpoint_phase lsn=20312 phase=value_index_write slot=0 started_ns=1790069723991719000 ended_ns=1790069724006077583 elapsed_us=14358 block_gets=0 block_puts=4 deleted=0
checkpoint_phase lsn=20312 phase=value_index_write slot=0 started_ns=1790069724006094000 ended_ns=1790069724025456708 elapsed_us=19362 block_gets=0 block_puts=5 deleted=0
checkpoint_phase lsn=20312 phase=value_index_write slot=0 started_ns=1790069724025471000 ended_ns=1790069724039252667 elapsed_us=13781 block_gets=0 block_puts=4 deleted=0
checkpoint_phase lsn=20312 phase=value_index_write slot=0 started_ns=1790069724039268000 ended_ns=1790069724057003833 elapsed_us=17735 block_gets=0 block_puts=4 deleted=0
checkpoint_phase lsn=20312 phase=value_index_write slot=0 started_ns=1790069724057029000 ended_ns=1790069724079703042 elapsed_us=22674 block_gets=0 block_puts=4 deleted=0
checkpoint_phase lsn=20312 phase=value_index_write slot=0 started_ns=1790069724079716000 ended_ns=1790069724094105166 elapsed_us=14389 block_gets=0 block_puts=4 deleted=0
checkpoint_phase lsn=20312 phase=value_index_write slot=0 started_ns=1790069724094119000 ended_ns=1790069724108522834 elapsed_us=14403 block_gets=0 block_puts=4 deleted=0
checkpoint_phase lsn=20312 phase=value_index_write slot=0 started_ns=1790069724108536000 ended_ns=1790069724122980792 elapsed_us=14444 block_gets=0 block_puts=4 deleted=0
checkpoint_phase lsn=20312 phase=value_index_write slot=0 started_ns=1790069724122993000 ended_ns=1790069724137460417 elapsed_us=14467 block_gets=0 block_puts=4 deleted=0
checkpoint_phase lsn=20312 phase=value_index_write slot=0 started_ns=1790069724137476000 ended_ns=1790069724155911459 elapsed_us=18435 block_gets=0 block_puts=5 deleted=0
checkpoint_phase lsn=20312 phase=value_index_write slot=0 started_ns=1790069724155928000 ended_ns=1790069724170858250 elapsed_us=14930 block_gets=0 block_puts=4 deleted=0
checkpoint_phase lsn=20312 phase=value_index_write slot=0 started_ns=1790069724170874000 ended_ns=1790069724185810041 elapsed_us=14936 block_gets=0 block_puts=4 deleted=0
checkpoint_phase lsn=20312 phase=value_index_write slot=0 started_ns=1790069724185825000 ended_ns=1790069724199066625 elapsed_us=13241 block_gets=0 block_puts=4 deleted=0
checkpoint_phase lsn=20312 phase=value_index_write slot=0 started_ns=1790069724199082000 ended_ns=1790069724213502375 elapsed_us=14420 block_gets=0 block_puts=4 deleted=0
checkpoint_phase lsn=20312 phase=value_index_write slot=0 started_ns=1790069724213516000 ended_ns=1790069724227478584 elapsed_us=13962 block_gets=0 block_puts=4 deleted=0
checkpoint_phase lsn=20312 phase=value_index_write slot=0 started_ns=1790069724227492000 ended_ns=1790069724241486750 elapsed_us=13994 block_gets=0 block_puts=4 deleted=0
checkpoint_phase lsn=20312 phase=value_index_write slot=0 started_ns=1790069724241500000 ended_ns=1790069724255822917 elapsed_us=14322 block_gets=0 block_puts=4 deleted=0
checkpoint_phase lsn=20312 phase=value_index_write slot=0 started_ns=1790069724255839000 ended_ns=1790069724273420834 elapsed_us=17581 block_gets=0 block_puts=5 deleted=0
checkpoint_phase lsn=20312 phase=value_index_write slot=0 started_ns=1790069724273435000 ended_ns=1790069724286859750 elapsed_us=13424 block_gets=0 block_puts=4 deleted=0
checkpoint_phase lsn=20312 phase=value_index_write slot=0 started_ns=1790069724286874000 ended_ns=1790069724302163667 elapsed_us=15289 block_gets=0 block_puts=4 deleted=0
checkpoint_phase lsn=20312 phase=value_index_write slot=0 started_ns=1790069724302179000 ended_ns=1790069724315071667 elapsed_us=12892 block_gets=0 block_puts=4 deleted=0
checkpoint_phase lsn=20312 phase=value_index_write slot=0 started_ns=1790069724315088000 ended_ns=1790069724329104875 elapsed_us=14016 block_gets=0 block_puts=4 deleted=0
checkpoint_phase lsn=20312 phase=value_index_write slot=0 started_ns=1790069724329117000 ended_ns=1790069724341519166 elapsed_us=12402 block_gets=0 block_puts=4 deleted=0
checkpoint_phase lsn=20312 phase=value_index_write slot=0 started_ns=1790069724341533000 ended_ns=1790069724355373833 elapsed_us=13840 block_gets=0 block_puts=4 deleted=0
checkpoint_phase lsn=20312 phase=value_index_write slot=0 started_ns=1790069724355389000 ended_ns=1790069724374950250 elapsed_us=19561 block_gets=0 block_puts=4 deleted=0
checkpoint_phase lsn=20312 phase=value_index_write slot=0 started_ns=1790069724374966000 ended_ns=1790069724392649500 elapsed_us=17683 block_gets=0 block_puts=5 deleted=0
checkpoint_phase lsn=20312 phase=value_index_write slot=0 started_ns=1790069724392663000 ended_ns=1790069724406941333 elapsed_us=14278 block_gets=0 block_puts=4 deleted=0
checkpoint_phase lsn=20312 phase=value_index_write slot=0 started_ns=1790069724406957000 ended_ns=1790069724421646833 elapsed_us=14689 block_gets=0 block_puts=4 deleted=0
checkpoint_phase lsn=20312 phase=value_index_write slot=0 started_ns=1790069724421660000 ended_ns=1790069724435930417 elapsed_us=14270 block_gets=0 block_puts=4 deleted=0
checkpoint_phase lsn=20312 phase=value_index_write slot=0 started_ns=1790069724435944000 ended_ns=1790069724450105958 elapsed_us=14161 block_gets=0 block_puts=4 deleted=0
checkpoint_phase lsn=20312 phase=value_index_write slot=0 started_ns=1790069724450120000 ended_ns=1790069724464409125 elapsed_us=14289 block_gets=0 block_puts=4 deleted=0
checkpoint_phase lsn=20312 phase=value_index_write slot=0 started_ns=1790069724464424000 ended_ns=1790069724478604167 elapsed_us=14180 block_gets=0 block_puts=4 deleted=0
checkpoint_phase lsn=20312 phase=value_index_write slot=0 started_ns=1790069724478620000 ended_ns=1790069724492484708 elapsed_us=13864 block_gets=0 block_puts=4 deleted=0
checkpoint_phase lsn=20312 phase=value_index_write slot=0 started_ns=1790069724492503000 ended_ns=1790069724510833834 elapsed_us=18330 block_gets=0 block_puts=5 deleted=0
checkpoint_phase lsn=20312 phase=value_index_write slot=0 started_ns=1790069724510850000 ended_ns=1790069724525389500 elapsed_us=14539 block_gets=0 block_puts=4 deleted=0
checkpoint_phase lsn=20312 phase=value_index_write slot=0 started_ns=1790069724525407000 ended_ns=1790069724539473917 elapsed_us=14066 block_gets=0 block_puts=4 deleted=0
checkpoint_phase lsn=20312 phase=value_index_write slot=0 started_ns=1790069724539486000 ended_ns=1790069724555034000 elapsed_us=15548 block_gets=0 block_puts=4 deleted=0
checkpoint_phase lsn=20312 phase=value_index_write slot=0 started_ns=1790069724555049000 ended_ns=1790069724569176917 elapsed_us=14127 block_gets=0 block_puts=4 deleted=0
checkpoint_phase lsn=20312 phase=value_index_write slot=0 started_ns=1790069724569191000 ended_ns=1790069724583768625 elapsed_us=14577 block_gets=0 block_puts=4 deleted=0
checkpoint_phase lsn=20312 phase=value_index_write slot=0 started_ns=1790069724583781000 ended_ns=1790069724598286542 elapsed_us=14505 block_gets=0 block_puts=4 deleted=0
checkpoint_phase lsn=20312 phase=value_index_write slot=0 started_ns=1790069724598302000 ended_ns=1790069724614675791 elapsed_us=16373 block_gets=0 block_puts=4 deleted=0
checkpoint_phase lsn=20312 phase=value_index_write slot=0 started_ns=1790069724614689000 ended_ns=1790069724633146375 elapsed_us=18457 block_gets=0 block_puts=5 deleted=0
checkpoint_phase lsn=20312 phase=value_index_write slot=0 started_ns=1790069724633160000 ended_ns=1790069724647476500 elapsed_us=14316 block_gets=0 block_puts=4 deleted=0
checkpoint_phase lsn=20312 phase=value_index_write slot=0 started_ns=1790069724647492000 ended_ns=1790069724663771000 elapsed_us=16279 block_gets=0 block_puts=4 deleted=0
checkpoint_phase lsn=20312 phase=value_index_write slot=0 started_ns=1790069724663787000 ended_ns=1790069724678086458 elapsed_us=14299 block_gets=0 block_puts=4 deleted=0
checkpoint_phase lsn=20312 phase=value_index_write slot=0 started_ns=1790069724678102000 ended_ns=1790069724691016250 elapsed_us=12914 block_gets=0 block_puts=4 deleted=0
checkpoint_phase lsn=20312 phase=value_index_write slot=0 started_ns=1790069724691040000 ended_ns=1790069724705110959 elapsed_us=14070 block_gets=0 block_puts=4 deleted=0
checkpoint_phase lsn=20312 phase=value_index_write slot=0 started_ns=1790069724705125000 ended_ns=1790069724719050333 elapsed_us=13925 block_gets=0 block_puts=4 deleted=0
checkpoint_phase lsn=20312 phase=value_index_write slot=0 started_ns=1790069724719067000 ended_ns=1790069724733161125 elapsed_us=14094 block_gets=0 block_puts=4 deleted=0
checkpoint_phase lsn=20312 phase=value_index_write slot=0 started_ns=1790069724733177000 ended_ns=1790069724750196791 elapsed_us=17019 block_gets=0 block_puts=5 deleted=0
checkpoint_phase lsn=20312 phase=value_index_write slot=0 started_ns=1790069724750210000 ended_ns=1790069724764242417 elapsed_us=14032 block_gets=0 block_puts=4 deleted=0
checkpoint_phase lsn=20312 phase=value_index_write slot=0 started_ns=1790069724764259000 ended_ns=1790069724779577250 elapsed_us=15318 block_gets=0 block_puts=4 deleted=0
checkpoint_phase lsn=20312 phase=value_index_write slot=0 started_ns=1790069724779591000 ended_ns=1790069724795043541 elapsed_us=15452 block_gets=0 block_puts=4 deleted=0
checkpoint_phase lsn=20312 phase=value_index_write slot=0 started_ns=1790069724795061000 ended_ns=1790069724811025459 elapsed_us=15964 block_gets=0 block_puts=4 deleted=0
checkpoint_phase lsn=20312 phase=value_index_write slot=0 started_ns=1790069724811043000 ended_ns=1790069724826130167 elapsed_us=15087 block_gets=0 block_puts=4 deleted=0
checkpoint_phase lsn=20312 phase=value_index_write slot=0 started_ns=1790069724826147000 ended_ns=1790069724844603167 elapsed_us=18456 block_gets=0 block_puts=4 deleted=0
checkpoint_phase lsn=20312 phase=value_index_write slot=0 started_ns=1790069724844617000 ended_ns=1790069724863273792 elapsed_us=18656 block_gets=0 block_puts=4 deleted=0
checkpoint_phase lsn=20312 phase=value_index_write slot=0 started_ns=1790069724863294000 ended_ns=1790069724882286417 elapsed_us=18992 block_gets=0 block_puts=5 deleted=0
checkpoint_phase lsn=20312 phase=value_index_write slot=0 started_ns=1790069724882301000 ended_ns=1790069724897854792 elapsed_us=15553 block_gets=0 block_puts=4 deleted=0
checkpoint_phase lsn=20312 phase=value_index_write slot=0 started_ns=1790069724897873000 ended_ns=1790069724912290791 elapsed_us=14417 block_gets=0 block_puts=4 deleted=0
checkpoint_phase lsn=20312 phase=value_index_write slot=0 started_ns=1790069724912306000 ended_ns=1790069724927598083 elapsed_us=15292 block_gets=0 block_puts=4 deleted=0
checkpoint_phase lsn=20312 phase=value_index_write slot=0 started_ns=1790069724927616000 ended_ns=1790069724941809916 elapsed_us=14193 block_gets=0 block_puts=4 deleted=0
checkpoint_phase lsn=20312 phase=value_index_write slot=0 started_ns=1790069724941827000 ended_ns=1790069724956341333 elapsed_us=14514 block_gets=0 block_puts=4 deleted=0
checkpoint_phase lsn=20312 phase=value_index_write slot=0 started_ns=1790069724956357000 ended_ns=1790069724970656583 elapsed_us=14299 block_gets=0 block_puts=4 deleted=0
checkpoint_phase lsn=20312 phase=value_index_write slot=0 started_ns=1790069724970670000 ended_ns=1790069724985627125 elapsed_us=14957 block_gets=0 block_puts=4 deleted=0
checkpoint_phase lsn=20312 phase=value_index_write slot=0 started_ns=1790069724985642000 ended_ns=1790069725003818250 elapsed_us=18176 block_gets=0 block_puts=5 deleted=0
checkpoint_phase lsn=20312 phase=value_index_write slot=0 started_ns=1790069725003838000 ended_ns=1790069725018140542 elapsed_us=14302 block_gets=0 block_puts=4 deleted=0
checkpoint_phase lsn=20312 phase=value_index_write slot=0 started_ns=1790069725018154000 ended_ns=1790069725032341417 elapsed_us=14187 block_gets=0 block_puts=4 deleted=0
checkpoint_phase lsn=20312 phase=value_index_write slot=0 started_ns=1790069725032358000 ended_ns=1790069725054190667 elapsed_us=21832 block_gets=0 block_puts=5 deleted=0
checkpoint_phase lsn=20312 phase=value_index_schedule slot=0 started_ns=1790069725054211000 ended_ns=1790069728640002833 elapsed_us=3585791 block_gets=747 block_puts=40 deleted=0
checkpoint_phase lsn=20312 phase=value_index_write slot=0 started_ns=1790069728639984000 ended_ns=1790069728655187083 elapsed_us=15203 block_gets=0 block_puts=4 deleted=0
checkpoint_phase lsn=20312 phase=value_index_write slot=0 started_ns=1790069728655202000 ended_ns=1790069728668502000 elapsed_us=13300 block_gets=0 block_puts=4 deleted=0
checkpoint_phase lsn=20312 phase=value_index_write slot=0 started_ns=1790069728668514000 ended_ns=1790069728683247583 elapsed_us=14733 block_gets=0 block_puts=4 deleted=0
checkpoint_phase lsn=20312 phase=value_index_write slot=0 started_ns=1790069728683260000 ended_ns=1790069728697984750 elapsed_us=14724 block_gets=0 block_puts=4 deleted=0
checkpoint_phase lsn=20312 phase=value_index_write slot=0 started_ns=1790069728697996000 ended_ns=1790069728713434708 elapsed_us=15438 block_gets=0 block_puts=4 deleted=0
checkpoint_phase lsn=20312 phase=value_index_write slot=0 started_ns=1790069728713449000 ended_ns=1790069728728257875 elapsed_us=14808 block_gets=0 block_puts=4 deleted=0
checkpoint_phase lsn=20312 phase=value_index_write slot=0 started_ns=1790069728728274000 ended_ns=1790069728742208084 elapsed_us=13934 block_gets=0 block_puts=4 deleted=0
checkpoint_phase lsn=20312 phase=value_index_write slot=0 started_ns=1790069728742222000 ended_ns=1790069728759028125 elapsed_us=16806 block_gets=0 block_puts=4 deleted=0
checkpoint_phase lsn=20312 phase=value_index_write slot=0 started_ns=1790069728759041000 ended_ns=1790069728773231000 elapsed_us=14190 block_gets=0 block_puts=4 deleted=0
checkpoint_phase lsn=20312 phase=value_index_write slot=0 started_ns=1790069728773246000 ended_ns=1790069728792889084 elapsed_us=19643 block_gets=0 block_puts=4 deleted=0
checkpoint_phase lsn=20312 phase=value_index_write slot=0 started_ns=1790069728792906000 ended_ns=1790069728821523542 elapsed_us=28617 block_gets=0 block_puts=4 deleted=0
checkpoint_phase lsn=20312 phase=value_index_write slot=0 started_ns=1790069728821541000 ended_ns=1790069728836029916 elapsed_us=14488 block_gets=0 block_puts=4 deleted=0
checkpoint_phase lsn=20312 phase=value_index_write slot=0 started_ns=1790069728836044000 ended_ns=1790069728851607417 elapsed_us=15563 block_gets=0 block_puts=4 deleted=0
checkpoint_phase lsn=20312 phase=value_index_write slot=0 started_ns=1790069728851624000 ended_ns=1790069728866117500 elapsed_us=14493 block_gets=0 block_puts=4 deleted=0
checkpoint_phase lsn=20312 phase=value_index_write slot=0 started_ns=1790069728866134000 ended_ns=1790069728880024250 elapsed_us=13890 block_gets=0 block_puts=4 deleted=0
checkpoint_phase lsn=20312 phase=value_index_write slot=0 started_ns=1790069728880039000 ended_ns=1790069728895010500 elapsed_us=14971 block_gets=0 block_puts=4 deleted=0
checkpoint_phase lsn=20312 phase=value_index_write slot=0 started_ns=1790069728895026000 ended_ns=1790069728909789708 elapsed_us=14763 block_gets=0 block_puts=4 deleted=0
checkpoint_phase lsn=20312 phase=value_index_write slot=0 started_ns=1790069728909802000 ended_ns=1790069728923749333 elapsed_us=13947 block_gets=0 block_puts=4 deleted=0
checkpoint_phase lsn=20312 phase=value_index_write slot=0 started_ns=1790069728923762000 ended_ns=1790069728937490542 elapsed_us=13728 block_gets=0 block_puts=4 deleted=0
checkpoint_phase lsn=20312 phase=value_index_write slot=0 started_ns=1790069728937505000 ended_ns=1790069728951942084 elapsed_us=14437 block_gets=0 block_puts=4 deleted=0
checkpoint_phase lsn=20312 phase=value_index_write slot=0 started_ns=1790069728951959000 ended_ns=1790069728966074833 elapsed_us=14115 block_gets=0 block_puts=4 deleted=0
checkpoint_phase lsn=20312 phase=value_index_write slot=0 started_ns=1790069728966089000 ended_ns=1790069728980807583 elapsed_us=14718 block_gets=0 block_puts=4 deleted=0
checkpoint_phase lsn=20312 phase=value_index_write slot=0 started_ns=1790069728980822000 ended_ns=1790069728995350583 elapsed_us=14528 block_gets=0 block_puts=4 deleted=0
checkpoint_phase lsn=20312 phase=value_index_write slot=0 started_ns=1790069728995367000 ended_ns=1790069729009178041 elapsed_us=13811 block_gets=0 block_puts=4 deleted=0
checkpoint_phase lsn=20312 phase=value_index_write slot=0 started_ns=1790069729009191000 ended_ns=1790069729023519916 elapsed_us=14328 block_gets=0 block_puts=4 deleted=0
checkpoint_phase lsn=20312 phase=value_index_write slot=0 started_ns=1790069729023535000 ended_ns=1790069729041919250 elapsed_us=18384 block_gets=0 block_puts=4 deleted=0
checkpoint_phase lsn=20312 phase=value_index_write slot=0 started_ns=1790069729041932000 ended_ns=1790069729055903708 elapsed_us=13971 block_gets=0 block_puts=4 deleted=0
checkpoint_phase lsn=20312 phase=value_index_write slot=0 started_ns=1790069729055917000 ended_ns=1790069729074961000 elapsed_us=19044 block_gets=0 block_puts=4 deleted=0
checkpoint_phase lsn=20312 phase=value_index_write slot=0 started_ns=1790069729074976000 ended_ns=1790069729099187708 elapsed_us=24211 block_gets=0 block_puts=4 deleted=0
checkpoint_phase lsn=20312 phase=value_index_write slot=0 started_ns=1790069729099202000 ended_ns=1790069729112926458 elapsed_us=13724 block_gets=0 block_puts=4 deleted=0
checkpoint_phase lsn=20312 phase=value_index_write slot=0 started_ns=1790069729112941000 ended_ns=1790069729128032750 elapsed_us=15091 block_gets=0 block_puts=4 deleted=0
checkpoint_phase lsn=20312 phase=value_index_write slot=0 started_ns=1790069729128047000 ended_ns=1790069729142817750 elapsed_us=14770 block_gets=0 block_puts=4 deleted=0
checkpoint_phase lsn=20312 phase=value_index_write slot=0 started_ns=1790069729142832000 ended_ns=1790069729160671250 elapsed_us=17839 block_gets=0 block_puts=5 deleted=0
checkpoint_phase lsn=20312 phase=value_index_write slot=0 started_ns=1790069729160684000 ended_ns=1790069729175314500 elapsed_us=14630 block_gets=0 block_puts=4 deleted=0
checkpoint_phase lsn=20312 phase=value_index_write slot=0 started_ns=1790069729175329000 ended_ns=1790069729192563625 elapsed_us=17234 block_gets=0 block_puts=5 deleted=0
checkpoint_phase lsn=20312 phase=value_index_schedule slot=0 started_ns=1790069729192586000 ended_ns=1790069730034675041 elapsed_us=842089 block_gets=0 block_puts=40 deleted=0
checkpoint_phase lsn=20312 phase=value_index_write slot=0 started_ns=1790069730034681000 ended_ns=1790069730048781333 elapsed_us=14100 block_gets=0 block_puts=4 deleted=0
checkpoint_phase lsn=20312 phase=value_index_write slot=0 started_ns=1790069730048795000 ended_ns=1790069730062197083 elapsed_us=13402 block_gets=0 block_puts=4 deleted=0
checkpoint_phase lsn=20312 phase=value_index_write slot=0 started_ns=1790069730062211000 ended_ns=1790069730075830208 elapsed_us=13619 block_gets=0 block_puts=4 deleted=0
checkpoint_phase lsn=20312 phase=value_index_write slot=0 started_ns=1790069730075844000 ended_ns=1790069730088660250 elapsed_us=12816 block_gets=0 block_puts=4 deleted=0
checkpoint_phase lsn=20312 phase=value_index_write slot=0 started_ns=1790069730088673000 ended_ns=1790069730101869459 elapsed_us=13196 block_gets=0 block_puts=4 deleted=0
checkpoint_phase lsn=20312 phase=value_index_write slot=0 started_ns=1790069730101880000 ended_ns=1790069730116479209 elapsed_us=14599 block_gets=0 block_puts=4 deleted=0
checkpoint_phase lsn=20312 phase=value_index_write slot=0 started_ns=1790069730116495000 ended_ns=1790069730131234167 elapsed_us=14739 block_gets=0 block_puts=4 deleted=0
checkpoint_phase lsn=20312 phase=value_index_write slot=0 started_ns=1790069730131248000 ended_ns=1790069730146383334 elapsed_us=15135 block_gets=0 block_puts=4 deleted=0
checkpoint_phase lsn=20312 phase=value_index_write slot=0 started_ns=1790069730146398000 ended_ns=1790069730160996167 elapsed_us=14598 block_gets=0 block_puts=4 deleted=0
checkpoint_phase lsn=20312 phase=value_index_write slot=0 started_ns=1790069730161012000 ended_ns=1790069730175666083 elapsed_us=14654 block_gets=0 block_puts=4 deleted=0
checkpoint_phase lsn=20312 phase=value_index_write slot=0 started_ns=1790069730175681000 ended_ns=1790069730191291750 elapsed_us=15610 block_gets=0 block_puts=4 deleted=0
checkpoint_phase lsn=20312 phase=value_index_write slot=0 started_ns=1790069730191693000 ended_ns=1790069730206137709 elapsed_us=14444 block_gets=0 block_puts=4 deleted=0
checkpoint_phase lsn=20312 phase=value_index_write slot=0 started_ns=1790069730206151000 ended_ns=1790069730220082833 elapsed_us=13931 block_gets=0 block_puts=4 deleted=0
checkpoint_phase lsn=20312 phase=value_index_write slot=0 started_ns=1790069730220098000 ended_ns=1790069730234334500 elapsed_us=14236 block_gets=0 block_puts=4 deleted=0
checkpoint_phase lsn=20312 phase=value_index_write slot=0 started_ns=1790069730234347000 ended_ns=1790069730248705333 elapsed_us=14358 block_gets=0 block_puts=4 deleted=0
checkpoint_phase lsn=20312 phase=value_index_write slot=0 started_ns=1790069730248720000 ended_ns=1790069730262311209 elapsed_us=13591 block_gets=0 block_puts=4 deleted=0
checkpoint_phase lsn=20312 phase=value_index_write slot=0 started_ns=1790069730262326000 ended_ns=1790069730275974125 elapsed_us=13648 block_gets=0 block_puts=4 deleted=0
checkpoint_phase lsn=20312 phase=value_index_write slot=0 started_ns=1790069730275989000 ended_ns=1790069730288871083 elapsed_us=12882 block_gets=0 block_puts=4 deleted=0
checkpoint_phase lsn=20312 phase=value_index_write slot=0 started_ns=1790069730288885000 ended_ns=1790069730302827917 elapsed_us=13942 block_gets=0 block_puts=4 deleted=0
checkpoint_phase lsn=20312 phase=value_index_write slot=0 started_ns=1790069730302841000 ended_ns=1790069730317181209 elapsed_us=14340 block_gets=0 block_puts=4 deleted=0
checkpoint_phase lsn=20312 phase=value_index_write slot=0 started_ns=1790069730317196000 ended_ns=1790069730330928667 elapsed_us=13732 block_gets=0 block_puts=4 deleted=0
checkpoint_phase lsn=20312 phase=value_index_write slot=0 started_ns=1790069730330940000 ended_ns=1790069730345050042 elapsed_us=14110 block_gets=0 block_puts=4 deleted=0
checkpoint_phase lsn=20312 phase=value_index_write slot=0 started_ns=1790069730345062000 ended_ns=1790069730358937042 elapsed_us=13875 block_gets=0 block_puts=4 deleted=0
checkpoint_phase lsn=20312 phase=value_index_write slot=0 started_ns=1790069730358949000 ended_ns=1790069730372393208 elapsed_us=13444 block_gets=0 block_puts=4 deleted=0
checkpoint_phase lsn=20312 phase=value_index_write slot=0 started_ns=1790069730372403000 ended_ns=1790069730386461583 elapsed_us=14058 block_gets=0 block_puts=4 deleted=0
checkpoint_phase lsn=20312 phase=value_index_write slot=0 started_ns=1790069730386485000 ended_ns=1790069730400889209 elapsed_us=14404 block_gets=0 block_puts=4 deleted=0
checkpoint_phase lsn=20312 phase=value_index_write slot=0 started_ns=1790069730400902000 ended_ns=1790069730415146417 elapsed_us=14244 block_gets=0 block_puts=4 deleted=0
checkpoint_phase lsn=20312 phase=value_index_write slot=0 started_ns=1790069730415160000 ended_ns=1790069730428083667 elapsed_us=12923 block_gets=0 block_puts=4 deleted=0
checkpoint_phase lsn=20312 phase=value_index_write slot=0 started_ns=1790069730428097000 ended_ns=1790069730442485166 elapsed_us=14388 block_gets=0 block_puts=4 deleted=0
checkpoint_phase lsn=20312 phase=value_index_write slot=0 started_ns=1790069730442496000 ended_ns=1790069730455397750 elapsed_us=12901 block_gets=0 block_puts=4 deleted=0
checkpoint_phase lsn=20312 phase=value_index_write slot=0 started_ns=1790069730455411000 ended_ns=1790069730469541292 elapsed_us=14130 block_gets=0 block_puts=4 deleted=0
checkpoint_phase lsn=20312 phase=value_index_write slot=0 started_ns=1790069730469555000 ended_ns=1790069730483610917 elapsed_us=14055 block_gets=0 block_puts=4 deleted=0
checkpoint_phase lsn=20312 phase=value_index_write slot=0 started_ns=1790069730483621000 ended_ns=1790069730501188625 elapsed_us=17567 block_gets=0 block_puts=5 deleted=0
checkpoint_phase lsn=20312 phase=value_index_write slot=0 started_ns=1790069730501205000 ended_ns=1790069730514814042 elapsed_us=13609 block_gets=0 block_puts=4 deleted=0
checkpoint_phase lsn=20312 phase=value_index_write slot=0 started_ns=1790069730514826000 ended_ns=1790069730531685375 elapsed_us=16859 block_gets=0 block_puts=5 deleted=0
checkpoint_phase lsn=20312 phase=value_index_schedule slot=0 started_ns=1790069730531712000 ended_ns=1790069731302680250 elapsed_us=770968 block_gets=0 block_puts=20 deleted=0
checkpoint_phase lsn=20312 phase=value_index_write slot=0 started_ns=1790069731302690000 ended_ns=1790069731302855625 elapsed_us=165 block_gets=0 block_puts=0 deleted=0
checkpoint_phase lsn=20312 phase=value_index_write slot=0 started_ns=1790069731302864000 ended_ns=1790069731302912458 elapsed_us=48 block_gets=0 block_puts=0 deleted=0
checkpoint_phase lsn=20312 phase=value_index_write slot=0 started_ns=1790069731302918000 ended_ns=1790069731302966834 elapsed_us=48 block_gets=0 block_puts=0 deleted=0
checkpoint_phase lsn=20312 phase=value_index_write slot=0 started_ns=1790069731302972000 ended_ns=1790069731303129959 elapsed_us=157 block_gets=0 block_puts=0 deleted=0
checkpoint_phase lsn=20312 phase=value_index_write slot=0 started_ns=1790069731303135000 ended_ns=1790069731303184417 elapsed_us=49 block_gets=0 block_puts=0 deleted=0
checkpoint_phase lsn=20312 phase=value_index_write slot=0 started_ns=1790069731303190000 ended_ns=1790069731310908291 elapsed_us=7718 block_gets=0 block_puts=1 deleted=0
checkpoint_phase lsn=20312 phase=value_index_write slot=0 started_ns=1790069731310925000 ended_ns=1790069731311062625 elapsed_us=137 block_gets=0 block_puts=0 deleted=0
checkpoint_phase lsn=20312 phase=value_index_write slot=0 started_ns=1790069731311069000 ended_ns=1790069731311113916 elapsed_us=44 block_gets=0 block_puts=0 deleted=0
checkpoint_phase lsn=20312 phase=value_index_write slot=0 started_ns=1790069731311120000 ended_ns=1790069731311164167 elapsed_us=44 block_gets=0 block_puts=0 deleted=0
checkpoint_phase lsn=20312 phase=value_index_write slot=0 started_ns=1790069731311170000 ended_ns=1790069731321527542 elapsed_us=10357 block_gets=0 block_puts=2 deleted=0
checkpoint_phase lsn=20312 phase=value_index_schedule slot=0 started_ns=1790069731321554000 ended_ns=1790069732098456834 elapsed_us=776902 block_gets=0 block_puts=21 deleted=0
checkpoint_phase lsn=20312 phase=value_index_write slot=0 started_ns=1790069732098467000 ended_ns=1790069732113729666 elapsed_us=15262 block_gets=0 block_puts=4 deleted=0
checkpoint_phase lsn=20312 phase=value_index_write slot=0 started_ns=1790069732113750000 ended_ns=1790069732128610166 elapsed_us=14860 block_gets=0 block_puts=4 deleted=0
checkpoint_phase lsn=20312 phase=value_index_write slot=0 started_ns=1790069732128627000 ended_ns=1790069732144141959 elapsed_us=15514 block_gets=0 block_puts=4 deleted=0
checkpoint_phase lsn=20312 phase=value_index_write slot=0 started_ns=1790069732144158000 ended_ns=1790069732161882709 elapsed_us=17724 block_gets=0 block_puts=4 deleted=0
checkpoint_phase lsn=20312 phase=value_index_write slot=0 started_ns=1790069732161899000 ended_ns=1790069732176412875 elapsed_us=14513 block_gets=0 block_puts=4 deleted=0
checkpoint_phase lsn=20312 phase=value_index_write slot=0 started_ns=1790069732176428000 ended_ns=1790069732190736792 elapsed_us=14308 block_gets=0 block_puts=4 deleted=0
checkpoint_phase lsn=20312 phase=value_index_write slot=0 started_ns=1790069732190751000 ended_ns=1790069732206047791 elapsed_us=15296 block_gets=0 block_puts=4 deleted=0
checkpoint_phase lsn=20312 phase=value_index_write slot=0 started_ns=1790069732206066000 ended_ns=1790069732221418709 elapsed_us=15352 block_gets=0 block_puts=4 deleted=0
checkpoint_phase lsn=20312 phase=value_index_write slot=0 started_ns=1790069732221435000 ended_ns=1790069732235674792 elapsed_us=14239 block_gets=0 block_puts=4 deleted=0
checkpoint_phase lsn=20312 phase=value_index_write slot=0 started_ns=1790069732235692000 ended_ns=1790069732251472041 elapsed_us=15780 block_gets=0 block_puts=4 deleted=0
checkpoint_phase lsn=20312 phase=value_index_write slot=0 started_ns=1790069732251490000 ended_ns=1790069732266630125 elapsed_us=15140 block_gets=0 block_puts=4 deleted=0
checkpoint_phase lsn=20312 phase=value_index_write slot=0 started_ns=1790069732266647000 ended_ns=1790069732281935875 elapsed_us=15288 block_gets=0 block_puts=4 deleted=0
checkpoint_phase lsn=20312 phase=value_index_write slot=0 started_ns=1790069732281952000 ended_ns=1790069732297254834 elapsed_us=15302 block_gets=0 block_puts=4 deleted=0
checkpoint_phase lsn=20312 phase=value_index_write slot=0 started_ns=1790069732297271000 ended_ns=1790069732312480625 elapsed_us=15209 block_gets=0 block_puts=4 deleted=0
checkpoint_phase lsn=20312 phase=value_index_write slot=0 started_ns=1790069732312499000 ended_ns=1790069732334856584 elapsed_us=22357 block_gets=0 block_puts=6 deleted=0
checkpoint_phase lsn=20312 phase=value_index_schedule slot=0 started_ns=1790069732334884000 ended_ns=1790069733139057625 elapsed_us=804173 block_gets=0 block_puts=21 deleted=0
checkpoint_phase lsn=20312 phase=value_index_write slot=0 started_ns=1790069733139084000 ended_ns=1790069733156359291 elapsed_us=17275 block_gets=0 block_puts=4 deleted=0
checkpoint_phase lsn=20312 phase=value_index_write slot=0 started_ns=1790069733156379000 ended_ns=1790069733173643708 elapsed_us=17264 block_gets=0 block_puts=4 deleted=0
checkpoint_phase lsn=20312 phase=value_index_write slot=0 started_ns=1790069733173682000 ended_ns=1790069733195504458 elapsed_us=21822 block_gets=0 block_puts=4 deleted=0
checkpoint_phase lsn=20312 phase=value_index_write slot=0 started_ns=1790069733195540000 ended_ns=1790069733215682083 elapsed_us=20142 block_gets=0 block_puts=4 deleted=0
checkpoint_phase lsn=20312 phase=value_index_write slot=0 started_ns=1790069733215908000 ended_ns=1790069733234676125 elapsed_us=18768 block_gets=0 block_puts=4 deleted=0
checkpoint_phase lsn=20312 phase=value_index_write slot=0 started_ns=1790069733234696000 ended_ns=1790069733251536833 elapsed_us=16840 block_gets=0 block_puts=4 deleted=0
checkpoint_phase lsn=20312 phase=value_index_write slot=0 started_ns=1790069733251571000 ended_ns=1790069733268771375 elapsed_us=17200 block_gets=0 block_puts=4 deleted=0
checkpoint_phase lsn=20312 phase=value_index_write slot=0 started_ns=1790069733268812000 ended_ns=1790069733286171833 elapsed_us=17359 block_gets=0 block_puts=4 deleted=0
checkpoint_phase lsn=20312 phase=value_index_write slot=0 started_ns=1790069733286306000 ended_ns=1790069733302198583 elapsed_us=15892 block_gets=0 block_puts=4 deleted=0
checkpoint_phase lsn=20312 phase=value_index_write slot=0 started_ns=1790069733302236000 ended_ns=1790069733320197125 elapsed_us=17961 block_gets=0 block_puts=4 deleted=0
checkpoint_phase lsn=20312 phase=value_index_write slot=0 started_ns=1790069733320234000 ended_ns=1790069733337431667 elapsed_us=17197 block_gets=0 block_puts=4 deleted=0
checkpoint_phase lsn=20312 phase=value_index_write slot=0 started_ns=1790069733337464000 ended_ns=1790069733355742375 elapsed_us=18278 block_gets=0 block_puts=4 deleted=0
checkpoint_phase lsn=20312 phase=value_index_write slot=0 started_ns=1790069733355763000 ended_ns=1790069733375269375 elapsed_us=19506 block_gets=0 block_puts=4 deleted=0
checkpoint_phase lsn=20312 phase=value_index_write slot=0 started_ns=1790069733375290000 ended_ns=1790069733396220333 elapsed_us=20930 block_gets=0 block_puts=4 deleted=0
checkpoint_phase lsn=20312 phase=value_index_write slot=0 started_ns=1790069733396245000 ended_ns=1790069733417069500 elapsed_us=20824 block_gets=0 block_puts=4 deleted=0
checkpoint_phase lsn=20312 phase=value_index_write slot=0 started_ns=1790069733417113000 ended_ns=1790069733460045250 elapsed_us=42932 block_gets=0 block_puts=3 deleted=0
checkpoint_phase lsn=20312 phase=value_index_schedule slot=0 started_ns=1790069733460116000 ended_ns=1790069734343737333 elapsed_us=883621 block_gets=0 block_puts=22 deleted=0
checkpoint_phase lsn=20312 phase=value_index_write slot=0 started_ns=1790069734343746000 ended_ns=1790069734355329500 elapsed_us=11583 block_gets=0 block_puts=3 deleted=0
checkpoint_phase lsn=20312 phase=value_index_write slot=0 started_ns=1790069734355346000 ended_ns=1790069734369646125 elapsed_us=14300 block_gets=0 block_puts=4 deleted=0
checkpoint_phase lsn=20312 phase=value_index_write slot=0 started_ns=1790069734369664000 ended_ns=1790069734384992458 elapsed_us=15328 block_gets=0 block_puts=4 deleted=0
checkpoint_phase lsn=20312 phase=value_index_write slot=0 started_ns=1790069734385008000 ended_ns=1790069734401180250 elapsed_us=16172 block_gets=0 block_puts=4 deleted=0
checkpoint_phase lsn=20312 phase=value_index_write slot=0 started_ns=1790069734401196000 ended_ns=1790069734416426292 elapsed_us=15230 block_gets=0 block_puts=4 deleted=0
checkpoint_phase lsn=20312 phase=value_index_write slot=0 started_ns=1790069734416442000 ended_ns=1790069734431874041 elapsed_us=15432 block_gets=0 block_puts=4 deleted=0
checkpoint_phase lsn=20312 phase=value_index_write slot=0 started_ns=1790069734431887000 ended_ns=1790069734447152667 elapsed_us=15265 block_gets=0 block_puts=4 deleted=0
checkpoint_phase lsn=20312 phase=value_index_write slot=0 started_ns=1790069734447168000 ended_ns=1790069734461892916 elapsed_us=14724 block_gets=0 block_puts=4 deleted=0
checkpoint_phase lsn=20312 phase=value_index_write slot=0 started_ns=1790069734461908000 ended_ns=1790069734476602583 elapsed_us=14694 block_gets=0 block_puts=4 deleted=0
checkpoint_phase lsn=20312 phase=value_index_write slot=0 started_ns=1790069734476619000 ended_ns=1790069734491409958 elapsed_us=14790 block_gets=0 block_puts=4 deleted=0
checkpoint_phase lsn=20312 phase=value_index_write slot=0 started_ns=1790069734491425000 ended_ns=1790069734509409167 elapsed_us=17984 block_gets=0 block_puts=5 deleted=0
checkpoint_phase lsn=20312 phase=row_sst_delta slot=0 started_ns=1790069734509445000 ended_ns=1790069735526780750 elapsed_us=1017335 block_gets=0 block_puts=203 deleted=0
checkpoint_phase lsn=20312 phase=manifest slot=-1 started_ns=1790069735526806000 ended_ns=1790069735531109083 elapsed_us=4303 block_gets=0 block_puts=0 deleted=0
checkpoint_phase lsn=20312 phase=local_cleanup slot=-1 started_ns=1790069735531129000 ended_ns=1790069735531275208 elapsed_us=146 block_gets=0 block_puts=0 deleted=0
checkpoint_phase lsn=20312 phase=commit_prune slot=-1 started_ns=1790069735531278000 ended_ns=1790069735656960042 elapsed_us=125682 block_gets=0 block_puts=0 deleted=16
checkpoint_phase lsn=20312 phase=commit_prune slot=-1 started_ns=1790069735656972000 ended_ns=1790069735707320916 elapsed_us=50348 block_gets=0 block_puts=0 deleted=16
checkpoint_phase lsn=20312 phase=commit_prune slot=-1 started_ns=1790069735707331000 ended_ns=1790069735757338250 elapsed_us=50007 block_gets=0 block_puts=0 deleted=16
checkpoint_phase lsn=20312 phase=commit_prune slot=-1 started_ns=1790069735757349000 ended_ns=1790069735807009625 elapsed_us=49660 block_gets=0 block_puts=0 deleted=16
checkpoint_phase lsn=20312 phase=commit_prune slot=-1 started_ns=1790069735807021000 ended_ns=1790069735813461084 elapsed_us=6440 block_gets=0 block_puts=0 deleted=2
checkpoint_phase lsn=20312 phase=legacy_gc slot=-1 started_ns=1790069735813467000 ended_ns=1790069735847969583 elapsed_us=34502 block_gets=0 block_puts=0 deleted=0
checkpoint_phase lsn=20312 phase=gc_keep slot=-1 started_ns=1790069735847984000 ended_ns=1790069735855495667 elapsed_us=7511 block_gets=2 block_puts=0 deleted=0
checkpoint_phase lsn=20312 phase=gc_list slot=-1 started_ns=1790069735855503000 ended_ns=1790069736012448125 elapsed_us=156945 block_gets=0 block_puts=0 deleted=0
checkpoint_phase lsn=20312 phase=gc_delete slot=-1 started_ns=1790069736012462000 ended_ns=1790069736063487208 elapsed_us=51025 block_gets=0 block_puts=0 deleted=16
checkpoint_phase lsn=20312 phase=gc_delete slot=-1 started_ns=1790069736063496000 ended_ns=1790069736115807333 elapsed_us=52311 block_gets=0 block_puts=0 deleted=16
checkpoint_phase lsn=20312 phase=gc_delete slot=-1 started_ns=1790069736115823000 ended_ns=1790069736167578208 elapsed_us=51755 block_gets=0 block_puts=0 deleted=16
checkpoint_phase lsn=20312 phase=gc_delete slot=-1 started_ns=1790069736167591000 ended_ns=1790069736238305584 elapsed_us=70714 block_gets=0 block_puts=0 deleted=16
checkpoint_phase lsn=20312 phase=gc_delete slot=-1 started_ns=1790069736238323000 ended_ns=1790069736299528250 elapsed_us=61205 block_gets=0 block_puts=0 deleted=16
checkpoint_phase lsn=20312 phase=gc_delete slot=-1 started_ns=1790069736299542000 ended_ns=1790069736350148750 elapsed_us=50606 block_gets=0 block_puts=0 deleted=16
checkpoint_phase lsn=20312 phase=gc_delete slot=-1 started_ns=1790069736350160000 ended_ns=1790069736399483792 elapsed_us=49323 block_gets=0 block_puts=0 deleted=16
checkpoint_phase lsn=20312 phase=gc_delete slot=-1 started_ns=1790069736399497000 ended_ns=1790069736450419375 elapsed_us=50922 block_gets=0 block_puts=0 deleted=16
checkpoint_phase lsn=20312 phase=gc_delete slot=-1 started_ns=1790069736450429000 ended_ns=1790069736502395250 elapsed_us=51966 block_gets=0 block_puts=0 deleted=16
checkpoint_phase lsn=20312 phase=gc_delete slot=-1 started_ns=1790069736502406000 ended_ns=1790069736554088375 elapsed_us=51682 block_gets=0 block_puts=0 deleted=16
checkpoint_phase lsn=20312 phase=gc_delete slot=-1 started_ns=1790069736554098000 ended_ns=1790069736605920042 elapsed_us=51822 block_gets=0 block_puts=0 deleted=16
checkpoint_phase lsn=20312 phase=gc_delete slot=-1 started_ns=1790069736605931000 ended_ns=1790069736655768417 elapsed_us=49837 block_gets=0 block_puts=0 deleted=16
checkpoint_phase lsn=20312 phase=gc_delete slot=-1 started_ns=1790069736655777000 ended_ns=1790069736705277250 elapsed_us=49500 block_gets=0 block_puts=0 deleted=16
checkpoint_phase lsn=20312 phase=gc_delete slot=-1 started_ns=1790069736705287000 ended_ns=1790069736756002417 elapsed_us=50715 block_gets=0 block_puts=0 deleted=16
checkpoint_phase lsn=20312 phase=gc_delete slot=-1 started_ns=1790069736756015000 ended_ns=1790069736810091416 elapsed_us=54076 block_gets=0 block_puts=0 deleted=16
checkpoint_phase lsn=20312 phase=gc_delete slot=-1 started_ns=1790069736810101000 ended_ns=1790069736862156875 elapsed_us=52055 block_gets=0 block_puts=0 deleted=16
checkpoint_phase lsn=20312 phase=gc_delete slot=-1 started_ns=1790069736862169000 ended_ns=1790069736921233333 elapsed_us=59064 block_gets=0 block_puts=0 deleted=16
checkpoint_phase lsn=20312 phase=gc_delete slot=-1 started_ns=1790069736921244000 ended_ns=1790069736999156167 elapsed_us=77912 block_gets=0 block_puts=0 deleted=16
checkpoint_phase lsn=20312 phase=gc_delete slot=-1 started_ns=1790069736999354000 ended_ns=1790069737054922834 elapsed_us=55568 block_gets=0 block_puts=0 deleted=16
checkpoint_phase lsn=20312 phase=gc_delete slot=-1 started_ns=1790069737054932000 ended_ns=1790069737106204375 elapsed_us=51272 block_gets=0 block_puts=0 deleted=16
checkpoint_phase lsn=20312 phase=gc_delete slot=-1 started_ns=1790069737106227000 ended_ns=1790069737155953334 elapsed_us=49726 block_gets=0 block_puts=0 deleted=16
checkpoint_phase lsn=20312 phase=gc_delete slot=-1 started_ns=1790069737155964000 ended_ns=1790069737207226791 elapsed_us=51262 block_gets=0 block_puts=0 deleted=16
checkpoint_phase lsn=20312 phase=gc_delete slot=-1 started_ns=1790069737207238000 ended_ns=1790069737273808458 elapsed_us=66570 block_gets=0 block_puts=0 deleted=16
checkpoint_phase lsn=20312 phase=gc_delete slot=-1 started_ns=1790069737273821000 ended_ns=1790069737333699458 elapsed_us=59878 block_gets=0 block_puts=0 deleted=16
checkpoint_phase lsn=20312 phase=gc_delete slot=-1 started_ns=1790069737333710000 ended_ns=1790069737384157917 elapsed_us=50447 block_gets=0 block_puts=0 deleted=16
checkpoint_phase lsn=20312 phase=gc_delete slot=-1 started_ns=1790069737384166000 ended_ns=1790069737432275250 elapsed_us=48109 block_gets=0 block_puts=0 deleted=16
checkpoint_phase lsn=20312 phase=gc_delete slot=-1 started_ns=1790069737432289000 ended_ns=1790069737482401375 elapsed_us=50112 block_gets=0 block_puts=0 deleted=16
checkpoint_phase lsn=20312 phase=gc_delete slot=-1 started_ns=1790069737482410000 ended_ns=1790069737532512125 elapsed_us=50102 block_gets=0 block_puts=0 deleted=16
checkpoint_phase lsn=20312 phase=gc_delete slot=-1 started_ns=1790069737532523000 ended_ns=1790069737585261875 elapsed_us=52738 block_gets=0 block_puts=0 deleted=16
checkpoint_phase lsn=20312 phase=gc_delete slot=-1 started_ns=1790069737585461000 ended_ns=1790069737642582667 elapsed_us=57121 block_gets=0 block_puts=0 deleted=16
checkpoint_phase lsn=20312 phase=gc_delete slot=-1 started_ns=1790069737642595000 ended_ns=1790069737693004083 elapsed_us=50409 block_gets=0 block_puts=0 deleted=16
checkpoint_phase lsn=20312 phase=gc_delete slot=-1 started_ns=1790069737693016000 ended_ns=1790069737743817292 elapsed_us=50801 block_gets=0 block_puts=0 deleted=16
checkpoint_phase lsn=20312 phase=gc_delete slot=-1 started_ns=1790069737743826000 ended_ns=1790069737793889375 elapsed_us=50063 block_gets=0 block_puts=0 deleted=16
checkpoint_phase lsn=20312 phase=gc_delete slot=-1 started_ns=1790069737793901000 ended_ns=1790069737844158334 elapsed_us=50257 block_gets=0 block_puts=0 deleted=16
checkpoint_phase lsn=20312 phase=gc_delete slot=-1 started_ns=1790069737844173000 ended_ns=1790069737904995417 elapsed_us=60822 block_gets=0 block_puts=0 deleted=16
checkpoint_phase lsn=20312 phase=gc_delete slot=-1 started_ns=1790069737905006000 ended_ns=1790069737964803084 elapsed_us=59797 block_gets=0 block_puts=0 deleted=16
checkpoint_phase lsn=20312 phase=gc_delete slot=-1 started_ns=1790069737964832000 ended_ns=1790069738008292208 elapsed_us=43460 block_gets=0 block_puts=0 deleted=14
checkpoint_phase lsn=20312 phase=row_merge_schedule slot=0 started_ns=1790069738008461000 ended_ns=1790069738239675000 elapsed_us=231214 block_gets=74 block_puts=0 deleted=0
checkpoint_phase lsn=20312 phase=row_merge_schedule slot=0 started_ns=1790069738239822000 ended_ns=1790069738438444458 elapsed_us=198622 block_gets=63 block_puts=0 deleted=0
checkpoint_phase lsn=20312 phase=row_merge_schedule slot=0 started_ns=1790069738438565000 ended_ns=1790069738636488875 elapsed_us=197923 block_gets=63 block_puts=0 deleted=0
checkpoint_phase lsn=20312 phase=row_merge_schedule slot=0 started_ns=1790069738638231000 ended_ns=1790069738840376833 elapsed_us=202145 block_gets=63 block_puts=0 deleted=0
checkpoint_phase lsn=20312 phase=row_merge_schedule slot=0 started_ns=1790069738840476000 ended_ns=1790069739044120875 elapsed_us=203644 block_gets=63 block_puts=0 deleted=0
checkpoint_phase lsn=20312 phase=row_merge_schedule slot=0 started_ns=1790069739046919000 ended_ns=1790069739244627750 elapsed_us=197708 block_gets=63 block_puts=0 deleted=0
checkpoint_phase lsn=20312 phase=row_merge_schedule slot=0 started_ns=1790069739248275000 ended_ns=1790069739462644833 elapsed_us=214369 block_gets=63 block_puts=0 deleted=0
checkpoint_phase lsn=20312 phase=row_merge_schedule slot=0 started_ns=1790069739522393000 ended_ns=1790069739729284209 elapsed_us=206891 block_gets=63 block_puts=0 deleted=0
checkpoint_phase lsn=20312 phase=row_merge_schedule slot=0 started_ns=1790069739785909000 ended_ns=1790069739983625875 elapsed_us=197716 block_gets=63 block_puts=0 deleted=0
checkpoint_phase lsn=20312 phase=row_merge_schedule slot=0 started_ns=1790069740036836000 ended_ns=1790069740246448125 elapsed_us=209612 block_gets=63 block_puts=0 deleted=0
checkpoint_phase lsn=20312 phase=row_merge_schedule slot=0 started_ns=1790069740297172000 ended_ns=1790069740502293125 elapsed_us=205121 block_gets=63 block_puts=0 deleted=0
checkpoint_phase lsn=20312 phase=row_merge_schedule slot=0 started_ns=1790069740553620000 ended_ns=1790069740741570375 elapsed_us=187950 block_gets=63 block_puts=0 deleted=0
checkpoint_phase lsn=20312 phase=row_merge_schedule slot=0 started_ns=1790069740789161000 ended_ns=1790069740988045583 elapsed_us=198884 block_gets=63 block_puts=0 deleted=0
checkpoint_phase lsn=20312 phase=row_merge_schedule slot=0 started_ns=1790069741038730000 ended_ns=1790069741236190209 elapsed_us=197460 block_gets=63 block_puts=0 deleted=0
checkpoint_phase lsn=20312 phase=row_merge_schedule slot=0 started_ns=1790069741287223000 ended_ns=1790069741488220375 elapsed_us=200997 block_gets=63 block_puts=0 deleted=0
checkpoint_phase lsn=20312 phase=row_merge_schedule slot=0 started_ns=1790069741545495000 ended_ns=1790069741775714125 elapsed_us=230219 block_gets=63 block_puts=0 deleted=0
checkpoint_phase lsn=20312 phase=row_merge_schedule slot=0 started_ns=1790069741832522000 ended_ns=1790069741876457291 elapsed_us=43935 block_gets=9 block_puts=0 deleted=0
checkpoint_phase lsn=20312 phase=row_merge_schedule slot=0 started_ns=1790069741933753000 ended_ns=1790069742366101708 elapsed_us=432348 block_gets=128 block_puts=0 deleted=0
checkpoint_phase lsn=20312 phase=row_merge_schedule slot=0 started_ns=1790069742420354000 ended_ns=1790069742789878791 elapsed_us=369524 block_gets=112 block_puts=0 deleted=0
checkpoint_phase lsn=20312 phase=row_merge_schedule slot=0 started_ns=1790069742838153000 ended_ns=1790069743215644583 elapsed_us=377491 block_gets=112 block_puts=0 deleted=0
checkpoint_phase lsn=20312 phase=row_merge_schedule slot=0 started_ns=1790069743269599000 ended_ns=1790069743650789167 elapsed_us=381190 block_gets=112 block_puts=0 deleted=0
checkpoint_phase lsn=20312 phase=row_merge_schedule slot=0 started_ns=1790069743711761000 ended_ns=1790069744070689625 elapsed_us=358928 block_gets=112 block_puts=0 deleted=0
checkpoint_phase lsn=20312 phase=row_merge_schedule slot=0 started_ns=1790069744124433000 ended_ns=1790069744498715500 elapsed_us=374282 block_gets=112 block_puts=0 deleted=0
checkpoint_phase lsn=20312 phase=row_merge_schedule slot=0 started_ns=1790069744547282000 ended_ns=1790069744955145500 elapsed_us=407863 block_gets=112 block_puts=0 deleted=0
checkpoint_phase lsn=20312 phase=row_merge_schedule slot=0 started_ns=1790069745019936000 ended_ns=1790069745438777375 elapsed_us=418841 block_gets=112 block_puts=0 deleted=0
checkpoint_phase lsn=20312 phase=row_merge_schedule slot=0 started_ns=1790069745490341000 ended_ns=1790069745857973166 elapsed_us=367632 block_gets=112 block_puts=0 deleted=0
checkpoint_phase lsn=20312 phase=row_merge_schedule slot=0 started_ns=1790069745907331000 ended_ns=1790069746285602833 elapsed_us=378271 block_gets=112 block_puts=0 deleted=0
checkpoint_phase lsn=20312 phase=row_merge_schedule slot=0 started_ns=1790069746335794000 ended_ns=1790069746690671167 elapsed_us=354877 block_gets=112 block_puts=0 deleted=0
checkpoint_phase lsn=20312 phase=row_merge_schedule slot=0 started_ns=1790069746751730000 ended_ns=1790069747147843500 elapsed_us=396113 block_gets=112 block_puts=0 deleted=0
checkpoint_phase lsn=20312 phase=row_merge_schedule slot=0 started_ns=1790069747246288000 ended_ns=1790069747638002541 elapsed_us=391714 block_gets=112 block_puts=0 deleted=0
checkpoint_phase lsn=20312 phase=row_merge_schedule slot=0 started_ns=1790069747697297000 ended_ns=1790069748133306375 elapsed_us=436009 block_gets=112 block_puts=0 deleted=0
checkpoint_phase lsn=20312 phase=row_merge_schedule slot=0 started_ns=1790069748193350000 ended_ns=1790069748251081500 elapsed_us=57731 block_gets=16 block_puts=0 deleted=0
checkpoint_phase lsn=20312 phase=row_merge_write slot=0 started_ns=1790069748309091000 ended_ns=1790069748343486041 elapsed_us=34395 block_gets=0 block_puts=5 deleted=0
checkpoint_phase lsn=20312 phase=row_merge_write slot=0 started_ns=1790069748409977000 ended_ns=1790069748434586834 elapsed_us=24609 block_gets=0 block_puts=4 deleted=0
checkpoint_phase lsn=20312 phase=row_merge_write slot=0 started_ns=1790069748503109000 ended_ns=1790069748524619292 elapsed_us=21510 block_gets=0 block_puts=4 deleted=0
checkpoint_phase lsn=20312 phase=row_merge_write slot=0 started_ns=1790069748621729000 ended_ns=1790069748652264667 elapsed_us=30535 block_gets=0 block_puts=4 deleted=0
checkpoint_phase lsn=20312 phase=row_merge_write slot=0 started_ns=1790069748727397000 ended_ns=1790069748761295917 elapsed_us=33898 block_gets=0 block_puts=4 deleted=0
checkpoint_phase lsn=20312 phase=row_merge_write slot=0 started_ns=1790069748860540000 ended_ns=1790069748880133750 elapsed_us=19593 block_gets=0 block_puts=4 deleted=0
checkpoint_phase lsn=20312 phase=row_merge_write slot=0 started_ns=1790069748939656000 ended_ns=1790069748963071458 elapsed_us=23415 block_gets=0 block_puts=4 deleted=0
checkpoint_phase lsn=20312 phase=row_merge_write slot=0 started_ns=1790069749027474000 ended_ns=1790069749051870000 elapsed_us=24396 block_gets=0 block_puts=4 deleted=0
checkpoint_phase lsn=20312 phase=row_merge_write slot=0 started_ns=1790069749110442000 ended_ns=1790069749128143500 elapsed_us=17701 block_gets=0 block_puts=4 deleted=0
checkpoint_phase lsn=20312 phase=row_merge_write slot=0 started_ns=1790069749178354000 ended_ns=1790069749195201250 elapsed_us=16847 block_gets=0 block_puts=4 deleted=0
checkpoint_phase lsn=20312 phase=row_merge_write slot=0 started_ns=1790069749242863000 ended_ns=1790069749259472917 elapsed_us=16609 block_gets=0 block_puts=4 deleted=0
checkpoint_phase lsn=20312 phase=row_merge_write slot=0 started_ns=1790069749307880000 ended_ns=1790069749331302750 elapsed_us=23422 block_gets=0 block_puts=4 deleted=0
checkpoint_phase lsn=20312 phase=row_merge_write slot=0 started_ns=1790069749377687000 ended_ns=1790069749394719542 elapsed_us=17032 block_gets=0 block_puts=4 deleted=0
checkpoint_phase lsn=20312 phase=row_merge_write slot=0 started_ns=1790069749442767000 ended_ns=1790069749459745375 elapsed_us=16978 block_gets=0 block_puts=4 deleted=0
checkpoint_phase lsn=20312 phase=row_merge_write slot=0 started_ns=1790069749504536000 ended_ns=1790069749520690084 elapsed_us=16154 block_gets=0 block_puts=4 deleted=0
checkpoint_phase lsn=20312 phase=row_merge_write slot=0 started_ns=1790069749568118000 ended_ns=1790069749585431000 elapsed_us=17313 block_gets=0 block_puts=4 deleted=0
checkpoint_phase lsn=20312 phase=row_merge_write slot=0 started_ns=1790069749633062000 ended_ns=1790069749648938084 elapsed_us=15876 block_gets=0 block_puts=4 deleted=0
checkpoint_phase lsn=20312 phase=row_merge_write slot=0 started_ns=1790069749698540000 ended_ns=1790069749716267375 elapsed_us=17727 block_gets=0 block_puts=4 deleted=0
checkpoint_phase lsn=20312 phase=row_merge_write slot=0 started_ns=1790069749764701000 ended_ns=1790069749782835792 elapsed_us=18134 block_gets=0 block_puts=4 deleted=0
checkpoint_phase lsn=20312 phase=row_merge_write slot=0 started_ns=1790069749829620000 ended_ns=1790069749848574875 elapsed_us=18954 block_gets=0 block_puts=4 deleted=0
checkpoint_phase lsn=20312 phase=row_merge_write slot=0 started_ns=1790069749893789000 ended_ns=1790069749909282584 elapsed_us=15493 block_gets=0 block_puts=4 deleted=0
checkpoint_phase lsn=20312 phase=row_merge_write slot=0 started_ns=1790069749953313000 ended_ns=1790069749970132834 elapsed_us=16819 block_gets=0 block_puts=4 deleted=0
checkpoint_phase lsn=20312 phase=row_merge_write slot=0 started_ns=1790069750022125000 ended_ns=1790069750039389042 elapsed_us=17264 block_gets=0 block_puts=4 deleted=0
checkpoint_phase lsn=20312 phase=row_merge_write slot=0 started_ns=1790069750086401000 ended_ns=1790069750103808875 elapsed_us=17407 block_gets=0 block_puts=4 deleted=0
checkpoint_phase lsn=20312 phase=row_merge_write slot=0 started_ns=1790069750152593000 ended_ns=1790069750171370417 elapsed_us=18777 block_gets=0 block_puts=4 deleted=0
checkpoint_phase lsn=20312 phase=row_merge_write slot=0 started_ns=1790069750220509000 ended_ns=1790069750239802416 elapsed_us=19293 block_gets=0 block_puts=4 deleted=0
checkpoint_phase lsn=20312 phase=row_merge_write slot=0 started_ns=1790069750290206000 ended_ns=1790069750307155542 elapsed_us=16949 block_gets=0 block_puts=4 deleted=0
checkpoint_phase lsn=20312 phase=row_merge_write slot=0 started_ns=1790069750351039000 ended_ns=1790069750376154834 elapsed_us=25115 block_gets=0 block_puts=4 deleted=0
checkpoint_phase lsn=20312 phase=row_merge_write slot=0 started_ns=1790069750429783000 ended_ns=1790069750445732208 elapsed_us=15949 block_gets=0 block_puts=4 deleted=0
checkpoint_phase lsn=20312 phase=row_merge_write slot=0 started_ns=1790069750492090000 ended_ns=1790069750509832708 elapsed_us=17742 block_gets=0 block_puts=4 deleted=0
checkpoint_phase lsn=20312 phase=row_merge_write slot=0 started_ns=1790069750560063000 ended_ns=1790069750576689625 elapsed_us=16626 block_gets=0 block_puts=4 deleted=0
checkpoint_phase lsn=20312 phase=row_merge_write slot=0 started_ns=1790069750624463000 ended_ns=1790069750643688500 elapsed_us=19225 block_gets=0 block_puts=4 deleted=0
checkpoint_phase lsn=20312 phase=row_merge_write slot=0 started_ns=1790069750689440000 ended_ns=1790069750707769000 elapsed_us=18329 block_gets=0 block_puts=4 deleted=0
checkpoint_phase lsn=20312 phase=row_merge_write slot=0 started_ns=1790069750754583000 ended_ns=1790069750785036917 elapsed_us=30453 block_gets=0 block_puts=4 deleted=0
checkpoint_phase lsn=20312 phase=row_merge_write slot=0 started_ns=1790069750839517000 ended_ns=1790069750858053875 elapsed_us=18536 block_gets=0 block_puts=4 deleted=0
checkpoint_phase lsn=20312 phase=row_merge_write slot=0 started_ns=1790069750911241000 ended_ns=1790069750928418333 elapsed_us=17177 block_gets=0 block_puts=4 deleted=0
checkpoint_phase lsn=20312 phase=row_merge_write slot=0 started_ns=1790069750987726000 ended_ns=1790069751005430875 elapsed_us=17704 block_gets=0 block_puts=4 deleted=0
checkpoint_phase lsn=20312 phase=row_merge_write slot=0 started_ns=1790069751054900000 ended_ns=1790069751072055083 elapsed_us=17155 block_gets=0 block_puts=4 deleted=0
checkpoint_phase lsn=20312 phase=row_merge_write slot=0 started_ns=1790069751133557000 ended_ns=1790069751151674333 elapsed_us=18117 block_gets=0 block_puts=4 deleted=0
checkpoint_phase lsn=20312 phase=row_merge_write slot=0 started_ns=1790069751202968000 ended_ns=1790069751219450041 elapsed_us=16482 block_gets=0 block_puts=4 deleted=0
checkpoint_phase lsn=20312 phase=row_merge_write slot=0 started_ns=1790069751271054000 ended_ns=1790069751297449042 elapsed_us=26395 block_gets=0 block_puts=4 deleted=0
checkpoint_phase lsn=20312 phase=row_merge_write slot=0 started_ns=1790069751362826000 ended_ns=1790069751379891375 elapsed_us=17065 block_gets=0 block_puts=4 deleted=0
checkpoint_phase lsn=20312 phase=row_merge_write slot=0 started_ns=1790069751429234000 ended_ns=1790069751446792708 elapsed_us=17558 block_gets=0 block_puts=4 deleted=0
checkpoint_phase lsn=20312 phase=row_merge_write slot=0 started_ns=1790069751498202000 ended_ns=1790069751515757250 elapsed_us=17555 block_gets=0 block_puts=4 deleted=0
checkpoint_phase lsn=20312 phase=row_merge_write slot=0 started_ns=1790069751565338000 ended_ns=1790069751583283083 elapsed_us=17945 block_gets=0 block_puts=4 deleted=0
checkpoint_phase lsn=20312 phase=row_merge_write slot=0 started_ns=1790069751652910000 ended_ns=1790069751677866833 elapsed_us=24956 block_gets=0 block_puts=4 deleted=0
checkpoint_phase lsn=20312 phase=row_merge_write slot=0 started_ns=1790069751734680000 ended_ns=1790069751772475667 elapsed_us=37795 block_gets=0 block_puts=4 deleted=0
checkpoint_phase lsn=20312 phase=row_merge_write slot=0 started_ns=1790069751822948000 ended_ns=1790069751841113625 elapsed_us=18165 block_gets=0 block_puts=4 deleted=0
checkpoint_phase lsn=20312 phase=row_merge_write slot=0 started_ns=1790069751892616000 ended_ns=1790069751908979708 elapsed_us=16363 block_gets=0 block_puts=4 deleted=0
checkpoint_phase lsn=20312 phase=row_merge_write slot=0 started_ns=1790069751957556000 ended_ns=1790069751976881625 elapsed_us=19325 block_gets=0 block_puts=4 deleted=0
checkpoint_phase lsn=20312 phase=row_merge_write slot=0 started_ns=1790069752026922000 ended_ns=1790069752045720791 elapsed_us=18798 block_gets=0 block_puts=4 deleted=0
checkpoint_phase lsn=20312 phase=row_merge_write slot=0 started_ns=1790069752091307000 ended_ns=1790069752110584625 elapsed_us=19277 block_gets=0 block_puts=4 deleted=0
checkpoint_phase lsn=20312 phase=row_merge_write slot=0 started_ns=1790069752158751000 ended_ns=1790069752178972292 elapsed_us=20221 block_gets=0 block_puts=4 deleted=0
checkpoint_phase lsn=20312 phase=row_merge_write slot=0 started_ns=1790069752229656000 ended_ns=1790069752248763125 elapsed_us=19107 block_gets=0 block_puts=4 deleted=0
checkpoint_phase lsn=20312 phase=row_merge_write slot=0 started_ns=1790069752298331000 ended_ns=1790069752350826209 elapsed_us=52495 block_gets=0 block_puts=4 deleted=0
checkpoint_phase lsn=20312 phase=row_merge_write slot=0 started_ns=1790069752400610000 ended_ns=1790069752439438834 elapsed_us=38828 block_gets=0 block_puts=4 deleted=0
checkpoint_phase lsn=20312 phase=row_merge_write slot=0 started_ns=1790069752493496000 ended_ns=1790069752513047625 elapsed_us=19551 block_gets=0 block_puts=4 deleted=0
checkpoint_phase lsn=20312 phase=row_merge_write slot=0 started_ns=1790069752562090000 ended_ns=1790069752600655584 elapsed_us=38565 block_gets=0 block_puts=4 deleted=0
checkpoint_phase lsn=20312 phase=row_merge_write slot=0 started_ns=1790069752647720000 ended_ns=1790069752667235625 elapsed_us=19515 block_gets=0 block_puts=4 deleted=0
checkpoint_phase lsn=20312 phase=row_merge_write slot=0 started_ns=1790069752716622000 ended_ns=1790069752736340000 elapsed_us=19718 block_gets=0 block_puts=4 deleted=0
checkpoint_phase lsn=20312 phase=row_merge_write slot=0 started_ns=1790069752785737000 ended_ns=1790069752817616834 elapsed_us=31879 block_gets=0 block_puts=4 deleted=0
checkpoint_phase lsn=20312 phase=row_merge_write slot=0 started_ns=1790069752863922000 ended_ns=1790069752882181208 elapsed_us=18259 block_gets=0 block_puts=4 deleted=0
checkpoint_phase lsn=20312 phase=row_merge_write slot=0 started_ns=1790069752930668000 ended_ns=1790069752963595417 elapsed_us=32927 block_gets=0 block_puts=4 deleted=0
checkpoint_phase lsn=20312 phase=row_merge_write slot=0 started_ns=1790069753014429000 ended_ns=1790069753049651209 elapsed_us=35222 block_gets=0 block_puts=4 deleted=0
checkpoint_phase lsn=20312 phase=row_merge_write slot=0 started_ns=1790069753095958000 ended_ns=1790069753120654875 elapsed_us=24696 block_gets=0 block_puts=4 deleted=0
checkpoint_phase lsn=20312 phase=row_merge_write slot=0 started_ns=1790069753169344000 ended_ns=1790069753187996750 elapsed_us=18652 block_gets=0 block_puts=4 deleted=0
checkpoint_phase lsn=20312 phase=row_merge_write slot=0 started_ns=1790069753233632000 ended_ns=1790069753251359333 elapsed_us=17727 block_gets=0 block_puts=4 deleted=0
checkpoint_phase lsn=20312 phase=row_merge_write slot=0 started_ns=1790069753301522000 ended_ns=1790069753321626166 elapsed_us=20104 block_gets=0 block_puts=4 deleted=0
checkpoint_phase lsn=20312 phase=row_merge_write slot=0 started_ns=1790069753369658000 ended_ns=1790069753387926250 elapsed_us=18268 block_gets=0 block_puts=4 deleted=0
checkpoint_phase lsn=20312 phase=row_merge_write slot=0 started_ns=1790069753437570000 ended_ns=1790069753466484500 elapsed_us=28914 block_gets=0 block_puts=4 deleted=0
checkpoint_phase lsn=20312 phase=row_merge_write slot=0 started_ns=1790069753512357000 ended_ns=1790069753535532125 elapsed_us=23175 block_gets=0 block_puts=4 deleted=0
checkpoint_phase lsn=20312 phase=row_merge_write slot=0 started_ns=1790069753581430000 ended_ns=1790069753599529250 elapsed_us=18099 block_gets=0 block_puts=4 deleted=0
checkpoint_phase lsn=20312 phase=row_merge_write slot=0 started_ns=1790069753646382000 ended_ns=1790069753664614083 elapsed_us=18232 block_gets=0 block_puts=4 deleted=0
checkpoint_phase lsn=20312 phase=row_merge_write slot=0 started_ns=1790069753711404000 ended_ns=1790069753735305584 elapsed_us=23901 block_gets=0 block_puts=4 deleted=0
checkpoint_phase lsn=20312 phase=row_merge_write slot=0 started_ns=1790069753782800000 ended_ns=1790069753811522667 elapsed_us=28722 block_gets=0 block_puts=4 deleted=0
checkpoint_phase lsn=20312 phase=row_merge_write slot=0 started_ns=1790069753814751000 ended_ns=1790069753844677209 elapsed_us=29926 block_gets=0 block_puts=4 deleted=0
checkpoint_phase lsn=20312 phase=row_merge_write slot=0 started_ns=1790069753844997000 ended_ns=1790069753883678041 elapsed_us=38681 block_gets=0 block_puts=4 deleted=0
checkpoint_phase lsn=20312 phase=row_merge_write slot=0 started_ns=1790069753884203000 ended_ns=1790069753910609375 elapsed_us=26406 block_gets=0 block_puts=4 deleted=0
checkpoint_phase lsn=20312 phase=row_merge_write slot=0 started_ns=1790069753910705000 ended_ns=1790069753931667875 elapsed_us=20962 block_gets=0 block_puts=4 deleted=0
checkpoint_phase lsn=20312 phase=row_merge_write slot=0 started_ns=1790069753931786000 ended_ns=1790069753977772708 elapsed_us=45986 block_gets=0 block_puts=4 deleted=0
checkpoint_phase lsn=20312 phase=row_merge_write slot=0 started_ns=1790069753978044000 ended_ns=1790069754004618334 elapsed_us=26574 block_gets=0 block_puts=4 deleted=0
checkpoint_phase lsn=20312 phase=row_merge_write slot=0 started_ns=1790069754004703000 ended_ns=1790069754024788958 elapsed_us=20085 block_gets=0 block_puts=4 deleted=0
checkpoint_phase lsn=20312 phase=row_merge_write slot=0 started_ns=1790069754024855000 ended_ns=1790069754042619417 elapsed_us=17764 block_gets=0 block_puts=4 deleted=0
checkpoint_phase lsn=20312 phase=row_merge_write slot=0 started_ns=1790069754042689000 ended_ns=1790069754077656500 elapsed_us=34967 block_gets=0 block_puts=4 deleted=0
checkpoint_phase lsn=20312 phase=row_merge_write slot=0 started_ns=1790069754077734000 ended_ns=1790069754098790125 elapsed_us=21056 block_gets=0 block_puts=4 deleted=0
checkpoint_phase lsn=20312 phase=row_merge_write slot=0 started_ns=1790069754098902000 ended_ns=1790069754116714542 elapsed_us=17812 block_gets=0 block_puts=4 deleted=0
checkpoint_phase lsn=20312 phase=row_merge_write slot=0 started_ns=1790069754118278000 ended_ns=1790069754139210417 elapsed_us=20932 block_gets=0 block_puts=4 deleted=0
checkpoint_phase lsn=20312 phase=row_merge_write slot=0 started_ns=1790069754139320000 ended_ns=1790069754156940875 elapsed_us=17620 block_gets=0 block_puts=4 deleted=0
checkpoint_phase lsn=20312 phase=row_merge_write slot=0 started_ns=1790069754157056000 ended_ns=1790069754175743042 elapsed_us=18687 block_gets=0 block_puts=4 deleted=0
checkpoint_phase lsn=20312 phase=row_merge_write slot=0 started_ns=1790069754177358000 ended_ns=1790069754196603625 elapsed_us=19245 block_gets=0 block_puts=4 deleted=0
checkpoint_phase lsn=20312 phase=row_merge_write slot=0 started_ns=1790069754196696000 ended_ns=1790069754212815458 elapsed_us=16119 block_gets=0 block_puts=4 deleted=0
checkpoint_phase lsn=20312 phase=row_merge_write slot=0 started_ns=1790069754212934000 ended_ns=1790069754232128167 elapsed_us=19194 block_gets=0 block_puts=4 deleted=0
checkpoint_phase lsn=20312 phase=row_merge_write slot=0 started_ns=1790069754232222000 ended_ns=1790069754250308750 elapsed_us=18086 block_gets=0 block_puts=4 deleted=0
checkpoint_phase lsn=20312 phase=row_merge_write slot=0 started_ns=1790069754250431000 ended_ns=1790069754268138625 elapsed_us=17707 block_gets=0 block_puts=4 deleted=0
checkpoint_phase lsn=20312 phase=row_merge_write slot=0 started_ns=1790069754268239000 ended_ns=1790069754286945083 elapsed_us=18706 block_gets=0 block_puts=4 deleted=0
checkpoint_phase lsn=20312 phase=row_merge_write slot=0 started_ns=1790069754287069000 ended_ns=1790069754305242917 elapsed_us=18173 block_gets=0 block_puts=4 deleted=0
checkpoint_phase lsn=20312 phase=row_merge_write slot=0 started_ns=1790069754305512000 ended_ns=1790069754324372875 elapsed_us=18860 block_gets=0 block_puts=4 deleted=0
checkpoint_phase lsn=20312 phase=row_merge_write slot=0 started_ns=1790069754324501000 ended_ns=1790069754342111958 elapsed_us=17610 block_gets=0 block_puts=4 deleted=0
checkpoint_phase lsn=20312 phase=row_merge_write slot=0 started_ns=1790069754342342000 ended_ns=1790069754361340792 elapsed_us=18998 block_gets=0 block_puts=4 deleted=0
checkpoint_phase lsn=20312 phase=row_merge_write slot=0 started_ns=1790069754361403000 ended_ns=1790069754379658500 elapsed_us=18255 block_gets=0 block_puts=4 deleted=0
checkpoint_phase lsn=20312 phase=row_merge_write slot=0 started_ns=1790069754379728000 ended_ns=1790069754396752000 elapsed_us=17024 block_gets=0 block_puts=4 deleted=0
checkpoint_phase lsn=20312 phase=row_merge_write slot=0 started_ns=1790069754396823000 ended_ns=1790069754413984542 elapsed_us=17161 block_gets=0 block_puts=4 deleted=0
checkpoint_phase lsn=20312 phase=row_merge_write slot=0 started_ns=1790069754414052000 ended_ns=1790069754433001834 elapsed_us=18949 block_gets=0 block_puts=4 deleted=0
checkpoint_phase lsn=20312 phase=row_merge_write slot=0 started_ns=1790069754433069000 ended_ns=1790069754450149583 elapsed_us=17080 block_gets=0 block_puts=4 deleted=0
checkpoint_phase lsn=20312 phase=row_merge_write slot=0 started_ns=1790069754450204000 ended_ns=1790069754466620917 elapsed_us=16416 block_gets=0 block_puts=4 deleted=0
checkpoint_phase lsn=20328 phase=value_index_schedule slot=0 started_ns=1790069754500046000 ended_ns=1790069755764793917 elapsed_us=1264747 block_gets=116 block_puts=20 deleted=0
checkpoint_phase lsn=20328 phase=row_merge_write slot=0 started_ns=1790069755772460000 ended_ns=1790069755815754667 elapsed_us=43294 block_gets=0 block_puts=4 deleted=0
checkpoint_phase lsn=20328 phase=value_index_write slot=0 started_ns=1790069755816598000 ended_ns=1790069755816838334 elapsed_us=240 block_gets=0 block_puts=0 deleted=0
checkpoint_phase lsn=20328 phase=row_merge_write slot=0 started_ns=1790069755816962000 ended_ns=1790069755839121625 elapsed_us=22159 block_gets=0 block_puts=6 deleted=0
checkpoint_phase lsn=20328 phase=value_index_write slot=0 started_ns=1790069755839997000 ended_ns=1790069755840073375 elapsed_us=76 block_gets=0 block_puts=0 deleted=0
checkpoint_phase lsn=20328 phase=value_index_write slot=0 started_ns=1790069755840129000 ended_ns=1790069755840202667 elapsed_us=73 block_gets=0 block_puts=0 deleted=0
checkpoint_phase lsn=20328 phase=value_index_write slot=0 started_ns=1790069755840253000 ended_ns=1790069755840463667 elapsed_us=210 block_gets=0 block_puts=0 deleted=0
checkpoint_phase lsn=20328 phase=value_index_write slot=0 started_ns=1790069755841199000 ended_ns=1790069755841273125 elapsed_us=74 block_gets=0 block_puts=0 deleted=0
checkpoint_phase lsn=20328 phase=value_index_write slot=0 started_ns=1790069755841339000 ended_ns=1790069755848367584 elapsed_us=7028 block_gets=0 block_puts=1 deleted=0
checkpoint_phase lsn=20344 phase=value_index_schedule slot=0 started_ns=1790069755880451000 ended_ns=1790069756742895375 elapsed_us=862444 block_gets=0 block_puts=20 deleted=0
checkpoint_phase lsn=20344 phase=value_index_write slot=0 started_ns=1790069756744714000 ended_ns=1790069756744934917 elapsed_us=220 block_gets=0 block_puts=0 deleted=0
checkpoint_phase lsn=20344 phase=value_index_write slot=0 started_ns=1790069756744984000 ended_ns=1790069756745057500 elapsed_us=73 block_gets=0 block_puts=0 deleted=0
checkpoint_phase lsn=20344 phase=value_index_write slot=0 started_ns=1790069756745099000 ended_ns=1790069756745172542 elapsed_us=73 block_gets=0 block_puts=0 deleted=0
checkpoint_phase lsn=20348 phase=value_index_schedule slot=0 started_ns=1790069756810411000 ended_ns=1790069757666155958 elapsed_us=855744 block_gets=0 block_puts=20 deleted=0
checkpoint_phase lsn=20348 phase=value_index_write slot=0 started_ns=1790069757668147000 ended_ns=1790069757668367000 elapsed_us=220 block_gets=0 block_puts=0 deleted=0
checkpoint_phase lsn=20348 phase=value_index_write slot=0 started_ns=1790069757668438000 ended_ns=1790069757668524042 elapsed_us=86 block_gets=0 block_puts=0 deleted=0
checkpoint_phase lsn=20348 phase=value_index_write slot=0 started_ns=1790069757668857000 ended_ns=1790069757668931708 elapsed_us=74 block_gets=0 block_puts=0 deleted=0
checkpoint_phase lsn=20352 phase=value_index_schedule slot=0 started_ns=1790069757687000000 ended_ns=1790069758546304708 elapsed_us=859304 block_gets=0 block_puts=20 deleted=0
checkpoint_phase lsn=20360 phase=value_index_schedule slot=0 started_ns=1790069758577551000 ended_ns=1790069759448260625 elapsed_us=870709 block_gets=0 block_puts=20 deleted=0
checkpoint_phase lsn=20360 phase=value_index_write slot=0 started_ns=1790069759450204000 ended_ns=1790069759450435709 elapsed_us=231 block_gets=0 block_puts=0 deleted=0
checkpoint_phase lsn=20360 phase=value_index_write slot=0 started_ns=1790069759450508000 ended_ns=1790069759450582917 elapsed_us=74 block_gets=0 block_puts=0 deleted=0
checkpoint_phase lsn=20360 phase=value_index_write slot=0 started_ns=1790069759450652000 ended_ns=1790069759450724792 elapsed_us=72 block_gets=0 block_puts=0 deleted=0
checkpoint_phase lsn=20364 phase=value_index_schedule slot=0 started_ns=1790069759478647000 ended_ns=1790069760340978292 elapsed_us=862331 block_gets=0 block_puts=20 deleted=0
checkpoint_phase lsn=20364 phase=value_index_write slot=0 started_ns=1790069760342877000 ended_ns=1790069760343111083 elapsed_us=234 block_gets=0 block_puts=0 deleted=0
checkpoint_phase lsn=20364 phase=value_index_write slot=0 started_ns=1790069760343165000 ended_ns=1790069760343238334 elapsed_us=73 block_gets=0 block_puts=0 deleted=0
checkpoint_phase lsn=20364 phase=value_index_write slot=0 started_ns=1790069760343285000 ended_ns=1790069760343358250 elapsed_us=73 block_gets=0 block_puts=0 deleted=0
checkpoint_phase lsn=20372 phase=value_index_schedule slot=0 started_ns=1790069760420879000 ended_ns=1790069761289922666 elapsed_us=869043 block_gets=0 block_puts=20 deleted=0
checkpoint_phase lsn=20380 phase=value_index_schedule slot=0 started_ns=1790069761313156000 ended_ns=1790069762176984959 elapsed_us=863828 block_gets=0 block_puts=20 deleted=0
checkpoint_phase lsn=20380 phase=value_index_write slot=0 started_ns=1790069762178931000 ended_ns=1790069762179184792 elapsed_us=253 block_gets=0 block_puts=0 deleted=0
checkpoint_phase lsn=20380 phase=value_index_write slot=0 started_ns=1790069762179241000 ended_ns=1790069762179314500 elapsed_us=73 block_gets=0 block_puts=0 deleted=0
checkpoint_phase lsn=20380 phase=value_index_write slot=0 started_ns=1790069762179361000 ended_ns=1790069762179437208 elapsed_us=76 block_gets=0 block_puts=0 deleted=0
checkpoint_phase lsn=20380 phase=value_index_write slot=0 started_ns=1790069762180230000 ended_ns=1790069762180463083 elapsed_us=233 block_gets=0 block_puts=0 deleted=0
checkpoint_phase lsn=20380 phase=value_index_write slot=0 started_ns=1790069762180717000 ended_ns=1790069762180794083 elapsed_us=77 block_gets=0 block_puts=0 deleted=0
checkpoint_phase lsn=20384 phase=value_index_schedule slot=0 started_ns=1790069762206591000 ended_ns=1790069763069930917 elapsed_us=863339 block_gets=0 block_puts=20 deleted=0
checkpoint_phase lsn=20388 phase=value_index_schedule slot=0 started_ns=1790069763100356000 ended_ns=1790069763961760000 elapsed_us=861404 block_gets=0 block_puts=20 deleted=0
checkpoint_phase lsn=20396 phase=value_index_schedule slot=0 started_ns=1790069763984544000 ended_ns=1790069764854773459 elapsed_us=870229 block_gets=0 block_puts=20 deleted=0
checkpoint_phase lsn=20400 phase=value_index_schedule slot=0 started_ns=1790069764949910000 ended_ns=1790069765821384125 elapsed_us=871474 block_gets=0 block_puts=20 deleted=0
checkpoint_phase lsn=20400 phase=value_index_write slot=0 started_ns=1790069765823264000 ended_ns=1790069765823481167 elapsed_us=217 block_gets=0 block_puts=0 deleted=0
checkpoint_phase lsn=20400 phase=value_index_write slot=0 started_ns=1790069765823552000 ended_ns=1790069765823626958 elapsed_us=74 block_gets=0 block_puts=0 deleted=0
checkpoint_phase lsn=20400 phase=value_index_write slot=0 started_ns=1790069765824416000 ended_ns=1790069765824488500 elapsed_us=72 block_gets=0 block_puts=0 deleted=0
checkpoint_phase lsn=20400 phase=value_index_write slot=0 started_ns=1790069765824537000 ended_ns=1790069765824752375 elapsed_us=215 block_gets=0 block_puts=0 deleted=0
checkpoint_phase lsn=20412 phase=value_index_schedule slot=0 started_ns=1790069765889996000 ended_ns=1790069766759095708 elapsed_us=869099 block_gets=0 block_puts=20 deleted=0
checkpoint_phase lsn=20412 phase=value_index_write slot=0 started_ns=1790069766761078000 ended_ns=1790069766761300500 elapsed_us=222 block_gets=0 block_puts=0 deleted=0
checkpoint_phase lsn=20412 phase=value_index_write slot=0 started_ns=1790069766761362000 ended_ns=1790069766761439459 elapsed_us=77 block_gets=0 block_puts=0 deleted=0
checkpoint_phase lsn=20412 phase=value_index_write slot=0 started_ns=1790069766761850000 ended_ns=1790069766761922542 elapsed_us=72 block_gets=0 block_puts=0 deleted=0
checkpoint_phase lsn=20416 phase=value_index_schedule slot=0 started_ns=1790069766778143000 ended_ns=1790069767640440250 elapsed_us=862297 block_gets=0 block_puts=20 deleted=0
checkpoint_phase lsn=20424 phase=value_index_schedule slot=0 started_ns=1790069767707265000 ended_ns=1790069768573258291 elapsed_us=865993 block_gets=0 block_puts=20 deleted=0
checkpoint_phase lsn=20432 phase=value_index_schedule slot=0 started_ns=1790069768595835000 ended_ns=1790069769458170708 elapsed_us=862335 block_gets=0 block_puts=20 deleted=0
checkpoint_phase lsn=20432 phase=value_index_write slot=0 started_ns=1790069769460115000 ended_ns=1790069769460356417 elapsed_us=241 block_gets=0 block_puts=0 deleted=0
checkpoint_phase lsn=20432 phase=value_index_write slot=0 started_ns=1790069769460415000 ended_ns=1790069769460490417 elapsed_us=75 block_gets=0 block_puts=0 deleted=0
checkpoint_phase lsn=20432 phase=value_index_write slot=0 started_ns=1790069769461038000 ended_ns=1790069769461115333 elapsed_us=77 block_gets=0 block_puts=0 deleted=0
checkpoint_phase lsn=20432 phase=value_index_write slot=0 started_ns=1790069769461864000 ended_ns=1790069769462079167 elapsed_us=215 block_gets=0 block_puts=0 deleted=0
checkpoint_phase lsn=20440 phase=value_index_schedule slot=0 started_ns=1790069769493966000 ended_ns=1790069770606879875 elapsed_us=1112913 block_gets=0 block_puts=20 deleted=0
checkpoint_phase lsn=20440 phase=value_index_write slot=0 started_ns=1790069770608858000 ended_ns=1790069770609081416 elapsed_us=223 block_gets=0 block_puts=0 deleted=0
checkpoint_phase lsn=20440 phase=value_index_write slot=0 started_ns=1790069770609147000 ended_ns=1790069770609223125 elapsed_us=76 block_gets=0 block_puts=0 deleted=0
checkpoint_phase lsn=20440 phase=value_index_write slot=0 started_ns=1790069770609506000 ended_ns=1790069770609579625 elapsed_us=73 block_gets=0 block_puts=0 deleted=0
checkpoint_phase lsn=20452 phase=value_index_schedule slot=0 started_ns=1790069770691208000 ended_ns=1790069771583239916 elapsed_us=892031 block_gets=0 block_puts=20 deleted=0
checkpoint_phase lsn=20452 phase=value_index_write slot=0 started_ns=1790069771585184000 ended_ns=1790069771585411584 elapsed_us=227 block_gets=0 block_puts=0 deleted=0
checkpoint_phase lsn=20452 phase=value_index_write slot=0 started_ns=1790069771585656000 ended_ns=1790069771585729209 elapsed_us=73 block_gets=0 block_puts=0 deleted=0
checkpoint_phase lsn=20452 phase=value_index_write slot=0 started_ns=1790069771586503000 ended_ns=1790069771586575959 elapsed_us=72 block_gets=0 block_puts=0 deleted=0
checkpoint_phase lsn=20452 phase=value_index_write slot=0 started_ns=1790069771586638000 ended_ns=1790069771587334792 elapsed_us=696 block_gets=0 block_puts=0 deleted=0
checkpoint_phase lsn=20456 phase=value_index_schedule slot=0 started_ns=1790069771602321000 ended_ns=1790069772486091417 elapsed_us=883770 block_gets=0 block_puts=20 deleted=0
checkpoint_phase lsn=20460 phase=value_index_schedule slot=0 started_ns=1790069772505688000 ended_ns=1790069773395595334 elapsed_us=889907 block_gets=0 block_puts=20 deleted=0
checkpoint_phase lsn=20468 phase=value_index_schedule slot=0 started_ns=1790069773420593000 ended_ns=1790069774308078916 elapsed_us=887485 block_gets=0 block_puts=20 deleted=0
checkpoint_phase lsn=20468 phase=value_index_write slot=0 started_ns=1790069774310068000 ended_ns=1790069774310297125 elapsed_us=229 block_gets=0 block_puts=0 deleted=0
checkpoint_phase lsn=20468 phase=value_index_write slot=0 started_ns=1790069774310352000 ended_ns=1790069774310424375 elapsed_us=72 block_gets=0 block_puts=0 deleted=0
checkpoint_phase lsn=20468 phase=value_index_write slot=0 started_ns=1790069774310490000 ended_ns=1790069774310566208 elapsed_us=76 block_gets=0 block_puts=0 deleted=0
checkpoint_phase lsn=20468 phase=value_index_write slot=0 started_ns=1790069774310893000 ended_ns=1790069774311109042 elapsed_us=216 block_gets=0 block_puts=0 deleted=0
checkpoint_phase lsn=20468 phase=value_index_write slot=0 started_ns=1790069774311972000 ended_ns=1790069774312052500 elapsed_us=80 block_gets=0 block_puts=0 deleted=0
checkpoint_phase lsn=20468 phase=value_index_write slot=0 started_ns=1790069774312112000 ended_ns=1790069774319840583 elapsed_us=7728 block_gets=0 block_puts=1 deleted=0
checkpoint_phase lsn=20476 phase=value_index_schedule slot=0 started_ns=1790069774390782000 ended_ns=1790069775376509583 elapsed_us=985727 block_gets=0 block_puts=20 deleted=0
checkpoint_phase lsn=20484 phase=value_index_schedule slot=0 started_ns=1790069775400894000 ended_ns=1790069776664878417 elapsed_us=1263984 block_gets=0 block_puts=20 deleted=0
checkpoint_phase lsn=20484 phase=value_index_write slot=0 started_ns=1790069776667085000 ended_ns=1790069776667326708 elapsed_us=241 block_gets=0 block_puts=0 deleted=0
checkpoint_phase lsn=20484 phase=value_index_write slot=0 started_ns=1790069776667463000 ended_ns=1790069776667704833 elapsed_us=241 block_gets=0 block_puts=0 deleted=0
checkpoint_phase lsn=20484 phase=value_index_write slot=0 started_ns=1790069776667873000 ended_ns=1790069776668083333 elapsed_us=210 block_gets=0 block_puts=0 deleted=0
checkpoint_phase lsn=20484 phase=value_index_write slot=0 started_ns=1790069776668232000 ended_ns=1790069776668771750 elapsed_us=539 block_gets=0 block_puts=0 deleted=0
checkpoint_phase lsn=20484 phase=value_index_write slot=0 started_ns=1790069776669523000 ended_ns=1790069776669734458 elapsed_us=211 block_gets=0 block_puts=0 deleted=0
checkpoint_phase lsn=20484 phase=value_index_write slot=0 started_ns=1790069776671887000 ended_ns=1790069776686327584 elapsed_us=14440 block_gets=0 block_puts=1 deleted=0
checkpoint_phase lsn=20484 phase=value_index_write slot=0 started_ns=1790069776687970000 ended_ns=1790069776688195584 elapsed_us=225 block_gets=0 block_puts=0 deleted=0
checkpoint_phase lsn=20484 phase=value_index_write slot=0 started_ns=1790069776688381000 ended_ns=1790069776688659250 elapsed_us=278 block_gets=0 block_puts=0 deleted=0
checkpoint_phase lsn=20496 phase=value_index_schedule slot=0 started_ns=1790069776723018000 ended_ns=1790069777937371541 elapsed_us=1214353 block_gets=0 block_puts=20 deleted=0
checkpoint_phase lsn=20500 phase=value_index_schedule slot=0 started_ns=1790069777955977000 ended_ns=1790069778832453042 elapsed_us=876476 block_gets=0 block_puts=20 deleted=0
checkpoint_phase lsn=20504 phase=value_index_schedule slot=0 started_ns=1790069778905331000 ended_ns=1790069779789797000 elapsed_us=884466 block_gets=0 block_puts=20 deleted=0
checkpoint_phase lsn=20504 phase=value_index_write slot=0 started_ns=1790069779791678000 ended_ns=1790069779791905042 elapsed_us=227 block_gets=0 block_puts=0 deleted=0
checkpoint_phase lsn=20504 phase=value_index_write slot=0 started_ns=1790069779791974000 ended_ns=1790069779792049958 elapsed_us=75 block_gets=0 block_puts=0 deleted=0
checkpoint_phase lsn=20504 phase=value_index_write slot=0 started_ns=1790069779792385000 ended_ns=1790069779792458459 elapsed_us=73 block_gets=0 block_puts=0 deleted=0
checkpoint_phase lsn=20508 phase=value_index_schedule slot=0 started_ns=1790069779815514000 ended_ns=1790069780715279292 elapsed_us=899765 block_gets=0 block_puts=20 deleted=0
checkpoint_phase lsn=20516 phase=value_index_schedule slot=0 started_ns=1790069780749894000 ended_ns=1790069781616561458 elapsed_us=866667 block_gets=0 block_puts=20 deleted=0
checkpoint_phase lsn=20516 phase=value_index_write slot=0 started_ns=1790069781618511000 ended_ns=1790069781618743625 elapsed_us=232 block_gets=0 block_puts=0 deleted=0
checkpoint_phase lsn=20516 phase=value_index_write slot=0 started_ns=1790069781618807000 ended_ns=1790069781618883667 elapsed_us=76 block_gets=0 block_puts=0 deleted=0
checkpoint_phase lsn=20520 phase=value_index_schedule slot=0 started_ns=1790069781636118000 ended_ns=1790069782497475041 elapsed_us=861357 block_gets=0 block_puts=20 deleted=0
checkpoint_phase lsn=20520 phase=value_index_write slot=0 started_ns=1790069782499436000 ended_ns=1790069782499664167 elapsed_us=228 block_gets=0 block_puts=0 deleted=0
checkpoint_phase lsn=20520 phase=value_index_write slot=0 started_ns=1790069782499715000 ended_ns=1790069782499788666 elapsed_us=73 block_gets=0 block_puts=0 deleted=0
checkpoint_phase lsn=20528 phase=value_index_schedule slot=0 started_ns=1790069782565070000 ended_ns=1790069783429231667 elapsed_us=864161 block_gets=0 block_puts=20 deleted=0
checkpoint_phase lsn=20536 phase=value_index_schedule slot=0 started_ns=1790069783465166000 ended_ns=1790069784330797167 elapsed_us=865631 block_gets=0 block_puts=20 deleted=0
checkpoint_phase lsn=20536 phase=value_index_write slot=0 started_ns=1790069784332819000 ended_ns=1790069784333047708 elapsed_us=228 block_gets=0 block_puts=0 deleted=0
checkpoint_phase lsn=20536 phase=value_index_write slot=0 started_ns=1790069784333110000 ended_ns=1790069784333184292 elapsed_us=74 block_gets=0 block_puts=0 deleted=0
checkpoint_phase lsn=20536 phase=value_index_write slot=0 started_ns=1790069784333242000 ended_ns=1790069784333322750 elapsed_us=80 block_gets=0 block_puts=0 deleted=0
checkpoint_phase lsn=20536 phase=value_index_write slot=0 started_ns=1790069784333380000 ended_ns=1790069784333595958 elapsed_us=215 block_gets=0 block_puts=0 deleted=0
checkpoint_phase lsn=20536 phase=value_index_write slot=0 started_ns=1790069784333650000 ended_ns=1790069784333722750 elapsed_us=72 block_gets=0 block_puts=0 deleted=0
checkpoint_phase lsn=20536 phase=value_index_write slot=0 started_ns=1790069784333773000 ended_ns=1790069784340336292 elapsed_us=6563 block_gets=0 block_puts=1 deleted=0
checkpoint_phase lsn=20536 phase=value_index_write slot=0 started_ns=1790069784341150000 ended_ns=1790069784341360417 elapsed_us=210 block_gets=0 block_puts=0 deleted=0
checkpoint_phase lsn=20536 phase=value_index_write slot=0 started_ns=1790069784341408000 ended_ns=1790069784341484250 elapsed_us=76 block_gets=0 block_puts=0 deleted=0
checkpoint_phase lsn=20536 phase=value_index_write slot=0 started_ns=1790069784341804000 ended_ns=1790069784341878167 elapsed_us=74 block_gets=0 block_puts=0 deleted=0
checkpoint_phase lsn=20540 phase=value_index_schedule slot=0 started_ns=1790069784370196000 ended_ns=1790069785237723292 elapsed_us=867527 block_gets=0 block_puts=20 deleted=0
checkpoint_phase lsn=20544 phase=value_index_schedule slot=0 started_ns=1790069785266250000 ended_ns=1790069786133018333 elapsed_us=866768 block_gets=0 block_puts=20 deleted=0
checkpoint_phase lsn=20556 phase=value_index_schedule slot=0 started_ns=1790069786217279000 ended_ns=1790069787081234000 elapsed_us=863955 block_gets=0 block_puts=20 deleted=0
checkpoint_phase lsn=20556 phase=value_index_write slot=0 started_ns=1790069787083260000 ended_ns=1790069787083506167 elapsed_us=246 block_gets=0 block_puts=0 deleted=0
checkpoint_phase lsn=20556 phase=value_index_write slot=0 started_ns=1790069787083568000 ended_ns=1790069787083641916 elapsed_us=73 block_gets=0 block_puts=0 deleted=0
checkpoint_phase lsn=20556 phase=value_index_write slot=0 started_ns=1790069787083948000 ended_ns=1790069787084020125 elapsed_us=72 block_gets=0 block_puts=0 deleted=0
checkpoint_phase lsn=20556 phase=value_index_write slot=0 started_ns=1790069787085342000 ended_ns=1790069787085554583 elapsed_us=212 block_gets=0 block_puts=0 deleted=0
checkpoint_phase lsn=20560 phase=value_index_schedule slot=0 started_ns=1790069787103184000 ended_ns=1790069787968481750 elapsed_us=865297 block_gets=0 block_puts=20 deleted=0
checkpoint_phase lsn=20564 phase=value_index_schedule slot=0 started_ns=1790069787989482000 ended_ns=1790069788852308375 elapsed_us=862826 block_gets=0 block_puts=20 deleted=0
checkpoint_phase lsn=20572 phase=value_index_schedule slot=0 started_ns=1790069788883837000 ended_ns=1790069789749395708 elapsed_us=865558 block_gets=0 block_puts=20 deleted=0
checkpoint_phase lsn=20572 phase=value_index_write slot=0 started_ns=1790069789751346000 ended_ns=1790069789751575042 elapsed_us=229 block_gets=0 block_puts=0 deleted=0
checkpoint_phase lsn=20572 phase=value_index_write slot=0 started_ns=1790069789751630000 ended_ns=1790069789751704000 elapsed_us=74 block_gets=0 block_puts=0 deleted=0
checkpoint_phase lsn=20572 phase=value_index_write slot=0 started_ns=1790069789751760000 ended_ns=1790069789751836375 elapsed_us=76 block_gets=0 block_puts=0 deleted=0
checkpoint_phase lsn=20572 phase=value_index_write slot=0 started_ns=1790069789752465000 ended_ns=1790069789752702250 elapsed_us=237 block_gets=0 block_puts=0 deleted=0
checkpoint_phase lsn=20572 phase=value_index_write slot=0 started_ns=1790069789752973000 ended_ns=1790069789753044125 elapsed_us=71 block_gets=0 block_puts=0 deleted=0
checkpoint_phase lsn=20576 phase=value_index_schedule slot=0 started_ns=1790069789820440000 ended_ns=1790069790683167666 elapsed_us=862727 block_gets=0 block_puts=20 deleted=0
checkpoint_phase lsn=20584 phase=value_index_schedule slot=0 started_ns=1790069790705397000 ended_ns=1790069791565216167 elapsed_us=859819 block_gets=0 block_puts=20 deleted=0
checkpoint_phase lsn=20584 phase=value_index_write slot=0 started_ns=1790069791566907000 ended_ns=1790069791567142458 elapsed_us=235 block_gets=0 block_puts=0 deleted=0
checkpoint_phase lsn=20584 phase=value_index_write slot=0 started_ns=1790069791567191000 ended_ns=1790069791567264042 elapsed_us=73 block_gets=0 block_puts=0 deleted=0
checkpoint_phase lsn=20584 phase=value_index_write slot=0 started_ns=1790069791567701000 ended_ns=1790069791567773750 elapsed_us=72 block_gets=0 block_puts=0 deleted=0
checkpoint_phase lsn=20584 phase=value_index_write slot=0 started_ns=1790069791568036000 ended_ns=1790069791568240875 elapsed_us=204 block_gets=0 block_puts=0 deleted=0
checkpoint_phase lsn=20584 phase=value_index_write slot=0 started_ns=1790069791568784000 ended_ns=1790069791568860958 elapsed_us=76 block_gets=0 block_puts=0 deleted=0
checkpoint_phase lsn=20584 phase=value_index_write slot=0 started_ns=1790069791568920000 ended_ns=1790069791575933166 elapsed_us=7013 block_gets=0 block_puts=1 deleted=0
checkpoint_phase lsn=20588 phase=value_index_schedule slot=0 started_ns=1790069791594191000 ended_ns=1790069792459795833 elapsed_us=865604 block_gets=0 block_puts=20 deleted=0
checkpoint_phase lsn=20596 phase=value_index_schedule slot=0 started_ns=1790069792482662000 ended_ns=1790069793348938833 elapsed_us=866276 block_gets=0 block_puts=20 deleted=0
checkpoint_phase lsn=20596 phase=value_index_write slot=0 started_ns=1790069793401560000 ended_ns=1790069793401793292 elapsed_us=233 block_gets=0 block_puts=0 deleted=0
checkpoint_phase lsn=20596 phase=value_index_write slot=0 started_ns=1790069793401860000 ended_ns=1790069793401936917 elapsed_us=76 block_gets=0 block_puts=0 deleted=0
checkpoint_phase lsn=20596 phase=value_index_write slot=0 started_ns=1790069793402396000 ended_ns=1790069793402470250 elapsed_us=74 block_gets=0 block_puts=0 deleted=0
checkpoint_phase lsn=20596 phase=value_index_write slot=0 started_ns=1790069793402881000 ended_ns=1790069793403102167 elapsed_us=221 block_gets=0 block_puts=0 deleted=0
checkpoint_phase lsn=20600 phase=value_index_schedule slot=0 started_ns=1790069793421582000 ended_ns=1790069794288718417 elapsed_us=867136 block_gets=0 block_puts=20 deleted=0
checkpoint_phase lsn=20608 phase=value_index_schedule slot=0 started_ns=1790069794312108000 ended_ns=1790069795180783000 elapsed_us=868675 block_gets=0 block_puts=20 deleted=0
checkpoint_phase lsn=20608 phase=value_index_write slot=0 started_ns=1790069795182499000 ended_ns=1790069795182727917 elapsed_us=228 block_gets=0 block_puts=0 deleted=0
checkpoint_phase lsn=20608 phase=value_index_write slot=0 started_ns=1790069795182781000 ended_ns=1790069795182854250 elapsed_us=73 block_gets=0 block_puts=0 deleted=0
checkpoint_phase lsn=20608 phase=value_index_write slot=0 started_ns=1790069795183256000 ended_ns=1790069795183333292 elapsed_us=77 block_gets=0 block_puts=0 deleted=0
checkpoint_phase lsn=20608 phase=value_index_write slot=0 started_ns=1790069795183529000 ended_ns=1790069795183742750 elapsed_us=213 block_gets=0 block_puts=0 deleted=0
checkpoint_phase lsn=20608 phase=value_index_write slot=0 started_ns=1790069795183798000 ended_ns=1790069795183871083 elapsed_us=73 block_gets=0 block_puts=0 deleted=0
checkpoint_phase lsn=20608 phase=value_index_write slot=0 started_ns=1790069795183931000 ended_ns=1790069795191538417 elapsed_us=7607 block_gets=0 block_puts=1 deleted=0
checkpoint_phase lsn=20608 phase=value_index_write slot=0 started_ns=1790069795192253000 ended_ns=1790069795192463917 elapsed_us=210 block_gets=0 block_puts=0 deleted=0
checkpoint_phase lsn=20612 phase=value_index_schedule slot=0 started_ns=1790069795258048000 ended_ns=1790069796122445666 elapsed_us=864397 block_gets=0 block_puts=20 deleted=0
checkpoint_phase lsn=20620 phase=value_index_schedule slot=0 started_ns=1790069796151680000 ended_ns=1790069797017397875 elapsed_us=865717 block_gets=0 block_puts=20 deleted=0
checkpoint_phase lsn=20620 phase=value_index_write slot=0 started_ns=1790069797019079000 ended_ns=1790069797019307416 elapsed_us=228 block_gets=0 block_puts=0 deleted=0
checkpoint_phase lsn=20620 phase=value_index_write slot=0 started_ns=1790069797019832000 ended_ns=1790069797019907667 elapsed_us=75 block_gets=0 block_puts=0 deleted=0
checkpoint_phase lsn=20620 phase=value_index_write slot=0 started_ns=1790069797019958000 ended_ns=1790069797020032250 elapsed_us=74 block_gets=0 block_puts=0 deleted=0
checkpoint_phase lsn=20620 phase=value_index_write slot=0 started_ns=1790069797020546000 ended_ns=1790069797020759667 elapsed_us=213 block_gets=0 block_puts=0 deleted=0
checkpoint_phase lsn=20624 phase=value_index_schedule slot=0 started_ns=1790069797040613000 ended_ns=1790069797915056500 elapsed_us=874443 block_gets=0 block_puts=20 deleted=0
checkpoint_phase lsn=20632 phase=value_index_schedule slot=0 started_ns=1790069797937856000 ended_ns=1790069798801321166 elapsed_us=863465 block_gets=0 block_puts=20 deleted=0
checkpoint_phase lsn=20632 phase=value_index_write slot=0 started_ns=1790069798847178000 ended_ns=1790069798847409958 elapsed_us=231 block_gets=0 block_puts=0 deleted=0
checkpoint_phase lsn=20632 phase=value_index_write slot=0 started_ns=1790069798847477000 ended_ns=1790069798847553291 elapsed_us=76 block_gets=0 block_puts=0 deleted=0
checkpoint_phase lsn=20632 phase=value_index_write slot=0 started_ns=1790069798848210000 ended_ns=1790069798848281209 elapsed_us=71 block_gets=0 block_puts=0 deleted=0
checkpoint_phase lsn=20632 phase=value_index_write slot=0 started_ns=1790069798848342000 ended_ns=1790069798848553833 elapsed_us=211 block_gets=0 block_puts=0 deleted=0
checkpoint_phase lsn=20632 phase=value_index_write slot=0 started_ns=1790069798849111000 ended_ns=1790069798849185959 elapsed_us=74 block_gets=0 block_puts=0 deleted=0
checkpoint_phase lsn=20632 phase=value_index_write slot=0 started_ns=1790069798849234000 ended_ns=1790069798856751792 elapsed_us=7517 block_gets=0 block_puts=1 deleted=0
checkpoint_phase lsn=20632 phase=value_index_write slot=0 started_ns=1790069798856816000 ended_ns=1790069798857023791 elapsed_us=207 block_gets=0 block_puts=0 deleted=0
checkpoint_phase lsn=20632 phase=value_index_write slot=0 started_ns=1790069798857074000 ended_ns=1790069798857147416 elapsed_us=73 block_gets=0 block_puts=0 deleted=0
checkpoint_phase lsn=20632 phase=value_index_write slot=0 started_ns=1790069798857197000 ended_ns=1790069798857268833 elapsed_us=71 block_gets=0 block_puts=0 deleted=0
checkpoint_phase lsn=20632 phase=value_index_write slot=0 started_ns=1790069798857314000 ended_ns=1790069798861062625 elapsed_us=3748 block_gets=0 block_puts=1 deleted=0
checkpoint_phase lsn=20632 phase=value_index_schedule slot=0 started_ns=1790069798861113000 ended_ns=1790069799755941875 elapsed_us=894828 block_gets=0 block_puts=21 deleted=0
checkpoint_phase lsn=20632 phase=value_index_write slot=0 started_ns=1790069799756237000 ended_ns=1790069799768075709 elapsed_us=11838 block_gets=0 block_puts=3 deleted=0
checkpoint_phase lsn=20632 phase=value_index_write slot=0 started_ns=1790069799768203000 ended_ns=1790069799782077584 elapsed_us=13874 block_gets=0 block_puts=4 deleted=0
checkpoint_phase lsn=20632 phase=value_index_write slot=0 started_ns=1790069799782321000 ended_ns=1790069799782753458 elapsed_us=432 block_gets=0 block_puts=0 deleted=0
checkpoint_phase lsn=20632 phase=value_index_write slot=0 started_ns=1790069799782807000 ended_ns=1790069799783396042 elapsed_us=589 block_gets=0 block_puts=0 deleted=0
checkpoint_phase lsn=20632 phase=value_index_write slot=0 started_ns=1790069799783442000 ended_ns=1790069799783891666 elapsed_us=449 block_gets=0 block_puts=0 deleted=0
checkpoint_phase lsn=20632 phase=value_index_write slot=0 started_ns=1790069799783961000 ended_ns=1790069799784551666 elapsed_us=590 block_gets=0 block_puts=0 deleted=0
checkpoint_phase lsn=20632 phase=value_index_write slot=0 started_ns=1790069799784603000 ended_ns=1790069799785035542 elapsed_us=432 block_gets=0 block_puts=0 deleted=0
checkpoint_phase lsn=20632 phase=value_index_write slot=0 started_ns=1790069799785083000 ended_ns=1790069799785514625 elapsed_us=431 block_gets=0 block_puts=0 deleted=0
checkpoint_phase lsn=20632 phase=value_index_write slot=0 started_ns=1790069799785560000 ended_ns=1790069799789186250 elapsed_us=3626 block_gets=0 block_puts=1 deleted=0
checkpoint_phase lsn=20632 phase=value_index_write slot=0 started_ns=1790069799789250000 ended_ns=1790069799789682708 elapsed_us=432 block_gets=0 block_puts=0 deleted=0
checkpoint_phase lsn=20632 phase=value_index_write slot=0 started_ns=1790069799789729000 ended_ns=1790069799793245875 elapsed_us=3516 block_gets=0 block_puts=1 deleted=0
checkpoint_phase lsn=20632 phase=value_index_schedule slot=0 started_ns=1790069799793305000 ended_ns=1790069800799595542 elapsed_us=1006290 block_gets=0 block_puts=22 deleted=0
checkpoint_phase lsn=20632 phase=value_index_write slot=0 started_ns=1790069800799669000 ended_ns=1790069800811016917 elapsed_us=11347 block_gets=0 block_puts=3 deleted=0
checkpoint_phase lsn=20632 phase=value_index_write slot=0 started_ns=1790069800811148000 ended_ns=1790069800824786000 elapsed_us=13638 block_gets=0 block_puts=4 deleted=0
checkpoint_phase lsn=20632 phase=value_index_write slot=0 started_ns=1790069800824842000 ended_ns=1790069800825271500 elapsed_us=429 block_gets=0 block_puts=0 deleted=0
checkpoint_phase lsn=20632 phase=value_index_write slot=0 started_ns=1790069800825280000 ended_ns=1790069800825864250 elapsed_us=584 block_gets=0 block_puts=0 deleted=0
checkpoint_phase lsn=20632 phase=value_index_write slot=0 started_ns=1790069800825869000 ended_ns=1790069800826296667 elapsed_us=427 block_gets=0 block_puts=0 deleted=0
checkpoint_phase lsn=20632 phase=value_index_write slot=0 started_ns=1790069800826303000 ended_ns=1790069800826880625 elapsed_us=577 block_gets=0 block_puts=0 deleted=0
checkpoint_phase lsn=20632 phase=value_index_write slot=0 started_ns=1790069800826887000 ended_ns=1790069800827314833 elapsed_us=427 block_gets=0 block_puts=0 deleted=0
checkpoint_phase lsn=20632 phase=value_index_write slot=0 started_ns=1790069800827321000 ended_ns=1790069800827747000 elapsed_us=426 block_gets=0 block_puts=0 deleted=0
checkpoint_phase lsn=20632 phase=value_index_write slot=0 started_ns=1790069800827752000 ended_ns=1790069800831457292 elapsed_us=3705 block_gets=0 block_puts=1 deleted=0
checkpoint_phase lsn=20632 phase=value_index_write slot=0 started_ns=1790069800831472000 ended_ns=1790069800831943875 elapsed_us=471 block_gets=0 block_puts=0 deleted=0
checkpoint_phase lsn=20632 phase=value_index_write slot=0 started_ns=1790069800831954000 ended_ns=1790069800835211166 elapsed_us=3257 block_gets=0 block_puts=1 deleted=0
checkpoint_phase lsn=20632 phase=row_sst_delta slot=0 started_ns=1790069800835230000 ended_ns=1790069800906669666 elapsed_us=71439 block_gets=0 block_puts=15 deleted=0
checkpoint_phase lsn=20632 phase=manifest slot=-1 started_ns=1790069800906685000 ended_ns=1790069800910841250 elapsed_us=4156 block_gets=0 block_puts=0 deleted=0
checkpoint_phase lsn=20632 phase=local_cleanup slot=-1 started_ns=1790069800910854000 ended_ns=1790069800910909583 elapsed_us=55 block_gets=0 block_puts=0 deleted=0
checkpoint_phase lsn=20632 phase=commit_prune slot=-1 started_ns=1790069800910913000 ended_ns=1790069801043988959 elapsed_us=133075 block_gets=0 block_puts=0 deleted=16
checkpoint_phase lsn=20632 phase=commit_prune slot=-1 started_ns=1790069801044005000 ended_ns=1790069801095024583 elapsed_us=51019 block_gets=0 block_puts=0 deleted=16
checkpoint_phase lsn=20632 phase=commit_prune slot=-1 started_ns=1790069801095044000 ended_ns=1790069801149691584 elapsed_us=54647 block_gets=0 block_puts=0 deleted=16
checkpoint_phase lsn=20632 phase=commit_prune slot=-1 started_ns=1790069801149707000 ended_ns=1790069801195424166 elapsed_us=45717 block_gets=0 block_puts=0 deleted=16
checkpoint_phase lsn=20632 phase=commit_prune slot=-1 started_ns=1790069801195438000 ended_ns=1790069801246086875 elapsed_us=50648 block_gets=0 block_puts=0 deleted=16
checkpoint_phase lsn=20632 phase=commit_prune slot=-1 started_ns=1790069801246103000 ended_ns=1790069801295625750 elapsed_us=49522 block_gets=0 block_puts=0 deleted=16
checkpoint_phase lsn=20632 phase=commit_prune slot=-1 started_ns=1790069801295638000 ended_ns=1790069801304520875 elapsed_us=8882 block_gets=0 block_puts=0 deleted=2
checkpoint_phase lsn=20632 phase=legacy_gc slot=-1 started_ns=1790069801304545000 ended_ns=1790069801341110292 elapsed_us=36565 block_gets=0 block_puts=0 deleted=0
checkpoint_phase lsn=20632 phase=gc_keep slot=-1 started_ns=1790069801341130000 ended_ns=1790069801342847416 elapsed_us=1717 block_gets=0 block_puts=0 deleted=0
checkpoint_phase lsn=20632 phase=gc_list slot=-1 started_ns=1790069801342865000 ended_ns=1790069801512301916 elapsed_us=169436 block_gets=0 block_puts=0 deleted=0
checkpoint_phase lsn=20632 phase=gc_delete slot=-1 started_ns=1790069801512323000 ended_ns=1790069801572145833 elapsed_us=59822 block_gets=0 block_puts=0 deleted=16
checkpoint_phase lsn=20632 phase=gc_delete slot=-1 started_ns=1790069801572165000 ended_ns=1790069801631437583 elapsed_us=59272 block_gets=0 block_puts=0 deleted=16
checkpoint_phase lsn=20632 phase=gc_delete slot=-1 started_ns=1790069801631453000 ended_ns=1790069801679248166 elapsed_us=47795 block_gets=0 block_puts=0 deleted=16
checkpoint_phase lsn=20632 phase=gc_delete slot=-1 started_ns=1790069801679264000 ended_ns=1790069801745803375 elapsed_us=66539 block_gets=0 block_puts=0 deleted=16
checkpoint_phase lsn=20632 phase=gc_delete slot=-1 started_ns=1790069801745839000 ended_ns=1790069801804454875 elapsed_us=58615 block_gets=0 block_puts=0 deleted=16
checkpoint_phase lsn=20632 phase=gc_delete slot=-1 started_ns=1790069801804470000 ended_ns=1790069801867633000 elapsed_us=63163 block_gets=0 block_puts=0 deleted=16
checkpoint_phase lsn=20632 phase=gc_delete slot=-1 started_ns=1790069801867651000 ended_ns=1790069801930524833 elapsed_us=62873 block_gets=0 block_puts=0 deleted=16
checkpoint_phase lsn=20632 phase=gc_delete slot=-1 started_ns=1790069801930542000 ended_ns=1790069801983240333 elapsed_us=52698 block_gets=0 block_puts=0 deleted=16
checkpoint_phase lsn=20632 phase=gc_delete slot=-1 started_ns=1790069801983260000 ended_ns=1790069802034104125 elapsed_us=50844 block_gets=0 block_puts=0 deleted=16
checkpoint_phase lsn=20632 phase=gc_delete slot=-1 started_ns=1790069802034122000 ended_ns=1790069802096713083 elapsed_us=62591 block_gets=0 block_puts=0 deleted=16
checkpoint_phase lsn=20632 phase=gc_delete slot=-1 started_ns=1790069802096727000 ended_ns=1790069802145413208 elapsed_us=48686 block_gets=0 block_puts=0 deleted=16
checkpoint_phase lsn=20632 phase=gc_delete slot=-1 started_ns=1790069802145429000 ended_ns=1790069802193831459 elapsed_us=48402 block_gets=0 block_puts=0 deleted=16
checkpoint_phase lsn=20632 phase=gc_delete slot=-1 started_ns=1790069802193844000 ended_ns=1790069802243227917 elapsed_us=49383 block_gets=0 block_puts=0 deleted=16
checkpoint_phase lsn=20632 phase=gc_delete slot=-1 started_ns=1790069802243245000 ended_ns=1790069802291741667 elapsed_us=48496 block_gets=0 block_puts=0 deleted=16
checkpoint_phase lsn=20632 phase=gc_delete slot=-1 started_ns=1790069802291757000 ended_ns=1790069802335649208 elapsed_us=43892 block_gets=0 block_puts=0 deleted=16
checkpoint_phase lsn=20632 phase=gc_delete slot=-1 started_ns=1790069802335667000 ended_ns=1790069802387699125 elapsed_us=52032 block_gets=0 block_puts=0 deleted=16
checkpoint_phase lsn=20632 phase=gc_delete slot=-1 started_ns=1790069802387716000 ended_ns=1790069802452976916 elapsed_us=65260 block_gets=0 block_puts=0 deleted=16
checkpoint_phase lsn=20632 phase=gc_delete slot=-1 started_ns=1790069802452993000 ended_ns=1790069802503888958 elapsed_us=50895 block_gets=0 block_puts=0 deleted=16
checkpoint_phase lsn=20632 phase=gc_delete slot=-1 started_ns=1790069802503903000 ended_ns=1790069802555163125 elapsed_us=51260 block_gets=0 block_puts=0 deleted=16
checkpoint_phase lsn=20632 phase=gc_delete slot=-1 started_ns=1790069802555179000 ended_ns=1790069802605815792 elapsed_us=50636 block_gets=0 block_puts=0 deleted=16
checkpoint_phase lsn=20632 phase=gc_delete slot=-1 started_ns=1790069802605835000 ended_ns=1790069802652903583 elapsed_us=47068 block_gets=0 block_puts=0 deleted=16
checkpoint_phase lsn=20632 phase=gc_delete slot=-1 started_ns=1790069802652920000 ended_ns=1790069802699633083 elapsed_us=46713 block_gets=0 block_puts=0 deleted=16
checkpoint_phase lsn=20632 phase=gc_delete slot=-1 started_ns=1790069802699649000 ended_ns=1790069802751604167 elapsed_us=51955 block_gets=0 block_puts=0 deleted=16
checkpoint_phase lsn=20632 phase=gc_delete slot=-1 started_ns=1790069802751617000 ended_ns=1790069802831410958 elapsed_us=79793 block_gets=0 block_puts=0 deleted=16
checkpoint_phase lsn=20632 phase=gc_delete slot=-1 started_ns=1790069802831433000 ended_ns=1790069802883125459 elapsed_us=51692 block_gets=0 block_puts=0 deleted=16
checkpoint_phase lsn=20632 phase=gc_delete slot=-1 started_ns=1790069802883146000 ended_ns=1790069802933850208 elapsed_us=50704 block_gets=0 block_puts=0 deleted=16
checkpoint_phase lsn=20632 phase=gc_delete slot=-1 started_ns=1790069802933869000 ended_ns=1790069802986988125 elapsed_us=53119 block_gets=0 block_puts=0 deleted=16
checkpoint_phase lsn=20632 phase=gc_delete slot=-1 started_ns=1790069802987004000 ended_ns=1790069803038322583 elapsed_us=51318 block_gets=0 block_puts=0 deleted=16
checkpoint_phase lsn=20632 phase=gc_delete slot=-1 started_ns=1790069803038341000 ended_ns=1790069803090269125 elapsed_us=51928 block_gets=0 block_puts=0 deleted=16
checkpoint_phase lsn=20632 phase=gc_delete slot=-1 started_ns=1790069803090285000 ended_ns=1790069803140351250 elapsed_us=50066 block_gets=0 block_puts=0 deleted=16
checkpoint_phase lsn=20632 phase=gc_delete slot=-1 started_ns=1790069803140365000 ended_ns=1790069803190239209 elapsed_us=49874 block_gets=0 block_puts=0 deleted=16
checkpoint_phase lsn=20632 phase=gc_delete slot=-1 started_ns=1790069803190253000 ended_ns=1790069803242617375 elapsed_us=52364 block_gets=0 block_puts=0 deleted=16
checkpoint_phase lsn=20632 phase=gc_delete slot=-1 started_ns=1790069803242629000 ended_ns=1790069803270933416 elapsed_us=28304 block_gets=0 block_puts=0 deleted=9
checkpoint_phase lsn=20632 phase=row_merge_schedule slot=0 started_ns=1790069803271094000 ended_ns=1790069803352683625 elapsed_us=81589 block_gets=24 block_puts=0 deleted=0
checkpoint_phase lsn=20632 phase=row_merge_schedule slot=0 started_ns=1790069803352799000 ended_ns=1790069803397154292 elapsed_us=44355 block_gets=14 block_puts=0 deleted=0
checkpoint_phase lsn=20632 phase=row_merge_schedule slot=0 started_ns=1790069803397302000 ended_ns=1790069803442430916 elapsed_us=45128 block_gets=14 block_puts=0 deleted=0
checkpoint_phase lsn=20632 phase=row_merge_schedule slot=0 started_ns=1790069803444126000 ended_ns=1790069803496623042 elapsed_us=52497 block_gets=14 block_puts=0 deleted=0
checkpoint_phase lsn=20632 phase=row_merge_schedule slot=0 started_ns=1790069803496724000 ended_ns=1790069803548081917 elapsed_us=51357 block_gets=14 block_puts=0 deleted=0
checkpoint_phase lsn=20632 phase=row_merge_schedule slot=0 started_ns=1790069803548214000 ended_ns=1790069803599903583 elapsed_us=51689 block_gets=14 block_puts=0 deleted=0
checkpoint_phase lsn=20632 phase=row_merge_schedule slot=0 started_ns=1790069803601562000 ended_ns=1790069803643361708 elapsed_us=41799 block_gets=14 block_puts=0 deleted=0
checkpoint_phase lsn=20632 phase=row_merge_schedule slot=0 started_ns=1790069803643480000 ended_ns=1790069803699991084 elapsed_us=56511 block_gets=9 block_puts=0 deleted=0
checkpoint_phase lsn=20632 phase=row_merge_schedule slot=0 started_ns=1790069803700150000 ended_ns=1790069803746362708 elapsed_us=46212 block_gets=7 block_puts=0 deleted=0
checkpoint_phase lsn=20632 phase=row_merge_schedule slot=0 started_ns=1790069803746444000 ended_ns=1790069803768517167 elapsed_us=22073 block_gets=7 block_puts=0 deleted=0
checkpoint_phase lsn=20632 phase=row_merge_schedule slot=0 started_ns=1790069803768641000 ended_ns=1790069803793859292 elapsed_us=25218 block_gets=7 block_puts=0 deleted=0
checkpoint_phase lsn=20632 phase=row_merge_schedule slot=0 started_ns=1790069803793945000 ended_ns=1790069803818521334 elapsed_us=24576 block_gets=7 block_puts=0 deleted=0
checkpoint_phase lsn=20632 phase=row_merge_schedule slot=0 started_ns=1790069803818648000 ended_ns=1790069803822245542 elapsed_us=3597 block_gets=1 block_puts=0 deleted=0
checkpoint_phase lsn=20632 phase=row_merge_schedule slot=0 started_ns=1790069803822329000 ended_ns=1790069803823138208 elapsed_us=809 block_gets=0 block_puts=0 deleted=0
checkpoint_phase lsn=20632 phase=row_merge_schedule slot=0 started_ns=1790069803823270000 ended_ns=1790069803825594834 elapsed_us=2324 block_gets=0 block_puts=0 deleted=0
checkpoint_phase lsn=20632 phase=row_merge_schedule slot=0 started_ns=1790069803826688000 ended_ns=1790069803834389083 elapsed_us=7701 block_gets=0 block_puts=0 deleted=0
checkpoint_phase lsn=20632 phase=row_merge_schedule slot=0 started_ns=1790069803834472000 ended_ns=1790069804224407125 elapsed_us=389935 block_gets=112 block_puts=0 deleted=0
checkpoint_phase lsn=20648 phase=value_index_schedule slot=0 started_ns=1790069804268665000 ended_ns=1790069805682723292 elapsed_us=1414058 block_gets=100 block_puts=20 deleted=0
checkpoint_phase lsn=20648 phase=row_merge_schedule slot=0 started_ns=1790069805685024000 ended_ns=1790069806063630458 elapsed_us=378606 block_gets=105 block_puts=0 deleted=0
checkpoint_phase lsn=20648 phase=value_index_write slot=0 started_ns=1790069806065475000 ended_ns=1790069806066785916 elapsed_us=1310 block_gets=0 block_puts=0 deleted=0
checkpoint_phase lsn=20648 phase=row_merge_schedule slot=0 started_ns=1790069806066826000 ended_ns=1790069806508200542 elapsed_us=441374 block_gets=105 block_puts=0 deleted=0
checkpoint_phase lsn=20648 phase=value_index_write slot=0 started_ns=1790069806508230000 ended_ns=1790069806508554125 elapsed_us=324 block_gets=0 block_puts=0 deleted=0
checkpoint_phase lsn=20648 phase=row_merge_schedule slot=0 started_ns=1790069806508582000 ended_ns=1790069806896295000 elapsed_us=387713 block_gets=105 block_puts=0 deleted=0
checkpoint_phase lsn=20648 phase=value_index_write slot=0 started_ns=1790069806896322000 ended_ns=1790069806896545334 elapsed_us=223 block_gets=0 block_puts=0 deleted=0
checkpoint_phase lsn=20648 phase=row_merge_schedule slot=0 started_ns=1790069806896556000 ended_ns=1790069807275117375 elapsed_us=378561 block_gets=105 block_puts=0 deleted=0
checkpoint_phase lsn=20648 phase=value_index_write slot=0 started_ns=1790069807275132000 ended_ns=1790069807275836083 elapsed_us=704 block_gets=0 block_puts=0 deleted=0
checkpoint_phase lsn=20648 phase=row_merge_schedule slot=0 started_ns=1790069807275844000 ended_ns=1790069807715399583 elapsed_us=439555 block_gets=105 block_puts=0 deleted=0
checkpoint_phase lsn=20648 phase=value_index_write slot=0 started_ns=1790069807715413000 ended_ns=1790069807715589875 elapsed_us=176 block_gets=0 block_puts=0 deleted=0
checkpoint_phase lsn=20648 phase=row_merge_schedule slot=0 started_ns=1790069807715595000 ended_ns=1790069808081432125 elapsed_us=365837 block_gets=105 block_puts=0 deleted=0
checkpoint_phase lsn=20648 phase=value_index_write slot=0 started_ns=1790069808081466000 ended_ns=1790069808097035125 elapsed_us=15569 block_gets=0 block_puts=1 deleted=0
checkpoint_phase lsn=20648 phase=row_merge_schedule slot=0 started_ns=1790069808097063000 ended_ns=1790069808487776708 elapsed_us=390713 block_gets=105 block_puts=0 deleted=0
checkpoint_phase lsn=20648 phase=value_index_write slot=0 started_ns=1790069808489109000 ended_ns=1790069808490014750 elapsed_us=905 block_gets=0 block_puts=0 deleted=0
checkpoint_phase lsn=20648 phase=row_merge_schedule slot=0 started_ns=1790069808490028000 ended_ns=1790069808815660584 elapsed_us=325632 block_gets=105 block_puts=0 deleted=0
checkpoint_phase lsn=20648 phase=value_index_write slot=0 started_ns=1790069808815681000 ended_ns=1790069808815758667 elapsed_us=77 block_gets=0 block_puts=0 deleted=0
checkpoint_phase lsn=20648 phase=row_merge_schedule slot=0 started_ns=1790069808815766000 ended_ns=1790069809135394375 elapsed_us=319628 block_gets=105 block_puts=0 deleted=0
checkpoint_phase lsn=20648 phase=value_index_write slot=0 started_ns=1790069809135407000 ended_ns=1790069809135485167 elapsed_us=78 block_gets=0 block_puts=0 deleted=0
checkpoint_phase lsn=20648 phase=row_merge_schedule slot=0 started_ns=1790069809135491000 ended_ns=1790069809441470375 elapsed_us=305979 block_gets=105 block_puts=0 deleted=0
checkpoint_phase lsn=20648 phase=value_index_write slot=0 started_ns=1790069809441483000 ended_ns=1790069809445090125 elapsed_us=3607 block_gets=0 block_puts=1 deleted=0
checkpoint_phase lsn=20648 phase=row_merge_schedule slot=0 started_ns=1790069809445106000 ended_ns=1790069809747647708 elapsed_us=302541 block_gets=105 block_puts=0 deleted=0
checkpoint_phase lsn=20648 phase=value_index_schedule slot=0 started_ns=1790069809747658000 ended_ns=1790069810642806958 elapsed_us=895148 block_gets=0 block_puts=21 deleted=0
checkpoint_phase lsn=20648 phase=row_merge_schedule slot=0 started_ns=1790069810642813000 ended_ns=1790069811065425417 elapsed_us=422612 block_gets=105 block_puts=0 deleted=0
checkpoint_phase lsn=20648 phase=value_index_write slot=0 started_ns=1790069811065441000 ended_ns=1790069811069386042 elapsed_us=3945 block_gets=0 block_puts=1 deleted=0
checkpoint_phase lsn=20648 phase=row_merge_schedule slot=0 started_ns=1790069811069402000 ended_ns=1790069811404045500 elapsed_us=334643 block_gets=105 block_puts=0 deleted=0
checkpoint_phase lsn=20648 phase=value_index_write slot=0 started_ns=1790069811404059000 ended_ns=1790069811404519042 elapsed_us=460 block_gets=0 block_puts=0 deleted=0
checkpoint_phase lsn=20648 phase=row_merge_schedule slot=0 started_ns=1790069811404539000 ended_ns=1790069811557239250 elapsed_us=152700 block_gets=47 block_puts=0 deleted=0
checkpoint_phase lsn=20648 phase=value_index_write slot=0 started_ns=1790069811557250000 ended_ns=1790069811560332958 elapsed_us=3082 block_gets=0 block_puts=0 deleted=0
checkpoint_phase lsn=20648 phase=row_merge_schedule slot=0 started_ns=1790069811560342000 ended_ns=1790069811866637583 elapsed_us=306295 block_gets=92 block_puts=0 deleted=0
checkpoint_phase lsn=20648 phase=value_index_write slot=0 started_ns=1790069811866651000 ended_ns=1790069811867091250 elapsed_us=440 block_gets=0 block_puts=0 deleted=0
checkpoint_phase lsn=20648 phase=row_merge_write slot=0 started_ns=1790069811867096000 ended_ns=1790069811892061250 elapsed_us=24965 block_gets=0 block_puts=5 deleted=0
checkpoint_phase lsn=20648 phase=value_index_write slot=0 started_ns=1790069811892074000 ended_ns=1790069811892506875 elapsed_us=432 block_gets=0 block_puts=0 deleted=0
checkpoint_phase lsn=20648 phase=row_merge_write slot=0 started_ns=1790069811892511000 ended_ns=1790069811910770375 elapsed_us=18259 block_gets=0 block_puts=4 deleted=0
checkpoint_phase lsn=20648 phase=value_index_write slot=0 started_ns=1790069811910786000 ended_ns=1790069811911976375 elapsed_us=1190 block_gets=0 block_puts=0 deleted=0
checkpoint_phase lsn=20648 phase=row_merge_write slot=0 started_ns=1790069811911984000 ended_ns=1790069811930445625 elapsed_us=18461 block_gets=0 block_puts=4 deleted=0
checkpoint_phase lsn=20648 phase=value_index_write slot=0 started_ns=1790069811930457000 ended_ns=1790069811930885667 elapsed_us=428 block_gets=0 block_puts=0 deleted=0
checkpoint_phase lsn=20648 phase=row_merge_write slot=0 started_ns=1790069811930890000 ended_ns=1790069811953195958 elapsed_us=22305 block_gets=0 block_puts=4 deleted=0
checkpoint_phase lsn=20648 phase=value_index_write slot=0 started_ns=1790069811953208000 ended_ns=1790069811953640708 elapsed_us=432 block_gets=0 block_puts=0 deleted=0
checkpoint_phase lsn=20648 phase=row_merge_write slot=0 started_ns=1790069811953645000 ended_ns=1790069811972742833 elapsed_us=19097 block_gets=0 block_puts=4 deleted=0
checkpoint_phase lsn=20648 phase=value_index_write slot=0 started_ns=1790069811972755000 ended_ns=1790069811977143875 elapsed_us=4388 block_gets=0 block_puts=1 deleted=0
checkpoint_phase lsn=20648 phase=row_merge_write slot=0 started_ns=1790069811983085000 ended_ns=1790069812036199583 elapsed_us=53114 block_gets=0 block_puts=4 deleted=0
checkpoint_phase lsn=20648 phase=value_index_write slot=0 started_ns=1790069812036216000 ended_ns=1790069812040859666 elapsed_us=4643 block_gets=0 block_puts=1 deleted=0
checkpoint_phase lsn=20648 phase=row_merge_write slot=0 started_ns=1790069812040880000 ended_ns=1790069812062256125 elapsed_us=21376 block_gets=0 block_puts=4 deleted=0
checkpoint_phase lsn=20648 phase=value_index_schedule slot=0 started_ns=1790069812062271000 ended_ns=1790069812977739041 elapsed_us=915468 block_gets=0 block_puts=22 deleted=0
checkpoint_phase lsn=20648 phase=row_merge_write slot=0 started_ns=1790069812977745000 ended_ns=1790069813000942459 elapsed_us=23197 block_gets=0 block_puts=4 deleted=0
checkpoint_phase lsn=20648 phase=value_index_write slot=0 started_ns=1790069813000959000 ended_ns=1790069813005323500 elapsed_us=4364 block_gets=0 block_puts=1 deleted=0
checkpoint_phase lsn=20648 phase=row_merge_write slot=0 started_ns=1790069813005336000 ended_ns=1790069813023589542 elapsed_us=18253 block_gets=0 block_puts=4 deleted=0
checkpoint_phase lsn=20648 phase=value_index_write slot=0 started_ns=1790069813023607000 ended_ns=1790069813024081167 elapsed_us=474 block_gets=0 block_puts=0 deleted=0
checkpoint_phase lsn=20648 phase=row_merge_write slot=0 started_ns=1790069813024094000 ended_ns=1790069813041010792 elapsed_us=16916 block_gets=0 block_puts=4 deleted=0
checkpoint_phase lsn=20648 phase=value_index_write slot=0 started_ns=1790069813041027000 ended_ns=1790069813042310625 elapsed_us=1283 block_gets=0 block_puts=0 deleted=0
checkpoint_phase lsn=20648 phase=row_merge_write slot=0 started_ns=1790069813042323000 ended_ns=1790069813061793916 elapsed_us=19470 block_gets=0 block_puts=4 deleted=0
checkpoint_phase lsn=20648 phase=value_index_write slot=0 started_ns=1790069813061809000 ended_ns=1790069813062242666 elapsed_us=433 block_gets=0 block_puts=0 deleted=0
checkpoint_phase lsn=20648 phase=row_merge_write slot=0 started_ns=1790069813062249000 ended_ns=1790069813080914958 elapsed_us=18665 block_gets=0 block_puts=4 deleted=0
checkpoint_phase lsn=20648 phase=value_index_write slot=0 started_ns=1790069813080928000 ended_ns=1790069813081356000 elapsed_us=428 block_gets=0 block_puts=0 deleted=0
checkpoint_phase lsn=20648 phase=row_merge_write slot=0 started_ns=1790069813081363000 ended_ns=1790069813098279750 elapsed_us=16916 block_gets=0 block_puts=4 deleted=0
checkpoint_phase lsn=20648 phase=value_index_write slot=0 started_ns=1790069813098293000 ended_ns=1790069813099446458 elapsed_us=1153 block_gets=0 block_puts=0 deleted=0
checkpoint_phase lsn=20648 phase=row_merge_write slot=0 started_ns=1790069813099453000 ended_ns=1790069813117363625 elapsed_us=17910 block_gets=0 block_puts=4 deleted=0
checkpoint_phase lsn=20648 phase=value_index_write slot=0 started_ns=1790069813117376000 ended_ns=1790069813117803916 elapsed_us=427 block_gets=0 block_puts=0 deleted=0
checkpoint_phase lsn=20648 phase=row_merge_write slot=0 started_ns=1790069813117809000 ended_ns=1790069813144056208 elapsed_us=26247 block_gets=0 block_puts=4 deleted=0
checkpoint_phase lsn=20648 phase=value_index_write slot=0 started_ns=1790069813144072000 ended_ns=1790069813144515333 elapsed_us=443 block_gets=0 block_puts=0 deleted=0
checkpoint_phase lsn=20648 phase=row_merge_write slot=0 started_ns=1790069813147987000 ended_ns=1790069813176076250 elapsed_us=28089 block_gets=0 block_puts=4 deleted=0
checkpoint_phase lsn=20648 phase=value_index_write slot=0 started_ns=1790069813176274000 ended_ns=1790069813180957167 elapsed_us=4683 block_gets=0 block_puts=1 deleted=0
checkpoint_phase lsn=20648 phase=row_merge_write slot=0 started_ns=1790069813180970000 ended_ns=1790069813202020250 elapsed_us=21050 block_gets=0 block_puts=4 deleted=0
checkpoint_phase lsn=20648 phase=value_index_write slot=0 started_ns=1790069813202036000 ended_ns=1790069813210241041 elapsed_us=8205 block_gets=0 block_puts=1 deleted=0
checkpoint_phase lsn=20648 phase=row_merge_write slot=0 started_ns=1790069813210257000 ended_ns=1790069813234306834 elapsed_us=24049 block_gets=0 block_puts=4 deleted=0
checkpoint_phase lsn=20648 phase=row_sst_delta slot=0 started_ns=1790069813234323000 ended_ns=1790069813328816375 elapsed_us=94493 block_gets=0 block_puts=15 deleted=0
checkpoint_phase lsn=20648 phase=row_merge_write slot=0 started_ns=1790069813328831000 ended_ns=1790069813372002417 elapsed_us=43171 block_gets=0 block_puts=4 deleted=0
checkpoint_phase lsn=20648 phase=manifest slot=-1 started_ns=1790069813372018000 ended_ns=1790069813375090875 elapsed_us=3072 block_gets=0 block_puts=0 deleted=0
checkpoint_phase lsn=20648 phase=local_cleanup slot=-1 started_ns=1790069813375099000 ended_ns=1790069813375175584 elapsed_us=76 block_gets=0 block_puts=0 deleted=0
checkpoint_phase lsn=20648 phase=commit_prune slot=-1 started_ns=1790069813375180000 ended_ns=1790069813442174458 elapsed_us=66994 block_gets=0 block_puts=0 deleted=2
checkpoint_phase lsn=20648 phase=legacy_gc slot=-1 started_ns=1790069813442184000 ended_ns=1790069813471266583 elapsed_us=29082 block_gets=0 block_puts=0 deleted=0
checkpoint_phase lsn=20648 phase=gc_keep slot=-1 started_ns=1790069813471279000 ended_ns=1790069813472855042 elapsed_us=1576 block_gets=0 block_puts=0 deleted=0
checkpoint_phase lsn=20648 phase=gc_list slot=-1 started_ns=1790069813472862000 ended_ns=1790069813572685458 elapsed_us=99823 block_gets=0 block_puts=0 deleted=0
checkpoint_phase lsn=20648 phase=gc_delete slot=-1 started_ns=1790069813574071000 ended_ns=1790069813622365250 elapsed_us=48294 block_gets=0 block_puts=0 deleted=16
checkpoint_phase lsn=20648 phase=gc_delete slot=-1 started_ns=1790069813622378000 ended_ns=1790069813669549125 elapsed_us=47171 block_gets=0 block_puts=0 deleted=16
checkpoint_phase lsn=20648 phase=gc_delete slot=-1 started_ns=1790069813669565000 ended_ns=1790069813718140542 elapsed_us=48575 block_gets=0 block_puts=0 deleted=16
checkpoint_phase lsn=20648 phase=gc_delete slot=-1 started_ns=1790069813718152000 ended_ns=1790069813768802792 elapsed_us=50650 block_gets=0 block_puts=0 deleted=16
checkpoint_phase lsn=20648 phase=gc_delete slot=-1 started_ns=1790069813768814000 ended_ns=1790069813772105833 elapsed_us=3291 block_gets=0 block_puts=0 deleted=1
checkpoint_phase lsn=20648 phase=row_merge_write slot=0 started_ns=1790069813772247000 ended_ns=1790069813796239916 elapsed_us=23992 block_gets=0 block_puts=4 deleted=0
checkpoint_phase lsn=20648 phase=row_merge_write slot=0 started_ns=1790069813854225000 ended_ns=1790069813874477083 elapsed_us=20252 block_gets=0 block_puts=4 deleted=0
checkpoint_phase lsn=20648 phase=row_merge_write slot=0 started_ns=1790069813874491000 ended_ns=1790069813892207500 elapsed_us=17716 block_gets=0 block_puts=4 deleted=0
checkpoint_phase lsn=20648 phase=row_merge_write slot=0 started_ns=1790069813892222000 ended_ns=1790069813911376875 elapsed_us=19154 block_gets=0 block_puts=4 deleted=0
checkpoint_phase lsn=20648 phase=row_merge_write slot=0 started_ns=1790069813911391000 ended_ns=1790069813933920542 elapsed_us=22529 block_gets=0 block_puts=4 deleted=0
checkpoint_phase lsn=20648 phase=row_merge_write slot=0 started_ns=1790069813933940000 ended_ns=1790069813954136708 elapsed_us=20196 block_gets=0 block_puts=4 deleted=0
checkpoint_phase lsn=20648 phase=row_merge_write slot=0 started_ns=1790069813954150000 ended_ns=1790069813974242042 elapsed_us=20092 block_gets=0 block_puts=4 deleted=0
checkpoint_phase lsn=20648 phase=row_merge_write slot=0 started_ns=1790069813974263000 ended_ns=1790069813993258916 elapsed_us=18995 block_gets=0 block_puts=4 deleted=0
checkpoint_phase lsn=20648 phase=row_merge_write slot=0 started_ns=1790069813993273000 ended_ns=1790069814012916042 elapsed_us=19643 block_gets=0 block_puts=4 deleted=0
checkpoint_phase lsn=20648 phase=row_merge_write slot=0 started_ns=1790069814012927000 ended_ns=1790069814031253292 elapsed_us=18326 block_gets=0 block_puts=4 deleted=0
checkpoint_phase lsn=20648 phase=row_merge_write slot=0 started_ns=1790069814031266000 ended_ns=1790069814049996708 elapsed_us=18730 block_gets=0 block_puts=4 deleted=0
checkpoint_phase lsn=20648 phase=row_merge_write slot=0 started_ns=1790069814050009000 ended_ns=1790069814067846208 elapsed_us=17837 block_gets=0 block_puts=4 deleted=0
checkpoint_phase lsn=20648 phase=row_merge_write slot=0 started_ns=1790069814067859000 ended_ns=1790069814085419209 elapsed_us=17560 block_gets=0 block_puts=4 deleted=0
checkpoint_phase lsn=20648 phase=row_merge_write slot=0 started_ns=1790069814085432000 ended_ns=1790069814103820042 elapsed_us=18388 block_gets=0 block_puts=4 deleted=0
checkpoint_phase lsn=20648 phase=row_merge_write slot=0 started_ns=1790069814103830000 ended_ns=1790069814123138750 elapsed_us=19308 block_gets=0 block_puts=4 deleted=0
checkpoint_phase lsn=20648 phase=row_merge_write slot=0 started_ns=1790069814123149000 ended_ns=1790069814142062250 elapsed_us=18913 block_gets=0 block_puts=4 deleted=0
checkpoint_phase lsn=20648 phase=row_merge_write slot=0 started_ns=1790069814142073000 ended_ns=1790069814160996291 elapsed_us=18923 block_gets=0 block_puts=4 deleted=0
checkpoint_phase lsn=20648 phase=row_merge_write slot=0 started_ns=1790069814161006000 ended_ns=1790069814178629084 elapsed_us=17623 block_gets=0 block_puts=4 deleted=0
checkpoint_phase lsn=20648 phase=row_merge_write slot=0 started_ns=1790069814178640000 ended_ns=1790069814197412083 elapsed_us=18772 block_gets=0 block_puts=4 deleted=0
checkpoint_phase lsn=20648 phase=row_merge_write slot=0 started_ns=1790069814197427000 ended_ns=1790069814216620667 elapsed_us=19193 block_gets=0 block_puts=4 deleted=0
checkpoint_phase lsn=20648 phase=row_merge_write slot=0 started_ns=1790069814216631000 ended_ns=1790069814235595208 elapsed_us=18964 block_gets=0 block_puts=4 deleted=0
checkpoint_phase lsn=20648 phase=row_merge_write slot=0 started_ns=1790069814235605000 ended_ns=1790069814253695083 elapsed_us=18090 block_gets=0 block_puts=4 deleted=0
checkpoint_phase lsn=20648 phase=row_merge_write slot=0 started_ns=1790069814253704000 ended_ns=1790069814272426250 elapsed_us=18722 block_gets=0 block_puts=4 deleted=0
checkpoint_phase lsn=20648 phase=row_merge_write slot=0 started_ns=1790069814272435000 ended_ns=1790069814291427208 elapsed_us=18992 block_gets=0 block_puts=4 deleted=0
checkpoint_phase lsn=20648 phase=row_merge_write slot=0 started_ns=1790069814291438000 ended_ns=1790069814310160333 elapsed_us=18722 block_gets=0 block_puts=4 deleted=0
checkpoint_phase lsn=20648 phase=row_merge_write slot=0 started_ns=1790069814310170000 ended_ns=1790069814328614166 elapsed_us=18444 block_gets=0 block_puts=4 deleted=0
checkpoint_phase lsn=20648 phase=row_merge_write slot=0 started_ns=1790069814328626000 ended_ns=1790069814346686125 elapsed_us=18060 block_gets=0 block_puts=4 deleted=0
checkpoint_phase lsn=20648 phase=row_merge_write slot=0 started_ns=1790069814346697000 ended_ns=1790069814364718333 elapsed_us=18021 block_gets=0 block_puts=4 deleted=0
checkpoint_phase lsn=20648 phase=row_merge_write slot=0 started_ns=1790069814364728000 ended_ns=1790069814382484083 elapsed_us=17756 block_gets=0 block_puts=4 deleted=0
checkpoint_phase lsn=20648 phase=row_merge_write slot=0 started_ns=1790069814382492000 ended_ns=1790069814400747125 elapsed_us=18255 block_gets=0 block_puts=4 deleted=0
checkpoint_phase lsn=20648 phase=row_merge_write slot=0 started_ns=1790069814400757000 ended_ns=1790069814419421584 elapsed_us=18664 block_gets=0 block_puts=4 deleted=0
checkpoint_phase lsn=20648 phase=row_merge_write slot=0 started_ns=1790069814419433000 ended_ns=1790069814438182084 elapsed_us=18749 block_gets=0 block_puts=4 deleted=0
checkpoint_phase lsn=20648 phase=row_merge_write slot=0 started_ns=1790069814438190000 ended_ns=1790069814457138417 elapsed_us=18948 block_gets=0 block_puts=4 deleted=0
checkpoint_phase lsn=20648 phase=row_merge_write slot=0 started_ns=1790069814457150000 ended_ns=1790069814474766791 elapsed_us=17616 block_gets=0 block_puts=4 deleted=0
checkpoint_phase lsn=20648 phase=row_merge_write slot=0 started_ns=1790069814474781000 ended_ns=1790069814494122417 elapsed_us=19341 block_gets=0 block_puts=4 deleted=0
checkpoint_phase lsn=20648 phase=row_merge_write slot=0 started_ns=1790069814494132000 ended_ns=1790069814514181292 elapsed_us=20049 block_gets=0 block_puts=4 deleted=0
checkpoint_phase lsn=20648 phase=row_merge_write slot=0 started_ns=1790069814514192000 ended_ns=1790069814534728542 elapsed_us=20536 block_gets=0 block_puts=4 deleted=0
checkpoint_phase lsn=20648 phase=row_merge_write slot=0 started_ns=1790069814534739000 ended_ns=1790069814555118292 elapsed_us=20379 block_gets=0 block_puts=4 deleted=0
checkpoint_phase lsn=20648 phase=row_merge_write slot=0 started_ns=1790069814555130000 ended_ns=1790069814580997000 elapsed_us=25867 block_gets=0 block_puts=4 deleted=0
checkpoint_phase lsn=20648 phase=row_merge_write slot=0 started_ns=1790069814581007000 ended_ns=1790069814601472875 elapsed_us=20465 block_gets=0 block_puts=4 deleted=0
checkpoint_phase lsn=20648 phase=row_merge_write slot=0 started_ns=1790069814601484000 ended_ns=1790069814621708208 elapsed_us=20224 block_gets=0 block_puts=4 deleted=0
checkpoint_phase lsn=20648 phase=row_merge_write slot=0 started_ns=1790069814621718000 ended_ns=1790069814641030958 elapsed_us=19312 block_gets=0 block_puts=4 deleted=0
checkpoint_phase lsn=20648 phase=row_merge_write slot=0 started_ns=1790069814641040000 ended_ns=1790069814661019000 elapsed_us=19979 block_gets=0 block_puts=4 deleted=0
checkpoint_phase lsn=20648 phase=row_merge_write slot=0 started_ns=1790069814661031000 ended_ns=1790069814679906000 elapsed_us=18875 block_gets=0 block_puts=4 deleted=0
checkpoint_phase lsn=20648 phase=row_merge_write slot=0 started_ns=1790069814679917000 ended_ns=1790069814698664750 elapsed_us=18747 block_gets=0 block_puts=4 deleted=0
checkpoint_phase lsn=20648 phase=row_merge_write slot=0 started_ns=1790069814698673000 ended_ns=1790069814717324833 elapsed_us=18651 block_gets=0 block_puts=4 deleted=0
checkpoint_phase lsn=20648 phase=row_merge_write slot=0 started_ns=1790069814717337000 ended_ns=1790069814736237459 elapsed_us=18900 block_gets=0 block_puts=4 deleted=0
checkpoint_phase lsn=20648 phase=row_merge_write slot=0 started_ns=1790069814736247000 ended_ns=1790069814755074792 elapsed_us=18827 block_gets=0 block_puts=4 deleted=0
checkpoint_phase lsn=20648 phase=row_merge_write slot=0 started_ns=1790069814755085000 ended_ns=1790069814774449583 elapsed_us=19364 block_gets=0 block_puts=4 deleted=0
checkpoint_phase lsn=20648 phase=row_merge_write slot=0 started_ns=1790069814774462000 ended_ns=1790069814792949209 elapsed_us=18487 block_gets=0 block_puts=4 deleted=0
checkpoint_phase lsn=20648 phase=row_merge_write slot=0 started_ns=1790069814792959000 ended_ns=1790069814811764125 elapsed_us=18805 block_gets=0 block_puts=4 deleted=0
checkpoint_phase lsn=20648 phase=row_merge_write slot=0 started_ns=1790069814811774000 ended_ns=1790069814830564291 elapsed_us=18790 block_gets=0 block_puts=4 deleted=0
checkpoint_phase lsn=20648 phase=row_merge_write slot=0 started_ns=1790069814830574000 ended_ns=1790069814848752166 elapsed_us=18178 block_gets=0 block_puts=4 deleted=0
checkpoint_phase lsn=20648 phase=row_merge_write slot=0 started_ns=1790069814848765000 ended_ns=1790069814868125834 elapsed_us=19360 block_gets=0 block_puts=4 deleted=0
checkpoint_phase lsn=20648 phase=row_merge_write slot=0 started_ns=1790069814868136000 ended_ns=1790069814887034875 elapsed_us=18898 block_gets=0 block_puts=4 deleted=0
checkpoint_phase lsn=20648 phase=row_merge_write slot=0 started_ns=1790069814887046000 ended_ns=1790069814905869167 elapsed_us=18823 block_gets=0 block_puts=4 deleted=0
checkpoint_phase lsn=20648 phase=row_merge_write slot=0 started_ns=1790069814905878000 ended_ns=1790069814924149167 elapsed_us=18271 block_gets=0 block_puts=4 deleted=0
checkpoint_phase lsn=20648 phase=row_merge_write slot=0 started_ns=1790069814924160000 ended_ns=1790069814942236750 elapsed_us=18076 block_gets=0 block_puts=4 deleted=0
checkpoint_phase lsn=20648 phase=row_merge_write slot=0 started_ns=1790069814942247000 ended_ns=1790069814960443458 elapsed_us=18196 block_gets=0 block_puts=4 deleted=0
checkpoint_phase lsn=20648 phase=row_merge_write slot=0 started_ns=1790069814960459000 ended_ns=1790069814979732750 elapsed_us=19273 block_gets=0 block_puts=4 deleted=0
checkpoint_phase lsn=20648 phase=row_merge_write slot=0 started_ns=1790069814979744000 ended_ns=1790069814998756417 elapsed_us=19012 block_gets=0 block_puts=4 deleted=0
checkpoint_phase lsn=20648 phase=row_merge_write slot=0 started_ns=1790069814998765000 ended_ns=1790069815017479667 elapsed_us=18714 block_gets=0 block_puts=4 deleted=0
checkpoint_phase lsn=20648 phase=row_merge_write slot=0 started_ns=1790069815017487000 ended_ns=1790069815035904917 elapsed_us=18417 block_gets=0 block_puts=4 deleted=0
checkpoint_phase lsn=20648 phase=row_merge_write slot=0 started_ns=1790069815035912000 ended_ns=1790069815054843083 elapsed_us=18931 block_gets=0 block_puts=4 deleted=0
checkpoint_phase lsn=20648 phase=row_merge_write slot=0 started_ns=1790069815054853000 ended_ns=1790069815073267958 elapsed_us=18414 block_gets=0 block_puts=4 deleted=0
checkpoint_phase lsn=20648 phase=row_merge_write slot=0 started_ns=1790069815073280000 ended_ns=1790069815091713583 elapsed_us=18433 block_gets=0 block_puts=4 deleted=0
checkpoint_phase lsn=20648 phase=row_merge_write slot=0 started_ns=1790069815091725000 ended_ns=1790069815110923250 elapsed_us=19198 block_gets=0 block_puts=4 deleted=0
checkpoint_phase lsn=20648 phase=row_merge_write slot=0 started_ns=1790069815110934000 ended_ns=1790069815129267417 elapsed_us=18333 block_gets=0 block_puts=4 deleted=0
checkpoint_phase lsn=20648 phase=row_merge_write slot=0 started_ns=1790069815129278000 ended_ns=1790069815147257125 elapsed_us=17979 block_gets=0 block_puts=4 deleted=0
checkpoint_phase lsn=20648 phase=row_merge_write slot=0 started_ns=1790069815147267000 ended_ns=1790069815166151833 elapsed_us=18884 block_gets=0 block_puts=4 deleted=0
checkpoint_phase lsn=20648 phase=row_merge_write slot=0 started_ns=1790069815166162000 ended_ns=1790069815185241291 elapsed_us=19079 block_gets=0 block_puts=4 deleted=0
checkpoint_phase lsn=20648 phase=row_merge_write slot=0 started_ns=1790069815185253000 ended_ns=1790069815203868833 elapsed_us=18615 block_gets=0 block_puts=4 deleted=0
checkpoint_phase lsn=20648 phase=row_merge_write slot=0 started_ns=1790069815203880000 ended_ns=1790069815222968750 elapsed_us=19088 block_gets=0 block_puts=4 deleted=0
checkpoint_phase lsn=20648 phase=row_merge_write slot=0 started_ns=1790069815222978000 ended_ns=1790069815241287209 elapsed_us=18309 block_gets=0 block_puts=4 deleted=0
checkpoint_phase lsn=20648 phase=row_merge_write slot=0 started_ns=1790069815241298000 ended_ns=1790069815257560500 elapsed_us=16262 block_gets=0 block_puts=4 deleted=0
checkpoint_phase lsn=20648 phase=row_merge_write slot=0 started_ns=1790069815257572000 ended_ns=1790069815275708417 elapsed_us=18136 block_gets=0 block_puts=4 deleted=0
checkpoint_phase lsn=20648 phase=row_merge_write slot=0 started_ns=1790069815275717000 ended_ns=1790069815294477500 elapsed_us=18760 block_gets=0 block_puts=4 deleted=0
checkpoint_phase lsn=20648 phase=row_merge_write slot=0 started_ns=1790069815294486000 ended_ns=1790069815313311083 elapsed_us=18825 block_gets=0 block_puts=4 deleted=0
checkpoint_phase lsn=20648 phase=row_merge_write slot=0 started_ns=1790069815313323000 ended_ns=1790069815331337458 elapsed_us=18014 block_gets=0 block_puts=4 deleted=0
checkpoint_phase lsn=20648 phase=row_merge_write slot=0 started_ns=1790069815331371000 ended_ns=1790069815349814625 elapsed_us=18443 block_gets=0 block_puts=4 deleted=0
checkpoint_phase lsn=20648 phase=row_merge_write slot=0 started_ns=1790069815349827000 ended_ns=1790069815368537834 elapsed_us=18710 block_gets=0 block_puts=4 deleted=0
checkpoint_phase lsn=20648 phase=row_merge_write slot=0 started_ns=1790069815368548000 ended_ns=1790069815385813042 elapsed_us=17265 block_gets=0 block_puts=4 deleted=0
checkpoint_phase lsn=20648 phase=row_merge_write slot=0 started_ns=1790069815385826000 ended_ns=1790069815405111292 elapsed_us=19285 block_gets=0 block_puts=4 deleted=0
checkpoint_phase lsn=20648 phase=row_merge_write slot=0 started_ns=1790069815405123000 ended_ns=1790069815422937166 elapsed_us=17814 block_gets=0 block_puts=4 deleted=0
checkpoint_phase lsn=20648 phase=row_merge_write slot=0 started_ns=1790069815422948000 ended_ns=1790069815441820125 elapsed_us=18872 block_gets=0 block_puts=4 deleted=0
checkpoint_phase lsn=20648 phase=row_merge_write slot=0 started_ns=1790069815441828000 ended_ns=1790069815460469667 elapsed_us=18641 block_gets=0 block_puts=4 deleted=0
checkpoint_phase lsn=20648 phase=row_merge_write slot=0 started_ns=1790069815460478000 ended_ns=1790069815478615166 elapsed_us=18137 block_gets=0 block_puts=4 deleted=0
checkpoint_phase lsn=20648 phase=row_merge_write slot=0 started_ns=1790069815478626000 ended_ns=1790069815496791708 elapsed_us=18165 block_gets=0 block_puts=4 deleted=0
checkpoint_phase lsn=20648 phase=row_merge_write slot=0 started_ns=1790069815496801000 ended_ns=1790069815515881708 elapsed_us=19080 block_gets=0 block_puts=4 deleted=0
checkpoint_phase lsn=20648 phase=row_merge_write slot=0 started_ns=1790069815515893000 ended_ns=1790069815547660125 elapsed_us=31767 block_gets=0 block_puts=8 deleted=0
checkpoint_phase lsn=20648 phase=manifest slot=-1 started_ns=1790069815547672000 ended_ns=1790069815550955417 elapsed_us=3283 block_gets=0 block_puts=0 deleted=0
checkpoint_phase lsn=20648 phase=local_cleanup slot=-1 started_ns=1790069815550962000 ended_ns=1790069815551019000 elapsed_us=57 block_gets=0 block_puts=0 deleted=0
checkpoint_phase lsn=20648 phase=commit_prune slot=-1 started_ns=1790069815551021000 ended_ns=1790069815617683292 elapsed_us=66662 block_gets=0 block_puts=0 deleted=0
checkpoint_phase lsn=20648 phase=legacy_gc slot=-1 started_ns=1790069815617699000 ended_ns=1790069815651011959 elapsed_us=33312 block_gets=0 block_puts=0 deleted=0
checkpoint_phase lsn=20648 phase=gc_keep slot=-1 started_ns=1790069815651025000 ended_ns=1790069815652132708 elapsed_us=1107 block_gets=0 block_puts=0 deleted=0
checkpoint_phase lsn=20648 phase=gc_list slot=-1 started_ns=1790069815652141000 ended_ns=1790069815792053375 elapsed_us=139912 block_gets=0 block_puts=0 deleted=0
checkpoint_phase lsn=20648 phase=gc_delete slot=-1 started_ns=1790069815792068000 ended_ns=1790069815842981083 elapsed_us=50913 block_gets=0 block_puts=0 deleted=16
checkpoint_phase lsn=20648 phase=gc_delete slot=-1 started_ns=1790069815842990000 ended_ns=1790069815892723958 elapsed_us=49733 block_gets=0 block_puts=0 deleted=16
checkpoint_phase lsn=20648 phase=gc_delete slot=-1 started_ns=1790069815892734000 ended_ns=1790069815942360291 elapsed_us=49626 block_gets=0 block_puts=0 deleted=16
checkpoint_phase lsn=20648 phase=gc_delete slot=-1 started_ns=1790069815942370000 ended_ns=1790069815993470875 elapsed_us=51100 block_gets=0 block_puts=0 deleted=16
checkpoint_phase lsn=20648 phase=gc_delete slot=-1 started_ns=1790069815993482000 ended_ns=1790069816045286125 elapsed_us=51804 block_gets=0 block_puts=0 deleted=16
checkpoint_phase lsn=20648 phase=gc_delete slot=-1 started_ns=1790069816045299000 ended_ns=1790069816095887084 elapsed_us=50588 block_gets=0 block_puts=0 deleted=16
checkpoint_phase lsn=20648 phase=gc_delete slot=-1 started_ns=1790069816095896000 ended_ns=1790069816146588417 elapsed_us=50692 block_gets=0 block_puts=0 deleted=16
checkpoint_phase lsn=20648 phase=gc_delete slot=-1 started_ns=1790069816146597000 ended_ns=1790069816197702750 elapsed_us=51105 block_gets=0 block_puts=0 deleted=16
checkpoint_phase lsn=20648 phase=gc_delete slot=-1 started_ns=1790069816197716000 ended_ns=1790069816248894834 elapsed_us=51178 block_gets=0 block_puts=0 deleted=16
checkpoint_phase lsn=20648 phase=gc_delete slot=-1 started_ns=1790069816248905000 ended_ns=1790069816299964250 elapsed_us=51059 block_gets=0 block_puts=0 deleted=16
checkpoint_phase lsn=20648 phase=gc_delete slot=-1 started_ns=1790069816299974000 ended_ns=1790069816349418958 elapsed_us=49444 block_gets=0 block_puts=0 deleted=16
checkpoint_phase lsn=20648 phase=gc_delete slot=-1 started_ns=1790069816349430000 ended_ns=1790069816398564000 elapsed_us=49134 block_gets=0 block_puts=0 deleted=16
checkpoint_phase lsn=20648 phase=gc_delete slot=-1 started_ns=1790069816398578000 ended_ns=1790069816447681708 elapsed_us=49103 block_gets=0 block_puts=0 deleted=16
checkpoint_phase lsn=20648 phase=gc_delete slot=-1 started_ns=1790069816447693000 ended_ns=1790069816498367458 elapsed_us=50674 block_gets=0 block_puts=0 deleted=16
checkpoint_phase lsn=20648 phase=gc_delete slot=-1 started_ns=1790069816498376000 ended_ns=1790069816548395708 elapsed_us=50019 block_gets=0 block_puts=0 deleted=16
checkpoint_phase lsn=20648 phase=gc_delete slot=-1 started_ns=1790069816548402000 ended_ns=1790069816598090875 elapsed_us=49688 block_gets=0 block_puts=0 deleted=16
checkpoint_phase lsn=20648 phase=gc_delete slot=-1 started_ns=1790069816598102000 ended_ns=1790069816649184333 elapsed_us=51082 block_gets=0 block_puts=0 deleted=16
checkpoint_phase lsn=20648 phase=gc_delete slot=-1 started_ns=1790069816649201000 ended_ns=1790069816700330958 elapsed_us=51129 block_gets=0 block_puts=0 deleted=16
checkpoint_phase lsn=20648 phase=gc_delete slot=-1 started_ns=1790069816700341000 ended_ns=1790069816757992417 elapsed_us=57651 block_gets=0 block_puts=0 deleted=16
checkpoint_phase lsn=20648 phase=gc_delete slot=-1 started_ns=1790069816758004000 ended_ns=1790069816810391333 elapsed_us=52387 block_gets=0 block_puts=0 deleted=16
checkpoint_phase lsn=20648 phase=gc_delete slot=-1 started_ns=1790069816810396000 ended_ns=1790069816861172041 elapsed_us=50776 block_gets=0 block_puts=0 deleted=16
checkpoint_phase lsn=20648 phase=gc_delete slot=-1 started_ns=1790069816861178000 ended_ns=1790069816909970833 elapsed_us=48792 block_gets=0 block_puts=0 deleted=16
checkpoint_phase lsn=20648 phase=gc_delete slot=-1 started_ns=1790069816909983000 ended_ns=1790069816957756167 elapsed_us=47773 block_gets=0 block_puts=0 deleted=16
checkpoint_phase lsn=20648 phase=gc_delete slot=-1 started_ns=1790069816957767000 ended_ns=1790069817007992166 elapsed_us=50225 block_gets=0 block_puts=0 deleted=16
checkpoint_phase lsn=20648 phase=gc_delete slot=-1 started_ns=1790069817008004000 ended_ns=1790069817060151750 elapsed_us=52147 block_gets=0 block_puts=0 deleted=16
checkpoint_phase lsn=20648 phase=gc_delete slot=-1 started_ns=1790069817060161000 ended_ns=1790069817111869000 elapsed_us=51708 block_gets=0 block_puts=0 deleted=16
checkpoint_phase lsn=20648 phase=gc_delete slot=-1 started_ns=1790069817111881000 ended_ns=1790069817162899625 elapsed_us=51018 block_gets=0 block_puts=0 deleted=16
checkpoint_phase lsn=20648 phase=gc_delete slot=-1 started_ns=1790069817162912000 ended_ns=1790069817166226917 elapsed_us=3314 block_gets=0 block_puts=0 deleted=1
checkpoint_phase lsn=20648 phase=row_merge_schedule slot=0 started_ns=1790069817166414000 ended_ns=1790069817331317083 elapsed_us=164903 block_gets=49 block_puts=0 deleted=0
checkpoint_phase lsn=20648 phase=row_merge_schedule slot=0 started_ns=1790069817384761000 ended_ns=1790069817746810417 elapsed_us=362049 block_gets=112 block_puts=0 deleted=0
checkpoint_phase lsn=20648 phase=row_merge_schedule slot=0 started_ns=1790069817746824000 ended_ns=1790069818105473209 elapsed_us=358649 block_gets=112 block_puts=0 deleted=0
checkpoint_phase lsn=20648 phase=row_merge_schedule slot=0 started_ns=1790069818105486000 ended_ns=1790069818469678250 elapsed_us=364192 block_gets=112 block_puts=0 deleted=0
checkpoint_phase lsn=20648 phase=row_merge_schedule slot=0 started_ns=1790069818469696000 ended_ns=1790069818838424375 elapsed_us=368728 block_gets=112 block_puts=0 deleted=0
checkpoint_phase lsn=20648 phase=row_merge_schedule slot=0 started_ns=1790069818838436000 ended_ns=1790069819198652708 elapsed_us=360216 block_gets=112 block_puts=0 deleted=0
checkpoint_phase lsn=20648 phase=row_merge_schedule slot=0 started_ns=1790069819198664000 ended_ns=1790069819549854875 elapsed_us=351190 block_gets=112 block_puts=0 deleted=0
checkpoint_phase lsn=20648 phase=row_merge_schedule slot=0 started_ns=1790069819549879000 ended_ns=1790069819918425208 elapsed_us=368546 block_gets=112 block_puts=0 deleted=0
checkpoint_phase lsn=20648 phase=row_merge_schedule slot=0 started_ns=1790069819918439000 ended_ns=1790069820275479834 elapsed_us=357040 block_gets=112 block_puts=0 deleted=0
checkpoint_phase lsn=20648 phase=row_merge_schedule slot=0 started_ns=1790069820275496000 ended_ns=1790069820632403792 elapsed_us=356907 block_gets=112 block_puts=0 deleted=0
checkpoint_phase lsn=20648 phase=row_merge_schedule slot=0 started_ns=1790069820632418000 ended_ns=1790069820989709083 elapsed_us=357291 block_gets=112 block_puts=0 deleted=0
checkpoint_phase lsn=20648 phase=row_merge_schedule slot=0 started_ns=1790069820989722000 ended_ns=1790069821347992666 elapsed_us=358270 block_gets=112 block_puts=0 deleted=0
checkpoint_phase lsn=20648 phase=row_merge_schedule slot=0 started_ns=1790069821348010000 ended_ns=1790069821705472625 elapsed_us=357462 block_gets=112 block_puts=0 deleted=0
checkpoint_phase lsn=20648 phase=row_merge_schedule slot=0 started_ns=1790069821705487000 ended_ns=1790069822060029417 elapsed_us=354542 block_gets=112 block_puts=0 deleted=0
checkpoint_phase lsn=20648 phase=row_merge_schedule slot=0 started_ns=1790069822060043000 ended_ns=1790069822421246625 elapsed_us=361203 block_gets=112 block_puts=0 deleted=0
checkpoint_phase lsn=20648 phase=row_merge_schedule slot=0 started_ns=1790069822421256000 ended_ns=1790069822832945833 elapsed_us=411689 block_gets=112 block_puts=0 deleted=0
checkpoint_phase lsn=20648 phase=row_merge_schedule slot=0 started_ns=1790069822832967000 ended_ns=1790069823223497792 elapsed_us=390530 block_gets=112 block_puts=0 deleted=0
checkpoint_phase lsn=20648 phase=row_merge_schedule slot=0 started_ns=1790069823223510000 ended_ns=1790069823591433375 elapsed_us=367923 block_gets=112 block_puts=0 deleted=0
checkpoint_phase lsn=20648 phase=row_merge_schedule slot=0 started_ns=1790069823591446000 ended_ns=1790069823959977000 elapsed_us=368531 block_gets=112 block_puts=0 deleted=0
checkpoint_phase lsn=20648 phase=row_merge_schedule slot=0 started_ns=1790069823959991000 ended_ns=1790069824314617209 elapsed_us=354626 block_gets=112 block_puts=0 deleted=0
checkpoint_phase lsn=20648 phase=row_merge_schedule slot=0 started_ns=1790069824314626000 ended_ns=1790069824752061875 elapsed_us=437435 block_gets=112 block_puts=0 deleted=0
checkpoint_phase lsn=20648 phase=row_merge_schedule slot=0 started_ns=1790069824752077000 ended_ns=1790069825192356459 elapsed_us=440279 block_gets=112 block_puts=0 deleted=0
checkpoint_phase lsn=20648 phase=row_merge_schedule slot=0 started_ns=1790069825192368000 ended_ns=1790069825584763708 elapsed_us=392395 block_gets=112 block_puts=0 deleted=0
checkpoint_phase lsn=20648 phase=row_merge_schedule slot=0 started_ns=1790069825584771000 ended_ns=1790069825959718208 elapsed_us=374947 block_gets=112 block_puts=0 deleted=0
checkpoint_phase lsn=20648 phase=row_merge_schedule slot=0 started_ns=1790069825959732000 ended_ns=1790069826326631458 elapsed_us=366899 block_gets=112 block_puts=0 deleted=0
checkpoint_phase lsn=20648 phase=row_merge_schedule slot=0 started_ns=1790069826326644000 ended_ns=1790069826680448708 elapsed_us=353804 block_gets=112 block_puts=0 deleted=0
checkpoint_phase lsn=20648 phase=row_merge_schedule slot=0 started_ns=1790069826680465000 ended_ns=1790069827042878375 elapsed_us=362413 block_gets=112 block_puts=0 deleted=0
checkpoint_phase lsn=20648 phase=row_merge_schedule slot=0 started_ns=1790069827042891000 ended_ns=1790069827395309375 elapsed_us=352418 block_gets=112 block_puts=0 deleted=0
checkpoint_phase lsn=20648 phase=row_merge_schedule slot=0 started_ns=1790069827395325000 ended_ns=1790069827754904167 elapsed_us=359579 block_gets=112 block_puts=0 deleted=0
checkpoint_phase lsn=20648 phase=row_merge_schedule slot=0 started_ns=1790069827754913000 ended_ns=1790069828119998458 elapsed_us=365085 block_gets=112 block_puts=0 deleted=0
checkpoint_phase lsn=20648 phase=row_merge_schedule slot=0 started_ns=1790069828120015000 ended_ns=1790069828469100333 elapsed_us=349085 block_gets=112 block_puts=0 deleted=0
checkpoint_phase lsn=20648 phase=row_merge_schedule slot=0 started_ns=1790069828469112000 ended_ns=1790069828522367084 elapsed_us=53255 block_gets=18 block_puts=0 deleted=0
checkpoint_phase lsn=20648 phase=row_merge_schedule slot=0 started_ns=1790069828522378000 ended_ns=1790069828529449708 elapsed_us=7071 block_gets=2 block_puts=0 deleted=0
checkpoint_phase lsn=20648 phase=row_merge_write slot=0 started_ns=1790069828529458000 ended_ns=1790069828552894375 elapsed_us=23436 block_gets=0 block_puts=5 deleted=0
checkpoint_phase lsn=20648 phase=row_merge_write slot=0 started_ns=1790069828552905000 ended_ns=1790069828570962375 elapsed_us=18057 block_gets=0 block_puts=4 deleted=0
checkpoint_phase lsn=20648 phase=row_merge_write slot=0 started_ns=1790069828570972000 ended_ns=1790069828588679500 elapsed_us=17707 block_gets=0 block_puts=4 deleted=0
checkpoint_phase lsn=20648 phase=row_merge_write slot=0 started_ns=1790069828588690000 ended_ns=1790069828606340209 elapsed_us=17650 block_gets=0 block_puts=4 deleted=0
checkpoint_phase lsn=20648 phase=row_merge_write slot=0 started_ns=1790069828606355000 ended_ns=1790069828623476292 elapsed_us=17121 block_gets=0 block_puts=4 deleted=0
checkpoint_phase lsn=20648 phase=row_merge_write slot=0 started_ns=1790069828623492000 ended_ns=1790069828641934583 elapsed_us=18442 block_gets=0 block_puts=4 deleted=0
checkpoint_phase lsn=20648 phase=row_merge_write slot=0 started_ns=1790069828641947000 ended_ns=1790069828660422500 elapsed_us=18475 block_gets=0 block_puts=4 deleted=0
checkpoint_phase lsn=20648 phase=row_merge_write slot=0 started_ns=1790069828660437000 ended_ns=1790069828678552792 elapsed_us=18115 block_gets=0 block_puts=4 deleted=0
checkpoint_phase lsn=20648 phase=row_merge_write slot=0 started_ns=1790069828678567000 ended_ns=1790069828696373917 elapsed_us=17806 block_gets=0 block_puts=4 deleted=0
checkpoint_phase lsn=20648 phase=row_merge_write slot=0 started_ns=1790069828696386000 ended_ns=1790069828713974500 elapsed_us=17588 block_gets=0 block_puts=4 deleted=0
checkpoint_phase lsn=20648 phase=row_merge_write slot=0 started_ns=1790069828713988000 ended_ns=1790069828731946417 elapsed_us=17958 block_gets=0 block_puts=4 deleted=0
checkpoint_phase lsn=20648 phase=row_merge_write slot=0 started_ns=1790069828731960000 ended_ns=1790069828748904667 elapsed_us=16944 block_gets=0 block_puts=4 deleted=0
checkpoint_phase lsn=20648 phase=row_merge_write slot=0 started_ns=1790069828748919000 ended_ns=1790069828766966250 elapsed_us=18047 block_gets=0 block_puts=4 deleted=0
checkpoint_phase lsn=20648 phase=row_merge_write slot=0 started_ns=1790069828766978000 ended_ns=1790069828784988750 elapsed_us=18010 block_gets=0 block_puts=4 deleted=0
checkpoint_phase lsn=20648 phase=row_merge_write slot=0 started_ns=1790069828785004000 ended_ns=1790069828802862208 elapsed_us=17858 block_gets=0 block_puts=4 deleted=0
checkpoint_phase lsn=20648 phase=row_merge_write slot=0 started_ns=1790069828802877000 ended_ns=1790069828820930291 elapsed_us=18053 block_gets=0 block_puts=4 deleted=0
checkpoint_phase lsn=20648 phase=row_merge_write slot=0 started_ns=1790069828820943000 ended_ns=1790069828838662791 elapsed_us=17719 block_gets=0 block_puts=4 deleted=0
checkpoint_phase lsn=20648 phase=row_merge_write slot=0 started_ns=1790069828838672000 ended_ns=1790069828854514208 elapsed_us=15842 block_gets=0 block_puts=4 deleted=0
checkpoint_phase lsn=20648 phase=row_merge_write slot=0 started_ns=1790069828854529000 ended_ns=1790069828871634167 elapsed_us=17105 block_gets=0 block_puts=4 deleted=0
checkpoint_phase lsn=20648 phase=row_merge_write slot=0 started_ns=1790069828871646000 ended_ns=1790069828888954041 elapsed_us=17308 block_gets=0 block_puts=4 deleted=0
checkpoint_phase lsn=20648 phase=row_merge_write slot=0 started_ns=1790069828888967000 ended_ns=1790069828906197125 elapsed_us=17230 block_gets=0 block_puts=4 deleted=0
checkpoint_phase lsn=20648 phase=row_merge_write slot=0 started_ns=1790069828906209000 ended_ns=1790069828923848250 elapsed_us=17639 block_gets=0 block_puts=4 deleted=0
checkpoint_phase lsn=20648 phase=row_merge_write slot=0 started_ns=1790069828923858000 ended_ns=1790069828941677333 elapsed_us=17819 block_gets=0 block_puts=4 deleted=0
checkpoint_phase lsn=20648 phase=row_merge_write slot=0 started_ns=1790069828941691000 ended_ns=1790069828959896959 elapsed_us=18205 block_gets=0 block_puts=4 deleted=0
checkpoint_phase lsn=20648 phase=row_merge_write slot=0 started_ns=1790069828959909000 ended_ns=1790069828977316584 elapsed_us=17407 block_gets=0 block_puts=4 deleted=0
checkpoint_phase lsn=20648 phase=row_merge_write slot=0 started_ns=1790069828977331000 ended_ns=1790069828993880166 elapsed_us=16549 block_gets=0 block_puts=4 deleted=0
checkpoint_phase lsn=20648 phase=row_merge_write slot=0 started_ns=1790069828993891000 ended_ns=1790069829011837209 elapsed_us=17946 block_gets=0 block_puts=4 deleted=0
checkpoint_phase lsn=20648 phase=row_merge_write slot=0 started_ns=1790069829011847000 ended_ns=1790069829029775750 elapsed_us=17928 block_gets=0 block_puts=4 deleted=0
checkpoint_phase lsn=20648 phase=row_merge_write slot=0 started_ns=1790069829029789000 ended_ns=1790069829046396166 elapsed_us=16607 block_gets=0 block_puts=4 deleted=0
checkpoint_phase lsn=20648 phase=row_merge_write slot=0 started_ns=1790069829046410000 ended_ns=1790069829063932750 elapsed_us=17522 block_gets=0 block_puts=4 deleted=0
checkpoint_phase lsn=20648 phase=row_merge_write slot=0 started_ns=1790069829063944000 ended_ns=1790069829080906750 elapsed_us=16962 block_gets=0 block_puts=4 deleted=0
checkpoint_phase lsn=20648 phase=row_merge_write slot=0 started_ns=1790069829080922000 ended_ns=1790069829098728083 elapsed_us=17806 block_gets=0 block_puts=4 deleted=0
checkpoint_phase lsn=20648 phase=row_merge_write slot=0 started_ns=1790069829098738000 ended_ns=1790069829116841750 elapsed_us=18103 block_gets=0 block_puts=4 deleted=0
checkpoint_phase lsn=20648 phase=row_merge_write slot=0 started_ns=1790069829116852000 ended_ns=1790069829135254834 elapsed_us=18402 block_gets=0 block_puts=4 deleted=0
checkpoint_phase lsn=20648 phase=row_merge_write slot=0 started_ns=1790069829135266000 ended_ns=1790069829152123417 elapsed_us=16857 block_gets=0 block_puts=4 deleted=0
checkpoint_phase lsn=20648 phase=row_merge_write slot=0 started_ns=1790069829152133000 ended_ns=1790069829169184917 elapsed_us=17051 block_gets=0 block_puts=4 deleted=0
checkpoint_phase lsn=20648 phase=row_merge_write slot=0 started_ns=1790069829169195000 ended_ns=1790069829187428792 elapsed_us=18233 block_gets=0 block_puts=4 deleted=0
checkpoint_phase lsn=20648 phase=row_merge_write slot=0 started_ns=1790069829187441000 ended_ns=1790069829206015250 elapsed_us=18574 block_gets=0 block_puts=4 deleted=0
checkpoint_phase lsn=20648 phase=row_merge_write slot=0 started_ns=1790069829206035000 ended_ns=1790069829224174709 elapsed_us=18139 block_gets=0 block_puts=4 deleted=0
checkpoint_phase lsn=20648 phase=row_merge_write slot=0 started_ns=1790069829224187000 ended_ns=1790069829242146541 elapsed_us=17959 block_gets=0 block_puts=4 deleted=0
checkpoint_phase lsn=20648 phase=row_merge_write slot=0 started_ns=1790069829242160000 ended_ns=1790069829258691959 elapsed_us=16531 block_gets=0 block_puts=4 deleted=0
checkpoint_phase lsn=20648 phase=row_merge_write slot=0 started_ns=1790069829258708000 ended_ns=1790069829276581333 elapsed_us=17873 block_gets=0 block_puts=4 deleted=0
checkpoint_phase lsn=20648 phase=row_merge_write slot=0 started_ns=1790069829276593000 ended_ns=1790069829293919667 elapsed_us=17326 block_gets=0 block_puts=4 deleted=0
checkpoint_phase lsn=20648 phase=row_merge_write slot=0 started_ns=1790069829293933000 ended_ns=1790069829311293375 elapsed_us=17360 block_gets=0 block_puts=4 deleted=0
checkpoint_phase lsn=20648 phase=row_merge_write slot=0 started_ns=1790069829311306000 ended_ns=1790069829329257833 elapsed_us=17951 block_gets=0 block_puts=4 deleted=0
checkpoint_phase lsn=20648 phase=row_merge_write slot=0 started_ns=1790069829329271000 ended_ns=1790069829346238500 elapsed_us=16967 block_gets=0 block_puts=4 deleted=0
checkpoint_phase lsn=20648 phase=row_merge_write slot=0 started_ns=1790069829346252000 ended_ns=1790069829364406875 elapsed_us=18154 block_gets=0 block_puts=4 deleted=0
checkpoint_phase lsn=20648 phase=row_merge_write slot=0 started_ns=1790069829364418000 ended_ns=1790069829381361208 elapsed_us=16943 block_gets=0 block_puts=4 deleted=0
checkpoint_phase lsn=20648 phase=row_merge_write slot=0 started_ns=1790069829381374000 ended_ns=1790069829398499292 elapsed_us=17125 block_gets=0 block_puts=4 deleted=0
checkpoint_phase lsn=20648 phase=row_merge_write slot=0 started_ns=1790069829398513000 ended_ns=1790069829415667708 elapsed_us=17154 block_gets=0 block_puts=4 deleted=0
checkpoint_phase lsn=20648 phase=row_merge_write slot=0 started_ns=1790069829415678000 ended_ns=1790069829433850042 elapsed_us=18172 block_gets=0 block_puts=4 deleted=0
checkpoint_phase lsn=20648 phase=row_merge_write slot=0 started_ns=1790069829433859000 ended_ns=1790069829451952250 elapsed_us=18093 block_gets=0 block_puts=4 deleted=0
checkpoint_phase lsn=20648 phase=row_merge_write slot=0 started_ns=1790069829451964000 ended_ns=1790069829470159167 elapsed_us=18195 block_gets=0 block_puts=4 deleted=0
checkpoint_phase lsn=20648 phase=row_merge_write slot=0 started_ns=1790069829470173000 ended_ns=1790069829487983916 elapsed_us=17810 block_gets=0 block_puts=4 deleted=0
checkpoint_phase lsn=20648 phase=row_merge_write slot=0 started_ns=1790069829487996000 ended_ns=1790069829506490541 elapsed_us=18494 block_gets=0 block_puts=4 deleted=0
checkpoint_phase lsn=20648 phase=row_merge_write slot=0 started_ns=1790069829506505000 ended_ns=1790069829524277583 elapsed_us=17772 block_gets=0 block_puts=4 deleted=0
checkpoint_phase lsn=20648 phase=row_merge_write slot=0 started_ns=1790069829524291000 ended_ns=1790069829542120375 elapsed_us=17829 block_gets=0 block_puts=4 deleted=0
checkpoint_phase lsn=20648 phase=row_merge_write slot=0 started_ns=1790069829542134000 ended_ns=1790069829558617292 elapsed_us=16483 block_gets=0 block_puts=4 deleted=0
checkpoint_phase lsn=20648 phase=row_merge_write slot=0 started_ns=1790069829558631000 ended_ns=1790069829575485875 elapsed_us=16854 block_gets=0 block_puts=4 deleted=0
checkpoint_phase lsn=20648 phase=row_merge_write slot=0 started_ns=1790069829575498000 ended_ns=1790069829592953625 elapsed_us=17455 block_gets=0 block_puts=4 deleted=0
checkpoint_phase lsn=20648 phase=row_merge_write slot=0 started_ns=1790069829592964000 ended_ns=1790069829610904667 elapsed_us=17940 block_gets=0 block_puts=4 deleted=0
checkpoint_phase lsn=20648 phase=row_merge_write slot=0 started_ns=1790069829610918000 ended_ns=1790069829629302666 elapsed_us=18384 block_gets=0 block_puts=4 deleted=0
checkpoint_phase lsn=20648 phase=row_merge_write slot=0 started_ns=1790069829629314000 ended_ns=1790069829646993125 elapsed_us=17679 block_gets=0 block_puts=4 deleted=0
checkpoint_phase lsn=20648 phase=row_merge_write slot=0 started_ns=1790069829647005000 ended_ns=1790069829664805500 elapsed_us=17800 block_gets=0 block_puts=4 deleted=0
checkpoint_phase lsn=20648 phase=row_merge_write slot=0 started_ns=1790069829664817000 ended_ns=1790069829680224000 elapsed_us=15407 block_gets=0 block_puts=4 deleted=0
checkpoint_phase lsn=20648 phase=row_merge_write slot=0 started_ns=1790069829680236000 ended_ns=1790069829701254292 elapsed_us=21018 block_gets=0 block_puts=4 deleted=0
checkpoint_phase lsn=20648 phase=row_merge_write slot=0 started_ns=1790069829701270000 ended_ns=1790069829719760167 elapsed_us=18490 block_gets=0 block_puts=4 deleted=0
checkpoint_phase lsn=20648 phase=row_merge_write slot=0 started_ns=1790069829719774000 ended_ns=1790069829737816208 elapsed_us=18042 block_gets=0 block_puts=4 deleted=0
checkpoint_phase lsn=20648 phase=row_merge_write slot=0 started_ns=1790069829737828000 ended_ns=1790069829756094083 elapsed_us=18266 block_gets=0 block_puts=4 deleted=0
checkpoint_phase lsn=20648 phase=row_merge_write slot=0 started_ns=1790069829756104000 ended_ns=1790069829772955125 elapsed_us=16851 block_gets=0 block_puts=4 deleted=0
checkpoint_phase lsn=20648 phase=row_merge_write slot=0 started_ns=1790069829772972000 ended_ns=1790069829791751250 elapsed_us=18779 block_gets=0 block_puts=4 deleted=0
checkpoint_phase lsn=20648 phase=row_merge_write slot=0 started_ns=1790069829791765000 ended_ns=1790069829809639833 elapsed_us=17874 block_gets=0 block_puts=4 deleted=0
checkpoint_phase lsn=20648 phase=row_merge_write slot=0 started_ns=1790069829809655000 ended_ns=1790069829827587875 elapsed_us=17932 block_gets=0 block_puts=4 deleted=0
checkpoint_phase lsn=20648 phase=row_merge_write slot=0 started_ns=1790069829827600000 ended_ns=1790069829844902667 elapsed_us=17302 block_gets=0 block_puts=4 deleted=0
checkpoint_phase lsn=20648 phase=row_merge_write slot=0 started_ns=1790069829844910000 ended_ns=1790069829863348875 elapsed_us=18438 block_gets=0 block_puts=4 deleted=0
checkpoint_phase lsn=20648 phase=row_merge_write slot=0 started_ns=1790069829863360000 ended_ns=1790069829880991916 elapsed_us=17631 block_gets=0 block_puts=4 deleted=0
checkpoint_phase lsn=20648 phase=row_merge_write slot=0 started_ns=1790069829881003000 ended_ns=1790069829899324542 elapsed_us=18321 block_gets=0 block_puts=4 deleted=0
checkpoint_phase lsn=20648 phase=row_merge_write slot=0 started_ns=1790069829899335000 ended_ns=1790069829917666667 elapsed_us=18331 block_gets=0 block_puts=4 deleted=0
checkpoint_phase lsn=20648 phase=row_merge_write slot=0 started_ns=1790069829917684000 ended_ns=1790069829936672875 elapsed_us=18988 block_gets=0 block_puts=4 deleted=0
checkpoint_phase lsn=20648 phase=row_merge_write slot=0 started_ns=1790069829936687000 ended_ns=1790069829953030375 elapsed_us=16343 block_gets=0 block_puts=4 deleted=0
checkpoint_phase lsn=20648 phase=row_merge_write slot=0 started_ns=1790069829953044000 ended_ns=1790069829971767125 elapsed_us=18723 block_gets=0 block_puts=4 deleted=0
checkpoint_phase lsn=20648 phase=row_merge_write slot=0 started_ns=1790069829971781000 ended_ns=1790069829990420292 elapsed_us=18639 block_gets=0 block_puts=4 deleted=0
checkpoint_phase lsn=20648 phase=row_merge_write slot=0 started_ns=1790069829990433000 ended_ns=1790069830009250667 elapsed_us=18817 block_gets=0 block_puts=4 deleted=0
checkpoint_phase lsn=20648 phase=row_merge_write slot=0 started_ns=1790069830009265000 ended_ns=1790069830026711375 elapsed_us=17446 block_gets=0 block_puts=4 deleted=0
checkpoint_phase lsn=20648 phase=row_merge_write slot=0 started_ns=1790069830026723000 ended_ns=1790069830045500916 elapsed_us=18777 block_gets=0 block_puts=4 deleted=0
checkpoint_phase lsn=20648 phase=row_merge_write slot=0 started_ns=1790069830045512000 ended_ns=1790069830064033292 elapsed_us=18521 block_gets=0 block_puts=4 deleted=0
checkpoint_phase lsn=20648 phase=row_merge_write slot=0 started_ns=1790069830064047000 ended_ns=1790069830082691542 elapsed_us=18644 block_gets=0 block_puts=4 deleted=0
checkpoint_phase lsn=20648 phase=row_merge_write slot=0 started_ns=1790069830082702000 ended_ns=1790069830101444000 elapsed_us=18742 block_gets=0 block_puts=4 deleted=0
checkpoint_phase lsn=20648 phase=row_merge_write slot=0 started_ns=1790069830101459000 ended_ns=1790069830120146500 elapsed_us=18687 block_gets=0 block_puts=4 deleted=0
checkpoint_phase lsn=20648 phase=row_merge_write slot=0 started_ns=1790069830120165000 ended_ns=1790069830138642750 elapsed_us=18477 block_gets=0 block_puts=4 deleted=0
checkpoint_phase lsn=20648 phase=row_merge_write slot=0 started_ns=1790069830138659000 ended_ns=1790069830156996750 elapsed_us=18337 block_gets=0 block_puts=4 deleted=0
checkpoint_phase lsn=20648 phase=row_merge_write slot=0 started_ns=1790069830157009000 ended_ns=1790069830175410084 elapsed_us=18401 block_gets=0 block_puts=4 deleted=0
checkpoint_phase lsn=20648 phase=row_merge_write slot=0 started_ns=1790069830175423000 ended_ns=1790069830193856375 elapsed_us=18433 block_gets=0 block_puts=4 deleted=0
checkpoint_phase lsn=20648 phase=row_merge_write slot=0 started_ns=1790069830193869000 ended_ns=1790069830211510083 elapsed_us=17641 block_gets=0 block_puts=4 deleted=0
checkpoint_phase lsn=20648 phase=row_merge_write slot=0 started_ns=1790069830211523000 ended_ns=1790069830228440666 elapsed_us=16917 block_gets=0 block_puts=4 deleted=0
checkpoint_phase lsn=20648 phase=row_merge_write slot=0 started_ns=1790069830228455000 ended_ns=1790069830246082917 elapsed_us=17627 block_gets=0 block_puts=4 deleted=0
checkpoint_phase lsn=20648 phase=row_merge_write slot=0 started_ns=1790069830246096000 ended_ns=1790069830264145333 elapsed_us=18049 block_gets=0 block_puts=4 deleted=0
checkpoint_phase lsn=20648 phase=row_merge_write slot=0 started_ns=1790069830264159000 ended_ns=1790069830282309625 elapsed_us=18150 block_gets=0 block_puts=4 deleted=0
checkpoint_phase lsn=20648 phase=row_merge_write slot=0 started_ns=1790069830282326000 ended_ns=1790069830300721584 elapsed_us=18395 block_gets=0 block_puts=4 deleted=0
checkpoint_phase lsn=20648 phase=row_merge_write slot=0 started_ns=1790069830300735000 ended_ns=1790069830318955542 elapsed_us=18220 block_gets=0 block_puts=4 deleted=0
checkpoint_phase lsn=20648 phase=row_merge_write slot=0 started_ns=1790069830318968000 ended_ns=1790069830334984542 elapsed_us=16016 block_gets=0 block_puts=4 deleted=0
checkpoint_phase lsn=20648 phase=row_merge_write slot=0 started_ns=1790069830334997000 ended_ns=1790069830352710541 elapsed_us=17713 block_gets=0 block_puts=4 deleted=0
checkpoint_phase lsn=20648 phase=row_merge_write slot=0 started_ns=1790069830352726000 ended_ns=1790069830370395917 elapsed_us=17669 block_gets=0 block_puts=4 deleted=0
checkpoint_phase lsn=20648 phase=row_merge_write slot=0 started_ns=1790069830370408000 ended_ns=1790069830386994709 elapsed_us=16586 block_gets=0 block_puts=4 deleted=0
checkpoint_phase lsn=20648 phase=row_merge_write slot=0 started_ns=1790069830387011000 ended_ns=1790069830405267000 elapsed_us=18256 block_gets=0 block_puts=4 deleted=0
checkpoint_phase lsn=20648 phase=row_merge_write slot=0 started_ns=1790069830405282000 ended_ns=1790069830421889375 elapsed_us=16607 block_gets=0 block_puts=4 deleted=0
checkpoint_phase lsn=20648 phase=row_merge_write slot=0 started_ns=1790069830421902000 ended_ns=1790069830439041083 elapsed_us=17139 block_gets=0 block_puts=4 deleted=0
checkpoint_phase lsn=20648 phase=row_merge_write slot=0 started_ns=1790069830439062000 ended_ns=1790069830456772834 elapsed_us=17710 block_gets=0 block_puts=4 deleted=0
checkpoint_phase lsn=20648 phase=row_merge_write slot=0 started_ns=1790069830456785000 ended_ns=1790069830487228709 elapsed_us=30443 block_gets=0 block_puts=8 deleted=0
checkpoint_phase lsn=20648 phase=manifest slot=-1 started_ns=1790069830487242000 ended_ns=1790069830491080125 elapsed_us=3838 block_gets=0 block_puts=0 deleted=0
checkpoint_phase lsn=20648 phase=local_cleanup slot=-1 started_ns=1790069830491091000 ended_ns=1790069830491149125 elapsed_us=58 block_gets=0 block_puts=0 deleted=0
checkpoint_phase lsn=20648 phase=commit_prune slot=-1 started_ns=1790069830491153000 ended_ns=1790069830550322667 elapsed_us=59169 block_gets=0 block_puts=0 deleted=0
checkpoint_phase lsn=20648 phase=legacy_gc slot=-1 started_ns=1790069830550335000 ended_ns=1790069830578859250 elapsed_us=28524 block_gets=0 block_puts=0 deleted=0
checkpoint_phase lsn=20648 phase=gc_keep slot=-1 started_ns=1790069830578872000 ended_ns=1790069830579971541 elapsed_us=1099 block_gets=0 block_puts=0 deleted=0
checkpoint_phase lsn=20648 phase=gc_list slot=-1 started_ns=1790069830579976000 ended_ns=1790069830674134541 elapsed_us=94158 block_gets=0 block_puts=0 deleted=0
checkpoint_phase lsn=20648 phase=gc_delete slot=-1 started_ns=1790069830674165000 ended_ns=1790069830703196875 elapsed_us=29031 block_gets=0 block_puts=0 deleted=9
checkpoint_phase lsn=20648 phase=row_merge_schedule slot=0 started_ns=1790069830703377000 ended_ns=1790069831082705708 elapsed_us=379328 block_gets=120 block_puts=0 deleted=0
checkpoint_phase lsn=20664 phase=value_index_schedule slot=0 started_ns=1790069831127002000 ended_ns=1790069831986514541 elapsed_us=859512 block_gets=0 block_puts=20 deleted=0
checkpoint_phase lsn=20664 phase=row_merge_schedule slot=0 started_ns=1790069832090326000 ended_ns=1790069832422791750 elapsed_us=332465 block_gets=105 block_puts=0 deleted=0
checkpoint_phase lsn=20664 phase=value_index_write slot=0 started_ns=1790069832472378000 ended_ns=1790069832473163667 elapsed_us=785 block_gets=0 block_puts=0 deleted=0
checkpoint_phase lsn=20680 phase=row_merge_schedule slot=0 started_ns=1790069832512465000 ended_ns=1790069832846867042 elapsed_us=334402 block_gets=105 block_puts=0 deleted=0
checkpoint_phase lsn=20680 phase=row_merge_schedule slot=0 started_ns=1790069832899405000 ended_ns=1790069833219671584 elapsed_us=320266 block_gets=105 block_puts=0 deleted=0
checkpoint_phase lsn=20680 phase=value_index_schedule slot=0 started_ns=1790069833271372000 ended_ns=1790069834138532750 elapsed_us=867160 block_gets=0 block_puts=20 deleted=0
checkpoint_phase lsn=20680 phase=row_merge_schedule slot=0 started_ns=1790069834191367000 ended_ns=1790069834528969000 elapsed_us=337602 block_gets=105 block_puts=0 deleted=0
checkpoint_phase lsn=20688 phase=row_merge_schedule slot=0 started_ns=1790069834601031000 ended_ns=1790069834932492500 elapsed_us=331461 block_gets=105 block_puts=0 deleted=0
checkpoint_phase lsn=20696 phase=value_index_schedule slot=0 started_ns=1790069835010559000 ended_ns=1790069835868653375 elapsed_us=858094 block_gets=0 block_puts=20 deleted=0
checkpoint_phase lsn=20696 phase=row_merge_schedule slot=0 started_ns=1790069835916767000 ended_ns=1790069836235236791 elapsed_us=318469 block_gets=105 block_puts=0 deleted=0
checkpoint_phase lsn=20696 phase=value_index_write slot=0 started_ns=1790069836279700000 ended_ns=1790069836280507458 elapsed_us=807 block_gets=0 block_puts=0 deleted=0
checkpoint_phase lsn=20696 phase=row_merge_schedule slot=0 started_ns=1790069836328454000 ended_ns=1790069836651187541 elapsed_us=322733 block_gets=105 block_puts=0 deleted=0
checkpoint_phase lsn=20712 phase=row_merge_schedule slot=0 started_ns=1790069836680417000 ended_ns=1790069836994190875 elapsed_us=313773 block_gets=105 block_puts=0 deleted=0
checkpoint_phase lsn=20712 phase=value_index_schedule slot=0 started_ns=1790069837038922000 ended_ns=1790069837893603000 elapsed_us=854681 block_gets=0 block_puts=20 deleted=0
checkpoint_phase lsn=20712 phase=row_merge_schedule slot=0 started_ns=1790069837944252000 ended_ns=1790069838263460250 elapsed_us=319208 block_gets=105 block_puts=0 deleted=0
checkpoint_phase lsn=20712 phase=value_index_write slot=0 started_ns=1790069838309746000 ended_ns=1790069838310541250 elapsed_us=795 block_gets=0 block_puts=0 deleted=0
checkpoint_phase lsn=20728 phase=row_merge_schedule slot=0 started_ns=1790069838340165000 ended_ns=1790069838654824375 elapsed_us=314659 block_gets=105 block_puts=0 deleted=0
checkpoint_phase lsn=20728 phase=row_merge_schedule slot=0 started_ns=1790069838704919000 ended_ns=1790069839020480500 elapsed_us=315561 block_gets=105 block_puts=0 deleted=0
checkpoint_phase lsn=20728 phase=value_index_schedule slot=0 started_ns=1790069839069593000 ended_ns=1790069839928144791 elapsed_us=858551 block_gets=0 block_puts=20 deleted=0
checkpoint_phase lsn=20728 phase=row_merge_schedule slot=0 started_ns=1790069839977975000 ended_ns=1790069840296140125 elapsed_us=318165 block_gets=105 block_puts=0 deleted=0
checkpoint_phase lsn=20736 phase=row_merge_schedule slot=0 started_ns=1790069840369584000 ended_ns=1790069840686684667 elapsed_us=317100 block_gets=105 block_puts=0 deleted=0
checkpoint_phase lsn=20744 phase=value_index_schedule slot=0 started_ns=1790069840756346000 ended_ns=1790069841613473333 elapsed_us=857127 block_gets=0 block_puts=20 deleted=0
checkpoint_phase lsn=20744 phase=row_merge_schedule slot=0 started_ns=1790069841661662000 ended_ns=1790069841982978292 elapsed_us=321316 block_gets=105 block_puts=0 deleted=0
checkpoint_phase lsn=20744 phase=value_index_write slot=0 started_ns=1790069842033242000 ended_ns=1790069842034133458 elapsed_us=891 block_gets=0 block_puts=0 deleted=0
checkpoint_phase lsn=20744 phase=row_merge_schedule slot=0 started_ns=1790069842082421000 ended_ns=1790069842399868125 elapsed_us=317447 block_gets=105 block_puts=0 deleted=0
checkpoint_phase lsn=20760 phase=row_merge_schedule slot=0 started_ns=1790069842429095000 ended_ns=1790069842475862750 elapsed_us=46767 block_gets=15 block_puts=0 deleted=0
checkpoint_phase lsn=20760 phase=value_index_schedule slot=0 started_ns=1790069842579401000 ended_ns=1790069843435192791 elapsed_us=855791 block_gets=0 block_puts=20 deleted=0
checkpoint_phase lsn=20760 phase=row_merge_schedule slot=0 started_ns=1790069843485064000 ended_ns=1790069843837222541 elapsed_us=352158 block_gets=120 block_puts=0 deleted=0
checkpoint_phase lsn=20776 phase=row_merge_schedule slot=0 started_ns=1790069843865956000 ended_ns=1790069844186564750 elapsed_us=320608 block_gets=105 block_puts=0 deleted=0
checkpoint_phase lsn=20776 phase=value_index_schedule slot=0 started_ns=1790069844232262000 ended_ns=1790069845097725292 elapsed_us=865463 block_gets=0 block_puts=20 deleted=0
checkpoint_phase lsn=20776 phase=row_merge_schedule slot=0 started_ns=1790069845147346000 ended_ns=1790069845464241500 elapsed_us=316895 block_gets=105 block_puts=0 deleted=0
checkpoint_phase lsn=20776 phase=value_index_write slot=0 started_ns=1790069845513585000 ended_ns=1790069845514315958 elapsed_us=730 block_gets=0 block_puts=0 deleted=0
checkpoint_phase lsn=20784 phase=row_merge_schedule slot=0 started_ns=1790069845583376000 ended_ns=1790069845901522667 elapsed_us=318146 block_gets=105 block_puts=0 deleted=0
checkpoint_phase lsn=20792 phase=row_merge_schedule slot=0 started_ns=1790069845968212000 ended_ns=1790069846285656208 elapsed_us=317444 block_gets=105 block_puts=0 deleted=0
checkpoint_phase lsn=20792 phase=value_index_schedule slot=0 started_ns=1790069846337533000 ended_ns=1790069847192932292 elapsed_us=855399 block_gets=0 block_puts=20 deleted=0
checkpoint_phase lsn=20792 phase=row_merge_schedule slot=0 started_ns=1790069847243149000 ended_ns=1790069847547581791 elapsed_us=304432 block_gets=105 block_puts=0 deleted=0
checkpoint_phase lsn=20792 phase=value_index_write slot=0 started_ns=1790069847590936000 ended_ns=1790069847591747625 elapsed_us=811 block_gets=0 block_puts=0 deleted=0
checkpoint_phase lsn=20808 phase=row_merge_schedule slot=0 started_ns=1790069847624917000 ended_ns=1790069847935627791 elapsed_us=310710 block_gets=105 block_puts=0 deleted=0
checkpoint_phase lsn=20808 phase=row_merge_schedule slot=0 started_ns=1790069848033157000 ended_ns=1790069848347009792 elapsed_us=313852 block_gets=105 block_puts=0 deleted=0
checkpoint_phase lsn=20808 phase=value_index_schedule slot=0 started_ns=1790069848396738000 ended_ns=1790069849251042250 elapsed_us=854304 block_gets=0 block_puts=20 deleted=0
checkpoint_phase lsn=20824 phase=row_merge_schedule slot=0 started_ns=1790069849284658000 ended_ns=1790069849590432000 elapsed_us=305774 block_gets=105 block_puts=0 deleted=0
checkpoint_phase lsn=20824 phase=row_merge_schedule slot=0 started_ns=1790069849637127000 ended_ns=1790069849948091083 elapsed_us=310964 block_gets=105 block_puts=0 deleted=0
checkpoint_phase lsn=20824 phase=value_index_schedule slot=0 started_ns=1790069849990548000 ended_ns=1790069850842520000 elapsed_us=851972 block_gets=0 block_puts=20 deleted=0
checkpoint_phase lsn=20824 phase=row_merge_schedule slot=0 started_ns=1790069850893024000 ended_ns=1790069851197525834 elapsed_us=304501 block_gets=105 block_puts=0 deleted=0
checkpoint_phase lsn=20832 phase=row_merge_schedule slot=0 started_ns=1790069851271257000 ended_ns=1790069851574925000 elapsed_us=303668 block_gets=105 block_puts=0 deleted=0
checkpoint_phase lsn=20840 phase=value_index_schedule slot=0 started_ns=1790069851644079000 ended_ns=1790069852510888833 elapsed_us=866809 block_gets=0 block_puts=20 deleted=0
checkpoint_phase lsn=20840 phase=row_merge_schedule slot=0 started_ns=1790069852563429000 ended_ns=1790069852864857917 elapsed_us=301428 block_gets=105 block_puts=0 deleted=0
checkpoint_phase lsn=20840 phase=value_index_write slot=0 started_ns=1790069852910724000 ended_ns=1790069852911458625 elapsed_us=734 block_gets=0 block_puts=0 deleted=0
checkpoint_phase lsn=20840 phase=row_merge_schedule slot=0 started_ns=1790069852958107000 ended_ns=1790069853265495583 elapsed_us=307388 block_gets=105 block_puts=0 deleted=0
checkpoint_phase lsn=20856 phase=row_merge_schedule slot=0 started_ns=1790069853298099000 ended_ns=1790069853614831084 elapsed_us=316732 block_gets=105 block_puts=0 deleted=0
checkpoint_phase lsn=20856 phase=value_index_schedule slot=0 started_ns=1790069853712689000 ended_ns=1790069854573181042 elapsed_us=860492 block_gets=0 block_puts=20 deleted=0
checkpoint_phase lsn=20856 phase=row_merge_schedule slot=0 started_ns=1790069854617377000 ended_ns=1790069854928610667 elapsed_us=311233 block_gets=105 block_puts=0 deleted=0
checkpoint_phase lsn=20872 phase=row_merge_schedule slot=0 started_ns=1790069854956440000 ended_ns=1790069855003967458 elapsed_us=47527 block_gets=15 block_puts=0 deleted=0
checkpoint_phase lsn=20872 phase=value_index_schedule slot=0 started_ns=1790069855045847000 ended_ns=1790069855901674917 elapsed_us=855827 block_gets=0 block_puts=20 deleted=0
checkpoint_phase lsn=20872 phase=row_merge_write slot=0 started_ns=1790069855949962000 ended_ns=1790069855973972291 elapsed_us=24010 block_gets=0 block_puts=5 deleted=0
checkpoint_phase lsn=20872 phase=value_index_write slot=0 started_ns=1790069856018152000 ended_ns=1790069856018381417 elapsed_us=229 block_gets=0 block_puts=0 deleted=0
checkpoint_phase lsn=20872 phase=row_merge_write slot=0 started_ns=1790069856018451000 ended_ns=1790069856034833708 elapsed_us=16382 block_gets=0 block_puts=4 deleted=0
checkpoint_phase lsn=20880 phase=row_merge_write slot=0 started_ns=1790069856106230000 ended_ns=1790069856123861167 elapsed_us=17631 block_gets=0 block_puts=4 deleted=0
checkpoint_phase lsn=20888 phase=value_index_schedule slot=0 started_ns=1790069856195521000 ended_ns=1790069857049878375 elapsed_us=854357 block_gets=0 block_puts=20 deleted=0
checkpoint_phase lsn=20888 phase=row_merge_write slot=0 started_ns=1790069857097104000 ended_ns=1790069857113476166 elapsed_us=16372 block_gets=0 block_puts=4 deleted=0
checkpoint_phase lsn=20888 phase=value_index_write slot=0 started_ns=1790069857158464000 ended_ns=1790069857158700084 elapsed_us=236 block_gets=0 block_puts=0 deleted=0
checkpoint_phase lsn=20888 phase=row_merge_write slot=0 started_ns=1790069857201665000 ended_ns=1790069857219196125 elapsed_us=17531 block_gets=0 block_puts=4 deleted=0
checkpoint_phase lsn=20904 phase=row_merge_write slot=0 started_ns=1790069857250816000 ended_ns=1790069857269000125 elapsed_us=18184 block_gets=0 block_puts=4 deleted=0
checkpoint_phase lsn=20904 phase=value_index_schedule slot=0 started_ns=1790069857366836000 ended_ns=1790069858219772750 elapsed_us=852936 block_gets=0 block_puts=20 deleted=0
checkpoint_phase lsn=20904 phase=row_merge_write slot=0 started_ns=1790069858268999000 ended_ns=1790069858285414459 elapsed_us=16415 block_gets=0 block_puts=4 deleted=0
checkpoint_phase lsn=20920 phase=row_merge_write slot=0 started_ns=1790069858316003000 ended_ns=1790069858331650708 elapsed_us=15647 block_gets=0 block_puts=4 deleted=0
checkpoint_phase lsn=20920 phase=value_index_schedule slot=0 started_ns=1790069858377459000 ended_ns=1790069859227697750 elapsed_us=850238 block_gets=0 block_puts=20 deleted=0
checkpoint_phase lsn=20920 phase=row_merge_write slot=0 started_ns=1790069859277882000 ended_ns=1790069859296122750 elapsed_us=18240 block_gets=0 block_puts=4 deleted=0
checkpoint_phase lsn=20920 phase=value_index_write slot=0 started_ns=1790069859339783000 ended_ns=1790069859340015667 elapsed_us=232 block_gets=0 block_puts=0 deleted=0
checkpoint_phase lsn=20920 phase=row_merge_write slot=0 started_ns=1790069859340073000 ended_ns=1790069859355882916 elapsed_us=15809 block_gets=0 block_puts=4 deleted=0
checkpoint_phase lsn=20928 phase=row_merge_write slot=0 started_ns=1790069859428281000 ended_ns=1790069859445223291 elapsed_us=16942 block_gets=0 block_puts=4 deleted=0
checkpoint_phase lsn=20936 phase=value_index_schedule slot=0 started_ns=1790069859507750000 ended_ns=1790069860365923625 elapsed_us=858173 block_gets=0 block_puts=20 deleted=0
checkpoint_phase lsn=20936 phase=row_merge_write slot=0 started_ns=1790069860414013000 ended_ns=1790069860431935000 elapsed_us=17922 block_gets=0 block_puts=4 deleted=0
checkpoint_phase lsn=20936 phase=value_index_write slot=0 started_ns=1790069860477175000 ended_ns=1790069860477415333 elapsed_us=240 block_gets=0 block_puts=0 deleted=0
checkpoint_phase lsn=20936 phase=row_merge_write slot=0 started_ns=1790069860477486000 ended_ns=1790069860494149334 elapsed_us=16663 block_gets=0 block_puts=4 deleted=0
checkpoint_phase lsn=20936 phase=value_index_write slot=0 started_ns=1790069860538593000 ended_ns=1790069860538674166 elapsed_us=81 block_gets=0 block_puts=0 deleted=0
checkpoint_phase lsn=20936 phase=row_merge_write slot=0 started_ns=1790069860538729000 ended_ns=1790069860554610208 elapsed_us=15881 block_gets=0 block_puts=4 deleted=0
checkpoint_phase lsn=20952 phase=row_merge_write slot=0 started_ns=1790069860587152000 ended_ns=1790069860603886875 elapsed_us=16734 block_gets=0 block_puts=4 deleted=0
checkpoint_phase lsn=20952 phase=value_index_schedule slot=0 started_ns=1790069860652631000 ended_ns=1790069861510227375 elapsed_us=857596 block_gets=0 block_puts=20 deleted=0
checkpoint_phase lsn=20952 phase=row_merge_write slot=0 started_ns=1790069861558286000 ended_ns=1790069861575419542 elapsed_us=17133 block_gets=0 block_puts=4 deleted=0
checkpoint_phase lsn=20952 phase=value_index_write slot=0 started_ns=1790069861622990000 ended_ns=1790069861623761167 elapsed_us=771 block_gets=0 block_puts=0 deleted=0
checkpoint_phase lsn=20952 phase=row_merge_write slot=0 started_ns=1790069861623818000 ended_ns=1790069861640488208 elapsed_us=16670 block_gets=0 block_puts=4 deleted=0
checkpoint_phase lsn=20952 phase=value_index_write slot=0 started_ns=1790069861640547000 ended_ns=1790069861640624458 elapsed_us=77 block_gets=0 block_puts=0 deleted=0
checkpoint_phase lsn=20952 phase=row_merge_write slot=0 started_ns=1790069861640675000 ended_ns=1790069861658238459 elapsed_us=17563 block_gets=0 block_puts=4 deleted=0
checkpoint_phase lsn=20952 phase=value_index_write slot=0 started_ns=1790069861658292000 ended_ns=1790069861658377416 elapsed_us=85 block_gets=0 block_puts=0 deleted=0
checkpoint_phase lsn=20952 phase=row_merge_write slot=0 started_ns=1790069861658423000 ended_ns=1790069861674500916 elapsed_us=16077 block_gets=0 block_puts=4 deleted=0
checkpoint_phase lsn=20952 phase=value_index_write slot=0 started_ns=1790069861674556000 ended_ns=1790069861675352292 elapsed_us=796 block_gets=0 block_puts=0 deleted=0
checkpoint_phase lsn=20952 phase=row_merge_write slot=0 started_ns=1790069861675401000 ended_ns=1790069861691924875 elapsed_us=16523 block_gets=0 block_puts=4 deleted=0
checkpoint_phase lsn=20952 phase=value_index_write slot=0 started_ns=1790069861691996000 ended_ns=1790069861692081625 elapsed_us=85 block_gets=0 block_puts=0 deleted=0
checkpoint_phase lsn=20952 phase=row_merge_write slot=0 started_ns=1790069861692139000 ended_ns=1790069861708814333 elapsed_us=16675 block_gets=0 block_puts=4 deleted=0
checkpoint_phase lsn=20952 phase=value_index_write slot=0 started_ns=1790069861708883000 ended_ns=1790069861715949292 elapsed_us=7066 block_gets=0 block_puts=1 deleted=0
checkpoint_phase lsn=20952 phase=row_merge_write slot=0 started_ns=1790069861716013000 ended_ns=1790069861732642583 elapsed_us=16629 block_gets=0 block_puts=4 deleted=0
checkpoint_phase lsn=20952 phase=value_index_write slot=0 started_ns=1790069861732770000 ended_ns=1790069861733462834 elapsed_us=692 block_gets=0 block_puts=0 deleted=0
checkpoint_phase lsn=20952 phase=row_merge_write slot=0 started_ns=1790069861733567000 ended_ns=1790069861748790917 elapsed_us=15223 block_gets=0 block_puts=4 deleted=0
checkpoint_phase lsn=20952 phase=value_index_write slot=0 started_ns=1790069861749027000 ended_ns=1790069861749107667 elapsed_us=80 block_gets=0 block_puts=0 deleted=0
checkpoint_phase lsn=20952 phase=row_merge_write slot=0 started_ns=1790069861749167000 ended_ns=1790069861767616250 elapsed_us=18449 block_gets=0 block_puts=4 deleted=0
pos3ql: shutdown requested, draining
checkpoint_phase lsn=20952 phase=value_index_write slot=0 started_ns=1790069861767634000 ended_ns=1790069861767716125 elapsed_us=82 block_gets=0 block_puts=0 deleted=0
checkpoint_phase lsn=20952 phase=row_merge_write slot=0 started_ns=1790069861767720000 ended_ns=1790069861785089083 elapsed_us=17369 block_gets=0 block_puts=4 deleted=0
checkpoint_phase lsn=20952 phase=value_index_write slot=0 started_ns=1790069861785101000 ended_ns=1790069861789190875 elapsed_us=4089 block_gets=0 block_puts=1 deleted=0
checkpoint_phase lsn=20952 phase=row_merge_write slot=0 started_ns=1790069861789196000 ended_ns=1790069861805074416 elapsed_us=15878 block_gets=0 block_puts=4 deleted=0
checkpoint_phase lsn=20952 phase=value_index_schedule slot=0 started_ns=1790069861805083000 ended_ns=1790069862671449417 elapsed_us=866366 block_gets=1 block_puts=21 deleted=0
checkpoint_phase lsn=20952 phase=row_merge_write slot=0 started_ns=1790069862671453000 ended_ns=1790069862689638625 elapsed_us=18185 block_gets=0 block_puts=4 deleted=0
checkpoint_phase lsn=20952 phase=value_index_write slot=0 started_ns=1790069862689649000 ended_ns=1790069862699877125 elapsed_us=10228 block_gets=0 block_puts=3 deleted=0
checkpoint_phase lsn=20952 phase=row_merge_write slot=0 started_ns=1790069862699885000 ended_ns=1790069862715345500 elapsed_us=15460 block_gets=0 block_puts=4 deleted=0
checkpoint_phase lsn=20952 phase=value_index_write slot=0 started_ns=1790069862715360000 ended_ns=1790069862727714334 elapsed_us=12354 block_gets=0 block_puts=4 deleted=0
checkpoint_phase lsn=20952 phase=row_merge_write slot=0 started_ns=1790069862727727000 ended_ns=1790069862743282375 elapsed_us=15555 block_gets=0 block_puts=4 deleted=0
checkpoint_phase lsn=20952 phase=value_index_write slot=0 started_ns=1790069862743297000 ended_ns=1790069862743720750 elapsed_us=423 block_gets=0 block_puts=0 deleted=0
checkpoint_phase lsn=20952 phase=row_merge_write slot=0 started_ns=1790069862743727000 ended_ns=1790069862760873416 elapsed_us=17146 block_gets=0 block_puts=4 deleted=0
checkpoint_phase lsn=20952 phase=value_index_write slot=0 started_ns=1790069862760884000 ended_ns=1790069862761845958 elapsed_us=961 block_gets=0 block_puts=0 deleted=0
checkpoint_phase lsn=20952 phase=row_merge_write slot=0 started_ns=1790069862761852000 ended_ns=1790069862777846666 elapsed_us=15994 block_gets=0 block_puts=4 deleted=0
checkpoint_phase lsn=20952 phase=value_index_write slot=0 started_ns=1790069862777857000 ended_ns=1790069862778304208 elapsed_us=447 block_gets=0 block_puts=0 deleted=0
checkpoint_phase lsn=20952 phase=row_merge_write slot=0 started_ns=1790069862778308000 ended_ns=1790069862795899458 elapsed_us=17591 block_gets=0 block_puts=4 deleted=0
checkpoint_phase lsn=20952 phase=value_index_write slot=0 started_ns=1790069862795910000 ended_ns=1790069862796916375 elapsed_us=1006 block_gets=0 block_puts=0 deleted=0
checkpoint_phase lsn=20952 phase=row_merge_write slot=0 started_ns=1790069862796921000 ended_ns=1790069862814274958 elapsed_us=17353 block_gets=0 block_puts=4 deleted=0
checkpoint_phase lsn=20952 phase=value_index_write slot=0 started_ns=1790069862814284000 ended_ns=1790069862814725583 elapsed_us=441 block_gets=0 block_puts=0 deleted=0
checkpoint_phase lsn=20952 phase=row_merge_write slot=0 started_ns=1790069862814729000 ended_ns=1790069862832471792 elapsed_us=17742 block_gets=0 block_puts=4 deleted=0
checkpoint_phase lsn=20952 phase=value_index_write slot=0 started_ns=1790069862832480000 ended_ns=1790069862832939583 elapsed_us=459 block_gets=0 block_puts=0 deleted=0
checkpoint_phase lsn=20952 phase=row_merge_write slot=0 started_ns=1790069862832946000 ended_ns=1790069862850549583 elapsed_us=17603 block_gets=0 block_puts=4 deleted=0
checkpoint_phase lsn=20952 phase=value_index_write slot=0 started_ns=1790069862850558000 ended_ns=1790069862854840625 elapsed_us=4282 block_gets=0 block_puts=1 deleted=0
checkpoint_phase lsn=20952 phase=row_merge_write slot=0 started_ns=1790069862854855000 ended_ns=1790069862873051250 elapsed_us=18196 block_gets=0 block_puts=4 deleted=0
checkpoint_phase lsn=20952 phase=value_index_write slot=0 started_ns=1790069862873057000 ended_ns=1790069862873533375 elapsed_us=476 block_gets=0 block_puts=0 deleted=0
checkpoint_phase lsn=20952 phase=row_merge_write slot=0 started_ns=1790069862873536000 ended_ns=1790069862891544458 elapsed_us=18008 block_gets=0 block_puts=4 deleted=0
checkpoint_phase lsn=20952 phase=value_index_write slot=0 started_ns=1790069862891551000 ended_ns=1790069862894041375 elapsed_us=2490 block_gets=0 block_puts=1 deleted=0
checkpoint_phase lsn=20952 phase=row_merge_write slot=0 started_ns=1790069862894054000 ended_ns=1790069862910713958 elapsed_us=16659 block_gets=0 block_puts=4 deleted=0
checkpoint_phase lsn=20952 phase=value_index_schedule slot=0 started_ns=1790069862910730000 ended_ns=1790069863782757458 elapsed_us=872027 block_gets=1 block_puts=22 deleted=0
checkpoint_phase lsn=20952 phase=row_merge_write slot=0 started_ns=1790069863782762000 ended_ns=1790069863800527042 elapsed_us=17765 block_gets=0 block_puts=4 deleted=0
checkpoint_phase lsn=20952 phase=value_index_write slot=0 started_ns=1790069863800539000 ended_ns=1790069863810743000 elapsed_us=10204 block_gets=0 block_puts=3 deleted=0
checkpoint_phase lsn=20952 phase=row_merge_write slot=0 started_ns=1790069863810755000 ended_ns=1790069863828443292 elapsed_us=17688 block_gets=0 block_puts=4 deleted=0
checkpoint_phase lsn=20952 phase=value_index_write slot=0 started_ns=1790069863828455000 ended_ns=1790069863841591083 elapsed_us=13136 block_gets=0 block_puts=4 deleted=0
checkpoint_phase lsn=20952 phase=row_merge_write slot=0 started_ns=1790069863841600000 ended_ns=1790069863858572167 elapsed_us=16972 block_gets=0 block_puts=4 deleted=0
checkpoint_phase lsn=20952 phase=value_index_write slot=0 started_ns=1790069863858586000 ended_ns=1790069863859012125 elapsed_us=426 block_gets=0 block_puts=0 deleted=0
checkpoint_phase lsn=20952 phase=row_merge_write slot=0 started_ns=1790069863859019000 ended_ns=1790069863874720750 elapsed_us=15701 block_gets=0 block_puts=4 deleted=0
checkpoint_phase lsn=20952 phase=value_index_write slot=0 started_ns=1790069863874738000 ended_ns=1790069863875703916 elapsed_us=965 block_gets=0 block_puts=0 deleted=0
checkpoint_phase lsn=20952 phase=row_merge_write slot=0 started_ns=1790069863875712000 ended_ns=1790069863891636875 elapsed_us=15924 block_gets=0 block_puts=4 deleted=0
checkpoint_phase lsn=20952 phase=value_index_write slot=0 started_ns=1790069863891651000 ended_ns=1790069863892081791 elapsed_us=430 block_gets=0 block_puts=0 deleted=0
checkpoint_phase lsn=20952 phase=row_merge_write slot=0 started_ns=1790069863892088000 ended_ns=1790069863908085791 elapsed_us=15997 block_gets=0 block_puts=4 deleted=0
checkpoint_phase lsn=20952 phase=value_index_write slot=0 started_ns=1790069863908099000 ended_ns=1790069863909056750 elapsed_us=957 block_gets=0 block_puts=0 deleted=0
checkpoint_phase lsn=20952 phase=row_merge_write slot=0 started_ns=1790069863909061000 ended_ns=1790069863926481750 elapsed_us=17420 block_gets=0 block_puts=4 deleted=0
checkpoint_phase lsn=20952 phase=value_index_write slot=0 started_ns=1790069863926496000 ended_ns=1790069863926956875 elapsed_us=460 block_gets=0 block_puts=0 deleted=0
checkpoint_phase lsn=20952 phase=row_merge_write slot=0 started_ns=1790069863926968000 ended_ns=1790069863945348375 elapsed_us=18380 block_gets=0 block_puts=4 deleted=0
checkpoint_phase lsn=20952 phase=value_index_write slot=0 started_ns=1790069863945361000 ended_ns=1790069863945791292 elapsed_us=430 block_gets=0 block_puts=0 deleted=0
checkpoint_phase lsn=20952 phase=row_merge_write slot=0 started_ns=1790069863945795000 ended_ns=1790069863962711333 elapsed_us=16916 block_gets=0 block_puts=4 deleted=0
checkpoint_phase lsn=20952 phase=value_index_write slot=0 started_ns=1790069863962727000 ended_ns=1790069863966887333 elapsed_us=4160 block_gets=0 block_puts=1 deleted=0
checkpoint_phase lsn=20952 phase=row_merge_write slot=0 started_ns=1790069863966894000 ended_ns=1790069863983646042 elapsed_us=16752 block_gets=0 block_puts=4 deleted=0
checkpoint_phase lsn=20952 phase=value_index_write slot=0 started_ns=1790069863983659000 ended_ns=1790069863984113458 elapsed_us=454 block_gets=0 block_puts=0 deleted=0
checkpoint_phase lsn=20952 phase=row_merge_write slot=0 started_ns=1790069863984116000 ended_ns=1790069864001621042 elapsed_us=17505 block_gets=0 block_puts=4 deleted=0
checkpoint_phase lsn=20952 phase=value_index_write slot=0 started_ns=1790069864001634000 ended_ns=1790069864005124292 elapsed_us=3490 block_gets=0 block_puts=1 deleted=0
checkpoint_phase lsn=20952 phase=row_merge_write slot=0 started_ns=1790069864005138000 ended_ns=1790069864020484792 elapsed_us=15346 block_gets=0 block_puts=4 deleted=0
checkpoint_phase lsn=20952 phase=row_sst_delta slot=0 started_ns=1790069864020510000 ended_ns=1790069864087094042 elapsed_us=66584 block_gets=0 block_puts=15 deleted=0
checkpoint_phase lsn=20952 phase=row_merge_write slot=0 started_ns=1790069864087109000 ended_ns=1790069864106049084 elapsed_us=18940 block_gets=0 block_puts=4 deleted=0
checkpoint_phase lsn=20952 phase=manifest slot=-1 started_ns=1790069864106064000 ended_ns=1790069864109742333 elapsed_us=3678 block_gets=0 block_puts=0 deleted=0
checkpoint_phase lsn=20952 phase=local_cleanup slot=-1 started_ns=1790069864109748000 ended_ns=1790069864109830666 elapsed_us=82 block_gets=0 block_puts=0 deleted=0
checkpoint_phase lsn=20952 phase=commit_prune slot=-1 started_ns=1790069864109834000 ended_ns=1790069864219758834 elapsed_us=109924 block_gets=0 block_puts=0 deleted=16
checkpoint_phase lsn=20952 phase=commit_prune slot=-1 started_ns=1790069864219771000 ended_ns=1790069864265906125 elapsed_us=46135 block_gets=0 block_puts=0 deleted=16
checkpoint_phase lsn=20952 phase=commit_prune slot=-1 started_ns=1790069864265918000 ended_ns=1790069864313180208 elapsed_us=47262 block_gets=0 block_puts=0 deleted=16
checkpoint_phase lsn=20952 phase=commit_prune slot=-1 started_ns=1790069864313191000 ended_ns=1790069864318421833 elapsed_us=5230 block_gets=0 block_puts=0 deleted=2
checkpoint_phase lsn=20952 phase=legacy_gc slot=-1 started_ns=1790069864318428000 ended_ns=1790069864349776375 elapsed_us=31348 block_gets=0 block_puts=0 deleted=0
checkpoint_phase lsn=20952 phase=gc_keep slot=-1 started_ns=1790069864349792000 ended_ns=1790069864522984834 elapsed_us=173192 block_gets=58 block_puts=0 deleted=0
checkpoint_phase lsn=20952 phase=gc_list slot=-1 started_ns=1790069864522993000 ended_ns=1790069864623839792 elapsed_us=100846 block_gets=0 block_puts=0 deleted=0
checkpoint_phase lsn=20952 phase=gc_delete slot=-1 started_ns=1790069864623857000 ended_ns=1790069864669999584 elapsed_us=46142 block_gets=0 block_puts=0 deleted=16
checkpoint_phase lsn=20952 phase=gc_delete slot=-1 started_ns=1790069864670008000 ended_ns=1790069864716081958 elapsed_us=46073 block_gets=0 block_puts=0 deleted=16
checkpoint_phase lsn=20952 phase=gc_delete slot=-1 started_ns=1790069864716092000 ended_ns=1790069864760300541 elapsed_us=44208 block_gets=0 block_puts=0 deleted=16
checkpoint_phase lsn=20952 phase=gc_delete slot=-1 started_ns=1790069864760313000 ended_ns=1790069864809811750 elapsed_us=49498 block_gets=0 block_puts=0 deleted=16
checkpoint_phase lsn=20952 phase=gc_delete slot=-1 started_ns=1790069864809821000 ended_ns=1790069864857527334 elapsed_us=47706 block_gets=0 block_puts=0 deleted=16
checkpoint_phase lsn=20952 phase=gc_delete slot=-1 started_ns=1790069864857536000 ended_ns=1790069864901497792 elapsed_us=43961 block_gets=0 block_puts=0 deleted=16
checkpoint_phase lsn=20952 phase=gc_delete slot=-1 started_ns=1790069864901517000 ended_ns=1790069864949578041 elapsed_us=48061 block_gets=0 block_puts=0 deleted=16
checkpoint_phase lsn=20952 phase=gc_delete slot=-1 started_ns=1790069864949591000 ended_ns=1790069865011695167 elapsed_us=62104 block_gets=0 block_puts=0 deleted=16
checkpoint_phase lsn=20952 phase=gc_delete slot=-1 started_ns=1790069865011711000 ended_ns=1790069865060029875 elapsed_us=48318 block_gets=0 block_puts=0 deleted=16
checkpoint_phase lsn=20952 phase=gc_delete slot=-1 started_ns=1790069865060045000 ended_ns=1790069865102719708 elapsed_us=42674 block_gets=0 block_puts=0 deleted=16
checkpoint_phase lsn=20952 phase=gc_delete slot=-1 started_ns=1790069865102738000 ended_ns=1790069865121994625 elapsed_us=19256 block_gets=0 block_puts=0 deleted=7
pos3ql: final checkpoint written
pos3ql: shutdown complete
