pos3ql starting
  listen_addr  127.0.0.1:19600
  data_dir     /var/folders/93/f1fz6s6969gbkd8m9tph1rfw0000gn/T//pos3ql-performance.obqRpG/data-warm
memory plan:
  memtable     16 MiB
  tables       672069158 B
  block cache  32 MiB
  connections  196714304 B
  server       76836160 B
  total        995951270 B
  disk cache   2 GiB (disk, not RAM)
  temp spill   128 MiB (local ephemeral disk)
startup complete: memory frozen (946051178 B of 995951270 B budget drawn); accepting connections
checkpoint_phase lsn=2632 phase=value_index_schedule slot=0 started_ns=1790174494787552000 ended_ns=1790174494787607000 elapsed_us=55 block_gets=0 block_puts=0 deleted=0
checkpoint_phase lsn=2834 phase=value_index_schedule slot=0 started_ns=1790174494895873000 ended_ns=1790174494895875916 elapsed_us=2 block_gets=0 block_puts=0 deleted=0
checkpoint_phase lsn=3036 phase=value_index_schedule slot=0 started_ns=1790174495002317000 ended_ns=1790174495002333875 elapsed_us=16 block_gets=0 block_puts=0 deleted=0
checkpoint_phase lsn=3238 phase=value_index_schedule slot=0 started_ns=1790174495107306000 ended_ns=1790174495107309041 elapsed_us=3 block_gets=0 block_puts=0 deleted=0
checkpoint_phase lsn=3440 phase=value_index_schedule slot=0 started_ns=1790174495214981000 ended_ns=1790174495214984208 elapsed_us=3 block_gets=0 block_puts=0 deleted=0
checkpoint_phase lsn=3440 phase=value_index_schedule slot=0 started_ns=1790174495214997000 ended_ns=1790174495216413500 elapsed_us=1416 block_gets=0 block_puts=0 deleted=0
checkpoint_phase lsn=3440 phase=value_index_schedule slot=0 started_ns=1790174495216419000 ended_ns=1790174495217703875 elapsed_us=1284 block_gets=0 block_puts=0 deleted=0
checkpoint_phase lsn=3440 phase=value_index_write slot=0 started_ns=1790174495217724000 ended_ns=1790174495217815083 elapsed_us=91 block_gets=0 block_puts=0 deleted=0
checkpoint_phase lsn=3440 phase=value_index_write slot=0 started_ns=1790174495217820000 ended_ns=1790174495226280750 elapsed_us=8460 block_gets=0 block_puts=2 deleted=0
checkpoint_phase lsn=3440 phase=row_sst_full slot=0 started_ns=1790174495226293000 ended_ns=1790174496255978417 elapsed_us=1029685 block_gets=0 block_puts=231 deleted=0
checkpoint_phase lsn=3440 phase=manifest slot=-1 started_ns=1790174496255980000 ended_ns=1790174496260127500 elapsed_us=4147 block_gets=0 block_puts=0 deleted=0
checkpoint_phase lsn=3440 phase=local_cleanup slot=-1 started_ns=1790174496260164000 ended_ns=1790174496260311125 elapsed_us=147 block_gets=0 block_puts=0 deleted=0
checkpoint_phase lsn=3440 phase=commit_prune slot=-1 started_ns=1790174496376716000 ended_ns=1790174496440333875 elapsed_us=63617 block_gets=0 block_puts=0 deleted=16
checkpoint_phase lsn=3440 phase=commit_prune slot=-1 started_ns=1790174496544731000 ended_ns=1790174496589438875 elapsed_us=44707 block_gets=0 block_puts=0 deleted=16
checkpoint_phase lsn=3440 phase=commit_prune slot=-1 started_ns=1790174496692257000 ended_ns=1790174496697990584 elapsed_us=5733 block_gets=0 block_puts=0 deleted=2
checkpoint_phase lsn=3440 phase=legacy_gc slot=-1 started_ns=1790174496806866000 ended_ns=1790174496812204542 elapsed_us=5338 block_gets=0 block_puts=0 deleted=0
checkpoint_phase lsn=4450 phase=gc_keep slot=-1 started_ns=1790174496920269000 ended_ns=1790174496920351375 elapsed_us=82 block_gets=0 block_puts=0 deleted=0
checkpoint_phase lsn=4450 phase=gc_list slot=-1 started_ns=1790174496920365000 ended_ns=1790174496927148542 elapsed_us=6783 block_gets=0 block_puts=0 deleted=0
checkpoint_phase lsn=4450 phase=gc_delete slot=-1 started_ns=1790174496927166000 ended_ns=1790174496927166375 elapsed_us=0 block_gets=0 block_puts=0 deleted=0
checkpoint_phase lsn=6066 phase=value_index_schedule slot=0 started_ns=1790174497777511000 ended_ns=1790174497777539833 elapsed_us=28 block_gets=0 block_puts=0 deleted=0
checkpoint_phase lsn=6268 phase=value_index_schedule slot=0 started_ns=1790174497885058000 ended_ns=1790174497885062708 elapsed_us=4 block_gets=0 block_puts=0 deleted=0
checkpoint_phase lsn=6470 phase=value_index_schedule slot=0 started_ns=1790174497992847000 ended_ns=1790174497992851834 elapsed_us=4 block_gets=0 block_puts=0 deleted=0
checkpoint_phase lsn=6672 phase=value_index_schedule slot=0 started_ns=1790174498100431000 ended_ns=1790174498100437416 elapsed_us=6 block_gets=0 block_puts=0 deleted=0
checkpoint_phase lsn=6672 phase=value_index_schedule slot=0 started_ns=1790174498100490000 ended_ns=1790174498101288500 elapsed_us=798 block_gets=0 block_puts=0 deleted=0
checkpoint_phase lsn=6874 phase=value_index_schedule slot=0 started_ns=1790174498208923000 ended_ns=1790174498208928250 elapsed_us=5 block_gets=0 block_puts=0 deleted=0
checkpoint_phase lsn=6874 phase=value_index_schedule slot=0 started_ns=1790174498208940000 ended_ns=1790174498209786167 elapsed_us=846 block_gets=0 block_puts=0 deleted=0
checkpoint_phase lsn=6874 phase=value_index_schedule slot=0 started_ns=1790174498209793000 ended_ns=1790174498211015750 elapsed_us=1222 block_gets=0 block_puts=0 deleted=0
checkpoint_phase lsn=6874 phase=value_index_write slot=0 started_ns=1790174498211070000 ended_ns=1790174498211081417 elapsed_us=11 block_gets=0 block_puts=0 deleted=0
checkpoint_phase lsn=6874 phase=value_index_write slot=0 started_ns=1790174498211090000 ended_ns=1790174498211516584 elapsed_us=426 block_gets=0 block_puts=0 deleted=0
checkpoint_phase lsn=6874 phase=value_index_write slot=0 started_ns=1790174498211523000 ended_ns=1790174498211627459 elapsed_us=104 block_gets=0 block_puts=0 deleted=0
checkpoint_phase lsn=6874 phase=value_index_write slot=0 started_ns=1790174498211630000 ended_ns=1790174498211692792 elapsed_us=62 block_gets=0 block_puts=0 deleted=0
checkpoint_phase lsn=6874 phase=value_index_write slot=0 started_ns=1790174498211695000 ended_ns=1790174498220889125 elapsed_us=9194 block_gets=0 block_puts=2 deleted=0
checkpoint_phase lsn=6874 phase=row_sst_delta slot=0 started_ns=1790174498220897000 ended_ns=1790174498274390333 elapsed_us=53493 block_gets=0 block_puts=5 deleted=0
checkpoint_phase lsn=6874 phase=manifest slot=-1 started_ns=1790174498274399000 ended_ns=1790174498278147084 elapsed_us=3748 block_gets=0 block_puts=0 deleted=0
checkpoint_phase lsn=6874 phase=local_cleanup slot=-1 started_ns=1790174498278185000 ended_ns=1790174498278357125 elapsed_us=172 block_gets=0 block_puts=0 deleted=0
checkpoint_phase lsn=6874 phase=commit_prune slot=-1 started_ns=1790174498384574000 ended_ns=1790174498444007000 elapsed_us=59433 block_gets=0 block_puts=0 deleted=16
checkpoint_phase lsn=6874 phase=commit_prune slot=-1 started_ns=1790174498551938000 ended_ns=1790174498592756375 elapsed_us=40818 block_gets=0 block_puts=0 deleted=16
checkpoint_phase lsn=6874 phase=commit_prune slot=-1 started_ns=1790174498699582000 ended_ns=1790174498706235667 elapsed_us=6653 block_gets=0 block_puts=0 deleted=2
checkpoint_phase lsn=6874 phase=legacy_gc slot=-1 started_ns=1790174498813074000 ended_ns=1790174498819151208 elapsed_us=6077 block_gets=0 block_puts=0 deleted=0
checkpoint_phase lsn=7884 phase=gc_keep slot=-1 started_ns=1790174498926474000 ended_ns=1790174498926485042 elapsed_us=11 block_gets=0 block_puts=0 deleted=0
checkpoint_phase lsn=7884 phase=gc_list slot=-1 started_ns=1790174498926494000 ended_ns=1790174498933228000 elapsed_us=6734 block_gets=0 block_puts=0 deleted=0
checkpoint_phase lsn=7884 phase=gc_delete slot=-1 started_ns=1790174498933242000 ended_ns=1790174498940001667 elapsed_us=6759 block_gets=0 block_puts=0 deleted=2
checkpoint_phase lsn=9500 phase=value_index_schedule slot=0 started_ns=1790174499793060000 ended_ns=1790174499793065458 elapsed_us=5 block_gets=0 block_puts=0 deleted=0
checkpoint_phase lsn=9500 phase=value_index_schedule slot=0 started_ns=1790174499793124000 ended_ns=1790174499793855000 elapsed_us=731 block_gets=0 block_puts=0 deleted=0
checkpoint_phase lsn=9702 phase=value_index_schedule slot=0 started_ns=1790174499900534000 ended_ns=1790174499900539667 elapsed_us=5 block_gets=0 block_puts=0 deleted=0
checkpoint_phase lsn=9904 phase=value_index_schedule slot=0 started_ns=1790174500004406000 ended_ns=1790174500004411125 elapsed_us=5 block_gets=0 block_puts=0 deleted=0
checkpoint_phase lsn=10106 phase=value_index_schedule slot=0 started_ns=1790174500108757000 ended_ns=1790174500108761583 elapsed_us=4 block_gets=0 block_puts=0 deleted=0
checkpoint_phase lsn=10308 phase=value_index_schedule slot=0 started_ns=1790174500217634000 ended_ns=1790174500217639375 elapsed_us=5 block_gets=0 block_puts=0 deleted=0
checkpoint_phase lsn=10308 phase=value_index_schedule slot=0 started_ns=1790174500217649000 ended_ns=1790174500218398792 elapsed_us=749 block_gets=0 block_puts=0 deleted=0
checkpoint_phase lsn=10308 phase=value_index_schedule slot=0 started_ns=1790174500218404000 ended_ns=1790174500219626667 elapsed_us=1222 block_gets=0 block_puts=0 deleted=0
checkpoint_phase lsn=10308 phase=value_index_write slot=0 started_ns=1790174500219644000 ended_ns=1790174500219649709 elapsed_us=5 block_gets=0 block_puts=0 deleted=0
checkpoint_phase lsn=10308 phase=value_index_write slot=0 started_ns=1790174500219654000 ended_ns=1790174500219799667 elapsed_us=145 block_gets=0 block_puts=0 deleted=0
checkpoint_phase lsn=10308 phase=value_index_write slot=0 started_ns=1790174500219805000 ended_ns=1790174500219926250 elapsed_us=121 block_gets=0 block_puts=0 deleted=0
checkpoint_phase lsn=10308 phase=value_index_write slot=0 started_ns=1790174500219928000 ended_ns=1790174500220049000 elapsed_us=121 block_gets=0 block_puts=0 deleted=0
checkpoint_phase lsn=10308 phase=value_index_write slot=0 started_ns=1790174500220051000 ended_ns=1790174500220134584 elapsed_us=83 block_gets=0 block_puts=0 deleted=0
checkpoint_phase lsn=10308 phase=value_index_write slot=0 started_ns=1790174500220137000 ended_ns=1790174500229161750 elapsed_us=9024 block_gets=0 block_puts=2 deleted=0
checkpoint_phase lsn=10308 phase=row_sst_delta slot=0 started_ns=1790174500229172000 ended_ns=1790174500285008292 elapsed_us=55836 block_gets=0 block_puts=5 deleted=0
checkpoint_phase lsn=10308 phase=manifest slot=-1 started_ns=1790174500285016000 ended_ns=1790174500288763208 elapsed_us=3747 block_gets=0 block_puts=0 deleted=0
checkpoint_phase lsn=10308 phase=local_cleanup slot=-1 started_ns=1790174500288807000 ended_ns=1790174500288998750 elapsed_us=191 block_gets=0 block_puts=0 deleted=0
checkpoint_phase lsn=10308 phase=commit_prune slot=-1 started_ns=1790174500402652000 ended_ns=1790174500465973167 elapsed_us=63321 block_gets=0 block_puts=0 deleted=16
checkpoint_phase lsn=10308 phase=commit_prune slot=-1 started_ns=1790174500573467000 ended_ns=1790174500622402709 elapsed_us=48935 block_gets=0 block_puts=0 deleted=16
checkpoint_phase lsn=10308 phase=commit_prune slot=-1 started_ns=1790174500731571000 ended_ns=1790174500738108000 elapsed_us=6537 block_gets=0 block_puts=0 deleted=2
checkpoint_phase lsn=10308 phase=legacy_gc slot=-1 started_ns=1790174500844727000 ended_ns=1790174500850695417 elapsed_us=5968 block_gets=0 block_puts=0 deleted=0
checkpoint_phase lsn=11318 phase=gc_keep slot=-1 started_ns=1790174500958598000 ended_ns=1790174500958612125 elapsed_us=14 block_gets=0 block_puts=0 deleted=0
checkpoint_phase lsn=11318 phase=gc_list slot=-1 started_ns=1790174500958623000 ended_ns=1790174500965212500 elapsed_us=6589 block_gets=0 block_puts=0 deleted=0
checkpoint_phase lsn=11318 phase=gc_delete slot=-1 started_ns=1790174500965222000 ended_ns=1790174500971904208 elapsed_us=6682 block_gets=0 block_puts=0 deleted=2
checkpoint_phase lsn=12934 phase=value_index_schedule slot=0 started_ns=1790174501817501000 ended_ns=1790174501817506375 elapsed_us=5 block_gets=0 block_puts=0 deleted=0
checkpoint_phase lsn=12934 phase=value_index_schedule slot=0 started_ns=1790174501817570000 ended_ns=1790174501818317417 elapsed_us=747 block_gets=0 block_puts=0 deleted=0
checkpoint_phase lsn=13136 phase=value_index_schedule slot=0 started_ns=1790174501926592000 ended_ns=1790174501926597250 elapsed_us=5 block_gets=0 block_puts=0 deleted=0
checkpoint_phase lsn=13338 phase=value_index_schedule slot=0 started_ns=1790174502032966000 ended_ns=1790174502032971041 elapsed_us=5 block_gets=0 block_puts=0 deleted=0
checkpoint_phase lsn=13540 phase=value_index_schedule slot=0 started_ns=1790174502139747000 ended_ns=1790174502139752209 elapsed_us=5 block_gets=0 block_puts=0 deleted=0
checkpoint_phase lsn=13742 phase=value_index_schedule slot=0 started_ns=1790174502247845000 ended_ns=1790174502247850250 elapsed_us=5 block_gets=0 block_puts=0 deleted=0
checkpoint_phase lsn=13742 phase=value_index_schedule slot=0 started_ns=1790174502247861000 ended_ns=1790174502248591084 elapsed_us=730 block_gets=0 block_puts=0 deleted=0
checkpoint_phase lsn=13742 phase=value_index_schedule slot=0 started_ns=1790174502248597000 ended_ns=1790174502249820250 elapsed_us=1223 block_gets=0 block_puts=0 deleted=0
checkpoint_phase lsn=13742 phase=value_index_write slot=0 started_ns=1790174502249840000 ended_ns=1790174502249841417 elapsed_us=1 block_gets=0 block_puts=0 deleted=0
checkpoint_phase lsn=13742 phase=value_index_write slot=0 started_ns=1790174502249845000 ended_ns=1790174502249998542 elapsed_us=153 block_gets=0 block_puts=0 deleted=0
checkpoint_phase lsn=13742 phase=value_index_write slot=0 started_ns=1790174502250002000 ended_ns=1790174502250124541 elapsed_us=122 block_gets=0 block_puts=0 deleted=0
checkpoint_phase lsn=13742 phase=value_index_write slot=0 started_ns=1790174502250127000 ended_ns=1790174502250250833 elapsed_us=123 block_gets=0 block_puts=0 deleted=0
checkpoint_phase lsn=13742 phase=value_index_write slot=0 started_ns=1790174502250253000 ended_ns=1790174502250377667 elapsed_us=124 block_gets=0 block_puts=0 deleted=0
checkpoint_phase lsn=13742 phase=value_index_write slot=0 started_ns=1790174502250380000 ended_ns=1790174502250503500 elapsed_us=123 block_gets=0 block_puts=0 deleted=0
checkpoint_phase lsn=13742 phase=value_index_write slot=0 started_ns=1790174502250505000 ended_ns=1790174502250576542 elapsed_us=71 block_gets=0 block_puts=0 deleted=0
checkpoint_phase lsn=13742 phase=value_index_write slot=0 started_ns=1790174502250578000 ended_ns=1790174502262239542 elapsed_us=11661 block_gets=0 block_puts=2 deleted=0
checkpoint_phase lsn=13742 phase=row_sst_delta slot=0 started_ns=1790174502262251000 ended_ns=1790174502316580791 elapsed_us=54329 block_gets=0 block_puts=5 deleted=0
checkpoint_phase lsn=13742 phase=manifest slot=-1 started_ns=1790174502316589000 ended_ns=1790174502320346875 elapsed_us=3757 block_gets=0 block_puts=0 deleted=0
checkpoint_phase lsn=13742 phase=local_cleanup slot=-1 started_ns=1790174502320392000 ended_ns=1790174502320597500 elapsed_us=205 block_gets=0 block_puts=0 deleted=0
checkpoint_phase lsn=13742 phase=commit_prune slot=-1 started_ns=1790174502428581000 ended_ns=1790174502491586375 elapsed_us=63005 block_gets=0 block_puts=0 deleted=16
checkpoint_phase lsn=13742 phase=commit_prune slot=-1 started_ns=1790174502599635000 ended_ns=1790174502649441250 elapsed_us=49806 block_gets=0 block_puts=0 deleted=16
checkpoint_phase lsn=13742 phase=commit_prune slot=-1 started_ns=1790174502756961000 ended_ns=1790174502762639666 elapsed_us=5678 block_gets=0 block_puts=0 deleted=2
checkpoint_phase lsn=13742 phase=legacy_gc slot=-1 started_ns=1790174502869021000 ended_ns=1790174502874591958 elapsed_us=5570 block_gets=0 block_puts=0 deleted=0
checkpoint_phase lsn=14752 phase=gc_keep slot=-1 started_ns=1790174502980763000 ended_ns=1790174502980774792 elapsed_us=11 block_gets=0 block_puts=0 deleted=0
checkpoint_phase lsn=14752 phase=gc_list slot=-1 started_ns=1790174502980784000 ended_ns=1790174502986857416 elapsed_us=6073 block_gets=0 block_puts=0 deleted=0
checkpoint_phase lsn=14752 phase=gc_delete slot=-1 started_ns=1790174502986878000 ended_ns=1790174502992693125 elapsed_us=5815 block_gets=0 block_puts=0 deleted=2
checkpoint_phase lsn=15156 phase=value_index_schedule slot=0 started_ns=1790174503206266000 ended_ns=1790174503206271667 elapsed_us=5 block_gets=0 block_puts=0 deleted=0
checkpoint_phase lsn=15156 phase=row_merge_schedule slot=0 started_ns=1790174503206332000 ended_ns=1790174503230473334 elapsed_us=24141 block_gets=8 block_puts=0 deleted=0
checkpoint_phase lsn=15358 phase=row_merge_schedule slot=0 started_ns=1790174503335356000 ended_ns=1790174503356243416 elapsed_us=20887 block_gets=7 block_puts=0 deleted=0
checkpoint_phase lsn=15560 phase=value_index_schedule slot=0 started_ns=1790174503463681000 ended_ns=1790174503463687042 elapsed_us=6 block_gets=0 block_puts=0 deleted=0
checkpoint_phase lsn=15560 phase=row_merge_schedule slot=0 started_ns=1790174503463756000 ended_ns=1790174503487458542 elapsed_us=23702 block_gets=7 block_puts=0 deleted=0
checkpoint_phase lsn=15762 phase=row_merge_schedule slot=0 started_ns=1790174503593256000 ended_ns=1790174503616022041 elapsed_us=22766 block_gets=7 block_puts=0 deleted=0
checkpoint_phase lsn=15964 phase=value_index_schedule slot=0 started_ns=1790174503723336000 ended_ns=1790174503723342042 elapsed_us=6 block_gets=0 block_puts=0 deleted=0
checkpoint_phase lsn=15964 phase=row_merge_schedule slot=0 started_ns=1790174503723407000 ended_ns=1790174503745019875 elapsed_us=21612 block_gets=7 block_puts=0 deleted=0
checkpoint_phase lsn=16166 phase=row_merge_schedule slot=0 started_ns=1790174503852096000 ended_ns=1790174503875636292 elapsed_us=23540 block_gets=7 block_puts=0 deleted=0
checkpoint_phase lsn=16368 phase=value_index_schedule slot=0 started_ns=1790174503980859000 ended_ns=1790174503980864375 elapsed_us=5 block_gets=0 block_puts=0 deleted=0
checkpoint_phase lsn=16368 phase=row_merge_schedule slot=0 started_ns=1790174503980923000 ended_ns=1790174504003827958 elapsed_us=22904 block_gets=7 block_puts=0 deleted=0
checkpoint_phase lsn=16570 phase=row_merge_schedule slot=0 started_ns=1790174504110485000 ended_ns=1790174504133486459 elapsed_us=23001 block_gets=7 block_puts=0 deleted=0
checkpoint_phase lsn=16772 phase=value_index_schedule slot=0 started_ns=1790174504240013000 ended_ns=1790174504240018916 elapsed_us=5 block_gets=0 block_puts=0 deleted=0
checkpoint_phase lsn=16772 phase=row_merge_schedule slot=0 started_ns=1790174504240081000 ended_ns=1790174504262265959 elapsed_us=22184 block_gets=7 block_puts=0 deleted=0
checkpoint_phase lsn=16974 phase=row_merge_schedule slot=0 started_ns=1790174504368778000 ended_ns=1790174504389712000 elapsed_us=20934 block_gets=7 block_puts=0 deleted=0
checkpoint_phase lsn=17176 phase=value_index_schedule slot=0 started_ns=1790174504496134000 ended_ns=1790174504496139625 elapsed_us=5 block_gets=0 block_puts=0 deleted=0
checkpoint_phase lsn=17176 phase=row_merge_schedule slot=0 started_ns=1790174504496148000 ended_ns=1790174504517998959 elapsed_us=21850 block_gets=7 block_puts=0 deleted=0
checkpoint_phase lsn=17176 phase=value_index_schedule slot=0 started_ns=1790174504518010000 ended_ns=1790174504518837000 elapsed_us=827 block_gets=0 block_puts=0 deleted=0
checkpoint_phase lsn=17176 phase=row_merge_schedule slot=0 started_ns=1790174504518847000 ended_ns=1790174504541030125 elapsed_us=22183 block_gets=7 block_puts=0 deleted=0
checkpoint_phase lsn=17176 phase=value_index_schedule slot=0 started_ns=1790174504541039000 ended_ns=1790174504542357125 elapsed_us=1318 block_gets=0 block_puts=0 deleted=0
checkpoint_phase lsn=17176 phase=row_merge_schedule slot=0 started_ns=1790174504542376000 ended_ns=1790174504566070958 elapsed_us=23694 block_gets=7 block_puts=0 deleted=0
checkpoint_phase lsn=17176 phase=value_index_write slot=0 started_ns=1790174504566080000 ended_ns=1790174504566082041 elapsed_us=2 block_gets=0 block_puts=0 deleted=0
checkpoint_phase lsn=17176 phase=row_merge_schedule slot=0 started_ns=1790174504566084000 ended_ns=1790174504587666958 elapsed_us=21582 block_gets=7 block_puts=0 deleted=0
checkpoint_phase lsn=17176 phase=value_index_write slot=0 started_ns=1790174504587676000 ended_ns=1790174504587843083 elapsed_us=167 block_gets=0 block_puts=0 deleted=0
checkpoint_phase lsn=17176 phase=row_merge_schedule slot=0 started_ns=1790174504587848000 ended_ns=1790174504609977875 elapsed_us=22129 block_gets=7 block_puts=0 deleted=0
checkpoint_phase lsn=17176 phase=value_index_write slot=0 started_ns=1790174504609987000 ended_ns=1790174504610128208 elapsed_us=141 block_gets=0 block_puts=0 deleted=0
checkpoint_phase lsn=17176 phase=row_merge_schedule slot=0 started_ns=1790174504610130000 ended_ns=1790174504630532625 elapsed_us=20402 block_gets=7 block_puts=0 deleted=0
checkpoint_phase lsn=17176 phase=value_index_write slot=0 started_ns=1790174504630549000 ended_ns=1790174504630688209 elapsed_us=139 block_gets=0 block_puts=0 deleted=0
checkpoint_phase lsn=17176 phase=row_merge_schedule slot=0 started_ns=1790174504630692000 ended_ns=1790174504634092084 elapsed_us=3400 block_gets=1 block_puts=0 deleted=0
checkpoint_phase lsn=17176 phase=value_index_write slot=0 started_ns=1790174504634097000 ended_ns=1790174504634239833 elapsed_us=142 block_gets=0 block_puts=0 deleted=0
checkpoint_phase lsn=17176 phase=row_merge_schedule slot=0 started_ns=1790174504634243000 ended_ns=1790174504659933416 elapsed_us=25690 block_gets=8 block_puts=0 deleted=0
checkpoint_phase lsn=17176 phase=value_index_write slot=0 started_ns=1790174504659943000 ended_ns=1790174504660070041 elapsed_us=127 block_gets=0 block_puts=0 deleted=0
checkpoint_phase lsn=17176 phase=row_merge_schedule slot=0 started_ns=1790174504660073000 ended_ns=1790174504683244959 elapsed_us=23171 block_gets=7 block_puts=0 deleted=0
checkpoint_phase lsn=17176 phase=value_index_write slot=0 started_ns=1790174504683255000 ended_ns=1790174504683399500 elapsed_us=144 block_gets=0 block_puts=0 deleted=0
checkpoint_phase lsn=17176 phase=row_merge_schedule slot=0 started_ns=1790174504683403000 ended_ns=1790174504706510958 elapsed_us=23107 block_gets=7 block_puts=0 deleted=0
checkpoint_phase lsn=17176 phase=value_index_write slot=0 started_ns=1790174504706522000 ended_ns=1790174504706667375 elapsed_us=145 block_gets=0 block_puts=0 deleted=0
checkpoint_phase lsn=17176 phase=row_merge_schedule slot=0 started_ns=1790174504706676000 ended_ns=1790174504730950459 elapsed_us=24274 block_gets=7 block_puts=0 deleted=0
checkpoint_phase lsn=17176 phase=value_index_write slot=0 started_ns=1790174504730960000 ended_ns=1790174504739394042 elapsed_us=8434 block_gets=0 block_puts=1 deleted=0
checkpoint_phase lsn=17176 phase=row_merge_schedule slot=0 started_ns=1790174504739402000 ended_ns=1790174504761261417 elapsed_us=21859 block_gets=7 block_puts=0 deleted=0
checkpoint_phase lsn=17176 phase=value_index_write slot=0 started_ns=1790174504761270000 ended_ns=1790174504769282541 elapsed_us=8012 block_gets=0 block_puts=2 deleted=0
checkpoint_phase lsn=17176 phase=row_merge_schedule slot=0 started_ns=1790174504769292000 ended_ns=1790174504792797792 elapsed_us=23505 block_gets=7 block_puts=0 deleted=0
checkpoint_phase lsn=17176 phase=row_sst_delta slot=0 started_ns=1790174504792808000 ended_ns=1790174504848539917 elapsed_us=55731 block_gets=0 block_puts=5 deleted=0
checkpoint_phase lsn=17176 phase=row_merge_schedule slot=0 started_ns=1790174504848549000 ended_ns=1790174504870049959 elapsed_us=21500 block_gets=7 block_puts=0 deleted=0
checkpoint_phase lsn=17176 phase=manifest slot=-1 started_ns=1790174504870059000 ended_ns=1790174504873552208 elapsed_us=3493 block_gets=0 block_puts=0 deleted=0
checkpoint_phase lsn=17176 phase=local_cleanup slot=-1 started_ns=1790174504873601000 ended_ns=1790174504874126500 elapsed_us=525 block_gets=0 block_puts=0 deleted=0
checkpoint_phase lsn=17176 phase=commit_prune slot=-1 started_ns=1790174504989258000 ended_ns=1790174505051488916 elapsed_us=62230 block_gets=0 block_puts=0 deleted=16
checkpoint_phase lsn=17176 phase=commit_prune slot=-1 started_ns=1790174505157799000 ended_ns=1790174505209310833 elapsed_us=51511 block_gets=0 block_puts=0 deleted=16
checkpoint_phase lsn=17176 phase=commit_prune slot=-1 started_ns=1790174505320358000 ended_ns=1790174505326939375 elapsed_us=6581 block_gets=0 block_puts=0 deleted=2
checkpoint_phase lsn=17176 phase=legacy_gc slot=-1 started_ns=1790174505434040000 ended_ns=1790174505440394792 elapsed_us=6354 block_gets=0 block_puts=0 deleted=0
checkpoint_phase lsn=18186 phase=gc_keep slot=-1 started_ns=1790174505546523000 ended_ns=1790174505546582875 elapsed_us=59 block_gets=0 block_puts=0 deleted=0
checkpoint_phase lsn=18186 phase=gc_list slot=-1 started_ns=1790174505546594000 ended_ns=1790174505552851959 elapsed_us=6257 block_gets=0 block_puts=0 deleted=0
checkpoint_phase lsn=18186 phase=gc_delete slot=-1 started_ns=1790174505552868000 ended_ns=1790174505558881125 elapsed_us=6013 block_gets=0 block_puts=0 deleted=2
checkpoint_phase lsn=18388 phase=row_merge_schedule slot=0 started_ns=1790174505665482000 ended_ns=1790174505689764083 elapsed_us=24282 block_gets=7 block_puts=0 deleted=0
checkpoint_phase lsn=18590 phase=value_index_schedule slot=0 started_ns=1790174505797756000 ended_ns=1790174505797762125 elapsed_us=6 block_gets=0 block_puts=0 deleted=0
checkpoint_phase lsn=18590 phase=row_merge_schedule slot=0 started_ns=1790174505797818000 ended_ns=1790174505821380000 elapsed_us=23562 block_gets=7 block_puts=0 deleted=0
checkpoint_phase lsn=18792 phase=row_merge_schedule slot=0 started_ns=1790174505927860000 ended_ns=1790174505950636708 elapsed_us=22776 block_gets=7 block_puts=0 deleted=0
checkpoint_phase lsn=18994 phase=value_index_schedule slot=0 started_ns=1790174506056125000 ended_ns=1790174506056131666 elapsed_us=6 block_gets=0 block_puts=0 deleted=0
checkpoint_phase lsn=19196 phase=row_merge_schedule slot=0 started_ns=1790174506164704000 ended_ns=1790174506186829208 elapsed_us=22125 block_gets=7 block_puts=0 deleted=0
checkpoint_phase lsn=19398 phase=row_merge_schedule slot=0 started_ns=1790174506293236000 ended_ns=1790174506317643625 elapsed_us=24407 block_gets=7 block_puts=0 deleted=0
checkpoint_phase lsn=19600 phase=value_index_schedule slot=0 started_ns=1790174506425951000 ended_ns=1790174506425957083 elapsed_us=6 block_gets=0 block_puts=0 deleted=0
checkpoint_phase lsn=19600 phase=row_merge_schedule slot=0 started_ns=1790174506426008000 ended_ns=1790174506450139375 elapsed_us=24131 block_gets=7 block_puts=0 deleted=0
checkpoint_phase lsn=19802 phase=row_merge_schedule slot=0 started_ns=1790174506557141000 ended_ns=1790174506580475083 elapsed_us=23334 block_gets=7 block_puts=0 deleted=0
checkpoint_phase lsn=20004 phase=value_index_schedule slot=0 started_ns=1790174506688088000 ended_ns=1790174506688094292 elapsed_us=6 block_gets=0 block_puts=0 deleted=0
checkpoint_phase lsn=20004 phase=row_merge_schedule slot=0 started_ns=1790174506688159000 ended_ns=1790174506711800750 elapsed_us=23641 block_gets=7 block_puts=0 deleted=0
checkpoint_phase lsn=20206 phase=row_merge_schedule slot=0 started_ns=1790174506817794000 ended_ns=1790174506840915125 elapsed_us=23121 block_gets=7 block_puts=0 deleted=0
checkpoint_phase lsn=20212 phase=value_index_schedule slot=0 started_ns=1790174508654300000 ended_ns=1790174508654385584 elapsed_us=85 block_gets=0 block_puts=0 deleted=0
checkpoint_phase lsn=20218 phase=row_merge_schedule slot=0 started_ns=1790174508992234000 ended_ns=1790174508992376709 elapsed_us=142 block_gets=0 block_puts=0 deleted=0
checkpoint_phase lsn=20224 phase=row_merge_write slot=0 started_ns=1790174509771878000 ended_ns=1790174509774793208 elapsed_us=2915 block_gets=0 block_puts=0 deleted=0
checkpoint_phase lsn=20230 phase=value_index_schedule slot=0 started_ns=1790174510597776000 ended_ns=1790174510597861333 elapsed_us=85 block_gets=0 block_puts=0 deleted=0
checkpoint_phase lsn=20236 phase=row_merge_write slot=0 started_ns=1790174511471020000 ended_ns=1790174511473897333 elapsed_us=2877 block_gets=0 block_puts=0 deleted=0
checkpoint_phase lsn=20242 phase=row_merge_write slot=0 started_ns=1790174512358196000 ended_ns=1790174512361094375 elapsed_us=2898 block_gets=0 block_puts=0 deleted=0
checkpoint_phase lsn=20248 phase=value_index_schedule slot=0 started_ns=1790174513314469000 ended_ns=1790174513314590167 elapsed_us=121 block_gets=0 block_puts=0 deleted=0
checkpoint_phase lsn=20254 phase=row_merge_write slot=0 started_ns=1790174514087234000 ended_ns=1790174514090110083 elapsed_us=2876 block_gets=0 block_puts=0 deleted=0
checkpoint_phase lsn=20260 phase=row_merge_write slot=0 started_ns=1790174514866827000 ended_ns=1790174514869714458 elapsed_us=2887 block_gets=0 block_puts=0 deleted=0
checkpoint_phase lsn=20266 phase=value_index_schedule slot=0 started_ns=1790174515664788000 ended_ns=1790174515664877208 elapsed_us=89 block_gets=0 block_puts=0 deleted=0
checkpoint_phase lsn=20272 phase=row_merge_write slot=0 started_ns=1790174516480482000 ended_ns=1790174516485753791 elapsed_us=5271 block_gets=0 block_puts=0 deleted=0
checkpoint_phase lsn=20278 phase=row_merge_write slot=0 started_ns=1790174517301585000 ended_ns=1790174517304484666 elapsed_us=2899 block_gets=0 block_puts=0 deleted=0
checkpoint_phase lsn=20284 phase=value_index_schedule slot=0 started_ns=1790174518174844000 ended_ns=1790174518174931500 elapsed_us=87 block_gets=0 block_puts=0 deleted=0
checkpoint_phase lsn=20290 phase=row_merge_write slot=0 started_ns=1790174519107864000 ended_ns=1790174519110748250 elapsed_us=2884 block_gets=0 block_puts=0 deleted=0
checkpoint_phase lsn=20296 phase=row_merge_write slot=0 started_ns=1790174520059092000 ended_ns=1790174520061966875 elapsed_us=2874 block_gets=0 block_puts=0 deleted=0
checkpoint_phase lsn=20302 phase=value_index_schedule slot=0 started_ns=1790174521083675000 ended_ns=1790174521083763000 elapsed_us=88 block_gets=0 block_puts=0 deleted=0
checkpoint_phase lsn=20308 phase=row_merge_write slot=0 started_ns=1790174522113044000 ended_ns=1790174522115932167 elapsed_us=2888 block_gets=0 block_puts=0 deleted=0
checkpoint_phase lsn=20312 phase=row_merge_write slot=0 started_ns=1790174522368978000 ended_ns=1790174522371858417 elapsed_us=2880 block_gets=0 block_puts=0 deleted=0
checkpoint_phase lsn=20312 phase=value_index_schedule slot=0 started_ns=1790174522371908000 ended_ns=1790174522371911167 elapsed_us=3 block_gets=0 block_puts=0 deleted=0
checkpoint_phase lsn=20312 phase=row_merge_write slot=0 started_ns=1790174522371917000 ended_ns=1790174522374744500 elapsed_us=2827 block_gets=0 block_puts=0 deleted=0
checkpoint_phase lsn=20312 phase=value_index_schedule slot=0 started_ns=1790174522374767000 ended_ns=1790174522375626000 elapsed_us=859 block_gets=0 block_puts=0 deleted=0
checkpoint_phase lsn=20312 phase=row_merge_write slot=0 started_ns=1790174522375640000 ended_ns=1790174522378488292 elapsed_us=2848 block_gets=0 block_puts=0 deleted=0
checkpoint_phase lsn=20312 phase=value_index_schedule slot=0 started_ns=1790174522378499000 ended_ns=1790174522379764334 elapsed_us=1265 block_gets=0 block_puts=0 deleted=0
checkpoint_phase lsn=20312 phase=row_merge_write slot=0 started_ns=1790174522379786000 ended_ns=1790174522382803375 elapsed_us=3017 block_gets=0 block_puts=0 deleted=0
checkpoint_phase lsn=20312 phase=value_index_schedule slot=0 started_ns=1790174522382830000 ended_ns=1790174522384153667 elapsed_us=1323 block_gets=0 block_puts=0 deleted=0
checkpoint_phase lsn=20312 phase=row_merge_write slot=0 started_ns=1790174522384175000 ended_ns=1790174522387117583 elapsed_us=2942 block_gets=0 block_puts=0 deleted=0
checkpoint_phase lsn=20312 phase=value_index_schedule slot=0 started_ns=1790174522387140000 ended_ns=1790174522390256750 elapsed_us=3116 block_gets=0 block_puts=0 deleted=0
checkpoint_phase lsn=20312 phase=row_merge_write slot=0 started_ns=1790174522390276000 ended_ns=1790174522393103625 elapsed_us=2827 block_gets=0 block_puts=0 deleted=0
checkpoint_phase lsn=20312 phase=value_index_schedule slot=0 started_ns=1790174522393117000 ended_ns=1790174522396644416 elapsed_us=3527 block_gets=0 block_puts=0 deleted=0
checkpoint_phase lsn=20312 phase=row_merge_write slot=0 started_ns=1790174522396658000 ended_ns=1790174522399519125 elapsed_us=2861 block_gets=0 block_puts=0 deleted=0
checkpoint_phase lsn=20312 phase=value_index_schedule slot=0 started_ns=1790174522399549000 ended_ns=1790174522399577250 elapsed_us=28 block_gets=0 block_puts=0 deleted=0
checkpoint_phase lsn=20312 phase=row_merge_write slot=0 started_ns=1790174522399583000 ended_ns=1790174522402411542 elapsed_us=2828 block_gets=0 block_puts=0 deleted=0
checkpoint_phase lsn=20312 phase=value_index_schedule slot=0 started_ns=1790174522402422000 ended_ns=1790174522402461083 elapsed_us=39 block_gets=0 block_puts=0 deleted=0
checkpoint_phase lsn=20312 phase=row_merge_write slot=0 started_ns=1790174522402469000 ended_ns=1790174522405382833 elapsed_us=2913 block_gets=0 block_puts=0 deleted=0
checkpoint_phase lsn=20312 phase=value_index_schedule slot=0 started_ns=1790174522405401000 ended_ns=1790174522405453625 elapsed_us=52 block_gets=0 block_puts=0 deleted=0
checkpoint_phase lsn=20312 phase=row_merge_write slot=0 started_ns=1790174522405473000 ended_ns=1790174522408373375 elapsed_us=2900 block_gets=0 block_puts=0 deleted=0
checkpoint_phase lsn=20312 phase=value_index_schedule slot=0 started_ns=1790174522408393000 ended_ns=1790174522414001417 elapsed_us=5608 block_gets=0 block_puts=1 deleted=0
checkpoint_phase lsn=20312 phase=row_merge_write slot=0 started_ns=1790174522414012000 ended_ns=1790174522417237375 elapsed_us=3225 block_gets=0 block_puts=0 deleted=0
checkpoint_phase lsn=20312 phase=value_index_schedule slot=0 started_ns=1790174522417256000 ended_ns=1790174522431819167 elapsed_us=14563 block_gets=0 block_puts=4 deleted=0
checkpoint_phase lsn=20312 phase=row_merge_write slot=0 started_ns=1790174522431829000 ended_ns=1790174522434782167 elapsed_us=2953 block_gets=0 block_puts=0 deleted=0
checkpoint_phase lsn=20312 phase=value_index_schedule slot=0 started_ns=1790174522434804000 ended_ns=1790174522437650750 elapsed_us=2846 block_gets=0 block_puts=0 deleted=0
checkpoint_phase lsn=20312 phase=row_merge_write slot=0 started_ns=1790174522437661000 ended_ns=1790174522440487083 elapsed_us=2826 block_gets=0 block_puts=0 deleted=0
checkpoint_phase lsn=20312 phase=value_index_schedule slot=0 started_ns=1790174522440503000 ended_ns=1790174522443401417 elapsed_us=2898 block_gets=0 block_puts=0 deleted=0
checkpoint_phase lsn=20312 phase=row_merge_write slot=0 started_ns=1790174522443417000 ended_ns=1790174522446299417 elapsed_us=2882 block_gets=0 block_puts=0 deleted=0
checkpoint_phase lsn=20312 phase=value_index_schedule slot=0 started_ns=1790174522446310000 ended_ns=1790174522449066250 elapsed_us=2756 block_gets=0 block_puts=0 deleted=0
checkpoint_phase lsn=20312 phase=row_merge_write slot=0 started_ns=1790174522449072000 ended_ns=1790174522451910209 elapsed_us=2838 block_gets=0 block_puts=0 deleted=0
checkpoint_phase lsn=20312 phase=value_index_schedule slot=0 started_ns=1790174522451927000 ended_ns=1790174522454760667 elapsed_us=2833 block_gets=0 block_puts=0 deleted=0
checkpoint_phase lsn=20312 phase=row_merge_write slot=0 started_ns=1790174522454778000 ended_ns=1790174522457604125 elapsed_us=2826 block_gets=0 block_puts=0 deleted=0
checkpoint_phase lsn=20312 phase=value_index_schedule slot=0 started_ns=1790174522457612000 ended_ns=1790174522458917666 elapsed_us=1305 block_gets=0 block_puts=0 deleted=0
checkpoint_phase lsn=20312 phase=row_merge_write slot=0 started_ns=1790174522458924000 ended_ns=1790174522461747542 elapsed_us=2823 block_gets=0 block_puts=0 deleted=0
checkpoint_phase lsn=20312 phase=value_index_schedule slot=0 started_ns=1790174522461754000 ended_ns=1790174522461781542 elapsed_us=27 block_gets=0 block_puts=0 deleted=0
checkpoint_phase lsn=20312 phase=row_merge_write slot=0 started_ns=1790174522461785000 ended_ns=1790174522464609083 elapsed_us=2824 block_gets=0 block_puts=0 deleted=0
checkpoint_phase lsn=20312 phase=value_index_schedule slot=0 started_ns=1790174522464617000 ended_ns=1790174522464642750 elapsed_us=25 block_gets=0 block_puts=0 deleted=0
checkpoint_phase lsn=20312 phase=row_merge_write slot=0 started_ns=1790174522464645000 ended_ns=1790174522467493208 elapsed_us=2848 block_gets=0 block_puts=0 deleted=0
checkpoint_phase lsn=20312 phase=value_index_schedule slot=0 started_ns=1790174522467519000 ended_ns=1790174522467552750 elapsed_us=33 block_gets=0 block_puts=0 deleted=0
checkpoint_phase lsn=20312 phase=row_merge_write slot=0 started_ns=1790174522467556000 ended_ns=1790174522470382333 elapsed_us=2826 block_gets=0 block_puts=0 deleted=0
checkpoint_phase lsn=20312 phase=value_index_schedule slot=0 started_ns=1790174522470392000 ended_ns=1790174522475156584 elapsed_us=4764 block_gets=0 block_puts=1 deleted=0
checkpoint_phase lsn=20312 phase=row_merge_write slot=0 started_ns=1790174522475164000 ended_ns=1790174522478265250 elapsed_us=3101 block_gets=0 block_puts=0 deleted=0
checkpoint_phase lsn=20312 phase=value_index_schedule slot=0 started_ns=1790174522478271000 ended_ns=1790174522492540500 elapsed_us=14269 block_gets=0 block_puts=4 deleted=0
checkpoint_phase lsn=20312 phase=row_merge_write slot=0 started_ns=1790174522492554000 ended_ns=1790174522495388750 elapsed_us=2834 block_gets=0 block_puts=0 deleted=0
checkpoint_phase lsn=20312 phase=value_index_schedule slot=0 started_ns=1790174522495395000 ended_ns=1790174522496164417 elapsed_us=769 block_gets=0 block_puts=0 deleted=0
checkpoint_phase lsn=20312 phase=row_merge_write slot=0 started_ns=1790174522496171000 ended_ns=1790174522498988042 elapsed_us=2817 block_gets=0 block_puts=0 deleted=0
checkpoint_phase lsn=20312 phase=value_index_schedule slot=0 started_ns=1790174522498995000 ended_ns=1790174522499093041 elapsed_us=98 block_gets=0 block_puts=0 deleted=0
checkpoint_phase lsn=20312 phase=row_merge_write slot=0 started_ns=1790174522499098000 ended_ns=1790174522501988500 elapsed_us=2890 block_gets=0 block_puts=0 deleted=0
checkpoint_phase lsn=20312 phase=value_index_schedule slot=0 started_ns=1790174522502011000 ended_ns=1790174522502106500 elapsed_us=95 block_gets=0 block_puts=0 deleted=0
checkpoint_phase lsn=20312 phase=row_merge_write slot=0 started_ns=1790174522502112000 ended_ns=1790174522504952334 elapsed_us=2840 block_gets=0 block_puts=0 deleted=0
checkpoint_phase lsn=20312 phase=value_index_schedule slot=0 started_ns=1790174522504961000 ended_ns=1790174522505164542 elapsed_us=203 block_gets=0 block_puts=0 deleted=0
checkpoint_phase lsn=20312 phase=row_merge_write slot=0 started_ns=1790174522505168000 ended_ns=1790174522508017916 elapsed_us=2849 block_gets=0 block_puts=0 deleted=0
checkpoint_phase lsn=20312 phase=value_index_schedule slot=0 started_ns=1790174522508024000 ended_ns=1790174522513643166 elapsed_us=5619 block_gets=0 block_puts=1 deleted=0
checkpoint_phase lsn=20312 phase=row_merge_write slot=0 started_ns=1790174522513649000 ended_ns=1790174522516480375 elapsed_us=2831 block_gets=0 block_puts=0 deleted=0
checkpoint_phase lsn=20312 phase=value_index_schedule slot=0 started_ns=1790174522516487000 ended_ns=1790174522516683750 elapsed_us=196 block_gets=0 block_puts=0 deleted=0
checkpoint_phase lsn=20312 phase=row_merge_write slot=0 started_ns=1790174522516687000 ended_ns=1790174522519521417 elapsed_us=2834 block_gets=0 block_puts=0 deleted=0
checkpoint_phase lsn=20312 phase=value_index_schedule slot=0 started_ns=1790174522519535000 ended_ns=1790174522519735917 elapsed_us=200 block_gets=0 block_puts=0 deleted=0
checkpoint_phase lsn=20312 phase=row_merge_write slot=0 started_ns=1790174522519741000 ended_ns=1790174522522569708 elapsed_us=2828 block_gets=0 block_puts=0 deleted=0
checkpoint_phase lsn=20312 phase=value_index_schedule slot=0 started_ns=1790174522522574000 ended_ns=1790174522527645583 elapsed_us=5071 block_gets=0 block_puts=1 deleted=0
checkpoint_phase lsn=20312 phase=row_merge_write slot=0 started_ns=1790174522527653000 ended_ns=1790174522530490083 elapsed_us=2837 block_gets=0 block_puts=0 deleted=0
checkpoint_phase lsn=20312 phase=value_index_schedule slot=0 started_ns=1790174522530495000 ended_ns=1790174522530785417 elapsed_us=290 block_gets=0 block_puts=0 deleted=0
checkpoint_phase lsn=20312 phase=row_merge_write slot=0 started_ns=1790174522530788000 ended_ns=1790174522533606333 elapsed_us=2818 block_gets=0 block_puts=0 deleted=0
checkpoint_phase lsn=20312 phase=value_index_schedule slot=0 started_ns=1790174522533615000 ended_ns=1790174522533662500 elapsed_us=47 block_gets=0 block_puts=0 deleted=0
checkpoint_phase lsn=20312 phase=row_merge_write slot=0 started_ns=1790174522533664000 ended_ns=1790174522536644375 elapsed_us=2980 block_gets=0 block_puts=0 deleted=0
checkpoint_phase lsn=20312 phase=value_index_schedule slot=0 started_ns=1790174522536667000 ended_ns=1790174522551363875 elapsed_us=14696 block_gets=0 block_puts=4 deleted=0
checkpoint_phase lsn=20312 phase=row_merge_write slot=0 started_ns=1790174522551373000 ended_ns=1790174522554405333 elapsed_us=3032 block_gets=0 block_puts=0 deleted=0
checkpoint_phase lsn=20312 phase=value_index_schedule slot=0 started_ns=1790174522554423000 ended_ns=1790174522557088209 elapsed_us=2665 block_gets=0 block_puts=0 deleted=0
checkpoint_phase lsn=20312 phase=row_merge_write slot=0 started_ns=1790174522557105000 ended_ns=1790174522559926125 elapsed_us=2821 block_gets=0 block_puts=0 deleted=0
checkpoint_phase lsn=20312 phase=value_index_schedule slot=0 started_ns=1790174522559934000 ended_ns=1790174522573619333 elapsed_us=13685 block_gets=0 block_puts=4 deleted=0
checkpoint_phase lsn=20312 phase=row_merge_write slot=0 started_ns=1790174522573628000 ended_ns=1790174522576467709 elapsed_us=2839 block_gets=0 block_puts=0 deleted=0
checkpoint_phase lsn=20312 phase=value_index_schedule slot=0 started_ns=1790174522576477000 ended_ns=1790174522576477500 elapsed_us=0 block_gets=0 block_puts=0 deleted=0
checkpoint_phase lsn=20312 phase=row_merge_write slot=0 started_ns=1790174522576480000 ended_ns=1790174522579308500 elapsed_us=2828 block_gets=0 block_puts=0 deleted=0
checkpoint_phase lsn=20312 phase=value_index_schedule slot=0 started_ns=1790174522579314000 ended_ns=1790174522579498000 elapsed_us=184 block_gets=0 block_puts=0 deleted=0
checkpoint_phase lsn=20312 phase=row_merge_write slot=0 started_ns=1790174522579502000 ended_ns=1790174522582320125 elapsed_us=2818 block_gets=0 block_puts=0 deleted=0
checkpoint_phase lsn=20312 phase=value_index_schedule slot=0 started_ns=1790174522582325000 ended_ns=1790174522582554208 elapsed_us=229 block_gets=0 block_puts=0 deleted=0
checkpoint_phase lsn=20312 phase=row_merge_write slot=0 started_ns=1790174522582557000 ended_ns=1790174522585436333 elapsed_us=2879 block_gets=0 block_puts=0 deleted=0
checkpoint_phase lsn=20312 phase=value_index_schedule slot=0 started_ns=1790174522585447000 ended_ns=1790174522585677416 elapsed_us=230 block_gets=0 block_puts=0 deleted=0
checkpoint_phase lsn=20312 phase=row_merge_write slot=0 started_ns=1790174522585681000 ended_ns=1790174522588526958 elapsed_us=2845 block_gets=0 block_puts=0 deleted=0
checkpoint_phase lsn=20312 phase=value_index_schedule slot=0 started_ns=1790174522588539000 ended_ns=1790174522588765333 elapsed_us=226 block_gets=0 block_puts=0 deleted=0
checkpoint_phase lsn=20312 phase=row_merge_write slot=0 started_ns=1790174522588769000 ended_ns=1790174522591637958 elapsed_us=2868 block_gets=0 block_puts=0 deleted=0
checkpoint_phase lsn=20312 phase=value_index_schedule slot=0 started_ns=1790174522591657000 ended_ns=1790174522596887625 elapsed_us=5230 block_gets=0 block_puts=1 deleted=0
checkpoint_phase lsn=20312 phase=row_merge_write slot=0 started_ns=1790174522596896000 ended_ns=1790174522599723625 elapsed_us=2827 block_gets=0 block_puts=0 deleted=0
checkpoint_phase lsn=20312 phase=value_index_schedule slot=0 started_ns=1790174522599729000 ended_ns=1790174522599947834 elapsed_us=218 block_gets=0 block_puts=0 deleted=0
checkpoint_phase lsn=20312 phase=row_merge_write slot=0 started_ns=1790174522599952000 ended_ns=1790174522602832916 elapsed_us=2880 block_gets=0 block_puts=0 deleted=0
checkpoint_phase lsn=20312 phase=value_index_schedule slot=0 started_ns=1790174522602854000 ended_ns=1790174522603065500 elapsed_us=211 block_gets=0 block_puts=0 deleted=0
checkpoint_phase lsn=20312 phase=row_merge_write slot=0 started_ns=1790174522603075000 ended_ns=1790174522605926209 elapsed_us=2851 block_gets=0 block_puts=0 deleted=0
checkpoint_phase lsn=20312 phase=value_index_schedule slot=0 started_ns=1790174522605944000 ended_ns=1790174522610968875 elapsed_us=5024 block_gets=0 block_puts=1 deleted=0
checkpoint_phase lsn=20312 phase=row_merge_write slot=0 started_ns=1790174522610977000 ended_ns=1790174522613809250 elapsed_us=2832 block_gets=0 block_puts=0 deleted=0
checkpoint_phase lsn=20312 phase=value_index_schedule slot=0 started_ns=1790174522613814000 ended_ns=1790174522613986375 elapsed_us=172 block_gets=0 block_puts=0 deleted=0
checkpoint_phase lsn=20312 phase=row_merge_write slot=0 started_ns=1790174522613990000 ended_ns=1790174522616815500 elapsed_us=2825 block_gets=0 block_puts=0 deleted=0
checkpoint_phase lsn=20312 phase=value_index_schedule slot=0 started_ns=1790174522616821000 ended_ns=1790174522616963959 elapsed_us=142 block_gets=0 block_puts=0 deleted=0
checkpoint_phase lsn=20312 phase=row_merge_write slot=0 started_ns=1790174522616978000 ended_ns=1790174522619846250 elapsed_us=2868 block_gets=0 block_puts=0 deleted=0
checkpoint_phase lsn=20312 phase=value_index_schedule slot=0 started_ns=1790174522619863000 ended_ns=1790174522619986750 elapsed_us=123 block_gets=0 block_puts=0 deleted=0
checkpoint_phase lsn=20312 phase=row_merge_write slot=0 started_ns=1790174522619991000 ended_ns=1790174522621916875 elapsed_us=1925 block_gets=0 block_puts=0 deleted=0
checkpoint_phase lsn=20312 phase=value_index_schedule slot=0 started_ns=1790174522621928000 ended_ns=1790174522637527334 elapsed_us=15599 block_gets=0 block_puts=4 deleted=0
checkpoint_phase lsn=20312 phase=row_merge_write slot=0 started_ns=1790174522637535000 ended_ns=1790174522663387250 elapsed_us=25852 block_gets=0 block_puts=5 deleted=0
checkpoint_phase lsn=20312 phase=value_index_schedule slot=0 started_ns=1790174522663396000 ended_ns=1790174522663396250 elapsed_us=0 block_gets=0 block_puts=0 deleted=0
checkpoint_phase lsn=20312 phase=row_merge_write slot=0 started_ns=1790174522663400000 ended_ns=1790174522681438666 elapsed_us=18038 block_gets=0 block_puts=4 deleted=0
checkpoint_phase lsn=20312 phase=value_index_write slot=0 started_ns=1790174522681447000 ended_ns=1790174522681668167 elapsed_us=221 block_gets=0 block_puts=0 deleted=0
checkpoint_phase lsn=20312 phase=row_merge_write slot=0 started_ns=1790174522681672000 ended_ns=1790174522701693209 elapsed_us=20021 block_gets=0 block_puts=4 deleted=0
checkpoint_phase lsn=20312 phase=value_index_write slot=0 started_ns=1790174522701705000 ended_ns=1790174522701783042 elapsed_us=78 block_gets=0 block_puts=0 deleted=0
checkpoint_phase lsn=20312 phase=row_merge_write slot=0 started_ns=1790174522701788000 ended_ns=1790174522720082417 elapsed_us=18294 block_gets=0 block_puts=4 deleted=0
checkpoint_phase lsn=20312 phase=value_index_write slot=0 started_ns=1790174522720093000 ended_ns=1790174522720170791 elapsed_us=77 block_gets=0 block_puts=0 deleted=0
checkpoint_phase lsn=20312 phase=row_merge_write slot=0 started_ns=1790174522720174000 ended_ns=1790174522740188833 elapsed_us=20014 block_gets=0 block_puts=4 deleted=0
checkpoint_phase lsn=20312 phase=value_index_write slot=0 started_ns=1790174522740199000 ended_ns=1790174522740399750 elapsed_us=200 block_gets=0 block_puts=0 deleted=0
checkpoint_phase lsn=20312 phase=row_merge_write slot=0 started_ns=1790174522740403000 ended_ns=1790174522757568583 elapsed_us=17165 block_gets=0 block_puts=4 deleted=0
checkpoint_phase lsn=20312 phase=value_index_write slot=0 started_ns=1790174522757579000 ended_ns=1790174522757655875 elapsed_us=76 block_gets=0 block_puts=0 deleted=0
checkpoint_phase lsn=20312 phase=row_merge_write slot=0 started_ns=1790174522757659000 ended_ns=1790174522776267250 elapsed_us=18608 block_gets=0 block_puts=4 deleted=0
checkpoint_phase lsn=20312 phase=value_index_write slot=0 started_ns=1790174522776279000 ended_ns=1790174522784088333 elapsed_us=7809 block_gets=0 block_puts=1 deleted=0
checkpoint_phase lsn=20312 phase=row_merge_write slot=0 started_ns=1790174522784099000 ended_ns=1790174522802793584 elapsed_us=18694 block_gets=0 block_puts=4 deleted=0
checkpoint_phase lsn=20312 phase=value_index_write slot=0 started_ns=1790174522802805000 ended_ns=1790174522803012334 elapsed_us=207 block_gets=0 block_puts=0 deleted=0
checkpoint_phase lsn=20312 phase=row_merge_write slot=0 started_ns=1790174522803017000 ended_ns=1790174522821384459 elapsed_us=18367 block_gets=0 block_puts=4 deleted=0
checkpoint_phase lsn=20312 phase=value_index_write slot=0 started_ns=1790174522821393000 ended_ns=1790174522821470833 elapsed_us=77 block_gets=0 block_puts=0 deleted=0
checkpoint_phase lsn=20312 phase=row_merge_write slot=0 started_ns=1790174522821474000 ended_ns=1790174522840863084 elapsed_us=19389 block_gets=0 block_puts=4 deleted=0
checkpoint_phase lsn=20312 phase=value_index_write slot=0 started_ns=1790174522840872000 ended_ns=1790174522840947292 elapsed_us=75 block_gets=0 block_puts=0 deleted=0
checkpoint_phase lsn=20312 phase=row_merge_write slot=0 started_ns=1790174522840955000 ended_ns=1790174522860049916 elapsed_us=19094 block_gets=0 block_puts=4 deleted=0
checkpoint_phase lsn=20312 phase=value_index_write slot=0 started_ns=1790174522860059000 ended_ns=1790174522871695834 elapsed_us=11636 block_gets=0 block_puts=2 deleted=0
checkpoint_phase lsn=20312 phase=row_merge_write slot=0 started_ns=1790174522871706000 ended_ns=1790174522889782791 elapsed_us=18076 block_gets=0 block_puts=4 deleted=0
checkpoint_phase lsn=20312 phase=value_index_schedule slot=0 started_ns=1790174522889791000 ended_ns=1790174522889794542 elapsed_us=3 block_gets=0 block_puts=0 deleted=0
checkpoint_phase lsn=20312 phase=row_merge_write slot=0 started_ns=1790174522889798000 ended_ns=1790174522907331375 elapsed_us=17533 block_gets=0 block_puts=4 deleted=0
checkpoint_phase lsn=20312 phase=value_index_schedule slot=0 started_ns=1790174522907341000 ended_ns=1790174522908143792 elapsed_us=802 block_gets=0 block_puts=0 deleted=0
checkpoint_phase lsn=20312 phase=row_merge_write slot=0 started_ns=1790174522908148000 ended_ns=1790174522928298458 elapsed_us=20150 block_gets=0 block_puts=4 deleted=0
checkpoint_phase lsn=20312 phase=value_index_schedule slot=0 started_ns=1790174522928309000 ended_ns=1790174522930531208 elapsed_us=2222 block_gets=0 block_puts=0 deleted=0
checkpoint_phase lsn=20312 phase=row_merge_write slot=0 started_ns=1790174522930546000 ended_ns=1790174522949788500 elapsed_us=19242 block_gets=0 block_puts=4 deleted=0
checkpoint_phase lsn=20312 phase=value_index_schedule slot=0 started_ns=1790174522949800000 ended_ns=1790174522950956208 elapsed_us=1156 block_gets=0 block_puts=0 deleted=0
checkpoint_phase lsn=20312 phase=row_merge_write slot=0 started_ns=1790174522950974000 ended_ns=1790174522970026250 elapsed_us=19052 block_gets=0 block_puts=4 deleted=0
checkpoint_phase lsn=20312 phase=value_index_schedule slot=0 started_ns=1790174522970037000 ended_ns=1790174522972623541 elapsed_us=2586 block_gets=0 block_puts=0 deleted=0
checkpoint_phase lsn=20312 phase=row_merge_write slot=0 started_ns=1790174522972649000 ended_ns=1790174522992761208 elapsed_us=20112 block_gets=0 block_puts=4 deleted=0
checkpoint_phase lsn=20312 phase=value_index_schedule slot=0 started_ns=1790174522992772000 ended_ns=1790174522995611750 elapsed_us=2839 block_gets=0 block_puts=0 deleted=0
checkpoint_phase lsn=20312 phase=row_merge_write slot=0 started_ns=1790174522995620000 ended_ns=1790174523013411125 elapsed_us=17791 block_gets=0 block_puts=4 deleted=0
checkpoint_phase lsn=20312 phase=value_index_schedule slot=0 started_ns=1790174523013422000 ended_ns=1790174523017546208 elapsed_us=4124 block_gets=0 block_puts=0 deleted=0
checkpoint_phase lsn=20312 phase=row_merge_write slot=0 started_ns=1790174523017561000 ended_ns=1790174523035172417 elapsed_us=17611 block_gets=0 block_puts=4 deleted=0
checkpoint_phase lsn=20312 phase=value_index_schedule slot=0 started_ns=1790174523035185000 ended_ns=1790174523035215000 elapsed_us=30 block_gets=0 block_puts=0 deleted=0
checkpoint_phase lsn=20312 phase=row_merge_write slot=0 started_ns=1790174523035218000 ended_ns=1790174523053068833 elapsed_us=17850 block_gets=0 block_puts=4 deleted=0
checkpoint_phase lsn=20312 phase=value_index_schedule slot=0 started_ns=1790174523053081000 ended_ns=1790174523053118875 elapsed_us=37 block_gets=0 block_puts=0 deleted=0
checkpoint_phase lsn=20312 phase=row_merge_write slot=0 started_ns=1790174523053124000 ended_ns=1790174523072237125 elapsed_us=19113 block_gets=0 block_puts=4 deleted=0
checkpoint_phase lsn=20312 phase=value_index_schedule slot=0 started_ns=1790174523072248000 ended_ns=1790174523072286542 elapsed_us=38 block_gets=0 block_puts=0 deleted=0
checkpoint_phase lsn=20312 phase=row_merge_write slot=0 started_ns=1790174523072290000 ended_ns=1790174523089523042 elapsed_us=17233 block_gets=0 block_puts=4 deleted=0
checkpoint_phase lsn=20312 phase=value_index_schedule slot=0 started_ns=1790174523089534000 ended_ns=1790174523094852125 elapsed_us=5318 block_gets=0 block_puts=1 deleted=0
checkpoint_phase lsn=20312 phase=row_merge_write slot=0 started_ns=1790174523094864000 ended_ns=1790174523113890000 elapsed_us=19026 block_gets=0 block_puts=4 deleted=0
checkpoint_phase lsn=20312 phase=value_index_schedule slot=0 started_ns=1790174523113901000 ended_ns=1790174523113943125 elapsed_us=42 block_gets=0 block_puts=0 deleted=0
checkpoint_phase lsn=20312 phase=row_merge_write slot=0 started_ns=1790174523113946000 ended_ns=1790174523131663958 elapsed_us=17717 block_gets=0 block_puts=4 deleted=0
checkpoint_phase lsn=20312 phase=value_index_schedule slot=0 started_ns=1790174523131672000 ended_ns=1790174523144711667 elapsed_us=13039 block_gets=0 block_puts=4 deleted=0
checkpoint_phase lsn=20312 phase=row_merge_write slot=0 started_ns=1790174523144722000 ended_ns=1790174523163646750 elapsed_us=18924 block_gets=0 block_puts=4 deleted=0
checkpoint_phase lsn=20312 phase=value_index_schedule slot=0 started_ns=1790174523163684000 ended_ns=1790174523167781958 elapsed_us=4097 block_gets=0 block_puts=0 deleted=0
checkpoint_phase lsn=20312 phase=row_merge_write slot=0 started_ns=1790174523167803000 ended_ns=1790174523188599000 elapsed_us=20796 block_gets=0 block_puts=4 deleted=0
checkpoint_phase lsn=20312 phase=value_index_schedule slot=0 started_ns=1790174523188611000 ended_ns=1790174523191419667 elapsed_us=2808 block_gets=0 block_puts=0 deleted=0
checkpoint_phase lsn=20312 phase=row_merge_write slot=0 started_ns=1790174523191431000 ended_ns=1790174523211246417 elapsed_us=19815 block_gets=0 block_puts=4 deleted=0
checkpoint_phase lsn=20312 phase=value_index_schedule slot=0 started_ns=1790174523211256000 ended_ns=1790174523214078875 elapsed_us=2822 block_gets=0 block_puts=0 deleted=0
checkpoint_phase lsn=20312 phase=row_merge_write slot=0 started_ns=1790174523214084000 ended_ns=1790174523233288667 elapsed_us=19204 block_gets=0 block_puts=4 deleted=0
checkpoint_phase lsn=20312 phase=value_index_schedule slot=0 started_ns=1790174523233300000 ended_ns=1790174523236124208 elapsed_us=2824 block_gets=0 block_puts=0 deleted=0
checkpoint_phase lsn=20312 phase=row_merge_write slot=0 started_ns=1790174523236138000 ended_ns=1790174523262260209 elapsed_us=26122 block_gets=0 block_puts=4 deleted=0
checkpoint_phase lsn=20312 phase=value_index_schedule slot=0 started_ns=1790174523262274000 ended_ns=1790174523263357833 elapsed_us=1083 block_gets=0 block_puts=0 deleted=0
checkpoint_phase lsn=20312 phase=row_merge_write slot=0 started_ns=1790174523264841000 ended_ns=1790174523286133458 elapsed_us=21292 block_gets=0 block_puts=4 deleted=0
checkpoint_phase lsn=20312 phase=value_index_schedule slot=0 started_ns=1790174523286146000 ended_ns=1790174523286176375 elapsed_us=30 block_gets=0 block_puts=0 deleted=0
checkpoint_phase lsn=20312 phase=row_merge_write slot=0 started_ns=1790174523286182000 ended_ns=1790174523304565750 elapsed_us=18383 block_gets=0 block_puts=4 deleted=0
checkpoint_phase lsn=20312 phase=value_index_schedule slot=0 started_ns=1790174523304575000 ended_ns=1790174523304611291 elapsed_us=36 block_gets=0 block_puts=0 deleted=0
checkpoint_phase lsn=20312 phase=row_merge_write slot=0 started_ns=1790174523304614000 ended_ns=1790174523321529125 elapsed_us=16915 block_gets=0 block_puts=4 deleted=0
checkpoint_phase lsn=20312 phase=value_index_schedule slot=0 started_ns=1790174523321539000 ended_ns=1790174523321573208 elapsed_us=34 block_gets=0 block_puts=0 deleted=0
checkpoint_phase lsn=20312 phase=row_merge_write slot=0 started_ns=1790174523321576000 ended_ns=1790174523340139166 elapsed_us=18563 block_gets=0 block_puts=4 deleted=0
checkpoint_phase lsn=20312 phase=value_index_schedule slot=0 started_ns=1790174523340150000 ended_ns=1790174523344813250 elapsed_us=4663 block_gets=0 block_puts=1 deleted=0
checkpoint_phase lsn=20312 phase=row_merge_write slot=0 started_ns=1790174523344826000 ended_ns=1790174523364566625 elapsed_us=19740 block_gets=0 block_puts=4 deleted=0
checkpoint_phase lsn=20312 phase=value_index_schedule slot=0 started_ns=1790174523364576000 ended_ns=1790174523378015541 elapsed_us=13439 block_gets=0 block_puts=4 deleted=0
checkpoint_phase lsn=20312 phase=row_merge_write slot=0 started_ns=1790174523378030000 ended_ns=1790174523396932333 elapsed_us=18902 block_gets=0 block_puts=4 deleted=0
checkpoint_phase lsn=20312 phase=value_index_schedule slot=0 started_ns=1790174523396943000 ended_ns=1790174523397654583 elapsed_us=711 block_gets=0 block_puts=0 deleted=0
checkpoint_phase lsn=20312 phase=row_merge_write slot=0 started_ns=1790174523397659000 ended_ns=1790174523416388875 elapsed_us=18729 block_gets=0 block_puts=4 deleted=0
checkpoint_phase lsn=20312 phase=value_index_schedule slot=0 started_ns=1790174523416398000 ended_ns=1790174523416496834 elapsed_us=98 block_gets=0 block_puts=0 deleted=0
checkpoint_phase lsn=20312 phase=row_merge_write slot=0 started_ns=1790174523416500000 ended_ns=1790174523434163041 elapsed_us=17663 block_gets=0 block_puts=4 deleted=0
checkpoint_phase lsn=20312 phase=value_index_schedule slot=0 started_ns=1790174523434173000 ended_ns=1790174523434271375 elapsed_us=98 block_gets=0 block_puts=0 deleted=0
checkpoint_phase lsn=20312 phase=row_merge_write slot=0 started_ns=1790174523434274000 ended_ns=1790174523452969000 elapsed_us=18695 block_gets=0 block_puts=4 deleted=0
checkpoint_phase lsn=20312 phase=value_index_schedule slot=0 started_ns=1790174523452980000 ended_ns=1790174523453081084 elapsed_us=101 block_gets=0 block_puts=0 deleted=0
checkpoint_phase lsn=20312 phase=row_merge_write slot=0 started_ns=1790174523453084000 ended_ns=1790174523472027834 elapsed_us=18943 block_gets=0 block_puts=4 deleted=0
checkpoint_phase lsn=20312 phase=value_index_schedule slot=0 started_ns=1790174523472037000 ended_ns=1790174523477051625 elapsed_us=5014 block_gets=0 block_puts=1 deleted=0
checkpoint_phase lsn=20312 phase=row_merge_write slot=0 started_ns=1790174523477058000 ended_ns=1790174523495170542 elapsed_us=18112 block_gets=0 block_puts=4 deleted=0
checkpoint_phase lsn=20312 phase=value_index_schedule slot=0 started_ns=1790174523495179000 ended_ns=1790174523495365667 elapsed_us=186 block_gets=0 block_puts=0 deleted=0
checkpoint_phase lsn=20312 phase=row_merge_write slot=0 started_ns=1790174523495368000 ended_ns=1790174523513911292 elapsed_us=18543 block_gets=0 block_puts=4 deleted=0
checkpoint_phase lsn=20312 phase=value_index_schedule slot=0 started_ns=1790174523513920000 ended_ns=1790174523514115541 elapsed_us=195 block_gets=0 block_puts=0 deleted=0
checkpoint_phase lsn=20312 phase=row_merge_write slot=0 started_ns=1790174523514119000 ended_ns=1790174523532904583 elapsed_us=18785 block_gets=0 block_puts=4 deleted=0
checkpoint_phase lsn=20312 phase=value_index_schedule slot=0 started_ns=1790174523532913000 ended_ns=1790174523533102542 elapsed_us=189 block_gets=0 block_puts=0 deleted=0
checkpoint_phase lsn=20312 phase=row_merge_write slot=0 started_ns=1790174523533105000 ended_ns=1790174523553034916 elapsed_us=19929 block_gets=0 block_puts=4 deleted=0
checkpoint_phase lsn=20312 phase=value_index_schedule slot=0 started_ns=1790174523553047000 ended_ns=1790174523558484250 elapsed_us=5437 block_gets=0 block_puts=1 deleted=0
checkpoint_phase lsn=20312 phase=row_merge_write slot=0 started_ns=1790174523558494000 ended_ns=1790174523578438083 elapsed_us=19944 block_gets=0 block_puts=4 deleted=0
checkpoint_phase lsn=20312 phase=value_index_schedule slot=0 started_ns=1790174523578450000 ended_ns=1790174523578535417 elapsed_us=85 block_gets=0 block_puts=0 deleted=0
checkpoint_phase lsn=20312 phase=row_merge_write slot=0 started_ns=1790174523578539000 ended_ns=1790174523597705750 elapsed_us=19166 block_gets=0 block_puts=4 deleted=0
checkpoint_phase lsn=20312 phase=value_index_schedule slot=0 started_ns=1790174523597715000 ended_ns=1790174523597763375 elapsed_us=48 block_gets=0 block_puts=0 deleted=0
checkpoint_phase lsn=20312 phase=row_merge_write slot=0 started_ns=1790174523597769000 ended_ns=1790174523616400084 elapsed_us=18631 block_gets=0 block_puts=4 deleted=0
checkpoint_phase lsn=20312 phase=value_index_schedule slot=0 started_ns=1790174523616411000 ended_ns=1790174523630780583 elapsed_us=14369 block_gets=0 block_puts=4 deleted=0
checkpoint_phase lsn=20312 phase=row_merge_write slot=0 started_ns=1790174523630792000 ended_ns=1790174523649665416 elapsed_us=18873 block_gets=0 block_puts=4 deleted=0
checkpoint_phase lsn=20312 phase=value_index_schedule slot=0 started_ns=1790174523649675000 ended_ns=1790174523649675291 elapsed_us=0 block_gets=0 block_puts=0 deleted=0
checkpoint_phase lsn=20312 phase=row_merge_write slot=0 started_ns=1790174523649679000 ended_ns=1790174523668903375 elapsed_us=19224 block_gets=0 block_puts=4 deleted=0
checkpoint_phase lsn=20312 phase=value_index_write slot=0 started_ns=1790174523668915000 ended_ns=1790174523669115125 elapsed_us=200 block_gets=0 block_puts=0 deleted=0
checkpoint_phase lsn=20312 phase=row_merge_write slot=0 started_ns=1790174523669118000 ended_ns=1790174523687865292 elapsed_us=18747 block_gets=0 block_puts=4 deleted=0
checkpoint_phase lsn=20312 phase=value_index_write slot=0 started_ns=1790174523687875000 ended_ns=1790174523687952917 elapsed_us=77 block_gets=0 block_puts=0 deleted=0
checkpoint_phase lsn=20312 phase=row_merge_write slot=0 started_ns=1790174523687956000 ended_ns=1790174523707791875 elapsed_us=19835 block_gets=0 block_puts=4 deleted=0
checkpoint_phase lsn=20312 phase=value_index_write slot=0 started_ns=1790174523707802000 ended_ns=1790174523707880084 elapsed_us=78 block_gets=0 block_puts=0 deleted=0
checkpoint_phase lsn=20312 phase=row_merge_write slot=0 started_ns=1790174523707883000 ended_ns=1790174523727684958 elapsed_us=19801 block_gets=0 block_puts=4 deleted=0
checkpoint_phase lsn=20312 phase=value_index_write slot=0 started_ns=1790174523727694000 ended_ns=1790174523727889375 elapsed_us=195 block_gets=0 block_puts=0 deleted=0
checkpoint_phase lsn=20312 phase=row_merge_write slot=0 started_ns=1790174523727894000 ended_ns=1790174523746198125 elapsed_us=18304 block_gets=0 block_puts=4 deleted=0
checkpoint_phase lsn=20312 phase=value_index_write slot=0 started_ns=1790174523746208000 ended_ns=1790174523746289042 elapsed_us=81 block_gets=0 block_puts=0 deleted=0
checkpoint_phase lsn=20312 phase=row_merge_write slot=0 started_ns=1790174523746294000 ended_ns=1790174523764088666 elapsed_us=17794 block_gets=0 block_puts=4 deleted=0
checkpoint_phase lsn=20312 phase=value_index_write slot=0 started_ns=1790174523764245000 ended_ns=1790174523764329833 elapsed_us=84 block_gets=0 block_puts=0 deleted=0
checkpoint_phase lsn=20312 phase=row_merge_write slot=0 started_ns=1790174523764335000 ended_ns=1790174523784351709 elapsed_us=20016 block_gets=0 block_puts=4 deleted=0
checkpoint_phase lsn=20312 phase=value_index_write slot=0 started_ns=1790174523784364000 ended_ns=1790174523784442833 elapsed_us=78 block_gets=0 block_puts=0 deleted=0
checkpoint_phase lsn=20312 phase=row_merge_write slot=0 started_ns=1790174523784447000 ended_ns=1790174523802207417 elapsed_us=17760 block_gets=0 block_puts=4 deleted=0
checkpoint_phase lsn=20312 phase=value_index_write slot=0 started_ns=1790174523802221000 ended_ns=1790174523808145375 elapsed_us=5924 block_gets=0 block_puts=1 deleted=0
checkpoint_phase lsn=20312 phase=row_merge_write slot=0 started_ns=1790174523808163000 ended_ns=1790174523827439541 elapsed_us=19276 block_gets=0 block_puts=4 deleted=0
checkpoint_phase lsn=20312 phase=value_index_write slot=0 started_ns=1790174523827450000 ended_ns=1790174523827527500 elapsed_us=77 block_gets=0 block_puts=0 deleted=0
checkpoint_phase lsn=20312 phase=row_merge_write slot=0 started_ns=1790174523827531000 ended_ns=1790174523849987917 elapsed_us=22456 block_gets=0 block_puts=6 deleted=0
checkpoint_phase lsn=20312 phase=value_index_write slot=0 started_ns=1790174523849998000 ended_ns=1790174523859125583 elapsed_us=9127 block_gets=0 block_puts=2 deleted=0
checkpoint_phase lsn=20312 phase=value_index_schedule slot=0 started_ns=1790174523859136000 ended_ns=1790174523859139625 elapsed_us=3 block_gets=0 block_puts=0 deleted=0
checkpoint_phase lsn=20312 phase=value_index_schedule slot=0 started_ns=1790174523859143000 ended_ns=1790174523859960375 elapsed_us=817 block_gets=0 block_puts=0 deleted=0
checkpoint_phase lsn=20312 phase=value_index_schedule slot=0 started_ns=1790174523859970000 ended_ns=1790174523861246333 elapsed_us=1276 block_gets=0 block_puts=0 deleted=0
checkpoint_phase lsn=20312 phase=value_index_schedule slot=0 started_ns=1790174523861270000 ended_ns=1790174523862411709 elapsed_us=1141 block_gets=0 block_puts=0 deleted=0
checkpoint_phase lsn=20312 phase=value_index_schedule slot=0 started_ns=1790174523862419000 ended_ns=1790174523865048500 elapsed_us=2629 block_gets=0 block_puts=0 deleted=0
checkpoint_phase lsn=20312 phase=value_index_schedule slot=0 started_ns=1790174523865055000 ended_ns=1790174523867939625 elapsed_us=2884 block_gets=0 block_puts=0 deleted=0
checkpoint_phase lsn=20312 phase=value_index_schedule slot=0 started_ns=1790174523867959000 ended_ns=1790174523872036208 elapsed_us=4077 block_gets=0 block_puts=0 deleted=0
checkpoint_phase lsn=20312 phase=value_index_schedule slot=0 started_ns=1790174523872048000 ended_ns=1790174523872077083 elapsed_us=29 block_gets=0 block_puts=0 deleted=0
checkpoint_phase lsn=20312 phase=value_index_schedule slot=0 started_ns=1790174523872081000 ended_ns=1790174523872104166 elapsed_us=23 block_gets=0 block_puts=0 deleted=0
checkpoint_phase lsn=20312 phase=value_index_schedule slot=0 started_ns=1790174523872108000 ended_ns=1790174523872131208 elapsed_us=23 block_gets=0 block_puts=0 deleted=0
checkpoint_phase lsn=20312 phase=value_index_schedule slot=0 started_ns=1790174523872134000 ended_ns=1790174523876252417 elapsed_us=4118 block_gets=0 block_puts=1 deleted=0
checkpoint_phase lsn=20312 phase=value_index_schedule slot=0 started_ns=1790174523876272000 ended_ns=1790174523876306666 elapsed_us=34 block_gets=0 block_puts=0 deleted=0
checkpoint_phase lsn=20312 phase=value_index_schedule slot=0 started_ns=1790174523876311000 ended_ns=1790174523891240750 elapsed_us=14929 block_gets=0 block_puts=4 deleted=0
checkpoint_phase lsn=20312 phase=value_index_schedule slot=0 started_ns=1790174523891255000 ended_ns=1790174523894073167 elapsed_us=2818 block_gets=0 block_puts=0 deleted=0
checkpoint_phase lsn=20312 phase=value_index_schedule slot=0 started_ns=1790174523894081000 ended_ns=1790174523897009583 elapsed_us=2928 block_gets=0 block_puts=0 deleted=0
checkpoint_phase lsn=20312 phase=value_index_schedule slot=0 started_ns=1790174523897022000 ended_ns=1790174523899860167 elapsed_us=2838 block_gets=0 block_puts=0 deleted=0
checkpoint_phase lsn=20312 phase=value_index_schedule slot=0 started_ns=1790174523899871000 ended_ns=1790174523902672083 elapsed_us=2801 block_gets=0 block_puts=0 deleted=0
checkpoint_phase lsn=20312 phase=value_index_schedule slot=0 started_ns=1790174523902684000 ended_ns=1790174523903792125 elapsed_us=1108 block_gets=0 block_puts=0 deleted=0
checkpoint_phase lsn=20312 phase=value_index_schedule slot=0 started_ns=1790174523903798000 ended_ns=1790174523903826250 elapsed_us=28 block_gets=0 block_puts=0 deleted=0
checkpoint_phase lsn=20312 phase=value_index_schedule slot=0 started_ns=1790174523903829000 ended_ns=1790174523903852375 elapsed_us=23 block_gets=0 block_puts=0 deleted=0
checkpoint_phase lsn=20312 phase=value_index_schedule slot=0 started_ns=1790174523903855000 ended_ns=1790174523903880750 elapsed_us=25 block_gets=0 block_puts=0 deleted=0
checkpoint_phase lsn=20312 phase=value_index_schedule slot=0 started_ns=1790174523903883000 ended_ns=1790174523908711334 elapsed_us=4828 block_gets=0 block_puts=1 deleted=0
checkpoint_phase lsn=20312 phase=value_index_schedule slot=0 started_ns=1790174523908723000 ended_ns=1790174523922847666 elapsed_us=14124 block_gets=0 block_puts=4 deleted=0
checkpoint_phase lsn=20312 phase=value_index_schedule slot=0 started_ns=1790174523922859000 ended_ns=1790174523923624750 elapsed_us=765 block_gets=0 block_puts=0 deleted=0
checkpoint_phase lsn=20312 phase=value_index_schedule slot=0 started_ns=1790174523923628000 ended_ns=1790174523923718458 elapsed_us=90 block_gets=0 block_puts=0 deleted=0
checkpoint_phase lsn=20312 phase=value_index_schedule slot=0 started_ns=1790174523923721000 ended_ns=1790174523923802625 elapsed_us=81 block_gets=0 block_puts=0 deleted=0
checkpoint_phase lsn=20312 phase=value_index_schedule slot=0 started_ns=1790174523923810000 ended_ns=1790174523923891250 elapsed_us=81 block_gets=0 block_puts=0 deleted=0
checkpoint_phase lsn=20312 phase=value_index_schedule slot=0 started_ns=1790174523923893000 ended_ns=1790174523929022458 elapsed_us=5129 block_gets=0 block_puts=1 deleted=0
checkpoint_phase lsn=20312 phase=value_index_schedule slot=0 started_ns=1790174523929034000 ended_ns=1790174523929251875 elapsed_us=217 block_gets=0 block_puts=0 deleted=0
checkpoint_phase lsn=20312 phase=value_index_schedule slot=0 started_ns=1790174523929257000 ended_ns=1790174523929450291 elapsed_us=193 block_gets=0 block_puts=0 deleted=0
checkpoint_phase lsn=20312 phase=value_index_schedule slot=0 started_ns=1790174523929468000 ended_ns=1790174523929658209 elapsed_us=190 block_gets=0 block_puts=0 deleted=0
checkpoint_phase lsn=20312 phase=value_index_schedule slot=0 started_ns=1790174523929664000 ended_ns=1790174523934647333 elapsed_us=4983 block_gets=0 block_puts=1 deleted=0
checkpoint_phase lsn=20312 phase=value_index_schedule slot=0 started_ns=1790174523934661000 ended_ns=1790174523934726625 elapsed_us=65 block_gets=0 block_puts=0 deleted=0
checkpoint_phase lsn=20312 phase=value_index_schedule slot=0 started_ns=1790174523934729000 ended_ns=1790174523934761333 elapsed_us=32 block_gets=0 block_puts=0 deleted=0
checkpoint_phase lsn=20312 phase=value_index_schedule slot=0 started_ns=1790174523934767000 ended_ns=1790174523949494208 elapsed_us=14727 block_gets=0 block_puts=4 deleted=0
checkpoint_phase lsn=20312 phase=value_index_schedule slot=0 started_ns=1790174523949506000 ended_ns=1790174523949506416 elapsed_us=0 block_gets=0 block_puts=0 deleted=0
checkpoint_phase lsn=20312 phase=value_index_write slot=0 started_ns=1790174523949509000 ended_ns=1790174523949716208 elapsed_us=207 block_gets=0 block_puts=0 deleted=0
checkpoint_phase lsn=20312 phase=value_index_write slot=0 started_ns=1790174523949719000 ended_ns=1790174523949791958 elapsed_us=72 block_gets=0 block_puts=0 deleted=0
checkpoint_phase lsn=20312 phase=value_index_write slot=0 started_ns=1790174523949794000 ended_ns=1790174523949870583 elapsed_us=76 block_gets=0 block_puts=0 deleted=0
checkpoint_phase lsn=20312 phase=value_index_write slot=0 started_ns=1790174523949872000 ended_ns=1790174523950069000 elapsed_us=197 block_gets=0 block_puts=0 deleted=0
checkpoint_phase lsn=20312 phase=value_index_write slot=0 started_ns=1790174523950071000 ended_ns=1790174523950145500 elapsed_us=74 block_gets=0 block_puts=0 deleted=0
checkpoint_phase lsn=20312 phase=value_index_write slot=0 started_ns=1790174523950147000 ended_ns=1790174523950222625 elapsed_us=75 block_gets=0 block_puts=0 deleted=0
checkpoint_phase lsn=20312 phase=value_index_write slot=0 started_ns=1790174523950225000 ended_ns=1790174523950300916 elapsed_us=75 block_gets=0 block_puts=0 deleted=0
checkpoint_phase lsn=20312 phase=value_index_write slot=0 started_ns=1790174523950303000 ended_ns=1790174523956739584 elapsed_us=6436 block_gets=0 block_puts=1 deleted=0
checkpoint_phase lsn=20312 phase=value_index_write slot=0 started_ns=1790174523956749000 ended_ns=1790174523956822625 elapsed_us=73 block_gets=0 block_puts=0 deleted=0
checkpoint_phase lsn=20312 phase=value_index_write slot=0 started_ns=1790174523956826000 ended_ns=1790174523965265625 elapsed_us=8439 block_gets=0 block_puts=2 deleted=0
checkpoint_phase lsn=20312 phase=value_index_schedule slot=0 started_ns=1790174523965277000 ended_ns=1790174523965280500 elapsed_us=3 block_gets=0 block_puts=0 deleted=0
checkpoint_phase lsn=20312 phase=value_index_schedule slot=0 started_ns=1790174523965284000 ended_ns=1790174523966102875 elapsed_us=818 block_gets=0 block_puts=0 deleted=0
checkpoint_phase lsn=20312 phase=value_index_schedule slot=0 started_ns=1790174523966108000 ended_ns=1790174523967399292 elapsed_us=1291 block_gets=0 block_puts=0 deleted=0
checkpoint_phase lsn=20312 phase=value_index_schedule slot=0 started_ns=1790174523967410000 ended_ns=1790174523968563125 elapsed_us=1153 block_gets=0 block_puts=0 deleted=0
checkpoint_phase lsn=20312 phase=value_index_schedule slot=0 started_ns=1790174523968570000 ended_ns=1790174523971194334 elapsed_us=2624 block_gets=0 block_puts=0 deleted=0
checkpoint_phase lsn=20312 phase=value_index_schedule slot=0 started_ns=1790174523971201000 ended_ns=1790174523978400791 elapsed_us=7199 block_gets=0 block_puts=0 deleted=0
checkpoint_phase lsn=20312 phase=value_index_schedule slot=0 started_ns=1790174523978413000 ended_ns=1790174523978442541 elapsed_us=29 block_gets=0 block_puts=0 deleted=0
checkpoint_phase lsn=20312 phase=value_index_schedule slot=0 started_ns=1790174523978446000 ended_ns=1790174523978469500 elapsed_us=23 block_gets=0 block_puts=0 deleted=0
checkpoint_phase lsn=20312 phase=value_index_schedule slot=0 started_ns=1790174523978472000 ended_ns=1790174523978495458 elapsed_us=23 block_gets=0 block_puts=0 deleted=0
checkpoint_phase lsn=20312 phase=value_index_schedule slot=0 started_ns=1790174523978498000 ended_ns=1790174523982668959 elapsed_us=4170 block_gets=0 block_puts=1 deleted=0
checkpoint_phase lsn=20312 phase=value_index_schedule slot=0 started_ns=1790174523982676000 ended_ns=1790174523996642083 elapsed_us=13966 block_gets=0 block_puts=4 deleted=0
checkpoint_phase lsn=20312 phase=value_index_schedule slot=0 started_ns=1790174523996651000 ended_ns=1790174523999554625 elapsed_us=2903 block_gets=0 block_puts=0 deleted=0
checkpoint_phase lsn=20312 phase=value_index_schedule slot=0 started_ns=1790174523999561000 ended_ns=1790174524002413417 elapsed_us=2852 block_gets=0 block_puts=0 deleted=0
checkpoint_phase lsn=20312 phase=value_index_schedule slot=0 started_ns=1790174524002421000 ended_ns=1790174524005205916 elapsed_us=2784 block_gets=0 block_puts=0 deleted=0
checkpoint_phase lsn=20312 phase=value_index_schedule slot=0 started_ns=1790174524005213000 ended_ns=1790174524007997208 elapsed_us=2784 block_gets=0 block_puts=0 deleted=0
checkpoint_phase lsn=20312 phase=value_index_schedule slot=0 started_ns=1790174524008005000 ended_ns=1790174524009428542 elapsed_us=1423 block_gets=0 block_puts=0 deleted=0
checkpoint_phase lsn=20312 phase=value_index_schedule slot=0 started_ns=1790174524009433000 ended_ns=1790174524009461208 elapsed_us=28 block_gets=0 block_puts=0 deleted=0
checkpoint_phase lsn=20312 phase=value_index_schedule slot=0 started_ns=1790174524009464000 ended_ns=1790174524009486916 elapsed_us=22 block_gets=0 block_puts=0 deleted=0
checkpoint_phase lsn=20312 phase=value_index_schedule slot=0 started_ns=1790174524009489000 ended_ns=1790174524009512333 elapsed_us=23 block_gets=0 block_puts=0 deleted=0
checkpoint_phase lsn=20312 phase=value_index_schedule slot=0 started_ns=1790174524009515000 ended_ns=1790174524014391291 elapsed_us=4876 block_gets=0 block_puts=1 deleted=0
checkpoint_phase lsn=20312 phase=value_index_schedule slot=0 started_ns=1790174524014402000 ended_ns=1790174524027486958 elapsed_us=13084 block_gets=0 block_puts=4 deleted=0
checkpoint_phase lsn=20312 phase=value_index_schedule slot=0 started_ns=1790174524027498000 ended_ns=1790174524028090500 elapsed_us=592 block_gets=0 block_puts=0 deleted=0
checkpoint_phase lsn=20312 phase=value_index_schedule slot=0 started_ns=1790174524028095000 ended_ns=1790174524028255250 elapsed_us=160 block_gets=0 block_puts=0 deleted=0
checkpoint_phase lsn=20312 phase=value_index_schedule slot=0 started_ns=1790174524028260000 ended_ns=1790174524028407542 elapsed_us=147 block_gets=0 block_puts=0 deleted=0
checkpoint_phase lsn=20312 phase=value_index_schedule slot=0 started_ns=1790174524028410000 ended_ns=1790174524028658708 elapsed_us=248 block_gets=0 block_puts=0 deleted=0
checkpoint_phase lsn=20312 phase=value_index_schedule slot=0 started_ns=1790174524028661000 ended_ns=1790174524033736000 elapsed_us=5075 block_gets=0 block_puts=1 deleted=0
checkpoint_phase lsn=20312 phase=value_index_schedule slot=0 started_ns=1790174524033745000 ended_ns=1790174524033998166 elapsed_us=253 block_gets=0 block_puts=0 deleted=0
checkpoint_phase lsn=20312 phase=value_index_schedule slot=0 started_ns=1790174524034001000 ended_ns=1790174524034251458 elapsed_us=250 block_gets=0 block_puts=0 deleted=0
checkpoint_phase lsn=20312 phase=value_index_schedule slot=0 started_ns=1790174524034254000 ended_ns=1790174524039366375 elapsed_us=5112 block_gets=0 block_puts=1 deleted=0
checkpoint_phase lsn=20312 phase=value_index_schedule slot=0 started_ns=1790174524039372000 ended_ns=1790174524039625875 elapsed_us=253 block_gets=0 block_puts=0 deleted=0
checkpoint_phase lsn=20312 phase=value_index_schedule slot=0 started_ns=1790174524039629000 ended_ns=1790174524039658250 elapsed_us=29 block_gets=0 block_puts=0 deleted=0
checkpoint_phase lsn=20312 phase=value_index_schedule slot=0 started_ns=1790174524039662000 ended_ns=1790174524054772667 elapsed_us=15110 block_gets=0 block_puts=4 deleted=0
checkpoint_phase lsn=20312 phase=value_index_schedule slot=0 started_ns=1790174524054782000 ended_ns=1790174524057555459 elapsed_us=2773 block_gets=0 block_puts=0 deleted=0
checkpoint_phase lsn=20312 phase=value_index_schedule slot=0 started_ns=1790174524057561000 ended_ns=1790174524057854792 elapsed_us=293 block_gets=0 block_puts=0 deleted=0
checkpoint_phase lsn=20312 phase=value_index_schedule slot=0 started_ns=1790174524057858000 ended_ns=1790174524057885791 elapsed_us=27 block_gets=0 block_puts=0 deleted=0
checkpoint_phase lsn=20312 phase=value_index_schedule slot=0 started_ns=1790174524057888000 ended_ns=1790174524072552500 elapsed_us=14664 block_gets=0 block_puts=4 deleted=0
checkpoint_phase lsn=20312 phase=value_index_schedule slot=0 started_ns=1790174524072561000 ended_ns=1790174524072561584 elapsed_us=0 block_gets=0 block_puts=0 deleted=0
checkpoint_phase lsn=20312 phase=value_index_schedule slot=0 started_ns=1790174524072564000 ended_ns=1790174524072736834 elapsed_us=172 block_gets=0 block_puts=0 deleted=0
checkpoint_phase lsn=20312 phase=value_index_schedule slot=0 started_ns=1790174524072739000 ended_ns=1790174524073024500 elapsed_us=285 block_gets=0 block_puts=0 deleted=0
checkpoint_phase lsn=20312 phase=value_index_schedule slot=0 started_ns=1790174524073027000 ended_ns=1790174524073301667 elapsed_us=274 block_gets=0 block_puts=0 deleted=0
checkpoint_phase lsn=20312 phase=value_index_schedule slot=0 started_ns=1790174524073304000 ended_ns=1790174524073579333 elapsed_us=275 block_gets=0 block_puts=0 deleted=0
checkpoint_phase lsn=20312 phase=value_index_schedule slot=0 started_ns=1790174524073582000 ended_ns=1790174524078392250 elapsed_us=4810 block_gets=0 block_puts=1 deleted=0
checkpoint_phase lsn=20312 phase=value_index_schedule slot=0 started_ns=1790174524078401000 ended_ns=1790174524078682292 elapsed_us=281 block_gets=0 block_puts=0 deleted=0
checkpoint_phase lsn=20312 phase=value_index_schedule slot=0 started_ns=1790174524078685000 ended_ns=1790174524078959833 elapsed_us=274 block_gets=0 block_puts=0 deleted=0
checkpoint_phase lsn=20312 phase=value_index_schedule slot=0 started_ns=1790174524078963000 ended_ns=1790174524083718708 elapsed_us=4755 block_gets=0 block_puts=1 deleted=0
checkpoint_phase lsn=20312 phase=value_index_schedule slot=0 started_ns=1790174524083731000 ended_ns=1790174524083969958 elapsed_us=238 block_gets=0 block_puts=0 deleted=0
checkpoint_phase lsn=20312 phase=value_index_schedule slot=0 started_ns=1790174524083975000 ended_ns=1790174524084122292 elapsed_us=147 block_gets=0 block_puts=0 deleted=0
checkpoint_phase lsn=20312 phase=value_index_schedule slot=0 started_ns=1790174524084125000 ended_ns=1790174524088891416 elapsed_us=4766 block_gets=0 block_puts=1 deleted=0
checkpoint_phase lsn=20312 phase=value_index_schedule slot=0 started_ns=1790174524088899000 ended_ns=1790174524102607750 elapsed_us=13708 block_gets=0 block_puts=4 deleted=0
checkpoint_phase lsn=20312 phase=value_index_schedule slot=0 started_ns=1790174524102617000 ended_ns=1790174524102617333 elapsed_us=0 block_gets=0 block_puts=0 deleted=0
checkpoint_phase lsn=20312 phase=value_index_write slot=0 started_ns=1790174524102620000 ended_ns=1790174524102896083 elapsed_us=276 block_gets=0 block_puts=0 deleted=0
checkpoint_phase lsn=20312 phase=value_index_write slot=0 started_ns=1790174524102899000 ended_ns=1790174524103042583 elapsed_us=143 block_gets=0 block_puts=0 deleted=0
checkpoint_phase lsn=20312 phase=value_index_write slot=0 started_ns=1790174524103048000 ended_ns=1790174524103191209 elapsed_us=143 block_gets=0 block_puts=0 deleted=0
checkpoint_phase lsn=20312 phase=value_index_write slot=0 started_ns=1790174524103193000 ended_ns=1790174524103463417 elapsed_us=270 block_gets=0 block_puts=0 deleted=0
checkpoint_phase lsn=20312 phase=value_index_write slot=0 started_ns=1790174524103466000 ended_ns=1790174524103611416 elapsed_us=145 block_gets=0 block_puts=0 deleted=0
checkpoint_phase lsn=20312 phase=value_index_write slot=0 started_ns=1790174524103613000 ended_ns=1790174524111358125 elapsed_us=7745 block_gets=0 block_puts=1 deleted=0
checkpoint_phase lsn=20312 phase=value_index_write slot=0 started_ns=1790174524111366000 ended_ns=1790174524111645375 elapsed_us=279 block_gets=0 block_puts=0 deleted=0
checkpoint_phase lsn=20312 phase=value_index_write slot=0 started_ns=1790174524111649000 ended_ns=1790174524111799083 elapsed_us=150 block_gets=0 block_puts=0 deleted=0
checkpoint_phase lsn=20312 phase=value_index_write slot=0 started_ns=1790174524111801000 ended_ns=1790174524111950625 elapsed_us=149 block_gets=0 block_puts=0 deleted=0
checkpoint_phase lsn=20312 phase=value_index_write slot=0 started_ns=1790174524111952000 ended_ns=1790174524123044666 elapsed_us=11092 block_gets=0 block_puts=2 deleted=0
checkpoint_phase lsn=20312 phase=value_index_schedule slot=0 started_ns=1790174524123056000 ended_ns=1790174524123059750 elapsed_us=3 block_gets=0 block_puts=0 deleted=0
checkpoint_phase lsn=20312 phase=value_index_schedule slot=0 started_ns=1790174524123063000 ended_ns=1790174524123874875 elapsed_us=811 block_gets=0 block_puts=0 deleted=0
checkpoint_phase lsn=20312 phase=value_index_schedule slot=0 started_ns=1790174524123880000 ended_ns=1790174524125145750 elapsed_us=1265 block_gets=0 block_puts=0 deleted=0
checkpoint_phase lsn=20312 phase=value_index_schedule slot=0 started_ns=1790174524125153000 ended_ns=1790174524126297292 elapsed_us=1144 block_gets=0 block_puts=0 deleted=0
checkpoint_phase lsn=20312 phase=value_index_schedule slot=0 started_ns=1790174524126303000 ended_ns=1790174524128966125 elapsed_us=2663 block_gets=0 block_puts=0 deleted=0
checkpoint_phase lsn=20312 phase=value_index_schedule slot=0 started_ns=1790174524128976000 ended_ns=1790174524138939083 elapsed_us=9963 block_gets=0 block_puts=0 deleted=0
checkpoint_phase lsn=20312 phase=value_index_schedule slot=0 started_ns=1790174524138959000 ended_ns=1790174524138986500 elapsed_us=27 block_gets=0 block_puts=0 deleted=0
checkpoint_phase lsn=20312 phase=value_index_schedule slot=0 started_ns=1790174524138991000 ended_ns=1790174524139013666 elapsed_us=22 block_gets=0 block_puts=0 deleted=0
checkpoint_phase lsn=20312 phase=value_index_schedule slot=0 started_ns=1790174524139016000 ended_ns=1790174524139038917 elapsed_us=22 block_gets=0 block_puts=0 deleted=0
checkpoint_phase lsn=20312 phase=value_index_schedule slot=0 started_ns=1790174524139051000 ended_ns=1790174524143043167 elapsed_us=3992 block_gets=0 block_puts=1 deleted=0
checkpoint_phase lsn=20312 phase=value_index_schedule slot=0 started_ns=1790174524143056000 ended_ns=1790174524157497916 elapsed_us=14441 block_gets=0 block_puts=4 deleted=0
checkpoint_phase lsn=20312 phase=value_index_schedule slot=0 started_ns=1790174524157508000 ended_ns=1790174524160382000 elapsed_us=2874 block_gets=0 block_puts=0 deleted=0
checkpoint_phase lsn=20312 phase=value_index_schedule slot=0 started_ns=1790174524160391000 ended_ns=1790174524163199334 elapsed_us=2808 block_gets=0 block_puts=0 deleted=0
checkpoint_phase lsn=20312 phase=value_index_schedule slot=0 started_ns=1790174524163206000 ended_ns=1790174524166027541 elapsed_us=2821 block_gets=0 block_puts=0 deleted=0
checkpoint_phase lsn=20312 phase=value_index_schedule slot=0 started_ns=1790174524166037000 ended_ns=1790174524168902666 elapsed_us=2865 block_gets=0 block_puts=0 deleted=0
checkpoint_phase lsn=20312 phase=value_index_schedule slot=0 started_ns=1790174524168914000 ended_ns=1790174524170435500 elapsed_us=1521 block_gets=0 block_puts=0 deleted=0
checkpoint_phase lsn=20312 phase=value_index_schedule slot=0 started_ns=1790174524170441000 ended_ns=1790174524170468875 elapsed_us=27 block_gets=0 block_puts=0 deleted=0
checkpoint_phase lsn=20312 phase=value_index_schedule slot=0 started_ns=1790174524170475000 ended_ns=1790174524170498292 elapsed_us=23 block_gets=0 block_puts=0 deleted=0
checkpoint_phase lsn=20312 phase=value_index_schedule slot=0 started_ns=1790174524170500000 ended_ns=1790174524170523167 elapsed_us=23 block_gets=0 block_puts=0 deleted=0
checkpoint_phase lsn=20312 phase=value_index_schedule slot=0 started_ns=1790174524170526000 ended_ns=1790174524175253125 elapsed_us=4727 block_gets=0 block_puts=1 deleted=0
checkpoint_phase lsn=20312 phase=value_index_schedule slot=0 started_ns=1790174524175263000 ended_ns=1790174524189835125 elapsed_us=14572 block_gets=0 block_puts=4 deleted=0
checkpoint_phase lsn=20312 phase=value_index_schedule slot=0 started_ns=1790174524189846000 ended_ns=1790174524190438791 elapsed_us=592 block_gets=0 block_puts=0 deleted=0
checkpoint_phase lsn=20312 phase=value_index_schedule slot=0 started_ns=1790174524190443000 ended_ns=1790174524190657625 elapsed_us=214 block_gets=0 block_puts=0 deleted=0
checkpoint_phase lsn=20312 phase=value_index_schedule slot=0 started_ns=1790174524190661000 ended_ns=1790174524190867167 elapsed_us=206 block_gets=0 block_puts=0 deleted=0
checkpoint_phase lsn=20312 phase=value_index_schedule slot=0 started_ns=1790174524190870000 ended_ns=1790174524191170125 elapsed_us=300 block_gets=0 block_puts=0 deleted=0
checkpoint_phase lsn=20312 phase=value_index_schedule slot=0 started_ns=1790174524191172000 ended_ns=1790174524195916750 elapsed_us=4744 block_gets=0 block_puts=1 deleted=0
checkpoint_phase lsn=20312 phase=value_index_schedule slot=0 started_ns=1790174524195926000 ended_ns=1790174524196241917 elapsed_us=315 block_gets=0 block_puts=0 deleted=0
checkpoint_phase lsn=20312 phase=value_index_schedule slot=0 started_ns=1790174524196245000 ended_ns=1790174524196556750 elapsed_us=311 block_gets=0 block_puts=0 deleted=0
checkpoint_phase lsn=20312 phase=value_index_schedule slot=0 started_ns=1790174524196560000 ended_ns=1790174524201894000 elapsed_us=5334 block_gets=0 block_puts=1 deleted=0
checkpoint_phase lsn=20312 phase=value_index_schedule slot=0 started_ns=1790174524201905000 ended_ns=1790174524202206959 elapsed_us=301 block_gets=0 block_puts=0 deleted=0
checkpoint_phase lsn=20312 phase=value_index_schedule slot=0 started_ns=1790174524202211000 ended_ns=1790174524202239083 elapsed_us=28 block_gets=0 block_puts=0 deleted=0
checkpoint_phase lsn=20312 phase=value_index_schedule slot=0 started_ns=1790174524202242000 ended_ns=1790174524217473208 elapsed_us=15231 block_gets=0 block_puts=4 deleted=0
checkpoint_phase lsn=20312 phase=value_index_schedule slot=0 started_ns=1790174524217483000 ended_ns=1790174524220270250 elapsed_us=2787 block_gets=0 block_puts=0 deleted=0
checkpoint_phase lsn=20312 phase=value_index_schedule slot=0 started_ns=1790174524220279000 ended_ns=1790174524220865792 elapsed_us=586 block_gets=0 block_puts=0 deleted=0
checkpoint_phase lsn=20312 phase=value_index_schedule slot=0 started_ns=1790174524220887000 ended_ns=1790174524220915291 elapsed_us=28 block_gets=0 block_puts=0 deleted=0
checkpoint_phase lsn=20312 phase=value_index_schedule slot=0 started_ns=1790174524220920000 ended_ns=1790174524235883250 elapsed_us=14963 block_gets=0 block_puts=4 deleted=0
checkpoint_phase lsn=20312 phase=value_index_schedule slot=0 started_ns=1790174524235894000 ended_ns=1790174524235894375 elapsed_us=0 block_gets=0 block_puts=0 deleted=0
checkpoint_phase lsn=20312 phase=value_index_schedule slot=0 started_ns=1790174524235897000 ended_ns=1790174524236069208 elapsed_us=172 block_gets=0 block_puts=0 deleted=0
checkpoint_phase lsn=20312 phase=value_index_schedule slot=0 started_ns=1790174524236073000 ended_ns=1790174524236421416 elapsed_us=348 block_gets=0 block_puts=0 deleted=0
checkpoint_phase lsn=20312 phase=value_index_schedule slot=0 started_ns=1790174524236425000 ended_ns=1790174524236765000 elapsed_us=340 block_gets=0 block_puts=0 deleted=0
checkpoint_phase lsn=20312 phase=value_index_schedule slot=0 started_ns=1790174524236769000 ended_ns=1790174524237108125 elapsed_us=339 block_gets=0 block_puts=0 deleted=0
checkpoint_phase lsn=20312 phase=value_index_schedule slot=0 started_ns=1790174524237112000 ended_ns=1790174524241981292 elapsed_us=4869 block_gets=0 block_puts=1 deleted=0
checkpoint_phase lsn=20312 phase=value_index_schedule slot=0 started_ns=1790174524241989000 ended_ns=1790174524242316458 elapsed_us=327 block_gets=0 block_puts=0 deleted=0
checkpoint_phase lsn=20312 phase=value_index_schedule slot=0 started_ns=1790174524242321000 ended_ns=1790174524242660875 elapsed_us=339 block_gets=0 block_puts=0 deleted=0
checkpoint_phase lsn=20312 phase=value_index_schedule slot=0 started_ns=1790174524242663000 ended_ns=1790174524246617667 elapsed_us=3954 block_gets=0 block_puts=1 deleted=0
checkpoint_phase lsn=20312 phase=value_index_schedule slot=0 started_ns=1790174524246627000 ended_ns=1790174524246909875 elapsed_us=282 block_gets=0 block_puts=0 deleted=0
checkpoint_phase lsn=20312 phase=value_index_schedule slot=0 started_ns=1790174524246916000 ended_ns=1790174524247075458 elapsed_us=159 block_gets=0 block_puts=0 deleted=0
checkpoint_phase lsn=20312 phase=value_index_schedule slot=0 started_ns=1790174524247078000 ended_ns=1790174524252118541 elapsed_us=5040 block_gets=0 block_puts=1 deleted=0
checkpoint_phase lsn=20312 phase=value_index_schedule slot=0 started_ns=1790174524252127000 ended_ns=1790174524265369791 elapsed_us=13242 block_gets=0 block_puts=4 deleted=0
checkpoint_phase lsn=20312 phase=value_index_schedule slot=0 started_ns=1790174524265379000 ended_ns=1790174524265379375 elapsed_us=0 block_gets=0 block_puts=0 deleted=0
checkpoint_phase lsn=20312 phase=value_index_write slot=0 started_ns=1790174524265382000 ended_ns=1790174524280535792 elapsed_us=15153 block_gets=0 block_puts=4 deleted=0
checkpoint_phase lsn=20312 phase=value_index_write slot=0 started_ns=1790174524280547000 ended_ns=1790174524295456791 elapsed_us=14909 block_gets=0 block_puts=4 deleted=0
checkpoint_phase lsn=20312 phase=value_index_write slot=0 started_ns=1790174524295467000 ended_ns=1790174524310808375 elapsed_us=15341 block_gets=0 block_puts=4 deleted=0
checkpoint_phase lsn=20312 phase=value_index_write slot=0 started_ns=1790174524310818000 ended_ns=1790174524325977083 elapsed_us=15159 block_gets=0 block_puts=4 deleted=0
checkpoint_phase lsn=20312 phase=value_index_write slot=0 started_ns=1790174524325987000 ended_ns=1790174524341570708 elapsed_us=15583 block_gets=0 block_puts=4 deleted=0
checkpoint_phase lsn=20312 phase=value_index_write slot=0 started_ns=1790174524341581000 ended_ns=1790174524356720459 elapsed_us=15139 block_gets=0 block_puts=4 deleted=0
checkpoint_phase lsn=20312 phase=value_index_write slot=0 started_ns=1790174524356730000 ended_ns=1790174524371357250 elapsed_us=14627 block_gets=0 block_puts=4 deleted=0
checkpoint_phase lsn=20312 phase=value_index_write slot=0 started_ns=1790174524371368000 ended_ns=1790174524386562958 elapsed_us=15194 block_gets=0 block_puts=4 deleted=0
checkpoint_phase lsn=20312 phase=value_index_write slot=0 started_ns=1790174524386574000 ended_ns=1790174524399936625 elapsed_us=13362 block_gets=0 block_puts=4 deleted=0
checkpoint_phase lsn=20312 phase=value_index_write slot=0 started_ns=1790174524399948000 ended_ns=1790174524414478958 elapsed_us=14530 block_gets=0 block_puts=4 deleted=0
checkpoint_phase lsn=20312 phase=value_index_write slot=0 started_ns=1790174524414489000 ended_ns=1790174524429674917 elapsed_us=15185 block_gets=0 block_puts=4 deleted=0
checkpoint_phase lsn=20312 phase=value_index_write slot=0 started_ns=1790174524429685000 ended_ns=1790174524444718625 elapsed_us=15033 block_gets=0 block_puts=4 deleted=0
checkpoint_phase lsn=20312 phase=value_index_write slot=0 started_ns=1790174524444729000 ended_ns=1790174524459353042 elapsed_us=14624 block_gets=0 block_puts=4 deleted=0
checkpoint_phase lsn=20312 phase=value_index_write slot=0 started_ns=1790174524459363000 ended_ns=1790174524474735000 elapsed_us=15372 block_gets=0 block_puts=4 deleted=0
checkpoint_phase lsn=20312 phase=value_index_write slot=0 started_ns=1790174524474746000 ended_ns=1790174524492674250 elapsed_us=17928 block_gets=0 block_puts=5 deleted=0
checkpoint_phase lsn=20312 phase=value_index_schedule slot=0 started_ns=1790174524492685000 ended_ns=1790174524492688584 elapsed_us=3 block_gets=0 block_puts=0 deleted=0
checkpoint_phase lsn=20312 phase=value_index_schedule slot=0 started_ns=1790174524492692000 ended_ns=1790174524493518417 elapsed_us=826 block_gets=0 block_puts=0 deleted=0
checkpoint_phase lsn=20312 phase=value_index_schedule slot=0 started_ns=1790174524493525000 ended_ns=1790174524494880917 elapsed_us=1355 block_gets=0 block_puts=0 deleted=0
checkpoint_phase lsn=20312 phase=value_index_schedule slot=0 started_ns=1790174524494889000 ended_ns=1790174524496112625 elapsed_us=1223 block_gets=0 block_puts=0 deleted=0
checkpoint_phase lsn=20312 phase=value_index_schedule slot=0 started_ns=1790174524496117000 ended_ns=1790174524507625334 elapsed_us=11508 block_gets=0 block_puts=0 deleted=0
checkpoint_phase lsn=20312 phase=value_index_schedule slot=0 started_ns=1790174524507639000 ended_ns=1790174524507668250 elapsed_us=29 block_gets=0 block_puts=0 deleted=0
checkpoint_phase lsn=20312 phase=value_index_schedule slot=0 started_ns=1790174524507672000 ended_ns=1790174524507694375 elapsed_us=22 block_gets=0 block_puts=0 deleted=0
checkpoint_phase lsn=20312 phase=value_index_schedule slot=0 started_ns=1790174524507697000 ended_ns=1790174524512912792 elapsed_us=5215 block_gets=0 block_puts=1 deleted=0
checkpoint_phase lsn=20312 phase=value_index_schedule slot=0 started_ns=1790174524512923000 ended_ns=1790174524526626750 elapsed_us=13703 block_gets=0 block_puts=4 deleted=0
checkpoint_phase lsn=20312 phase=value_index_schedule slot=0 started_ns=1790174524526638000 ended_ns=1790174524529488208 elapsed_us=2850 block_gets=0 block_puts=0 deleted=0
checkpoint_phase lsn=20312 phase=value_index_schedule slot=0 started_ns=1790174524529496000 ended_ns=1790174524532321250 elapsed_us=2825 block_gets=0 block_puts=0 deleted=0
checkpoint_phase lsn=20312 phase=value_index_schedule slot=0 started_ns=1790174524532329000 ended_ns=1790174524535148708 elapsed_us=2819 block_gets=0 block_puts=0 deleted=0
checkpoint_phase lsn=20312 phase=value_index_schedule slot=0 started_ns=1790174524535158000 ended_ns=1790174524537153792 elapsed_us=1995 block_gets=0 block_puts=0 deleted=0
checkpoint_phase lsn=20312 phase=value_index_schedule slot=0 started_ns=1790174524537163000 ended_ns=1790174524537189541 elapsed_us=26 block_gets=0 block_puts=0 deleted=0
checkpoint_phase lsn=20312 phase=value_index_schedule slot=0 started_ns=1790174524537192000 ended_ns=1790174524537213333 elapsed_us=21 block_gets=0 block_puts=0 deleted=0
checkpoint_phase lsn=20312 phase=value_index_schedule slot=0 started_ns=1790174524537219000 ended_ns=1790174524542549458 elapsed_us=5330 block_gets=0 block_puts=1 deleted=0
checkpoint_phase lsn=20312 phase=value_index_schedule slot=0 started_ns=1790174524542560000 ended_ns=1790174524556979958 elapsed_us=14419 block_gets=0 block_puts=4 deleted=0
checkpoint_phase lsn=20312 phase=value_index_schedule slot=0 started_ns=1790174524556992000 ended_ns=1790174524557771000 elapsed_us=779 block_gets=0 block_puts=0 deleted=0
checkpoint_phase lsn=20312 phase=value_index_schedule slot=0 started_ns=1790174524557775000 ended_ns=1790174524558084959 elapsed_us=309 block_gets=0 block_puts=0 deleted=0
checkpoint_phase lsn=20312 phase=value_index_schedule slot=0 started_ns=1790174524558088000 ended_ns=1790174524558543084 elapsed_us=455 block_gets=0 block_puts=0 deleted=0
checkpoint_phase lsn=20312 phase=value_index_schedule slot=0 started_ns=1790174524558546000 ended_ns=1790174524564095625 elapsed_us=5549 block_gets=0 block_puts=1 deleted=0
checkpoint_phase lsn=20312 phase=value_index_schedule slot=0 started_ns=1790174524564103000 ended_ns=1790174524564551750 elapsed_us=448 block_gets=0 block_puts=0 deleted=0
checkpoint_phase lsn=20312 phase=value_index_schedule slot=0 started_ns=1790174524564555000 ended_ns=1790174524565040958 elapsed_us=485 block_gets=0 block_puts=0 deleted=0
checkpoint_phase lsn=20312 phase=value_index_schedule slot=0 started_ns=1790174524565044000 ended_ns=1790174524570194959 elapsed_us=5150 block_gets=0 block_puts=1 deleted=0
checkpoint_phase lsn=20312 phase=value_index_schedule slot=0 started_ns=1790174524570205000 ended_ns=1790174524570382542 elapsed_us=177 block_gets=0 block_puts=0 deleted=0
checkpoint_phase lsn=20312 phase=value_index_schedule slot=0 started_ns=1790174524570386000 ended_ns=1790174524585866209 elapsed_us=15480 block_gets=0 block_puts=4 deleted=0
checkpoint_phase lsn=20312 phase=value_index_schedule slot=0 started_ns=1790174524585877000 ended_ns=1790174524588681666 elapsed_us=2804 block_gets=0 block_puts=0 deleted=0
checkpoint_phase lsn=20312 phase=value_index_schedule slot=0 started_ns=1790174524588693000 ended_ns=1790174524591478458 elapsed_us=2785 block_gets=0 block_puts=0 deleted=0
checkpoint_phase lsn=20312 phase=value_index_schedule slot=0 started_ns=1790174524591486000 ended_ns=1790174524594910375 elapsed_us=3424 block_gets=0 block_puts=0 deleted=0
checkpoint_phase lsn=20312 phase=value_index_schedule slot=0 started_ns=1790174524594920000 ended_ns=1790174524594947042 elapsed_us=27 block_gets=0 block_puts=0 deleted=0
checkpoint_phase lsn=20312 phase=value_index_schedule slot=0 started_ns=1790174524594951000 ended_ns=1790174524594972375 elapsed_us=21 block_gets=0 block_puts=0 deleted=0
checkpoint_phase lsn=20312 phase=value_index_schedule slot=0 started_ns=1790174524594975000 ended_ns=1790174524601603042 elapsed_us=6628 block_gets=0 block_puts=1 deleted=0
checkpoint_phase lsn=20312 phase=value_index_schedule slot=0 started_ns=1790174524601615000 ended_ns=1790174524617042375 elapsed_us=15427 block_gets=0 block_puts=4 deleted=0
checkpoint_phase lsn=20312 phase=value_index_schedule slot=0 started_ns=1790174524617054000 ended_ns=1790174524617054375 elapsed_us=0 block_gets=0 block_puts=0 deleted=0
checkpoint_phase lsn=20312 phase=value_index_schedule slot=0 started_ns=1790174524617057000 ended_ns=1790174524617891750 elapsed_us=834 block_gets=0 block_puts=0 deleted=0
checkpoint_phase lsn=20312 phase=value_index_schedule slot=0 started_ns=1790174524617896000 ended_ns=1790174524618389833 elapsed_us=493 block_gets=0 block_puts=0 deleted=0
checkpoint_phase lsn=20312 phase=value_index_schedule slot=0 started_ns=1790174524618395000 ended_ns=1790174524618875375 elapsed_us=480 block_gets=0 block_puts=0 deleted=0
checkpoint_phase lsn=20312 phase=value_index_schedule slot=0 started_ns=1790174524618878000 ended_ns=1790174524624634125 elapsed_us=5756 block_gets=0 block_puts=1 deleted=0
checkpoint_phase lsn=20312 phase=value_index_schedule slot=0 started_ns=1790174524624646000 ended_ns=1790174524625128125 elapsed_us=482 block_gets=0 block_puts=0 deleted=0
checkpoint_phase lsn=20312 phase=value_index_schedule slot=0 started_ns=1790174524625132000 ended_ns=1790174524625600375 elapsed_us=468 block_gets=0 block_puts=0 deleted=0
checkpoint_phase lsn=20312 phase=value_index_schedule slot=0 started_ns=1790174524625603000 ended_ns=1790174524631141417 elapsed_us=5538 block_gets=0 block_puts=1 deleted=0
checkpoint_phase lsn=20312 phase=value_index_schedule slot=0 started_ns=1790174524631151000 ended_ns=1790174524631448792 elapsed_us=297 block_gets=0 block_puts=0 deleted=0
checkpoint_phase lsn=20312 phase=value_index_schedule slot=0 started_ns=1790174524631453000 ended_ns=1790174524631749292 elapsed_us=296 block_gets=0 block_puts=0 deleted=0
checkpoint_phase lsn=20312 phase=value_index_schedule slot=0 started_ns=1790174524631752000 ended_ns=1790174524636993708 elapsed_us=5241 block_gets=0 block_puts=1 deleted=0
checkpoint_phase lsn=20312 phase=value_index_schedule slot=0 started_ns=1790174524637004000 ended_ns=1790174524637110500 elapsed_us=106 block_gets=0 block_puts=0 deleted=0
checkpoint_phase lsn=20312 phase=value_index_schedule slot=0 started_ns=1790174524637116000 ended_ns=1790174524651676000 elapsed_us=14560 block_gets=0 block_puts=4 deleted=0
checkpoint_phase lsn=20312 phase=value_index_schedule slot=0 started_ns=1790174524651686000 ended_ns=1790174524651686250 elapsed_us=0 block_gets=0 block_puts=0 deleted=0
checkpoint_phase lsn=20312 phase=value_index_write slot=0 started_ns=1790174524651690000 ended_ns=1790174524666011417 elapsed_us=14321 block_gets=0 block_puts=4 deleted=0
checkpoint_phase lsn=20312 phase=value_index_write slot=0 started_ns=1790174524666021000 ended_ns=1790174524680438416 elapsed_us=14417 block_gets=0 block_puts=4 deleted=0
checkpoint_phase lsn=20312 phase=value_index_write slot=0 started_ns=1790174524680448000 ended_ns=1790174524695601000 elapsed_us=15153 block_gets=0 block_puts=4 deleted=0
checkpoint_phase lsn=20312 phase=value_index_write slot=0 started_ns=1790174524695611000 ended_ns=1790174524709765667 elapsed_us=14154 block_gets=0 block_puts=4 deleted=0
checkpoint_phase lsn=20312 phase=value_index_write slot=0 started_ns=1790174524709774000 ended_ns=1790174524723953291 elapsed_us=14179 block_gets=0 block_puts=4 deleted=0
checkpoint_phase lsn=20312 phase=value_index_write slot=0 started_ns=1790174524723962000 ended_ns=1790174524738508709 elapsed_us=14546 block_gets=0 block_puts=4 deleted=0
checkpoint_phase lsn=20312 phase=value_index_write slot=0 started_ns=1790174524738518000 ended_ns=1790174524750998542 elapsed_us=12480 block_gets=0 block_puts=4 deleted=0
checkpoint_phase lsn=20312 phase=value_index_write slot=0 started_ns=1790174524751012000 ended_ns=1790174524765117500 elapsed_us=14105 block_gets=0 block_puts=4 deleted=0
checkpoint_phase lsn=20312 phase=value_index_write slot=0 started_ns=1790174524765128000 ended_ns=1790174524777805958 elapsed_us=12677 block_gets=0 block_puts=4 deleted=0
checkpoint_phase lsn=20312 phase=value_index_write slot=0 started_ns=1790174524777816000 ended_ns=1790174524791918875 elapsed_us=14102 block_gets=0 block_puts=4 deleted=0
checkpoint_phase lsn=20312 phase=value_index_write slot=0 started_ns=1790174524791931000 ended_ns=1790174524806979583 elapsed_us=15048 block_gets=0 block_puts=4 deleted=0
checkpoint_phase lsn=20312 phase=value_index_write slot=0 started_ns=1790174524806990000 ended_ns=1790174524821958042 elapsed_us=14968 block_gets=0 block_puts=4 deleted=0
checkpoint_phase lsn=20312 phase=value_index_write slot=0 started_ns=1790174524821970000 ended_ns=1790174524834520167 elapsed_us=12550 block_gets=0 block_puts=4 deleted=0
checkpoint_phase lsn=20312 phase=value_index_write slot=0 started_ns=1790174524834531000 ended_ns=1790174524847524542 elapsed_us=12993 block_gets=0 block_puts=4 deleted=0
checkpoint_phase lsn=20312 phase=value_index_write slot=0 started_ns=1790174524847536000 ended_ns=1790174524859921041 elapsed_us=12385 block_gets=0 block_puts=4 deleted=0
checkpoint_phase lsn=20312 phase=value_index_write slot=0 started_ns=1790174524859932000 ended_ns=1790174524872201958 elapsed_us=12269 block_gets=0 block_puts=4 deleted=0
checkpoint_phase lsn=20312 phase=value_index_write slot=0 started_ns=1790174524872212000 ended_ns=1790174524884073625 elapsed_us=11861 block_gets=0 block_puts=4 deleted=0
checkpoint_phase lsn=20312 phase=value_index_write slot=0 started_ns=1790174524884083000 ended_ns=1790174524896994291 elapsed_us=12911 block_gets=0 block_puts=4 deleted=0
checkpoint_phase lsn=20312 phase=value_index_write slot=0 started_ns=1790174524897005000 ended_ns=1790174524910001833 elapsed_us=12996 block_gets=0 block_puts=4 deleted=0
checkpoint_phase lsn=20312 phase=value_index_write slot=0 started_ns=1790174524910011000 ended_ns=1790174524932444416 elapsed_us=22433 block_gets=0 block_puts=6 deleted=0
checkpoint_phase lsn=20312 phase=value_index_schedule slot=0 started_ns=1790174524932457000 ended_ns=1790174524932460916 elapsed_us=3 block_gets=0 block_puts=0 deleted=0
checkpoint_phase lsn=20312 phase=value_index_schedule slot=0 started_ns=1790174524932465000 ended_ns=1790174524933309875 elapsed_us=844 block_gets=0 block_puts=0 deleted=0
checkpoint_phase lsn=20312 phase=value_index_schedule slot=0 started_ns=1790174524933318000 ended_ns=1790174524934806125 elapsed_us=1488 block_gets=0 block_puts=0 deleted=0
checkpoint_phase lsn=20312 phase=value_index_schedule slot=0 started_ns=1790174524934826000 ended_ns=1790174524936009625 elapsed_us=1183 block_gets=0 block_puts=0 deleted=0
checkpoint_phase lsn=20312 phase=value_index_schedule slot=0 started_ns=1790174524936021000 ended_ns=1790174524938735750 elapsed_us=2714 block_gets=0 block_puts=0 deleted=0
checkpoint_phase lsn=20312 phase=value_index_schedule slot=0 started_ns=1790174524938752000 ended_ns=1790174524942794958 elapsed_us=4042 block_gets=0 block_puts=0 deleted=0
checkpoint_phase lsn=20312 phase=value_index_schedule slot=0 started_ns=1790174524942812000 ended_ns=1790174524942843417 elapsed_us=31 block_gets=0 block_puts=0 deleted=0
checkpoint_phase lsn=20312 phase=value_index_schedule slot=0 started_ns=1790174524942848000 ended_ns=1790174524942871709 elapsed_us=23 block_gets=0 block_puts=0 deleted=0
checkpoint_phase lsn=20312 phase=value_index_schedule slot=0 started_ns=1790174524942874000 ended_ns=1790174524942898500 elapsed_us=24 block_gets=0 block_puts=0 deleted=0
checkpoint_phase lsn=20312 phase=value_index_schedule slot=0 started_ns=1790174524942902000 ended_ns=1790174524947370167 elapsed_us=4468 block_gets=0 block_puts=1 deleted=0
checkpoint_phase lsn=20312 phase=value_index_schedule slot=0 started_ns=1790174524947383000 ended_ns=1790174524958997958 elapsed_us=11614 block_gets=0 block_puts=4 deleted=0
checkpoint_phase lsn=20312 phase=value_index_schedule slot=0 started_ns=1790174524959010000 ended_ns=1790174524961918167 elapsed_us=2908 block_gets=0 block_puts=0 deleted=0
checkpoint_phase lsn=20312 phase=value_index_schedule slot=0 started_ns=1790174524961930000 ended_ns=1790174524964741583 elapsed_us=2811 block_gets=0 block_puts=0 deleted=0
checkpoint_phase lsn=20312 phase=value_index_schedule slot=0 started_ns=1790174524964750000 ended_ns=1790174524967592375 elapsed_us=2842 block_gets=0 block_puts=0 deleted=0
checkpoint_phase lsn=20312 phase=value_index_schedule slot=0 started_ns=1790174524967601000 ended_ns=1790174524970443375 elapsed_us=2842 block_gets=0 block_puts=0 deleted=0
checkpoint_phase lsn=20312 phase=value_index_schedule slot=0 started_ns=1790174524970457000 ended_ns=1790174524971285416 elapsed_us=828 block_gets=0 block_puts=0 deleted=0
checkpoint_phase lsn=20312 phase=value_index_schedule slot=0 started_ns=1790174524971292000 ended_ns=1790174524971323209 elapsed_us=31 block_gets=0 block_puts=0 deleted=0
checkpoint_phase lsn=20312 phase=value_index_schedule slot=0 started_ns=1790174524971326000 ended_ns=1790174524971349500 elapsed_us=23 block_gets=0 block_puts=0 deleted=0
checkpoint_phase lsn=20312 phase=value_index_schedule slot=0 started_ns=1790174524971353000 ended_ns=1790174524971376375 elapsed_us=23 block_gets=0 block_puts=0 deleted=0
checkpoint_phase lsn=20312 phase=value_index_schedule slot=0 started_ns=1790174524971382000 ended_ns=1790174524976468458 elapsed_us=5086 block_gets=0 block_puts=1 deleted=0
checkpoint_phase lsn=20312 phase=value_index_schedule slot=0 started_ns=1790174524976481000 ended_ns=1790174524990124125 elapsed_us=13643 block_gets=0 block_puts=4 deleted=0
checkpoint_phase lsn=20312 phase=value_index_schedule slot=0 started_ns=1790174524990136000 ended_ns=1790174524990919417 elapsed_us=783 block_gets=0 block_puts=0 deleted=0
checkpoint_phase lsn=20312 phase=value_index_schedule slot=0 started_ns=1790174524990926000 ended_ns=1790174524991046250 elapsed_us=120 block_gets=0 block_puts=0 deleted=0
checkpoint_phase lsn=20312 phase=value_index_schedule slot=0 started_ns=1790174524991052000 ended_ns=1790174524991163000 elapsed_us=111 block_gets=0 block_puts=0 deleted=0
checkpoint_phase lsn=20312 phase=value_index_schedule slot=0 started_ns=1790174524991169000 ended_ns=1790174524991386250 elapsed_us=217 block_gets=0 block_puts=0 deleted=0
checkpoint_phase lsn=20312 phase=value_index_schedule slot=0 started_ns=1790174524991391000 ended_ns=1790174524996043083 elapsed_us=4652 block_gets=0 block_puts=1 deleted=0
checkpoint_phase lsn=20312 phase=value_index_schedule slot=0 started_ns=1790174524996064000 ended_ns=1790174524996286250 elapsed_us=222 block_gets=0 block_puts=0 deleted=0
checkpoint_phase lsn=20312 phase=value_index_schedule slot=0 started_ns=1790174524996293000 ended_ns=1790174524996550083 elapsed_us=257 block_gets=0 block_puts=0 deleted=0
checkpoint_phase lsn=20312 phase=value_index_schedule slot=0 started_ns=1790174524996556000 ended_ns=1790174525001217250 elapsed_us=4661 block_gets=0 block_puts=1 deleted=0
checkpoint_phase lsn=20312 phase=value_index_schedule slot=0 started_ns=1790174525001228000 ended_ns=1790174525001480750 elapsed_us=252 block_gets=0 block_puts=0 deleted=0
checkpoint_phase lsn=20312 phase=value_index_schedule slot=0 started_ns=1790174525001498000 ended_ns=1790174525001517792 elapsed_us=19 block_gets=0 block_puts=0 deleted=0
checkpoint_phase lsn=20312 phase=value_index_schedule slot=0 started_ns=1790174525001526000 ended_ns=1790174525018207125 elapsed_us=16681 block_gets=0 block_puts=4 deleted=0
checkpoint_phase lsn=20312 phase=value_index_schedule slot=0 started_ns=1790174525018222000 ended_ns=1790174525023213625 elapsed_us=4991 block_gets=0 block_puts=0 deleted=0
checkpoint_phase lsn=20312 phase=value_index_schedule slot=0 started_ns=1790174525023236000 ended_ns=1790174525024950375 elapsed_us=1714 block_gets=0 block_puts=0 deleted=0
checkpoint_phase lsn=20312 phase=value_index_schedule slot=0 started_ns=1790174525024966000 ended_ns=1790174525024995208 elapsed_us=29 block_gets=0 block_puts=0 deleted=0
checkpoint_phase lsn=20312 phase=value_index_schedule slot=0 started_ns=1790174525025000000 ended_ns=1790174525037933750 elapsed_us=12933 block_gets=0 block_puts=4 deleted=0
checkpoint_phase lsn=20312 phase=value_index_schedule slot=0 started_ns=1790174525037944000 ended_ns=1790174525037944334 elapsed_us=0 block_gets=0 block_puts=0 deleted=0
checkpoint_phase lsn=20312 phase=value_index_schedule slot=0 started_ns=1790174525037947000 ended_ns=1790174525038156917 elapsed_us=209 block_gets=0 block_puts=0 deleted=0
checkpoint_phase lsn=20312 phase=value_index_schedule slot=0 started_ns=1790174525038161000 ended_ns=1790174525038426667 elapsed_us=265 block_gets=0 block_puts=0 deleted=0
checkpoint_phase lsn=20312 phase=value_index_schedule slot=0 started_ns=1790174525038429000 ended_ns=1790174525038684833 elapsed_us=255 block_gets=0 block_puts=0 deleted=0
checkpoint_phase lsn=20312 phase=value_index_schedule slot=0 started_ns=1790174525038691000 ended_ns=1790174525038945500 elapsed_us=254 block_gets=0 block_puts=0 deleted=0
checkpoint_phase lsn=20312 phase=value_index_schedule slot=0 started_ns=1790174525038948000 ended_ns=1790174525044280334 elapsed_us=5332 block_gets=0 block_puts=1 deleted=0
checkpoint_phase lsn=20312 phase=value_index_schedule slot=0 started_ns=1790174525044299000 ended_ns=1790174525044557000 elapsed_us=258 block_gets=0 block_puts=0 deleted=0
checkpoint_phase lsn=20312 phase=value_index_schedule slot=0 started_ns=1790174525044562000 ended_ns=1790174525044812709 elapsed_us=250 block_gets=0 block_puts=0 deleted=0
checkpoint_phase lsn=20312 phase=value_index_schedule slot=0 started_ns=1790174525044818000 ended_ns=1790174525049884208 elapsed_us=5066 block_gets=0 block_puts=1 deleted=0
checkpoint_phase lsn=20312 phase=value_index_schedule slot=0 started_ns=1790174525049898000 ended_ns=1790174525050009208 elapsed_us=111 block_gets=0 block_puts=0 deleted=0
checkpoint_phase lsn=20312 phase=value_index_schedule slot=0 started_ns=1790174525050012000 ended_ns=1790174525050151708 elapsed_us=139 block_gets=0 block_puts=0 deleted=0
checkpoint_phase lsn=20312 phase=value_index_schedule slot=0 started_ns=1790174525050158000 ended_ns=1790174525055289583 elapsed_us=5131 block_gets=0 block_puts=1 deleted=0
checkpoint_phase lsn=20312 phase=value_index_schedule slot=0 started_ns=1790174525055303000 ended_ns=1790174525066601084 elapsed_us=11298 block_gets=0 block_puts=4 deleted=0
checkpoint_phase lsn=20312 phase=value_index_schedule slot=0 started_ns=1790174525066616000 ended_ns=1790174525066616542 elapsed_us=0 block_gets=0 block_puts=0 deleted=0
checkpoint_phase lsn=20312 phase=value_index_write slot=0 started_ns=1790174525066624000 ended_ns=1790174525079667084 elapsed_us=13043 block_gets=0 block_puts=4 deleted=0
checkpoint_phase lsn=20312 phase=value_index_write slot=0 started_ns=1790174525079678000 ended_ns=1790174525093207459 elapsed_us=13529 block_gets=0 block_puts=4 deleted=0
checkpoint_phase lsn=20312 phase=value_index_write slot=0 started_ns=1790174525093219000 ended_ns=1790174525106162666 elapsed_us=12943 block_gets=0 block_puts=4 deleted=0
checkpoint_phase lsn=20312 phase=value_index_write slot=0 started_ns=1790174525106173000 ended_ns=1790174525119745625 elapsed_us=13572 block_gets=0 block_puts=4 deleted=0
checkpoint_phase lsn=20312 phase=value_index_write slot=0 started_ns=1790174525119761000 ended_ns=1790174525134176250 elapsed_us=14415 block_gets=0 block_puts=4 deleted=0
checkpoint_phase lsn=20312 phase=value_index_write slot=0 started_ns=1790174525134189000 ended_ns=1790174525147395000 elapsed_us=13206 block_gets=0 block_puts=4 deleted=0
checkpoint_phase lsn=20312 phase=value_index_write slot=0 started_ns=1790174525147406000 ended_ns=1790174525161519875 elapsed_us=14113 block_gets=0 block_puts=4 deleted=0
checkpoint_phase lsn=20312 phase=value_index_write slot=0 started_ns=1790174525161530000 ended_ns=1790174525173068209 elapsed_us=11538 block_gets=0 block_puts=4 deleted=0
checkpoint_phase lsn=20312 phase=value_index_write slot=0 started_ns=1790174525173080000 ended_ns=1790174525186342042 elapsed_us=13262 block_gets=0 block_puts=4 deleted=0
checkpoint_phase lsn=20312 phase=value_index_write slot=0 started_ns=1790174525186353000 ended_ns=1790174525200592084 elapsed_us=14239 block_gets=0 block_puts=4 deleted=0
checkpoint_phase lsn=20312 phase=value_index_write slot=0 started_ns=1790174525200604000 ended_ns=1790174525215202291 elapsed_us=14598 block_gets=0 block_puts=4 deleted=0
checkpoint_phase lsn=20312 phase=value_index_write slot=0 started_ns=1790174525215213000 ended_ns=1790174525227787375 elapsed_us=12574 block_gets=0 block_puts=4 deleted=0
checkpoint_phase lsn=20312 phase=value_index_write slot=0 started_ns=1790174525227797000 ended_ns=1790174525242197375 elapsed_us=14400 block_gets=0 block_puts=4 deleted=0
checkpoint_phase lsn=20312 phase=value_index_write slot=0 started_ns=1790174525242208000 ended_ns=1790174525254446625 elapsed_us=12238 block_gets=0 block_puts=4 deleted=0
checkpoint_phase lsn=20312 phase=value_index_write slot=0 started_ns=1790174525254458000 ended_ns=1790174525267012917 elapsed_us=12554 block_gets=0 block_puts=4 deleted=0
checkpoint_phase lsn=20312 phase=value_index_write slot=0 started_ns=1790174525267025000 ended_ns=1790174525277192875 elapsed_us=10167 block_gets=0 block_puts=3 deleted=0
checkpoint_phase lsn=20312 phase=value_index_schedule slot=0 started_ns=1790174525277207000 ended_ns=1790174525277210500 elapsed_us=3 block_gets=0 block_puts=0 deleted=0
checkpoint_phase lsn=20312 phase=value_index_schedule slot=0 started_ns=1790174525277215000 ended_ns=1790174525278062208 elapsed_us=847 block_gets=0 block_puts=0 deleted=0
checkpoint_phase lsn=20312 phase=value_index_schedule slot=0 started_ns=1790174525278072000 ended_ns=1790174525279497917 elapsed_us=1425 block_gets=0 block_puts=0 deleted=0
checkpoint_phase lsn=20312 phase=value_index_schedule slot=0 started_ns=1790174525279508000 ended_ns=1790174525280814917 elapsed_us=1306 block_gets=0 block_puts=0 deleted=0
checkpoint_phase lsn=20312 phase=value_index_schedule slot=0 started_ns=1790174525280822000 ended_ns=1790174525288661791 elapsed_us=7839 block_gets=0 block_puts=0 deleted=0
checkpoint_phase lsn=20312 phase=value_index_schedule slot=0 started_ns=1790174525288685000 ended_ns=1790174525288712292 elapsed_us=27 block_gets=0 block_puts=0 deleted=0
checkpoint_phase lsn=20312 phase=value_index_schedule slot=0 started_ns=1790174525288717000 ended_ns=1790174525288739000 elapsed_us=22 block_gets=0 block_puts=0 deleted=0
checkpoint_phase lsn=20312 phase=value_index_schedule slot=0 started_ns=1790174525288746000 ended_ns=1790174525292900958 elapsed_us=4154 block_gets=0 block_puts=1 deleted=0
checkpoint_phase lsn=20312 phase=value_index_schedule slot=0 started_ns=1790174525292911000 ended_ns=1790174525307139208 elapsed_us=14228 block_gets=0 block_puts=4 deleted=0
checkpoint_phase lsn=20312 phase=value_index_schedule slot=0 started_ns=1790174525307150000 ended_ns=1790174525310004750 elapsed_us=2854 block_gets=0 block_puts=0 deleted=0
checkpoint_phase lsn=20312 phase=value_index_schedule slot=0 started_ns=1790174525310015000 ended_ns=1790174525312842667 elapsed_us=2827 block_gets=0 block_puts=0 deleted=0
checkpoint_phase lsn=20312 phase=value_index_schedule slot=0 started_ns=1790174525312851000 ended_ns=1790174525315774750 elapsed_us=2923 block_gets=0 block_puts=0 deleted=0
checkpoint_phase lsn=20312 phase=value_index_schedule slot=0 started_ns=1790174525315798000 ended_ns=1790174525317755042 elapsed_us=1957 block_gets=0 block_puts=0 deleted=0
checkpoint_phase lsn=20312 phase=value_index_schedule slot=0 started_ns=1790174525317767000 ended_ns=1790174525317795209 elapsed_us=28 block_gets=0 block_puts=0 deleted=0
checkpoint_phase lsn=20312 phase=value_index_schedule slot=0 started_ns=1790174525317799000 ended_ns=1790174525317821042 elapsed_us=22 block_gets=0 block_puts=0 deleted=0
checkpoint_phase lsn=20312 phase=value_index_schedule slot=0 started_ns=1790174525317824000 ended_ns=1790174525321742333 elapsed_us=3918 block_gets=0 block_puts=1 deleted=0
checkpoint_phase lsn=20312 phase=value_index_schedule slot=0 started_ns=1790174525321751000 ended_ns=1790174525334843709 elapsed_us=13092 block_gets=0 block_puts=4 deleted=0
checkpoint_phase lsn=20312 phase=value_index_schedule slot=0 started_ns=1790174525334856000 ended_ns=1790174525335607875 elapsed_us=751 block_gets=0 block_puts=0 deleted=0
checkpoint_phase lsn=20312 phase=value_index_schedule slot=0 started_ns=1790174525335615000 ended_ns=1790174525335836708 elapsed_us=221 block_gets=0 block_puts=0 deleted=0
checkpoint_phase lsn=20312 phase=value_index_schedule slot=0 started_ns=1790174525335842000 ended_ns=1790174525336033958 elapsed_us=191 block_gets=0 block_puts=0 deleted=0
checkpoint_phase lsn=20312 phase=value_index_schedule slot=0 started_ns=1790174525336037000 ended_ns=1790174525340335958 elapsed_us=4298 block_gets=0 block_puts=1 deleted=0
checkpoint_phase lsn=20312 phase=value_index_schedule slot=0 started_ns=1790174525340347000 ended_ns=1790174525340671416 elapsed_us=324 block_gets=0 block_puts=0 deleted=0
checkpoint_phase lsn=20312 phase=value_index_schedule slot=0 started_ns=1790174525340678000 ended_ns=1790174525341030500 elapsed_us=352 block_gets=0 block_puts=0 deleted=0
checkpoint_phase lsn=20312 phase=value_index_schedule slot=0 started_ns=1790174525341036000 ended_ns=1790174525345653959 elapsed_us=4617 block_gets=0 block_puts=1 deleted=0
checkpoint_phase lsn=20312 phase=value_index_schedule slot=0 started_ns=1790174525345663000 ended_ns=1790174525345836583 elapsed_us=173 block_gets=0 block_puts=0 deleted=0
checkpoint_phase lsn=20312 phase=value_index_schedule slot=0 started_ns=1790174525345842000 ended_ns=1790174525345847041 elapsed_us=5 block_gets=0 block_puts=0 deleted=0
checkpoint_phase lsn=20312 phase=value_index_schedule slot=0 started_ns=1790174525345850000 ended_ns=1790174525359653666 elapsed_us=13803 block_gets=0 block_puts=4 deleted=0
checkpoint_phase lsn=20312 phase=value_index_schedule slot=0 started_ns=1790174525359665000 ended_ns=1790174525362483375 elapsed_us=2818 block_gets=0 block_puts=0 deleted=0
checkpoint_phase lsn=20312 phase=value_index_schedule slot=0 started_ns=1790174525362494000 ended_ns=1790174525365282333 elapsed_us=2788 block_gets=0 block_puts=0 deleted=0
checkpoint_phase lsn=20312 phase=value_index_schedule slot=0 started_ns=1790174525365306000 ended_ns=1790174525367744750 elapsed_us=2438 block_gets=0 block_puts=0 deleted=0
checkpoint_phase lsn=20312 phase=value_index_schedule slot=0 started_ns=1790174525367753000 ended_ns=1790174525367780500 elapsed_us=27 block_gets=0 block_puts=0 deleted=0
checkpoint_phase lsn=20312 phase=value_index_schedule slot=0 started_ns=1790174525367784000 ended_ns=1790174525367806167 elapsed_us=22 block_gets=0 block_puts=0 deleted=0
checkpoint_phase lsn=20312 phase=value_index_schedule slot=0 started_ns=1790174525367810000 ended_ns=1790174525380205208 elapsed_us=12395 block_gets=0 block_puts=4 deleted=0
checkpoint_phase lsn=20312 phase=value_index_schedule slot=0 started_ns=1790174525380217000 ended_ns=1790174525380217292 elapsed_us=0 block_gets=0 block_puts=0 deleted=0
checkpoint_phase lsn=20312 phase=value_index_schedule slot=0 started_ns=1790174525380220000 ended_ns=1790174525380874125 elapsed_us=654 block_gets=0 block_puts=0 deleted=0
checkpoint_phase lsn=20312 phase=value_index_schedule slot=0 started_ns=1790174525380882000 ended_ns=1790174525381231000 elapsed_us=349 block_gets=0 block_puts=0 deleted=0
checkpoint_phase lsn=20312 phase=value_index_schedule slot=0 started_ns=1790174525381234000 ended_ns=1790174525381573250 elapsed_us=339 block_gets=0 block_puts=0 deleted=0
checkpoint_phase lsn=20312 phase=value_index_schedule slot=0 started_ns=1790174525381578000 ended_ns=1790174525386129292 elapsed_us=4551 block_gets=0 block_puts=1 deleted=0
checkpoint_phase lsn=20312 phase=value_index_schedule slot=0 started_ns=1790174525386141000 ended_ns=1790174525386481125 elapsed_us=340 block_gets=0 block_puts=0 deleted=0
checkpoint_phase lsn=20312 phase=value_index_schedule slot=0 started_ns=1790174525386488000 ended_ns=1790174525386840084 elapsed_us=352 block_gets=0 block_puts=0 deleted=0
checkpoint_phase lsn=20312 phase=value_index_schedule slot=0 started_ns=1790174525386847000 ended_ns=1790174525391023167 elapsed_us=4176 block_gets=0 block_puts=1 deleted=0
checkpoint_phase lsn=20312 phase=value_index_schedule slot=0 started_ns=1790174525391036000 ended_ns=1790174525391232000 elapsed_us=196 block_gets=0 block_puts=0 deleted=0
checkpoint_phase lsn=20312 phase=value_index_schedule slot=0 started_ns=1790174525391239000 ended_ns=1790174525391434083 elapsed_us=195 block_gets=0 block_puts=0 deleted=0
checkpoint_phase lsn=20312 phase=value_index_schedule slot=0 started_ns=1790174525391439000 ended_ns=1790174525396332000 elapsed_us=4893 block_gets=0 block_puts=1 deleted=0
checkpoint_phase lsn=20312 phase=value_index_schedule slot=0 started_ns=1790174525396340000 ended_ns=1790174525396439667 elapsed_us=99 block_gets=0 block_puts=0 deleted=0
checkpoint_phase lsn=20312 phase=value_index_schedule slot=0 started_ns=1790174525396443000 ended_ns=1790174525410219459 elapsed_us=13776 block_gets=0 block_puts=4 deleted=0
checkpoint_phase lsn=20312 phase=value_index_schedule slot=0 started_ns=1790174525410232000 ended_ns=1790174525410232208 elapsed_us=0 block_gets=0 block_puts=0 deleted=0
checkpoint_phase lsn=20312 phase=value_index_write slot=0 started_ns=1790174525410236000 ended_ns=1790174525421296750 elapsed_us=11060 block_gets=0 block_puts=3 deleted=0
checkpoint_phase lsn=20312 phase=value_index_write slot=0 started_ns=1790174525421308000 ended_ns=1790174525435109959 elapsed_us=13801 block_gets=0 block_puts=4 deleted=0
checkpoint_phase lsn=20312 phase=value_index_write slot=0 started_ns=1790174525435122000 ended_ns=1790174525448564583 elapsed_us=13442 block_gets=0 block_puts=4 deleted=0
checkpoint_phase lsn=20312 phase=value_index_write slot=0 started_ns=1790174525448577000 ended_ns=1790174525460810209 elapsed_us=12233 block_gets=0 block_puts=4 deleted=0
checkpoint_phase lsn=20312 phase=value_index_write slot=0 started_ns=1790174525460821000 ended_ns=1790174525475234458 elapsed_us=14413 block_gets=0 block_puts=4 deleted=0
checkpoint_phase lsn=20312 phase=value_index_write slot=0 started_ns=1790174525475245000 ended_ns=1790174525490123875 elapsed_us=14878 block_gets=0 block_puts=4 deleted=0
checkpoint_phase lsn=20312 phase=value_index_write slot=0 started_ns=1790174525490135000 ended_ns=1790174525504458208 elapsed_us=14323 block_gets=0 block_puts=4 deleted=0
checkpoint_phase lsn=20312 phase=value_index_write slot=0 started_ns=1790174525504472000 ended_ns=1790174525520144416 elapsed_us=15672 block_gets=0 block_puts=4 deleted=0
checkpoint_phase lsn=20312 phase=value_index_write slot=0 started_ns=1790174525520158000 ended_ns=1790174525534132417 elapsed_us=13974 block_gets=0 block_puts=4 deleted=0
checkpoint_phase lsn=20312 phase=value_index_write slot=0 started_ns=1790174525534145000 ended_ns=1790174525548388083 elapsed_us=14243 block_gets=0 block_puts=4 deleted=0
checkpoint_phase lsn=20312 phase=value_index_write slot=0 started_ns=1790174525548400000 ended_ns=1790174525563618583 elapsed_us=15218 block_gets=0 block_puts=4 deleted=0
checkpoint_phase lsn=20312 phase=value_index_schedule slot=0 started_ns=1790174525563633000 ended_ns=1790174525563636458 elapsed_us=3 block_gets=0 block_puts=0 deleted=0
checkpoint_phase lsn=20312 phase=value_index_schedule slot=0 started_ns=1790174525563641000 ended_ns=1790174525564534333 elapsed_us=893 block_gets=0 block_puts=0 deleted=0
checkpoint_phase lsn=20312 phase=value_index_schedule slot=0 started_ns=1790174525564542000 ended_ns=1790174525593272959 elapsed_us=28730 block_gets=8 block_puts=0 deleted=0
checkpoint_phase lsn=20312 phase=value_index_schedule slot=0 started_ns=1790174525593285000 ended_ns=1790174525618577625 elapsed_us=25292 block_gets=8 block_puts=0 deleted=0
checkpoint_phase lsn=20312 phase=value_index_schedule slot=0 started_ns=1790174525618592000 ended_ns=1790174525643719959 elapsed_us=25127 block_gets=8 block_puts=0 deleted=0
checkpoint_phase lsn=20312 phase=value_index_schedule slot=0 started_ns=1790174525643732000 ended_ns=1790174525668421292 elapsed_us=24689 block_gets=8 block_puts=0 deleted=0
checkpoint_phase lsn=20312 phase=value_index_schedule slot=0 started_ns=1790174525668435000 ended_ns=1790174525694424250 elapsed_us=25989 block_gets=8 block_puts=0 deleted=0
checkpoint_phase lsn=20312 phase=value_index_schedule slot=0 started_ns=1790174525694438000 ended_ns=1790174525722141542 elapsed_us=27703 block_gets=8 block_puts=0 deleted=0
checkpoint_phase lsn=20312 phase=value_index_schedule slot=0 started_ns=1790174525722154000 ended_ns=1790174525747253666 elapsed_us=25099 block_gets=8 block_puts=0 deleted=0
checkpoint_phase lsn=20312 phase=value_index_schedule slot=0 started_ns=1790174525747266000 ended_ns=1790174525771812625 elapsed_us=24546 block_gets=8 block_puts=0 deleted=0
checkpoint_phase lsn=20312 phase=value_index_schedule slot=0 started_ns=1790174525771824000 ended_ns=1790174525797529833 elapsed_us=25705 block_gets=8 block_puts=0 deleted=0
checkpoint_phase lsn=20312 phase=value_index_schedule slot=0 started_ns=1790174525797541000 ended_ns=1790174525822930916 elapsed_us=25389 block_gets=8 block_puts=0 deleted=0
checkpoint_phase lsn=20312 phase=value_index_schedule slot=0 started_ns=1790174525822943000 ended_ns=1790174525850483875 elapsed_us=27540 block_gets=8 block_puts=0 deleted=0
checkpoint_phase lsn=20312 phase=value_index_schedule slot=0 started_ns=1790174525850497000 ended_ns=1790174525876883667 elapsed_us=26386 block_gets=8 block_puts=0 deleted=0
checkpoint_phase lsn=20312 phase=value_index_schedule slot=0 started_ns=1790174525876897000 ended_ns=1790174525899723833 elapsed_us=22826 block_gets=8 block_puts=0 deleted=0
checkpoint_phase lsn=20312 phase=value_index_schedule slot=0 started_ns=1790174525899737000 ended_ns=1790174525925787250 elapsed_us=26050 block_gets=8 block_puts=0 deleted=0
checkpoint_phase lsn=20312 phase=value_index_schedule slot=0 started_ns=1790174525925797000 ended_ns=1790174525936334542 elapsed_us=10537 block_gets=2 block_puts=0 deleted=0
checkpoint_phase lsn=20312 phase=value_index_schedule slot=0 started_ns=1790174525936352000 ended_ns=1790174525939319417 elapsed_us=2967 block_gets=0 block_puts=0 deleted=0
checkpoint_phase lsn=20312 phase=value_index_schedule slot=0 started_ns=1790174525939340000 ended_ns=1790174525940195417 elapsed_us=855 block_gets=0 block_puts=0 deleted=0
checkpoint_phase lsn=20312 phase=value_index_schedule slot=0 started_ns=1790174525940204000 ended_ns=1790174525940231958 elapsed_us=27 block_gets=0 block_puts=0 deleted=0
checkpoint_phase lsn=20312 phase=value_index_schedule slot=0 started_ns=1790174525940238000 ended_ns=1790174525940260417 elapsed_us=22 block_gets=0 block_puts=0 deleted=0
checkpoint_phase lsn=20312 phase=value_index_schedule slot=0 started_ns=1790174525940264000 ended_ns=1790174525940286334 elapsed_us=22 block_gets=0 block_puts=0 deleted=0
checkpoint_phase lsn=20312 phase=value_index_schedule slot=0 started_ns=1790174525940292000 ended_ns=1790174525945910833 elapsed_us=5618 block_gets=0 block_puts=1 deleted=0
checkpoint_phase lsn=20312 phase=value_index_schedule slot=0 started_ns=1790174525945924000 ended_ns=1790174525945971333 elapsed_us=47 block_gets=0 block_puts=0 deleted=0
checkpoint_phase lsn=20312 phase=value_index_schedule slot=0 started_ns=1790174525945975000 ended_ns=1790174525959039667 elapsed_us=13064 block_gets=0 block_puts=4 deleted=0
checkpoint_phase lsn=20312 phase=value_index_schedule slot=0 started_ns=1790174525959053000 ended_ns=1790174525962000875 elapsed_us=2947 block_gets=0 block_puts=0 deleted=0
checkpoint_phase lsn=20312 phase=value_index_schedule slot=0 started_ns=1790174525962016000 ended_ns=1790174525964944000 elapsed_us=2928 block_gets=0 block_puts=0 deleted=0
checkpoint_phase lsn=20312 phase=value_index_schedule slot=0 started_ns=1790174525964963000 ended_ns=1790174525967850583 elapsed_us=2887 block_gets=0 block_puts=0 deleted=0
checkpoint_phase lsn=20312 phase=value_index_schedule slot=0 started_ns=1790174525967863000 ended_ns=1790174525970681000 elapsed_us=2818 block_gets=0 block_puts=0 deleted=0
checkpoint_phase lsn=20312 phase=value_index_schedule slot=0 started_ns=1790174525970689000 ended_ns=1790174525972653625 elapsed_us=1964 block_gets=0 block_puts=0 deleted=0
checkpoint_phase lsn=20312 phase=value_index_schedule slot=0 started_ns=1790174525972666000 ended_ns=1790174525972692916 elapsed_us=26 block_gets=0 block_puts=0 deleted=0
checkpoint_phase lsn=20312 phase=value_index_schedule slot=0 started_ns=1790174525972697000 ended_ns=1790174525972719375 elapsed_us=22 block_gets=0 block_puts=0 deleted=0
checkpoint_phase lsn=20312 phase=value_index_schedule slot=0 started_ns=1790174525972723000 ended_ns=1790174525972745042 elapsed_us=22 block_gets=0 block_puts=0 deleted=0
checkpoint_phase lsn=20312 phase=value_index_schedule slot=0 started_ns=1790174525972748000 ended_ns=1790174525978227250 elapsed_us=5479 block_gets=0 block_puts=1 deleted=0
checkpoint_phase lsn=20312 phase=value_index_schedule slot=0 started_ns=1790174525978239000 ended_ns=1790174525992139166 elapsed_us=13900 block_gets=0 block_puts=4 deleted=0
checkpoint_phase lsn=20312 phase=value_index_schedule slot=0 started_ns=1790174525992151000 ended_ns=1790174525992969417 elapsed_us=818 block_gets=0 block_puts=0 deleted=0
checkpoint_phase lsn=20312 phase=value_index_schedule slot=0 started_ns=1790174525992975000 ended_ns=1790174525993138292 elapsed_us=163 block_gets=0 block_puts=0 deleted=0
checkpoint_phase lsn=20312 phase=value_index_schedule slot=0 started_ns=1790174525993142000 ended_ns=1790174525993295166 elapsed_us=153 block_gets=0 block_puts=0 deleted=0
checkpoint_phase lsn=20312 phase=value_index_schedule slot=0 started_ns=1790174525993299000 ended_ns=1790174525993451792 elapsed_us=152 block_gets=0 block_puts=0 deleted=0
checkpoint_phase lsn=20312 phase=value_index_schedule slot=0 started_ns=1790174525993455000 ended_ns=1790174525998194750 elapsed_us=4739 block_gets=0 block_puts=1 deleted=0
checkpoint_phase lsn=20312 phase=value_index_schedule slot=0 started_ns=1790174525998204000 ended_ns=1790174525998356542 elapsed_us=152 block_gets=0 block_puts=0 deleted=0
checkpoint_phase lsn=20312 phase=value_index_schedule slot=0 started_ns=1790174525998360000 ended_ns=1790174525998512583 elapsed_us=152 block_gets=0 block_puts=0 deleted=0
checkpoint_phase lsn=20312 phase=value_index_schedule slot=0 started_ns=1790174525998516000 ended_ns=1790174525998959041 elapsed_us=443 block_gets=0 block_puts=0 deleted=0
checkpoint_phase lsn=20312 phase=value_index_schedule slot=0 started_ns=1790174525998969000 ended_ns=1790174526004762791 elapsed_us=5793 block_gets=0 block_puts=1 deleted=0
checkpoint_phase lsn=20312 phase=value_index_schedule slot=0 started_ns=1790174526004775000 ended_ns=1790174526004849708 elapsed_us=74 block_gets=0 block_puts=0 deleted=0
checkpoint_phase lsn=20312 phase=value_index_schedule slot=0 started_ns=1790174526004853000 ended_ns=1790174526004915958 elapsed_us=62 block_gets=0 block_puts=0 deleted=0
checkpoint_phase lsn=20312 phase=value_index_schedule slot=0 started_ns=1790174526004925000 ended_ns=1790174526018828125 elapsed_us=13903 block_gets=0 block_puts=4 deleted=0
checkpoint_phase lsn=20312 phase=value_index_schedule slot=0 started_ns=1790174526018852000 ended_ns=1790174526018852541 elapsed_us=0 block_gets=0 block_puts=0 deleted=0
checkpoint_phase lsn=20312 phase=value_index_write slot=0 started_ns=1790174526018866000 ended_ns=1790174526030753875 elapsed_us=11887 block_gets=0 block_puts=4 deleted=0
checkpoint_phase lsn=20312 phase=value_index_write slot=0 started_ns=1790174526030764000 ended_ns=1790174526043900167 elapsed_us=13136 block_gets=0 block_puts=4 deleted=0
checkpoint_phase lsn=20312 phase=value_index_write slot=0 started_ns=1790174526043913000 ended_ns=1790174526057696667 elapsed_us=13783 block_gets=0 block_puts=4 deleted=0
checkpoint_phase lsn=20312 phase=value_index_write slot=0 started_ns=1790174526057709000 ended_ns=1790174526070492375 elapsed_us=12783 block_gets=0 block_puts=4 deleted=0
checkpoint_phase lsn=20312 phase=value_index_write slot=0 started_ns=1790174526070505000 ended_ns=1790174526082983750 elapsed_us=12478 block_gets=0 block_puts=4 deleted=0
checkpoint_phase lsn=20312 phase=value_index_write slot=0 started_ns=1790174526082996000 ended_ns=1790174526096016917 elapsed_us=13020 block_gets=0 block_puts=4 deleted=0
checkpoint_phase lsn=20312 phase=value_index_write slot=0 started_ns=1790174526096030000 ended_ns=1790174526110206458 elapsed_us=14176 block_gets=0 block_puts=4 deleted=0
checkpoint_phase lsn=20312 phase=value_index_write slot=0 started_ns=1790174526110218000 ended_ns=1790174526124493333 elapsed_us=14275 block_gets=0 block_puts=4 deleted=0
checkpoint_phase lsn=20312 phase=value_index_write slot=0 started_ns=1790174526124506000 ended_ns=1790174526136534500 elapsed_us=12028 block_gets=0 block_puts=4 deleted=0
checkpoint_phase lsn=20312 phase=value_index_write slot=0 started_ns=1790174526136547000 ended_ns=1790174526149437000 elapsed_us=12890 block_gets=0 block_puts=4 deleted=0
checkpoint_phase lsn=20312 phase=value_index_write slot=0 started_ns=1790174526149449000 ended_ns=1790174526163238875 elapsed_us=13789 block_gets=0 block_puts=4 deleted=0
checkpoint_phase lsn=20312 phase=value_index_write slot=0 started_ns=1790174526163252000 ended_ns=1790174526189561541 elapsed_us=26309 block_gets=0 block_puts=5 deleted=0
checkpoint_phase lsn=20312 phase=value_index_schedule slot=0 started_ns=1790174526189577000 ended_ns=1790174526189580292 elapsed_us=3 block_gets=0 block_puts=0 deleted=0
checkpoint_phase lsn=20312 phase=value_index_schedule slot=0 started_ns=1790174526189585000 ended_ns=1790174526190455667 elapsed_us=870 block_gets=0 block_puts=0 deleted=0
checkpoint_phase lsn=20312 phase=value_index_schedule slot=0 started_ns=1790174526190464000 ended_ns=1790174526215945625 elapsed_us=25481 block_gets=8 block_puts=0 deleted=0
checkpoint_phase lsn=20312 phase=value_index_schedule slot=0 started_ns=1790174526215958000 ended_ns=1790174526241071916 elapsed_us=25113 block_gets=8 block_puts=0 deleted=0
checkpoint_phase lsn=20312 phase=value_index_schedule slot=0 started_ns=1790174526241085000 ended_ns=1790174526264734791 elapsed_us=23649 block_gets=8 block_puts=0 deleted=0
checkpoint_phase lsn=20312 phase=value_index_schedule slot=0 started_ns=1790174526264749000 ended_ns=1790174526288940709 elapsed_us=24191 block_gets=8 block_puts=0 deleted=0
checkpoint_phase lsn=20312 phase=value_index_schedule slot=0 started_ns=1790174526288951000 ended_ns=1790174526311973500 elapsed_us=23022 block_gets=8 block_puts=0 deleted=0
checkpoint_phase lsn=20312 phase=value_index_schedule slot=0 started_ns=1790174526311986000 ended_ns=1790174526334093334 elapsed_us=22107 block_gets=8 block_puts=0 deleted=0
checkpoint_phase lsn=20312 phase=value_index_schedule slot=0 started_ns=1790174526334115000 ended_ns=1790174526358703417 elapsed_us=24588 block_gets=8 block_puts=0 deleted=0
checkpoint_phase lsn=20312 phase=value_index_schedule slot=0 started_ns=1790174526358717000 ended_ns=1790174526379968041 elapsed_us=21251 block_gets=8 block_puts=0 deleted=0
checkpoint_phase lsn=20312 phase=value_index_schedule slot=0 started_ns=1790174526379981000 ended_ns=1790174526402754208 elapsed_us=22773 block_gets=8 block_puts=0 deleted=0
checkpoint_phase lsn=20312 phase=value_index_schedule slot=0 started_ns=1790174526402767000 ended_ns=1790174526425309292 elapsed_us=22542 block_gets=8 block_puts=0 deleted=0
checkpoint_phase lsn=20312 phase=value_index_schedule slot=0 started_ns=1790174526425323000 ended_ns=1790174526448072958 elapsed_us=22749 block_gets=8 block_puts=0 deleted=0
checkpoint_phase lsn=20312 phase=value_index_schedule slot=0 started_ns=1790174526448088000 ended_ns=1790174526470797500 elapsed_us=22709 block_gets=8 block_puts=0 deleted=0
checkpoint_phase lsn=20312 phase=value_index_schedule slot=0 started_ns=1790174526470814000 ended_ns=1790174526493153208 elapsed_us=22339 block_gets=8 block_puts=0 deleted=0
checkpoint_phase lsn=20312 phase=value_index_schedule slot=0 started_ns=1790174526493170000 ended_ns=1790174526519869500 elapsed_us=26699 block_gets=8 block_puts=0 deleted=0
checkpoint_phase lsn=20312 phase=value_index_schedule slot=0 started_ns=1790174526519890000 ended_ns=1790174526527665417 elapsed_us=7775 block_gets=2 block_puts=0 deleted=0
checkpoint_phase lsn=20312 phase=value_index_schedule slot=0 started_ns=1790174526527676000 ended_ns=1790174526530494833 elapsed_us=2818 block_gets=0 block_puts=0 deleted=0
checkpoint_phase lsn=20312 phase=value_index_schedule slot=0 started_ns=1790174526530502000 ended_ns=1790174526531337208 elapsed_us=835 block_gets=0 block_puts=0 deleted=0
checkpoint_phase lsn=20312 phase=value_index_schedule slot=0 started_ns=1790174526531343000 ended_ns=1790174526531369542 elapsed_us=26 block_gets=0 block_puts=0 deleted=0
checkpoint_phase lsn=20312 phase=value_index_schedule slot=0 started_ns=1790174526531373000 ended_ns=1790174526531394833 elapsed_us=21 block_gets=0 block_puts=0 deleted=0
checkpoint_phase lsn=20312 phase=value_index_schedule slot=0 started_ns=1790174526531398000 ended_ns=1790174526531419708 elapsed_us=21 block_gets=0 block_puts=0 deleted=0
checkpoint_phase lsn=20312 phase=value_index_schedule slot=0 started_ns=1790174526531424000 ended_ns=1790174526536683000 elapsed_us=5259 block_gets=0 block_puts=1 deleted=0
checkpoint_phase lsn=20312 phase=value_index_schedule slot=0 started_ns=1790174526536691000 ended_ns=1790174526536715084 elapsed_us=24 block_gets=0 block_puts=0 deleted=0
checkpoint_phase lsn=20312 phase=value_index_schedule slot=0 started_ns=1790174526536722000 ended_ns=1790174526548745084 elapsed_us=12023 block_gets=0 block_puts=4 deleted=0
checkpoint_phase lsn=20312 phase=value_index_schedule slot=0 started_ns=1790174526548756000 ended_ns=1790174526551683209 elapsed_us=2927 block_gets=0 block_puts=0 deleted=0
checkpoint_phase lsn=20312 phase=value_index_schedule slot=0 started_ns=1790174526551694000 ended_ns=1790174526554519125 elapsed_us=2825 block_gets=0 block_puts=0 deleted=0
checkpoint_phase lsn=20312 phase=value_index_schedule slot=0 started_ns=1790174526554527000 ended_ns=1790174526557287417 elapsed_us=2760 block_gets=0 block_puts=0 deleted=0
checkpoint_phase lsn=20312 phase=value_index_schedule slot=0 started_ns=1790174526557292000 ended_ns=1790174526559977000 elapsed_us=2685 block_gets=0 block_puts=0 deleted=0
checkpoint_phase lsn=20312 phase=value_index_schedule slot=0 started_ns=1790174526559981000 ended_ns=1790174526561865167 elapsed_us=1884 block_gets=0 block_puts=0 deleted=0
checkpoint_phase lsn=20312 phase=value_index_schedule slot=0 started_ns=1790174526561871000 ended_ns=1790174526561897875 elapsed_us=26 block_gets=0 block_puts=0 deleted=0
checkpoint_phase lsn=20312 phase=value_index_schedule slot=0 started_ns=1790174526561901000 ended_ns=1790174526561923167 elapsed_us=22 block_gets=0 block_puts=0 deleted=0
checkpoint_phase lsn=20312 phase=value_index_schedule slot=0 started_ns=1790174526561927000 ended_ns=1790174526561949125 elapsed_us=22 block_gets=0 block_puts=0 deleted=0
checkpoint_phase lsn=20312 phase=value_index_schedule slot=0 started_ns=1790174526561956000 ended_ns=1790174526566302750 elapsed_us=4346 block_gets=0 block_puts=1 deleted=0
checkpoint_phase lsn=20312 phase=value_index_schedule slot=0 started_ns=1790174526566315000 ended_ns=1790174526579588000 elapsed_us=13273 block_gets=0 block_puts=4 deleted=0
checkpoint_phase lsn=20312 phase=value_index_schedule slot=0 started_ns=1790174526579602000 ended_ns=1790174526580324333 elapsed_us=722 block_gets=0 block_puts=0 deleted=0
checkpoint_phase lsn=20312 phase=value_index_schedule slot=0 started_ns=1790174526580332000 ended_ns=1790174526580470708 elapsed_us=138 block_gets=0 block_puts=0 deleted=0
checkpoint_phase lsn=20312 phase=value_index_schedule slot=0 started_ns=1790174526580478000 ended_ns=1790174526580607458 elapsed_us=129 block_gets=0 block_puts=0 deleted=0
checkpoint_phase lsn=20312 phase=value_index_schedule slot=0 started_ns=1790174526580614000 ended_ns=1790174526580743208 elapsed_us=129 block_gets=0 block_puts=0 deleted=0
checkpoint_phase lsn=20312 phase=value_index_schedule slot=0 started_ns=1790174526580749000 ended_ns=1790174526585300375 elapsed_us=4551 block_gets=0 block_puts=1 deleted=0
checkpoint_phase lsn=20312 phase=value_index_schedule slot=0 started_ns=1790174526585308000 ended_ns=1790174526585437625 elapsed_us=129 block_gets=0 block_puts=0 deleted=0
checkpoint_phase lsn=20312 phase=value_index_schedule slot=0 started_ns=1790174526585446000 ended_ns=1790174526585575042 elapsed_us=129 block_gets=0 block_puts=0 deleted=0
checkpoint_phase lsn=20312 phase=value_index_schedule slot=0 started_ns=1790174526585578000 ended_ns=1790174526585945834 elapsed_us=367 block_gets=0 block_puts=0 deleted=0
checkpoint_phase lsn=20312 phase=value_index_schedule slot=0 started_ns=1790174526585951000 ended_ns=1790174526591609125 elapsed_us=5658 block_gets=0 block_puts=1 deleted=0
checkpoint_phase lsn=20312 phase=value_index_schedule slot=0 started_ns=1790174526591625000 ended_ns=1790174526591797666 elapsed_us=172 block_gets=0 block_puts=0 deleted=0
checkpoint_phase lsn=20312 phase=value_index_schedule slot=0 started_ns=1790174526591813000 ended_ns=1790174526591865833 elapsed_us=52 block_gets=0 block_puts=0 deleted=0
checkpoint_phase lsn=20312 phase=value_index_schedule slot=0 started_ns=1790174526591871000 ended_ns=1790174526605592667 elapsed_us=13721 block_gets=0 block_puts=4 deleted=0
checkpoint_phase lsn=20312 phase=value_index_schedule slot=0 started_ns=1790174526605607000 ended_ns=1790174526605607250 elapsed_us=0 block_gets=0 block_puts=0 deleted=0
checkpoint_phase lsn=20312 phase=value_index_write slot=0 started_ns=1790174526605612000 ended_ns=1790174526620188708 elapsed_us=14576 block_gets=0 block_puts=4 deleted=0
checkpoint_phase lsn=20312 phase=value_index_write slot=0 started_ns=1790174526620208000 ended_ns=1790174526633014792 elapsed_us=12806 block_gets=0 block_puts=4 deleted=0
checkpoint_phase lsn=20312 phase=value_index_write slot=0 started_ns=1790174526633030000 ended_ns=1790174526646491417 elapsed_us=13461 block_gets=0 block_puts=4 deleted=0
checkpoint_phase lsn=20312 phase=value_index_write slot=0 started_ns=1790174526646503000 ended_ns=1790174526658971750 elapsed_us=12468 block_gets=0 block_puts=4 deleted=0
checkpoint_phase lsn=20312 phase=value_index_write slot=0 started_ns=1790174526658984000 ended_ns=1790174526672251250 elapsed_us=13267 block_gets=0 block_puts=4 deleted=0
checkpoint_phase lsn=20312 phase=value_index_write slot=0 started_ns=1790174526672264000 ended_ns=1790174526685050167 elapsed_us=12786 block_gets=0 block_puts=4 deleted=0
checkpoint_phase lsn=20312 phase=value_index_write slot=0 started_ns=1790174526685062000 ended_ns=1790174526698331208 elapsed_us=13269 block_gets=0 block_puts=4 deleted=0
checkpoint_phase lsn=20312 phase=value_index_write slot=0 started_ns=1790174526698342000 ended_ns=1790174526711836958 elapsed_us=13494 block_gets=0 block_puts=4 deleted=0
checkpoint_phase lsn=20312 phase=value_index_write slot=0 started_ns=1790174526711848000 ended_ns=1790174526725382291 elapsed_us=13534 block_gets=0 block_puts=4 deleted=0
checkpoint_phase lsn=20312 phase=value_index_write slot=0 started_ns=1790174526725398000 ended_ns=1790174526739873958 elapsed_us=14475 block_gets=0 block_puts=4 deleted=0
checkpoint_phase lsn=20312 phase=value_index_write slot=0 started_ns=1790174526739887000 ended_ns=1790174526753329500 elapsed_us=13442 block_gets=0 block_puts=4 deleted=0
checkpoint_phase lsn=20312 phase=value_index_write slot=0 started_ns=1790174526753348000 ended_ns=1790174526769798500 elapsed_us=16450 block_gets=0 block_puts=5 deleted=0
checkpoint_phase lsn=20312 phase=value_index_schedule slot=0 started_ns=1790174526769817000 ended_ns=1790174526769820709 elapsed_us=3 block_gets=0 block_puts=0 deleted=0
checkpoint_phase lsn=20312 phase=value_index_schedule slot=0 started_ns=1790174526769826000 ended_ns=1790174526770683125 elapsed_us=857 block_gets=0 block_puts=0 deleted=0
checkpoint_phase lsn=20312 phase=value_index_schedule slot=0 started_ns=1790174526770694000 ended_ns=1790174526795477542 elapsed_us=24783 block_gets=8 block_puts=0 deleted=0
checkpoint_phase lsn=20312 phase=value_index_schedule slot=0 started_ns=1790174526795495000 ended_ns=1790174526820821792 elapsed_us=25326 block_gets=8 block_puts=0 deleted=0
checkpoint_phase lsn=20312 phase=value_index_schedule slot=0 started_ns=1790174526820836000 ended_ns=1790174526846167833 elapsed_us=25331 block_gets=8 block_puts=0 deleted=0
checkpoint_phase lsn=20312 phase=value_index_schedule slot=0 started_ns=1790174526846181000 ended_ns=1790174526872962583 elapsed_us=26781 block_gets=8 block_puts=0 deleted=0
checkpoint_phase lsn=20312 phase=value_index_schedule slot=0 started_ns=1790174526872986000 ended_ns=1790174526895528875 elapsed_us=22542 block_gets=8 block_puts=0 deleted=0
checkpoint_phase lsn=20312 phase=value_index_schedule slot=0 started_ns=1790174526895547000 ended_ns=1790174526920986333 elapsed_us=25439 block_gets=8 block_puts=0 deleted=0
checkpoint_phase lsn=20312 phase=value_index_schedule slot=0 started_ns=1790174526921001000 ended_ns=1790174526947625750 elapsed_us=26624 block_gets=8 block_puts=0 deleted=0
checkpoint_phase lsn=20312 phase=value_index_schedule slot=0 started_ns=1790174526947649000 ended_ns=1790174526973125958 elapsed_us=25476 block_gets=8 block_puts=0 deleted=0
checkpoint_phase lsn=20312 phase=value_index_schedule slot=0 started_ns=1790174526973141000 ended_ns=1790174526993922459 elapsed_us=20781 block_gets=8 block_puts=0 deleted=0
checkpoint_phase lsn=20312 phase=value_index_schedule slot=0 started_ns=1790174526993936000 ended_ns=1790174527016082875 elapsed_us=22146 block_gets=8 block_puts=0 deleted=0
checkpoint_phase lsn=20312 phase=value_index_schedule slot=0 started_ns=1790174527016096000 ended_ns=1790174527042254583 elapsed_us=26158 block_gets=8 block_puts=0 deleted=0
checkpoint_phase lsn=20312 phase=value_index_schedule slot=0 started_ns=1790174527042272000 ended_ns=1790174527068629125 elapsed_us=26357 block_gets=8 block_puts=0 deleted=0
checkpoint_phase lsn=20312 phase=value_index_schedule slot=0 started_ns=1790174527068649000 ended_ns=1790174527095301875 elapsed_us=26652 block_gets=8 block_puts=0 deleted=0
checkpoint_phase lsn=20312 phase=value_index_schedule slot=0 started_ns=1790174527095315000 ended_ns=1790174527123615583 elapsed_us=28300 block_gets=8 block_puts=0 deleted=0
checkpoint_phase lsn=20312 phase=value_index_schedule slot=0 started_ns=1790174527123628000 ended_ns=1790174527133045833 elapsed_us=9417 block_gets=2 block_puts=0 deleted=0
checkpoint_phase lsn=20312 phase=value_index_schedule slot=0 started_ns=1790174527133078000 ended_ns=1790174527133126041 elapsed_us=48 block_gets=0 block_puts=0 deleted=0
checkpoint_phase lsn=20312 phase=value_index_schedule slot=0 started_ns=1790174527133133000 ended_ns=1790174527133156959 elapsed_us=23 block_gets=0 block_puts=0 deleted=0
checkpoint_phase lsn=20312 phase=value_index_schedule slot=0 started_ns=1790174527133162000 ended_ns=1790174527133183459 elapsed_us=21 block_gets=0 block_puts=0 deleted=0
checkpoint_phase lsn=20312 phase=value_index_schedule slot=0 started_ns=1790174527133188000 ended_ns=1790174527137855292 elapsed_us=4667 block_gets=0 block_puts=1 deleted=0
checkpoint_phase lsn=20312 phase=value_index_schedule slot=0 started_ns=1790174527137869000 ended_ns=1790174527150421625 elapsed_us=12552 block_gets=0 block_puts=4 deleted=0
checkpoint_phase lsn=20312 phase=value_index_schedule slot=0 started_ns=1790174527150435000 ended_ns=1790174527153340916 elapsed_us=2905 block_gets=0 block_puts=0 deleted=0
checkpoint_phase lsn=20312 phase=value_index_schedule slot=0 started_ns=1790174527153355000 ended_ns=1790174527156129166 elapsed_us=2774 block_gets=0 block_puts=0 deleted=0
checkpoint_phase lsn=20312 phase=value_index_schedule slot=0 started_ns=1790174527156135000 ended_ns=1790174527158937084 elapsed_us=2802 block_gets=0 block_puts=0 deleted=0
checkpoint_phase lsn=20312 phase=value_index_schedule slot=0 started_ns=1790174527158944000 ended_ns=1790174527161737875 elapsed_us=2793 block_gets=0 block_puts=0 deleted=0
checkpoint_phase lsn=20312 phase=value_index_schedule slot=0 started_ns=1790174527161747000 ended_ns=1790174527161773709 elapsed_us=26 block_gets=0 block_puts=0 deleted=0
checkpoint_phase lsn=20312 phase=value_index_schedule slot=0 started_ns=1790174527161780000 ended_ns=1790174527161801375 elapsed_us=21 block_gets=0 block_puts=0 deleted=0
checkpoint_phase lsn=20312 phase=value_index_schedule slot=0 started_ns=1790174527161805000 ended_ns=1790174527161826250 elapsed_us=21 block_gets=0 block_puts=0 deleted=0
checkpoint_phase lsn=20312 phase=value_index_schedule slot=0 started_ns=1790174527161831000 ended_ns=1790174527166875000 elapsed_us=5044 block_gets=0 block_puts=1 deleted=0
checkpoint_phase lsn=20312 phase=value_index_schedule slot=0 started_ns=1790174527166886000 ended_ns=1790174527182254583 elapsed_us=15368 block_gets=0 block_puts=4 deleted=0
checkpoint_phase lsn=20312 phase=value_index_schedule slot=0 started_ns=1790174527182268000 ended_ns=1790174527182852709 elapsed_us=584 block_gets=0 block_puts=0 deleted=0
checkpoint_phase lsn=20312 phase=value_index_schedule slot=0 started_ns=1790174527182862000 ended_ns=1790174527182924083 elapsed_us=62 block_gets=0 block_puts=0 deleted=0
checkpoint_phase lsn=20312 phase=value_index_schedule slot=0 started_ns=1790174527182930000 ended_ns=1790174527182978458 elapsed_us=48 block_gets=0 block_puts=0 deleted=0
checkpoint_phase lsn=20312 phase=value_index_schedule slot=0 started_ns=1790174527182983000 ended_ns=1790174527183109042 elapsed_us=126 block_gets=0 block_puts=0 deleted=0
checkpoint_phase lsn=20312 phase=value_index_schedule slot=0 started_ns=1790174527183113000 ended_ns=1790174527188258583 elapsed_us=5145 block_gets=0 block_puts=1 deleted=0
checkpoint_phase lsn=20312 phase=value_index_schedule slot=0 started_ns=1790174527188271000 ended_ns=1790174527188413042 elapsed_us=142 block_gets=0 block_puts=0 deleted=0
checkpoint_phase lsn=20312 phase=value_index_schedule slot=0 started_ns=1790174527188418000 ended_ns=1790174527188572041 elapsed_us=154 block_gets=0 block_puts=0 deleted=0
checkpoint_phase lsn=20312 phase=value_index_schedule slot=0 started_ns=1790174527188576000 ended_ns=1790174527193661584 elapsed_us=5085 block_gets=0 block_puts=1 deleted=0
checkpoint_phase lsn=20312 phase=value_index_schedule slot=0 started_ns=1790174527193672000 ended_ns=1790174527193851125 elapsed_us=179 block_gets=0 block_puts=0 deleted=0
checkpoint_phase lsn=20312 phase=value_index_schedule slot=0 started_ns=1790174527193857000 ended_ns=1790174527193861583 elapsed_us=4 block_gets=0 block_puts=0 deleted=0
checkpoint_phase lsn=20312 phase=value_index_schedule slot=0 started_ns=1790174527193865000 ended_ns=1790174527209663250 elapsed_us=15798 block_gets=0 block_puts=4 deleted=0
checkpoint_phase lsn=20312 phase=value_index_schedule slot=0 started_ns=1790174527209676000 ended_ns=1790174527212496709 elapsed_us=2820 block_gets=0 block_puts=0 deleted=0
checkpoint_phase lsn=20312 phase=value_index_schedule slot=0 started_ns=1790174527212507000 ended_ns=1790174527214593792 elapsed_us=2086 block_gets=0 block_puts=0 deleted=0
checkpoint_phase lsn=20312 phase=value_index_schedule slot=0 started_ns=1790174527214601000 ended_ns=1790174527214626708 elapsed_us=25 block_gets=0 block_puts=0 deleted=0
checkpoint_phase lsn=20312 phase=value_index_schedule slot=0 started_ns=1790174527214631000 ended_ns=1790174527229532000 elapsed_us=14901 block_gets=0 block_puts=4 deleted=0
checkpoint_phase lsn=20312 phase=value_index_schedule slot=0 started_ns=1790174527229544000 ended_ns=1790174527229544333 elapsed_us=0 block_gets=0 block_puts=0 deleted=0
checkpoint_phase lsn=20312 phase=value_index_schedule slot=0 started_ns=1790174527229549000 ended_ns=1790174527230089917 elapsed_us=540 block_gets=0 block_puts=0 deleted=0
checkpoint_phase lsn=20312 phase=value_index_schedule slot=0 started_ns=1790174527230095000 ended_ns=1790174527230243000 elapsed_us=148 block_gets=0 block_puts=0 deleted=0
checkpoint_phase lsn=20312 phase=value_index_schedule slot=0 started_ns=1790174527230249000 ended_ns=1790174527230385167 elapsed_us=136 block_gets=0 block_puts=0 deleted=0
checkpoint_phase lsn=20312 phase=value_index_schedule slot=0 started_ns=1790174527230389000 ended_ns=1790174527230524666 elapsed_us=135 block_gets=0 block_puts=0 deleted=0
checkpoint_phase lsn=20312 phase=value_index_schedule slot=0 started_ns=1790174527230528000 ended_ns=1790174527235739667 elapsed_us=5211 block_gets=0 block_puts=1 deleted=0
checkpoint_phase lsn=20312 phase=value_index_schedule slot=0 started_ns=1790174527235755000 ended_ns=1790174527235894084 elapsed_us=139 block_gets=0 block_puts=0 deleted=0
checkpoint_phase lsn=20312 phase=value_index_schedule slot=0 started_ns=1790174527235901000 ended_ns=1790174527236037000 elapsed_us=136 block_gets=0 block_puts=0 deleted=0
checkpoint_phase lsn=20312 phase=value_index_schedule slot=0 started_ns=1790174527236042000 ended_ns=1790174527240578125 elapsed_us=4536 block_gets=0 block_puts=1 deleted=0
checkpoint_phase lsn=20312 phase=value_index_schedule slot=0 started_ns=1790174527240590000 ended_ns=1790174527240642875 elapsed_us=52 block_gets=0 block_puts=0 deleted=0
checkpoint_phase lsn=20312 phase=value_index_schedule slot=0 started_ns=1790174527240649000 ended_ns=1790174527240744625 elapsed_us=95 block_gets=0 block_puts=0 deleted=0
checkpoint_phase lsn=20312 phase=value_index_schedule slot=0 started_ns=1790174527240749000 ended_ns=1790174527244938959 elapsed_us=4189 block_gets=0 block_puts=1 deleted=0
checkpoint_phase lsn=20312 phase=value_index_schedule slot=0 started_ns=1790174527244949000 ended_ns=1790174527259310666 elapsed_us=14361 block_gets=0 block_puts=4 deleted=0
checkpoint_phase lsn=20312 phase=value_index_schedule slot=0 started_ns=1790174527259321000 ended_ns=1790174527259321375 elapsed_us=0 block_gets=0 block_puts=0 deleted=0
checkpoint_phase lsn=20312 phase=value_index_write slot=0 started_ns=1790174527259329000 ended_ns=1790174527274072291 elapsed_us=14743 block_gets=0 block_puts=4 deleted=0
checkpoint_phase lsn=20312 phase=value_index_write slot=0 started_ns=1790174527274083000 ended_ns=1790174527286793041 elapsed_us=12710 block_gets=0 block_puts=4 deleted=0
checkpoint_phase lsn=20312 phase=value_index_write slot=0 started_ns=1790174527286806000 ended_ns=1790174527299854125 elapsed_us=13048 block_gets=0 block_puts=4 deleted=0
checkpoint_phase lsn=20312 phase=value_index_write slot=0 started_ns=1790174527299867000 ended_ns=1790174527313994209 elapsed_us=14127 block_gets=0 block_puts=4 deleted=0
checkpoint_phase lsn=20312 phase=value_index_write slot=0 started_ns=1790174527314006000 ended_ns=1790174527327179958 elapsed_us=13173 block_gets=0 block_puts=4 deleted=0
checkpoint_phase lsn=20312 phase=value_index_write slot=0 started_ns=1790174527327191000 ended_ns=1790174527341417708 elapsed_us=14226 block_gets=0 block_puts=4 deleted=0
checkpoint_phase lsn=20312 phase=value_index_write slot=0 started_ns=1790174527341431000 ended_ns=1790174527355278584 elapsed_us=13847 block_gets=0 block_puts=4 deleted=0
checkpoint_phase lsn=20312 phase=value_index_write slot=0 started_ns=1790174527355290000 ended_ns=1790174527368842458 elapsed_us=13552 block_gets=0 block_puts=4 deleted=0
checkpoint_phase lsn=20312 phase=value_index_write slot=0 started_ns=1790174527368857000 ended_ns=1790174527382605583 elapsed_us=13748 block_gets=0 block_puts=4 deleted=0
checkpoint_phase lsn=20312 phase=value_index_write slot=0 started_ns=1790174527382618000 ended_ns=1790174527396823792 elapsed_us=14205 block_gets=0 block_puts=4 deleted=0
checkpoint_phase lsn=20312 phase=value_index_write slot=0 started_ns=1790174527396835000 ended_ns=1790174527410770750 elapsed_us=13935 block_gets=0 block_puts=4 deleted=0
checkpoint_phase lsn=20312 phase=value_index_write slot=0 started_ns=1790174527410782000 ended_ns=1790174527424409709 elapsed_us=13627 block_gets=0 block_puts=4 deleted=0
checkpoint_phase lsn=20312 phase=value_index_write slot=0 started_ns=1790174527424421000 ended_ns=1790174527437814292 elapsed_us=13393 block_gets=0 block_puts=4 deleted=0
checkpoint_phase lsn=20312 phase=value_index_write slot=0 started_ns=1790174527437828000 ended_ns=1790174527450606333 elapsed_us=12778 block_gets=0 block_puts=4 deleted=0
checkpoint_phase lsn=20312 phase=value_index_write slot=0 started_ns=1790174527450618000 ended_ns=1790174527462687292 elapsed_us=12069 block_gets=0 block_puts=4 deleted=0
checkpoint_phase lsn=20312 phase=value_index_write slot=0 started_ns=1790174527462698000 ended_ns=1790174527475808375 elapsed_us=13110 block_gets=0 block_puts=4 deleted=0
checkpoint_phase lsn=20312 phase=value_index_write slot=0 started_ns=1790174527475822000 ended_ns=1790174527487898084 elapsed_us=12076 block_gets=0 block_puts=4 deleted=0
checkpoint_phase lsn=20312 phase=value_index_write slot=0 started_ns=1790174527487913000 ended_ns=1790174527499350667 elapsed_us=11437 block_gets=0 block_puts=4 deleted=0
checkpoint_phase lsn=20312 phase=value_index_write slot=0 started_ns=1790174527499363000 ended_ns=1790174527510719584 elapsed_us=11356 block_gets=0 block_puts=4 deleted=0
checkpoint_phase lsn=20312 phase=value_index_write slot=0 started_ns=1790174527510740000 ended_ns=1790174527522636125 elapsed_us=11896 block_gets=0 block_puts=4 deleted=0
checkpoint_phase lsn=20312 phase=value_index_write slot=0 started_ns=1790174527522647000 ended_ns=1790174527535436250 elapsed_us=12789 block_gets=0 block_puts=4 deleted=0
checkpoint_phase lsn=20312 phase=value_index_write slot=0 started_ns=1790174527535449000 ended_ns=1790174527547716500 elapsed_us=12267 block_gets=0 block_puts=4 deleted=0
checkpoint_phase lsn=20312 phase=value_index_write slot=0 started_ns=1790174527547729000 ended_ns=1790174527559467958 elapsed_us=11738 block_gets=0 block_puts=4 deleted=0
checkpoint_phase lsn=20312 phase=value_index_write slot=0 started_ns=1790174527559479000 ended_ns=1790174527570541000 elapsed_us=11062 block_gets=0 block_puts=4 deleted=0
checkpoint_phase lsn=20312 phase=value_index_write slot=0 started_ns=1790174527570554000 ended_ns=1790174527582846875 elapsed_us=12292 block_gets=0 block_puts=4 deleted=0
checkpoint_phase lsn=20312 phase=value_index_write slot=0 started_ns=1790174527582858000 ended_ns=1790174527594111792 elapsed_us=11253 block_gets=0 block_puts=4 deleted=0
checkpoint_phase lsn=20312 phase=value_index_write slot=0 started_ns=1790174527594124000 ended_ns=1790174527605799292 elapsed_us=11675 block_gets=0 block_puts=4 deleted=0
checkpoint_phase lsn=20312 phase=value_index_write slot=0 started_ns=1790174527605816000 ended_ns=1790174527617773292 elapsed_us=11957 block_gets=0 block_puts=4 deleted=0
checkpoint_phase lsn=20312 phase=value_index_write slot=0 started_ns=1790174527617787000 ended_ns=1790174527628649292 elapsed_us=10862 block_gets=0 block_puts=4 deleted=0
checkpoint_phase lsn=20312 phase=value_index_write slot=0 started_ns=1790174527628663000 ended_ns=1790174527639383625 elapsed_us=10720 block_gets=0 block_puts=4 deleted=0
checkpoint_phase lsn=20312 phase=value_index_write slot=0 started_ns=1790174527639396000 ended_ns=1790174527652558792 elapsed_us=13162 block_gets=0 block_puts=4 deleted=0
checkpoint_phase lsn=20312 phase=value_index_write slot=0 started_ns=1790174527652611000 ended_ns=1790174527666542416 elapsed_us=13931 block_gets=0 block_puts=4 deleted=0
checkpoint_phase lsn=20312 phase=value_index_write slot=0 started_ns=1790174527666557000 ended_ns=1790174527682610125 elapsed_us=16053 block_gets=0 block_puts=5 deleted=0
checkpoint_phase lsn=20312 phase=value_index_write slot=0 started_ns=1790174527682625000 ended_ns=1790174527695794416 elapsed_us=13169 block_gets=0 block_puts=4 deleted=0
checkpoint_phase lsn=20312 phase=value_index_write slot=0 started_ns=1790174527695807000 ended_ns=1790174527710299791 elapsed_us=14492 block_gets=0 block_puts=4 deleted=0
checkpoint_phase lsn=20312 phase=value_index_write slot=0 started_ns=1790174527710313000 ended_ns=1790174527724726833 elapsed_us=14413 block_gets=0 block_puts=4 deleted=0
checkpoint_phase lsn=20312 phase=value_index_write slot=0 started_ns=1790174527724739000 ended_ns=1790174527739367375 elapsed_us=14628 block_gets=0 block_puts=4 deleted=0
checkpoint_phase lsn=20312 phase=value_index_write slot=0 started_ns=1790174527739381000 ended_ns=1790174527751503000 elapsed_us=12122 block_gets=0 block_puts=4 deleted=0
checkpoint_phase lsn=20312 phase=value_index_write slot=0 started_ns=1790174527751526000 ended_ns=1790174527765603084 elapsed_us=14077 block_gets=0 block_puts=4 deleted=0
checkpoint_phase lsn=20312 phase=value_index_write slot=0 started_ns=1790174527765614000 ended_ns=1790174527779030666 elapsed_us=13416 block_gets=0 block_puts=4 deleted=0
checkpoint_phase lsn=20312 phase=value_index_write slot=0 started_ns=1790174527779044000 ended_ns=1790174527794726292 elapsed_us=15682 block_gets=0 block_puts=5 deleted=0
checkpoint_phase lsn=20312 phase=value_index_write slot=0 started_ns=1790174527794739000 ended_ns=1790174527808058583 elapsed_us=13319 block_gets=0 block_puts=4 deleted=0
checkpoint_phase lsn=20312 phase=value_index_write slot=0 started_ns=1790174527808070000 ended_ns=1790174527821408667 elapsed_us=13338 block_gets=0 block_puts=4 deleted=0
checkpoint_phase lsn=20312 phase=value_index_write slot=0 started_ns=1790174527821420000 ended_ns=1790174527831730708 elapsed_us=10310 block_gets=0 block_puts=4 deleted=0
checkpoint_phase lsn=20312 phase=value_index_write slot=0 started_ns=1790174527831742000 ended_ns=1790174527843637125 elapsed_us=11895 block_gets=0 block_puts=4 deleted=0
checkpoint_phase lsn=20312 phase=value_index_write slot=0 started_ns=1790174527843651000 ended_ns=1790174527856169125 elapsed_us=12518 block_gets=0 block_puts=4 deleted=0
checkpoint_phase lsn=20312 phase=value_index_write slot=0 started_ns=1790174527856216000 ended_ns=1790174527870547667 elapsed_us=14331 block_gets=0 block_puts=4 deleted=0
checkpoint_phase lsn=20312 phase=value_index_write slot=0 started_ns=1790174527870560000 ended_ns=1790174527883437791 elapsed_us=12877 block_gets=0 block_puts=4 deleted=0
checkpoint_phase lsn=20312 phase=value_index_write slot=0 started_ns=1790174527883450000 ended_ns=1790174527902476333 elapsed_us=19026 block_gets=0 block_puts=5 deleted=0
checkpoint_phase lsn=20312 phase=value_index_write slot=0 started_ns=1790174527902490000 ended_ns=1790174527917044000 elapsed_us=14554 block_gets=0 block_puts=4 deleted=0
checkpoint_phase lsn=20312 phase=value_index_write slot=0 started_ns=1790174527917056000 ended_ns=1790174527931575584 elapsed_us=14519 block_gets=0 block_puts=4 deleted=0
checkpoint_phase lsn=20312 phase=value_index_write slot=0 started_ns=1790174527931588000 ended_ns=1790174527946394334 elapsed_us=14806 block_gets=0 block_puts=4 deleted=0
checkpoint_phase lsn=20312 phase=value_index_write slot=0 started_ns=1790174527946409000 ended_ns=1790174527961828375 elapsed_us=15419 block_gets=0 block_puts=4 deleted=0
checkpoint_phase lsn=20312 phase=value_index_write slot=0 started_ns=1790174527961844000 ended_ns=1790174527974564875 elapsed_us=12720 block_gets=0 block_puts=4 deleted=0
checkpoint_phase lsn=20312 phase=value_index_write slot=0 started_ns=1790174527974581000 ended_ns=1790174527987811542 elapsed_us=13230 block_gets=0 block_puts=4 deleted=0
checkpoint_phase lsn=20312 phase=value_index_write slot=0 started_ns=1790174527987826000 ended_ns=1790174527998557791 elapsed_us=10731 block_gets=0 block_puts=4 deleted=0
checkpoint_phase lsn=20312 phase=value_index_write slot=0 started_ns=1790174527998572000 ended_ns=1790174528014176208 elapsed_us=15604 block_gets=0 block_puts=5 deleted=0
checkpoint_phase lsn=20312 phase=value_index_write slot=0 started_ns=1790174528014192000 ended_ns=1790174528027076667 elapsed_us=12884 block_gets=0 block_puts=4 deleted=0
checkpoint_phase lsn=20312 phase=value_index_write slot=0 started_ns=1790174528027089000 ended_ns=1790174528039435000 elapsed_us=12346 block_gets=0 block_puts=4 deleted=0
checkpoint_phase lsn=20312 phase=value_index_write slot=0 started_ns=1790174528039450000 ended_ns=1790174528056579625 elapsed_us=17129 block_gets=0 block_puts=4 deleted=0
checkpoint_phase lsn=20312 phase=value_index_write slot=0 started_ns=1790174528056592000 ended_ns=1790174528070794833 elapsed_us=14202 block_gets=0 block_puts=4 deleted=0
checkpoint_phase lsn=20312 phase=value_index_write slot=0 started_ns=1790174528070808000 ended_ns=1790174528084906042 elapsed_us=14098 block_gets=0 block_puts=4 deleted=0
checkpoint_phase lsn=20312 phase=value_index_write slot=0 started_ns=1790174528084919000 ended_ns=1790174528097977208 elapsed_us=13058 block_gets=0 block_puts=4 deleted=0
checkpoint_phase lsn=20312 phase=value_index_write slot=0 started_ns=1790174528097990000 ended_ns=1790174528110698042 elapsed_us=12708 block_gets=0 block_puts=4 deleted=0
checkpoint_phase lsn=20312 phase=value_index_write slot=0 started_ns=1790174528110711000 ended_ns=1790174528125054584 elapsed_us=14343 block_gets=0 block_puts=5 deleted=0
checkpoint_phase lsn=20312 phase=value_index_write slot=0 started_ns=1790174528125066000 ended_ns=1790174528137186041 elapsed_us=12120 block_gets=0 block_puts=4 deleted=0
checkpoint_phase lsn=20312 phase=value_index_write slot=0 started_ns=1790174528137201000 ended_ns=1790174528148526000 elapsed_us=11325 block_gets=0 block_puts=4 deleted=0
checkpoint_phase lsn=20312 phase=value_index_write slot=0 started_ns=1790174528148540000 ended_ns=1790174528162431417 elapsed_us=13891 block_gets=0 block_puts=4 deleted=0
checkpoint_phase lsn=20312 phase=value_index_write slot=0 started_ns=1790174528162445000 ended_ns=1790174528175082375 elapsed_us=12637 block_gets=0 block_puts=4 deleted=0
checkpoint_phase lsn=20312 phase=value_index_write slot=0 started_ns=1790174528175097000 ended_ns=1790174528188211000 elapsed_us=13114 block_gets=0 block_puts=4 deleted=0
checkpoint_phase lsn=20312 phase=value_index_write slot=0 started_ns=1790174528188225000 ended_ns=1790174528201957167 elapsed_us=13732 block_gets=0 block_puts=4 deleted=0
checkpoint_phase lsn=20312 phase=value_index_write slot=0 started_ns=1790174528201971000 ended_ns=1790174528215583084 elapsed_us=13612 block_gets=0 block_puts=4 deleted=0
checkpoint_phase lsn=20312 phase=value_index_write slot=0 started_ns=1790174528215595000 ended_ns=1790174528232845250 elapsed_us=17250 block_gets=0 block_puts=5 deleted=0
checkpoint_phase lsn=20312 phase=value_index_write slot=0 started_ns=1790174528232859000 ended_ns=1790174528246314125 elapsed_us=13455 block_gets=0 block_puts=4 deleted=0
checkpoint_phase lsn=20312 phase=value_index_write slot=0 started_ns=1790174528246337000 ended_ns=1790174528258759875 elapsed_us=12422 block_gets=0 block_puts=4 deleted=0
checkpoint_phase lsn=20312 phase=value_index_write slot=0 started_ns=1790174528258772000 ended_ns=1790174528271782833 elapsed_us=13010 block_gets=0 block_puts=4 deleted=0
checkpoint_phase lsn=20312 phase=value_index_write slot=0 started_ns=1790174528271796000 ended_ns=1790174528285081958 elapsed_us=13285 block_gets=0 block_puts=4 deleted=0
checkpoint_phase lsn=20312 phase=value_index_write slot=0 started_ns=1790174528285095000 ended_ns=1790174528296967500 elapsed_us=11872 block_gets=0 block_puts=4 deleted=0
checkpoint_phase lsn=20312 phase=value_index_write slot=0 started_ns=1790174528296980000 ended_ns=1790174528309598291 elapsed_us=12618 block_gets=0 block_puts=4 deleted=0
checkpoint_phase lsn=20312 phase=value_index_write slot=0 started_ns=1790174528309612000 ended_ns=1790174528322621500 elapsed_us=13009 block_gets=0 block_puts=4 deleted=0
checkpoint_phase lsn=20312 phase=value_index_write slot=0 started_ns=1790174528322636000 ended_ns=1790174528335856458 elapsed_us=13220 block_gets=0 block_puts=5 deleted=0
checkpoint_phase lsn=20312 phase=value_index_write slot=0 started_ns=1790174528335869000 ended_ns=1790174528347335958 elapsed_us=11466 block_gets=0 block_puts=4 deleted=0
checkpoint_phase lsn=20312 phase=value_index_write slot=0 started_ns=1790174528347347000 ended_ns=1790174528361077875 elapsed_us=13730 block_gets=0 block_puts=4 deleted=0
checkpoint_phase lsn=20312 phase=value_index_write slot=0 started_ns=1790174528361094000 ended_ns=1790174528373130333 elapsed_us=12036 block_gets=0 block_puts=4 deleted=0
checkpoint_phase lsn=20312 phase=value_index_write slot=0 started_ns=1790174528373142000 ended_ns=1790174528387180375 elapsed_us=14038 block_gets=0 block_puts=4 deleted=0
checkpoint_phase lsn=20312 phase=value_index_write slot=0 started_ns=1790174528387196000 ended_ns=1790174528401060958 elapsed_us=13864 block_gets=0 block_puts=4 deleted=0
checkpoint_phase lsn=20312 phase=value_index_write slot=0 started_ns=1790174528401075000 ended_ns=1790174528414038125 elapsed_us=12963 block_gets=0 block_puts=4 deleted=0
checkpoint_phase lsn=20312 phase=value_index_write slot=0 started_ns=1790174528414063000 ended_ns=1790174528426272333 elapsed_us=12209 block_gets=0 block_puts=4 deleted=0
checkpoint_phase lsn=20312 phase=value_index_write slot=0 started_ns=1790174528426288000 ended_ns=1790174528439868375 elapsed_us=13580 block_gets=0 block_puts=5 deleted=0
checkpoint_phase lsn=20312 phase=value_index_write slot=0 started_ns=1790174528439884000 ended_ns=1790174528452825791 elapsed_us=12941 block_gets=0 block_puts=4 deleted=0
checkpoint_phase lsn=20312 phase=value_index_write slot=0 started_ns=1790174528452844000 ended_ns=1790174528465579750 elapsed_us=12735 block_gets=0 block_puts=4 deleted=0
checkpoint_phase lsn=20312 phase=value_index_write slot=0 started_ns=1790174528465592000 ended_ns=1790174528479990625 elapsed_us=14398 block_gets=0 block_puts=4 deleted=0
checkpoint_phase lsn=20312 phase=value_index_write slot=0 started_ns=1790174528480004000 ended_ns=1790174528495751500 elapsed_us=15747 block_gets=0 block_puts=4 deleted=0
checkpoint_phase lsn=20312 phase=value_index_write slot=0 started_ns=1790174528495766000 ended_ns=1790174528511991833 elapsed_us=16225 block_gets=0 block_puts=4 deleted=0
checkpoint_phase lsn=20312 phase=value_index_write slot=0 started_ns=1790174528512005000 ended_ns=1790174528526297209 elapsed_us=14292 block_gets=0 block_puts=4 deleted=0
checkpoint_phase lsn=20312 phase=value_index_write slot=0 started_ns=1790174528526313000 ended_ns=1790174528540271417 elapsed_us=13958 block_gets=0 block_puts=4 deleted=0
checkpoint_phase lsn=20312 phase=value_index_write slot=0 started_ns=1790174528540284000 ended_ns=1790174528556688875 elapsed_us=16404 block_gets=0 block_puts=5 deleted=0
checkpoint_phase lsn=20312 phase=value_index_write slot=0 started_ns=1790174528556701000 ended_ns=1790174528573205333 elapsed_us=16504 block_gets=0 block_puts=4 deleted=0
checkpoint_phase lsn=20312 phase=value_index_write slot=0 started_ns=1790174528573219000 ended_ns=1790174528586840709 elapsed_us=13621 block_gets=0 block_puts=4 deleted=0
checkpoint_phase lsn=20312 phase=value_index_write slot=0 started_ns=1790174528586853000 ended_ns=1790174528601348000 elapsed_us=14495 block_gets=0 block_puts=4 deleted=0
checkpoint_phase lsn=20312 phase=value_index_write slot=0 started_ns=1790174528601361000 ended_ns=1790174528615015500 elapsed_us=13654 block_gets=0 block_puts=4 deleted=0
checkpoint_phase lsn=20312 phase=value_index_write slot=0 started_ns=1790174528615027000 ended_ns=1790174528629174917 elapsed_us=14147 block_gets=0 block_puts=4 deleted=0
checkpoint_phase lsn=20312 phase=value_index_write slot=0 started_ns=1790174528629192000 ended_ns=1790174528644330041 elapsed_us=15138 block_gets=0 block_puts=4 deleted=0
checkpoint_phase lsn=20312 phase=value_index_write slot=0 started_ns=1790174528644342000 ended_ns=1790174528661754375 elapsed_us=17412 block_gets=0 block_puts=4 deleted=0
checkpoint_phase lsn=20312 phase=value_index_write slot=0 started_ns=1790174528661766000 ended_ns=1790174528677663667 elapsed_us=15897 block_gets=0 block_puts=5 deleted=0
checkpoint_phase lsn=20312 phase=value_index_write slot=0 started_ns=1790174528677676000 ended_ns=1790174528689413958 elapsed_us=11737 block_gets=0 block_puts=4 deleted=0
checkpoint_phase lsn=20312 phase=value_index_write slot=0 started_ns=1790174528689427000 ended_ns=1790174528700639917 elapsed_us=11212 block_gets=0 block_puts=4 deleted=0
checkpoint_phase lsn=20312 phase=value_index_write slot=0 started_ns=1790174528700653000 ended_ns=1790174528713840041 elapsed_us=13187 block_gets=0 block_puts=4 deleted=0
checkpoint_phase lsn=20312 phase=value_index_write slot=0 started_ns=1790174528713852000 ended_ns=1790174528726051750 elapsed_us=12199 block_gets=0 block_puts=4 deleted=0
checkpoint_phase lsn=20312 phase=value_index_write slot=0 started_ns=1790174528726064000 ended_ns=1790174528739516500 elapsed_us=13452 block_gets=0 block_puts=4 deleted=0
checkpoint_phase lsn=20312 phase=value_index_write slot=0 started_ns=1790174528739531000 ended_ns=1790174528754621833 elapsed_us=15090 block_gets=0 block_puts=4 deleted=0
checkpoint_phase lsn=20312 phase=value_index_write slot=0 started_ns=1790174528754635000 ended_ns=1790174528768232417 elapsed_us=13597 block_gets=0 block_puts=4 deleted=0
checkpoint_phase lsn=20312 phase=value_index_write slot=0 started_ns=1790174528768356000 ended_ns=1790174528789172792 elapsed_us=20816 block_gets=0 block_puts=5 deleted=0
checkpoint_phase lsn=20312 phase=value_index_write slot=0 started_ns=1790174528789212000 ended_ns=1790174528803430583 elapsed_us=14218 block_gets=0 block_puts=4 deleted=0
checkpoint_phase lsn=20312 phase=value_index_write slot=0 started_ns=1790174528803447000 ended_ns=1790174528816604250 elapsed_us=13157 block_gets=0 block_puts=4 deleted=0
checkpoint_phase lsn=20312 phase=value_index_write slot=0 started_ns=1790174528816619000 ended_ns=1790174528831093625 elapsed_us=14474 block_gets=0 block_puts=4 deleted=0
checkpoint_phase lsn=20312 phase=value_index_write slot=0 started_ns=1790174528831108000 ended_ns=1790174528844415625 elapsed_us=13307 block_gets=0 block_puts=4 deleted=0
checkpoint_phase lsn=20312 phase=value_index_write slot=0 started_ns=1790174528844431000 ended_ns=1790174528856305458 elapsed_us=11874 block_gets=0 block_puts=4 deleted=0
checkpoint_phase lsn=20312 phase=value_index_write slot=0 started_ns=1790174528856320000 ended_ns=1790174528871253083 elapsed_us=14933 block_gets=0 block_puts=4 deleted=0
checkpoint_phase lsn=20312 phase=value_index_write slot=0 started_ns=1790174528871269000 ended_ns=1790174528885014125 elapsed_us=13745 block_gets=0 block_puts=4 deleted=0
checkpoint_phase lsn=20312 phase=value_index_write slot=0 started_ns=1790174528885030000 ended_ns=1790174528900658667 elapsed_us=15628 block_gets=0 block_puts=5 deleted=0
checkpoint_phase lsn=20312 phase=value_index_write slot=0 started_ns=1790174528900672000 ended_ns=1790174528915150041 elapsed_us=14478 block_gets=0 block_puts=4 deleted=0
checkpoint_phase lsn=20312 phase=value_index_write slot=0 started_ns=1790174528915164000 ended_ns=1790174528928812041 elapsed_us=13648 block_gets=0 block_puts=4 deleted=0
checkpoint_phase lsn=20312 phase=value_index_write slot=0 started_ns=1790174528928827000 ended_ns=1790174528943347792 elapsed_us=14520 block_gets=0 block_puts=4 deleted=0
checkpoint_phase lsn=20312 phase=value_index_write slot=0 started_ns=1790174528943361000 ended_ns=1790174528957683541 elapsed_us=14322 block_gets=0 block_puts=4 deleted=0
checkpoint_phase lsn=20312 phase=value_index_write slot=0 started_ns=1790174528957697000 ended_ns=1790174528971656375 elapsed_us=13959 block_gets=0 block_puts=4 deleted=0
checkpoint_phase lsn=20312 phase=value_index_write slot=0 started_ns=1790174528971671000 ended_ns=1790174528986523833 elapsed_us=14852 block_gets=0 block_puts=4 deleted=0
checkpoint_phase lsn=20312 phase=value_index_write slot=0 started_ns=1790174528986540000 ended_ns=1790174529000056375 elapsed_us=13516 block_gets=0 block_puts=4 deleted=0
checkpoint_phase lsn=20312 phase=value_index_write slot=0 started_ns=1790174529000074000 ended_ns=1790174529015542167 elapsed_us=15468 block_gets=0 block_puts=5 deleted=0
checkpoint_phase lsn=20312 phase=value_index_write slot=0 started_ns=1790174529015558000 ended_ns=1790174529028299709 elapsed_us=12741 block_gets=0 block_puts=4 deleted=0
checkpoint_phase lsn=20312 phase=value_index_write slot=0 started_ns=1790174529028317000 ended_ns=1790174529040829459 elapsed_us=12512 block_gets=0 block_puts=4 deleted=0
checkpoint_phase lsn=20312 phase=value_index_write slot=0 started_ns=1790174529040844000 ended_ns=1790174529056073125 elapsed_us=15229 block_gets=0 block_puts=5 deleted=0
checkpoint_phase lsn=20312 phase=value_index_schedule slot=0 started_ns=1790174529056095000 ended_ns=1790174529056115625 elapsed_us=20 block_gets=0 block_puts=0 deleted=0
checkpoint_phase lsn=20312 phase=value_index_schedule slot=0 started_ns=1790174529056122000 ended_ns=1790174529057676625 elapsed_us=1554 block_gets=0 block_puts=0 deleted=0
checkpoint_phase lsn=20312 phase=value_index_schedule slot=0 started_ns=1790174529057689000 ended_ns=1790174529084860416 elapsed_us=27171 block_gets=8 block_puts=0 deleted=0
checkpoint_phase lsn=20312 phase=value_index_schedule slot=0 started_ns=1790174529084881000 ended_ns=1790174529111157584 elapsed_us=26276 block_gets=8 block_puts=0 deleted=0
checkpoint_phase lsn=20312 phase=value_index_schedule slot=0 started_ns=1790174529111173000 ended_ns=1790174529121306458 elapsed_us=10133 block_gets=3 block_puts=0 deleted=0
checkpoint_phase lsn=20312 phase=value_index_schedule slot=0 started_ns=1790174529121321000 ended_ns=1790174529121348000 elapsed_us=27 block_gets=0 block_puts=0 deleted=0
checkpoint_phase lsn=20312 phase=value_index_schedule slot=0 started_ns=1790174529121354000 ended_ns=1790174529121376291 elapsed_us=22 block_gets=0 block_puts=0 deleted=0
checkpoint_phase lsn=20312 phase=value_index_schedule slot=0 started_ns=1790174529121382000 ended_ns=1790174529121404084 elapsed_us=22 block_gets=0 block_puts=0 deleted=0
checkpoint_phase lsn=20312 phase=value_index_schedule slot=0 started_ns=1790174529121408000 ended_ns=1790174529126026750 elapsed_us=4618 block_gets=0 block_puts=1 deleted=0
checkpoint_phase lsn=20312 phase=value_index_schedule slot=0 started_ns=1790174529126039000 ended_ns=1790174529126074042 elapsed_us=35 block_gets=0 block_puts=0 deleted=0
checkpoint_phase lsn=20312 phase=value_index_schedule slot=0 started_ns=1790174529126080000 ended_ns=1790174529139997042 elapsed_us=13917 block_gets=0 block_puts=4 deleted=0
checkpoint_phase lsn=20312 phase=value_index_schedule slot=0 started_ns=1790174529140012000 ended_ns=1790174529168571875 elapsed_us=28559 block_gets=8 block_puts=0 deleted=0
checkpoint_phase lsn=20312 phase=value_index_schedule slot=0 started_ns=1790174529168590000 ended_ns=1790174529194689667 elapsed_us=26099 block_gets=8 block_puts=0 deleted=0
checkpoint_phase lsn=20312 phase=value_index_schedule slot=0 started_ns=1790174529194705000 ended_ns=1790174529220830542 elapsed_us=26125 block_gets=8 block_puts=0 deleted=0
checkpoint_phase lsn=20312 phase=value_index_schedule slot=0 started_ns=1790174529220845000 ended_ns=1790174529246062708 elapsed_us=25217 block_gets=8 block_puts=0 deleted=0
checkpoint_phase lsn=20312 phase=value_index_schedule slot=0 started_ns=1790174529246080000 ended_ns=1790174529270776334 elapsed_us=24696 block_gets=8 block_puts=0 deleted=0
checkpoint_phase lsn=20312 phase=value_index_schedule slot=0 started_ns=1790174529270791000 ended_ns=1790174529298804042 elapsed_us=28013 block_gets=8 block_puts=0 deleted=0
checkpoint_phase lsn=20312 phase=value_index_schedule slot=0 started_ns=1790174529298821000 ended_ns=1790174529326815916 elapsed_us=27994 block_gets=8 block_puts=0 deleted=0
checkpoint_phase lsn=20312 phase=value_index_schedule slot=0 started_ns=1790174529326833000 ended_ns=1790174529356159917 elapsed_us=29326 block_gets=8 block_puts=0 deleted=0
checkpoint_phase lsn=20312 phase=value_index_schedule slot=0 started_ns=1790174529356175000 ended_ns=1790174529382548583 elapsed_us=26373 block_gets=8 block_puts=0 deleted=0
checkpoint_phase lsn=20312 phase=value_index_schedule slot=0 started_ns=1790174529382566000 ended_ns=1790174529410499916 elapsed_us=27933 block_gets=8 block_puts=0 deleted=0
checkpoint_phase lsn=20312 phase=value_index_schedule slot=0 started_ns=1790174529410517000 ended_ns=1790174529436574666 elapsed_us=26057 block_gets=8 block_puts=0 deleted=0
checkpoint_phase lsn=20312 phase=value_index_schedule slot=0 started_ns=1790174529436593000 ended_ns=1790174529461481334 elapsed_us=24888 block_gets=7 block_puts=0 deleted=0
checkpoint_phase lsn=20312 phase=value_index_schedule slot=0 started_ns=1790174529461500000 ended_ns=1790174529461526709 elapsed_us=26 block_gets=0 block_puts=0 deleted=0
checkpoint_phase lsn=20312 phase=value_index_schedule slot=0 started_ns=1790174529461534000 ended_ns=1790174529461556042 elapsed_us=22 block_gets=0 block_puts=0 deleted=0
checkpoint_phase lsn=20312 phase=value_index_schedule slot=0 started_ns=1790174529461561000 ended_ns=1790174529461582875 elapsed_us=21 block_gets=0 block_puts=0 deleted=0
checkpoint_phase lsn=20312 phase=value_index_schedule slot=0 started_ns=1790174529461588000 ended_ns=1790174529466873208 elapsed_us=5285 block_gets=0 block_puts=1 deleted=0
checkpoint_phase lsn=20312 phase=value_index_schedule slot=0 started_ns=1790174529466886000 ended_ns=1790174529466910917 elapsed_us=24 block_gets=0 block_puts=0 deleted=0
checkpoint_phase lsn=20312 phase=value_index_schedule slot=0 started_ns=1790174529466916000 ended_ns=1790174529480598791 elapsed_us=13682 block_gets=0 block_puts=4 deleted=0
checkpoint_phase lsn=20312 phase=value_index_schedule slot=0 started_ns=1790174529480612000 ended_ns=1790174529481312333 elapsed_us=700 block_gets=0 block_puts=0 deleted=0
checkpoint_phase lsn=20312 phase=value_index_schedule slot=0 started_ns=1790174529481319000 ended_ns=1790174529481461334 elapsed_us=142 block_gets=0 block_puts=0 deleted=0
checkpoint_phase lsn=20312 phase=value_index_schedule slot=0 started_ns=1790174529481467000 ended_ns=1790174529481601000 elapsed_us=134 block_gets=0 block_puts=0 deleted=0
checkpoint_phase lsn=20312 phase=value_index_schedule slot=0 started_ns=1790174529481606000 ended_ns=1790174529481738084 elapsed_us=132 block_gets=0 block_puts=0 deleted=0
checkpoint_phase lsn=20312 phase=value_index_schedule slot=0 started_ns=1790174529481745000 ended_ns=1790174529487474250 elapsed_us=5729 block_gets=0 block_puts=1 deleted=0
checkpoint_phase lsn=20312 phase=value_index_schedule slot=0 started_ns=1790174529487487000 ended_ns=1790174529487625667 elapsed_us=138 block_gets=0 block_puts=0 deleted=0
checkpoint_phase lsn=20312 phase=value_index_schedule slot=0 started_ns=1790174529487631000 ended_ns=1790174529487763250 elapsed_us=132 block_gets=0 block_puts=0 deleted=0
checkpoint_phase lsn=20312 phase=value_index_schedule slot=0 started_ns=1790174529487769000 ended_ns=1790174529487902292 elapsed_us=133 block_gets=0 block_puts=0 deleted=0
checkpoint_phase lsn=20312 phase=value_index_schedule slot=0 started_ns=1790174529487907000 ended_ns=1790174529493366208 elapsed_us=5459 block_gets=0 block_puts=1 deleted=0
checkpoint_phase lsn=20312 phase=value_index_schedule slot=0 started_ns=1790174529493374000 ended_ns=1790174529493449166 elapsed_us=75 block_gets=0 block_puts=0 deleted=0
checkpoint_phase lsn=20312 phase=value_index_schedule slot=0 started_ns=1790174529493454000 ended_ns=1790174529493526500 elapsed_us=72 block_gets=0 block_puts=0 deleted=0
checkpoint_phase lsn=20312 phase=value_index_schedule slot=0 started_ns=1790174529493532000 ended_ns=1790174529493584375 elapsed_us=52 block_gets=0 block_puts=0 deleted=0
checkpoint_phase lsn=20312 phase=value_index_schedule slot=0 started_ns=1790174529493589000 ended_ns=1790174529509543292 elapsed_us=15954 block_gets=0 block_puts=4 deleted=0
checkpoint_phase lsn=20312 phase=value_index_schedule slot=0 started_ns=1790174529509558000 ended_ns=1790174529512470042 elapsed_us=2912 block_gets=0 block_puts=0 deleted=0
checkpoint_phase lsn=20312 phase=value_index_schedule slot=0 started_ns=1790174529512486000 ended_ns=1790174529515126791 elapsed_us=2640 block_gets=0 block_puts=0 deleted=0
checkpoint_phase lsn=20312 phase=value_index_schedule slot=0 started_ns=1790174529515143000 ended_ns=1790174529515172375 elapsed_us=29 block_gets=0 block_puts=0 deleted=0
checkpoint_phase lsn=20312 phase=value_index_schedule slot=0 started_ns=1790174529515178000 ended_ns=1790174529515200375 elapsed_us=22 block_gets=0 block_puts=0 deleted=0
checkpoint_phase lsn=20312 phase=value_index_schedule slot=0 started_ns=1790174529515206000 ended_ns=1790174529515228458 elapsed_us=22 block_gets=0 block_puts=0 deleted=0
checkpoint_phase lsn=20312 phase=value_index_schedule slot=0 started_ns=1790174529515233000 ended_ns=1790174529520745583 elapsed_us=5512 block_gets=0 block_puts=1 deleted=0
checkpoint_phase lsn=20312 phase=value_index_schedule slot=0 started_ns=1790174529520762000 ended_ns=1790174529520791542 elapsed_us=29 block_gets=0 block_puts=0 deleted=0
checkpoint_phase lsn=20312 phase=value_index_schedule slot=0 started_ns=1790174529520798000 ended_ns=1790174529536256917 elapsed_us=15458 block_gets=0 block_puts=4 deleted=0
checkpoint_phase lsn=20312 phase=value_index_schedule slot=0 started_ns=1790174529536271000 ended_ns=1790174529539186625 elapsed_us=2915 block_gets=0 block_puts=0 deleted=0
checkpoint_phase lsn=20312 phase=value_index_schedule slot=0 started_ns=1790174529539197000 ended_ns=1790174529541823833 elapsed_us=2626 block_gets=0 block_puts=0 deleted=0
checkpoint_phase lsn=20312 phase=value_index_schedule slot=0 started_ns=1790174529541837000 ended_ns=1790174529541864458 elapsed_us=27 block_gets=0 block_puts=0 deleted=0
checkpoint_phase lsn=20312 phase=value_index_schedule slot=0 started_ns=1790174529541870000 ended_ns=1790174529541892125 elapsed_us=22 block_gets=0 block_puts=0 deleted=0
checkpoint_phase lsn=20312 phase=value_index_schedule slot=0 started_ns=1790174529541898000 ended_ns=1790174529541920083 elapsed_us=22 block_gets=0 block_puts=0 deleted=0
checkpoint_phase lsn=20312 phase=value_index_schedule slot=0 started_ns=1790174529541925000 ended_ns=1790174529547460458 elapsed_us=5535 block_gets=0 block_puts=1 deleted=0
checkpoint_phase lsn=20312 phase=value_index_schedule slot=0 started_ns=1790174529547475000 ended_ns=1790174529547503291 elapsed_us=28 block_gets=0 block_puts=0 deleted=0
checkpoint_phase lsn=20312 phase=value_index_schedule slot=0 started_ns=1790174529547510000 ended_ns=1790174529562893209 elapsed_us=15383 block_gets=0 block_puts=4 deleted=0
checkpoint_phase lsn=20312 phase=value_index_schedule slot=0 started_ns=1790174529562906000 ended_ns=1790174529563600458 elapsed_us=694 block_gets=0 block_puts=0 deleted=0
checkpoint_phase lsn=20312 phase=value_index_schedule slot=0 started_ns=1790174529563609000 ended_ns=1790174529563743625 elapsed_us=134 block_gets=0 block_puts=0 deleted=0
checkpoint_phase lsn=20312 phase=value_index_schedule slot=0 started_ns=1790174529563749000 ended_ns=1790174529563875916 elapsed_us=126 block_gets=0 block_puts=0 deleted=0
checkpoint_phase lsn=20312 phase=value_index_schedule slot=0 started_ns=1790174529563881000 ended_ns=1790174529564007625 elapsed_us=126 block_gets=0 block_puts=0 deleted=0
checkpoint_phase lsn=20312 phase=value_index_schedule slot=0 started_ns=1790174529564013000 ended_ns=1790174529569465375 elapsed_us=5452 block_gets=0 block_puts=1 deleted=0
checkpoint_phase lsn=20312 phase=value_index_schedule slot=0 started_ns=1790174529569479000 ended_ns=1790174529569607416 elapsed_us=128 block_gets=0 block_puts=0 deleted=0
checkpoint_phase lsn=20312 phase=value_index_schedule slot=0 started_ns=1790174529569615000 ended_ns=1790174529569742583 elapsed_us=127 block_gets=0 block_puts=0 deleted=0
checkpoint_phase lsn=20312 phase=value_index_schedule slot=0 started_ns=1790174529569754000 ended_ns=1790174529569880500 elapsed_us=126 block_gets=0 block_puts=0 deleted=0
checkpoint_phase lsn=20312 phase=value_index_schedule slot=0 started_ns=1790174529569886000 ended_ns=1790174529574645459 elapsed_us=4759 block_gets=0 block_puts=1 deleted=0
checkpoint_phase lsn=20312 phase=value_index_schedule slot=0 started_ns=1790174529574658000 ended_ns=1790174529574740167 elapsed_us=82 block_gets=0 block_puts=0 deleted=0
checkpoint_phase lsn=20312 phase=value_index_schedule slot=0 started_ns=1790174529574745000 ended_ns=1790174529574828166 elapsed_us=83 block_gets=0 block_puts=0 deleted=0
checkpoint_phase lsn=20312 phase=value_index_schedule slot=0 started_ns=1790174529574833000 ended_ns=1790174529574894500 elapsed_us=61 block_gets=0 block_puts=0 deleted=0
checkpoint_phase lsn=20312 phase=value_index_schedule slot=0 started_ns=1790174529574900000 ended_ns=1790174529589749625 elapsed_us=14849 block_gets=0 block_puts=4 deleted=0
checkpoint_phase lsn=20312 phase=value_index_schedule slot=0 started_ns=1790174529589764000 ended_ns=1790174529590461958 elapsed_us=697 block_gets=0 block_puts=0 deleted=0
checkpoint_phase lsn=20312 phase=value_index_schedule slot=0 started_ns=1790174529590470000 ended_ns=1790174529590608084 elapsed_us=138 block_gets=0 block_puts=0 deleted=0
checkpoint_phase lsn=20312 phase=value_index_schedule slot=0 started_ns=1790174529590614000 ended_ns=1790174529590741917 elapsed_us=127 block_gets=0 block_puts=0 deleted=0
checkpoint_phase lsn=20312 phase=value_index_schedule slot=0 started_ns=1790174529590747000 ended_ns=1790174529590876625 elapsed_us=129 block_gets=0 block_puts=0 deleted=0
checkpoint_phase lsn=20312 phase=value_index_schedule slot=0 started_ns=1790174529590882000 ended_ns=1790174529596304000 elapsed_us=5422 block_gets=0 block_puts=1 deleted=0
checkpoint_phase lsn=20312 phase=value_index_schedule slot=0 started_ns=1790174529596315000 ended_ns=1790174529596444791 elapsed_us=129 block_gets=0 block_puts=0 deleted=0
checkpoint_phase lsn=20312 phase=value_index_schedule slot=0 started_ns=1790174529596451000 ended_ns=1790174529596579292 elapsed_us=128 block_gets=0 block_puts=0 deleted=0
checkpoint_phase lsn=20312 phase=value_index_schedule slot=0 started_ns=1790174529596584000 ended_ns=1790174529596711583 elapsed_us=127 block_gets=0 block_puts=0 deleted=0
checkpoint_phase lsn=20312 phase=value_index_schedule slot=0 started_ns=1790174529596717000 ended_ns=1790174529602264208 elapsed_us=5547 block_gets=0 block_puts=1 deleted=0
checkpoint_phase lsn=20312 phase=value_index_schedule slot=0 started_ns=1790174529602279000 ended_ns=1790174529602983083 elapsed_us=704 block_gets=0 block_puts=0 deleted=0
checkpoint_phase lsn=20312 phase=value_index_schedule slot=0 started_ns=1790174529602990000 ended_ns=1790174529603121791 elapsed_us=131 block_gets=0 block_puts=0 deleted=0
checkpoint_phase lsn=20312 phase=value_index_schedule slot=0 started_ns=1790174529603127000 ended_ns=1790174529603257375 elapsed_us=130 block_gets=0 block_puts=0 deleted=0
checkpoint_phase lsn=20312 phase=value_index_schedule slot=0 started_ns=1790174529603262000 ended_ns=1790174529608800667 elapsed_us=5538 block_gets=0 block_puts=1 deleted=0
checkpoint_phase lsn=20312 phase=value_index_schedule slot=0 started_ns=1790174529608811000 ended_ns=1790174529608855291 elapsed_us=44 block_gets=0 block_puts=0 deleted=0
checkpoint_phase lsn=20312 phase=value_index_schedule slot=0 started_ns=1790174529608861000 ended_ns=1790174529608992042 elapsed_us=131 block_gets=0 block_puts=0 deleted=0
checkpoint_phase lsn=20312 phase=value_index_schedule slot=0 started_ns=1790174529608997000 ended_ns=1790174529614906834 elapsed_us=5909 block_gets=0 block_puts=1 deleted=0
checkpoint_phase lsn=20312 phase=value_index_schedule slot=0 started_ns=1790174529614920000 ended_ns=1790174529615034583 elapsed_us=114 block_gets=0 block_puts=0 deleted=0
checkpoint_phase lsn=20312 phase=value_index_schedule slot=0 started_ns=1790174529615042000 ended_ns=1790174529615151459 elapsed_us=109 block_gets=0 block_puts=0 deleted=0
checkpoint_phase lsn=20312 phase=value_index_schedule slot=0 started_ns=1790174529615157000 ended_ns=1790174529615266667 elapsed_us=109 block_gets=0 block_puts=0 deleted=0
checkpoint_phase lsn=20312 phase=value_index_schedule slot=0 started_ns=1790174529615272000 ended_ns=1790174529620754083 elapsed_us=5482 block_gets=0 block_puts=1 deleted=0
checkpoint_phase lsn=20312 phase=value_index_schedule slot=0 started_ns=1790174529620768000 ended_ns=1790174529620878375 elapsed_us=110 block_gets=0 block_puts=0 deleted=0
checkpoint_phase lsn=20312 phase=value_index_schedule slot=0 started_ns=1790174529620885000 ended_ns=1790174529620988250 elapsed_us=103 block_gets=0 block_puts=0 deleted=0
checkpoint_phase lsn=20312 phase=value_index_schedule slot=0 started_ns=1790174529620996000 ended_ns=1790174529637476250 elapsed_us=16480 block_gets=0 block_puts=4 deleted=0
checkpoint_phase lsn=20312 phase=value_index_schedule slot=0 started_ns=1790174529637491000 ended_ns=1790174529640345459 elapsed_us=2854 block_gets=0 block_puts=0 deleted=0
checkpoint_phase lsn=20312 phase=value_index_schedule slot=0 started_ns=1790174529640358000 ended_ns=1790174529642964209 elapsed_us=2606 block_gets=0 block_puts=0 deleted=0
checkpoint_phase lsn=20312 phase=value_index_schedule slot=0 started_ns=1790174529642976000 ended_ns=1790174529643003167 elapsed_us=27 block_gets=0 block_puts=0 deleted=0
checkpoint_phase lsn=20312 phase=value_index_schedule slot=0 started_ns=1790174529643009000 ended_ns=1790174529643031458 elapsed_us=22 block_gets=0 block_puts=0 deleted=0
checkpoint_phase lsn=20312 phase=value_index_schedule slot=0 started_ns=1790174529643037000 ended_ns=1790174529643059167 elapsed_us=22 block_gets=0 block_puts=0 deleted=0
checkpoint_phase lsn=20312 phase=value_index_schedule slot=0 started_ns=1790174529643065000 ended_ns=1790174529648558750 elapsed_us=5493 block_gets=0 block_puts=1 deleted=0
checkpoint_phase lsn=20312 phase=value_index_schedule slot=0 started_ns=1790174529648572000 ended_ns=1790174529648600042 elapsed_us=28 block_gets=0 block_puts=0 deleted=0
checkpoint_phase lsn=20312 phase=value_index_schedule slot=0 started_ns=1790174529648606000 ended_ns=1790174529663485667 elapsed_us=14879 block_gets=0 block_puts=4 deleted=0
checkpoint_phase lsn=20312 phase=value_index_schedule slot=0 started_ns=1790174529663502000 ended_ns=1790174529666414917 elapsed_us=2912 block_gets=0 block_puts=0 deleted=0
checkpoint_phase lsn=20312 phase=value_index_schedule slot=0 started_ns=1790174529666440000 ended_ns=1790174529666887583 elapsed_us=447 block_gets=0 block_puts=0 deleted=0
checkpoint_phase lsn=20312 phase=value_index_schedule slot=0 started_ns=1790174529666897000 ended_ns=1790174529666925958 elapsed_us=28 block_gets=0 block_puts=0 deleted=0
checkpoint_phase lsn=20312 phase=value_index_schedule slot=0 started_ns=1790174529666939000 ended_ns=1790174529666978000 elapsed_us=39 block_gets=0 block_puts=0 deleted=0
checkpoint_phase lsn=20312 phase=value_index_schedule slot=0 started_ns=1790174529667008000 ended_ns=1790174529667033375 elapsed_us=25 block_gets=0 block_puts=0 deleted=0
checkpoint_phase lsn=20312 phase=value_index_schedule slot=0 started_ns=1790174529667041000 ended_ns=1790174529683107750 elapsed_us=16066 block_gets=0 block_puts=4 deleted=0
checkpoint_phase lsn=20312 phase=value_index_schedule slot=0 started_ns=1790174529683123000 ended_ns=1790174529683293375 elapsed_us=170 block_gets=0 block_puts=0 deleted=0
checkpoint_phase lsn=20312 phase=value_index_schedule slot=0 started_ns=1790174529683300000 ended_ns=1790174529683433083 elapsed_us=133 block_gets=0 block_puts=0 deleted=0
checkpoint_phase lsn=20312 phase=value_index_schedule slot=0 started_ns=1790174529683439000 ended_ns=1790174529683557583 elapsed_us=118 block_gets=0 block_puts=0 deleted=0
checkpoint_phase lsn=20312 phase=value_index_schedule slot=0 started_ns=1790174529683566000 ended_ns=1790174529683684791 elapsed_us=118 block_gets=0 block_puts=0 deleted=0
checkpoint_phase lsn=20312 phase=value_index_schedule slot=0 started_ns=1790174529683690000 ended_ns=1790174529689082458 elapsed_us=5392 block_gets=0 block_puts=1 deleted=0
checkpoint_phase lsn=20312 phase=value_index_schedule slot=0 started_ns=1790174529689095000 ended_ns=1790174529689214083 elapsed_us=119 block_gets=0 block_puts=0 deleted=0
checkpoint_phase lsn=20312 phase=value_index_schedule slot=0 started_ns=1790174529689222000 ended_ns=1790174529689337000 elapsed_us=115 block_gets=0 block_puts=0 deleted=0
checkpoint_phase lsn=20312 phase=value_index_schedule slot=0 started_ns=1790174529689352000 ended_ns=1790174529689501417 elapsed_us=149 block_gets=0 block_puts=0 deleted=0
checkpoint_phase lsn=20312 phase=value_index_schedule slot=0 started_ns=1790174529689505000 ended_ns=1790174529694700291 elapsed_us=5195 block_gets=0 block_puts=1 deleted=0
checkpoint_phase lsn=20312 phase=value_index_schedule slot=0 started_ns=1790174529694709000 ended_ns=1790174529694803125 elapsed_us=94 block_gets=0 block_puts=0 deleted=0
checkpoint_phase lsn=20312 phase=value_index_schedule slot=0 started_ns=1790174529694809000 ended_ns=1790174529710039208 elapsed_us=15230 block_gets=0 block_puts=4 deleted=0
checkpoint_phase lsn=20312 phase=value_index_schedule slot=0 started_ns=1790174529710052000 ended_ns=1790174529710052375 elapsed_us=0 block_gets=0 block_puts=0 deleted=0
checkpoint_phase lsn=20312 phase=value_index_schedule slot=0 started_ns=1790174529710058000 ended_ns=1790174529710751333 elapsed_us=693 block_gets=0 block_puts=0 deleted=0
checkpoint_phase lsn=20312 phase=value_index_schedule slot=0 started_ns=1790174529710756000 ended_ns=1790174529710908167 elapsed_us=152 block_gets=0 block_puts=0 deleted=0
checkpoint_phase lsn=20312 phase=value_index_schedule slot=0 started_ns=1790174529710914000 ended_ns=1790174529711054625 elapsed_us=140 block_gets=0 block_puts=0 deleted=0
checkpoint_phase lsn=20312 phase=value_index_schedule slot=0 started_ns=1790174529711059000 ended_ns=1790174529711197334 elapsed_us=138 block_gets=0 block_puts=0 deleted=0
checkpoint_phase lsn=20312 phase=value_index_schedule slot=0 started_ns=1790174529711205000 ended_ns=1790174529716890291 elapsed_us=5685 block_gets=0 block_puts=1 deleted=0
checkpoint_phase lsn=20312 phase=value_index_schedule slot=0 started_ns=1790174529716911000 ended_ns=1790174529717090917 elapsed_us=179 block_gets=0 block_puts=0 deleted=0
checkpoint_phase lsn=20312 phase=value_index_schedule slot=0 started_ns=1790174529717106000 ended_ns=1790174529717853334 elapsed_us=747 block_gets=0 block_puts=0 deleted=0
checkpoint_phase lsn=20312 phase=value_index_schedule slot=0 started_ns=1790174529717863000 ended_ns=1790174529717998750 elapsed_us=135 block_gets=0 block_puts=0 deleted=0
checkpoint_phase lsn=20312 phase=value_index_schedule slot=0 started_ns=1790174529718004000 ended_ns=1790174529723417375 elapsed_us=5413 block_gets=0 block_puts=1 deleted=0
checkpoint_phase lsn=20312 phase=value_index_schedule slot=0 started_ns=1790174529723429000 ended_ns=1790174529723563333 elapsed_us=134 block_gets=0 block_puts=0 deleted=0
checkpoint_phase lsn=20312 phase=value_index_schedule slot=0 started_ns=1790174529723571000 ended_ns=1790174529723701625 elapsed_us=130 block_gets=0 block_puts=0 deleted=0
checkpoint_phase lsn=20312 phase=value_index_schedule slot=0 started_ns=1790174529723711000 ended_ns=1790174529724415000 elapsed_us=704 block_gets=0 block_puts=0 deleted=0
checkpoint_phase lsn=20312 phase=value_index_schedule slot=0 started_ns=1790174529724421000 ended_ns=1790174529729875333 elapsed_us=5454 block_gets=0 block_puts=1 deleted=0
checkpoint_phase lsn=20312 phase=value_index_schedule slot=0 started_ns=1790174529729887000 ended_ns=1790174529730104167 elapsed_us=217 block_gets=0 block_puts=0 deleted=0
checkpoint_phase lsn=20312 phase=value_index_schedule slot=0 started_ns=1790174529730110000 ended_ns=1790174529730232833 elapsed_us=122 block_gets=0 block_puts=0 deleted=0
checkpoint_phase lsn=20312 phase=value_index_schedule slot=0 started_ns=1790174529730237000 ended_ns=1790174529735684042 elapsed_us=5447 block_gets=0 block_puts=1 deleted=0
checkpoint_phase lsn=20312 phase=value_index_schedule slot=0 started_ns=1790174529735699000 ended_ns=1790174529736417583 elapsed_us=718 block_gets=0 block_puts=0 deleted=0
checkpoint_phase lsn=20312 phase=value_index_schedule slot=0 started_ns=1790174529736425000 ended_ns=1790174529736560500 elapsed_us=135 block_gets=0 block_puts=0 deleted=0
checkpoint_phase lsn=20312 phase=value_index_schedule slot=0 started_ns=1790174529736570000 ended_ns=1790174529736705334 elapsed_us=135 block_gets=0 block_puts=0 deleted=0
checkpoint_phase lsn=20312 phase=value_index_schedule slot=0 started_ns=1790174529736712000 ended_ns=1790174529742497875 elapsed_us=5785 block_gets=0 block_puts=1 deleted=0
checkpoint_phase lsn=20312 phase=value_index_schedule slot=0 started_ns=1790174529742517000 ended_ns=1790174529742659875 elapsed_us=142 block_gets=0 block_puts=0 deleted=0
checkpoint_phase lsn=20312 phase=value_index_schedule slot=0 started_ns=1790174529742668000 ended_ns=1790174529743380458 elapsed_us=712 block_gets=0 block_puts=0 deleted=0
checkpoint_phase lsn=20312 phase=value_index_schedule slot=0 started_ns=1790174529743389000 ended_ns=1790174529743512292 elapsed_us=123 block_gets=0 block_puts=0 deleted=0
checkpoint_phase lsn=20312 phase=value_index_schedule slot=0 started_ns=1790174529743517000 ended_ns=1790174529748029333 elapsed_us=4512 block_gets=0 block_puts=1 deleted=0
checkpoint_phase lsn=20312 phase=value_index_schedule slot=0 started_ns=1790174529748040000 ended_ns=1790174529748175958 elapsed_us=135 block_gets=0 block_puts=0 deleted=0
checkpoint_phase lsn=20312 phase=value_index_schedule slot=0 started_ns=1790174529748182000 ended_ns=1790174529748336250 elapsed_us=154 block_gets=0 block_puts=0 deleted=0
checkpoint_phase lsn=20312 phase=value_index_schedule slot=0 started_ns=1790174529748344000 ended_ns=1790174529752710417 elapsed_us=4366 block_gets=0 block_puts=1 deleted=0
checkpoint_phase lsn=20312 phase=value_index_schedule slot=0 started_ns=1790174529752725000 ended_ns=1790174529753239125 elapsed_us=514 block_gets=0 block_puts=0 deleted=0
checkpoint_phase lsn=20312 phase=value_index_schedule slot=0 started_ns=1790174529753247000 ended_ns=1790174529753341708 elapsed_us=94 block_gets=0 block_puts=0 deleted=0
checkpoint_phase lsn=20312 phase=value_index_schedule slot=0 started_ns=1790174529753349000 ended_ns=1790174529753441334 elapsed_us=92 block_gets=0 block_puts=0 deleted=0
checkpoint_phase lsn=20312 phase=value_index_schedule slot=0 started_ns=1790174529753448000 ended_ns=1790174529753566250 elapsed_us=118 block_gets=0 block_puts=0 deleted=0
checkpoint_phase lsn=20312 phase=value_index_schedule slot=0 started_ns=1790174529753654000 ended_ns=1790174529770991500 elapsed_us=17337 block_gets=0 block_puts=4 deleted=0
checkpoint_phase lsn=20312 phase=value_index_schedule slot=0 started_ns=1790174529771006000 ended_ns=1790174529771006250 elapsed_us=0 block_gets=0 block_puts=0 deleted=0
checkpoint_phase lsn=20312 phase=value_index_write slot=0 started_ns=1790174529771012000 ended_ns=1790174529785308875 elapsed_us=14296 block_gets=0 block_puts=4 deleted=0
checkpoint_phase lsn=20312 phase=value_index_write slot=0 started_ns=1790174529785321000 ended_ns=1790174529798492667 elapsed_us=13171 block_gets=0 block_puts=4 deleted=0
checkpoint_phase lsn=20312 phase=value_index_write slot=0 started_ns=1790174529798507000 ended_ns=1790174529812888709 elapsed_us=14381 block_gets=0 block_puts=4 deleted=0
checkpoint_phase lsn=20312 phase=value_index_write slot=0 started_ns=1790174529812901000 ended_ns=1790174529827934166 elapsed_us=15033 block_gets=0 block_puts=4 deleted=0
checkpoint_phase lsn=20312 phase=value_index_write slot=0 started_ns=1790174529827946000 ended_ns=1790174529843313958 elapsed_us=15367 block_gets=0 block_puts=4 deleted=0
checkpoint_phase lsn=20312 phase=value_index_write slot=0 started_ns=1790174529843327000 ended_ns=1790174529858474625 elapsed_us=15147 block_gets=0 block_puts=4 deleted=0
checkpoint_phase lsn=20312 phase=value_index_write slot=0 started_ns=1790174529858490000 ended_ns=1790174529872448875 elapsed_us=13958 block_gets=0 block_puts=4 deleted=0
checkpoint_phase lsn=20312 phase=value_index_write slot=0 started_ns=1790174529872461000 ended_ns=1790174529888282833 elapsed_us=15821 block_gets=0 block_puts=4 deleted=0
checkpoint_phase lsn=20312 phase=value_index_write slot=0 started_ns=1790174529888296000 ended_ns=1790174529903030875 elapsed_us=14734 block_gets=0 block_puts=4 deleted=0
checkpoint_phase lsn=20312 phase=value_index_write slot=0 started_ns=1790174529903044000 ended_ns=1790174529917940000 elapsed_us=14896 block_gets=0 block_puts=4 deleted=0
checkpoint_phase lsn=20312 phase=value_index_write slot=0 started_ns=1790174529917953000 ended_ns=1790174529933136583 elapsed_us=15183 block_gets=0 block_puts=4 deleted=0
checkpoint_phase lsn=20312 phase=value_index_write slot=0 started_ns=1790174529933151000 ended_ns=1790174529948898959 elapsed_us=15747 block_gets=0 block_puts=4 deleted=0
checkpoint_phase lsn=20312 phase=value_index_write slot=0 started_ns=1790174529948913000 ended_ns=1790174529963099625 elapsed_us=14186 block_gets=0 block_puts=4 deleted=0
checkpoint_phase lsn=20312 phase=value_index_write slot=0 started_ns=1790174529963112000 ended_ns=1790174529976528917 elapsed_us=13416 block_gets=0 block_puts=4 deleted=0
checkpoint_phase lsn=20312 phase=value_index_write slot=0 started_ns=1790174529976542000 ended_ns=1790174529990930041 elapsed_us=14388 block_gets=0 block_puts=4 deleted=0
checkpoint_phase lsn=20312 phase=value_index_write slot=0 started_ns=1790174529990944000 ended_ns=1790174530005209875 elapsed_us=14265 block_gets=0 block_puts=4 deleted=0
checkpoint_phase lsn=20312 phase=value_index_write slot=0 started_ns=1790174530005224000 ended_ns=1790174530020011167 elapsed_us=14787 block_gets=0 block_puts=4 deleted=0
checkpoint_phase lsn=20312 phase=value_index_write slot=0 started_ns=1790174530020026000 ended_ns=1790174530035431292 elapsed_us=15405 block_gets=0 block_puts=4 deleted=0
checkpoint_phase lsn=20312 phase=value_index_write slot=0 started_ns=1790174530035449000 ended_ns=1790174530051057125 elapsed_us=15608 block_gets=0 block_puts=4 deleted=0
checkpoint_phase lsn=20312 phase=value_index_write slot=0 started_ns=1790174530051076000 ended_ns=1790174530067177542 elapsed_us=16101 block_gets=0 block_puts=4 deleted=0
checkpoint_phase lsn=20312 phase=value_index_write slot=0 started_ns=1790174530067192000 ended_ns=1790174530084273792 elapsed_us=17081 block_gets=0 block_puts=4 deleted=0
checkpoint_phase lsn=20312 phase=value_index_write slot=0 started_ns=1790174530084288000 ended_ns=1790174530099923250 elapsed_us=15635 block_gets=0 block_puts=4 deleted=0
checkpoint_phase lsn=20312 phase=value_index_write slot=0 started_ns=1790174530099961000 ended_ns=1790174530116020917 elapsed_us=16059 block_gets=0 block_puts=4 deleted=0
checkpoint_phase lsn=20312 phase=value_index_write slot=0 started_ns=1790174530116036000 ended_ns=1790174530129768833 elapsed_us=13732 block_gets=0 block_puts=4 deleted=0
checkpoint_phase lsn=20312 phase=value_index_write slot=0 started_ns=1790174530129784000 ended_ns=1790174530142355042 elapsed_us=12571 block_gets=0 block_puts=4 deleted=0
checkpoint_phase lsn=20312 phase=value_index_write slot=0 started_ns=1790174530142370000 ended_ns=1790174530154494250 elapsed_us=12124 block_gets=0 block_puts=4 deleted=0
checkpoint_phase lsn=20312 phase=value_index_write slot=0 started_ns=1790174530154507000 ended_ns=1790174530168572292 elapsed_us=14065 block_gets=0 block_puts=4 deleted=0
checkpoint_phase lsn=20312 phase=value_index_write slot=0 started_ns=1790174530168585000 ended_ns=1790174530181442875 elapsed_us=12857 block_gets=0 block_puts=4 deleted=0
checkpoint_phase lsn=20312 phase=value_index_write slot=0 started_ns=1790174530181459000 ended_ns=1790174530194573459 elapsed_us=13114 block_gets=0 block_puts=4 deleted=0
checkpoint_phase lsn=20312 phase=value_index_write slot=0 started_ns=1790174530194588000 ended_ns=1790174530207864834 elapsed_us=13276 block_gets=0 block_puts=4 deleted=0
checkpoint_phase lsn=20312 phase=value_index_write slot=0 started_ns=1790174530207882000 ended_ns=1790174530220925792 elapsed_us=13043 block_gets=0 block_puts=4 deleted=0
checkpoint_phase lsn=20312 phase=value_index_write slot=0 started_ns=1790174530220939000 ended_ns=1790174530235495500 elapsed_us=14556 block_gets=0 block_puts=4 deleted=0
checkpoint_phase lsn=20312 phase=value_index_write slot=0 started_ns=1790174530235513000 ended_ns=1790174530256579083 elapsed_us=21066 block_gets=0 block_puts=5 deleted=0
checkpoint_phase lsn=20312 phase=value_index_write slot=0 started_ns=1790174530256592000 ended_ns=1790174530277558833 elapsed_us=20966 block_gets=0 block_puts=4 deleted=0
checkpoint_phase lsn=20312 phase=value_index_write slot=0 started_ns=1790174530277614000 ended_ns=1790174530296618375 elapsed_us=19004 block_gets=0 block_puts=5 deleted=0
checkpoint_phase lsn=20312 phase=value_index_schedule slot=0 started_ns=1790174530296642000 ended_ns=1790174530296645959 elapsed_us=3 block_gets=0 block_puts=0 deleted=0
checkpoint_phase lsn=20312 phase=value_index_schedule slot=0 started_ns=1790174530296653000 ended_ns=1790174530297513458 elapsed_us=860 block_gets=0 block_puts=0 deleted=0
checkpoint_phase lsn=20312 phase=value_index_schedule slot=0 started_ns=1790174530297521000 ended_ns=1790174530327319250 elapsed_us=29798 block_gets=8 block_puts=0 deleted=0
checkpoint_phase lsn=20312 phase=value_index_schedule slot=0 started_ns=1790174530327332000 ended_ns=1790174530356402167 elapsed_us=29070 block_gets=8 block_puts=0 deleted=0
checkpoint_phase lsn=20312 phase=value_index_schedule slot=0 started_ns=1790174530356420000 ended_ns=1790174530367722541 elapsed_us=11302 block_gets=3 block_puts=0 deleted=0
checkpoint_phase lsn=20312 phase=value_index_schedule slot=0 started_ns=1790174530367749000 ended_ns=1790174530367780167 elapsed_us=31 block_gets=0 block_puts=0 deleted=0
checkpoint_phase lsn=20312 phase=value_index_schedule slot=0 started_ns=1790174530367788000 ended_ns=1790174530367812000 elapsed_us=24 block_gets=0 block_puts=0 deleted=0
checkpoint_phase lsn=20312 phase=value_index_schedule slot=0 started_ns=1790174530367819000 ended_ns=1790174530367842458 elapsed_us=23 block_gets=0 block_puts=0 deleted=0
checkpoint_phase lsn=20312 phase=value_index_schedule slot=0 started_ns=1790174530367879000 ended_ns=1790174530373574917 elapsed_us=5695 block_gets=0 block_puts=1 deleted=0
checkpoint_phase lsn=20312 phase=value_index_schedule slot=0 started_ns=1790174530373623000 ended_ns=1790174530373660917 elapsed_us=37 block_gets=0 block_puts=0 deleted=0
checkpoint_phase lsn=20312 phase=value_index_schedule slot=0 started_ns=1790174530373670000 ended_ns=1790174530389099291 elapsed_us=15429 block_gets=0 block_puts=4 deleted=0
checkpoint_phase lsn=20312 phase=value_index_schedule slot=0 started_ns=1790174530389148000 ended_ns=1790174530429575083 elapsed_us=40427 block_gets=8 block_puts=0 deleted=0
checkpoint_phase lsn=20312 phase=value_index_schedule slot=0 started_ns=1790174530429608000 ended_ns=1790174530456759958 elapsed_us=27151 block_gets=8 block_puts=0 deleted=0
checkpoint_phase lsn=20312 phase=value_index_schedule slot=0 started_ns=1790174530456777000 ended_ns=1790174530488539459 elapsed_us=31762 block_gets=8 block_puts=0 deleted=0
checkpoint_phase lsn=20312 phase=value_index_schedule slot=0 started_ns=1790174530488561000 ended_ns=1790174530515010000 elapsed_us=26449 block_gets=8 block_puts=0 deleted=0
checkpoint_phase lsn=20312 phase=value_index_schedule slot=0 started_ns=1790174530515032000 ended_ns=1790174530542050667 elapsed_us=27018 block_gets=8 block_puts=0 deleted=0
checkpoint_phase lsn=20312 phase=value_index_schedule slot=0 started_ns=1790174530542067000 ended_ns=1790174530570354209 elapsed_us=28287 block_gets=8 block_puts=0 deleted=0
checkpoint_phase lsn=20312 phase=value_index_schedule slot=0 started_ns=1790174530570375000 ended_ns=1790174530598496042 elapsed_us=28121 block_gets=8 block_puts=0 deleted=0
checkpoint_phase lsn=20312 phase=value_index_schedule slot=0 started_ns=1790174530598514000 ended_ns=1790174530640552417 elapsed_us=42038 block_gets=8 block_puts=0 deleted=0
checkpoint_phase lsn=20312 phase=value_index_schedule slot=0 started_ns=1790174530640568000 ended_ns=1790174530668423500 elapsed_us=27855 block_gets=8 block_puts=0 deleted=0
checkpoint_phase lsn=20312 phase=value_index_schedule slot=0 started_ns=1790174530668441000 ended_ns=1790174530694710542 elapsed_us=26269 block_gets=8 block_puts=0 deleted=0
checkpoint_phase lsn=20312 phase=value_index_schedule slot=0 started_ns=1790174530694729000 ended_ns=1790174530721106417 elapsed_us=26377 block_gets=8 block_puts=0 deleted=0
checkpoint_phase lsn=20312 phase=value_index_schedule slot=0 started_ns=1790174530721145000 ended_ns=1790174530745538584 elapsed_us=24393 block_gets=7 block_puts=0 deleted=0
checkpoint_phase lsn=20312 phase=value_index_schedule slot=0 started_ns=1790174530745558000 ended_ns=1790174530745586583 elapsed_us=28 block_gets=0 block_puts=0 deleted=0
checkpoint_phase lsn=20312 phase=value_index_schedule slot=0 started_ns=1790174530745594000 ended_ns=1790174530745616834 elapsed_us=22 block_gets=0 block_puts=0 deleted=0
checkpoint_phase lsn=20312 phase=value_index_schedule slot=0 started_ns=1790174530745623000 ended_ns=1790174530745645875 elapsed_us=22 block_gets=0 block_puts=0 deleted=0
checkpoint_phase lsn=20312 phase=value_index_schedule slot=0 started_ns=1790174530745655000 ended_ns=1790174530752016625 elapsed_us=6361 block_gets=0 block_puts=1 deleted=0
checkpoint_phase lsn=20312 phase=value_index_schedule slot=0 started_ns=1790174530752041000 ended_ns=1790174530752073917 elapsed_us=32 block_gets=0 block_puts=0 deleted=0
checkpoint_phase lsn=20312 phase=value_index_schedule slot=0 started_ns=1790174530752083000 ended_ns=1790174530767787125 elapsed_us=15704 block_gets=0 block_puts=4 deleted=0
checkpoint_phase lsn=20312 phase=value_index_schedule slot=0 started_ns=1790174530767805000 ended_ns=1790174530768459375 elapsed_us=654 block_gets=0 block_puts=0 deleted=0
checkpoint_phase lsn=20312 phase=value_index_schedule slot=0 started_ns=1790174530768469000 ended_ns=1790174530768632958 elapsed_us=163 block_gets=0 block_puts=0 deleted=0
checkpoint_phase lsn=20312 phase=value_index_schedule slot=0 started_ns=1790174530768640000 ended_ns=1790174530768790417 elapsed_us=150 block_gets=0 block_puts=0 deleted=0
checkpoint_phase lsn=20312 phase=value_index_schedule slot=0 started_ns=1790174530768797000 ended_ns=1790174530768946167 elapsed_us=149 block_gets=0 block_puts=0 deleted=0
checkpoint_phase lsn=20312 phase=value_index_schedule slot=0 started_ns=1790174530768952000 ended_ns=1790174530774231792 elapsed_us=5279 block_gets=0 block_puts=1 deleted=0
checkpoint_phase lsn=20312 phase=value_index_schedule slot=0 started_ns=1790174530774250000 ended_ns=1790174530774446791 elapsed_us=196 block_gets=0 block_puts=0 deleted=0
checkpoint_phase lsn=20312 phase=value_index_schedule slot=0 started_ns=1790174530774459000 ended_ns=1790174530774690542 elapsed_us=231 block_gets=0 block_puts=0 deleted=0
checkpoint_phase lsn=20312 phase=value_index_schedule slot=0 started_ns=1790174530774706000 ended_ns=1790174530774904459 elapsed_us=198 block_gets=0 block_puts=0 deleted=0
checkpoint_phase lsn=20312 phase=value_index_schedule slot=0 started_ns=1790174530774919000 ended_ns=1790174530781244083 elapsed_us=6325 block_gets=0 block_puts=1 deleted=0
checkpoint_phase lsn=20312 phase=value_index_schedule slot=0 started_ns=1790174530781265000 ended_ns=1790174530781356625 elapsed_us=91 block_gets=0 block_puts=0 deleted=0
checkpoint_phase lsn=20312 phase=value_index_schedule slot=0 started_ns=1790174530781365000 ended_ns=1790174530781450583 elapsed_us=85 block_gets=0 block_puts=0 deleted=0
checkpoint_phase lsn=20312 phase=value_index_schedule slot=0 started_ns=1790174530781457000 ended_ns=1790174530781518333 elapsed_us=61 block_gets=0 block_puts=0 deleted=0
checkpoint_phase lsn=20312 phase=value_index_schedule slot=0 started_ns=1790174530781531000 ended_ns=1790174530796336958 elapsed_us=14805 block_gets=0 block_puts=4 deleted=0
checkpoint_phase lsn=20312 phase=value_index_schedule slot=0 started_ns=1790174530796387000 ended_ns=1790174530800192083 elapsed_us=3805 block_gets=0 block_puts=0 deleted=0
checkpoint_phase lsn=20312 phase=value_index_schedule slot=0 started_ns=1790174530800221000 ended_ns=1790174530803031792 elapsed_us=2810 block_gets=0 block_puts=0 deleted=0
checkpoint_phase lsn=20312 phase=value_index_schedule slot=0 started_ns=1790174530803060000 ended_ns=1790174530803087709 elapsed_us=27 block_gets=0 block_puts=0 deleted=0
checkpoint_phase lsn=20312 phase=value_index_schedule slot=0 started_ns=1790174530803096000 ended_ns=1790174530803118917 elapsed_us=22 block_gets=0 block_puts=0 deleted=0
checkpoint_phase lsn=20312 phase=value_index_schedule slot=0 started_ns=1790174530803125000 ended_ns=1790174530803147667 elapsed_us=22 block_gets=0 block_puts=0 deleted=0
checkpoint_phase lsn=20312 phase=value_index_schedule slot=0 started_ns=1790174530803154000 ended_ns=1790174530808305125 elapsed_us=5151 block_gets=0 block_puts=1 deleted=0
checkpoint_phase lsn=20312 phase=value_index_schedule slot=0 started_ns=1790174530808320000 ended_ns=1790174530808349500 elapsed_us=29 block_gets=0 block_puts=0 deleted=0
checkpoint_phase lsn=20312 phase=value_index_schedule slot=0 started_ns=1790174530808357000 ended_ns=1790174530822819250 elapsed_us=14462 block_gets=0 block_puts=4 deleted=0
checkpoint_phase lsn=20312 phase=value_index_schedule slot=0 started_ns=1790174530822837000 ended_ns=1790174530825983083 elapsed_us=3146 block_gets=0 block_puts=0 deleted=0
checkpoint_phase lsn=20312 phase=value_index_schedule slot=0 started_ns=1790174530825996000 ended_ns=1790174530828626250 elapsed_us=2630 block_gets=0 block_puts=0 deleted=0
checkpoint_phase lsn=20312 phase=value_index_schedule slot=0 started_ns=1790174530828639000 ended_ns=1790174530828667458 elapsed_us=28 block_gets=0 block_puts=0 deleted=0
checkpoint_phase lsn=20312 phase=value_index_schedule slot=0 started_ns=1790174530828674000 ended_ns=1790174530828696583 elapsed_us=22 block_gets=0 block_puts=0 deleted=0
checkpoint_phase lsn=20312 phase=value_index_schedule slot=0 started_ns=1790174530828702000 ended_ns=1790174530828724250 elapsed_us=22 block_gets=0 block_puts=0 deleted=0
checkpoint_phase lsn=20312 phase=value_index_schedule slot=0 started_ns=1790174530828730000 ended_ns=1790174530833780000 elapsed_us=5050 block_gets=0 block_puts=1 deleted=0
checkpoint_phase lsn=20312 phase=value_index_schedule slot=0 started_ns=1790174530833796000 ended_ns=1790174530833821000 elapsed_us=25 block_gets=0 block_puts=0 deleted=0
checkpoint_phase lsn=20312 phase=value_index_schedule slot=0 started_ns=1790174530833828000 ended_ns=1790174530849402583 elapsed_us=15574 block_gets=0 block_puts=4 deleted=0
checkpoint_phase lsn=20312 phase=value_index_schedule slot=0 started_ns=1790174530849417000 ended_ns=1790174530850014041 elapsed_us=597 block_gets=0 block_puts=0 deleted=0
checkpoint_phase lsn=20312 phase=value_index_schedule slot=0 started_ns=1790174530850022000 ended_ns=1790174530850167375 elapsed_us=145 block_gets=0 block_puts=0 deleted=0
checkpoint_phase lsn=20312 phase=value_index_schedule slot=0 started_ns=1790174530850176000 ended_ns=1790174530850314833 elapsed_us=138 block_gets=0 block_puts=0 deleted=0
checkpoint_phase lsn=20312 phase=value_index_schedule slot=0 started_ns=1790174530850321000 ended_ns=1790174530850463834 elapsed_us=142 block_gets=0 block_puts=0 deleted=0
checkpoint_phase lsn=20312 phase=value_index_schedule slot=0 started_ns=1790174530850469000 ended_ns=1790174530855248375 elapsed_us=4779 block_gets=0 block_puts=1 deleted=0
checkpoint_phase lsn=20312 phase=value_index_schedule slot=0 started_ns=1790174530855265000 ended_ns=1790174530855416833 elapsed_us=151 block_gets=0 block_puts=0 deleted=0
checkpoint_phase lsn=20312 phase=value_index_schedule slot=0 started_ns=1790174530855425000 ended_ns=1790174530855572459 elapsed_us=147 block_gets=0 block_puts=0 deleted=0
checkpoint_phase lsn=20312 phase=value_index_schedule slot=0 started_ns=1790174530855579000 ended_ns=1790174530855723375 elapsed_us=144 block_gets=0 block_puts=0 deleted=0
checkpoint_phase lsn=20312 phase=value_index_schedule slot=0 started_ns=1790174530855729000 ended_ns=1790174530861391125 elapsed_us=5662 block_gets=0 block_puts=1 deleted=0
checkpoint_phase lsn=20312 phase=value_index_schedule slot=0 started_ns=1790174530861408000 ended_ns=1790174530861508875 elapsed_us=100 block_gets=0 block_puts=0 deleted=0
checkpoint_phase lsn=20312 phase=value_index_schedule slot=0 started_ns=1790174530861518000 ended_ns=1790174530861616084 elapsed_us=98 block_gets=0 block_puts=0 deleted=0
checkpoint_phase lsn=20312 phase=value_index_schedule slot=0 started_ns=1790174530861625000 ended_ns=1790174530861699917 elapsed_us=74 block_gets=0 block_puts=0 deleted=0
checkpoint_phase lsn=20312 phase=value_index_schedule slot=0 started_ns=1790174530861710000 ended_ns=1790174530876755416 elapsed_us=15045 block_gets=0 block_puts=4 deleted=0
checkpoint_phase lsn=20312 phase=value_index_schedule slot=0 started_ns=1790174530876773000 ended_ns=1790174530877357917 elapsed_us=584 block_gets=0 block_puts=0 deleted=0
checkpoint_phase lsn=20312 phase=value_index_schedule slot=0 started_ns=1790174530877366000 ended_ns=1790174530877525875 elapsed_us=159 block_gets=0 block_puts=0 deleted=0
checkpoint_phase lsn=20312 phase=value_index_schedule slot=0 started_ns=1790174530877533000 ended_ns=1790174530877685291 elapsed_us=152 block_gets=0 block_puts=0 deleted=0
checkpoint_phase lsn=20312 phase=value_index_schedule slot=0 started_ns=1790174530877691000 ended_ns=1790174530877843666 elapsed_us=152 block_gets=0 block_puts=0 deleted=0
checkpoint_phase lsn=20312 phase=value_index_schedule slot=0 started_ns=1790174530877850000 ended_ns=1790174530882651458 elapsed_us=4801 block_gets=0 block_puts=1 deleted=0
checkpoint_phase lsn=20312 phase=value_index_schedule slot=0 started_ns=1790174530882665000 ended_ns=1790174530882832375 elapsed_us=167 block_gets=0 block_puts=0 deleted=0
checkpoint_phase lsn=20312 phase=value_index_schedule slot=0 started_ns=1790174530882842000 ended_ns=1790174530882992000 elapsed_us=150 block_gets=0 block_puts=0 deleted=0
checkpoint_phase lsn=20312 phase=value_index_schedule slot=0 started_ns=1790174530882999000 ended_ns=1790174530883145167 elapsed_us=146 block_gets=0 block_puts=0 deleted=0
checkpoint_phase lsn=20312 phase=value_index_schedule slot=0 started_ns=1790174530883151000 ended_ns=1790174530888129167 elapsed_us=4978 block_gets=0 block_puts=1 deleted=0
checkpoint_phase lsn=20312 phase=value_index_schedule slot=0 started_ns=1790174530888145000 ended_ns=1790174530888892750 elapsed_us=747 block_gets=0 block_puts=0 deleted=0
checkpoint_phase lsn=20312 phase=value_index_schedule slot=0 started_ns=1790174530888906000 ended_ns=1790174530889045084 elapsed_us=139 block_gets=0 block_puts=0 deleted=0
checkpoint_phase lsn=20312 phase=value_index_schedule slot=0 started_ns=1790174530889055000 ended_ns=1790174530889250916 elapsed_us=195 block_gets=0 block_puts=0 deleted=0
checkpoint_phase lsn=20312 phase=value_index_schedule slot=0 started_ns=1790174530889261000 ended_ns=1790174530894297917 elapsed_us=5036 block_gets=0 block_puts=1 deleted=0
checkpoint_phase lsn=20312 phase=value_index_schedule slot=0 started_ns=1790174530894315000 ended_ns=1790174530894361291 elapsed_us=46 block_gets=0 block_puts=0 deleted=0
checkpoint_phase lsn=20312 phase=value_index_schedule slot=0 started_ns=1790174530894370000 ended_ns=1790174530894513750 elapsed_us=143 block_gets=0 block_puts=0 deleted=0
checkpoint_phase lsn=20312 phase=value_index_schedule slot=0 started_ns=1790174530894520000 ended_ns=1790174530900267666 elapsed_us=5747 block_gets=0 block_puts=1 deleted=0
checkpoint_phase lsn=20312 phase=value_index_schedule slot=0 started_ns=1790174530900283000 ended_ns=1790174530900406750 elapsed_us=123 block_gets=0 block_puts=0 deleted=0
checkpoint_phase lsn=20312 phase=value_index_schedule slot=0 started_ns=1790174530900413000 ended_ns=1790174530900531959 elapsed_us=118 block_gets=0 block_puts=0 deleted=0
checkpoint_phase lsn=20312 phase=value_index_schedule slot=0 started_ns=1790174530900539000 ended_ns=1790174530900657167 elapsed_us=118 block_gets=0 block_puts=0 deleted=0
checkpoint_phase lsn=20312 phase=value_index_schedule slot=0 started_ns=1790174530900663000 ended_ns=1790174530905755583 elapsed_us=5092 block_gets=0 block_puts=1 deleted=0
checkpoint_phase lsn=20312 phase=value_index_schedule slot=0 started_ns=1790174530905982000 ended_ns=1790174530906114208 elapsed_us=132 block_gets=0 block_puts=0 deleted=0
checkpoint_phase lsn=20312 phase=value_index_schedule slot=0 started_ns=1790174530906131000 ended_ns=1790174530906248541 elapsed_us=117 block_gets=0 block_puts=0 deleted=0
checkpoint_phase lsn=20312 phase=value_index_schedule slot=0 started_ns=1790174530906258000 ended_ns=1790174530922808416 elapsed_us=16550 block_gets=0 block_puts=4 deleted=0
checkpoint_phase lsn=20312 phase=value_index_schedule slot=0 started_ns=1790174530922826000 ended_ns=1790174530925957875 elapsed_us=3131 block_gets=0 block_puts=0 deleted=0
checkpoint_phase lsn=20312 phase=value_index_schedule slot=0 started_ns=1790174530925973000 ended_ns=1790174530928793833 elapsed_us=2820 block_gets=0 block_puts=0 deleted=0
checkpoint_phase lsn=20312 phase=value_index_schedule slot=0 started_ns=1790174530928807000 ended_ns=1790174530928836583 elapsed_us=29 block_gets=0 block_puts=0 deleted=0
checkpoint_phase lsn=20312 phase=value_index_schedule slot=0 started_ns=1790174530928842000 ended_ns=1790174530928864916 elapsed_us=22 block_gets=0 block_puts=0 deleted=0
checkpoint_phase lsn=20312 phase=value_index_schedule slot=0 started_ns=1790174530928871000 ended_ns=1790174530928893750 elapsed_us=22 block_gets=0 block_puts=0 deleted=0
checkpoint_phase lsn=20312 phase=value_index_schedule slot=0 started_ns=1790174530928899000 ended_ns=1790174530934232042 elapsed_us=5333 block_gets=0 block_puts=1 deleted=0
checkpoint_phase lsn=20312 phase=value_index_schedule slot=0 started_ns=1790174530934249000 ended_ns=1790174530934278458 elapsed_us=29 block_gets=0 block_puts=0 deleted=0
checkpoint_phase lsn=20312 phase=value_index_schedule slot=0 started_ns=1790174530934286000 ended_ns=1790174530948017458 elapsed_us=13731 block_gets=0 block_puts=4 deleted=0
checkpoint_phase lsn=20312 phase=value_index_schedule slot=0 started_ns=1790174530948037000 ended_ns=1790174530951280333 elapsed_us=3243 block_gets=0 block_puts=0 deleted=0
checkpoint_phase lsn=20312 phase=value_index_schedule slot=0 started_ns=1790174530951306000 ended_ns=1790174530951769542 elapsed_us=463 block_gets=0 block_puts=0 deleted=0
checkpoint_phase lsn=20312 phase=value_index_schedule slot=0 started_ns=1790174530951781000 ended_ns=1790174530951808750 elapsed_us=27 block_gets=0 block_puts=0 deleted=0
checkpoint_phase lsn=20312 phase=value_index_schedule slot=0 started_ns=1790174530951814000 ended_ns=1790174530951836375 elapsed_us=22 block_gets=0 block_puts=0 deleted=0
checkpoint_phase lsn=20312 phase=value_index_schedule slot=0 started_ns=1790174530951843000 ended_ns=1790174530951865250 elapsed_us=22 block_gets=0 block_puts=0 deleted=0
checkpoint_phase lsn=20312 phase=value_index_schedule slot=0 started_ns=1790174530951871000 ended_ns=1790174530968787958 elapsed_us=16916 block_gets=0 block_puts=4 deleted=0
checkpoint_phase lsn=20312 phase=value_index_schedule slot=0 started_ns=1790174530968805000 ended_ns=1790174530968996792 elapsed_us=191 block_gets=0 block_puts=0 deleted=0
checkpoint_phase lsn=20312 phase=value_index_schedule slot=0 started_ns=1790174530969006000 ended_ns=1790174530969150917 elapsed_us=144 block_gets=0 block_puts=0 deleted=0
checkpoint_phase lsn=20312 phase=value_index_schedule slot=0 started_ns=1790174530969158000 ended_ns=1790174530969289333 elapsed_us=131 block_gets=0 block_puts=0 deleted=0
checkpoint_phase lsn=20312 phase=value_index_schedule slot=0 started_ns=1790174530969295000 ended_ns=1790174530969426667 elapsed_us=131 block_gets=0 block_puts=0 deleted=0
checkpoint_phase lsn=20312 phase=value_index_schedule slot=0 started_ns=1790174530969433000 ended_ns=1790174530974764334 elapsed_us=5331 block_gets=0 block_puts=1 deleted=0
checkpoint_phase lsn=20312 phase=value_index_schedule slot=0 started_ns=1790174530974783000 ended_ns=1790174530974932292 elapsed_us=149 block_gets=0 block_puts=0 deleted=0
checkpoint_phase lsn=20312 phase=value_index_schedule slot=0 started_ns=1790174530974941000 ended_ns=1790174530975124250 elapsed_us=183 block_gets=0 block_puts=0 deleted=0
checkpoint_phase lsn=20312 phase=value_index_schedule slot=0 started_ns=1790174530975131000 ended_ns=1790174530975270667 elapsed_us=139 block_gets=0 block_puts=0 deleted=0
checkpoint_phase lsn=20312 phase=value_index_schedule slot=0 started_ns=1790174530975277000 ended_ns=1790174530981160375 elapsed_us=5883 block_gets=0 block_puts=1 deleted=0
checkpoint_phase lsn=20312 phase=value_index_schedule slot=0 started_ns=1790174530981183000 ended_ns=1790174530981289833 elapsed_us=106 block_gets=0 block_puts=0 deleted=0
checkpoint_phase lsn=20312 phase=value_index_schedule slot=0 started_ns=1790174530981297000 ended_ns=1790174530996842667 elapsed_us=15545 block_gets=0 block_puts=4 deleted=0
checkpoint_phase lsn=20312 phase=value_index_schedule slot=0 started_ns=1790174530996860000 ended_ns=1790174530996860500 elapsed_us=0 block_gets=0 block_puts=0 deleted=0
checkpoint_phase lsn=20312 phase=value_index_schedule slot=0 started_ns=1790174530996868000 ended_ns=1790174530997478625 elapsed_us=610 block_gets=0 block_puts=0 deleted=0
checkpoint_phase lsn=20312 phase=value_index_schedule slot=0 started_ns=1790174530997487000 ended_ns=1790174530997689375 elapsed_us=202 block_gets=0 block_puts=0 deleted=0
checkpoint_phase lsn=20312 phase=value_index_schedule slot=0 started_ns=1790174530997696000 ended_ns=1790174530997885167 elapsed_us=189 block_gets=0 block_puts=0 deleted=0
checkpoint_phase lsn=20312 phase=value_index_schedule slot=0 started_ns=1790174530997892000 ended_ns=1790174530998073500 elapsed_us=181 block_gets=0 block_puts=0 deleted=0
checkpoint_phase lsn=20312 phase=value_index_schedule slot=0 started_ns=1790174530998081000 ended_ns=1790174531002849541 elapsed_us=4768 block_gets=0 block_puts=1 deleted=0
checkpoint_phase lsn=20312 phase=value_index_schedule slot=0 started_ns=1790174531002867000 ended_ns=1790174531003048042 elapsed_us=181 block_gets=0 block_puts=0 deleted=0
checkpoint_phase lsn=20312 phase=value_index_schedule slot=0 started_ns=1790174531003058000 ended_ns=1790174531003669125 elapsed_us=611 block_gets=0 block_puts=0 deleted=0
checkpoint_phase lsn=20312 phase=value_index_schedule slot=0 started_ns=1790174531003680000 ended_ns=1790174531003843875 elapsed_us=163 block_gets=0 block_puts=0 deleted=0
checkpoint_phase lsn=20312 phase=value_index_schedule slot=0 started_ns=1790174531003850000 ended_ns=1790174531009861208 elapsed_us=6011 block_gets=0 block_puts=1 deleted=0
checkpoint_phase lsn=20312 phase=value_index_schedule slot=0 started_ns=1790174531009881000 ended_ns=1790174531010050041 elapsed_us=169 block_gets=0 block_puts=0 deleted=0
checkpoint_phase lsn=20312 phase=value_index_schedule slot=0 started_ns=1790174531010058000 ended_ns=1790174531010217959 elapsed_us=159 block_gets=0 block_puts=0 deleted=0
checkpoint_phase lsn=20312 phase=value_index_schedule slot=0 started_ns=1790174531010227000 ended_ns=1790174531010960708 elapsed_us=733 block_gets=0 block_puts=0 deleted=0
checkpoint_phase lsn=20312 phase=value_index_schedule slot=0 started_ns=1790174531010969000 ended_ns=1790174531017790708 elapsed_us=6821 block_gets=0 block_puts=1 deleted=0
checkpoint_phase lsn=20312 phase=value_index_schedule slot=0 started_ns=1790174531017840000 ended_ns=1790174531018553541 elapsed_us=713 block_gets=0 block_puts=0 deleted=0
checkpoint_phase lsn=20312 phase=value_index_schedule slot=0 started_ns=1790174531018593000 ended_ns=1790174531018942375 elapsed_us=349 block_gets=0 block_puts=0 deleted=0
checkpoint_phase lsn=20312 phase=value_index_schedule slot=0 started_ns=1790174531018963000 ended_ns=1790174531025534667 elapsed_us=6571 block_gets=0 block_puts=1 deleted=0
checkpoint_phase lsn=20312 phase=value_index_schedule slot=0 started_ns=1790174531025556000 ended_ns=1790174531026701875 elapsed_us=1145 block_gets=0 block_puts=0 deleted=0
checkpoint_phase lsn=20312 phase=value_index_schedule slot=0 started_ns=1790174531026718000 ended_ns=1790174531026882333 elapsed_us=164 block_gets=0 block_puts=0 deleted=0
checkpoint_phase lsn=20312 phase=value_index_schedule slot=0 started_ns=1790174531026892000 ended_ns=1790174531027284167 elapsed_us=392 block_gets=0 block_puts=0 deleted=0
checkpoint_phase lsn=20312 phase=value_index_schedule slot=0 started_ns=1790174531027336000 ended_ns=1790174531034241833 elapsed_us=6905 block_gets=0 block_puts=1 deleted=0
checkpoint_phase lsn=20312 phase=value_index_schedule slot=0 started_ns=1790174531034265000 ended_ns=1790174531034404500 elapsed_us=139 block_gets=0 block_puts=0 deleted=0
checkpoint_phase lsn=20312 phase=value_index_schedule slot=0 started_ns=1790174531034412000 ended_ns=1790174531034942042 elapsed_us=530 block_gets=0 block_puts=0 deleted=0
checkpoint_phase lsn=20312 phase=value_index_schedule slot=0 started_ns=1790174531034953000 ended_ns=1790174531035110584 elapsed_us=157 block_gets=0 block_puts=0 deleted=0
checkpoint_phase lsn=20312 phase=value_index_schedule slot=0 started_ns=1790174531035117000 ended_ns=1790174531039948042 elapsed_us=4831 block_gets=0 block_puts=1 deleted=0
checkpoint_phase lsn=20312 phase=value_index_schedule slot=0 started_ns=1790174531039963000 ended_ns=1790174531040118250 elapsed_us=155 block_gets=0 block_puts=0 deleted=0
checkpoint_phase lsn=20312 phase=value_index_schedule slot=0 started_ns=1790174531040124000 ended_ns=1790174531040277833 elapsed_us=153 block_gets=0 block_puts=0 deleted=0
checkpoint_phase lsn=20312 phase=value_index_schedule slot=0 started_ns=1790174531040286000 ended_ns=1790174531045117375 elapsed_us=4831 block_gets=0 block_puts=1 deleted=0
checkpoint_phase lsn=20312 phase=value_index_schedule slot=0 started_ns=1790174531045134000 ended_ns=1790174531045551542 elapsed_us=417 block_gets=0 block_puts=0 deleted=0
checkpoint_phase lsn=20312 phase=value_index_schedule slot=0 started_ns=1790174531045561000 ended_ns=1790174531045674875 elapsed_us=113 block_gets=0 block_puts=0 deleted=0
checkpoint_phase lsn=20312 phase=value_index_schedule slot=0 started_ns=1790174531045686000 ended_ns=1790174531045799083 elapsed_us=113 block_gets=0 block_puts=0 deleted=0
checkpoint_phase lsn=20312 phase=value_index_schedule slot=0 started_ns=1790174531045806000 ended_ns=1790174531045892000 elapsed_us=86 block_gets=0 block_puts=0 deleted=0
checkpoint_phase lsn=20312 phase=value_index_schedule slot=0 started_ns=1790174531045900000 ended_ns=1790174531062385417 elapsed_us=16485 block_gets=0 block_puts=4 deleted=0
checkpoint_phase lsn=20312 phase=value_index_schedule slot=0 started_ns=1790174531062401000 ended_ns=1790174531062401375 elapsed_us=0 block_gets=0 block_puts=0 deleted=0
checkpoint_phase lsn=20312 phase=value_index_write slot=0 started_ns=1790174531062410000 ended_ns=1790174531077163334 elapsed_us=14753 block_gets=0 block_puts=4 deleted=0
checkpoint_phase lsn=20312 phase=value_index_write slot=0 started_ns=1790174531077179000 ended_ns=1790174531091343667 elapsed_us=14164 block_gets=0 block_puts=4 deleted=0
checkpoint_phase lsn=20312 phase=value_index_write slot=0 started_ns=1790174531091360000 ended_ns=1790174531105791625 elapsed_us=14431 block_gets=0 block_puts=4 deleted=0
checkpoint_phase lsn=20312 phase=value_index_write slot=0 started_ns=1790174531105808000 ended_ns=1790174531119663375 elapsed_us=13855 block_gets=0 block_puts=4 deleted=0
checkpoint_phase lsn=20312 phase=value_index_write slot=0 started_ns=1790174531119679000 ended_ns=1790174531134052250 elapsed_us=14373 block_gets=0 block_puts=4 deleted=0
checkpoint_phase lsn=20312 phase=value_index_write slot=0 started_ns=1790174531134069000 ended_ns=1790174531148859250 elapsed_us=14790 block_gets=0 block_puts=4 deleted=0
checkpoint_phase lsn=20312 phase=value_index_write slot=0 started_ns=1790174531148877000 ended_ns=1790174531165165000 elapsed_us=16288 block_gets=0 block_puts=4 deleted=0
checkpoint_phase lsn=20312 phase=value_index_write slot=0 started_ns=1790174531165185000 ended_ns=1790174531184624083 elapsed_us=19439 block_gets=0 block_puts=4 deleted=0
checkpoint_phase lsn=20312 phase=value_index_write slot=0 started_ns=1790174531184640000 ended_ns=1790174531203361458 elapsed_us=18721 block_gets=0 block_puts=4 deleted=0
checkpoint_phase lsn=20312 phase=value_index_write slot=0 started_ns=1790174531203379000 ended_ns=1790174531222101042 elapsed_us=18722 block_gets=0 block_puts=4 deleted=0
checkpoint_phase lsn=20312 phase=value_index_write slot=0 started_ns=1790174531222134000 ended_ns=1790174531235026417 elapsed_us=12892 block_gets=0 block_puts=4 deleted=0
checkpoint_phase lsn=20312 phase=value_index_write slot=0 started_ns=1790174531235046000 ended_ns=1790174531249976708 elapsed_us=14930 block_gets=0 block_puts=4 deleted=0
checkpoint_phase lsn=20312 phase=value_index_write slot=0 started_ns=1790174531249995000 ended_ns=1790174531265131708 elapsed_us=15136 block_gets=0 block_puts=4 deleted=0
checkpoint_phase lsn=20312 phase=value_index_write slot=0 started_ns=1790174531265158000 ended_ns=1790174531280144833 elapsed_us=14986 block_gets=0 block_puts=4 deleted=0
checkpoint_phase lsn=20312 phase=value_index_write slot=0 started_ns=1790174531280163000 ended_ns=1790174531295828541 elapsed_us=15665 block_gets=0 block_puts=4 deleted=0
checkpoint_phase lsn=20312 phase=value_index_write slot=0 started_ns=1790174531295847000 ended_ns=1790174531310616625 elapsed_us=14769 block_gets=0 block_puts=4 deleted=0
checkpoint_phase lsn=20312 phase=value_index_write slot=0 started_ns=1790174531310641000 ended_ns=1790174531324776542 elapsed_us=14135 block_gets=0 block_puts=4 deleted=0
checkpoint_phase lsn=20312 phase=value_index_write slot=0 started_ns=1790174531324795000 ended_ns=1790174531339927500 elapsed_us=15132 block_gets=0 block_puts=4 deleted=0
checkpoint_phase lsn=20312 phase=value_index_write slot=0 started_ns=1790174531339947000 ended_ns=1790174531355098958 elapsed_us=15151 block_gets=0 block_puts=4 deleted=0
checkpoint_phase lsn=20312 phase=value_index_write slot=0 started_ns=1790174531355124000 ended_ns=1790174531369698083 elapsed_us=14574 block_gets=0 block_puts=4 deleted=0
checkpoint_phase lsn=20312 phase=value_index_write slot=0 started_ns=1790174531369717000 ended_ns=1790174531384818250 elapsed_us=15101 block_gets=0 block_puts=4 deleted=0
checkpoint_phase lsn=20312 phase=value_index_write slot=0 started_ns=1790174531384838000 ended_ns=1790174531399272000 elapsed_us=14434 block_gets=0 block_puts=4 deleted=0
checkpoint_phase lsn=20312 phase=value_index_write slot=0 started_ns=1790174531399292000 ended_ns=1790174531413320417 elapsed_us=14028 block_gets=0 block_puts=4 deleted=0
checkpoint_phase lsn=20312 phase=value_index_write slot=0 started_ns=1790174531413341000 ended_ns=1790174531427899542 elapsed_us=14558 block_gets=0 block_puts=4 deleted=0
checkpoint_phase lsn=20312 phase=value_index_write slot=0 started_ns=1790174531427916000 ended_ns=1790174531443693250 elapsed_us=15777 block_gets=0 block_puts=4 deleted=0
checkpoint_phase lsn=20312 phase=value_index_write slot=0 started_ns=1790174531443723000 ended_ns=1790174531460503334 elapsed_us=16780 block_gets=0 block_puts=4 deleted=0
checkpoint_phase lsn=20312 phase=value_index_write slot=0 started_ns=1790174531460519000 ended_ns=1790174531475227625 elapsed_us=14708 block_gets=0 block_puts=4 deleted=0
checkpoint_phase lsn=20312 phase=value_index_write slot=0 started_ns=1790174531475243000 ended_ns=1790174531491596375 elapsed_us=16353 block_gets=0 block_puts=4 deleted=0
checkpoint_phase lsn=20312 phase=value_index_write slot=0 started_ns=1790174531491612000 ended_ns=1790174531507507000 elapsed_us=15895 block_gets=0 block_puts=4 deleted=0
checkpoint_phase lsn=20312 phase=value_index_write slot=0 started_ns=1790174531507526000 ended_ns=1790174531523164000 elapsed_us=15638 block_gets=0 block_puts=4 deleted=0
checkpoint_phase lsn=20312 phase=value_index_write slot=0 started_ns=1790174531523197000 ended_ns=1790174531538853750 elapsed_us=15656 block_gets=0 block_puts=4 deleted=0
checkpoint_phase lsn=20312 phase=value_index_write slot=0 started_ns=1790174531538872000 ended_ns=1790174531554044375 elapsed_us=15172 block_gets=0 block_puts=4 deleted=0
checkpoint_phase lsn=20312 phase=value_index_write slot=0 started_ns=1790174531554060000 ended_ns=1790174531575479125 elapsed_us=21419 block_gets=0 block_puts=5 deleted=0
checkpoint_phase lsn=20312 phase=value_index_write slot=0 started_ns=1790174531575497000 ended_ns=1790174531591851708 elapsed_us=16354 block_gets=0 block_puts=4 deleted=0
checkpoint_phase lsn=20312 phase=value_index_write slot=0 started_ns=1790174531591870000 ended_ns=1790174531610302375 elapsed_us=18432 block_gets=0 block_puts=5 deleted=0
checkpoint_phase lsn=20312 phase=value_index_schedule slot=0 started_ns=1790174531610332000 ended_ns=1790174531610335667 elapsed_us=3 block_gets=0 block_puts=0 deleted=0
checkpoint_phase lsn=20312 phase=value_index_schedule slot=0 started_ns=1790174531610345000 ended_ns=1790174531611178208 elapsed_us=833 block_gets=0 block_puts=0 deleted=0
checkpoint_phase lsn=20312 phase=value_index_schedule slot=0 started_ns=1790174531611189000 ended_ns=1790174531640340000 elapsed_us=29151 block_gets=8 block_puts=0 deleted=0
checkpoint_phase lsn=20312 phase=value_index_schedule slot=0 started_ns=1790174531640360000 ended_ns=1790174531668569125 elapsed_us=28209 block_gets=8 block_puts=0 deleted=0
checkpoint_phase lsn=20312 phase=value_index_schedule slot=0 started_ns=1790174531668588000 ended_ns=1790174531696226042 elapsed_us=27638 block_gets=8 block_puts=0 deleted=0
checkpoint_phase lsn=20312 phase=value_index_schedule slot=0 started_ns=1790174531696245000 ended_ns=1790174531723764166 elapsed_us=27519 block_gets=8 block_puts=0 deleted=0
checkpoint_phase lsn=20312 phase=value_index_schedule slot=0 started_ns=1790174531723784000 ended_ns=1790174531752321209 elapsed_us=28537 block_gets=8 block_puts=0 deleted=0
checkpoint_phase lsn=20312 phase=value_index_schedule slot=0 started_ns=1790174531752341000 ended_ns=1790174531777345333 elapsed_us=25004 block_gets=8 block_puts=0 deleted=0
checkpoint_phase lsn=20312 phase=value_index_schedule slot=0 started_ns=1790174531777364000 ended_ns=1790174531803192375 elapsed_us=25828 block_gets=8 block_puts=0 deleted=0
checkpoint_phase lsn=20312 phase=value_index_schedule slot=0 started_ns=1790174531803211000 ended_ns=1790174531830489250 elapsed_us=27278 block_gets=8 block_puts=0 deleted=0
checkpoint_phase lsn=20312 phase=value_index_schedule slot=0 started_ns=1790174531830508000 ended_ns=1790174531859187583 elapsed_us=28679 block_gets=8 block_puts=0 deleted=0
checkpoint_phase lsn=20312 phase=value_index_schedule slot=0 started_ns=1790174531859207000 ended_ns=1790174531885302541 elapsed_us=26095 block_gets=8 block_puts=0 deleted=0
checkpoint_phase lsn=20312 phase=value_index_schedule slot=0 started_ns=1790174531885339000 ended_ns=1790174531913120333 elapsed_us=27781 block_gets=8 block_puts=0 deleted=0
checkpoint_phase lsn=20312 phase=value_index_schedule slot=0 started_ns=1790174531913141000 ended_ns=1790174531942888083 elapsed_us=29747 block_gets=8 block_puts=0 deleted=0
checkpoint_phase lsn=20312 phase=value_index_schedule slot=0 started_ns=1790174531942904000 ended_ns=1790174531970581584 elapsed_us=27677 block_gets=8 block_puts=0 deleted=0
checkpoint_phase lsn=20312 phase=value_index_schedule slot=0 started_ns=1790174531970599000 ended_ns=1790174531998923125 elapsed_us=28324 block_gets=8 block_puts=0 deleted=0
checkpoint_phase lsn=20312 phase=value_index_schedule slot=0 started_ns=1790174531998942000 ended_ns=1790174532009349292 elapsed_us=10407 block_gets=2 block_puts=0 deleted=0
checkpoint_phase lsn=20312 phase=value_index_schedule slot=0 started_ns=1790174532009375000 ended_ns=1790174532013829458 elapsed_us=4454 block_gets=0 block_puts=0 deleted=0
checkpoint_phase lsn=20312 phase=value_index_schedule slot=0 started_ns=1790174532013896000 ended_ns=1790174532013925542 elapsed_us=29 block_gets=0 block_puts=0 deleted=0
checkpoint_phase lsn=20312 phase=value_index_schedule slot=0 started_ns=1790174532013947000 ended_ns=1790174532013974125 elapsed_us=27 block_gets=0 block_puts=0 deleted=0
checkpoint_phase lsn=20312 phase=value_index_schedule slot=0 started_ns=1790174532013983000 ended_ns=1790174532014011583 elapsed_us=28 block_gets=0 block_puts=0 deleted=0
checkpoint_phase lsn=20312 phase=value_index_schedule slot=0 started_ns=1790174532014018000 ended_ns=1790174532019200584 elapsed_us=5182 block_gets=0 block_puts=1 deleted=0
checkpoint_phase lsn=20312 phase=value_index_schedule slot=0 started_ns=1790174532019219000 ended_ns=1790174532034557083 elapsed_us=15338 block_gets=0 block_puts=4 deleted=0
checkpoint_phase lsn=20312 phase=value_index_schedule slot=0 started_ns=1790174532034577000 ended_ns=1790174532042302292 elapsed_us=7725 block_gets=0 block_puts=0 deleted=0
checkpoint_phase lsn=20312 phase=value_index_schedule slot=0 started_ns=1790174532042375000 ended_ns=1790174532049191250 elapsed_us=6816 block_gets=0 block_puts=0 deleted=0
checkpoint_phase lsn=20312 phase=value_index_schedule slot=0 started_ns=1790174532049216000 ended_ns=1790174532054725000 elapsed_us=5509 block_gets=0 block_puts=0 deleted=0
checkpoint_phase lsn=20312 phase=value_index_schedule slot=0 started_ns=1790174532054763000 ended_ns=1790174532058334000 elapsed_us=3571 block_gets=0 block_puts=0 deleted=0
checkpoint_phase lsn=20312 phase=value_index_schedule slot=0 started_ns=1790174532058359000 ended_ns=1790174532060277917 elapsed_us=1918 block_gets=0 block_puts=0 deleted=0
checkpoint_phase lsn=20312 phase=value_index_schedule slot=0 started_ns=1790174532060293000 ended_ns=1790174532060323291 elapsed_us=30 block_gets=0 block_puts=0 deleted=0
checkpoint_phase lsn=20312 phase=value_index_schedule slot=0 started_ns=1790174532060330000 ended_ns=1790174532060354792 elapsed_us=24 block_gets=0 block_puts=0 deleted=0
checkpoint_phase lsn=20312 phase=value_index_schedule slot=0 started_ns=1790174532060362000 ended_ns=1790174532060386750 elapsed_us=24 block_gets=0 block_puts=0 deleted=0
checkpoint_phase lsn=20312 phase=value_index_schedule slot=0 started_ns=1790174532060394000 ended_ns=1790174532065377084 elapsed_us=4983 block_gets=0 block_puts=1 deleted=0
checkpoint_phase lsn=20312 phase=value_index_schedule slot=0 started_ns=1790174532065396000 ended_ns=1790174532091092667 elapsed_us=25696 block_gets=0 block_puts=4 deleted=0
checkpoint_phase lsn=20312 phase=value_index_schedule slot=0 started_ns=1790174532091112000 ended_ns=1790174532092280250 elapsed_us=1168 block_gets=0 block_puts=0 deleted=0
checkpoint_phase lsn=20312 phase=value_index_schedule slot=0 started_ns=1790174532092315000 ended_ns=1790174532092578542 elapsed_us=263 block_gets=0 block_puts=0 deleted=0
checkpoint_phase lsn=20312 phase=value_index_schedule slot=0 started_ns=1790174532092602000 ended_ns=1790174532092947750 elapsed_us=345 block_gets=0 block_puts=0 deleted=0
checkpoint_phase lsn=20312 phase=value_index_schedule slot=0 started_ns=1790174532092977000 ended_ns=1790174532093207500 elapsed_us=230 block_gets=0 block_puts=0 deleted=0
checkpoint_phase lsn=20312 phase=value_index_schedule slot=0 started_ns=1790174532093249000 ended_ns=1790174532099282500 elapsed_us=6033 block_gets=0 block_puts=1 deleted=0
checkpoint_phase lsn=20312 phase=value_index_schedule slot=0 started_ns=1790174532099304000 ended_ns=1790174532099510875 elapsed_us=206 block_gets=0 block_puts=0 deleted=0
checkpoint_phase lsn=20312 phase=value_index_schedule slot=0 started_ns=1790174532099525000 ended_ns=1790174532100094250 elapsed_us=569 block_gets=0 block_puts=0 deleted=0
checkpoint_phase lsn=20312 phase=value_index_schedule slot=0 started_ns=1790174532100107000 ended_ns=1790174532106014041 elapsed_us=5907 block_gets=0 block_puts=1 deleted=0
checkpoint_phase lsn=20312 phase=value_index_schedule slot=0 started_ns=1790174532106037000 ended_ns=1790174532106129375 elapsed_us=92 block_gets=0 block_puts=0 deleted=0
checkpoint_phase lsn=20312 phase=value_index_schedule slot=0 started_ns=1790174532106140000 ended_ns=1790174532106323458 elapsed_us=183 block_gets=0 block_puts=0 deleted=0
checkpoint_phase lsn=20312 phase=value_index_schedule slot=0 started_ns=1790174532106335000 ended_ns=1790174532106353208 elapsed_us=18 block_gets=0 block_puts=0 deleted=0
checkpoint_phase lsn=20312 phase=value_index_schedule slot=0 started_ns=1790174532106360000 ended_ns=1790174532124411333 elapsed_us=18051 block_gets=0 block_puts=4 deleted=0
checkpoint_phase lsn=20312 phase=value_index_schedule slot=0 started_ns=1790174532124429000 ended_ns=1790174532125938459 elapsed_us=1509 block_gets=0 block_puts=0 deleted=0
checkpoint_phase lsn=20312 phase=value_index_schedule slot=0 started_ns=1790174532125949000 ended_ns=1790174532144547750 elapsed_us=18598 block_gets=0 block_puts=4 deleted=0
checkpoint_phase lsn=20312 phase=value_index_schedule slot=0 started_ns=1790174532144567000 ended_ns=1790174532144567583 elapsed_us=0 block_gets=0 block_puts=0 deleted=0
checkpoint_phase lsn=20312 phase=value_index_schedule slot=0 started_ns=1790174532144576000 ended_ns=1790174532145116792 elapsed_us=540 block_gets=0 block_puts=0 deleted=0
checkpoint_phase lsn=20312 phase=value_index_schedule slot=0 started_ns=1790174532145139000 ended_ns=1790174532145315333 elapsed_us=176 block_gets=0 block_puts=0 deleted=0
checkpoint_phase lsn=20312 phase=value_index_schedule slot=0 started_ns=1790174532145324000 ended_ns=1790174532145489500 elapsed_us=165 block_gets=0 block_puts=0 deleted=0
checkpoint_phase lsn=20312 phase=value_index_schedule slot=0 started_ns=1790174532145497000 ended_ns=1790174532145660875 elapsed_us=163 block_gets=0 block_puts=0 deleted=0
checkpoint_phase lsn=20312 phase=value_index_schedule slot=0 started_ns=1790174532145668000 ended_ns=1790174532150642666 elapsed_us=4974 block_gets=0 block_puts=1 deleted=0
checkpoint_phase lsn=20312 phase=value_index_schedule slot=0 started_ns=1790174532150662000 ended_ns=1790174532150821458 elapsed_us=159 block_gets=0 block_puts=0 deleted=0
checkpoint_phase lsn=20312 phase=value_index_schedule slot=0 started_ns=1790174532150829000 ended_ns=1790174532151467417 elapsed_us=638 block_gets=0 block_puts=0 deleted=0
checkpoint_phase lsn=20312 phase=value_index_schedule slot=0 started_ns=1790174532151520000 ended_ns=1790174532157022875 elapsed_us=5502 block_gets=0 block_puts=1 deleted=0
checkpoint_phase lsn=20312 phase=value_index_schedule slot=0 started_ns=1790174532157042000 ended_ns=1790174532157261375 elapsed_us=219 block_gets=0 block_puts=0 deleted=0
checkpoint_phase lsn=20312 phase=value_index_schedule slot=0 started_ns=1790174532157272000 ended_ns=1790174532157669583 elapsed_us=397 block_gets=0 block_puts=0 deleted=0
checkpoint_phase lsn=20312 phase=value_index_schedule slot=0 started_ns=1790174532157716000 ended_ns=1790174532158063208 elapsed_us=347 block_gets=0 block_puts=0 deleted=0
checkpoint_phase lsn=20312 phase=value_index_schedule slot=0 started_ns=1790174532158089000 ended_ns=1790174532175708250 elapsed_us=17619 block_gets=0 block_puts=4 deleted=0
checkpoint_phase lsn=20312 phase=value_index_schedule slot=0 started_ns=1790174532175726000 ended_ns=1790174532175726334 elapsed_us=0 block_gets=0 block_puts=0 deleted=0
checkpoint_phase lsn=20312 phase=value_index_write slot=0 started_ns=1790174532175734000 ended_ns=1790174532175911333 elapsed_us=177 block_gets=0 block_puts=0 deleted=0
checkpoint_phase lsn=20312 phase=value_index_write slot=0 started_ns=1790174532175918000 ended_ns=1790174532175982583 elapsed_us=64 block_gets=0 block_puts=0 deleted=0
checkpoint_phase lsn=20312 phase=value_index_write slot=0 started_ns=1790174532175989000 ended_ns=1790174532176082042 elapsed_us=93 block_gets=0 block_puts=0 deleted=0
checkpoint_phase lsn=20312 phase=value_index_write slot=0 started_ns=1790174532176094000 ended_ns=1790174532176265625 elapsed_us=171 block_gets=0 block_puts=0 deleted=0
checkpoint_phase lsn=20312 phase=value_index_write slot=0 started_ns=1790174532176273000 ended_ns=1790174532176329708 elapsed_us=56 block_gets=0 block_puts=0 deleted=0
checkpoint_phase lsn=20312 phase=value_index_write slot=0 started_ns=1790174532176336000 ended_ns=1790174532188252125 elapsed_us=11916 block_gets=0 block_puts=1 deleted=0
checkpoint_phase lsn=20312 phase=value_index_write slot=0 started_ns=1790174532188272000 ended_ns=1790174532188416416 elapsed_us=144 block_gets=0 block_puts=0 deleted=0
checkpoint_phase lsn=20312 phase=value_index_write slot=0 started_ns=1790174532188426000 ended_ns=1790174532188475000 elapsed_us=49 block_gets=0 block_puts=0 deleted=0
checkpoint_phase lsn=20312 phase=value_index_write slot=0 started_ns=1790174532188481000 ended_ns=1790174532188528792 elapsed_us=47 block_gets=0 block_puts=0 deleted=0
checkpoint_phase lsn=20312 phase=value_index_write slot=0 started_ns=1790174532188535000 ended_ns=1790174532199698542 elapsed_us=11163 block_gets=0 block_puts=2 deleted=0
checkpoint_phase lsn=20312 phase=value_index_schedule slot=0 started_ns=1790174532199729000 ended_ns=1790174532199732917 elapsed_us=3 block_gets=0 block_puts=0 deleted=0
checkpoint_phase lsn=20312 phase=value_index_schedule slot=0 started_ns=1790174532199741000 ended_ns=1790174532200629167 elapsed_us=888 block_gets=0 block_puts=0 deleted=0
checkpoint_phase lsn=20312 phase=value_index_schedule slot=0 started_ns=1790174532200641000 ended_ns=1790174532229558541 elapsed_us=28917 block_gets=8 block_puts=0 deleted=0
checkpoint_phase lsn=20312 phase=value_index_schedule slot=0 started_ns=1790174532229579000 ended_ns=1790174532257951083 elapsed_us=28372 block_gets=8 block_puts=0 deleted=0
checkpoint_phase lsn=20312 phase=value_index_schedule slot=0 started_ns=1790174532257970000 ended_ns=1790174532285171750 elapsed_us=27201 block_gets=8 block_puts=0 deleted=0
checkpoint_phase lsn=20312 phase=value_index_schedule slot=0 started_ns=1790174532285193000 ended_ns=1790174532312965167 elapsed_us=27772 block_gets=8 block_puts=0 deleted=0
checkpoint_phase lsn=20312 phase=value_index_schedule slot=0 started_ns=1790174532312985000 ended_ns=1790174532342036250 elapsed_us=29051 block_gets=8 block_puts=0 deleted=0
checkpoint_phase lsn=20312 phase=value_index_schedule slot=0 started_ns=1790174532342060000 ended_ns=1790174532369265875 elapsed_us=27205 block_gets=8 block_puts=0 deleted=0
checkpoint_phase lsn=20312 phase=value_index_schedule slot=0 started_ns=1790174532369284000 ended_ns=1790174532396861042 elapsed_us=27577 block_gets=8 block_puts=0 deleted=0
checkpoint_phase lsn=20312 phase=value_index_schedule slot=0 started_ns=1790174532396881000 ended_ns=1790174532423864333 elapsed_us=26983 block_gets=8 block_puts=0 deleted=0
checkpoint_phase lsn=20312 phase=value_index_schedule slot=0 started_ns=1790174532423885000 ended_ns=1790174532450797000 elapsed_us=26912 block_gets=8 block_puts=0 deleted=0
checkpoint_phase lsn=20312 phase=value_index_schedule slot=0 started_ns=1790174532450816000 ended_ns=1790174532476771500 elapsed_us=25955 block_gets=8 block_puts=0 deleted=0
checkpoint_phase lsn=20312 phase=value_index_schedule slot=0 started_ns=1790174532476792000 ended_ns=1790174532502840417 elapsed_us=26048 block_gets=8 block_puts=0 deleted=0
checkpoint_phase lsn=20312 phase=value_index_schedule slot=0 started_ns=1790174532502858000 ended_ns=1790174532529766375 elapsed_us=26908 block_gets=8 block_puts=0 deleted=0
checkpoint_phase lsn=20312 phase=value_index_schedule slot=0 started_ns=1790174532529788000 ended_ns=1790174532556322875 elapsed_us=26534 block_gets=8 block_puts=0 deleted=0
checkpoint_phase lsn=20312 phase=value_index_schedule slot=0 started_ns=1790174532556343000 ended_ns=1790174532583617417 elapsed_us=27274 block_gets=8 block_puts=0 deleted=0
checkpoint_phase lsn=20312 phase=value_index_schedule slot=0 started_ns=1790174532583637000 ended_ns=1790174532593258667 elapsed_us=9621 block_gets=2 block_puts=0 deleted=0
checkpoint_phase lsn=20312 phase=value_index_schedule slot=0 started_ns=1790174532593278000 ended_ns=1790174532603291875 elapsed_us=10013 block_gets=0 block_puts=0 deleted=0
checkpoint_phase lsn=20312 phase=value_index_schedule slot=0 started_ns=1790174532603314000 ended_ns=1790174532603343625 elapsed_us=29 block_gets=0 block_puts=0 deleted=0
checkpoint_phase lsn=20312 phase=value_index_schedule slot=0 started_ns=1790174532603352000 ended_ns=1790174532603376666 elapsed_us=24 block_gets=0 block_puts=0 deleted=0
checkpoint_phase lsn=20312 phase=value_index_schedule slot=0 started_ns=1790174532603384000 ended_ns=1790174532603409416 elapsed_us=25 block_gets=0 block_puts=0 deleted=0
checkpoint_phase lsn=20312 phase=value_index_schedule slot=0 started_ns=1790174532603416000 ended_ns=1790174532608381584 elapsed_us=4965 block_gets=0 block_puts=1 deleted=0
checkpoint_phase lsn=20312 phase=value_index_schedule slot=0 started_ns=1790174532608396000 ended_ns=1790174532622030042 elapsed_us=13634 block_gets=0 block_puts=4 deleted=0
checkpoint_phase lsn=20312 phase=value_index_schedule slot=0 started_ns=1790174532622047000 ended_ns=1790174532625251000 elapsed_us=3204 block_gets=0 block_puts=0 deleted=0
checkpoint_phase lsn=20312 phase=value_index_schedule slot=0 started_ns=1790174532625282000 ended_ns=1790174532628174209 elapsed_us=2892 block_gets=0 block_puts=0 deleted=0
checkpoint_phase lsn=20312 phase=value_index_schedule slot=0 started_ns=1790174532628193000 ended_ns=1790174532631006542 elapsed_us=2813 block_gets=0 block_puts=0 deleted=0
checkpoint_phase lsn=20312 phase=value_index_schedule slot=0 started_ns=1790174532631018000 ended_ns=1790174532633819041 elapsed_us=2801 block_gets=0 block_puts=0 deleted=0
checkpoint_phase lsn=20312 phase=value_index_schedule slot=0 started_ns=1790174532633851000 ended_ns=1790174532635367459 elapsed_us=1516 block_gets=0 block_puts=0 deleted=0
checkpoint_phase lsn=20312 phase=value_index_schedule slot=0 started_ns=1790174532635381000 ended_ns=1790174532635409041 elapsed_us=28 block_gets=0 block_puts=0 deleted=0
checkpoint_phase lsn=20312 phase=value_index_schedule slot=0 started_ns=1790174532635418000 ended_ns=1790174532635441250 elapsed_us=23 block_gets=0 block_puts=0 deleted=0
checkpoint_phase lsn=20312 phase=value_index_schedule slot=0 started_ns=1790174532635448000 ended_ns=1790174532635471208 elapsed_us=23 block_gets=0 block_puts=0 deleted=0
checkpoint_phase lsn=20312 phase=value_index_schedule slot=0 started_ns=1790174532635478000 ended_ns=1790174532639798250 elapsed_us=4320 block_gets=0 block_puts=1 deleted=0
checkpoint_phase lsn=20312 phase=value_index_schedule slot=0 started_ns=1790174532639815000 ended_ns=1790174532654955375 elapsed_us=15140 block_gets=0 block_puts=4 deleted=0
checkpoint_phase lsn=20312 phase=value_index_schedule slot=0 started_ns=1790174532654974000 ended_ns=1790174532655552542 elapsed_us=578 block_gets=0 block_puts=0 deleted=0
checkpoint_phase lsn=20312 phase=value_index_schedule slot=0 started_ns=1790174532655564000 ended_ns=1790174532655786542 elapsed_us=222 block_gets=0 block_puts=0 deleted=0
checkpoint_phase lsn=20312 phase=value_index_schedule slot=0 started_ns=1790174532655796000 ended_ns=1790174532656009875 elapsed_us=213 block_gets=0 block_puts=0 deleted=0
checkpoint_phase lsn=20312 phase=value_index_schedule slot=0 started_ns=1790174532656020000 ended_ns=1790174532656334709 elapsed_us=314 block_gets=0 block_puts=0 deleted=0
checkpoint_phase lsn=20312 phase=value_index_schedule slot=0 started_ns=1790174532656344000 ended_ns=1790174532660398209 elapsed_us=4054 block_gets=0 block_puts=1 deleted=0
checkpoint_phase lsn=20312 phase=value_index_schedule slot=0 started_ns=1790174532660416000 ended_ns=1790174532660735792 elapsed_us=319 block_gets=0 block_puts=0 deleted=0
checkpoint_phase lsn=20312 phase=value_index_schedule slot=0 started_ns=1790174532660747000 ended_ns=1790174532661061708 elapsed_us=314 block_gets=0 block_puts=0 deleted=0
checkpoint_phase lsn=20312 phase=value_index_schedule slot=0 started_ns=1790174532661071000 ended_ns=1790174532665637834 elapsed_us=4566 block_gets=0 block_puts=1 deleted=0
checkpoint_phase lsn=20312 phase=value_index_schedule slot=0 started_ns=1790174532665652000 ended_ns=1790174532665899542 elapsed_us=247 block_gets=0 block_puts=0 deleted=0
checkpoint_phase lsn=20312 phase=value_index_schedule slot=0 started_ns=1790174532665909000 ended_ns=1790174532665935375 elapsed_us=26 block_gets=0 block_puts=0 deleted=0
checkpoint_phase lsn=20312 phase=value_index_schedule slot=0 started_ns=1790174532665942000 ended_ns=1790174532679138291 elapsed_us=13196 block_gets=0 block_puts=4 deleted=0
checkpoint_phase lsn=20312 phase=value_index_schedule slot=0 started_ns=1790174532679155000 ended_ns=1790174532681937000 elapsed_us=2782 block_gets=0 block_puts=0 deleted=0
checkpoint_phase lsn=20312 phase=value_index_schedule slot=0 started_ns=1790174532681950000 ended_ns=1790174532682714542 elapsed_us=764 block_gets=0 block_puts=0 deleted=0
checkpoint_phase lsn=20312 phase=value_index_schedule slot=0 started_ns=1790174532682737000 ended_ns=1790174532682764750 elapsed_us=27 block_gets=0 block_puts=0 deleted=0
checkpoint_phase lsn=20312 phase=value_index_schedule slot=0 started_ns=1790174532682774000 ended_ns=1790174532696227417 elapsed_us=13453 block_gets=0 block_puts=4 deleted=0
checkpoint_phase lsn=20312 phase=value_index_schedule slot=0 started_ns=1790174532696245000 ended_ns=1790174532696245459 elapsed_us=0 block_gets=0 block_puts=0 deleted=0
checkpoint_phase lsn=20312 phase=value_index_schedule slot=0 started_ns=1790174532696263000 ended_ns=1790174532696471042 elapsed_us=208 block_gets=0 block_puts=0 deleted=0
checkpoint_phase lsn=20312 phase=value_index_schedule slot=0 started_ns=1790174532696478000 ended_ns=1790174532696875000 elapsed_us=397 block_gets=0 block_puts=0 deleted=0
checkpoint_phase lsn=20312 phase=value_index_schedule slot=0 started_ns=1790174532696883000 ended_ns=1790174532697268333 elapsed_us=385 block_gets=0 block_puts=0 deleted=0
checkpoint_phase lsn=20312 phase=value_index_schedule slot=0 started_ns=1790174532697278000 ended_ns=1790174532697670166 elapsed_us=392 block_gets=0 block_puts=0 deleted=0
checkpoint_phase lsn=20312 phase=value_index_schedule slot=0 started_ns=1790174532697679000 ended_ns=1790174532701895750 elapsed_us=4216 block_gets=0 block_puts=1 deleted=0
checkpoint_phase lsn=20312 phase=value_index_schedule slot=0 started_ns=1790174532701917000 ended_ns=1790174532702289208 elapsed_us=372 block_gets=0 block_puts=0 deleted=0
checkpoint_phase lsn=20312 phase=value_index_schedule slot=0 started_ns=1790174532702300000 ended_ns=1790174532702670458 elapsed_us=370 block_gets=0 block_puts=0 deleted=0
checkpoint_phase lsn=20312 phase=value_index_schedule slot=0 started_ns=1790174532702678000 ended_ns=1790174532707271541 elapsed_us=4593 block_gets=0 block_puts=1 deleted=0
checkpoint_phase lsn=20312 phase=value_index_schedule slot=0 started_ns=1790174532707288000 ended_ns=1790174532707619792 elapsed_us=331 block_gets=0 block_puts=0 deleted=0
checkpoint_phase lsn=20312 phase=value_index_schedule slot=0 started_ns=1790174532707630000 ended_ns=1790174532707846541 elapsed_us=216 block_gets=0 block_puts=0 deleted=0
checkpoint_phase lsn=20312 phase=value_index_schedule slot=0 started_ns=1790174532707857000 ended_ns=1790174532712134625 elapsed_us=4277 block_gets=0 block_puts=1 deleted=0
checkpoint_phase lsn=20312 phase=value_index_schedule slot=0 started_ns=1790174532712149000 ended_ns=1790174532723823375 elapsed_us=11674 block_gets=0 block_puts=4 deleted=0
checkpoint_phase lsn=20312 phase=value_index_schedule slot=0 started_ns=1790174532723839000 ended_ns=1790174532723839125 elapsed_us=0 block_gets=0 block_puts=0 deleted=0
checkpoint_phase lsn=20312 phase=value_index_write slot=0 started_ns=1790174532723847000 ended_ns=1790174532734977792 elapsed_us=11130 block_gets=0 block_puts=4 deleted=0
checkpoint_phase lsn=20312 phase=value_index_write slot=0 started_ns=1790174532734993000 ended_ns=1790174532748057917 elapsed_us=13064 block_gets=0 block_puts=4 deleted=0
checkpoint_phase lsn=20312 phase=value_index_write slot=0 started_ns=1790174532748073000 ended_ns=1790174532762135625 elapsed_us=14062 block_gets=0 block_puts=4 deleted=0
checkpoint_phase lsn=20312 phase=value_index_write slot=0 started_ns=1790174532762152000 ended_ns=1790174532778828125 elapsed_us=16676 block_gets=0 block_puts=4 deleted=0
checkpoint_phase lsn=20312 phase=value_index_write slot=0 started_ns=1790174532778843000 ended_ns=1790174532792867542 elapsed_us=14024 block_gets=0 block_puts=4 deleted=0
checkpoint_phase lsn=20312 phase=value_index_write slot=0 started_ns=1790174532792884000 ended_ns=1790174532808157042 elapsed_us=15273 block_gets=0 block_puts=4 deleted=0
checkpoint_phase lsn=20312 phase=value_index_write slot=0 started_ns=1790174532808243000 ended_ns=1790174532823071583 elapsed_us=14828 block_gets=0 block_puts=4 deleted=0
checkpoint_phase lsn=20312 phase=value_index_write slot=0 started_ns=1790174532823090000 ended_ns=1790174532838183167 elapsed_us=15093 block_gets=0 block_puts=4 deleted=0
checkpoint_phase lsn=20312 phase=value_index_write slot=0 started_ns=1790174532838198000 ended_ns=1790174532853501167 elapsed_us=15303 block_gets=0 block_puts=4 deleted=0
checkpoint_phase lsn=20312 phase=value_index_write slot=0 started_ns=1790174532853517000 ended_ns=1790174532869430959 elapsed_us=15913 block_gets=0 block_puts=4 deleted=0
checkpoint_phase lsn=20312 phase=value_index_write slot=0 started_ns=1790174532869448000 ended_ns=1790174532882461875 elapsed_us=13013 block_gets=0 block_puts=4 deleted=0
checkpoint_phase lsn=20312 phase=value_index_write slot=0 started_ns=1790174532882478000 ended_ns=1790174532895833917 elapsed_us=13355 block_gets=0 block_puts=4 deleted=0
checkpoint_phase lsn=20312 phase=value_index_write slot=0 started_ns=1790174532895849000 ended_ns=1790174532909976125 elapsed_us=14127 block_gets=0 block_puts=4 deleted=0
checkpoint_phase lsn=20312 phase=value_index_write slot=0 started_ns=1790174532909993000 ended_ns=1790174532924355959 elapsed_us=14362 block_gets=0 block_puts=4 deleted=0
checkpoint_phase lsn=20312 phase=value_index_write slot=0 started_ns=1790174532924372000 ended_ns=1790174532945352500 elapsed_us=20980 block_gets=0 block_puts=6 deleted=0
checkpoint_phase lsn=20312 phase=value_index_schedule slot=0 started_ns=1790174532945381000 ended_ns=1790174532945385875 elapsed_us=4 block_gets=0 block_puts=0 deleted=0
checkpoint_phase lsn=20312 phase=value_index_schedule slot=0 started_ns=1790174532945395000 ended_ns=1790174532946295667 elapsed_us=900 block_gets=0 block_puts=0 deleted=0
checkpoint_phase lsn=20312 phase=value_index_schedule slot=0 started_ns=1790174532946309000 ended_ns=1790174532972998084 elapsed_us=26689 block_gets=8 block_puts=0 deleted=0
checkpoint_phase lsn=20312 phase=value_index_schedule slot=0 started_ns=1790174532973019000 ended_ns=1790174532993753458 elapsed_us=20734 block_gets=8 block_puts=0 deleted=0
checkpoint_phase lsn=20312 phase=value_index_schedule slot=0 started_ns=1790174532993770000 ended_ns=1790174533016795250 elapsed_us=23025 block_gets=8 block_puts=0 deleted=0
checkpoint_phase lsn=20312 phase=value_index_schedule slot=0 started_ns=1790174533016812000 ended_ns=1790174533040845042 elapsed_us=24033 block_gets=8 block_puts=0 deleted=0
checkpoint_phase lsn=20312 phase=value_index_schedule slot=0 started_ns=1790174533040861000 ended_ns=1790174533074742333 elapsed_us=33881 block_gets=8 block_puts=0 deleted=0
checkpoint_phase lsn=20312 phase=value_index_schedule slot=0 started_ns=1790174533074761000 ended_ns=1790174533103528250 elapsed_us=28767 block_gets=8 block_puts=0 deleted=0
checkpoint_phase lsn=20312 phase=value_index_schedule slot=0 started_ns=1790174533103546000 ended_ns=1790174533130430083 elapsed_us=26884 block_gets=8 block_puts=0 deleted=0
checkpoint_phase lsn=20312 phase=value_index_schedule slot=0 started_ns=1790174533130448000 ended_ns=1790174533156177500 elapsed_us=25729 block_gets=8 block_puts=0 deleted=0
checkpoint_phase lsn=20312 phase=value_index_schedule slot=0 started_ns=1790174533156194000 ended_ns=1790174533182888125 elapsed_us=26694 block_gets=8 block_puts=0 deleted=0
checkpoint_phase lsn=20312 phase=value_index_schedule slot=0 started_ns=1790174533182904000 ended_ns=1790174533207833917 elapsed_us=24929 block_gets=8 block_puts=0 deleted=0
checkpoint_phase lsn=20312 phase=value_index_schedule slot=0 started_ns=1790174533207850000 ended_ns=1790174533233555750 elapsed_us=25705 block_gets=8 block_puts=0 deleted=0
checkpoint_phase lsn=20312 phase=value_index_schedule slot=0 started_ns=1790174533233572000 ended_ns=1790174533259572625 elapsed_us=26000 block_gets=8 block_puts=0 deleted=0
checkpoint_phase lsn=20312 phase=value_index_schedule slot=0 started_ns=1790174533259588000 ended_ns=1790174533284848625 elapsed_us=25260 block_gets=8 block_puts=0 deleted=0
checkpoint_phase lsn=20312 phase=value_index_schedule slot=0 started_ns=1790174533284867000 ended_ns=1790174533312454708 elapsed_us=27587 block_gets=8 block_puts=0 deleted=0
checkpoint_phase lsn=20312 phase=value_index_schedule slot=0 started_ns=1790174533312472000 ended_ns=1790174533321676083 elapsed_us=9204 block_gets=2 block_puts=0 deleted=0
checkpoint_phase lsn=20312 phase=value_index_schedule slot=0 started_ns=1790174533321700000 ended_ns=1790174533325505834 elapsed_us=3805 block_gets=0 block_puts=0 deleted=0
checkpoint_phase lsn=20312 phase=value_index_schedule slot=0 started_ns=1790174533325536000 ended_ns=1790174533325565208 elapsed_us=29 block_gets=0 block_puts=0 deleted=0
checkpoint_phase lsn=20312 phase=value_index_schedule slot=0 started_ns=1790174533325575000 ended_ns=1790174533325599250 elapsed_us=24 block_gets=0 block_puts=0 deleted=0
checkpoint_phase lsn=20312 phase=value_index_schedule slot=0 started_ns=1790174533325609000 ended_ns=1790174533325633708 elapsed_us=24 block_gets=0 block_puts=0 deleted=0
checkpoint_phase lsn=20312 phase=value_index_schedule slot=0 started_ns=1790174533325641000 ended_ns=1790174533331183167 elapsed_us=5542 block_gets=0 block_puts=1 deleted=0
checkpoint_phase lsn=20312 phase=value_index_schedule slot=0 started_ns=1790174533331201000 ended_ns=1790174533346738958 elapsed_us=15537 block_gets=0 block_puts=4 deleted=0
checkpoint_phase lsn=20312 phase=value_index_schedule slot=0 started_ns=1790174533346759000 ended_ns=1790174533349713250 elapsed_us=2954 block_gets=0 block_puts=0 deleted=0
checkpoint_phase lsn=20312 phase=value_index_schedule slot=0 started_ns=1790174533349733000 ended_ns=1790174533352532750 elapsed_us=2799 block_gets=0 block_puts=0 deleted=0
checkpoint_phase lsn=20312 phase=value_index_schedule slot=0 started_ns=1790174533352546000 ended_ns=1790174533355365375 elapsed_us=2819 block_gets=0 block_puts=0 deleted=0
checkpoint_phase lsn=20312 phase=value_index_schedule slot=0 started_ns=1790174533355378000 ended_ns=1790174533358261083 elapsed_us=2883 block_gets=0 block_puts=0 deleted=0
checkpoint_phase lsn=20312 phase=value_index_schedule slot=0 started_ns=1790174533358276000 ended_ns=1790174533359104167 elapsed_us=828 block_gets=0 block_puts=0 deleted=0
checkpoint_phase lsn=20312 phase=value_index_schedule slot=0 started_ns=1790174533359114000 ended_ns=1790174533359141833 elapsed_us=27 block_gets=0 block_puts=0 deleted=0
checkpoint_phase lsn=20312 phase=value_index_schedule slot=0 started_ns=1790174533359149000 ended_ns=1790174533359172167 elapsed_us=23 block_gets=0 block_puts=0 deleted=0
checkpoint_phase lsn=20312 phase=value_index_schedule slot=0 started_ns=1790174533359179000 ended_ns=1790174533359202250 elapsed_us=23 block_gets=0 block_puts=0 deleted=0
checkpoint_phase lsn=20312 phase=value_index_schedule slot=0 started_ns=1790174533359211000 ended_ns=1790174533364528125 elapsed_us=5317 block_gets=0 block_puts=1 deleted=0
checkpoint_phase lsn=20312 phase=value_index_schedule slot=0 started_ns=1790174533364543000 ended_ns=1790174533379375750 elapsed_us=14832 block_gets=0 block_puts=4 deleted=0
checkpoint_phase lsn=20312 phase=value_index_schedule slot=0 started_ns=1790174533379392000 ended_ns=1790174533380122000 elapsed_us=730 block_gets=0 block_puts=0 deleted=0
checkpoint_phase lsn=20312 phase=value_index_schedule slot=0 started_ns=1790174533380131000 ended_ns=1790174533380249542 elapsed_us=118 block_gets=0 block_puts=0 deleted=0
checkpoint_phase lsn=20312 phase=value_index_schedule slot=0 started_ns=1790174533380257000 ended_ns=1790174533380367542 elapsed_us=110 block_gets=0 block_puts=0 deleted=0
checkpoint_phase lsn=20312 phase=value_index_schedule slot=0 started_ns=1790174533380374000 ended_ns=1790174533380595083 elapsed_us=221 block_gets=0 block_puts=0 deleted=0
checkpoint_phase lsn=20312 phase=value_index_schedule slot=0 started_ns=1790174533380603000 ended_ns=1790174533385973459 elapsed_us=5370 block_gets=0 block_puts=1 deleted=0
checkpoint_phase lsn=20312 phase=value_index_schedule slot=0 started_ns=1790174533385984000 ended_ns=1790174533386199375 elapsed_us=215 block_gets=0 block_puts=0 deleted=0
checkpoint_phase lsn=20312 phase=value_index_schedule slot=0 started_ns=1790174533386207000 ended_ns=1790174533386451292 elapsed_us=244 block_gets=0 block_puts=0 deleted=0
checkpoint_phase lsn=20312 phase=value_index_schedule slot=0 started_ns=1790174533386460000 ended_ns=1790174533390947417 elapsed_us=4487 block_gets=0 block_puts=1 deleted=0
checkpoint_phase lsn=20312 phase=value_index_schedule slot=0 started_ns=1790174533390961000 ended_ns=1790174533391178250 elapsed_us=217 block_gets=0 block_puts=0 deleted=0
checkpoint_phase lsn=20312 phase=value_index_schedule slot=0 started_ns=1790174533391187000 ended_ns=1790174533391205167 elapsed_us=18 block_gets=0 block_puts=0 deleted=0
checkpoint_phase lsn=20312 phase=value_index_schedule slot=0 started_ns=1790174533391214000 ended_ns=1790174533405483125 elapsed_us=14269 block_gets=0 block_puts=4 deleted=0
checkpoint_phase lsn=20312 phase=value_index_schedule slot=0 started_ns=1790174533405497000 ended_ns=1790174533408368208 elapsed_us=2871 block_gets=0 block_puts=0 deleted=0
checkpoint_phase lsn=20312 phase=value_index_schedule slot=0 started_ns=1790174533408392000 ended_ns=1790174533409572375 elapsed_us=1180 block_gets=0 block_puts=0 deleted=0
checkpoint_phase lsn=20312 phase=value_index_schedule slot=0 started_ns=1790174533409587000 ended_ns=1790174533409617666 elapsed_us=30 block_gets=0 block_puts=0 deleted=0
checkpoint_phase lsn=20312 phase=value_index_schedule slot=0 started_ns=1790174533409627000 ended_ns=1790174533423346542 elapsed_us=13719 block_gets=0 block_puts=4 deleted=0
checkpoint_phase lsn=20312 phase=value_index_schedule slot=0 started_ns=1790174533423362000 ended_ns=1790174533423362208 elapsed_us=0 block_gets=0 block_puts=0 deleted=0
checkpoint_phase lsn=20312 phase=value_index_schedule slot=0 started_ns=1790174533423370000 ended_ns=1790174533423584000 elapsed_us=214 block_gets=0 block_puts=0 deleted=0
checkpoint_phase lsn=20312 phase=value_index_schedule slot=0 started_ns=1790174533423592000 ended_ns=1790174533423877041 elapsed_us=285 block_gets=0 block_puts=0 deleted=0
checkpoint_phase lsn=20312 phase=value_index_schedule slot=0 started_ns=1790174533423887000 ended_ns=1790174533424143750 elapsed_us=256 block_gets=0 block_puts=0 deleted=0
checkpoint_phase lsn=20312 phase=value_index_schedule slot=0 started_ns=1790174533424151000 ended_ns=1790174533424406792 elapsed_us=255 block_gets=0 block_puts=0 deleted=0
checkpoint_phase lsn=20312 phase=value_index_schedule slot=0 started_ns=1790174533424415000 ended_ns=1790174533429156292 elapsed_us=4741 block_gets=0 block_puts=1 deleted=0
checkpoint_phase lsn=20312 phase=value_index_schedule slot=0 started_ns=1790174533429174000 ended_ns=1790174533429447333 elapsed_us=273 block_gets=0 block_puts=0 deleted=0
checkpoint_phase lsn=20312 phase=value_index_schedule slot=0 started_ns=1790174533429455000 ended_ns=1790174533429709958 elapsed_us=254 block_gets=0 block_puts=0 deleted=0
checkpoint_phase lsn=20312 phase=value_index_schedule slot=0 started_ns=1790174533429718000 ended_ns=1790174533434716083 elapsed_us=4998 block_gets=0 block_puts=1 deleted=0
checkpoint_phase lsn=20312 phase=value_index_schedule slot=0 started_ns=1790174533434735000 ended_ns=1790174533434845833 elapsed_us=110 block_gets=0 block_puts=0 deleted=0
checkpoint_phase lsn=20312 phase=value_index_schedule slot=0 started_ns=1790174533434854000 ended_ns=1790174533434994542 elapsed_us=140 block_gets=0 block_puts=0 deleted=0
checkpoint_phase lsn=20312 phase=value_index_schedule slot=0 started_ns=1790174533435003000 ended_ns=1790174533440324125 elapsed_us=5321 block_gets=0 block_puts=1 deleted=0
checkpoint_phase lsn=20312 phase=value_index_schedule slot=0 started_ns=1790174533440340000 ended_ns=1790174533454578625 elapsed_us=14238 block_gets=0 block_puts=4 deleted=0
checkpoint_phase lsn=20312 phase=value_index_schedule slot=0 started_ns=1790174533454594000 ended_ns=1790174533454594375 elapsed_us=0 block_gets=0 block_puts=0 deleted=0
checkpoint_phase lsn=20312 phase=value_index_write slot=0 started_ns=1790174533454603000 ended_ns=1790174533470061708 elapsed_us=15458 block_gets=0 block_puts=4 deleted=0
checkpoint_phase lsn=20312 phase=value_index_write slot=0 started_ns=1790174533470080000 ended_ns=1790174533485727709 elapsed_us=15647 block_gets=0 block_puts=4 deleted=0
checkpoint_phase lsn=20312 phase=value_index_write slot=0 started_ns=1790174533485743000 ended_ns=1790174533500047000 elapsed_us=14304 block_gets=0 block_puts=4 deleted=0
checkpoint_phase lsn=20312 phase=value_index_write slot=0 started_ns=1790174533500063000 ended_ns=1790174533514092208 elapsed_us=14029 block_gets=0 block_puts=4 deleted=0
checkpoint_phase lsn=20312 phase=value_index_write slot=0 started_ns=1790174533514110000 ended_ns=1790174533527575750 elapsed_us=13465 block_gets=0 block_puts=4 deleted=0
checkpoint_phase lsn=20312 phase=value_index_write slot=0 started_ns=1790174533527592000 ended_ns=1790174533542721792 elapsed_us=15129 block_gets=0 block_puts=4 deleted=0
checkpoint_phase lsn=20312 phase=value_index_write slot=0 started_ns=1790174533542747000 ended_ns=1790174533567486375 elapsed_us=24739 block_gets=0 block_puts=4 deleted=0
checkpoint_phase lsn=20312 phase=value_index_write slot=0 started_ns=1790174533567505000 ended_ns=1790174533583019625 elapsed_us=15514 block_gets=0 block_puts=4 deleted=0
checkpoint_phase lsn=20312 phase=value_index_write slot=0 started_ns=1790174533583037000 ended_ns=1790174533604765917 elapsed_us=21728 block_gets=0 block_puts=4 deleted=0
checkpoint_phase lsn=20312 phase=value_index_write slot=0 started_ns=1790174533604789000 ended_ns=1790174533622011959 elapsed_us=17222 block_gets=0 block_puts=4 deleted=0
checkpoint_phase lsn=20312 phase=value_index_write slot=0 started_ns=1790174533622030000 ended_ns=1790174533638805458 elapsed_us=16775 block_gets=0 block_puts=4 deleted=0
checkpoint_phase lsn=20312 phase=value_index_write slot=0 started_ns=1790174533638823000 ended_ns=1790174533661799083 elapsed_us=22976 block_gets=0 block_puts=4 deleted=0
checkpoint_phase lsn=20312 phase=value_index_write slot=0 started_ns=1790174533661815000 ended_ns=1790174533678790917 elapsed_us=16975 block_gets=0 block_puts=4 deleted=0
checkpoint_phase lsn=20312 phase=value_index_write slot=0 started_ns=1790174533678807000 ended_ns=1790174533700726500 elapsed_us=21919 block_gets=0 block_puts=4 deleted=0
checkpoint_phase lsn=20312 phase=value_index_write slot=0 started_ns=1790174533700745000 ended_ns=1790174533718465958 elapsed_us=17720 block_gets=0 block_puts=4 deleted=0
checkpoint_phase lsn=20312 phase=value_index_write slot=0 started_ns=1790174533718482000 ended_ns=1790174533729312875 elapsed_us=10830 block_gets=0 block_puts=3 deleted=0
checkpoint_phase lsn=20312 phase=value_index_schedule slot=0 started_ns=1790174533729348000 ended_ns=1790174533729351541 elapsed_us=3 block_gets=0 block_puts=0 deleted=0
checkpoint_phase lsn=20312 phase=value_index_schedule slot=0 started_ns=1790174533729361000 ended_ns=1790174533730237541 elapsed_us=876 block_gets=0 block_puts=0 deleted=0
checkpoint_phase lsn=20312 phase=value_index_schedule slot=0 started_ns=1790174533730250000 ended_ns=1790174533754535375 elapsed_us=24285 block_gets=8 block_puts=0 deleted=0
checkpoint_phase lsn=20312 phase=value_index_schedule slot=0 started_ns=1790174533754553000 ended_ns=1790174533784463917 elapsed_us=29910 block_gets=8 block_puts=0 deleted=0
checkpoint_phase lsn=20312 phase=value_index_schedule slot=0 started_ns=1790174533784485000 ended_ns=1790174533810721375 elapsed_us=26236 block_gets=8 block_puts=0 deleted=0
checkpoint_phase lsn=20312 phase=value_index_schedule slot=0 started_ns=1790174533810741000 ended_ns=1790174533844187083 elapsed_us=33446 block_gets=8 block_puts=0 deleted=0
checkpoint_phase lsn=20312 phase=value_index_schedule slot=0 started_ns=1790174533844207000 ended_ns=1790174533883539958 elapsed_us=39332 block_gets=8 block_puts=0 deleted=0
checkpoint_phase lsn=20312 phase=value_index_schedule slot=0 started_ns=1790174533883559000 ended_ns=1790174533933747042 elapsed_us=50188 block_gets=8 block_puts=0 deleted=0
checkpoint_phase lsn=20312 phase=value_index_schedule slot=0 started_ns=1790174533933764000 ended_ns=1790174533961119541 elapsed_us=27355 block_gets=8 block_puts=0 deleted=0
checkpoint_phase lsn=20312 phase=value_index_schedule slot=0 started_ns=1790174533961136000 ended_ns=1790174533988778125 elapsed_us=27642 block_gets=8 block_puts=0 deleted=0
checkpoint_phase lsn=20312 phase=value_index_schedule slot=0 started_ns=1790174533988798000 ended_ns=1790174534014730792 elapsed_us=25932 block_gets=8 block_puts=0 deleted=0
checkpoint_phase lsn=20312 phase=value_index_schedule slot=0 started_ns=1790174534014747000 ended_ns=1790174534040394750 elapsed_us=25647 block_gets=8 block_puts=0 deleted=0
checkpoint_phase lsn=20312 phase=value_index_schedule slot=0 started_ns=1790174534040415000 ended_ns=1790174534067949125 elapsed_us=27534 block_gets=8 block_puts=0 deleted=0
checkpoint_phase lsn=20312 phase=value_index_schedule slot=0 started_ns=1790174534067967000 ended_ns=1790174534093950542 elapsed_us=25983 block_gets=8 block_puts=0 deleted=0
checkpoint_phase lsn=20312 phase=value_index_schedule slot=0 started_ns=1790174534093967000 ended_ns=1790174534119859916 elapsed_us=25892 block_gets=8 block_puts=0 deleted=0
checkpoint_phase lsn=20312 phase=value_index_schedule slot=0 started_ns=1790174534119876000 ended_ns=1790174534145272084 elapsed_us=25396 block_gets=8 block_puts=0 deleted=0
checkpoint_phase lsn=20312 phase=value_index_schedule slot=0 started_ns=1790174534145289000 ended_ns=1790174534158416958 elapsed_us=13127 block_gets=2 block_puts=0 deleted=0
checkpoint_phase lsn=20312 phase=value_index_schedule slot=0 started_ns=1790174534158445000 ended_ns=1790174534158471834 elapsed_us=26 block_gets=0 block_puts=0 deleted=0
checkpoint_phase lsn=20312 phase=value_index_schedule slot=0 started_ns=1790174534158481000 ended_ns=1790174534158502750 elapsed_us=21 block_gets=0 block_puts=0 deleted=0
checkpoint_phase lsn=20312 phase=value_index_schedule slot=0 started_ns=1790174534158512000 ended_ns=1790174534163387541 elapsed_us=4875 block_gets=0 block_puts=1 deleted=0
checkpoint_phase lsn=20312 phase=value_index_schedule slot=0 started_ns=1790174534163401000 ended_ns=1790174534178249709 elapsed_us=14848 block_gets=0 block_puts=4 deleted=0
checkpoint_phase lsn=20312 phase=value_index_schedule slot=0 started_ns=1790174534178267000 ended_ns=1790174534181172000 elapsed_us=2905 block_gets=0 block_puts=0 deleted=0
checkpoint_phase lsn=20312 phase=value_index_schedule slot=0 started_ns=1790174534181183000 ended_ns=1790174534183991000 elapsed_us=2808 block_gets=0 block_puts=0 deleted=0
checkpoint_phase lsn=20312 phase=value_index_schedule slot=0 started_ns=1790174534184001000 ended_ns=1790174534186817416 elapsed_us=2816 block_gets=0 block_puts=0 deleted=0
checkpoint_phase lsn=20312 phase=value_index_schedule slot=0 started_ns=1790174534186832000 ended_ns=1790174534188661875 elapsed_us=1829 block_gets=0 block_puts=0 deleted=0
checkpoint_phase lsn=20312 phase=value_index_schedule slot=0 started_ns=1790174534188674000 ended_ns=1790174534188701417 elapsed_us=27 block_gets=0 block_puts=0 deleted=0
checkpoint_phase lsn=20312 phase=value_index_schedule slot=0 started_ns=1790174534188711000 ended_ns=1790174534188732625 elapsed_us=21 block_gets=0 block_puts=0 deleted=0
checkpoint_phase lsn=20312 phase=value_index_schedule slot=0 started_ns=1790174534188740000 ended_ns=1790174534192759209 elapsed_us=4019 block_gets=0 block_puts=1 deleted=0
checkpoint_phase lsn=20312 phase=value_index_schedule slot=0 started_ns=1790174534192782000 ended_ns=1790174534207513333 elapsed_us=14731 block_gets=0 block_puts=4 deleted=0
checkpoint_phase lsn=20312 phase=value_index_schedule slot=0 started_ns=1790174534207529000 ended_ns=1790174534208182708 elapsed_us=653 block_gets=0 block_puts=0 deleted=0
checkpoint_phase lsn=20312 phase=value_index_schedule slot=0 started_ns=1790174534208192000 ended_ns=1790174534208392875 elapsed_us=200 block_gets=0 block_puts=0 deleted=0
checkpoint_phase lsn=20312 phase=value_index_schedule slot=0 started_ns=1790174534208402000 ended_ns=1790174534208597167 elapsed_us=195 block_gets=0 block_puts=0 deleted=0
checkpoint_phase lsn=20312 phase=value_index_schedule slot=0 started_ns=1790174534208605000 ended_ns=1790174534213565042 elapsed_us=4960 block_gets=0 block_puts=1 deleted=0
checkpoint_phase lsn=20312 phase=value_index_schedule slot=0 started_ns=1790174534213578000 ended_ns=1790174534213893333 elapsed_us=315 block_gets=0 block_puts=0 deleted=0
checkpoint_phase lsn=20312 phase=value_index_schedule slot=0 started_ns=1790174534213902000 ended_ns=1790174534214247625 elapsed_us=345 block_gets=0 block_puts=0 deleted=0
checkpoint_phase lsn=20312 phase=value_index_schedule slot=0 started_ns=1790174534214255000 ended_ns=1790174534219089625 elapsed_us=4834 block_gets=0 block_puts=1 deleted=0
checkpoint_phase lsn=20312 phase=value_index_schedule slot=0 started_ns=1790174534219103000 ended_ns=1790174534219273292 elapsed_us=170 block_gets=0 block_puts=0 deleted=0
checkpoint_phase lsn=20312 phase=value_index_schedule slot=0 started_ns=1790174534219287000 ended_ns=1790174534233560125 elapsed_us=14273 block_gets=0 block_puts=4 deleted=0
checkpoint_phase lsn=20312 phase=value_index_schedule slot=0 started_ns=1790174534233576000 ended_ns=1790174534236375041 elapsed_us=2799 block_gets=0 block_puts=0 deleted=0
checkpoint_phase lsn=20312 phase=value_index_schedule slot=0 started_ns=1790174534236385000 ended_ns=1790174534239194791 elapsed_us=2809 block_gets=0 block_puts=0 deleted=0
checkpoint_phase lsn=20312 phase=value_index_schedule slot=0 started_ns=1790174534239208000 ended_ns=1790174534241888625 elapsed_us=2680 block_gets=0 block_puts=0 deleted=0
checkpoint_phase lsn=20312 phase=value_index_schedule slot=0 started_ns=1790174534241900000 ended_ns=1790174534241926959 elapsed_us=26 block_gets=0 block_puts=0 deleted=0
checkpoint_phase lsn=20312 phase=value_index_schedule slot=0 started_ns=1790174534241935000 ended_ns=1790174534241956875 elapsed_us=21 block_gets=0 block_puts=0 deleted=0
checkpoint_phase lsn=20312 phase=value_index_schedule slot=0 started_ns=1790174534241965000 ended_ns=1790174534246744250 elapsed_us=4779 block_gets=0 block_puts=1 deleted=0
checkpoint_phase lsn=20312 phase=value_index_schedule slot=0 started_ns=1790174534246755000 ended_ns=1790174534262174500 elapsed_us=15419 block_gets=0 block_puts=4 deleted=0
checkpoint_phase lsn=20312 phase=value_index_schedule slot=0 started_ns=1790174534262190000 ended_ns=1790174534262190292 elapsed_us=0 block_gets=0 block_puts=0 deleted=0
checkpoint_phase lsn=20312 phase=value_index_schedule slot=0 started_ns=1790174534262199000 ended_ns=1790174534262868416 elapsed_us=669 block_gets=0 block_puts=0 deleted=0
checkpoint_phase lsn=20312 phase=value_index_schedule slot=0 started_ns=1790174534262877000 ended_ns=1790174534263221916 elapsed_us=344 block_gets=0 block_puts=0 deleted=0
checkpoint_phase lsn=20312 phase=value_index_schedule slot=0 started_ns=1790174534263230000 ended_ns=1790174534263564875 elapsed_us=334 block_gets=0 block_puts=0 deleted=0
checkpoint_phase lsn=20312 phase=value_index_schedule slot=0 started_ns=1790174534263572000 ended_ns=1790174534268596333 elapsed_us=5024 block_gets=0 block_puts=1 deleted=0
checkpoint_phase lsn=20312 phase=value_index_schedule slot=0 started_ns=1790174534268615000 ended_ns=1790174534268948792 elapsed_us=333 block_gets=0 block_puts=0 deleted=0
checkpoint_phase lsn=20312 phase=value_index_schedule slot=0 started_ns=1790174534268958000 ended_ns=1790174534269286291 elapsed_us=328 block_gets=0 block_puts=0 deleted=0
checkpoint_phase lsn=20312 phase=value_index_schedule slot=0 started_ns=1790174534269296000 ended_ns=1790174534274347583 elapsed_us=5051 block_gets=0 block_puts=1 deleted=0
checkpoint_phase lsn=20312 phase=value_index_schedule slot=0 started_ns=1790174534274368000 ended_ns=1790174534274566250 elapsed_us=198 block_gets=0 block_puts=0 deleted=0
checkpoint_phase lsn=20312 phase=value_index_schedule slot=0 started_ns=1790174534274576000 ended_ns=1790174534274771291 elapsed_us=195 block_gets=0 block_puts=0 deleted=0
checkpoint_phase lsn=20312 phase=value_index_schedule slot=0 started_ns=1790174534274780000 ended_ns=1790174534279835417 elapsed_us=5055 block_gets=0 block_puts=1 deleted=0
checkpoint_phase lsn=20312 phase=value_index_schedule slot=0 started_ns=1790174534279855000 ended_ns=1790174534279951875 elapsed_us=96 block_gets=0 block_puts=0 deleted=0
checkpoint_phase lsn=20312 phase=value_index_schedule slot=0 started_ns=1790174534279961000 ended_ns=1790174534295104541 elapsed_us=15143 block_gets=0 block_puts=4 deleted=0
checkpoint_phase lsn=20312 phase=value_index_schedule slot=0 started_ns=1790174534295121000 ended_ns=1790174534295121292 elapsed_us=0 block_gets=0 block_puts=0 deleted=0
checkpoint_phase lsn=20312 phase=value_index_write slot=0 started_ns=1790174534295130000 ended_ns=1790174534307172000 elapsed_us=12042 block_gets=0 block_puts=3 deleted=0
checkpoint_phase lsn=20312 phase=value_index_write slot=0 started_ns=1790174534307187000 ended_ns=1790174534322666500 elapsed_us=15479 block_gets=0 block_puts=4 deleted=0
checkpoint_phase lsn=20312 phase=value_index_write slot=0 started_ns=1790174534322683000 ended_ns=1790174534338208375 elapsed_us=15525 block_gets=0 block_puts=4 deleted=0
checkpoint_phase lsn=20312 phase=value_index_write slot=0 started_ns=1790174534338225000 ended_ns=1790174534353907708 elapsed_us=15682 block_gets=0 block_puts=4 deleted=0
checkpoint_phase lsn=20312 phase=value_index_write slot=0 started_ns=1790174534353922000 ended_ns=1790174534369089292 elapsed_us=15167 block_gets=0 block_puts=4 deleted=0
checkpoint_phase lsn=20312 phase=value_index_write slot=0 started_ns=1790174534369105000 ended_ns=1790174534384323583 elapsed_us=15218 block_gets=0 block_puts=4 deleted=0
checkpoint_phase lsn=20312 phase=value_index_write slot=0 started_ns=1790174534384340000 ended_ns=1790174534399589000 elapsed_us=15249 block_gets=0 block_puts=4 deleted=0
checkpoint_phase lsn=20312 phase=value_index_write slot=0 started_ns=1790174534399605000 ended_ns=1790174534414405625 elapsed_us=14800 block_gets=0 block_puts=4 deleted=0
checkpoint_phase lsn=20312 phase=value_index_write slot=0 started_ns=1790174534414421000 ended_ns=1790174534429401125 elapsed_us=14980 block_gets=0 block_puts=4 deleted=0
checkpoint_phase lsn=20312 phase=value_index_write slot=0 started_ns=1790174534429415000 ended_ns=1790174534443519375 elapsed_us=14104 block_gets=0 block_puts=4 deleted=0
checkpoint_phase lsn=20312 phase=value_index_write slot=0 started_ns=1790174534443535000 ended_ns=1790174534462434667 elapsed_us=18899 block_gets=0 block_puts=5 deleted=0
checkpoint_phase lsn=20312 phase=row_sst_delta slot=0 started_ns=1790174534462480000 ended_ns=1790174534518815833 elapsed_us=56335 block_gets=0 block_puts=5 deleted=0
checkpoint_phase lsn=20312 phase=manifest slot=-1 started_ns=1790174534518842000 ended_ns=1790174534523766292 elapsed_us=4924 block_gets=0 block_puts=0 deleted=0
checkpoint_phase lsn=20312 phase=local_cleanup slot=-1 started_ns=1790174534523807000 ended_ns=1790174534523970750 elapsed_us=163 block_gets=0 block_puts=0 deleted=0
checkpoint_phase lsn=20312 phase=commit_prune slot=-1 started_ns=1790174534523973000 ended_ns=1790174534625002916 elapsed_us=101029 block_gets=0 block_puts=0 deleted=16
checkpoint_phase lsn=20312 phase=commit_prune slot=-1 started_ns=1790174534625018000 ended_ns=1790174534674525459 elapsed_us=49507 block_gets=0 block_puts=0 deleted=16
checkpoint_phase lsn=20312 phase=commit_prune slot=-1 started_ns=1790174534674537000 ended_ns=1790174534723941542 elapsed_us=49404 block_gets=0 block_puts=0 deleted=16
checkpoint_phase lsn=20312 phase=commit_prune slot=-1 started_ns=1790174534723964000 ended_ns=1790174534772878791 elapsed_us=48914 block_gets=0 block_puts=0 deleted=16
checkpoint_phase lsn=20312 phase=commit_prune slot=-1 started_ns=1790174534772888000 ended_ns=1790174534778950667 elapsed_us=6062 block_gets=0 block_puts=0 deleted=2
checkpoint_phase lsn=20312 phase=legacy_gc slot=-1 started_ns=1790174534778960000 ended_ns=1790174534806033250 elapsed_us=27073 block_gets=0 block_puts=0 deleted=0
checkpoint_phase lsn=20312 phase=gc_keep slot=-1 started_ns=1790174534806041000 ended_ns=1790174534809464834 elapsed_us=3423 block_gets=0 block_puts=0 deleted=0
checkpoint_phase lsn=20312 phase=gc_list slot=-1 started_ns=1790174534809479000 ended_ns=1790174534892507709 elapsed_us=83028 block_gets=0 block_puts=0 deleted=0
checkpoint_phase lsn=20312 phase=gc_delete slot=-1 started_ns=1790174534892519000 ended_ns=1790174534943800375 elapsed_us=51281 block_gets=0 block_puts=0 deleted=16
checkpoint_phase lsn=20312 phase=gc_delete slot=-1 started_ns=1790174534943812000 ended_ns=1790174534998070125 elapsed_us=54258 block_gets=0 block_puts=0 deleted=16
checkpoint_phase lsn=20312 phase=gc_delete slot=-1 started_ns=1790174534998078000 ended_ns=1790174535044992542 elapsed_us=46914 block_gets=0 block_puts=0 deleted=16
checkpoint_phase lsn=20312 phase=gc_delete slot=-1 started_ns=1790174535045005000 ended_ns=1790174535095868000 elapsed_us=50863 block_gets=0 block_puts=0 deleted=16
checkpoint_phase lsn=20312 phase=gc_delete slot=-1 started_ns=1790174535095876000 ended_ns=1790174535146842917 elapsed_us=50966 block_gets=0 block_puts=0 deleted=16
checkpoint_phase lsn=20312 phase=gc_delete slot=-1 started_ns=1790174535146856000 ended_ns=1790174535198245333 elapsed_us=51389 block_gets=0 block_puts=0 deleted=16
checkpoint_phase lsn=20312 phase=gc_delete slot=-1 started_ns=1790174535198253000 ended_ns=1790174535248872542 elapsed_us=50619 block_gets=0 block_puts=0 deleted=16
checkpoint_phase lsn=20312 phase=gc_delete slot=-1 started_ns=1790174535248882000 ended_ns=1790174535302702666 elapsed_us=53820 block_gets=0 block_puts=0 deleted=16
checkpoint_phase lsn=20312 phase=gc_delete slot=-1 started_ns=1790174535302713000 ended_ns=1790174535356555708 elapsed_us=53842 block_gets=0 block_puts=0 deleted=16
checkpoint_phase lsn=20312 phase=gc_delete slot=-1 started_ns=1790174535356568000 ended_ns=1790174535411569791 elapsed_us=55001 block_gets=0 block_puts=0 deleted=16
checkpoint_phase lsn=20312 phase=gc_delete slot=-1 started_ns=1790174535411582000 ended_ns=1790174535465749917 elapsed_us=54167 block_gets=0 block_puts=0 deleted=16
checkpoint_phase lsn=20312 phase=gc_delete slot=-1 started_ns=1790174535465762000 ended_ns=1790174535515110667 elapsed_us=49348 block_gets=0 block_puts=0 deleted=16
checkpoint_phase lsn=20312 phase=gc_delete slot=-1 started_ns=1790174535515124000 ended_ns=1790174535568149458 elapsed_us=53025 block_gets=0 block_puts=0 deleted=16
checkpoint_phase lsn=20312 phase=gc_delete slot=-1 started_ns=1790174535568165000 ended_ns=1790174535613589750 elapsed_us=45424 block_gets=0 block_puts=0 deleted=16
checkpoint_phase lsn=20312 phase=gc_delete slot=-1 started_ns=1790174535613602000 ended_ns=1790174535660535625 elapsed_us=46933 block_gets=0 block_puts=0 deleted=16
checkpoint_phase lsn=20312 phase=gc_delete slot=-1 started_ns=1790174535660552000 ended_ns=1790174535714154667 elapsed_us=53602 block_gets=0 block_puts=0 deleted=16
checkpoint_phase lsn=20312 phase=gc_delete slot=-1 started_ns=1790174535714168000 ended_ns=1790174535757959000 elapsed_us=43791 block_gets=0 block_puts=0 deleted=16
checkpoint_phase lsn=20312 phase=gc_delete slot=-1 started_ns=1790174535757969000 ended_ns=1790174535806766417 elapsed_us=48797 block_gets=0 block_puts=0 deleted=16
checkpoint_phase lsn=20312 phase=gc_delete slot=-1 started_ns=1790174535806778000 ended_ns=1790174535860419792 elapsed_us=53641 block_gets=0 block_puts=0 deleted=16
checkpoint_phase lsn=20312 phase=gc_delete slot=-1 started_ns=1790174535860429000 ended_ns=1790174535911312917 elapsed_us=50883 block_gets=0 block_puts=0 deleted=16
checkpoint_phase lsn=20312 phase=gc_delete slot=-1 started_ns=1790174535911322000 ended_ns=1790174535960625917 elapsed_us=49303 block_gets=0 block_puts=0 deleted=16
checkpoint_phase lsn=20312 phase=gc_delete slot=-1 started_ns=1790174535960639000 ended_ns=1790174536002729208 elapsed_us=42090 block_gets=0 block_puts=0 deleted=16
checkpoint_phase lsn=20312 phase=gc_delete slot=-1 started_ns=1790174536002744000 ended_ns=1790174536048477667 elapsed_us=45733 block_gets=0 block_puts=0 deleted=16
checkpoint_phase lsn=20312 phase=gc_delete slot=-1 started_ns=1790174536048495000 ended_ns=1790174536100021000 elapsed_us=51526 block_gets=0 block_puts=0 deleted=16
checkpoint_phase lsn=20312 phase=gc_delete slot=-1 started_ns=1790174536100034000 ended_ns=1790174536148946916 elapsed_us=48912 block_gets=0 block_puts=0 deleted=16
checkpoint_phase lsn=20312 phase=gc_delete slot=-1 started_ns=1790174536148960000 ended_ns=1790174536201027458 elapsed_us=52067 block_gets=0 block_puts=0 deleted=16
checkpoint_phase lsn=20312 phase=gc_delete slot=-1 started_ns=1790174536201043000 ended_ns=1790174536233173250 elapsed_us=32130 block_gets=0 block_puts=0 deleted=10
checkpoint_phase lsn=20312 phase=row_merge_schedule slot=0 started_ns=1790174536233499000 ended_ns=1790174536234163000 elapsed_us=664 block_gets=0 block_puts=0 deleted=0
checkpoint_phase lsn=20312 phase=row_merge_schedule slot=0 started_ns=1790174536234249000 ended_ns=1790174536234503917 elapsed_us=254 block_gets=0 block_puts=0 deleted=0
checkpoint_phase lsn=20312 phase=row_merge_schedule slot=0 started_ns=1790174536234568000 ended_ns=1790174536234829875 elapsed_us=261 block_gets=0 block_puts=0 deleted=0
checkpoint_phase lsn=20312 phase=row_merge_schedule slot=0 started_ns=1790174536234928000 ended_ns=1790174536235185542 elapsed_us=257 block_gets=0 block_puts=0 deleted=0
checkpoint_phase lsn=20312 phase=row_merge_schedule slot=0 started_ns=1790174536236897000 ended_ns=1790174536237152792 elapsed_us=255 block_gets=0 block_puts=0 deleted=0
checkpoint_phase lsn=20312 phase=row_merge_schedule slot=0 started_ns=1790174536237203000 ended_ns=1790174536237450333 elapsed_us=247 block_gets=0 block_puts=0 deleted=0
checkpoint_phase lsn=20312 phase=row_merge_schedule slot=0 started_ns=1790174536237494000 ended_ns=1790174536237750708 elapsed_us=256 block_gets=0 block_puts=0 deleted=0
checkpoint_phase lsn=20312 phase=row_merge_schedule slot=0 started_ns=1790174536237826000 ended_ns=1790174536238075792 elapsed_us=249 block_gets=0 block_puts=0 deleted=0
checkpoint_phase lsn=20312 phase=row_merge_schedule slot=0 started_ns=1790174536238439000 ended_ns=1790174536238690917 elapsed_us=251 block_gets=0 block_puts=0 deleted=0
checkpoint_phase lsn=20312 phase=row_merge_schedule slot=0 started_ns=1790174536238744000 ended_ns=1790174536238996417 elapsed_us=252 block_gets=0 block_puts=0 deleted=0
checkpoint_phase lsn=20312 phase=row_merge_schedule slot=0 started_ns=1790174536239041000 ended_ns=1790174536239294083 elapsed_us=253 block_gets=0 block_puts=0 deleted=0
checkpoint_phase lsn=20312 phase=row_merge_schedule slot=0 started_ns=1790174536239336000 ended_ns=1790174536239582625 elapsed_us=246 block_gets=0 block_puts=0 deleted=0
checkpoint_phase lsn=20312 phase=row_merge_schedule slot=0 started_ns=1790174536239626000 ended_ns=1790174536239880417 elapsed_us=254 block_gets=0 block_puts=0 deleted=0
checkpoint_phase lsn=20312 phase=row_merge_schedule slot=0 started_ns=1790174536239923000 ended_ns=1790174536240175583 elapsed_us=252 block_gets=0 block_puts=0 deleted=0
checkpoint_phase lsn=20312 phase=row_merge_schedule slot=0 started_ns=1790174536240222000 ended_ns=1790174536240474750 elapsed_us=252 block_gets=0 block_puts=0 deleted=0
checkpoint_phase lsn=20312 phase=row_merge_schedule slot=0 started_ns=1790174536240519000 ended_ns=1790174536240779833 elapsed_us=260 block_gets=0 block_puts=0 deleted=0
checkpoint_phase lsn=20312 phase=row_merge_schedule slot=0 started_ns=1790174536240822000 ended_ns=1790174536240891583 elapsed_us=69 block_gets=0 block_puts=0 deleted=0
checkpoint_phase lsn=20312 phase=row_merge_schedule slot=0 started_ns=1790174536240933000 ended_ns=1790174536267402250 elapsed_us=26469 block_gets=8 block_puts=0 deleted=0
checkpoint_phase lsn=20312 phase=row_merge_schedule slot=0 started_ns=1790174536267476000 ended_ns=1790174536289949500 elapsed_us=22473 block_gets=7 block_puts=0 deleted=0
checkpoint_phase lsn=20312 phase=row_merge_schedule slot=0 started_ns=1790174536290021000 ended_ns=1790174536313169416 elapsed_us=23148 block_gets=7 block_puts=0 deleted=0
checkpoint_phase lsn=20312 phase=row_merge_schedule slot=0 started_ns=1790174536313241000 ended_ns=1790174536335335416 elapsed_us=22094 block_gets=7 block_puts=0 deleted=0
checkpoint_phase lsn=20312 phase=row_merge_schedule slot=0 started_ns=1790174536335407000 ended_ns=1790174536359441583 elapsed_us=24034 block_gets=7 block_puts=0 deleted=0
checkpoint_phase lsn=20312 phase=row_merge_schedule slot=0 started_ns=1790174536362714000 ended_ns=1790174536386038834 elapsed_us=23324 block_gets=7 block_puts=0 deleted=0
checkpoint_phase lsn=20312 phase=row_merge_schedule slot=0 started_ns=1790174536388108000 ended_ns=1790174536411654333 elapsed_us=23546 block_gets=7 block_puts=0 deleted=0
checkpoint_phase lsn=20312 phase=row_merge_schedule slot=0 started_ns=1790174536413749000 ended_ns=1790174536437385875 elapsed_us=23636 block_gets=7 block_puts=0 deleted=0
checkpoint_phase lsn=20312 phase=row_merge_schedule slot=0 started_ns=1790174536439415000 ended_ns=1790174536462275292 elapsed_us=22860 block_gets=7 block_puts=0 deleted=0
checkpoint_phase lsn=20312 phase=row_merge_schedule slot=0 started_ns=1790174536464583000 ended_ns=1790174536488850792 elapsed_us=24267 block_gets=7 block_puts=0 deleted=0
checkpoint_phase lsn=20312 phase=row_merge_schedule slot=0 started_ns=1790174536491013000 ended_ns=1790174536514090000 elapsed_us=23077 block_gets=7 block_puts=0 deleted=0
checkpoint_phase lsn=20312 phase=row_merge_schedule slot=0 started_ns=1790174536516292000 ended_ns=1790174536540243125 elapsed_us=23951 block_gets=7 block_puts=0 deleted=0
checkpoint_phase lsn=20312 phase=row_merge_schedule slot=0 started_ns=1790174536542313000 ended_ns=1790174536565236292 elapsed_us=22923 block_gets=7 block_puts=0 deleted=0
checkpoint_phase lsn=20312 phase=row_merge_schedule slot=0 started_ns=1790174536567333000 ended_ns=1790174536591343625 elapsed_us=24010 block_gets=7 block_puts=0 deleted=0
checkpoint_phase lsn=20312 phase=row_merge_schedule slot=0 started_ns=1790174536593460000 ended_ns=1790174536597000333 elapsed_us=3540 block_gets=1 block_puts=0 deleted=0
checkpoint_phase lsn=20312 phase=row_merge_write slot=0 started_ns=1790174536599054000 ended_ns=1790174536627980667 elapsed_us=28926 block_gets=0 block_puts=5 deleted=0
checkpoint_phase lsn=20312 phase=row_merge_write slot=0 started_ns=1790174536630034000 ended_ns=1790174536648889916 elapsed_us=18855 block_gets=0 block_puts=4 deleted=0
checkpoint_phase lsn=20312 phase=row_merge_write slot=0 started_ns=1790174536650980000 ended_ns=1790174536670399542 elapsed_us=19419 block_gets=0 block_puts=4 deleted=0
checkpoint_phase lsn=20312 phase=row_merge_write slot=0 started_ns=1790174536672435000 ended_ns=1790174536690978667 elapsed_us=18543 block_gets=0 block_puts=4 deleted=0
checkpoint_phase lsn=20312 phase=row_merge_write slot=0 started_ns=1790174536693036000 ended_ns=1790174536711773042 elapsed_us=18737 block_gets=0 block_puts=4 deleted=0
checkpoint_phase lsn=20312 phase=row_merge_write slot=0 started_ns=1790174536713886000 ended_ns=1790174536731539417 elapsed_us=17653 block_gets=0 block_puts=4 deleted=0
checkpoint_phase lsn=20312 phase=row_merge_write slot=0 started_ns=1790174536733734000 ended_ns=1790174536751539041 elapsed_us=17805 block_gets=0 block_puts=4 deleted=0
checkpoint_phase lsn=20312 phase=row_merge_write slot=0 started_ns=1790174536753615000 ended_ns=1790174536772024333 elapsed_us=18409 block_gets=0 block_puts=4 deleted=0
checkpoint_phase lsn=20312 phase=row_merge_write slot=0 started_ns=1790174536774096000 ended_ns=1790174536793322000 elapsed_us=19226 block_gets=0 block_puts=4 deleted=0
checkpoint_phase lsn=20312 phase=row_merge_write slot=0 started_ns=1790174536795455000 ended_ns=1790174536813130375 elapsed_us=17675 block_gets=0 block_puts=4 deleted=0
checkpoint_phase lsn=20312 phase=row_merge_write slot=0 started_ns=1790174536815201000 ended_ns=1790174536839315917 elapsed_us=24114 block_gets=0 block_puts=4 deleted=0
checkpoint_phase lsn=20312 phase=row_merge_write slot=0 started_ns=1790174536841477000 ended_ns=1790174536902064208 elapsed_us=60587 block_gets=0 block_puts=4 deleted=0
checkpoint_phase lsn=20312 phase=row_merge_write slot=0 started_ns=1790174536904471000 ended_ns=1790174536938940208 elapsed_us=34469 block_gets=0 block_puts=4 deleted=0
checkpoint_phase lsn=20312 phase=row_merge_write slot=0 started_ns=1790174536944304000 ended_ns=1790174536982194375 elapsed_us=37890 block_gets=0 block_puts=4 deleted=0
checkpoint_phase lsn=20312 phase=row_merge_write slot=0 started_ns=1790174536987335000 ended_ns=1790174537011115375 elapsed_us=23780 block_gets=0 block_puts=4 deleted=0
checkpoint_phase lsn=20312 phase=row_merge_write slot=0 started_ns=1790174537014294000 ended_ns=1790174537038219500 elapsed_us=23925 block_gets=0 block_puts=4 deleted=0
checkpoint_phase lsn=20312 phase=row_merge_write slot=0 started_ns=1790174537040438000 ended_ns=1790174537067447750 elapsed_us=27009 block_gets=0 block_puts=4 deleted=0
checkpoint_phase lsn=20312 phase=row_merge_write slot=0 started_ns=1790174537069605000 ended_ns=1790174537095464083 elapsed_us=25859 block_gets=0 block_puts=4 deleted=0
checkpoint_phase lsn=20312 phase=row_merge_write slot=0 started_ns=1790174537097702000 ended_ns=1790174537118753041 elapsed_us=21051 block_gets=0 block_puts=4 deleted=0
checkpoint_phase lsn=20312 phase=row_merge_write slot=0 started_ns=1790174537120960000 ended_ns=1790174537141340875 elapsed_us=20380 block_gets=0 block_puts=4 deleted=0
checkpoint_phase lsn=20312 phase=row_merge_write slot=0 started_ns=1790174537143556000 ended_ns=1790174537164648750 elapsed_us=21092 block_gets=0 block_puts=4 deleted=0
checkpoint_phase lsn=20312 phase=row_merge_write slot=0 started_ns=1790174537166882000 ended_ns=1790174537187915209 elapsed_us=21033 block_gets=0 block_puts=4 deleted=0
checkpoint_phase lsn=20312 phase=row_merge_write slot=0 started_ns=1790174537192572000 ended_ns=1790174537219609708 elapsed_us=27037 block_gets=0 block_puts=4 deleted=0
checkpoint_phase lsn=20312 phase=row_merge_write slot=0 started_ns=1790174537221912000 ended_ns=1790174537247898292 elapsed_us=25986 block_gets=0 block_puts=4 deleted=0
checkpoint_phase lsn=20312 phase=row_merge_write slot=0 started_ns=1790174537250260000 ended_ns=1790174537284847667 elapsed_us=34587 block_gets=0 block_puts=4 deleted=0
checkpoint_phase lsn=20312 phase=row_merge_write slot=0 started_ns=1790174537287163000 ended_ns=1790174537315832625 elapsed_us=28669 block_gets=0 block_puts=4 deleted=0
checkpoint_phase lsn=20312 phase=row_merge_write slot=0 started_ns=1790174537318565000 ended_ns=1790174537353181375 elapsed_us=34616 block_gets=0 block_puts=4 deleted=0
checkpoint_phase lsn=20312 phase=row_merge_write slot=0 started_ns=1790174537355643000 ended_ns=1790174537389019500 elapsed_us=33376 block_gets=0 block_puts=4 deleted=0
checkpoint_phase lsn=20312 phase=row_merge_write slot=0 started_ns=1790174537391213000 ended_ns=1790174537431436459 elapsed_us=40223 block_gets=0 block_puts=4 deleted=0
checkpoint_phase lsn=20312 phase=row_merge_write slot=0 started_ns=1790174537434095000 ended_ns=1790174537483698291 elapsed_us=49603 block_gets=0 block_puts=4 deleted=0
checkpoint_phase lsn=20312 phase=row_merge_write slot=0 started_ns=1790174537488273000 ended_ns=1790174537508709000 elapsed_us=20436 block_gets=0 block_puts=4 deleted=0
checkpoint_phase lsn=20312 phase=row_merge_write slot=0 started_ns=1790174537511033000 ended_ns=1790174537540161000 elapsed_us=29128 block_gets=0 block_puts=4 deleted=0
checkpoint_phase lsn=20312 phase=row_merge_write slot=0 started_ns=1790174537542723000 ended_ns=1790174537565954708 elapsed_us=23231 block_gets=0 block_puts=4 deleted=0
checkpoint_phase lsn=20312 phase=row_merge_write slot=0 started_ns=1790174537568210000 ended_ns=1790174537588216417 elapsed_us=20006 block_gets=0 block_puts=4 deleted=0
checkpoint_phase lsn=20312 phase=row_merge_write slot=0 started_ns=1790174537590284000 ended_ns=1790174537609777666 elapsed_us=19493 block_gets=0 block_puts=4 deleted=0
checkpoint_phase lsn=20312 phase=row_merge_write slot=0 started_ns=1790174537611978000 ended_ns=1790174537634099000 elapsed_us=22121 block_gets=0 block_puts=4 deleted=0
checkpoint_phase lsn=20312 phase=row_merge_write slot=0 started_ns=1790174537636220000 ended_ns=1790174537670105750 elapsed_us=33885 block_gets=0 block_puts=4 deleted=0
checkpoint_phase lsn=20312 phase=row_merge_write slot=0 started_ns=1790174537672172000 ended_ns=1790174537695024166 elapsed_us=22852 block_gets=0 block_puts=4 deleted=0
checkpoint_phase lsn=20312 phase=row_merge_write slot=0 started_ns=1790174537697103000 ended_ns=1790174537719352000 elapsed_us=22249 block_gets=0 block_puts=4 deleted=0
checkpoint_phase lsn=20312 phase=row_merge_write slot=0 started_ns=1790174537724251000 ended_ns=1790174537747113167 elapsed_us=22862 block_gets=0 block_puts=4 deleted=0
checkpoint_phase lsn=20312 phase=row_merge_write slot=0 started_ns=1790174537749186000 ended_ns=1790174537766304833 elapsed_us=17118 block_gets=0 block_puts=4 deleted=0
checkpoint_phase lsn=20312 phase=row_merge_write slot=0 started_ns=1790174537768447000 ended_ns=1790174537807200083 elapsed_us=38753 block_gets=0 block_puts=4 deleted=0
checkpoint_phase lsn=20312 phase=row_merge_write slot=0 started_ns=1790174537809267000 ended_ns=1790174537836022541 elapsed_us=26755 block_gets=0 block_puts=4 deleted=0
checkpoint_phase lsn=20312 phase=row_merge_write slot=0 started_ns=1790174537838084000 ended_ns=1790174537866074000 elapsed_us=27990 block_gets=0 block_puts=4 deleted=0
checkpoint_phase lsn=20312 phase=row_merge_write slot=0 started_ns=1790174537868165000 ended_ns=1790174537893123208 elapsed_us=24958 block_gets=0 block_puts=4 deleted=0
checkpoint_phase lsn=20312 phase=row_merge_write slot=0 started_ns=1790174537895199000 ended_ns=1790174537914684167 elapsed_us=19485 block_gets=0 block_puts=4 deleted=0
checkpoint_phase lsn=20312 phase=row_merge_write slot=0 started_ns=1790174537916754000 ended_ns=1790174537935395458 elapsed_us=18641 block_gets=0 block_puts=4 deleted=0
checkpoint_phase lsn=20312 phase=row_merge_write slot=0 started_ns=1790174537937472000 ended_ns=1790174537956719833 elapsed_us=19247 block_gets=0 block_puts=4 deleted=0
checkpoint_phase lsn=20312 phase=row_merge_write slot=0 started_ns=1790174537958804000 ended_ns=1790174537977390500 elapsed_us=18586 block_gets=0 block_puts=4 deleted=0
checkpoint_phase lsn=20312 phase=row_merge_write slot=0 started_ns=1790174537979463000 ended_ns=1790174537999748708 elapsed_us=20285 block_gets=0 block_puts=4 deleted=0
checkpoint_phase lsn=20312 phase=row_merge_write slot=0 started_ns=1790174538001885000 ended_ns=1790174538020232917 elapsed_us=18347 block_gets=0 block_puts=4 deleted=0
checkpoint_phase lsn=20312 phase=row_merge_write slot=0 started_ns=1790174538022276000 ended_ns=1790174538040172084 elapsed_us=17896 block_gets=0 block_puts=4 deleted=0
checkpoint_phase lsn=20312 phase=row_merge_write slot=0 started_ns=1790174538042223000 ended_ns=1790174538061796750 elapsed_us=19573 block_gets=0 block_puts=4 deleted=0
checkpoint_phase lsn=20312 phase=row_merge_write slot=0 started_ns=1790174538063864000 ended_ns=1790174538082377584 elapsed_us=18513 block_gets=0 block_puts=4 deleted=0
checkpoint_phase lsn=20312 phase=row_merge_write slot=0 started_ns=1790174538084469000 ended_ns=1790174538103029708 elapsed_us=18560 block_gets=0 block_puts=4 deleted=0
checkpoint_phase lsn=20312 phase=row_merge_write slot=0 started_ns=1790174538105106000 ended_ns=1790174538124375041 elapsed_us=19269 block_gets=0 block_puts=4 deleted=0
checkpoint_phase lsn=20312 phase=row_merge_write slot=0 started_ns=1790174538126434000 ended_ns=1790174538144200750 elapsed_us=17766 block_gets=0 block_puts=4 deleted=0
checkpoint_phase lsn=20312 phase=row_merge_write slot=0 started_ns=1790174538146261000 ended_ns=1790174538166800875 elapsed_us=20539 block_gets=0 block_puts=4 deleted=0
checkpoint_phase lsn=20312 phase=row_merge_write slot=0 started_ns=1790174538168900000 ended_ns=1790174538192352209 elapsed_us=23452 block_gets=0 block_puts=4 deleted=0
checkpoint_phase lsn=20312 phase=row_merge_write slot=0 started_ns=1790174538194450000 ended_ns=1790174538216196541 elapsed_us=21746 block_gets=0 block_puts=4 deleted=0
checkpoint_phase lsn=20312 phase=row_merge_write slot=0 started_ns=1790174538218249000 ended_ns=1790174538237354458 elapsed_us=19105 block_gets=0 block_puts=4 deleted=0
checkpoint_phase lsn=20312 phase=row_merge_write slot=0 started_ns=1790174538239415000 ended_ns=1790174538258277708 elapsed_us=18862 block_gets=0 block_puts=4 deleted=0
checkpoint_phase lsn=20312 phase=row_merge_write slot=0 started_ns=1790174538260521000 ended_ns=1790174538279409042 elapsed_us=18888 block_gets=0 block_puts=4 deleted=0
checkpoint_phase lsn=20312 phase=row_merge_write slot=0 started_ns=1790174538281470000 ended_ns=1790174538300043500 elapsed_us=18573 block_gets=0 block_puts=4 deleted=0
checkpoint_phase lsn=20312 phase=row_merge_write slot=0 started_ns=1790174538302093000 ended_ns=1790174538320984959 elapsed_us=18891 block_gets=0 block_puts=4 deleted=0
checkpoint_phase lsn=20312 phase=row_merge_write slot=0 started_ns=1790174538323053000 ended_ns=1790174538342332708 elapsed_us=19279 block_gets=0 block_puts=4 deleted=0
checkpoint_phase lsn=20312 phase=row_merge_write slot=0 started_ns=1790174538344538000 ended_ns=1790174538362768709 elapsed_us=18230 block_gets=0 block_puts=4 deleted=0
checkpoint_phase lsn=20312 phase=row_merge_write slot=0 started_ns=1790174538364932000 ended_ns=1790174538383553750 elapsed_us=18621 block_gets=0 block_puts=4 deleted=0
checkpoint_phase lsn=20312 phase=row_merge_write slot=0 started_ns=1790174538385632000 ended_ns=1790174538404993917 elapsed_us=19361 block_gets=0 block_puts=4 deleted=0
checkpoint_phase lsn=20312 phase=row_merge_write slot=0 started_ns=1790174538407058000 ended_ns=1790174538425593208 elapsed_us=18535 block_gets=0 block_puts=4 deleted=0
checkpoint_phase lsn=20312 phase=row_merge_write slot=0 started_ns=1790174538427632000 ended_ns=1790174538446466667 elapsed_us=18834 block_gets=0 block_puts=4 deleted=0
checkpoint_phase lsn=20312 phase=row_merge_write slot=0 started_ns=1790174538448524000 ended_ns=1790174538468119208 elapsed_us=19595 block_gets=0 block_puts=4 deleted=0
checkpoint_phase lsn=20312 phase=row_merge_write slot=0 started_ns=1790174538470206000 ended_ns=1790174538487315292 elapsed_us=17109 block_gets=0 block_puts=4 deleted=0
checkpoint_phase lsn=20312 phase=row_merge_write slot=0 started_ns=1790174538489382000 ended_ns=1790174538506347417 elapsed_us=16965 block_gets=0 block_puts=4 deleted=0
checkpoint_phase lsn=20312 phase=row_merge_write slot=0 started_ns=1790174538508458000 ended_ns=1790174538525911417 elapsed_us=17453 block_gets=0 block_puts=4 deleted=0
checkpoint_phase lsn=20312 phase=row_merge_write slot=0 started_ns=1790174538527974000 ended_ns=1790174538544150666 elapsed_us=16176 block_gets=0 block_puts=4 deleted=0
checkpoint_phase lsn=20312 phase=row_merge_write slot=0 started_ns=1790174538546250000 ended_ns=1790174538562470792 elapsed_us=16220 block_gets=0 block_puts=4 deleted=0
checkpoint_phase lsn=20312 phase=row_merge_write slot=0 started_ns=1790174538564616000 ended_ns=1790174538583175667 elapsed_us=18559 block_gets=0 block_puts=4 deleted=0
checkpoint_phase lsn=20312 phase=row_merge_write slot=0 started_ns=1790174538585274000 ended_ns=1790174538603503208 elapsed_us=18229 block_gets=0 block_puts=4 deleted=0
checkpoint_phase lsn=20312 phase=row_merge_write slot=0 started_ns=1790174538605595000 ended_ns=1790174538624929125 elapsed_us=19334 block_gets=0 block_puts=4 deleted=0
checkpoint_phase lsn=20312 phase=row_merge_write slot=0 started_ns=1790174538626987000 ended_ns=1790174538645049250 elapsed_us=18062 block_gets=0 block_puts=4 deleted=0
checkpoint_phase lsn=20312 phase=row_merge_write slot=0 started_ns=1790174538647099000 ended_ns=1790174538662567708 elapsed_us=15468 block_gets=0 block_puts=4 deleted=0
checkpoint_phase lsn=20312 phase=row_merge_write slot=0 started_ns=1790174538664664000 ended_ns=1790174538682626167 elapsed_us=17962 block_gets=0 block_puts=4 deleted=0
checkpoint_phase lsn=20312 phase=row_merge_write slot=0 started_ns=1790174538684666000 ended_ns=1790174538705131917 elapsed_us=20465 block_gets=0 block_puts=4 deleted=0
checkpoint_phase lsn=20312 phase=row_merge_write slot=0 started_ns=1790174538707206000 ended_ns=1790174538725365458 elapsed_us=18159 block_gets=0 block_puts=4 deleted=0
checkpoint_phase lsn=20312 phase=row_merge_write slot=0 started_ns=1790174538727428000 ended_ns=1790174538746511834 elapsed_us=19083 block_gets=0 block_puts=4 deleted=0
checkpoint_phase lsn=20312 phase=row_merge_write slot=0 started_ns=1790174538748546000 ended_ns=1790174538766439791 elapsed_us=17893 block_gets=0 block_puts=4 deleted=0
checkpoint_phase lsn=20312 phase=row_merge_write slot=0 started_ns=1790174538768562000 ended_ns=1790174538787561542 elapsed_us=18999 block_gets=0 block_puts=4 deleted=0
checkpoint_phase lsn=20312 phase=row_merge_write slot=0 started_ns=1790174538789625000 ended_ns=1790174538808635166 elapsed_us=19010 block_gets=0 block_puts=4 deleted=0
checkpoint_phase lsn=20312 phase=row_merge_write slot=0 started_ns=1790174538810793000 ended_ns=1790174538829334334 elapsed_us=18541 block_gets=0 block_puts=4 deleted=0
checkpoint_phase lsn=20312 phase=row_merge_write slot=0 started_ns=1790174538829404000 ended_ns=1790174538847524458 elapsed_us=18120 block_gets=0 block_puts=4 deleted=0
checkpoint_phase lsn=20312 phase=row_merge_write slot=0 started_ns=1790174538847595000 ended_ns=1790174538864459208 elapsed_us=16864 block_gets=0 block_puts=4 deleted=0
checkpoint_phase lsn=20312 phase=row_merge_write slot=0 started_ns=1790174538864529000 ended_ns=1790174538881124375 elapsed_us=16595 block_gets=0 block_puts=4 deleted=0
checkpoint_phase lsn=20312 phase=row_merge_write slot=0 started_ns=1790174538881193000 ended_ns=1790174538897019792 elapsed_us=15826 block_gets=0 block_puts=4 deleted=0
checkpoint_phase lsn=20312 phase=row_merge_write slot=0 started_ns=1790174538897086000 ended_ns=1790174538914731458 elapsed_us=17645 block_gets=0 block_puts=4 deleted=0
checkpoint_phase lsn=20312 phase=row_merge_write slot=0 started_ns=1790174538914820000 ended_ns=1790174538934088000 elapsed_us=19268 block_gets=0 block_puts=4 deleted=0
checkpoint_phase lsn=20312 phase=row_merge_write slot=0 started_ns=1790174538934213000 ended_ns=1790174538952788625 elapsed_us=18575 block_gets=0 block_puts=4 deleted=0
checkpoint_phase lsn=20312 phase=row_merge_write slot=0 started_ns=1790174538953034000 ended_ns=1790174538972499292 elapsed_us=19465 block_gets=0 block_puts=4 deleted=0
checkpoint_phase lsn=20312 phase=row_merge_write slot=0 started_ns=1790174538972577000 ended_ns=1790174538991610292 elapsed_us=19033 block_gets=0 block_puts=4 deleted=0
checkpoint_phase lsn=20312 phase=row_merge_write slot=0 started_ns=1790174538991681000 ended_ns=1790174539010438083 elapsed_us=18757 block_gets=0 block_puts=4 deleted=0
checkpoint_phase lsn=20312 phase=row_merge_write slot=0 started_ns=1790174539010522000 ended_ns=1790174539028459167 elapsed_us=17937 block_gets=0 block_puts=4 deleted=0
checkpoint_phase lsn=20312 phase=row_merge_write slot=0 started_ns=1790174539028578000 ended_ns=1790174539047842583 elapsed_us=19264 block_gets=0 block_puts=4 deleted=0
checkpoint_phase lsn=20312 phase=row_merge_write slot=0 started_ns=1790174539049343000 ended_ns=1790174539068304750 elapsed_us=18961 block_gets=0 block_puts=4 deleted=0
checkpoint_phase lsn=20312 phase=row_merge_write slot=0 started_ns=1790174539068398000 ended_ns=1790174539087002417 elapsed_us=18604 block_gets=0 block_puts=4 deleted=0
checkpoint_phase lsn=20312 phase=row_merge_write slot=0 started_ns=1790174539087122000 ended_ns=1790174539106622000 elapsed_us=19500 block_gets=0 block_puts=4 deleted=0
checkpoint_phase lsn=20312 phase=row_merge_write slot=0 started_ns=1790174539108137000 ended_ns=1790174539126704333 elapsed_us=18567 block_gets=0 block_puts=4 deleted=0
checkpoint_phase lsn=20312 phase=row_merge_write slot=0 started_ns=1790174539126805000 ended_ns=1790174539147593000 elapsed_us=20788 block_gets=0 block_puts=6 deleted=0
checkpoint_phase lsn=20312 phase=manifest slot=-1 started_ns=1790174539147716000 ended_ns=1790174539151729708 elapsed_us=4013 block_gets=0 block_puts=0 deleted=0
checkpoint_phase lsn=20312 phase=local_cleanup slot=-1 started_ns=1790174539151740000 ended_ns=1790174539151794917 elapsed_us=54 block_gets=0 block_puts=0 deleted=0
checkpoint_phase lsn=20312 phase=commit_prune slot=-1 started_ns=1790174539151876000 ended_ns=1790174539201356834 elapsed_us=49480 block_gets=0 block_puts=0 deleted=0
checkpoint_phase lsn=20312 phase=legacy_gc slot=-1 started_ns=1790174539201500000 ended_ns=1790174539227409791 elapsed_us=25909 block_gets=0 block_puts=0 deleted=0
checkpoint_phase lsn=20312 phase=gc_keep slot=-1 started_ns=1790174539227518000 ended_ns=1790174539228585709 elapsed_us=1067 block_gets=0 block_puts=0 deleted=0
checkpoint_phase lsn=20312 phase=gc_list slot=-1 started_ns=1790174539228595000 ended_ns=1790174539312237750 elapsed_us=83642 block_gets=0 block_puts=0 deleted=0
checkpoint_phase lsn=20312 phase=gc_delete slot=-1 started_ns=1790174539312251000 ended_ns=1790174539344740166 elapsed_us=32489 block_gets=0 block_puts=0 deleted=10
checkpoint_phase lsn=20312 phase=row_merge_schedule slot=0 started_ns=1790174539344973000 ended_ns=1790174539345308875 elapsed_us=335 block_gets=0 block_puts=0 deleted=0
checkpoint_phase lsn=20312 phase=row_merge_schedule slot=0 started_ns=1790174539345379000 ended_ns=1790174539345646042 elapsed_us=267 block_gets=0 block_puts=0 deleted=0
checkpoint_phase lsn=20312 phase=row_merge_schedule slot=0 started_ns=1790174539345733000 ended_ns=1790174539346003292 elapsed_us=270 block_gets=0 block_puts=0 deleted=0
checkpoint_phase lsn=20312 phase=row_merge_schedule slot=0 started_ns=1790174539346216000 ended_ns=1790174539346491500 elapsed_us=275 block_gets=0 block_puts=0 deleted=0
checkpoint_phase lsn=20312 phase=row_merge_schedule slot=0 started_ns=1790174539346575000 ended_ns=1790174539346837875 elapsed_us=262 block_gets=0 block_puts=0 deleted=0
checkpoint_phase lsn=20312 phase=row_merge_schedule slot=0 started_ns=1790174539346885000 ended_ns=1790174539347132833 elapsed_us=247 block_gets=0 block_puts=0 deleted=0
checkpoint_phase lsn=20312 phase=row_merge_schedule slot=0 started_ns=1790174539347177000 ended_ns=1790174539347427875 elapsed_us=250 block_gets=0 block_puts=0 deleted=0
checkpoint_phase lsn=20312 phase=row_merge_schedule slot=0 started_ns=1790174539347472000 ended_ns=1790174539347719792 elapsed_us=247 block_gets=0 block_puts=0 deleted=0
checkpoint_phase lsn=20312 phase=row_merge_schedule slot=0 started_ns=1790174539347769000 ended_ns=1790174539348055333 elapsed_us=286 block_gets=0 block_puts=0 deleted=0
checkpoint_phase lsn=20312 phase=row_merge_schedule slot=0 started_ns=1790174539348101000 ended_ns=1790174539348389334 elapsed_us=288 block_gets=0 block_puts=0 deleted=0
checkpoint_phase lsn=20312 phase=row_merge_schedule slot=0 started_ns=1790174539348433000 ended_ns=1790174539348683583 elapsed_us=250 block_gets=0 block_puts=0 deleted=0
checkpoint_phase lsn=20312 phase=row_merge_schedule slot=0 started_ns=1790174539348728000 ended_ns=1790174539348979375 elapsed_us=251 block_gets=0 block_puts=0 deleted=0
checkpoint_phase lsn=20312 phase=row_merge_schedule slot=0 started_ns=1790174539349022000 ended_ns=1790174539349272791 elapsed_us=250 block_gets=0 block_puts=0 deleted=0
checkpoint_phase lsn=20312 phase=row_merge_schedule slot=0 started_ns=1790174539349316000 ended_ns=1790174539349567125 elapsed_us=251 block_gets=0 block_puts=0 deleted=0
checkpoint_phase lsn=20312 phase=row_merge_schedule slot=0 started_ns=1790174539349608000 ended_ns=1790174539349858792 elapsed_us=250 block_gets=0 block_puts=0 deleted=0
checkpoint_phase lsn=20312 phase=row_merge_schedule slot=0 started_ns=1790174539349901000 ended_ns=1790174539350151750 elapsed_us=250 block_gets=0 block_puts=0 deleted=0
checkpoint_phase lsn=20312 phase=row_merge_schedule slot=0 started_ns=1790174539350194000 ended_ns=1790174539350254000 elapsed_us=60 block_gets=0 block_puts=0 deleted=0
checkpoint_phase lsn=20312 phase=row_merge_schedule slot=0 started_ns=1790174539350294000 ended_ns=1790174539350629541 elapsed_us=335 block_gets=0 block_puts=0 deleted=0
checkpoint_phase lsn=20312 phase=row_merge_schedule slot=0 started_ns=1790174539350672000 ended_ns=1790174539350925542 elapsed_us=253 block_gets=0 block_puts=0 deleted=0
checkpoint_phase lsn=20312 phase=row_merge_schedule slot=0 started_ns=1790174539350967000 ended_ns=1790174539351219333 elapsed_us=252 block_gets=0 block_puts=0 deleted=0
checkpoint_phase lsn=20312 phase=row_merge_schedule slot=0 started_ns=1790174539351261000 ended_ns=1790174539351510000 elapsed_us=249 block_gets=0 block_puts=0 deleted=0
checkpoint_phase lsn=20312 phase=row_merge_schedule slot=0 started_ns=1790174539351551000 ended_ns=1790174539351803625 elapsed_us=252 block_gets=0 block_puts=0 deleted=0
checkpoint_phase lsn=20312 phase=row_merge_schedule slot=0 started_ns=1790174539351846000 ended_ns=1790174539352097166 elapsed_us=251 block_gets=0 block_puts=0 deleted=0
checkpoint_phase lsn=20312 phase=row_merge_schedule slot=0 started_ns=1790174539352140000 ended_ns=1790174539352389500 elapsed_us=249 block_gets=0 block_puts=0 deleted=0
checkpoint_phase lsn=20312 phase=row_merge_schedule slot=0 started_ns=1790174539352430000 ended_ns=1790174539352681875 elapsed_us=251 block_gets=0 block_puts=0 deleted=0
checkpoint_phase lsn=20312 phase=row_merge_schedule slot=0 started_ns=1790174539352737000 ended_ns=1790174539352987959 elapsed_us=250 block_gets=0 block_puts=0 deleted=0
checkpoint_phase lsn=20312 phase=row_merge_schedule slot=0 started_ns=1790174539353035000 ended_ns=1790174539353289709 elapsed_us=254 block_gets=0 block_puts=0 deleted=0
checkpoint_phase lsn=20312 phase=row_merge_schedule slot=0 started_ns=1790174539353336000 ended_ns=1790174539353591291 elapsed_us=255 block_gets=0 block_puts=0 deleted=0
checkpoint_phase lsn=20312 phase=row_merge_schedule slot=0 started_ns=1790174539353633000 ended_ns=1790174539353889208 elapsed_us=256 block_gets=0 block_puts=0 deleted=0
checkpoint_phase lsn=20312 phase=row_merge_schedule slot=0 started_ns=1790174539353930000 ended_ns=1790174539354182625 elapsed_us=252 block_gets=0 block_puts=0 deleted=0
checkpoint_phase lsn=20312 phase=row_merge_schedule slot=0 started_ns=1790174539354224000 ended_ns=1790174539354472583 elapsed_us=248 block_gets=0 block_puts=0 deleted=0
checkpoint_phase lsn=20312 phase=row_merge_schedule slot=0 started_ns=1790174539354512000 ended_ns=1790174539354763417 elapsed_us=251 block_gets=0 block_puts=0 deleted=0
checkpoint_phase lsn=20312 phase=row_merge_schedule slot=0 started_ns=1790174539354804000 ended_ns=1790174539355053417 elapsed_us=249 block_gets=0 block_puts=0 deleted=0
checkpoint_phase lsn=20312 phase=row_merge_schedule slot=0 started_ns=1790174539355094000 ended_ns=1790174539355164292 elapsed_us=70 block_gets=0 block_puts=0 deleted=0
checkpoint_phase lsn=20312 phase=row_merge_write slot=0 started_ns=1790174539355204000 ended_ns=1790174539380810583 elapsed_us=25606 block_gets=0 block_puts=5 deleted=0
checkpoint_phase lsn=20312 phase=row_merge_write slot=0 started_ns=1790174539380881000 ended_ns=1790174539400194709 elapsed_us=19313 block_gets=0 block_puts=4 deleted=0
checkpoint_phase lsn=20312 phase=row_merge_write slot=0 started_ns=1790174539400264000 ended_ns=1790174539419761208 elapsed_us=19497 block_gets=0 block_puts=4 deleted=0
checkpoint_phase lsn=20312 phase=row_merge_write slot=0 started_ns=1790174539419829000 ended_ns=1790174539438096375 elapsed_us=18267 block_gets=0 block_puts=4 deleted=0
checkpoint_phase lsn=20312 phase=row_merge_write slot=0 started_ns=1790174539438165000 ended_ns=1790174539456652000 elapsed_us=18487 block_gets=0 block_puts=4 deleted=0
checkpoint_phase lsn=20328 phase=value_index_schedule slot=0 started_ns=1790174539515582000 ended_ns=1790174539515670500 elapsed_us=88 block_gets=0 block_puts=0 deleted=0
checkpoint_phase lsn=20328 phase=row_merge_write slot=0 started_ns=1790174539515724000 ended_ns=1790174539535217875 elapsed_us=19493 block_gets=0 block_puts=4 deleted=0
checkpoint_phase lsn=20328 phase=value_index_schedule slot=0 started_ns=1790174539541195000 ended_ns=1790174539541241500 elapsed_us=46 block_gets=0 block_puts=0 deleted=0
checkpoint_phase lsn=20328 phase=row_merge_write slot=0 started_ns=1790174539541317000 ended_ns=1790174539559522292 elapsed_us=18205 block_gets=0 block_puts=4 deleted=0
checkpoint_phase lsn=20328 phase=value_index_write slot=0 started_ns=1790174539565437000 ended_ns=1790174539565448625 elapsed_us=11 block_gets=0 block_puts=0 deleted=0
checkpoint_phase lsn=20328 phase=row_merge_write slot=0 started_ns=1790174539565521000 ended_ns=1790174539585041167 elapsed_us=19520 block_gets=0 block_puts=4 deleted=0
checkpoint_phase lsn=20328 phase=value_index_write slot=0 started_ns=1790174539591014000 ended_ns=1790174539592602791 elapsed_us=1588 block_gets=0 block_puts=0 deleted=0
checkpoint_phase lsn=20328 phase=row_merge_write slot=0 started_ns=1790174539598511000 ended_ns=1790174539618337625 elapsed_us=19826 block_gets=0 block_puts=4 deleted=0
checkpoint_phase lsn=20344 phase=row_merge_write slot=0 started_ns=1790174539668139000 ended_ns=1790174539687653875 elapsed_us=19514 block_gets=0 block_puts=4 deleted=0
checkpoint_phase lsn=20344 phase=value_index_schedule slot=0 started_ns=1790174539694232000 ended_ns=1790174539694237375 elapsed_us=5 block_gets=0 block_puts=0 deleted=0
checkpoint_phase lsn=20344 phase=row_merge_write slot=0 started_ns=1790174539694299000 ended_ns=1790174539714843333 elapsed_us=20544 block_gets=0 block_puts=4 deleted=0
checkpoint_phase lsn=20344 phase=value_index_schedule slot=0 started_ns=1790174539720802000 ended_ns=1790174539720844709 elapsed_us=42 block_gets=0 block_puts=0 deleted=0
checkpoint_phase lsn=20344 phase=row_merge_write slot=0 started_ns=1790174539720916000 ended_ns=1790174539740621750 elapsed_us=19705 block_gets=0 block_puts=4 deleted=0
checkpoint_phase lsn=20344 phase=value_index_write slot=0 started_ns=1790174539746623000 ended_ns=1790174539746625542 elapsed_us=2 block_gets=0 block_puts=0 deleted=0
checkpoint_phase lsn=20344 phase=row_merge_write slot=0 started_ns=1790174539746692000 ended_ns=1790174539763968375 elapsed_us=17276 block_gets=0 block_puts=4 deleted=0
checkpoint_phase lsn=20344 phase=value_index_write slot=0 started_ns=1790174539769799000 ended_ns=1790174539769894833 elapsed_us=95 block_gets=0 block_puts=0 deleted=0
checkpoint_phase lsn=20344 phase=row_merge_write slot=0 started_ns=1790174539769961000 ended_ns=1790174539788392458 elapsed_us=18431 block_gets=0 block_puts=4 deleted=0
checkpoint_phase lsn=20360 phase=row_merge_write slot=0 started_ns=1790174539832959000 ended_ns=1790174539851856250 elapsed_us=18897 block_gets=0 block_puts=4 deleted=0
checkpoint_phase lsn=20360 phase=value_index_schedule slot=0 started_ns=1790174539857877000 ended_ns=1790174539857882417 elapsed_us=5 block_gets=0 block_puts=0 deleted=0
checkpoint_phase lsn=20360 phase=row_merge_write slot=0 started_ns=1790174539857950000 ended_ns=1790174539875890291 elapsed_us=17940 block_gets=0 block_puts=4 deleted=0
checkpoint_phase lsn=20360 phase=value_index_schedule slot=0 started_ns=1790174539881881000 ended_ns=1790174539881925166 elapsed_us=44 block_gets=0 block_puts=0 deleted=0
checkpoint_phase lsn=20360 phase=row_merge_write slot=0 started_ns=1790174539882011000 ended_ns=1790174539901008916 elapsed_us=18997 block_gets=0 block_puts=4 deleted=0
checkpoint_phase lsn=20360 phase=value_index_write slot=0 started_ns=1790174539906921000 ended_ns=1790174539906923583 elapsed_us=2 block_gets=0 block_puts=0 deleted=0
checkpoint_phase lsn=20360 phase=row_merge_write slot=0 started_ns=1790174539906989000 ended_ns=1790174539924935542 elapsed_us=17946 block_gets=0 block_puts=4 deleted=0
checkpoint_phase lsn=20360 phase=value_index_write slot=0 started_ns=1790174539931577000 ended_ns=1790174539931662416 elapsed_us=85 block_gets=0 block_puts=0 deleted=0
checkpoint_phase lsn=20360 phase=row_merge_write slot=0 started_ns=1790174539931719000 ended_ns=1790174539950911708 elapsed_us=19192 block_gets=0 block_puts=4 deleted=0
checkpoint_phase lsn=20376 phase=row_merge_write slot=0 started_ns=1790174539993009000 ended_ns=1790174540011483625 elapsed_us=18474 block_gets=0 block_puts=4 deleted=0
checkpoint_phase lsn=20376 phase=value_index_schedule slot=0 started_ns=1790174540017430000 ended_ns=1790174540017436042 elapsed_us=6 block_gets=0 block_puts=0 deleted=0
checkpoint_phase lsn=20376 phase=row_merge_write slot=0 started_ns=1790174540017500000 ended_ns=1790174540035511000 elapsed_us=18011 block_gets=0 block_puts=4 deleted=0
checkpoint_phase lsn=20376 phase=value_index_schedule slot=0 started_ns=1790174540041410000 ended_ns=1790174540041463250 elapsed_us=53 block_gets=0 block_puts=0 deleted=0
checkpoint_phase lsn=20376 phase=row_merge_write slot=0 started_ns=1790174540041534000 ended_ns=1790174540060993209 elapsed_us=19459 block_gets=0 block_puts=4 deleted=0
checkpoint_phase lsn=20376 phase=value_index_write slot=0 started_ns=1790174540066785000 ended_ns=1790174540066787459 elapsed_us=2 block_gets=0 block_puts=0 deleted=0
checkpoint_phase lsn=20376 phase=row_merge_write slot=0 started_ns=1790174540066858000 ended_ns=1790174540086314959 elapsed_us=19456 block_gets=0 block_puts=4 deleted=0
checkpoint_phase lsn=20376 phase=value_index_write slot=0 started_ns=1790174540092196000 ended_ns=1790174540092285417 elapsed_us=89 block_gets=0 block_puts=0 deleted=0
checkpoint_phase lsn=20376 phase=row_merge_write slot=0 started_ns=1790174540092346000 ended_ns=1790174540110880584 elapsed_us=18534 block_gets=0 block_puts=4 deleted=0
checkpoint_phase lsn=20392 phase=row_merge_write slot=0 started_ns=1790174540150207000 ended_ns=1790174540169523417 elapsed_us=19316 block_gets=0 block_puts=4 deleted=0
checkpoint_phase lsn=20392 phase=value_index_schedule slot=0 started_ns=1790174540176092000 ended_ns=1790174540176097375 elapsed_us=5 block_gets=0 block_puts=0 deleted=0
checkpoint_phase lsn=20392 phase=row_merge_write slot=0 started_ns=1790174540176163000 ended_ns=1790174540195672625 elapsed_us=19509 block_gets=0 block_puts=4 deleted=0
checkpoint_phase lsn=20392 phase=value_index_schedule slot=0 started_ns=1790174540201561000 ended_ns=1790174540201615542 elapsed_us=54 block_gets=0 block_puts=0 deleted=0
checkpoint_phase lsn=20392 phase=row_merge_write slot=0 started_ns=1790174540201675000 ended_ns=1790174540221061667 elapsed_us=19386 block_gets=0 block_puts=4 deleted=0
checkpoint_phase lsn=20392 phase=value_index_write slot=0 started_ns=1790174540227275000 ended_ns=1790174540227276667 elapsed_us=1 block_gets=0 block_puts=0 deleted=0
checkpoint_phase lsn=20392 phase=row_merge_write slot=0 started_ns=1790174540227374000 ended_ns=1790174540245338541 elapsed_us=17964 block_gets=0 block_puts=4 deleted=0
checkpoint_phase lsn=20392 phase=value_index_write slot=0 started_ns=1790174540251254000 ended_ns=1790174540251348500 elapsed_us=94 block_gets=0 block_puts=0 deleted=0
checkpoint_phase lsn=20392 phase=row_merge_write slot=0 started_ns=1790174540251409000 ended_ns=1790174540268761000 elapsed_us=17352 block_gets=0 block_puts=4 deleted=0
checkpoint_phase lsn=20408 phase=row_merge_write slot=0 started_ns=1790174540315733000 ended_ns=1790174540335014334 elapsed_us=19281 block_gets=0 block_puts=4 deleted=0
checkpoint_phase lsn=20408 phase=value_index_schedule slot=0 started_ns=1790174540341105000 ended_ns=1790174540341110542 elapsed_us=5 block_gets=0 block_puts=0 deleted=0
checkpoint_phase lsn=20408 phase=row_merge_write slot=0 started_ns=1790174540341240000 ended_ns=1790174540363256666 elapsed_us=22016 block_gets=0 block_puts=4 deleted=0
checkpoint_phase lsn=20408 phase=value_index_schedule slot=0 started_ns=1790174540369524000 ended_ns=1790174540369587791 elapsed_us=63 block_gets=0 block_puts=0 deleted=0
checkpoint_phase lsn=20408 phase=row_merge_write slot=0 started_ns=1790174540369653000 ended_ns=1790174540387810458 elapsed_us=18157 block_gets=0 block_puts=4 deleted=0
checkpoint_phase lsn=20408 phase=value_index_write slot=0 started_ns=1790174540393799000 ended_ns=1790174540393801459 elapsed_us=2 block_gets=0 block_puts=0 deleted=0
checkpoint_phase lsn=20408 phase=row_merge_write slot=0 started_ns=1790174540393865000 ended_ns=1790174540411830625 elapsed_us=17965 block_gets=0 block_puts=4 deleted=0
checkpoint_phase lsn=20408 phase=value_index_write slot=0 started_ns=1790174540418387000 ended_ns=1790174540418485625 elapsed_us=98 block_gets=0 block_puts=0 deleted=0
checkpoint_phase lsn=20408 phase=row_merge_write slot=0 started_ns=1790174540418540000 ended_ns=1790174540437265209 elapsed_us=18725 block_gets=0 block_puts=4 deleted=0
checkpoint_phase lsn=20424 phase=row_merge_write slot=0 started_ns=1790174540485459000 ended_ns=1790174540505247375 elapsed_us=19788 block_gets=0 block_puts=4 deleted=0
checkpoint_phase lsn=20424 phase=value_index_schedule slot=0 started_ns=1790174540511417000 ended_ns=1790174540511422958 elapsed_us=5 block_gets=0 block_puts=0 deleted=0
checkpoint_phase lsn=20424 phase=row_merge_write slot=0 started_ns=1790174540511485000 ended_ns=1790174540527467166 elapsed_us=15982 block_gets=0 block_puts=4 deleted=0
checkpoint_phase lsn=20424 phase=value_index_schedule slot=0 started_ns=1790174540533551000 ended_ns=1790174540533619167 elapsed_us=68 block_gets=0 block_puts=0 deleted=0
checkpoint_phase lsn=20424 phase=row_merge_write slot=0 started_ns=1790174540533684000 ended_ns=1790174540551632667 elapsed_us=17948 block_gets=0 block_puts=4 deleted=0
checkpoint_phase lsn=20424 phase=value_index_write slot=0 started_ns=1790174540557599000 ended_ns=1790174540557601708 elapsed_us=2 block_gets=0 block_puts=0 deleted=0
checkpoint_phase lsn=20424 phase=row_merge_write slot=0 started_ns=1790174540557659000 ended_ns=1790174540573175125 elapsed_us=15516 block_gets=0 block_puts=4 deleted=0
checkpoint_phase lsn=20424 phase=value_index_write slot=0 started_ns=1790174540579214000 ended_ns=1790174540579315875 elapsed_us=101 block_gets=0 block_puts=0 deleted=0
checkpoint_phase lsn=20424 phase=row_merge_write slot=0 started_ns=1790174540579373000 ended_ns=1790174540596024834 elapsed_us=16651 block_gets=0 block_puts=4 deleted=0
checkpoint_phase lsn=20440 phase=row_merge_write slot=0 started_ns=1790174540632537000 ended_ns=1790174540648052500 elapsed_us=15515 block_gets=0 block_puts=4 deleted=0
checkpoint_phase lsn=20440 phase=value_index_schedule slot=0 started_ns=1790174540654629000 ended_ns=1790174540654634666 elapsed_us=5 block_gets=0 block_puts=0 deleted=0
checkpoint_phase lsn=20440 phase=row_merge_write slot=0 started_ns=1790174540654689000 ended_ns=1790174540671179084 elapsed_us=16490 block_gets=0 block_puts=4 deleted=0
checkpoint_phase lsn=20440 phase=value_index_schedule slot=0 started_ns=1790174540677161000 ended_ns=1790174540677231333 elapsed_us=70 block_gets=0 block_puts=0 deleted=0
checkpoint_phase lsn=20440 phase=row_merge_write slot=0 started_ns=1790174540677301000 ended_ns=1790174540693034375 elapsed_us=15733 block_gets=0 block_puts=4 deleted=0
checkpoint_phase lsn=20440 phase=value_index_write slot=0 started_ns=1790174540698911000 ended_ns=1790174540698913583 elapsed_us=2 block_gets=0 block_puts=0 deleted=0
checkpoint_phase lsn=20440 phase=row_merge_write slot=0 started_ns=1790174540698975000 ended_ns=1790174540715372125 elapsed_us=16397 block_gets=0 block_puts=4 deleted=0
checkpoint_phase lsn=20440 phase=value_index_write slot=0 started_ns=1790174540721307000 ended_ns=1790174540721412084 elapsed_us=105 block_gets=0 block_puts=0 deleted=0
checkpoint_phase lsn=20440 phase=row_merge_write slot=0 started_ns=1790174540721475000 ended_ns=1790174540737199166 elapsed_us=15724 block_gets=0 block_puts=4 deleted=0
checkpoint_phase lsn=20456 phase=row_merge_write slot=0 started_ns=1790174540780129000 ended_ns=1790174540796926458 elapsed_us=16797 block_gets=0 block_puts=4 deleted=0
checkpoint_phase lsn=20456 phase=value_index_schedule slot=0 started_ns=1790174540803019000 ended_ns=1790174540803024750 elapsed_us=5 block_gets=0 block_puts=0 deleted=0
checkpoint_phase lsn=20456 phase=row_merge_write slot=0 started_ns=1790174540803090000 ended_ns=1790174540820707667 elapsed_us=17617 block_gets=0 block_puts=4 deleted=0
checkpoint_phase lsn=20456 phase=value_index_schedule slot=0 started_ns=1790174540826672000 ended_ns=1790174540826744084 elapsed_us=72 block_gets=0 block_puts=0 deleted=0
checkpoint_phase lsn=20456 phase=row_merge_write slot=0 started_ns=1790174540826804000 ended_ns=1790174540843532083 elapsed_us=16728 block_gets=0 block_puts=4 deleted=0
checkpoint_phase lsn=20456 phase=value_index_write slot=0 started_ns=1790174540849564000 ended_ns=1790174540849566708 elapsed_us=2 block_gets=0 block_puts=0 deleted=0
checkpoint_phase lsn=20456 phase=row_merge_write slot=0 started_ns=1790174540849641000 ended_ns=1790174540869651500 elapsed_us=20010 block_gets=0 block_puts=4 deleted=0
checkpoint_phase lsn=20456 phase=value_index_write slot=0 started_ns=1790174540876433000 ended_ns=1790174540876545250 elapsed_us=112 block_gets=0 block_puts=0 deleted=0
checkpoint_phase lsn=20456 phase=row_merge_write slot=0 started_ns=1790174540876603000 ended_ns=1790174540895583625 elapsed_us=18980 block_gets=0 block_puts=4 deleted=0
checkpoint_phase lsn=20472 phase=row_merge_write slot=0 started_ns=1790174540938062000 ended_ns=1790174540956081833 elapsed_us=18019 block_gets=0 block_puts=4 deleted=0
checkpoint_phase lsn=20472 phase=value_index_schedule slot=0 started_ns=1790174540962050000 ended_ns=1790174540962055291 elapsed_us=5 block_gets=0 block_puts=0 deleted=0
checkpoint_phase lsn=20472 phase=row_merge_write slot=0 started_ns=1790174540962113000 ended_ns=1790174540980615875 elapsed_us=18502 block_gets=0 block_puts=4 deleted=0
checkpoint_phase lsn=20472 phase=value_index_schedule slot=0 started_ns=1790174540986556000 ended_ns=1790174540986635042 elapsed_us=79 block_gets=0 block_puts=0 deleted=0
checkpoint_phase lsn=20472 phase=row_merge_write slot=0 started_ns=1790174540986706000 ended_ns=1790174541002654583 elapsed_us=15948 block_gets=0 block_puts=4 deleted=0
checkpoint_phase lsn=20472 phase=value_index_write slot=0 started_ns=1790174541008621000 ended_ns=1790174541008624625 elapsed_us=3 block_gets=0 block_puts=0 deleted=0
checkpoint_phase lsn=20472 phase=row_merge_write slot=0 started_ns=1790174541008687000 ended_ns=1790174541025993708 elapsed_us=17306 block_gets=0 block_puts=4 deleted=0
checkpoint_phase lsn=20472 phase=value_index_write slot=0 started_ns=1790174541031926000 ended_ns=1790174541032041583 elapsed_us=115 block_gets=0 block_puts=0 deleted=0
checkpoint_phase lsn=20472 phase=row_merge_write slot=0 started_ns=1790174541032097000 ended_ns=1790174541048956333 elapsed_us=16859 block_gets=0 block_puts=4 deleted=0
checkpoint_phase lsn=20488 phase=row_merge_write slot=0 started_ns=1790174541089306000 ended_ns=1790174541108739250 elapsed_us=19433 block_gets=0 block_puts=4 deleted=0
checkpoint_phase lsn=20488 phase=value_index_schedule slot=0 started_ns=1790174541115297000 ended_ns=1790174541115302500 elapsed_us=5 block_gets=0 block_puts=0 deleted=0
checkpoint_phase lsn=20488 phase=row_merge_write slot=0 started_ns=1790174541115370000 ended_ns=1790174541132495916 elapsed_us=17125 block_gets=0 block_puts=4 deleted=0
checkpoint_phase lsn=20488 phase=value_index_schedule slot=0 started_ns=1790174541138495000 ended_ns=1790174541138572417 elapsed_us=77 block_gets=0 block_puts=0 deleted=0
checkpoint_phase lsn=20488 phase=row_merge_write slot=0 started_ns=1790174541138640000 ended_ns=1790174541155488042 elapsed_us=16848 block_gets=0 block_puts=4 deleted=0
checkpoint_phase lsn=20488 phase=value_index_write slot=0 started_ns=1790174541161416000 ended_ns=1790174541161418375 elapsed_us=2 block_gets=0 block_puts=0 deleted=0
checkpoint_phase lsn=20488 phase=row_merge_write slot=0 started_ns=1790174541161471000 ended_ns=1790174541178888750 elapsed_us=17417 block_gets=0 block_puts=4 deleted=0
checkpoint_phase lsn=20488 phase=value_index_write slot=0 started_ns=1790174541184849000 ended_ns=1790174541184967292 elapsed_us=118 block_gets=0 block_puts=0 deleted=0
checkpoint_phase lsn=20488 phase=row_merge_write slot=0 started_ns=1790174541185030000 ended_ns=1790174541201985416 elapsed_us=16955 block_gets=0 block_puts=4 deleted=0
checkpoint_phase lsn=20504 phase=row_merge_write slot=0 started_ns=1790174541242038000 ended_ns=1790174541261197000 elapsed_us=19159 block_gets=0 block_puts=4 deleted=0
checkpoint_phase lsn=20504 phase=value_index_schedule slot=0 started_ns=1790174541267181000 ended_ns=1790174541267186792 elapsed_us=5 block_gets=0 block_puts=0 deleted=0
checkpoint_phase lsn=20504 phase=row_merge_write slot=0 started_ns=1790174541267247000 ended_ns=1790174541285885250 elapsed_us=18638 block_gets=0 block_puts=4 deleted=0
checkpoint_phase lsn=20504 phase=value_index_schedule slot=0 started_ns=1790174541291943000 ended_ns=1790174541292026833 elapsed_us=83 block_gets=0 block_puts=0 deleted=0
checkpoint_phase lsn=20504 phase=row_merge_write slot=0 started_ns=1790174541292092000 ended_ns=1790174541310438000 elapsed_us=18346 block_gets=0 block_puts=4 deleted=0
checkpoint_phase lsn=20504 phase=value_index_write slot=0 started_ns=1790174541316342000 ended_ns=1790174541316343750 elapsed_us=1 block_gets=0 block_puts=0 deleted=0
checkpoint_phase lsn=20504 phase=row_merge_write slot=0 started_ns=1790174541316408000 ended_ns=1790174541334120292 elapsed_us=17712 block_gets=0 block_puts=4 deleted=0
checkpoint_phase lsn=20504 phase=value_index_write slot=0 started_ns=1790174541340692000 ended_ns=1790174541340816250 elapsed_us=124 block_gets=0 block_puts=0 deleted=0
checkpoint_phase lsn=20504 phase=row_merge_write slot=0 started_ns=1790174541340882000 ended_ns=1790174541358559250 elapsed_us=17677 block_gets=0 block_puts=4 deleted=0
checkpoint_phase lsn=20520 phase=row_merge_write slot=0 started_ns=1790174541397969000 ended_ns=1790174541414672958 elapsed_us=16703 block_gets=0 block_puts=4 deleted=0
checkpoint_phase lsn=20520 phase=value_index_schedule slot=0 started_ns=1790174541420615000 ended_ns=1790174541420620208 elapsed_us=5 block_gets=0 block_puts=0 deleted=0
checkpoint_phase lsn=20520 phase=row_merge_write slot=0 started_ns=1790174541420692000 ended_ns=1790174541440198375 elapsed_us=19506 block_gets=0 block_puts=4 deleted=0
checkpoint_phase lsn=20520 phase=value_index_schedule slot=0 started_ns=1790174541446138000 ended_ns=1790174541446224333 elapsed_us=86 block_gets=0 block_puts=0 deleted=0
checkpoint_phase lsn=20520 phase=row_merge_write slot=0 started_ns=1790174541446278000 ended_ns=1790174541465034750 elapsed_us=18756 block_gets=0 block_puts=4 deleted=0
checkpoint_phase lsn=20520 phase=value_index_write slot=0 started_ns=1790174541471023000 ended_ns=1790174541471025542 elapsed_us=2 block_gets=0 block_puts=0 deleted=0
checkpoint_phase lsn=20520 phase=row_merge_write slot=0 started_ns=1790174541471087000 ended_ns=1790174541489711291 elapsed_us=18624 block_gets=0 block_puts=4 deleted=0
checkpoint_phase lsn=20520 phase=value_index_write slot=0 started_ns=1790174541495638000 ended_ns=1790174541495764208 elapsed_us=126 block_gets=0 block_puts=0 deleted=0
checkpoint_phase lsn=20520 phase=row_merge_write slot=0 started_ns=1790174541495823000 ended_ns=1790174541514118208 elapsed_us=18295 block_gets=0 block_puts=4 deleted=0
checkpoint_phase lsn=20536 phase=row_merge_write slot=0 started_ns=1790174541554508000 ended_ns=1790174541570254167 elapsed_us=15746 block_gets=0 block_puts=4 deleted=0
checkpoint_phase lsn=20536 phase=value_index_schedule slot=0 started_ns=1790174541576874000 ended_ns=1790174541576879625 elapsed_us=5 block_gets=0 block_puts=0 deleted=0
checkpoint_phase lsn=20536 phase=row_merge_write slot=0 started_ns=1790174541576938000 ended_ns=1790174541593641625 elapsed_us=16703 block_gets=0 block_puts=4 deleted=0
checkpoint_phase lsn=20536 phase=value_index_schedule slot=0 started_ns=1790174541599563000 ended_ns=1790174541599660750 elapsed_us=97 block_gets=0 block_puts=0 deleted=0
checkpoint_phase lsn=20536 phase=row_merge_write slot=0 started_ns=1790174541599728000 ended_ns=1790174541615231625 elapsed_us=15503 block_gets=0 block_puts=4 deleted=0
checkpoint_phase lsn=20536 phase=value_index_write slot=0 started_ns=1790174541621202000 ended_ns=1790174541621204458 elapsed_us=2 block_gets=0 block_puts=0 deleted=0
checkpoint_phase lsn=20536 phase=row_merge_write slot=0 started_ns=1790174541621254000 ended_ns=1790174541638725583 elapsed_us=17471 block_gets=0 block_puts=4 deleted=0
checkpoint_phase lsn=20536 phase=value_index_write slot=0 started_ns=1790174541644773000 ended_ns=1790174541644919750 elapsed_us=146 block_gets=0 block_puts=0 deleted=0
checkpoint_phase lsn=20536 phase=row_merge_write slot=0 started_ns=1790174541644975000 ended_ns=1790174541663355583 elapsed_us=18380 block_gets=0 block_puts=4 deleted=0
checkpoint_phase lsn=20552 phase=row_merge_write slot=0 started_ns=1790174541704405000 ended_ns=1790174541723700417 elapsed_us=19295 block_gets=0 block_puts=4 deleted=0
checkpoint_phase lsn=20552 phase=value_index_schedule slot=0 started_ns=1790174541729664000 ended_ns=1790174541729669583 elapsed_us=5 block_gets=0 block_puts=0 deleted=0
checkpoint_phase lsn=20552 phase=row_merge_write slot=0 started_ns=1790174541729729000 ended_ns=1790174541748502750 elapsed_us=18773 block_gets=0 block_puts=4 deleted=0
checkpoint_phase lsn=20552 phase=value_index_schedule slot=0 started_ns=1790174541754705000 ended_ns=1790174541754803500 elapsed_us=98 block_gets=0 block_puts=0 deleted=0
checkpoint_phase lsn=20552 phase=row_merge_write slot=0 started_ns=1790174541754863000 ended_ns=1790174541772019333 elapsed_us=17156 block_gets=0 block_puts=4 deleted=0
checkpoint_phase lsn=20552 phase=value_index_write slot=0 started_ns=1790174541778022000 ended_ns=1790174541778024292 elapsed_us=2 block_gets=0 block_puts=0 deleted=0
checkpoint_phase lsn=20552 phase=row_merge_write slot=0 started_ns=1790174541778086000 ended_ns=1790174541795359209 elapsed_us=17273 block_gets=0 block_puts=4 deleted=0
checkpoint_phase lsn=20552 phase=value_index_write slot=0 started_ns=1790174541802003000 ended_ns=1790174541802130083 elapsed_us=127 block_gets=0 block_puts=0 deleted=0
checkpoint_phase lsn=20552 phase=row_merge_write slot=0 started_ns=1790174541802195000 ended_ns=1790174541818540875 elapsed_us=16345 block_gets=0 block_puts=4 deleted=0
checkpoint_phase lsn=20568 phase=row_merge_write slot=0 started_ns=1790174541867275000 ended_ns=1790174541886712208 elapsed_us=19437 block_gets=0 block_puts=4 deleted=0
checkpoint_phase lsn=20568 phase=value_index_schedule slot=0 started_ns=1790174541892678000 ended_ns=1790174541892683583 elapsed_us=5 block_gets=0 block_puts=0 deleted=0
checkpoint_phase lsn=20568 phase=row_merge_write slot=0 started_ns=1790174541892739000 ended_ns=1790174541908698792 elapsed_us=15959 block_gets=0 block_puts=4 deleted=0
checkpoint_phase lsn=20568 phase=value_index_schedule slot=0 started_ns=1790174541914621000 ended_ns=1790174541914718750 elapsed_us=97 block_gets=0 block_puts=0 deleted=0
checkpoint_phase lsn=20568 phase=row_merge_write slot=0 started_ns=1790174541914778000 ended_ns=1790174541932063416 elapsed_us=17285 block_gets=0 block_puts=4 deleted=0
checkpoint_phase lsn=20568 phase=value_index_write slot=0 started_ns=1790174541938031000 ended_ns=1790174541938033458 elapsed_us=2 block_gets=0 block_puts=0 deleted=0
checkpoint_phase lsn=20568 phase=row_merge_write slot=0 started_ns=1790174541938086000 ended_ns=1790174541955622875 elapsed_us=17536 block_gets=0 block_puts=4 deleted=0
checkpoint_phase lsn=20568 phase=value_index_write slot=0 started_ns=1790174541961553000 ended_ns=1790174541961680375 elapsed_us=127 block_gets=0 block_puts=0 deleted=0
checkpoint_phase lsn=20568 phase=row_merge_write slot=0 started_ns=1790174541961744000 ended_ns=1790174541978930750 elapsed_us=17186 block_gets=0 block_puts=4 deleted=0
checkpoint_phase lsn=20584 phase=row_merge_write slot=0 started_ns=1790174542032145000 ended_ns=1790174542084358875 elapsed_us=52213 block_gets=0 block_puts=4 deleted=0
checkpoint_phase lsn=20584 phase=value_index_schedule slot=0 started_ns=1790174542090893000 ended_ns=1790174542090898000 elapsed_us=5 block_gets=0 block_puts=0 deleted=0
checkpoint_phase lsn=20584 phase=row_merge_write slot=0 started_ns=1790174542090967000 ended_ns=1790174542109650375 elapsed_us=18683 block_gets=0 block_puts=4 deleted=0
checkpoint_phase lsn=20584 phase=value_index_schedule slot=0 started_ns=1790174542115638000 ended_ns=1790174542115745834 elapsed_us=107 block_gets=0 block_puts=0 deleted=0
checkpoint_phase lsn=20584 phase=row_merge_write slot=0 started_ns=1790174542115813000 ended_ns=1790174542135205250 elapsed_us=19392 block_gets=0 block_puts=4 deleted=0
checkpoint_phase lsn=20584 phase=value_index_write slot=0 started_ns=1790174542141126000 ended_ns=1790174542141127708 elapsed_us=1 block_gets=0 block_puts=0 deleted=0
checkpoint_phase lsn=20584 phase=row_merge_write slot=0 started_ns=1790174542141196000 ended_ns=1790174542160092750 elapsed_us=18896 block_gets=0 block_puts=4 deleted=0
checkpoint_phase lsn=20584 phase=value_index_write slot=0 started_ns=1790174542166025000 ended_ns=1790174542166154125 elapsed_us=129 block_gets=0 block_puts=0 deleted=0
checkpoint_phase lsn=20584 phase=row_merge_write slot=0 started_ns=1790174542166218000 ended_ns=1790174542185293125 elapsed_us=19075 block_gets=0 block_puts=4 deleted=0
checkpoint_phase lsn=20600 phase=row_merge_write slot=0 started_ns=1790174542231583000 ended_ns=1790174542253462250 elapsed_us=21879 block_gets=0 block_puts=4 deleted=0
checkpoint_phase lsn=20600 phase=value_index_schedule slot=0 started_ns=1790174542259510000 ended_ns=1790174542259515750 elapsed_us=5 block_gets=0 block_puts=0 deleted=0
checkpoint_phase lsn=20600 phase=row_merge_write slot=0 started_ns=1790174542259577000 ended_ns=1790174542276084167 elapsed_us=16507 block_gets=0 block_puts=4 deleted=0
checkpoint_phase lsn=20600 phase=value_index_schedule slot=0 started_ns=1790174542282037000 ended_ns=1790174542282148667 elapsed_us=111 block_gets=0 block_puts=0 deleted=0
checkpoint_phase lsn=20600 phase=row_merge_write slot=0 started_ns=1790174542282206000 ended_ns=1790174542300320792 elapsed_us=18114 block_gets=0 block_puts=4 deleted=0
checkpoint_phase lsn=20600 phase=value_index_write slot=0 started_ns=1790174542306565000 ended_ns=1790174542306567250 elapsed_us=2 block_gets=0 block_puts=0 deleted=0
checkpoint_phase lsn=20600 phase=row_merge_write slot=0 started_ns=1790174542306639000 ended_ns=1790174542323915416 elapsed_us=17276 block_gets=0 block_puts=4 deleted=0
checkpoint_phase lsn=20600 phase=value_index_write slot=0 started_ns=1790174542330394000 ended_ns=1790174542330521833 elapsed_us=127 block_gets=0 block_puts=0 deleted=0
checkpoint_phase lsn=20600 phase=row_merge_write slot=0 started_ns=1790174542330582000 ended_ns=1790174542360457000 elapsed_us=29875 block_gets=0 block_puts=4 deleted=0
checkpoint_phase lsn=20616 phase=row_merge_write slot=0 started_ns=1790174542440206000 ended_ns=1790174542461336083 elapsed_us=21130 block_gets=0 block_puts=4 deleted=0
checkpoint_phase lsn=20616 phase=value_index_schedule slot=0 started_ns=1790174542467474000 ended_ns=1790174542467479667 elapsed_us=5 block_gets=0 block_puts=0 deleted=0
checkpoint_phase lsn=20616 phase=row_merge_write slot=0 started_ns=1790174542467543000 ended_ns=1790174542485266667 elapsed_us=17723 block_gets=0 block_puts=4 deleted=0
checkpoint_phase lsn=20616 phase=value_index_schedule slot=0 started_ns=1790174542491395000 ended_ns=1790174542491510917 elapsed_us=115 block_gets=0 block_puts=0 deleted=0
checkpoint_phase lsn=20616 phase=row_merge_write slot=0 started_ns=1790174542491573000 ended_ns=1790174542511315250 elapsed_us=19742 block_gets=0 block_puts=4 deleted=0
checkpoint_phase lsn=20616 phase=value_index_write slot=0 started_ns=1790174542517428000 ended_ns=1790174542517430209 elapsed_us=2 block_gets=0 block_puts=0 deleted=0
checkpoint_phase lsn=20616 phase=row_merge_write slot=0 started_ns=1790174542517497000 ended_ns=1790174542538412250 elapsed_us=20915 block_gets=0 block_puts=4 deleted=0
checkpoint_phase lsn=20616 phase=value_index_write slot=0 started_ns=1790174542544356000 ended_ns=1790174542544483458 elapsed_us=127 block_gets=0 block_puts=0 deleted=0
checkpoint_phase lsn=20616 phase=row_merge_write slot=0 started_ns=1790174542544544000 ended_ns=1790174542562829416 elapsed_us=18285 block_gets=0 block_puts=4 deleted=0
checkpoint_phase lsn=20632 phase=row_merge_write slot=0 started_ns=1790174542630636000 ended_ns=1790174542648856791 elapsed_us=18220 block_gets=0 block_puts=4 deleted=0
checkpoint_phase lsn=20632 phase=value_index_schedule slot=0 started_ns=1790174542655482000 ended_ns=1790174542655487042 elapsed_us=5 block_gets=0 block_puts=0 deleted=0
checkpoint_phase lsn=20632 phase=row_merge_write slot=0 started_ns=1790174542655560000 ended_ns=1790174542674203333 elapsed_us=18643 block_gets=0 block_puts=4 deleted=0
checkpoint_phase lsn=20632 phase=value_index_schedule slot=0 started_ns=1790174542680115000 ended_ns=1790174542680232125 elapsed_us=117 block_gets=0 block_puts=0 deleted=0
checkpoint_phase lsn=20632 phase=row_merge_write slot=0 started_ns=1790174542680307000 ended_ns=1790174542698382583 elapsed_us=18075 block_gets=0 block_puts=4 deleted=0
checkpoint_phase lsn=20632 phase=value_index_write slot=0 started_ns=1790174542704447000 ended_ns=1790174542704449875 elapsed_us=2 block_gets=0 block_puts=0 deleted=0
checkpoint_phase lsn=20632 phase=row_merge_write slot=0 started_ns=1790174542704518000 ended_ns=1790174542725510458 elapsed_us=20992 block_gets=0 block_puts=4 deleted=0
checkpoint_phase lsn=20632 phase=value_index_write slot=0 started_ns=1790174542731527000 ended_ns=1790174542731655209 elapsed_us=128 block_gets=0 block_puts=0 deleted=0
checkpoint_phase lsn=20632 phase=row_merge_write slot=0 started_ns=1790174542731727000 ended_ns=1790174542751732625 elapsed_us=20005 block_gets=0 block_puts=4 deleted=0
checkpoint_phase lsn=20648 phase=row_merge_write slot=0 started_ns=1790174542828984000 ended_ns=1790174542848345875 elapsed_us=19361 block_gets=0 block_puts=4 deleted=0
checkpoint_phase lsn=20648 phase=value_index_schedule slot=0 started_ns=1790174542861652000 ended_ns=1790174542861657209 elapsed_us=5 block_gets=0 block_puts=0 deleted=0
checkpoint_phase lsn=20648 phase=row_merge_write slot=0 started_ns=1790174542861720000 ended_ns=1790174542881266250 elapsed_us=19546 block_gets=0 block_puts=4 deleted=0
checkpoint_phase lsn=20648 phase=value_index_schedule slot=0 started_ns=1790174542890978000 ended_ns=1790174542891101250 elapsed_us=123 block_gets=0 block_puts=0 deleted=0
checkpoint_phase lsn=20648 phase=row_merge_write slot=0 started_ns=1790174542891161000 ended_ns=1790174542912881542 elapsed_us=21720 block_gets=0 block_puts=4 deleted=0
checkpoint_phase lsn=20648 phase=value_index_write slot=0 started_ns=1790174542921713000 ended_ns=1790174542921715583 elapsed_us=2 block_gets=0 block_puts=0 deleted=0
checkpoint_phase lsn=20648 phase=row_merge_write slot=0 started_ns=1790174542921791000 ended_ns=1790174542955934583 elapsed_us=34143 block_gets=0 block_puts=4 deleted=0
checkpoint_phase lsn=20648 phase=value_index_write slot=0 started_ns=1790174542974933000 ended_ns=1790174542975061000 elapsed_us=128 block_gets=0 block_puts=0 deleted=0
checkpoint_phase lsn=20648 phase=row_merge_write slot=0 started_ns=1790174542975128000 ended_ns=1790174542993232625 elapsed_us=18104 block_gets=0 block_puts=4 deleted=0
checkpoint_phase lsn=20664 phase=row_merge_write slot=0 started_ns=1790174543095117000 ended_ns=1790174543114155000 elapsed_us=19038 block_gets=0 block_puts=4 deleted=0
checkpoint_phase lsn=20664 phase=value_index_schedule slot=0 started_ns=1790174543125064000 ended_ns=1790174543125069625 elapsed_us=5 block_gets=0 block_puts=0 deleted=0
checkpoint_phase lsn=20664 phase=row_merge_write slot=0 started_ns=1790174543125128000 ended_ns=1790174543145623500 elapsed_us=20495 block_gets=0 block_puts=4 deleted=0
checkpoint_phase lsn=20664 phase=value_index_schedule slot=0 started_ns=1790174543156005000 ended_ns=1790174543156121750 elapsed_us=116 block_gets=0 block_puts=0 deleted=0
checkpoint_phase lsn=20664 phase=row_merge_write slot=0 started_ns=1790174543168832000 ended_ns=1790174543191411708 elapsed_us=22579 block_gets=0 block_puts=4 deleted=0
checkpoint_phase lsn=20680 phase=row_merge_write slot=0 started_ns=1790174543246416000 ended_ns=1790174543275248500 elapsed_us=28832 block_gets=0 block_puts=8 deleted=0
checkpoint_phase lsn=20680 phase=value_index_schedule slot=0 started_ns=1790174543284390000 ended_ns=1790174543284395334 elapsed_us=5 block_gets=0 block_puts=0 deleted=0
checkpoint_phase lsn=20680 phase=value_index_schedule slot=0 started_ns=1790174543284461000 ended_ns=1790174543284605958 elapsed_us=144 block_gets=0 block_puts=0 deleted=0
checkpoint_phase lsn=20680 phase=value_index_write slot=0 started_ns=1790174543284677000 ended_ns=1790174543284678541 elapsed_us=1 block_gets=0 block_puts=0 deleted=0
checkpoint_phase lsn=20680 phase=value_index_write slot=0 started_ns=1790174543284740000 ended_ns=1790174543284993084 elapsed_us=253 block_gets=0 block_puts=0 deleted=0
checkpoint_phase lsn=20680 phase=value_index_write slot=0 started_ns=1790174543285051000 ended_ns=1790174543285184917 elapsed_us=133 block_gets=0 block_puts=0 deleted=0
checkpoint_phase lsn=20680 phase=value_index_write slot=0 started_ns=1790174543285239000 ended_ns=1790174543285328000 elapsed_us=89 block_gets=0 block_puts=0 deleted=0
checkpoint_phase lsn=20680 phase=value_index_write slot=0 started_ns=1790174543285388000 ended_ns=1790174543285457292 elapsed_us=69 block_gets=0 block_puts=0 deleted=0
checkpoint_phase lsn=20680 phase=value_index_write slot=0 started_ns=1790174543285565000 ended_ns=1790174543285689542 elapsed_us=124 block_gets=0 block_puts=0 deleted=0
checkpoint_phase lsn=20680 phase=value_index_write slot=0 started_ns=1790174543285744000 ended_ns=1790174543294761250 elapsed_us=9017 block_gets=0 block_puts=1 deleted=0
checkpoint_phase lsn=20680 phase=value_index_write slot=0 started_ns=1790174543303715000 ended_ns=1790174543303788708 elapsed_us=73 block_gets=0 block_puts=0 deleted=0
checkpoint_phase lsn=20680 phase=value_index_write slot=0 started_ns=1790174543303853000 ended_ns=1790174543303926167 elapsed_us=73 block_gets=0 block_puts=0 deleted=0
checkpoint_phase lsn=20680 phase=value_index_write slot=0 started_ns=1790174543303985000 ended_ns=1790174543304055083 elapsed_us=70 block_gets=0 block_puts=0 deleted=0
checkpoint_phase lsn=20680 phase=value_index_write slot=0 started_ns=1790174543304121000 ended_ns=1790174543308907875 elapsed_us=4786 block_gets=0 block_puts=1 deleted=0
checkpoint_phase lsn=20680 phase=value_index_schedule slot=0 started_ns=1790174543318748000 ended_ns=1790174543318807542 elapsed_us=59 block_gets=0 block_puts=0 deleted=0
checkpoint_phase lsn=20680 phase=value_index_schedule slot=0 started_ns=1790174543331926000 ended_ns=1790174543332138667 elapsed_us=212 block_gets=0 block_puts=0 deleted=0
checkpoint_phase lsn=20696 phase=value_index_schedule slot=0 started_ns=1790174543388630000 ended_ns=1790174543388636959 elapsed_us=6 block_gets=0 block_puts=0 deleted=0
checkpoint_phase lsn=20696 phase=value_index_schedule slot=0 started_ns=1790174543397646000 ended_ns=1790174543397769083 elapsed_us=123 block_gets=0 block_puts=0 deleted=0
checkpoint_phase lsn=20696 phase=value_index_write slot=0 started_ns=1790174543397825000 ended_ns=1790174543397826791 elapsed_us=1 block_gets=0 block_puts=0 deleted=0
checkpoint_phase lsn=20696 phase=value_index_write slot=0 started_ns=1790174543397896000 ended_ns=1790174543398021583 elapsed_us=125 block_gets=0 block_puts=0 deleted=0
checkpoint_phase lsn=20696 phase=value_index_write slot=0 started_ns=1790174543407899000 ended_ns=1790174543408020583 elapsed_us=121 block_gets=0 block_puts=0 deleted=0
checkpoint_phase lsn=20696 phase=value_index_write slot=0 started_ns=1790174543408073000 ended_ns=1790174543408141583 elapsed_us=68 block_gets=0 block_puts=0 deleted=0
checkpoint_phase lsn=20696 phase=value_index_write slot=0 started_ns=1790174543408193000 ended_ns=1790174543408263291 elapsed_us=70 block_gets=0 block_puts=0 deleted=0
checkpoint_phase lsn=20696 phase=value_index_write slot=0 started_ns=1790174543418108000 ended_ns=1790174543418180250 elapsed_us=72 block_gets=0 block_puts=0 deleted=0
checkpoint_phase lsn=20696 phase=value_index_write slot=0 started_ns=1790174543418249000 ended_ns=1790174543426112375 elapsed_us=7863 block_gets=0 block_puts=1 deleted=0
checkpoint_phase lsn=20696 phase=value_index_write slot=0 started_ns=1790174543435945000 ended_ns=1790174543436018750 elapsed_us=73 block_gets=0 block_puts=0 deleted=0
checkpoint_phase lsn=20696 phase=value_index_write slot=0 started_ns=1790174543436074000 ended_ns=1790174543436143416 elapsed_us=69 block_gets=0 block_puts=0 deleted=0
checkpoint_phase lsn=20696 phase=value_index_write slot=0 started_ns=1790174543436202000 ended_ns=1790174543436286000 elapsed_us=84 block_gets=0 block_puts=0 deleted=0
checkpoint_phase lsn=20696 phase=value_index_write slot=0 started_ns=1790174543436351000 ended_ns=1790174543443970542 elapsed_us=7619 block_gets=0 block_puts=1 deleted=0
checkpoint_phase lsn=20712 phase=value_index_schedule slot=0 started_ns=1790174543498380000 ended_ns=1790174543498386417 elapsed_us=6 block_gets=0 block_puts=0 deleted=0
checkpoint_phase lsn=20712 phase=value_index_schedule slot=0 started_ns=1790174543498446000 ended_ns=1790174543498584584 elapsed_us=138 block_gets=0 block_puts=0 deleted=0
checkpoint_phase lsn=20712 phase=value_index_write slot=0 started_ns=1790174543498642000 ended_ns=1790174543498643500 elapsed_us=1 block_gets=0 block_puts=0 deleted=0
checkpoint_phase lsn=20712 phase=value_index_write slot=0 started_ns=1790174543498703000 ended_ns=1790174543498845208 elapsed_us=142 block_gets=0 block_puts=0 deleted=0
checkpoint_phase lsn=20712 phase=value_index_write slot=0 started_ns=1790174543509235000 ended_ns=1790174543509358125 elapsed_us=123 block_gets=0 block_puts=0 deleted=0
checkpoint_phase lsn=20712 phase=value_index_write slot=0 started_ns=1790174543520103000 ended_ns=1790174543520174667 elapsed_us=71 block_gets=0 block_puts=0 deleted=0
checkpoint_phase lsn=20712 phase=value_index_write slot=0 started_ns=1790174543533905000 ended_ns=1790174543533978125 elapsed_us=73 block_gets=0 block_puts=0 deleted=0
checkpoint_phase lsn=20728 phase=value_index_schedule slot=0 started_ns=1790174543587219000 ended_ns=1790174543587225042 elapsed_us=6 block_gets=0 block_puts=0 deleted=0
checkpoint_phase lsn=20728 phase=value_index_schedule slot=0 started_ns=1790174543587284000 ended_ns=1790174543587456334 elapsed_us=172 block_gets=0 block_puts=0 deleted=0
checkpoint_phase lsn=20728 phase=value_index_write slot=0 started_ns=1790174543596492000 ended_ns=1790174543596494541 elapsed_us=2 block_gets=0 block_puts=0 deleted=0
checkpoint_phase lsn=20728 phase=value_index_write slot=0 started_ns=1790174543596553000 ended_ns=1790174543596693708 elapsed_us=140 block_gets=0 block_puts=0 deleted=0
checkpoint_phase lsn=20728 phase=value_index_write slot=0 started_ns=1790174543596750000 ended_ns=1790174543596871000 elapsed_us=121 block_gets=0 block_puts=0 deleted=0
checkpoint_phase lsn=20728 phase=value_index_write slot=0 started_ns=1790174543606024000 ended_ns=1790174543606101875 elapsed_us=77 block_gets=0 block_puts=0 deleted=0
checkpoint_phase lsn=20728 phase=value_index_write slot=0 started_ns=1790174543606156000 ended_ns=1790174543606224917 elapsed_us=68 block_gets=0 block_puts=0 deleted=0
checkpoint_phase lsn=20728 phase=value_index_write slot=0 started_ns=1790174543606273000 ended_ns=1790174543606341625 elapsed_us=68 block_gets=0 block_puts=0 deleted=0
checkpoint_phase lsn=20728 phase=value_index_write slot=0 started_ns=1790174543616134000 ended_ns=1790174543623177209 elapsed_us=7043 block_gets=0 block_puts=1 deleted=0
checkpoint_phase lsn=20728 phase=value_index_write slot=0 started_ns=1790174543632925000 ended_ns=1790174543632996417 elapsed_us=71 block_gets=0 block_puts=0 deleted=0
checkpoint_phase lsn=20728 phase=value_index_write slot=0 started_ns=1790174543633049000 ended_ns=1790174543633117375 elapsed_us=68 block_gets=0 block_puts=0 deleted=0
checkpoint_phase lsn=20728 phase=value_index_write slot=0 started_ns=1790174543633177000 ended_ns=1790174543633270083 elapsed_us=93 block_gets=0 block_puts=0 deleted=0
checkpoint_phase lsn=20744 phase=value_index_schedule slot=0 started_ns=1790174543704775000 ended_ns=1790174543704783042 elapsed_us=8 block_gets=0 block_puts=0 deleted=0
checkpoint_phase lsn=20744 phase=value_index_schedule slot=0 started_ns=1790174543713777000 ended_ns=1790174543713922000 elapsed_us=145 block_gets=0 block_puts=0 deleted=0
checkpoint_phase lsn=20744 phase=value_index_write slot=0 started_ns=1790174543713982000 ended_ns=1790174543713984125 elapsed_us=2 block_gets=0 block_puts=0 deleted=0
checkpoint_phase lsn=20744 phase=value_index_write slot=0 started_ns=1790174543714050000 ended_ns=1790174543714190458 elapsed_us=140 block_gets=0 block_puts=0 deleted=0
checkpoint_phase lsn=20744 phase=value_index_write slot=0 started_ns=1790174543724244000 ended_ns=1790174543724371584 elapsed_us=127 block_gets=0 block_puts=0 deleted=0
checkpoint_phase lsn=20744 phase=value_index_write slot=0 started_ns=1790174543724452000 ended_ns=1790174543724530750 elapsed_us=78 block_gets=0 block_puts=0 deleted=0
checkpoint_phase lsn=20744 phase=value_index_write slot=0 started_ns=1790174543733784000 ended_ns=1790174543733859125 elapsed_us=75 block_gets=0 block_puts=0 deleted=0
checkpoint_phase lsn=20744 phase=value_index_write slot=0 started_ns=1790174543733923000 ended_ns=1790174543733995333 elapsed_us=72 block_gets=0 block_puts=0 deleted=0
checkpoint_phase lsn=20744 phase=value_index_write slot=0 started_ns=1790174543734058000 ended_ns=1790174543741294250 elapsed_us=7236 block_gets=0 block_puts=1 deleted=0
checkpoint_phase lsn=20744 phase=value_index_write slot=0 started_ns=1790174543753549000 ended_ns=1790174543753624166 elapsed_us=75 block_gets=0 block_puts=0 deleted=0
checkpoint_phase lsn=20744 phase=value_index_write slot=0 started_ns=1790174543753684000 ended_ns=1790174543753769625 elapsed_us=85 block_gets=0 block_puts=0 deleted=0
checkpoint_phase lsn=20760 phase=value_index_schedule slot=0 started_ns=1790174543814908000 ended_ns=1790174543814913958 elapsed_us=5 block_gets=0 block_puts=0 deleted=0
checkpoint_phase lsn=20760 phase=value_index_schedule slot=0 started_ns=1790174543824435000 ended_ns=1790174543824587375 elapsed_us=152 block_gets=0 block_puts=0 deleted=0
checkpoint_phase lsn=20760 phase=value_index_write slot=0 started_ns=1790174543836367000 ended_ns=1790174543836369333 elapsed_us=2 block_gets=0 block_puts=0 deleted=0
checkpoint_phase lsn=20760 phase=value_index_write slot=0 started_ns=1790174543846679000 ended_ns=1790174543846806125 elapsed_us=127 block_gets=0 block_puts=0 deleted=0
checkpoint_phase lsn=20760 phase=value_index_write slot=0 started_ns=1790174543846872000 ended_ns=1790174543846995667 elapsed_us=123 block_gets=0 block_puts=0 deleted=0
checkpoint_phase lsn=20776 phase=value_index_schedule slot=0 started_ns=1790174543899306000 ended_ns=1790174543899325583 elapsed_us=19 block_gets=0 block_puts=0 deleted=0
checkpoint_phase lsn=20776 phase=value_index_schedule slot=0 started_ns=1790174543899439000 ended_ns=1790174543899602750 elapsed_us=163 block_gets=0 block_puts=0 deleted=0
checkpoint_phase lsn=20776 phase=value_index_write slot=0 started_ns=1790174543909005000 ended_ns=1790174543909007584 elapsed_us=2 block_gets=0 block_puts=0 deleted=0
checkpoint_phase lsn=20776 phase=value_index_write slot=0 started_ns=1790174543909065000 ended_ns=1790174543909195708 elapsed_us=130 block_gets=0 block_puts=0 deleted=0
checkpoint_phase lsn=20776 phase=value_index_write slot=0 started_ns=1790174543909253000 ended_ns=1790174543909368791 elapsed_us=115 block_gets=0 block_puts=0 deleted=0
checkpoint_phase lsn=20776 phase=value_index_write slot=0 started_ns=1790174543919300000 ended_ns=1790174543919390791 elapsed_us=90 block_gets=0 block_puts=0 deleted=0
checkpoint_phase lsn=20776 phase=value_index_write slot=0 started_ns=1790174543919445000 ended_ns=1790174543919515833 elapsed_us=70 block_gets=0 block_puts=0 deleted=0
checkpoint_phase lsn=20776 phase=value_index_write slot=0 started_ns=1790174543919569000 ended_ns=1790174543919641458 elapsed_us=72 block_gets=0 block_puts=0 deleted=0
checkpoint_phase lsn=20776 phase=value_index_write slot=0 started_ns=1790174543929128000 ended_ns=1790174543936560084 elapsed_us=7432 block_gets=0 block_puts=1 deleted=0
checkpoint_phase lsn=20776 phase=value_index_write slot=0 started_ns=1790174543946623000 ended_ns=1790174543946694292 elapsed_us=71 block_gets=0 block_puts=0 deleted=0
checkpoint_phase lsn=20792 phase=value_index_schedule slot=0 started_ns=1790174544018866000 ended_ns=1790174544018872375 elapsed_us=6 block_gets=0 block_puts=0 deleted=0
checkpoint_phase lsn=20792 phase=value_index_schedule slot=0 started_ns=1790174544028568000 ended_ns=1790174544028724916 elapsed_us=156 block_gets=0 block_puts=0 deleted=0
checkpoint_phase lsn=20792 phase=value_index_write slot=0 started_ns=1790174544028801000 ended_ns=1790174544028803625 elapsed_us=2 block_gets=0 block_puts=0 deleted=0
checkpoint_phase lsn=20792 phase=value_index_write slot=0 started_ns=1790174544028857000 ended_ns=1790174544029005125 elapsed_us=148 block_gets=0 block_puts=0 deleted=0
checkpoint_phase lsn=20792 phase=value_index_write slot=0 started_ns=1790174544037920000 ended_ns=1790174544038045334 elapsed_us=125 block_gets=0 block_puts=0 deleted=0
checkpoint_phase lsn=20792 phase=value_index_write slot=0 started_ns=1790174544038120000 ended_ns=1790174544038218500 elapsed_us=98 block_gets=0 block_puts=0 deleted=0
checkpoint_phase lsn=20792 phase=value_index_write slot=0 started_ns=1790174544048187000 ended_ns=1790174544048262667 elapsed_us=75 block_gets=0 block_puts=0 deleted=0
checkpoint_phase lsn=20792 phase=value_index_write slot=0 started_ns=1790174544048321000 ended_ns=1790174544048392458 elapsed_us=71 block_gets=0 block_puts=0 deleted=0
checkpoint_phase lsn=20792 phase=value_index_write slot=0 started_ns=1790174544048445000 ended_ns=1790174544056320958 elapsed_us=7875 block_gets=0 block_puts=1 deleted=0
checkpoint_phase lsn=20792 phase=value_index_write slot=0 started_ns=1790174544066152000 ended_ns=1790174544066225708 elapsed_us=73 block_gets=0 block_puts=0 deleted=0
checkpoint_phase lsn=20792 phase=value_index_write slot=0 started_ns=1790174544066295000 ended_ns=1790174544066363834 elapsed_us=68 block_gets=0 block_puts=0 deleted=0
checkpoint_phase lsn=20792 phase=value_index_write slot=0 started_ns=1790174544066418000 ended_ns=1790174544066487541 elapsed_us=69 block_gets=0 block_puts=0 deleted=0
checkpoint_phase lsn=20808 phase=value_index_schedule slot=0 started_ns=1790174544132545000 ended_ns=1790174544132551375 elapsed_us=6 block_gets=0 block_puts=0 deleted=0
checkpoint_phase lsn=20808 phase=value_index_schedule slot=0 started_ns=1790174544142517000 ended_ns=1790174544142677209 elapsed_us=160 block_gets=0 block_puts=0 deleted=0
checkpoint_phase lsn=20808 phase=value_index_write slot=0 started_ns=1790174544152791000 ended_ns=1790174544152793417 elapsed_us=2 block_gets=0 block_puts=0 deleted=0
checkpoint_phase lsn=20808 phase=value_index_write slot=0 started_ns=1790174544156761000 ended_ns=1790174544156887375 elapsed_us=126 block_gets=0 block_puts=0 deleted=0
checkpoint_phase lsn=20808 phase=value_index_write slot=0 started_ns=1790174544165623000 ended_ns=1790174544165752250 elapsed_us=129 block_gets=0 block_puts=0 deleted=0
checkpoint_phase lsn=20808 phase=value_index_write slot=0 started_ns=1790174544165806000 ended_ns=1790174544165899875 elapsed_us=93 block_gets=0 block_puts=0 deleted=0
checkpoint_phase lsn=20808 phase=value_index_write slot=0 started_ns=1790174544165966000 ended_ns=1790174544166036084 elapsed_us=70 block_gets=0 block_puts=0 deleted=0
checkpoint_phase lsn=20824 phase=value_index_schedule slot=0 started_ns=1790174544230606000 ended_ns=1790174544230611959 elapsed_us=5 block_gets=0 block_puts=0 deleted=0
checkpoint_phase lsn=20824 phase=value_index_schedule slot=0 started_ns=1790174544239629000 ended_ns=1790174544239792750 elapsed_us=163 block_gets=0 block_puts=0 deleted=0
checkpoint_phase lsn=20824 phase=value_index_write slot=0 started_ns=1790174544239858000 ended_ns=1790174544239860292 elapsed_us=2 block_gets=0 block_puts=0 deleted=0
checkpoint_phase lsn=20824 phase=value_index_write slot=0 started_ns=1790174544239920000 ended_ns=1790174544240048333 elapsed_us=128 block_gets=0 block_puts=0 deleted=0
checkpoint_phase lsn=20824 phase=value_index_write slot=0 started_ns=1790174544249686000 ended_ns=1790174544249810459 elapsed_us=124 block_gets=0 block_puts=0 deleted=0
checkpoint_phase lsn=20824 phase=value_index_write slot=0 started_ns=1790174544249876000 ended_ns=1790174544249977916 elapsed_us=101 block_gets=0 block_puts=0 deleted=0
checkpoint_phase lsn=20824 phase=value_index_write slot=0 started_ns=1790174544250030000 ended_ns=1790174544250112500 elapsed_us=82 block_gets=0 block_puts=0 deleted=0
checkpoint_phase lsn=20824 phase=value_index_write slot=0 started_ns=1790174544259644000 ended_ns=1790174544259717875 elapsed_us=73 block_gets=0 block_puts=0 deleted=0
checkpoint_phase lsn=20824 phase=value_index_write slot=0 started_ns=1790174544259787000 ended_ns=1790174544267501459 elapsed_us=7714 block_gets=0 block_puts=1 deleted=0
checkpoint_phase lsn=20824 phase=value_index_write slot=0 started_ns=1790174544278288000 ended_ns=1790174544278360833 elapsed_us=72 block_gets=0 block_puts=0 deleted=0
checkpoint_phase lsn=20824 phase=value_index_write slot=0 started_ns=1790174544278423000 ended_ns=1790174544278492417 elapsed_us=69 block_gets=0 block_puts=0 deleted=0
checkpoint_phase lsn=20824 phase=value_index_write slot=0 started_ns=1790174544278554000 ended_ns=1790174544278623500 elapsed_us=69 block_gets=0 block_puts=0 deleted=0
checkpoint_phase lsn=20824 phase=value_index_write slot=0 started_ns=1790174544278675000 ended_ns=1790174544283281625 elapsed_us=4606 block_gets=0 block_puts=1 deleted=0
checkpoint_phase lsn=20840 phase=value_index_schedule slot=0 started_ns=1790174544347602000 ended_ns=1790174544347607375 elapsed_us=5 block_gets=0 block_puts=0 deleted=0
checkpoint_phase lsn=20840 phase=value_index_schedule slot=0 started_ns=1790174544347663000 ended_ns=1790174544347855708 elapsed_us=192 block_gets=0 block_puts=0 deleted=0
checkpoint_phase lsn=20840 phase=value_index_write slot=0 started_ns=1790174544356806000 ended_ns=1790174544356808250 elapsed_us=2 block_gets=0 block_puts=0 deleted=0
checkpoint_phase lsn=20840 phase=value_index_write slot=0 started_ns=1790174544356859000 ended_ns=1790174544356990208 elapsed_us=131 block_gets=0 block_puts=0 deleted=0
checkpoint_phase lsn=20840 phase=value_index_write slot=0 started_ns=1790174544357066000 ended_ns=1790174544357191208 elapsed_us=125 block_gets=0 block_puts=0 deleted=0
checkpoint_phase lsn=20840 phase=value_index_write slot=0 started_ns=1790174544357300000 ended_ns=1790174544357428917 elapsed_us=128 block_gets=0 block_puts=0 deleted=0
checkpoint_phase lsn=20840 phase=value_index_write slot=0 started_ns=1790174544367314000 ended_ns=1790174544367389208 elapsed_us=75 block_gets=0 block_puts=0 deleted=0
checkpoint_phase lsn=20840 phase=value_index_write slot=0 started_ns=1790174544367447000 ended_ns=1790174544367518042 elapsed_us=71 block_gets=0 block_puts=0 deleted=0
checkpoint_phase lsn=20840 phase=value_index_write slot=0 started_ns=1790174544376597000 ended_ns=1790174544383672042 elapsed_us=7075 block_gets=0 block_puts=1 deleted=0
checkpoint_phase lsn=20840 phase=value_index_write slot=0 started_ns=1790174544394093000 ended_ns=1790174544394167083 elapsed_us=74 block_gets=0 block_puts=0 deleted=0
checkpoint_phase lsn=20840 phase=value_index_write slot=0 started_ns=1790174544394229000 ended_ns=1790174544394299708 elapsed_us=70 block_gets=0 block_puts=0 deleted=0
checkpoint_phase lsn=20840 phase=value_index_write slot=0 started_ns=1790174544394360000 ended_ns=1790174544394446709 elapsed_us=86 block_gets=0 block_puts=0 deleted=0
checkpoint_phase lsn=20856 phase=value_index_schedule slot=0 started_ns=1790174544447494000 ended_ns=1790174544447499791 elapsed_us=5 block_gets=0 block_puts=0 deleted=0
checkpoint_phase lsn=20856 phase=value_index_schedule slot=0 started_ns=1790174544447549000 ended_ns=1790174544447725667 elapsed_us=176 block_gets=0 block_puts=0 deleted=0
checkpoint_phase lsn=20856 phase=value_index_write slot=0 started_ns=1790174544463201000 ended_ns=1790174544463203291 elapsed_us=2 block_gets=0 block_puts=0 deleted=0
checkpoint_phase lsn=20856 phase=value_index_write slot=0 started_ns=1790174544474034000 ended_ns=1790174544474162458 elapsed_us=128 block_gets=0 block_puts=0 deleted=0
checkpoint_phase lsn=20856 phase=value_index_write slot=0 started_ns=1790174544487827000 ended_ns=1790174544487952959 elapsed_us=125 block_gets=0 block_puts=0 deleted=0
checkpoint_phase lsn=20856 phase=value_index_write slot=0 started_ns=1790174544488008000 ended_ns=1790174544488115542 elapsed_us=107 block_gets=0 block_puts=0 deleted=0
checkpoint_phase lsn=20856 phase=value_index_write slot=0 started_ns=1790174544488182000 ended_ns=1790174544488252625 elapsed_us=70 block_gets=0 block_puts=0 deleted=0
checkpoint_phase lsn=20872 phase=value_index_schedule slot=0 started_ns=1790174544543232000 ended_ns=1790174544543238417 elapsed_us=6 block_gets=0 block_puts=0 deleted=0
checkpoint_phase lsn=20872 phase=value_index_schedule slot=0 started_ns=1790174544551844000 ended_ns=1790174544552014125 elapsed_us=170 block_gets=0 block_puts=0 deleted=0
checkpoint_phase lsn=20872 phase=value_index_write slot=0 started_ns=1790174544552069000 ended_ns=1790174544552070791 elapsed_us=1 block_gets=0 block_puts=0 deleted=0
checkpoint_phase lsn=20872 phase=value_index_write slot=0 started_ns=1790174544561694000 ended_ns=1790174544561827583 elapsed_us=133 block_gets=0 block_puts=0 deleted=0
checkpoint_phase lsn=20872 phase=value_index_write slot=0 started_ns=1790174544561886000 ended_ns=1790174544562009167 elapsed_us=123 block_gets=0 block_puts=0 deleted=0
checkpoint_phase lsn=20872 phase=value_index_write slot=0 started_ns=1790174544562119000 ended_ns=1790174544562442334 elapsed_us=323 block_gets=0 block_puts=0 deleted=0
checkpoint_phase lsn=20872 phase=value_index_write slot=0 started_ns=1790174544574545000 ended_ns=1790174544574620833 elapsed_us=75 block_gets=0 block_puts=0 deleted=0
checkpoint_phase lsn=20872 phase=value_index_write slot=0 started_ns=1790174544574685000 ended_ns=1790174544574758458 elapsed_us=73 block_gets=0 block_puts=0 deleted=0
checkpoint_phase lsn=20872 phase=value_index_write slot=0 started_ns=1790174544586218000 ended_ns=1790174544593843916 elapsed_us=7625 block_gets=0 block_puts=1 deleted=0
checkpoint_phase lsn=20888 phase=value_index_schedule slot=0 started_ns=1790174544638096000 ended_ns=1790174544638102375 elapsed_us=6 block_gets=0 block_puts=0 deleted=0
checkpoint_phase lsn=20888 phase=value_index_schedule slot=0 started_ns=1790174544638151000 ended_ns=1790174544638323125 elapsed_us=172 block_gets=0 block_puts=0 deleted=0
checkpoint_phase lsn=20888 phase=value_index_write slot=0 started_ns=1790174544648040000 ended_ns=1790174544648042375 elapsed_us=2 block_gets=0 block_puts=0 deleted=0
checkpoint_phase lsn=20888 phase=value_index_write slot=0 started_ns=1790174544648096000 ended_ns=1790174544648231292 elapsed_us=135 block_gets=0 block_puts=0 deleted=0
checkpoint_phase lsn=20888 phase=value_index_write slot=0 started_ns=1790174544648278000 ended_ns=1790174544648398458 elapsed_us=120 block_gets=0 block_puts=0 deleted=0
checkpoint_phase lsn=20888 phase=value_index_write slot=0 started_ns=1790174544648444000 ended_ns=1790174544648560083 elapsed_us=116 block_gets=0 block_puts=0 deleted=0
checkpoint_phase lsn=20888 phase=value_index_write slot=0 started_ns=1790174544658267000 ended_ns=1790174544658339625 elapsed_us=72 block_gets=0 block_puts=0 deleted=0
checkpoint_phase lsn=20888 phase=value_index_write slot=0 started_ns=1790174544658395000 ended_ns=1790174544658473459 elapsed_us=78 block_gets=0 block_puts=0 deleted=0
checkpoint_phase lsn=20888 phase=value_index_write slot=0 started_ns=1790174544668103000 ended_ns=1790174544675703959 elapsed_us=7600 block_gets=0 block_puts=1 deleted=0
checkpoint_phase lsn=20888 phase=value_index_write slot=0 started_ns=1790174544687943000 ended_ns=1790174544688017292 elapsed_us=74 block_gets=0 block_puts=0 deleted=0
checkpoint_phase lsn=20888 phase=value_index_write slot=0 started_ns=1790174544688067000 ended_ns=1790174544688137708 elapsed_us=70 block_gets=0 block_puts=0 deleted=0
checkpoint_phase lsn=20888 phase=value_index_write slot=0 started_ns=1790174544688180000 ended_ns=1790174544688250958 elapsed_us=70 block_gets=0 block_puts=0 deleted=0
checkpoint_phase lsn=20904 phase=value_index_schedule slot=0 started_ns=1790174544729186000 ended_ns=1790174544729192500 elapsed_us=6 block_gets=0 block_puts=0 deleted=0
checkpoint_phase lsn=20904 phase=value_index_schedule slot=0 started_ns=1790174544729241000 ended_ns=1790174544729436084 elapsed_us=195 block_gets=0 block_puts=0 deleted=0
checkpoint_phase lsn=20904 phase=value_index_write slot=0 started_ns=1790174544729487000 ended_ns=1790174544729488583 elapsed_us=1 block_gets=0 block_puts=0 deleted=0
checkpoint_phase lsn=20904 phase=value_index_write slot=0 started_ns=1790174544729533000 ended_ns=1790174544729661667 elapsed_us=128 block_gets=0 block_puts=0 deleted=0
checkpoint_phase lsn=20904 phase=value_index_write slot=0 started_ns=1790174544740282000 ended_ns=1790174544740409417 elapsed_us=127 block_gets=0 block_puts=0 deleted=0
checkpoint_phase lsn=20904 phase=value_index_write slot=0 started_ns=1790174544752600000 ended_ns=1790174544752724834 elapsed_us=124 block_gets=0 block_puts=0 deleted=0
checkpoint_phase lsn=20904 phase=value_index_write slot=0 started_ns=1790174544752782000 ended_ns=1790174544752853583 elapsed_us=71 block_gets=0 block_puts=0 deleted=0
checkpoint_phase lsn=20904 phase=value_index_write slot=0 started_ns=1790174544759074000 ended_ns=1790174544759145833 elapsed_us=71 block_gets=0 block_puts=0 deleted=0
checkpoint_phase lsn=20908 phase=value_index_schedule slot=0 started_ns=1790174544782382000 ended_ns=1790174544782388791 elapsed_us=6 block_gets=0 block_puts=0 deleted=0
checkpoint_phase lsn=20908 phase=value_index_schedule slot=0 started_ns=1790174544782437000 ended_ns=1790174544782622750 elapsed_us=185 block_gets=0 block_puts=0 deleted=0
checkpoint_phase lsn=20920 phase=value_index_schedule slot=0 started_ns=1790174544817872000 ended_ns=1790174544817878125 elapsed_us=6 block_gets=0 block_puts=0 deleted=0
checkpoint_phase lsn=20920 phase=value_index_schedule slot=0 started_ns=1790174544817930000 ended_ns=1790174544818113500 elapsed_us=183 block_gets=0 block_puts=0 deleted=0
checkpoint_phase lsn=20920 phase=value_index_write slot=0 started_ns=1790174544831555000 ended_ns=1790174544831557416 elapsed_us=2 block_gets=0 block_puts=0 deleted=0
checkpoint_phase lsn=20920 phase=value_index_write slot=0 started_ns=1790174544831624000 ended_ns=1790174544831754667 elapsed_us=130 block_gets=0 block_puts=0 deleted=0
checkpoint_phase lsn=20920 phase=value_index_write slot=0 started_ns=1790174544831804000 ended_ns=1790174544831926250 elapsed_us=122 block_gets=0 block_puts=0 deleted=0
checkpoint_phase lsn=20920 phase=value_index_write slot=0 started_ns=1790174544840879000 ended_ns=1790174544841003167 elapsed_us=124 block_gets=0 block_puts=0 deleted=0
checkpoint_phase lsn=20920 phase=value_index_write slot=0 started_ns=1790174544841060000 ended_ns=1790174544841135750 elapsed_us=75 block_gets=0 block_puts=0 deleted=0
checkpoint_phase lsn=20920 phase=value_index_write slot=0 started_ns=1790174544841184000 ended_ns=1790174544841254291 elapsed_us=70 block_gets=0 block_puts=0 deleted=0
checkpoint_phase lsn=20920 phase=value_index_write slot=0 started_ns=1790174544852364000 ended_ns=1790174544859880125 elapsed_us=7516 block_gets=0 block_puts=1 deleted=0
checkpoint_phase lsn=20936 phase=value_index_schedule slot=0 started_ns=1790174544903443000 ended_ns=1790174544903449250 elapsed_us=6 block_gets=0 block_puts=0 deleted=0
checkpoint_phase lsn=20936 phase=value_index_schedule slot=0 started_ns=1790174544903515000 ended_ns=1790174544903708750 elapsed_us=193 block_gets=0 block_puts=0 deleted=0
checkpoint_phase lsn=20936 phase=value_index_write slot=0 started_ns=1790174544913440000 ended_ns=1790174544913442583 elapsed_us=2 block_gets=0 block_puts=0 deleted=0
checkpoint_phase lsn=20936 phase=value_index_write slot=0 started_ns=1790174544913503000 ended_ns=1790174544913630583 elapsed_us=127 block_gets=0 block_puts=0 deleted=0
checkpoint_phase lsn=20936 phase=value_index_write slot=0 started_ns=1790174544913676000 ended_ns=1790174544913796208 elapsed_us=120 block_gets=0 block_puts=0 deleted=0
checkpoint_phase lsn=20936 phase=value_index_write slot=0 started_ns=1790174544923440000 ended_ns=1790174544923565291 elapsed_us=125 block_gets=0 block_puts=0 deleted=0
checkpoint_phase lsn=20936 phase=value_index_write slot=0 started_ns=1790174544923623000 ended_ns=1790174544923701583 elapsed_us=78 block_gets=0 block_puts=0 deleted=0
checkpoint_phase lsn=20936 phase=value_index_write slot=0 started_ns=1790174544923749000 ended_ns=1790174544923819541 elapsed_us=70 block_gets=0 block_puts=0 deleted=0
checkpoint_phase lsn=20936 phase=value_index_write slot=0 started_ns=1790174544932703000 ended_ns=1790174544940361958 elapsed_us=7658 block_gets=0 block_puts=1 deleted=0
checkpoint_phase lsn=20936 phase=value_index_write slot=0 started_ns=1790174544950355000 ended_ns=1790174544950428541 elapsed_us=73 block_gets=0 block_puts=0 deleted=0
checkpoint_phase lsn=20936 phase=value_index_write slot=0 started_ns=1790174544950490000 ended_ns=1790174544950560667 elapsed_us=70 block_gets=0 block_puts=0 deleted=0
checkpoint_phase lsn=20936 phase=value_index_write slot=0 started_ns=1790174544950606000 ended_ns=1790174544950676083 elapsed_us=70 block_gets=0 block_puts=0 deleted=0
checkpoint_phase lsn=20952 phase=value_index_schedule slot=0 started_ns=1790174545016238000 ended_ns=1790174545016245042 elapsed_us=7 block_gets=0 block_puts=0 deleted=0
checkpoint_phase lsn=20952 phase=value_index_schedule slot=0 started_ns=1790174545026250000 ended_ns=1790174545026446541 elapsed_us=196 block_gets=0 block_puts=0 deleted=0
checkpoint_phase lsn=20952 phase=value_index_write slot=0 started_ns=1790174545036073000 ended_ns=1790174545036075333 elapsed_us=2 block_gets=0 block_puts=0 deleted=0
checkpoint_phase lsn=20952 phase=value_index_write slot=0 started_ns=1790174545040023000 ended_ns=1790174545040153583 elapsed_us=130 block_gets=0 block_puts=0 deleted=0
checkpoint_phase lsn=20952 phase=value_index_write slot=0 started_ns=1790174545048908000 ended_ns=1790174545049034083 elapsed_us=126 block_gets=0 block_puts=0 deleted=0
checkpoint_phase lsn=20952 phase=value_index_write slot=0 started_ns=1790174545049092000 ended_ns=1790174545049213125 elapsed_us=121 block_gets=0 block_puts=0 deleted=0
checkpoint_phase lsn=20968 phase=value_index_schedule slot=0 started_ns=1790174545094342000 ended_ns=1790174545094347958 elapsed_us=5 block_gets=0 block_puts=0 deleted=0
checkpoint_phase lsn=20968 phase=value_index_schedule slot=0 started_ns=1790174545094669000 ended_ns=1790174545094878000 elapsed_us=209 block_gets=0 block_puts=0 deleted=0
checkpoint_phase lsn=20968 phase=value_index_write slot=0 started_ns=1790174545094943000 ended_ns=1790174545094945292 elapsed_us=2 block_gets=0 block_puts=0 deleted=0
checkpoint_phase lsn=20968 phase=value_index_write slot=0 started_ns=1790174545095215000 ended_ns=1790174545095343042 elapsed_us=128 block_gets=0 block_puts=0 deleted=0
checkpoint_phase lsn=20968 phase=value_index_write slot=0 started_ns=1790174545096051000 ended_ns=1790174545096171791 elapsed_us=120 block_gets=0 block_puts=0 deleted=0
checkpoint_phase lsn=20968 phase=value_index_write slot=0 started_ns=1790174545096225000 ended_ns=1790174545096343416 elapsed_us=118 block_gets=0 block_puts=0 deleted=0
checkpoint_phase lsn=20968 phase=value_index_write slot=0 started_ns=1790174545096706000 ended_ns=1790174545096793917 elapsed_us=87 block_gets=0 block_puts=0 deleted=0
checkpoint_phase lsn=20968 phase=value_index_write slot=0 started_ns=1790174545097446000 ended_ns=1790174545097516750 elapsed_us=70 block_gets=0 block_puts=0 deleted=0
checkpoint_phase lsn=20968 phase=value_index_write slot=0 started_ns=1790174545097572000 ended_ns=1790174545105324792 elapsed_us=7752 block_gets=0 block_puts=1 deleted=0
checkpoint_phase lsn=20972 phase=value_index_schedule slot=0 started_ns=1790174545122193000 ended_ns=1790174545122198750 elapsed_us=5 block_gets=0 block_puts=0 deleted=0
checkpoint_phase lsn=20972 phase=value_index_schedule slot=0 started_ns=1790174545122254000 ended_ns=1790174545122454125 elapsed_us=200 block_gets=0 block_puts=0 deleted=0
checkpoint_phase lsn=20980 phase=value_index_schedule slot=0 started_ns=1790174545148123000 ended_ns=1790174545148128584 elapsed_us=5 block_gets=0 block_puts=0 deleted=0
checkpoint_phase lsn=20980 phase=value_index_schedule slot=0 started_ns=1790174545148603000 ended_ns=1790174545148796500 elapsed_us=193 block_gets=0 block_puts=0 deleted=0
checkpoint_phase lsn=20984 phase=value_index_schedule slot=0 started_ns=1790174545164610000 ended_ns=1790174545164615875 elapsed_us=5 block_gets=0 block_puts=0 deleted=0
checkpoint_phase lsn=20984 phase=value_index_schedule slot=0 started_ns=1790174545164666000 ended_ns=1790174545164863666 elapsed_us=197 block_gets=0 block_puts=0 deleted=0
checkpoint_phase lsn=20984 phase=value_index_write slot=0 started_ns=1790174545165487000 ended_ns=1790174545165488584 elapsed_us=1 block_gets=0 block_puts=0 deleted=0
checkpoint_phase lsn=20984 phase=value_index_write slot=0 started_ns=1790174545165680000 ended_ns=1790174545165808833 elapsed_us=128 block_gets=0 block_puts=0 deleted=0
checkpoint_phase lsn=20988 phase=value_index_schedule slot=0 started_ns=1790174545180555000 ended_ns=1790174545180561334 elapsed_us=6 block_gets=0 block_puts=0 deleted=0
checkpoint_phase lsn=20988 phase=value_index_schedule slot=0 started_ns=1790174545180614000 ended_ns=1790174545180815416 elapsed_us=201 block_gets=0 block_puts=0 deleted=0
checkpoint_phase lsn=20992 phase=value_index_schedule slot=0 started_ns=1790174545196947000 ended_ns=1790174545196953042 elapsed_us=6 block_gets=0 block_puts=0 deleted=0
checkpoint_phase lsn=20992 phase=value_index_schedule slot=0 started_ns=1790174545197310000 ended_ns=1790174545197509250 elapsed_us=199 block_gets=0 block_puts=0 deleted=0
checkpoint_phase lsn=21000 phase=value_index_schedule slot=0 started_ns=1790174545217419000 ended_ns=1790174545217425625 elapsed_us=6 block_gets=0 block_puts=0 deleted=0
checkpoint_phase lsn=21000 phase=value_index_schedule slot=0 started_ns=1790174545217481000 ended_ns=1790174545217704125 elapsed_us=223 block_gets=0 block_puts=0 deleted=0
checkpoint_phase lsn=21000 phase=value_index_write slot=0 started_ns=1790174545217760000 ended_ns=1790174545217761167 elapsed_us=1 block_gets=0 block_puts=0 deleted=0
checkpoint_phase lsn=21000 phase=value_index_write slot=0 started_ns=1790174545217812000 ended_ns=1790174545217948417 elapsed_us=136 block_gets=0 block_puts=0 deleted=0
checkpoint_phase lsn=21000 phase=value_index_write slot=0 started_ns=1790174545218003000 ended_ns=1790174545218142917 elapsed_us=139 block_gets=0 block_puts=0 deleted=0
checkpoint_phase lsn=21000 phase=value_index_write slot=0 started_ns=1790174545218208000 ended_ns=1790174545218332625 elapsed_us=124 block_gets=0 block_puts=0 deleted=0
checkpoint_phase lsn=21000 phase=value_index_write slot=0 started_ns=1790174545218973000 ended_ns=1790174545219071209 elapsed_us=98 block_gets=0 block_puts=0 deleted=0
checkpoint_phase lsn=21000 phase=value_index_write slot=0 started_ns=1790174545219288000 ended_ns=1790174545219360541 elapsed_us=72 block_gets=0 block_puts=0 deleted=0
checkpoint_phase lsn=21000 phase=value_index_write slot=0 started_ns=1790174545220028000 ended_ns=1790174545227250500 elapsed_us=7222 block_gets=0 block_puts=1 deleted=0
checkpoint_phase lsn=21008 phase=value_index_schedule slot=0 started_ns=1790174545246656000 ended_ns=1790174545246662417 elapsed_us=6 block_gets=0 block_puts=0 deleted=0
checkpoint_phase lsn=21008 phase=value_index_schedule slot=0 started_ns=1790174545246730000 ended_ns=1790174545246969584 elapsed_us=239 block_gets=0 block_puts=0 deleted=0
checkpoint_phase lsn=21008 phase=value_index_write slot=0 started_ns=1790174545247862000 ended_ns=1790174545247863792 elapsed_us=1 block_gets=0 block_puts=0 deleted=0
checkpoint_phase lsn=21008 phase=value_index_write slot=0 started_ns=1790174545247936000 ended_ns=1790174545248077209 elapsed_us=141 block_gets=0 block_puts=0 deleted=0
checkpoint_phase lsn=21008 phase=value_index_write slot=0 started_ns=1790174545248128000 ended_ns=1790174545248261083 elapsed_us=133 block_gets=0 block_puts=0 deleted=0
checkpoint_phase lsn=21016 phase=value_index_schedule slot=0 started_ns=1790174545273651000 ended_ns=1790174545273657125 elapsed_us=6 block_gets=0 block_puts=0 deleted=0
checkpoint_phase lsn=21016 phase=value_index_schedule slot=0 started_ns=1790174545273724000 ended_ns=1790174545273957375 elapsed_us=233 block_gets=0 block_puts=0 deleted=0
checkpoint_phase lsn=21016 phase=value_index_write slot=0 started_ns=1790174545274808000 ended_ns=1790174545274809208 elapsed_us=1 block_gets=0 block_puts=0 deleted=0
checkpoint_phase lsn=21016 phase=value_index_write slot=0 started_ns=1790174545274871000 ended_ns=1790174545275023208 elapsed_us=152 block_gets=0 block_puts=0 deleted=0
checkpoint_phase lsn=21016 phase=value_index_write slot=0 started_ns=1790174545275083000 ended_ns=1790174545275215125 elapsed_us=132 block_gets=0 block_puts=0 deleted=0
checkpoint_phase lsn=21016 phase=value_index_write slot=0 started_ns=1790174545276020000 ended_ns=1790174545276155416 elapsed_us=135 block_gets=0 block_puts=0 deleted=0
checkpoint_phase lsn=21016 phase=value_index_write slot=0 started_ns=1790174545276209000 ended_ns=1790174545276317209 elapsed_us=108 block_gets=0 block_puts=0 deleted=0
checkpoint_phase lsn=21024 phase=value_index_schedule slot=0 started_ns=1790174545298388000 ended_ns=1790174545298394250 elapsed_us=6 block_gets=0 block_puts=0 deleted=0
checkpoint_phase lsn=21024 phase=value_index_schedule slot=0 started_ns=1790174545298449000 ended_ns=1790174545298673125 elapsed_us=224 block_gets=0 block_puts=0 deleted=0
checkpoint_phase lsn=21024 phase=value_index_write slot=0 started_ns=1790174545299505000 ended_ns=1790174545299506250 elapsed_us=1 block_gets=0 block_puts=0 deleted=0
checkpoint_phase lsn=21024 phase=value_index_write slot=0 started_ns=1790174545299555000 ended_ns=1790174545299702000 elapsed_us=147 block_gets=0 block_puts=0 deleted=0
checkpoint_phase lsn=21024 phase=value_index_write slot=0 started_ns=1790174545299748000 ended_ns=1790174545299885375 elapsed_us=137 block_gets=0 block_puts=0 deleted=0
checkpoint_phase lsn=21032 phase=value_index_schedule slot=0 started_ns=1790174545319280000 ended_ns=1790174545319286375 elapsed_us=6 block_gets=0 block_puts=0 deleted=0
checkpoint_phase lsn=21032 phase=value_index_schedule slot=0 started_ns=1790174545319348000 ended_ns=1790174545319577625 elapsed_us=229 block_gets=0 block_puts=0 deleted=0
checkpoint_phase lsn=21032 phase=value_index_write slot=0 started_ns=1790174545320388000 ended_ns=1790174545320389459 elapsed_us=1 block_gets=0 block_puts=0 deleted=0
checkpoint_phase lsn=21032 phase=value_index_write slot=0 started_ns=1790174545320436000 ended_ns=1790174545320574625 elapsed_us=138 block_gets=0 block_puts=0 deleted=0
checkpoint_phase lsn=21032 phase=value_index_write slot=0 started_ns=1790174545320815000 ended_ns=1790174545320943708 elapsed_us=128 block_gets=0 block_puts=0 deleted=0
checkpoint_phase lsn=21036 phase=value_index_schedule slot=0 started_ns=1790174545336780000 ended_ns=1790174545336786292 elapsed_us=6 block_gets=0 block_puts=0 deleted=0
checkpoint_phase lsn=21036 phase=value_index_schedule slot=0 started_ns=1790174545336848000 ended_ns=1790174545337095166 elapsed_us=247 block_gets=0 block_puts=0 deleted=0
checkpoint_phase lsn=21040 phase=value_index_schedule slot=0 started_ns=1790174545352603000 ended_ns=1790174545352609459 elapsed_us=6 block_gets=0 block_puts=0 deleted=0
checkpoint_phase lsn=21040 phase=value_index_schedule slot=0 started_ns=1790174545352661000 ended_ns=1790174545352876833 elapsed_us=215 block_gets=0 block_puts=0 deleted=0
checkpoint_phase lsn=21040 phase=value_index_write slot=0 started_ns=1790174545353605000 ended_ns=1790174545353606583 elapsed_us=1 block_gets=0 block_puts=0 deleted=0
checkpoint_phase lsn=21040 phase=value_index_write slot=0 started_ns=1790174545353658000 ended_ns=1790174545353787292 elapsed_us=129 block_gets=0 block_puts=0 deleted=0
checkpoint_phase lsn=21040 phase=value_index_write slot=0 started_ns=1790174545353833000 ended_ns=1790174545353954083 elapsed_us=121 block_gets=0 block_puts=0 deleted=0
checkpoint_phase lsn=21048 phase=value_index_schedule slot=0 started_ns=1790174545374134000 ended_ns=1790174545374140875 elapsed_us=6 block_gets=0 block_puts=0 deleted=0
checkpoint_phase lsn=21048 phase=value_index_schedule slot=0 started_ns=1790174545374203000 ended_ns=1790174545374465250 elapsed_us=262 block_gets=0 block_puts=0 deleted=0
checkpoint_phase lsn=21048 phase=value_index_write slot=0 started_ns=1790174545375361000 ended_ns=1790174545375362666 elapsed_us=1 block_gets=0 block_puts=0 deleted=0
checkpoint_phase lsn=21048 phase=value_index_write slot=0 started_ns=1790174545375419000 ended_ns=1790174545375580709 elapsed_us=161 block_gets=0 block_puts=0 deleted=0
checkpoint_phase lsn=21048 phase=value_index_write slot=0 started_ns=1790174545375637000 ended_ns=1790174545375791416 elapsed_us=154 block_gets=0 block_puts=0 deleted=0
checkpoint_phase lsn=21052 phase=value_index_schedule slot=0 started_ns=1790174545392387000 ended_ns=1790174545392392916 elapsed_us=5 block_gets=0 block_puts=0 deleted=0
checkpoint_phase lsn=21052 phase=value_index_schedule slot=0 started_ns=1790174545392450000 ended_ns=1790174545392710625 elapsed_us=260 block_gets=0 block_puts=0 deleted=0
checkpoint_phase lsn=21056 phase=value_index_schedule slot=0 started_ns=1790174545408408000 ended_ns=1790174545408414917 elapsed_us=6 block_gets=0 block_puts=0 deleted=0
checkpoint_phase lsn=21056 phase=value_index_schedule slot=0 started_ns=1790174545408487000 ended_ns=1790174545408762667 elapsed_us=275 block_gets=0 block_puts=0 deleted=0
checkpoint_phase lsn=21056 phase=value_index_write slot=0 started_ns=1790174545409801000 ended_ns=1790174545409802625 elapsed_us=1 block_gets=0 block_puts=0 deleted=0
checkpoint_phase lsn=21056 phase=value_index_write slot=0 started_ns=1790174545409866000 ended_ns=1790174545410026083 elapsed_us=160 block_gets=0 block_puts=0 deleted=0
checkpoint_phase lsn=21056 phase=value_index_write slot=0 started_ns=1790174545410476000 ended_ns=1790174545410630250 elapsed_us=154 block_gets=0 block_puts=0 deleted=0
checkpoint_phase lsn=21064 phase=value_index_schedule slot=0 started_ns=1790174545430260000 ended_ns=1790174545430266875 elapsed_us=6 block_gets=0 block_puts=0 deleted=0
checkpoint_phase lsn=21064 phase=value_index_schedule slot=0 started_ns=1790174545430327000 ended_ns=1790174545430599125 elapsed_us=272 block_gets=0 block_puts=0 deleted=0
checkpoint_phase lsn=21068 phase=value_index_schedule slot=0 started_ns=1790174545446958000 ended_ns=1790174545446964459 elapsed_us=6 block_gets=0 block_puts=0 deleted=0
checkpoint_phase lsn=21068 phase=value_index_schedule slot=0 started_ns=1790174545447026000 ended_ns=1790174545447296667 elapsed_us=270 block_gets=0 block_puts=0 deleted=0
checkpoint_phase lsn=21072 phase=value_index_schedule slot=0 started_ns=1790174545470492000 ended_ns=1790174545470498542 elapsed_us=6 block_gets=0 block_puts=0 deleted=0
checkpoint_phase lsn=21072 phase=value_index_schedule slot=0 started_ns=1790174545470573000 ended_ns=1790174545470851458 elapsed_us=278 block_gets=0 block_puts=0 deleted=0
checkpoint_phase lsn=21072 phase=value_index_write slot=0 started_ns=1790174545471791000 ended_ns=1790174545471792375 elapsed_us=1 block_gets=0 block_puts=0 deleted=0
checkpoint_phase lsn=21072 phase=value_index_write slot=0 started_ns=1790174545471856000 ended_ns=1790174545472015000 elapsed_us=159 block_gets=0 block_puts=0 deleted=0
checkpoint_phase lsn=21072 phase=value_index_write slot=0 started_ns=1790174545472073000 ended_ns=1790174545472231292 elapsed_us=158 block_gets=0 block_puts=0 deleted=0
checkpoint_phase lsn=21072 phase=value_index_write slot=0 started_ns=1790174545473111000 ended_ns=1790174545473262292 elapsed_us=151 block_gets=0 block_puts=0 deleted=0
checkpoint_phase lsn=21072 phase=value_index_write slot=0 started_ns=1790174545473320000 ended_ns=1790174545473468834 elapsed_us=148 block_gets=0 block_puts=0 deleted=0
checkpoint_phase lsn=21080 phase=value_index_schedule slot=0 started_ns=1790174545494720000 ended_ns=1790174545494726083 elapsed_us=6 block_gets=0 block_puts=0 deleted=0
checkpoint_phase lsn=21080 phase=value_index_schedule slot=0 started_ns=1790174545494784000 ended_ns=1790174545495055375 elapsed_us=271 block_gets=0 block_puts=0 deleted=0
checkpoint_phase lsn=21084 phase=value_index_schedule slot=0 started_ns=1790174545512527000 ended_ns=1790174545512533833 elapsed_us=6 block_gets=0 block_puts=0 deleted=0
checkpoint_phase lsn=21084 phase=value_index_schedule slot=0 started_ns=1790174545512613000 ended_ns=1790174545512894458 elapsed_us=281 block_gets=0 block_puts=0 deleted=0
checkpoint_phase lsn=21088 phase=value_index_schedule slot=0 started_ns=1790174545529267000 ended_ns=1790174545529272791 elapsed_us=5 block_gets=0 block_puts=0 deleted=0
checkpoint_phase lsn=21088 phase=value_index_schedule slot=0 started_ns=1790174545529337000 ended_ns=1790174545529607792 elapsed_us=270 block_gets=0 block_puts=0 deleted=0
checkpoint_phase lsn=21088 phase=value_index_write slot=0 started_ns=1790174545530577000 ended_ns=1790174545530578834 elapsed_us=1 block_gets=0 block_puts=0 deleted=0
checkpoint_phase lsn=21088 phase=value_index_write slot=0 started_ns=1790174545530641000 ended_ns=1790174545530803708 elapsed_us=162 block_gets=0 block_puts=0 deleted=0
checkpoint_phase lsn=21088 phase=value_index_write slot=0 started_ns=1790174545531296000 ended_ns=1790174545531449000 elapsed_us=153 block_gets=0 block_puts=0 deleted=0
checkpoint_phase lsn=21092 phase=value_index_schedule slot=0 started_ns=1790174545548883000 ended_ns=1790174545548889583 elapsed_us=6 block_gets=0 block_puts=0 deleted=0
checkpoint_phase lsn=21092 phase=value_index_schedule slot=0 started_ns=1790174545548961000 ended_ns=1790174545549247500 elapsed_us=286 block_gets=0 block_puts=0 deleted=0
checkpoint_phase lsn=21092 phase=value_index_write slot=0 started_ns=1790174545549311000 ended_ns=1790174545549312541 elapsed_us=1 block_gets=0 block_puts=0 deleted=0
checkpoint_phase lsn=21092 phase=value_index_write slot=0 started_ns=1790174545549370000 ended_ns=1790174545549530083 elapsed_us=160 block_gets=0 block_puts=0 deleted=0
checkpoint_phase lsn=21092 phase=value_index_write slot=0 started_ns=1790174545549863000 ended_ns=1790174545550015292 elapsed_us=152 block_gets=0 block_puts=0 deleted=0
checkpoint_phase lsn=21096 phase=value_index_schedule slot=0 started_ns=1790174545566215000 ended_ns=1790174545566221458 elapsed_us=6 block_gets=0 block_puts=0 deleted=0
checkpoint_phase lsn=21096 phase=value_index_schedule slot=0 started_ns=1790174545566280000 ended_ns=1790174545566582333 elapsed_us=302 block_gets=0 block_puts=0 deleted=0
checkpoint_phase lsn=21096 phase=value_index_write slot=0 started_ns=1790174545566954000 ended_ns=1790174545566955458 elapsed_us=1 block_gets=0 block_puts=0 deleted=0
checkpoint_phase lsn=21104 phase=value_index_schedule slot=0 started_ns=1790174545586914000 ended_ns=1790174545586918958 elapsed_us=4 block_gets=0 block_puts=0 deleted=0
checkpoint_phase lsn=21104 phase=value_index_schedule slot=0 started_ns=1790174545587451000 ended_ns=1790174545587684875 elapsed_us=233 block_gets=0 block_puts=0 deleted=0
checkpoint_phase lsn=21108 phase=value_index_schedule slot=0 started_ns=1790174545603974000 ended_ns=1790174545603979917 elapsed_us=5 block_gets=0 block_puts=0 deleted=0
checkpoint_phase lsn=21108 phase=value_index_schedule slot=0 started_ns=1790174545604037000 ended_ns=1790174545604299708 elapsed_us=262 block_gets=0 block_puts=0 deleted=0
checkpoint_phase lsn=21108 phase=value_index_write slot=0 started_ns=1790174545605156000 ended_ns=1790174545605157375 elapsed_us=1 block_gets=0 block_puts=0 deleted=0
checkpoint_phase lsn=21108 phase=value_index_write slot=0 started_ns=1790174545605221000 ended_ns=1790174545605370625 elapsed_us=149 block_gets=0 block_puts=0 deleted=0
checkpoint_phase lsn=21112 phase=value_index_schedule slot=0 started_ns=1790174545620262000 ended_ns=1790174545620267875 elapsed_us=5 block_gets=0 block_puts=0 deleted=0
checkpoint_phase lsn=21112 phase=value_index_schedule slot=0 started_ns=1790174545620321000 ended_ns=1790174545620582000 elapsed_us=261 block_gets=0 block_puts=0 deleted=0
checkpoint_phase lsn=21120 phase=value_index_schedule slot=0 started_ns=1790174545642241000 ended_ns=1790174545642248750 elapsed_us=7 block_gets=0 block_puts=0 deleted=0
checkpoint_phase lsn=21120 phase=value_index_schedule slot=0 started_ns=1790174545642309000 ended_ns=1790174545642644125 elapsed_us=335 block_gets=0 block_puts=0 deleted=0
checkpoint_phase lsn=21120 phase=value_index_write slot=0 started_ns=1790174545643568000 ended_ns=1790174545643569708 elapsed_us=1 block_gets=0 block_puts=0 deleted=0
checkpoint_phase lsn=21120 phase=value_index_write slot=0 started_ns=1790174545643627000 ended_ns=1790174545643787000 elapsed_us=160 block_gets=0 block_puts=0 deleted=0
checkpoint_phase lsn=21120 phase=value_index_write slot=0 started_ns=1790174545643840000 ended_ns=1790174545643993334 elapsed_us=153 block_gets=0 block_puts=0 deleted=0
checkpoint_phase lsn=21124 phase=value_index_schedule slot=0 started_ns=1790174545668849000 ended_ns=1790174545668854833 elapsed_us=5 block_gets=0 block_puts=0 deleted=0
checkpoint_phase lsn=21124 phase=value_index_schedule slot=0 started_ns=1790174545668923000 ended_ns=1790174545669220583 elapsed_us=297 block_gets=0 block_puts=0 deleted=0
checkpoint_phase lsn=21124 phase=value_index_write slot=0 started_ns=1790174545670121000 ended_ns=1790174545670122708 elapsed_us=1 block_gets=0 block_puts=0 deleted=0
checkpoint_phase lsn=21124 phase=value_index_write slot=0 started_ns=1790174545670187000 ended_ns=1790174545670341167 elapsed_us=154 block_gets=0 block_puts=0 deleted=0
checkpoint_phase lsn=21128 phase=value_index_schedule slot=0 started_ns=1790174545686358000 ended_ns=1790174545686363417 elapsed_us=5 block_gets=0 block_puts=0 deleted=0
checkpoint_phase lsn=21128 phase=value_index_schedule slot=0 started_ns=1790174545686592000 ended_ns=1790174545686851708 elapsed_us=259 block_gets=0 block_puts=0 deleted=0
checkpoint_phase lsn=21136 phase=value_index_schedule slot=0 started_ns=1790174545707257000 ended_ns=1790174545707263791 elapsed_us=6 block_gets=0 block_puts=0 deleted=0
checkpoint_phase lsn=21136 phase=value_index_schedule slot=0 started_ns=1790174545707320000 ended_ns=1790174545707588500 elapsed_us=268 block_gets=0 block_puts=0 deleted=0
checkpoint_phase lsn=21136 phase=value_index_write slot=0 started_ns=1790174545708502000 ended_ns=1790174545708504292 elapsed_us=2 block_gets=0 block_puts=0 deleted=0
checkpoint_phase lsn=21136 phase=value_index_write slot=0 started_ns=1790174545708564000 ended_ns=1790174545708714291 elapsed_us=150 block_gets=0 block_puts=0 deleted=0
checkpoint_phase lsn=21136 phase=value_index_write slot=0 started_ns=1790174545708785000 ended_ns=1790174545708942541 elapsed_us=157 block_gets=0 block_puts=0 deleted=0
checkpoint_phase lsn=21140 phase=value_index_schedule slot=0 started_ns=1790174545725548000 ended_ns=1790174545725554166 elapsed_us=6 block_gets=0 block_puts=0 deleted=0
checkpoint_phase lsn=21140 phase=value_index_schedule slot=0 started_ns=1790174545725614000 ended_ns=1790174545725908292 elapsed_us=294 block_gets=0 block_puts=0 deleted=0
checkpoint_phase lsn=21144 phase=value_index_schedule slot=0 started_ns=1790174545743088000 ended_ns=1790174545743095083 elapsed_us=7 block_gets=0 block_puts=0 deleted=0
checkpoint_phase lsn=21144 phase=value_index_schedule slot=0 started_ns=1790174545743159000 ended_ns=1790174545743457750 elapsed_us=298 block_gets=0 block_puts=0 deleted=0
checkpoint_phase lsn=21144 phase=value_index_write slot=0 started_ns=1790174545744458000 ended_ns=1790174545744459500 elapsed_us=1 block_gets=0 block_puts=0 deleted=0
checkpoint_phase lsn=21144 phase=value_index_write slot=0 started_ns=1790174545744519000 ended_ns=1790174545744680042 elapsed_us=161 block_gets=0 block_puts=0 deleted=0
checkpoint_phase lsn=21152 phase=value_index_schedule slot=0 started_ns=1790174545765308000 ended_ns=1790174545765315209 elapsed_us=7 block_gets=0 block_puts=0 deleted=0
checkpoint_phase lsn=21152 phase=value_index_schedule slot=0 started_ns=1790174545765378000 ended_ns=1790174545765701708 elapsed_us=323 block_gets=0 block_puts=0 deleted=0
checkpoint_phase lsn=21152 phase=value_index_write slot=0 started_ns=1790174545765765000 ended_ns=1790174545765766625 elapsed_us=1 block_gets=0 block_puts=0 deleted=0
checkpoint_phase lsn=21152 phase=value_index_write slot=0 started_ns=1790174545765821000 ended_ns=1790174545765992583 elapsed_us=171 block_gets=0 block_puts=0 deleted=0
checkpoint_phase lsn=21152 phase=value_index_write slot=0 started_ns=1790174545766049000 ended_ns=1790174545766213250 elapsed_us=164 block_gets=0 block_puts=0 deleted=0
checkpoint_phase lsn=21152 phase=value_index_write slot=0 started_ns=1790174545767044000 ended_ns=1790174545767214916 elapsed_us=170 block_gets=0 block_puts=0 deleted=0
checkpoint_phase lsn=21156 phase=value_index_schedule slot=0 started_ns=1790174545784174000 ended_ns=1790174545784179875 elapsed_us=5 block_gets=0 block_puts=0 deleted=0
checkpoint_phase lsn=21156 phase=value_index_schedule slot=0 started_ns=1790174545784659000 ended_ns=1790174545784967375 elapsed_us=308 block_gets=0 block_puts=0 deleted=0
checkpoint_phase lsn=21160 phase=value_index_schedule slot=0 started_ns=1790174545800652000 ended_ns=1790174545800659042 elapsed_us=7 block_gets=0 block_puts=0 deleted=0
checkpoint_phase lsn=21160 phase=value_index_schedule slot=0 started_ns=1790174545800722000 ended_ns=1790174545801035625 elapsed_us=313 block_gets=0 block_puts=0 deleted=0
checkpoint_phase lsn=21160 phase=value_index_write slot=0 started_ns=1790174545802045000 ended_ns=1790174545802046625 elapsed_us=1 block_gets=0 block_puts=0 deleted=0
checkpoint_phase lsn=21160 phase=value_index_write slot=0 started_ns=1790174545802112000 ended_ns=1790174545802288334 elapsed_us=176 block_gets=0 block_puts=0 deleted=0
checkpoint_phase lsn=21168 phase=value_index_schedule slot=0 started_ns=1790174545834332000 ended_ns=1790174545834338709 elapsed_us=6 block_gets=0 block_puts=0 deleted=0
checkpoint_phase lsn=21168 phase=value_index_schedule slot=0 started_ns=1790174545834696000 ended_ns=1790174545835019792 elapsed_us=323 block_gets=0 block_puts=0 deleted=0
checkpoint_phase lsn=21172 phase=value_index_schedule slot=0 started_ns=1790174545852200000 ended_ns=1790174545852206834 elapsed_us=6 block_gets=0 block_puts=0 deleted=0
checkpoint_phase lsn=21172 phase=value_index_schedule slot=0 started_ns=1790174545852273000 ended_ns=1790174545852539583 elapsed_us=266 block_gets=0 block_puts=0 deleted=0
checkpoint_phase lsn=21172 phase=value_index_write slot=0 started_ns=1790174545853337000 ended_ns=1790174545853338667 elapsed_us=1 block_gets=0 block_puts=0 deleted=0
checkpoint_phase lsn=21172 phase=value_index_write slot=0 started_ns=1790174545853387000 ended_ns=1790174545853516500 elapsed_us=129 block_gets=0 block_puts=0 deleted=0
checkpoint_phase lsn=21172 phase=value_index_write slot=0 started_ns=1790174545853723000 ended_ns=1790174545853847958 elapsed_us=124 block_gets=0 block_puts=0 deleted=0
checkpoint_phase lsn=21180 phase=value_index_schedule slot=0 started_ns=1790174545875621000 ended_ns=1790174545875627916 elapsed_us=6 block_gets=0 block_puts=0 deleted=0
checkpoint_phase lsn=21180 phase=value_index_schedule slot=0 started_ns=1790174545875700000 ended_ns=1790174545876027125 elapsed_us=327 block_gets=0 block_puts=0 deleted=0
checkpoint_phase lsn=21180 phase=value_index_write slot=0 started_ns=1790174545877060000 ended_ns=1790174545877061875 elapsed_us=1 block_gets=0 block_puts=0 deleted=0
checkpoint_phase lsn=21180 phase=value_index_write slot=0 started_ns=1790174545877146000 ended_ns=1790174545877320875 elapsed_us=174 block_gets=0 block_puts=0 deleted=0
checkpoint_phase lsn=21180 phase=value_index_write slot=0 started_ns=1790174545877385000 ended_ns=1790174545877552292 elapsed_us=167 block_gets=0 block_puts=0 deleted=0
checkpoint_phase lsn=21184 phase=value_index_schedule slot=0 started_ns=1790174545895007000 ended_ns=1790174545895013750 elapsed_us=6 block_gets=0 block_puts=0 deleted=0
checkpoint_phase lsn=21184 phase=value_index_schedule slot=0 started_ns=1790174545895076000 ended_ns=1790174545895396583 elapsed_us=320 block_gets=0 block_puts=0 deleted=0
checkpoint_phase lsn=21188 phase=value_index_schedule slot=0 started_ns=1790174545912532000 ended_ns=1790174545912538875 elapsed_us=6 block_gets=0 block_puts=0 deleted=0
checkpoint_phase lsn=21188 phase=value_index_schedule slot=0 started_ns=1790174545912608000 ended_ns=1790174545912939375 elapsed_us=331 block_gets=0 block_puts=0 deleted=0
checkpoint_phase lsn=21188 phase=value_index_write slot=0 started_ns=1790174545913933000 ended_ns=1790174545913934583 elapsed_us=1 block_gets=0 block_puts=0 deleted=0
checkpoint_phase lsn=21188 phase=value_index_write slot=0 started_ns=1790174545913999000 ended_ns=1790174545914173750 elapsed_us=174 block_gets=0 block_puts=0 deleted=0
checkpoint_phase lsn=21188 phase=value_index_write slot=0 started_ns=1790174545914234000 ended_ns=1790174545914406334 elapsed_us=172 block_gets=0 block_puts=0 deleted=0
checkpoint_phase lsn=21196 phase=value_index_schedule slot=0 started_ns=1790174545936321000 ended_ns=1790174545936327125 elapsed_us=6 block_gets=0 block_puts=0 deleted=0
checkpoint_phase lsn=21196 phase=value_index_schedule slot=0 started_ns=1790174545937259000 ended_ns=1790174545937591250 elapsed_us=332 block_gets=0 block_puts=0 deleted=0
checkpoint_phase lsn=21196 phase=value_index_write slot=0 started_ns=1790174545938237000 ended_ns=1790174545938238333 elapsed_us=1 block_gets=0 block_puts=0 deleted=0
checkpoint_phase lsn=21204 phase=value_index_schedule slot=0 started_ns=1790174545970701000 ended_ns=1790174545970708000 elapsed_us=7 block_gets=0 block_puts=0 deleted=0
checkpoint_phase lsn=21204 phase=value_index_schedule slot=0 started_ns=1790174545971055000 ended_ns=1790174545971385041 elapsed_us=330 block_gets=0 block_puts=0 deleted=0
checkpoint_phase lsn=21204 phase=value_index_write slot=0 started_ns=1790174545972316000 ended_ns=1790174545972317500 elapsed_us=1 block_gets=0 block_puts=0 deleted=0
checkpoint_phase lsn=21204 phase=value_index_write slot=0 started_ns=1790174545972376000 ended_ns=1790174545972549500 elapsed_us=173 block_gets=0 block_puts=0 deleted=0
checkpoint_phase lsn=21204 phase=value_index_write slot=0 started_ns=1790174545972603000 ended_ns=1790174545972772084 elapsed_us=169 block_gets=0 block_puts=0 deleted=0
checkpoint_phase lsn=21212 phase=value_index_schedule slot=0 started_ns=1790174545993367000 ended_ns=1790174545993373666 elapsed_us=6 block_gets=0 block_puts=0 deleted=0
checkpoint_phase lsn=21212 phase=value_index_schedule slot=0 started_ns=1790174545993451000 ended_ns=1790174545993787292 elapsed_us=336 block_gets=0 block_puts=0 deleted=0
checkpoint_phase lsn=21212 phase=value_index_write slot=0 started_ns=1790174545994735000 ended_ns=1790174545994736833 elapsed_us=1 block_gets=0 block_puts=0 deleted=0
checkpoint_phase lsn=21212 phase=value_index_write slot=0 started_ns=1790174545994803000 ended_ns=1790174545994964084 elapsed_us=161 block_gets=0 block_puts=0 deleted=0
checkpoint_phase lsn=21212 phase=value_index_write slot=0 started_ns=1790174545995279000 ended_ns=1790174545995433625 elapsed_us=154 block_gets=0 block_puts=0 deleted=0
checkpoint_phase lsn=21216 phase=value_index_schedule slot=0 started_ns=1790174546009143000 ended_ns=1790174546009151792 elapsed_us=8 block_gets=0 block_puts=0 deleted=0
checkpoint_phase lsn=21216 phase=value_index_schedule slot=0 started_ns=1790174546009206000 ended_ns=1790174546009521875 elapsed_us=315 block_gets=0 block_puts=0 deleted=0
checkpoint_phase lsn=21216 phase=value_index_write slot=0 started_ns=1790174546009573000 ended_ns=1790174546009574125 elapsed_us=1 block_gets=0 block_puts=0 deleted=0
checkpoint_phase lsn=21216 phase=value_index_write slot=0 started_ns=1790174546009616000 ended_ns=1790174546009743500 elapsed_us=127 block_gets=0 block_puts=0 deleted=0
checkpoint_phase lsn=21216 phase=value_index_write slot=0 started_ns=1790174546009787000 ended_ns=1790174546009908541 elapsed_us=121 block_gets=0 block_puts=0 deleted=0
checkpoint_phase lsn=21216 phase=value_index_write slot=0 started_ns=1790174546009951000 ended_ns=1790174546010072542 elapsed_us=121 block_gets=0 block_puts=0 deleted=0
checkpoint_phase lsn=21216 phase=value_index_write slot=0 started_ns=1790174546010119000 ended_ns=1790174546010240625 elapsed_us=121 block_gets=0 block_puts=0 deleted=0
checkpoint_phase lsn=21216 phase=value_index_write slot=0 started_ns=1790174546010293000 ended_ns=1790174546010398583 elapsed_us=105 block_gets=0 block_puts=0 deleted=0
checkpoint_phase lsn=21216 phase=value_index_write slot=0 started_ns=1790174546010673000 ended_ns=1790174546018332583 elapsed_us=7659 block_gets=0 block_puts=1 deleted=0
checkpoint_phase lsn=21220 phase=value_index_schedule slot=0 started_ns=1790174546032009000 ended_ns=1790174546032014959 elapsed_us=5 block_gets=0 block_puts=0 deleted=0
checkpoint_phase lsn=21220 phase=value_index_schedule slot=0 started_ns=1790174546032068000 ended_ns=1790174546032337750 elapsed_us=269 block_gets=0 block_puts=0 deleted=0
checkpoint_phase lsn=21228 phase=value_index_schedule slot=0 started_ns=1790174546052115000 ended_ns=1790174546052120959 elapsed_us=5 block_gets=0 block_puts=0 deleted=0
checkpoint_phase lsn=21228 phase=value_index_schedule slot=0 started_ns=1790174546052179000 ended_ns=1790174546052465417 elapsed_us=286 block_gets=0 block_puts=0 deleted=0
checkpoint_phase lsn=21228 phase=value_index_write slot=0 started_ns=1790174546052790000 ended_ns=1790174546052791500 elapsed_us=1 block_gets=0 block_puts=0 deleted=0
checkpoint_phase lsn=21228 phase=value_index_write slot=0 started_ns=1790174546053351000 ended_ns=1790174546053492166 elapsed_us=141 block_gets=0 block_puts=0 deleted=0
checkpoint_phase lsn=21228 phase=value_index_write slot=0 started_ns=1790174546053880000 ended_ns=1790174546054007583 elapsed_us=127 block_gets=0 block_puts=0 deleted=0
checkpoint_phase lsn=21228 phase=value_index_write slot=0 started_ns=1790174546054722000 ended_ns=1790174546054851291 elapsed_us=129 block_gets=0 block_puts=0 deleted=0
checkpoint_phase lsn=21228 phase=value_index_write slot=0 started_ns=1790174546054899000 ended_ns=1790174546055019667 elapsed_us=120 block_gets=0 block_puts=0 deleted=0
checkpoint_phase lsn=21228 phase=value_index_write slot=0 started_ns=1790174546055070000 ended_ns=1790174546055180709 elapsed_us=110 block_gets=0 block_puts=0 deleted=0
checkpoint_phase lsn=21232 phase=value_index_schedule slot=0 started_ns=1790174546072815000 ended_ns=1790174546072820667 elapsed_us=5 block_gets=0 block_puts=0 deleted=0
checkpoint_phase lsn=21232 phase=value_index_schedule slot=0 started_ns=1790174546072879000 ended_ns=1790174546073190584 elapsed_us=311 block_gets=0 block_puts=0 deleted=0
checkpoint_phase lsn=21244 phase=value_index_schedule slot=0 started_ns=1790174546102703000 ended_ns=1790174546102710292 elapsed_us=7 block_gets=0 block_puts=0 deleted=0
checkpoint_phase lsn=21244 phase=value_index_schedule slot=0 started_ns=1790174546102779000 ended_ns=1790174546103113959 elapsed_us=334 block_gets=0 block_puts=0 deleted=0
checkpoint_phase lsn=21244 phase=value_index_write slot=0 started_ns=1790174546104074000 ended_ns=1790174546104075708 elapsed_us=1 block_gets=0 block_puts=0 deleted=0
checkpoint_phase lsn=21244 phase=value_index_write slot=0 started_ns=1790174546104131000 ended_ns=1790174546104289958 elapsed_us=158 block_gets=0 block_puts=0 deleted=0
checkpoint_phase lsn=21244 phase=value_index_write slot=0 started_ns=1790174546104524000 ended_ns=1790174546104674917 elapsed_us=150 block_gets=0 block_puts=0 deleted=0
checkpoint_phase lsn=21244 phase=value_index_write slot=0 started_ns=1790174546105512000 ended_ns=1790174546105663916 elapsed_us=151 block_gets=0 block_puts=0 deleted=0
checkpoint_phase lsn=21244 phase=value_index_write slot=0 started_ns=1790174546105913000 ended_ns=1790174546106063459 elapsed_us=150 block_gets=0 block_puts=0 deleted=0
checkpoint_phase lsn=21244 phase=value_index_write slot=0 started_ns=1790174546106895000 ended_ns=1790174546107034916 elapsed_us=139 block_gets=0 block_puts=0 deleted=0
checkpoint_phase lsn=21244 phase=value_index_write slot=0 started_ns=1790174546107096000 ended_ns=1790174546115424667 elapsed_us=8328 block_gets=0 block_puts=1 deleted=0
checkpoint_phase lsn=21256 phase=value_index_schedule slot=0 started_ns=1790174546143403000 ended_ns=1790174546143409250 elapsed_us=6 block_gets=0 block_puts=0 deleted=0
checkpoint_phase lsn=21256 phase=value_index_schedule slot=0 started_ns=1790174546143474000 ended_ns=1790174546143806541 elapsed_us=332 block_gets=0 block_puts=0 deleted=0
checkpoint_phase lsn=21260 phase=value_index_schedule slot=0 started_ns=1790174546162638000 ended_ns=1790174546162645333 elapsed_us=7 block_gets=0 block_puts=0 deleted=0
checkpoint_phase lsn=21260 phase=value_index_schedule slot=0 started_ns=1790174546162708000 ended_ns=1790174546163043958 elapsed_us=335 block_gets=0 block_puts=0 deleted=0
checkpoint_phase lsn=21260 phase=value_index_write slot=0 started_ns=1790174546164003000 ended_ns=1790174546164004708 elapsed_us=1 block_gets=0 block_puts=0 deleted=0
checkpoint_phase lsn=21260 phase=value_index_write slot=0 started_ns=1790174546164064000 ended_ns=1790174546164228292 elapsed_us=164 block_gets=0 block_puts=0 deleted=0
checkpoint_phase lsn=21260 phase=value_index_write slot=0 started_ns=1790174546164285000 ended_ns=1790174546164439750 elapsed_us=154 block_gets=0 block_puts=0 deleted=0
checkpoint_phase lsn=21260 phase=value_index_write slot=0 started_ns=1790174546164869000 ended_ns=1790174546165023458 elapsed_us=154 block_gets=0 block_puts=0 deleted=0
checkpoint_phase lsn=21260 phase=value_index_write slot=0 started_ns=1790174546165292000 ended_ns=1790174546165442083 elapsed_us=150 block_gets=0 block_puts=0 deleted=0
checkpoint_phase lsn=21260 phase=value_index_write slot=0 started_ns=1790174546165502000 ended_ns=1790174546165651917 elapsed_us=149 block_gets=0 block_puts=0 deleted=0
checkpoint_phase lsn=21260 phase=value_index_write slot=0 started_ns=1790174546166505000 ended_ns=1790174546174673500 elapsed_us=8168 block_gets=0 block_puts=1 deleted=0
checkpoint_phase lsn=21268 phase=value_index_schedule slot=0 started_ns=1790174546196125000 ended_ns=1790174546196131000 elapsed_us=6 block_gets=0 block_puts=0 deleted=0
checkpoint_phase lsn=21268 phase=value_index_schedule slot=0 started_ns=1790174546196189000 ended_ns=1790174546196480375 elapsed_us=291 block_gets=0 block_puts=0 deleted=0
checkpoint_phase lsn=21268 phase=value_index_write slot=0 started_ns=1790174546196535000 ended_ns=1790174546196536625 elapsed_us=1 block_gets=0 block_puts=0 deleted=0
checkpoint_phase lsn=21268 phase=value_index_write slot=0 started_ns=1790174546196582000 ended_ns=1790174546196720625 elapsed_us=138 block_gets=0 block_puts=0 deleted=0
checkpoint_phase lsn=21268 phase=value_index_write slot=0 started_ns=1790174546196771000 ended_ns=1790174546196900958 elapsed_us=129 block_gets=0 block_puts=0 deleted=0
checkpoint_phase lsn=21268 phase=value_index_write slot=0 started_ns=1790174546197218000 ended_ns=1790174546197347708 elapsed_us=129 block_gets=0 block_puts=0 deleted=0
checkpoint_phase lsn=21276 phase=value_index_schedule slot=0 started_ns=1790174546218992000 ended_ns=1790174546218998000 elapsed_us=6 block_gets=0 block_puts=0 deleted=0
checkpoint_phase lsn=21276 phase=value_index_schedule slot=0 started_ns=1790174546219061000 ended_ns=1790174546219389042 elapsed_us=328 block_gets=0 block_puts=0 deleted=0
checkpoint_phase lsn=21276 phase=value_index_write slot=0 started_ns=1790174546220334000 ended_ns=1790174546220335583 elapsed_us=1 block_gets=0 block_puts=0 deleted=0
checkpoint_phase lsn=21276 phase=value_index_write slot=0 started_ns=1790174546220396000 ended_ns=1790174546220555458 elapsed_us=159 block_gets=0 block_puts=0 deleted=0
checkpoint_phase lsn=21276 phase=value_index_write slot=0 started_ns=1790174546220611000 ended_ns=1790174546220765667 elapsed_us=154 block_gets=0 block_puts=0 deleted=0
checkpoint_phase lsn=21276 phase=value_index_write slot=0 started_ns=1790174546221633000 ended_ns=1790174546221785542 elapsed_us=152 block_gets=0 block_puts=0 deleted=0
checkpoint_phase lsn=21276 phase=value_index_write slot=0 started_ns=1790174546221842000 ended_ns=1790174546221994667 elapsed_us=152 block_gets=0 block_puts=0 deleted=0
checkpoint_phase lsn=21280 phase=value_index_schedule slot=0 started_ns=1790174546238852000 ended_ns=1790174546238858375 elapsed_us=6 block_gets=0 block_puts=0 deleted=0
checkpoint_phase lsn=21280 phase=value_index_schedule slot=0 started_ns=1790174546238919000 ended_ns=1790174546239253500 elapsed_us=334 block_gets=0 block_puts=0 deleted=0
checkpoint_phase lsn=21284 phase=value_index_schedule slot=0 started_ns=1790174546256572000 ended_ns=1790174546256578709 elapsed_us=6 block_gets=0 block_puts=0 deleted=0
checkpoint_phase lsn=21284 phase=value_index_schedule slot=0 started_ns=1790174546256629000 ended_ns=1790174546256905167 elapsed_us=276 block_gets=0 block_puts=0 deleted=0
checkpoint_phase lsn=21292 phase=value_index_schedule slot=0 started_ns=1790174546275599000 ended_ns=1790174546275606958 elapsed_us=7 block_gets=0 block_puts=0 deleted=0
checkpoint_phase lsn=21292 phase=value_index_schedule slot=0 started_ns=1790174546275663000 ended_ns=1790174546275947959 elapsed_us=284 block_gets=0 block_puts=0 deleted=0
checkpoint_phase lsn=21292 phase=value_index_write slot=0 started_ns=1790174546276702000 ended_ns=1790174546276703334 elapsed_us=1 block_gets=0 block_puts=0 deleted=0
checkpoint_phase lsn=21292 phase=value_index_write slot=0 started_ns=1790174546276754000 ended_ns=1790174546276884041 elapsed_us=130 block_gets=0 block_puts=0 deleted=0
checkpoint_phase lsn=21292 phase=value_index_write slot=0 started_ns=1790174546276931000 ended_ns=1790174546277054000 elapsed_us=123 block_gets=0 block_puts=0 deleted=0
checkpoint_phase lsn=21292 phase=value_index_write slot=0 started_ns=1790174546277773000 ended_ns=1790174546277896708 elapsed_us=123 block_gets=0 block_puts=0 deleted=0
checkpoint_phase lsn=21292 phase=value_index_write slot=0 started_ns=1790174546277944000 ended_ns=1790174546278067542 elapsed_us=123 block_gets=0 block_puts=0 deleted=0
checkpoint_phase lsn=21296 phase=value_index_schedule slot=0 started_ns=1790174546294060000 ended_ns=1790174546294066333 elapsed_us=6 block_gets=0 block_puts=0 deleted=0
checkpoint_phase lsn=21296 phase=value_index_schedule slot=0 started_ns=1790174546294119000 ended_ns=1790174546294405917 elapsed_us=286 block_gets=0 block_puts=0 deleted=0
checkpoint_phase lsn=21300 phase=value_index_schedule slot=0 started_ns=1790174546310283000 ended_ns=1790174546310288625 elapsed_us=5 block_gets=0 block_puts=0 deleted=0
checkpoint_phase lsn=21300 phase=value_index_schedule slot=0 started_ns=1790174546310343000 ended_ns=1790174546310645250 elapsed_us=302 block_gets=0 block_puts=0 deleted=0
checkpoint_phase lsn=21308 phase=value_index_schedule slot=0 started_ns=1790174546331386000 ended_ns=1790174546331392333 elapsed_us=6 block_gets=0 block_puts=0 deleted=0
checkpoint_phase lsn=21308 phase=value_index_schedule slot=0 started_ns=1790174546331447000 ended_ns=1790174546331745208 elapsed_us=298 block_gets=0 block_puts=0 deleted=0
checkpoint_phase lsn=21308 phase=value_index_write slot=0 started_ns=1790174546332576000 ended_ns=1790174546332577834 elapsed_us=1 block_gets=0 block_puts=0 deleted=0
checkpoint_phase lsn=21308 phase=value_index_write slot=0 started_ns=1790174546332631000 ended_ns=1790174546332766292 elapsed_us=135 block_gets=0 block_puts=0 deleted=0
checkpoint_phase lsn=21308 phase=value_index_write slot=0 started_ns=1790174546332817000 ended_ns=1790174546332944542 elapsed_us=127 block_gets=0 block_puts=0 deleted=0
checkpoint_phase lsn=21308 phase=value_index_write slot=0 started_ns=1790174546332999000 ended_ns=1790174546333128666 elapsed_us=129 block_gets=0 block_puts=0 deleted=0
checkpoint_phase lsn=21308 phase=value_index_write slot=0 started_ns=1790174546333177000 ended_ns=1790174546333303375 elapsed_us=126 block_gets=0 block_puts=0 deleted=0
checkpoint_phase lsn=21308 phase=value_index_write slot=0 started_ns=1790174546333355000 ended_ns=1790174546333480458 elapsed_us=125 block_gets=0 block_puts=0 deleted=0
checkpoint_phase lsn=21308 phase=value_index_write slot=0 started_ns=1790174546333711000 ended_ns=1790174546341310209 elapsed_us=7599 block_gets=0 block_puts=1 deleted=0
checkpoint_phase lsn=21308 phase=value_index_write slot=0 started_ns=1790174546342147000 ended_ns=1790174546342218542 elapsed_us=71 block_gets=0 block_puts=0 deleted=0
checkpoint_phase lsn=21308 phase=value_index_write slot=0 started_ns=1790174546342270000 ended_ns=1790174546342339958 elapsed_us=69 block_gets=0 block_puts=0 deleted=0
checkpoint_phase lsn=21316 phase=value_index_schedule slot=0 started_ns=1790174546371929000 ended_ns=1790174546371936000 elapsed_us=7 block_gets=0 block_puts=0 deleted=0
checkpoint_phase lsn=21316 phase=value_index_schedule slot=0 started_ns=1790174546372270000 ended_ns=1790174546372619375 elapsed_us=349 block_gets=0 block_puts=0 deleted=0
checkpoint_phase lsn=21316 phase=value_index_write slot=0 started_ns=1790174546373479000 ended_ns=1790174546373480750 elapsed_us=1 block_gets=0 block_puts=0 deleted=0
checkpoint_phase lsn=21316 phase=value_index_write slot=0 started_ns=1790174546373540000 ended_ns=1790174546373697500 elapsed_us=157 block_gets=0 block_puts=0 deleted=0
checkpoint_phase lsn=21324 phase=value_index_schedule slot=0 started_ns=1790174546405690000 ended_ns=1790174546405696583 elapsed_us=6 block_gets=0 block_puts=0 deleted=0
checkpoint_phase lsn=21324 phase=value_index_schedule slot=0 started_ns=1790174546406013000 ended_ns=1790174546406358334 elapsed_us=345 block_gets=0 block_puts=0 deleted=0
checkpoint_phase lsn=21324 phase=value_index_write slot=0 started_ns=1790174546407213000 ended_ns=1790174546407214417 elapsed_us=1 block_gets=0 block_puts=0 deleted=0
checkpoint_phase lsn=21324 phase=value_index_write slot=0 started_ns=1790174546407270000 ended_ns=1790174546407429917 elapsed_us=159 block_gets=0 block_puts=0 deleted=0
checkpoint_phase lsn=21328 phase=value_index_schedule slot=0 started_ns=1790174546424549000 ended_ns=1790174546424554458 elapsed_us=5 block_gets=0 block_puts=0 deleted=0
checkpoint_phase lsn=21328 phase=value_index_schedule slot=0 started_ns=1790174546424783000 ended_ns=1790174546425070500 elapsed_us=287 block_gets=0 block_puts=0 deleted=0
checkpoint_phase lsn=21332 phase=value_index_schedule slot=0 started_ns=1790174546440061000 ended_ns=1790174546440067042 elapsed_us=6 block_gets=0 block_puts=0 deleted=0
checkpoint_phase lsn=21332 phase=value_index_schedule slot=0 started_ns=1790174546440122000 ended_ns=1790174546440426500 elapsed_us=304 block_gets=0 block_puts=0 deleted=0
checkpoint_phase lsn=21336 phase=value_index_schedule slot=0 started_ns=1790174546455264000 ended_ns=1790174546455269916 elapsed_us=5 block_gets=0 block_puts=0 deleted=0
checkpoint_phase lsn=21336 phase=value_index_schedule slot=0 started_ns=1790174546455319000 ended_ns=1790174546455619166 elapsed_us=300 block_gets=0 block_puts=0 deleted=0
checkpoint_phase lsn=21340 phase=value_index_schedule slot=0 started_ns=1790174546470613000 ended_ns=1790174546470618667 elapsed_us=5 block_gets=0 block_puts=0 deleted=0
checkpoint_phase lsn=21340 phase=value_index_schedule slot=0 started_ns=1790174546470677000 ended_ns=1790174546470996333 elapsed_us=319 block_gets=0 block_puts=0 deleted=0
checkpoint_phase lsn=21344 phase=value_index_schedule slot=0 started_ns=1790174546486426000 ended_ns=1790174546486431917 elapsed_us=5 block_gets=0 block_puts=0 deleted=0
checkpoint_phase lsn=21344 phase=value_index_schedule slot=0 started_ns=1790174546486489000 ended_ns=1790174546486812750 elapsed_us=323 block_gets=0 block_puts=0 deleted=0
checkpoint_phase lsn=21344 phase=value_index_write slot=0 started_ns=1790174546487627000 ended_ns=1790174546487628500 elapsed_us=1 block_gets=0 block_puts=0 deleted=0
checkpoint_phase lsn=21344 phase=value_index_write slot=0 started_ns=1790174546487682000 ended_ns=1790174546487830375 elapsed_us=148 block_gets=0 block_puts=0 deleted=0
checkpoint_phase lsn=21344 phase=value_index_write slot=0 started_ns=1790174546487895000 ended_ns=1790174546488054750 elapsed_us=159 block_gets=0 block_puts=0 deleted=0
checkpoint_phase lsn=21348 phase=value_index_schedule slot=0 started_ns=1790174546502802000 ended_ns=1790174546502807917 elapsed_us=5 block_gets=0 block_puts=0 deleted=0
checkpoint_phase lsn=21348 phase=value_index_schedule slot=0 started_ns=1790174546502859000 ended_ns=1790174546503157417 elapsed_us=298 block_gets=0 block_puts=0 deleted=0
checkpoint_phase lsn=21352 phase=value_index_schedule slot=0 started_ns=1790174546519364000 ended_ns=1790174546519369208 elapsed_us=5 block_gets=0 block_puts=0 deleted=0
checkpoint_phase lsn=21352 phase=value_index_schedule slot=0 started_ns=1790174546519424000 ended_ns=1790174546519718333 elapsed_us=294 block_gets=0 block_puts=0 deleted=0
checkpoint_phase lsn=21356 phase=value_index_schedule slot=0 started_ns=1790174546533230000 ended_ns=1790174546533235834 elapsed_us=5 block_gets=0 block_puts=0 deleted=0
checkpoint_phase lsn=21356 phase=value_index_schedule slot=0 started_ns=1790174546533289000 ended_ns=1790174546533585708 elapsed_us=296 block_gets=0 block_puts=0 deleted=0
checkpoint_phase lsn=21360 phase=value_index_schedule slot=0 started_ns=1790174546549890000 ended_ns=1790174546549896417 elapsed_us=6 block_gets=0 block_puts=0 deleted=0
checkpoint_phase lsn=21360 phase=value_index_schedule slot=0 started_ns=1790174546549961000 ended_ns=1790174546550332500 elapsed_us=371 block_gets=0 block_puts=0 deleted=0
checkpoint_phase lsn=21360 phase=value_index_write slot=0 started_ns=1790174546551252000 ended_ns=1790174546551253750 elapsed_us=1 block_gets=0 block_puts=0 deleted=0
checkpoint_phase lsn=21360 phase=value_index_write slot=0 started_ns=1790174546551325000 ended_ns=1790174546551493542 elapsed_us=168 block_gets=0 block_puts=0 deleted=0
checkpoint_phase lsn=21360 phase=value_index_write slot=0 started_ns=1790174546551829000 ended_ns=1790174546551986583 elapsed_us=157 block_gets=0 block_puts=0 deleted=0
checkpoint_phase lsn=21364 phase=value_index_schedule slot=0 started_ns=1790174546567374000 ended_ns=1790174546567380041 elapsed_us=6 block_gets=0 block_puts=0 deleted=0
checkpoint_phase lsn=21364 phase=value_index_schedule slot=0 started_ns=1790174546567447000 ended_ns=1790174546567819208 elapsed_us=372 block_gets=0 block_puts=0 deleted=0
checkpoint_phase lsn=21368 phase=value_index_schedule slot=0 started_ns=1790174546584462000 ended_ns=1790174546584467875 elapsed_us=5 block_gets=0 block_puts=0 deleted=0
checkpoint_phase lsn=21368 phase=value_index_schedule slot=0 started_ns=1790174546584529000 ended_ns=1790174546584876292 elapsed_us=347 block_gets=0 block_puts=0 deleted=0
checkpoint_phase lsn=21376 phase=value_index_schedule slot=0 started_ns=1790174546604903000 ended_ns=1790174546604909958 elapsed_us=6 block_gets=0 block_puts=0 deleted=0
checkpoint_phase lsn=21376 phase=value_index_schedule slot=0 started_ns=1790174546604973000 ended_ns=1790174546605342083 elapsed_us=369 block_gets=0 block_puts=0 deleted=0
checkpoint_phase lsn=21376 phase=value_index_write slot=0 started_ns=1790174546606287000 ended_ns=1790174546606289125 elapsed_us=2 block_gets=0 block_puts=0 deleted=0
checkpoint_phase lsn=21376 phase=value_index_write slot=0 started_ns=1790174546606349000 ended_ns=1790174546606511833 elapsed_us=162 block_gets=0 block_puts=0 deleted=0
checkpoint_phase lsn=21376 phase=value_index_write slot=0 started_ns=1790174546606581000 ended_ns=1790174546606743542 elapsed_us=162 block_gets=0 block_puts=0 deleted=0
checkpoint_phase lsn=21376 phase=value_index_write slot=0 started_ns=1790174546607492000 ended_ns=1790174546607657042 elapsed_us=165 block_gets=0 block_puts=0 deleted=0
checkpoint_phase lsn=21380 phase=value_index_schedule slot=0 started_ns=1790174546623802000 ended_ns=1790174546623808250 elapsed_us=6 block_gets=0 block_puts=0 deleted=0
checkpoint_phase lsn=21380 phase=value_index_schedule slot=0 started_ns=1790174546623865000 ended_ns=1790174546624214416 elapsed_us=349 block_gets=0 block_puts=0 deleted=0
checkpoint_phase lsn=21380 phase=value_index_write slot=0 started_ns=1790174546625111000 ended_ns=1790174546625112667 elapsed_us=1 block_gets=0 block_puts=0 deleted=0
checkpoint_phase lsn=21380 phase=value_index_write slot=0 started_ns=1790174546625167000 ended_ns=1790174546625319292 elapsed_us=152 block_gets=0 block_puts=0 deleted=0
checkpoint_phase lsn=21380 phase=value_index_write slot=0 started_ns=1790174546625370000 ended_ns=1790174546625516000 elapsed_us=146 block_gets=0 block_puts=0 deleted=0
checkpoint_phase lsn=21392 phase=value_index_schedule slot=0 started_ns=1790174546660104000 ended_ns=1790174546660110708 elapsed_us=6 block_gets=0 block_puts=0 deleted=0
checkpoint_phase lsn=21392 phase=value_index_schedule slot=0 started_ns=1790174546660462000 ended_ns=1790174546660842500 elapsed_us=380 block_gets=0 block_puts=0 deleted=0
checkpoint_phase lsn=21392 phase=value_index_write slot=0 started_ns=1790174546661703000 ended_ns=1790174546661704709 elapsed_us=1 block_gets=0 block_puts=0 deleted=0
checkpoint_phase lsn=21392 phase=value_index_write slot=0 started_ns=1790174546661762000 ended_ns=1790174546661922709 elapsed_us=160 block_gets=0 block_puts=0 deleted=0
checkpoint_phase lsn=21392 phase=value_index_write slot=0 started_ns=1790174546662387000 ended_ns=1790174546662542166 elapsed_us=155 block_gets=0 block_puts=0 deleted=0
checkpoint_phase lsn=21392 phase=value_index_write slot=0 started_ns=1790174546663387000 ended_ns=1790174546663541875 elapsed_us=154 block_gets=0 block_puts=0 deleted=0
checkpoint_phase lsn=21392 phase=value_index_write slot=0 started_ns=1790174546663602000 ended_ns=1790174546663755792 elapsed_us=153 block_gets=0 block_puts=0 deleted=0
checkpoint_phase lsn=21400 phase=value_index_schedule slot=0 started_ns=1790174546684244000 ended_ns=1790174546684250167 elapsed_us=6 block_gets=0 block_puts=0 deleted=0
checkpoint_phase lsn=21400 phase=value_index_schedule slot=0 started_ns=1790174546684315000 ended_ns=1790174546684638708 elapsed_us=323 block_gets=0 block_puts=0 deleted=0
checkpoint_phase lsn=21404 phase=value_index_schedule slot=0 started_ns=1790174546700699000 ended_ns=1790174546700705667 elapsed_us=6 block_gets=0 block_puts=0 deleted=0
checkpoint_phase lsn=21404 phase=value_index_schedule slot=0 started_ns=1790174546700769000 ended_ns=1790174546701150417 elapsed_us=381 block_gets=0 block_puts=0 deleted=0
checkpoint_phase lsn=21408 phase=value_index_schedule slot=0 started_ns=1790174546718506000 ended_ns=1790174546718511875 elapsed_us=5 block_gets=0 block_puts=0 deleted=0
checkpoint_phase lsn=21408 phase=value_index_schedule slot=0 started_ns=1790174546718578000 ended_ns=1790174546718953958 elapsed_us=375 block_gets=0 block_puts=0 deleted=0
checkpoint_phase lsn=21408 phase=value_index_write slot=0 started_ns=1790174546719894000 ended_ns=1790174546719895666 elapsed_us=1 block_gets=0 block_puts=0 deleted=0
checkpoint_phase lsn=21408 phase=value_index_write slot=0 started_ns=1790174546719955000 ended_ns=1790174546720118583 elapsed_us=163 block_gets=0 block_puts=0 deleted=0
checkpoint_phase lsn=21408 phase=value_index_write slot=0 started_ns=1790174546720173000 ended_ns=1790174546720332209 elapsed_us=159 block_gets=0 block_puts=0 deleted=0
checkpoint_phase lsn=21408 phase=value_index_write slot=0 started_ns=1790174546721185000 ended_ns=1790174546721341417 elapsed_us=156 block_gets=0 block_puts=0 deleted=0
checkpoint_phase lsn=21408 phase=value_index_write slot=0 started_ns=1790174546721399000 ended_ns=1790174546721554250 elapsed_us=155 block_gets=0 block_puts=0 deleted=0
checkpoint_phase lsn=21416 phase=value_index_schedule slot=0 started_ns=1790174546742757000 ended_ns=1790174546742763125 elapsed_us=6 block_gets=0 block_puts=0 deleted=0
checkpoint_phase lsn=21416 phase=value_index_schedule slot=0 started_ns=1790174546742822000 ended_ns=1790174546743221750 elapsed_us=399 block_gets=0 block_puts=0 deleted=0
checkpoint_phase lsn=21416 phase=value_index_write slot=0 started_ns=1790174546743284000 ended_ns=1790174546743286500 elapsed_us=2 block_gets=0 block_puts=0 deleted=0
checkpoint_phase lsn=21416 phase=value_index_write slot=0 started_ns=1790174546743356000 ended_ns=1790174546743519917 elapsed_us=163 block_gets=0 block_puts=0 deleted=0
checkpoint_phase lsn=21416 phase=value_index_write slot=0 started_ns=1790174546743583000 ended_ns=1790174546743738417 elapsed_us=155 block_gets=0 block_puts=0 deleted=0
checkpoint_phase lsn=21420 phase=value_index_schedule slot=0 started_ns=1790174546759323000 ended_ns=1790174546759329291 elapsed_us=6 block_gets=0 block_puts=0 deleted=0
checkpoint_phase lsn=21420 phase=value_index_schedule slot=0 started_ns=1790174546759397000 ended_ns=1790174546759776750 elapsed_us=379 block_gets=0 block_puts=0 deleted=0
checkpoint_phase lsn=21424 phase=value_index_schedule slot=0 started_ns=1790174546776830000 ended_ns=1790174546776836709 elapsed_us=6 block_gets=0 block_puts=0 deleted=0
checkpoint_phase lsn=21424 phase=value_index_schedule slot=0 started_ns=1790174546776895000 ended_ns=1790174546777275625 elapsed_us=380 block_gets=0 block_puts=0 deleted=0
checkpoint_phase lsn=21424 phase=value_index_write slot=0 started_ns=1790174546778182000 ended_ns=1790174546778183583 elapsed_us=1 block_gets=0 block_puts=0 deleted=0
checkpoint_phase lsn=21424 phase=value_index_write slot=0 started_ns=1790174546778245000 ended_ns=1790174546778408250 elapsed_us=163 block_gets=0 block_puts=0 deleted=0
checkpoint_phase lsn=21424 phase=value_index_write slot=0 started_ns=1790174546778689000 ended_ns=1790174546778842542 elapsed_us=153 block_gets=0 block_puts=0 deleted=0
checkpoint_phase lsn=21424 phase=value_index_write slot=0 started_ns=1790174546779478000 ended_ns=1790174546779631250 elapsed_us=153 block_gets=0 block_puts=0 deleted=0
checkpoint_phase lsn=21432 phase=value_index_schedule slot=0 started_ns=1790174546809756000 ended_ns=1790174546809762917 elapsed_us=6 block_gets=0 block_puts=0 deleted=0
checkpoint_phase lsn=21432 phase=value_index_schedule slot=0 started_ns=1790174546810089000 ended_ns=1790174546810444583 elapsed_us=355 block_gets=0 block_puts=0 deleted=0
checkpoint_phase lsn=21436 phase=value_index_schedule slot=0 started_ns=1790174546827314000 ended_ns=1790174546827320125 elapsed_us=6 block_gets=0 block_puts=0 deleted=0
checkpoint_phase lsn=21436 phase=value_index_schedule slot=0 started_ns=1790174546827381000 ended_ns=1790174546827746917 elapsed_us=365 block_gets=0 block_puts=0 deleted=0
checkpoint_phase lsn=21440 phase=value_index_schedule slot=0 started_ns=1790174546843145000 ended_ns=1790174546843151000 elapsed_us=6 block_gets=0 block_puts=0 deleted=0
checkpoint_phase lsn=21440 phase=value_index_schedule slot=0 started_ns=1790174546843207000 ended_ns=1790174546843580250 elapsed_us=373 block_gets=0 block_puts=0 deleted=0
checkpoint_phase lsn=21440 phase=value_index_write slot=0 started_ns=1790174546843641000 ended_ns=1790174546843642917 elapsed_us=1 block_gets=0 block_puts=0 deleted=0
checkpoint_phase lsn=21440 phase=value_index_write slot=0 started_ns=1790174546843705000 ended_ns=1790174546843837791 elapsed_us=132 block_gets=0 block_puts=0 deleted=0
checkpoint_phase lsn=21440 phase=value_index_write slot=0 started_ns=1790174546844145000 ended_ns=1790174546844289875 elapsed_us=144 block_gets=0 block_puts=0 deleted=0
checkpoint_phase lsn=21440 phase=value_index_write slot=0 started_ns=1790174546845094000 ended_ns=1790174546845241125 elapsed_us=147 block_gets=0 block_puts=0 deleted=0
checkpoint_phase lsn=21440 phase=value_index_write slot=0 started_ns=1790174546845295000 ended_ns=1790174546845441917 elapsed_us=146 block_gets=0 block_puts=0 deleted=0
checkpoint_phase lsn=21440 phase=value_index_write slot=0 started_ns=1790174546845667000 ended_ns=1790174546845813750 elapsed_us=146 block_gets=0 block_puts=0 deleted=0
checkpoint_phase lsn=21448 phase=value_index_schedule slot=0 started_ns=1790174546866757000 ended_ns=1790174546866763250 elapsed_us=6 block_gets=0 block_puts=0 deleted=0
checkpoint_phase lsn=21448 phase=value_index_schedule slot=0 started_ns=1790174546866827000 ended_ns=1790174546867163917 elapsed_us=336 block_gets=0 block_puts=0 deleted=0
checkpoint_phase lsn=21448 phase=value_index_write slot=0 started_ns=1790174546867932000 ended_ns=1790174546867933666 elapsed_us=1 block_gets=0 block_puts=0 deleted=0
checkpoint_phase lsn=21448 phase=value_index_write slot=0 started_ns=1790174546868000000 ended_ns=1790174546868158083 elapsed_us=158 block_gets=0 block_puts=0 deleted=0
checkpoint_phase lsn=21456 phase=value_index_schedule slot=0 started_ns=1790174546899765000 ended_ns=1790174546899772500 elapsed_us=7 block_gets=0 block_puts=0 deleted=0
checkpoint_phase lsn=21456 phase=value_index_schedule slot=0 started_ns=1790174546900114000 ended_ns=1790174546900482959 elapsed_us=368 block_gets=0 block_puts=0 deleted=0
checkpoint_phase lsn=21456 phase=value_index_write slot=0 started_ns=1790174546901320000 ended_ns=1790174546901321833 elapsed_us=1 block_gets=0 block_puts=0 deleted=0
checkpoint_phase lsn=21456 phase=value_index_write slot=0 started_ns=1790174546901376000 ended_ns=1790174546901530250 elapsed_us=154 block_gets=0 block_puts=0 deleted=0
checkpoint_phase lsn=21456 phase=value_index_write slot=0 started_ns=1790174546901587000 ended_ns=1790174546901717458 elapsed_us=130 block_gets=0 block_puts=0 deleted=0
checkpoint_phase lsn=21456 phase=value_index_write slot=0 started_ns=1790174546902463000 ended_ns=1790174546902588333 elapsed_us=125 block_gets=0 block_puts=0 deleted=0
checkpoint_phase lsn=21456 phase=value_index_write slot=0 started_ns=1790174546902656000 ended_ns=1790174546902803708 elapsed_us=147 block_gets=0 block_puts=0 deleted=0
checkpoint_phase lsn=21464 phase=value_index_schedule slot=0 started_ns=1790174546922817000 ended_ns=1790174546922822750 elapsed_us=5 block_gets=0 block_puts=0 deleted=0
checkpoint_phase lsn=21464 phase=value_index_schedule slot=0 started_ns=1790174546922883000 ended_ns=1790174546923253291 elapsed_us=370 block_gets=0 block_puts=0 deleted=0
checkpoint_phase lsn=21468 phase=value_index_schedule slot=0 started_ns=1790174546940094000 ended_ns=1790174546940100750 elapsed_us=6 block_gets=0 block_puts=0 deleted=0
checkpoint_phase lsn=21468 phase=value_index_schedule slot=0 started_ns=1790174546940168000 ended_ns=1790174546940555959 elapsed_us=387 block_gets=0 block_puts=0 deleted=0
checkpoint_phase lsn=21472 phase=value_index_schedule slot=0 started_ns=1790174546956591000 ended_ns=1790174546956597542 elapsed_us=6 block_gets=0 block_puts=0 deleted=0
checkpoint_phase lsn=21472 phase=value_index_schedule slot=0 started_ns=1790174546956658000 ended_ns=1790174546957036917 elapsed_us=378 block_gets=0 block_puts=0 deleted=0
checkpoint_phase lsn=21472 phase=value_index_write slot=0 started_ns=1790174546957894000 ended_ns=1790174546957895584 elapsed_us=1 block_gets=0 block_puts=0 deleted=0
checkpoint_phase lsn=21472 phase=value_index_write slot=0 started_ns=1790174546957951000 ended_ns=1790174546958107166 elapsed_us=156 block_gets=0 block_puts=0 deleted=0
checkpoint_phase lsn=21472 phase=value_index_write slot=0 started_ns=1790174546958163000 ended_ns=1790174546958309084 elapsed_us=146 block_gets=0 block_puts=0 deleted=0
checkpoint_phase lsn=21472 phase=value_index_write slot=0 started_ns=1790174546958358000 ended_ns=1790174546958507167 elapsed_us=149 block_gets=0 block_puts=0 deleted=0
checkpoint_phase lsn=21472 phase=value_index_write slot=0 started_ns=1790174546958555000 ended_ns=1790174546958703000 elapsed_us=148 block_gets=0 block_puts=0 deleted=0
checkpoint_phase lsn=21472 phase=value_index_write slot=0 started_ns=1790174546958753000 ended_ns=1790174546958898208 elapsed_us=145 block_gets=0 block_puts=0 deleted=0
checkpoint_phase lsn=21472 phase=value_index_write slot=0 started_ns=1790174546958949000 ended_ns=1790174546965999709 elapsed_us=7050 block_gets=0 block_puts=1 deleted=0
checkpoint_phase lsn=21472 phase=value_index_write slot=0 started_ns=1790174546966906000 ended_ns=1790174546966996750 elapsed_us=90 block_gets=0 block_puts=0 deleted=0
checkpoint_phase lsn=21472 phase=value_index_write slot=0 started_ns=1790174546967056000 ended_ns=1790174546967143958 elapsed_us=87 block_gets=0 block_puts=0 deleted=0
checkpoint_phase lsn=21472 phase=value_index_write slot=0 started_ns=1790174546967196000 ended_ns=1790174546967283458 elapsed_us=87 block_gets=0 block_puts=0 deleted=0
checkpoint_phase lsn=21480 phase=value_index_schedule slot=0 started_ns=1790174546987546000 ended_ns=1790174546987551875 elapsed_us=5 block_gets=0 block_puts=0 deleted=0
checkpoint_phase lsn=21480 phase=value_index_schedule slot=0 started_ns=1790174546987609000 ended_ns=1790174546987981459 elapsed_us=372 block_gets=0 block_puts=0 deleted=0
checkpoint_phase lsn=21484 phase=value_index_schedule slot=0 started_ns=1790174547005216000 ended_ns=1790174547005221917 elapsed_us=5 block_gets=0 block_puts=0 deleted=0
checkpoint_phase lsn=21484 phase=value_index_schedule slot=0 started_ns=1790174547005283000 ended_ns=1790174547005663542 elapsed_us=380 block_gets=0 block_puts=0 deleted=0
checkpoint_phase lsn=21488 phase=value_index_schedule slot=0 started_ns=1790174547020982000 ended_ns=1790174547020987750 elapsed_us=5 block_gets=0 block_puts=0 deleted=0
checkpoint_phase lsn=21488 phase=value_index_schedule slot=0 started_ns=1790174547021058000 ended_ns=1790174547021441875 elapsed_us=383 block_gets=0 block_puts=0 deleted=0
checkpoint_phase lsn=21488 phase=value_index_write slot=0 started_ns=1790174547022309000 ended_ns=1790174547022311541 elapsed_us=2 block_gets=0 block_puts=0 deleted=0
checkpoint_phase lsn=21488 phase=value_index_write slot=0 started_ns=1790174547022371000 ended_ns=1790174547022525042 elapsed_us=154 block_gets=0 block_puts=0 deleted=0
checkpoint_phase lsn=21488 phase=value_index_write slot=0 started_ns=1790174547022582000 ended_ns=1790174547022730625 elapsed_us=148 block_gets=0 block_puts=0 deleted=0
checkpoint_phase lsn=21488 phase=value_index_write slot=0 started_ns=1790174547022791000 ended_ns=1790174547022939417 elapsed_us=148 block_gets=0 block_puts=0 deleted=0
checkpoint_phase lsn=21488 phase=value_index_write slot=0 started_ns=1790174547023196000 ended_ns=1790174547023344042 elapsed_us=148 block_gets=0 block_puts=0 deleted=0
checkpoint_phase lsn=21488 phase=value_index_write slot=0 started_ns=1790174547024165000 ended_ns=1790174547024312125 elapsed_us=147 block_gets=0 block_puts=0 deleted=0
checkpoint_phase lsn=21488 phase=value_index_write slot=0 started_ns=1790174547024379000 ended_ns=1790174547029931167 elapsed_us=5552 block_gets=0 block_puts=1 deleted=0
checkpoint_phase lsn=21496 phase=value_index_schedule slot=0 started_ns=1790174547051897000 ended_ns=1790174547051903417 elapsed_us=6 block_gets=0 block_puts=0 deleted=0
checkpoint_phase lsn=21496 phase=value_index_schedule slot=0 started_ns=1790174547051989000 ended_ns=1790174547052370125 elapsed_us=381 block_gets=0 block_puts=0 deleted=0
checkpoint_phase lsn=21504 phase=value_index_schedule slot=0 started_ns=1790174547073287000 ended_ns=1790174547073293125 elapsed_us=6 block_gets=0 block_puts=0 deleted=0
checkpoint_phase lsn=21504 phase=value_index_schedule slot=0 started_ns=1790174547073348000 ended_ns=1790174547073752250 elapsed_us=404 block_gets=0 block_puts=0 deleted=0
checkpoint_phase lsn=21504 phase=value_index_write slot=0 started_ns=1790174547073818000 ended_ns=1790174547073819542 elapsed_us=1 block_gets=0 block_puts=0 deleted=0
checkpoint_phase lsn=21504 phase=value_index_write slot=0 started_ns=1790174547073883000 ended_ns=1790174547074039417 elapsed_us=156 block_gets=0 block_puts=0 deleted=0
checkpoint_phase lsn=21504 phase=value_index_write slot=0 started_ns=1790174547074981000 ended_ns=1790174547075129209 elapsed_us=148 block_gets=0 block_puts=0 deleted=0
checkpoint_phase lsn=21504 phase=value_index_write slot=0 started_ns=1790174547075203000 ended_ns=1790174547075351584 elapsed_us=148 block_gets=0 block_puts=0 deleted=0
checkpoint_phase lsn=21504 phase=value_index_write slot=0 started_ns=1790174547076210000 ended_ns=1790174547076359208 elapsed_us=149 block_gets=0 block_puts=0 deleted=0
checkpoint_phase lsn=21504 phase=value_index_write slot=0 started_ns=1790174547076420000 ended_ns=1790174547076569875 elapsed_us=149 block_gets=0 block_puts=0 deleted=0
checkpoint_phase lsn=21504 phase=value_index_write slot=0 started_ns=1790174547076836000 ended_ns=1790174547083923584 elapsed_us=7087 block_gets=0 block_puts=1 deleted=0
checkpoint_phase lsn=21508 phase=value_index_schedule slot=0 started_ns=1790174547100146000 ended_ns=1790174547100152208 elapsed_us=6 block_gets=0 block_puts=0 deleted=0
checkpoint_phase lsn=21508 phase=value_index_schedule slot=0 started_ns=1790174547100213000 ended_ns=1790174547100599917 elapsed_us=386 block_gets=0 block_puts=0 deleted=0
checkpoint_phase lsn=21512 phase=value_index_schedule slot=0 started_ns=1790174547114314000 ended_ns=1790174547114320084 elapsed_us=6 block_gets=0 block_puts=0 deleted=0
checkpoint_phase lsn=21512 phase=value_index_schedule slot=0 started_ns=1790174547114378000 ended_ns=1790174547114772500 elapsed_us=394 block_gets=0 block_puts=0 deleted=0
checkpoint_phase lsn=21520 phase=value_index_schedule slot=0 started_ns=1790174547135009000 ended_ns=1790174547135014750 elapsed_us=5 block_gets=0 block_puts=0 deleted=0
checkpoint_phase lsn=21520 phase=value_index_schedule slot=0 started_ns=1790174547135076000 ended_ns=1790174547135467459 elapsed_us=391 block_gets=0 block_puts=0 deleted=0
checkpoint_phase lsn=21520 phase=value_index_write slot=0 started_ns=1790174547136346000 ended_ns=1790174547136347500 elapsed_us=1 block_gets=0 block_puts=0 deleted=0
checkpoint_phase lsn=21520 phase=value_index_write slot=0 started_ns=1790174547136404000 ended_ns=1790174547136559250 elapsed_us=155 block_gets=0 block_puts=0 deleted=0
checkpoint_phase lsn=21520 phase=value_index_write slot=0 started_ns=1790174547137353000 ended_ns=1790174547137504209 elapsed_us=151 block_gets=0 block_puts=0 deleted=0
checkpoint_phase lsn=21520 phase=value_index_write slot=0 started_ns=1790174547137553000 ended_ns=1790174547137698375 elapsed_us=145 block_gets=0 block_puts=0 deleted=0
checkpoint_phase lsn=21524 phase=value_index_schedule slot=0 started_ns=1790174547152668000 ended_ns=1790174547152673875 elapsed_us=5 block_gets=0 block_puts=0 deleted=0
checkpoint_phase lsn=21524 phase=value_index_schedule slot=0 started_ns=1790174547152734000 ended_ns=1790174547153092208 elapsed_us=358 block_gets=0 block_puts=0 deleted=0
checkpoint_phase lsn=21528 phase=value_index_schedule slot=0 started_ns=1790174547169200000 ended_ns=1790174547169206709 elapsed_us=6 block_gets=0 block_puts=0 deleted=0
checkpoint_phase lsn=21528 phase=value_index_schedule slot=0 started_ns=1790174547169266000 ended_ns=1790174547169659958 elapsed_us=393 block_gets=0 block_puts=0 deleted=0
checkpoint_phase lsn=21536 phase=value_index_schedule slot=0 started_ns=1790174547190317000 ended_ns=1790174547190322625 elapsed_us=5 block_gets=0 block_puts=0 deleted=0
checkpoint_phase lsn=21536 phase=value_index_schedule slot=0 started_ns=1790174547190380000 ended_ns=1790174547190800667 elapsed_us=420 block_gets=0 block_puts=0 deleted=0
checkpoint_phase lsn=21536 phase=value_index_write slot=0 started_ns=1790174547190863000 ended_ns=1790174547190864708 elapsed_us=1 block_gets=0 block_puts=0 deleted=0
checkpoint_phase lsn=21536 phase=value_index_write slot=0 started_ns=1790174547190921000 ended_ns=1790174547191073791 elapsed_us=152 block_gets=0 block_puts=0 deleted=0
checkpoint_phase lsn=21536 phase=value_index_write slot=0 started_ns=1790174547191139000 ended_ns=1790174547191267750 elapsed_us=128 block_gets=0 block_puts=0 deleted=0
checkpoint_phase lsn=21536 phase=value_index_write slot=0 started_ns=1790174547191739000 ended_ns=1790174547191862916 elapsed_us=123 block_gets=0 block_puts=0 deleted=0
checkpoint_phase lsn=21536 phase=value_index_write slot=0 started_ns=1790174547192551000 ended_ns=1790174547192672833 elapsed_us=121 block_gets=0 block_puts=0 deleted=0
checkpoint_phase lsn=21536 phase=value_index_write slot=0 started_ns=1790174547192735000 ended_ns=1790174547192885500 elapsed_us=150 block_gets=0 block_puts=0 deleted=0
checkpoint_phase lsn=21536 phase=value_index_write slot=0 started_ns=1790174547193742000 ended_ns=1790174547200852792 elapsed_us=7110 block_gets=0 block_puts=1 deleted=0
checkpoint_phase lsn=21540 phase=value_index_schedule slot=0 started_ns=1790174547217607000 ended_ns=1790174547217613375 elapsed_us=6 block_gets=0 block_puts=0 deleted=0
checkpoint_phase lsn=21540 phase=value_index_schedule slot=0 started_ns=1790174547217670000 ended_ns=1790174547218071708 elapsed_us=401 block_gets=0 block_puts=0 deleted=0
checkpoint_phase lsn=21552 phase=value_index_schedule slot=0 started_ns=1790174547242946000 ended_ns=1790174547242953375 elapsed_us=7 block_gets=0 block_puts=0 deleted=0
checkpoint_phase lsn=21552 phase=value_index_schedule slot=0 started_ns=1790174547243011000 ended_ns=1790174547243424208 elapsed_us=413 block_gets=0 block_puts=0 deleted=0
checkpoint_phase lsn=21552 phase=value_index_write slot=0 started_ns=1790174547244289000 ended_ns=1790174547244290208 elapsed_us=1 block_gets=0 block_puts=0 deleted=0
checkpoint_phase lsn=21552 phase=value_index_write slot=0 started_ns=1790174547244348000 ended_ns=1790174547244501334 elapsed_us=153 block_gets=0 block_puts=0 deleted=0
checkpoint_phase lsn=21552 phase=value_index_write slot=0 started_ns=1790174547244948000 ended_ns=1790174547245072625 elapsed_us=124 block_gets=0 block_puts=0 deleted=0
checkpoint_phase lsn=21552 phase=value_index_write slot=0 started_ns=1790174547245745000 ended_ns=1790174547245868417 elapsed_us=123 block_gets=0 block_puts=0 deleted=0
checkpoint_phase lsn=21552 phase=value_index_write slot=0 started_ns=1790174547245932000 ended_ns=1790174547246082083 elapsed_us=150 block_gets=0 block_puts=0 deleted=0
checkpoint_phase lsn=21556 phase=value_index_schedule slot=0 started_ns=1790174547259794000 ended_ns=1790174547259800125 elapsed_us=6 block_gets=0 block_puts=0 deleted=0
checkpoint_phase lsn=21556 phase=value_index_schedule slot=0 started_ns=1790174547259860000 ended_ns=1790174547260267833 elapsed_us=407 block_gets=0 block_puts=0 deleted=0
checkpoint_phase lsn=21560 phase=value_index_schedule slot=0 started_ns=1790174547277257000 ended_ns=1790174547277262334 elapsed_us=5 block_gets=0 block_puts=0 deleted=0
checkpoint_phase lsn=21560 phase=value_index_schedule slot=0 started_ns=1790174547277328000 ended_ns=1790174547277743416 elapsed_us=415 block_gets=0 block_puts=0 deleted=0
checkpoint_phase lsn=21568 phase=value_index_schedule slot=0 started_ns=1790174547299045000 ended_ns=1790174547299051250 elapsed_us=6 block_gets=0 block_puts=0 deleted=0
checkpoint_phase lsn=21568 phase=value_index_schedule slot=0 started_ns=1790174547299106000 ended_ns=1790174547299509708 elapsed_us=403 block_gets=0 block_puts=0 deleted=0
checkpoint_phase lsn=21568 phase=value_index_write slot=0 started_ns=1790174547300415000 ended_ns=1790174547300416292 elapsed_us=1 block_gets=0 block_puts=0 deleted=0
checkpoint_phase lsn=21568 phase=value_index_write slot=0 started_ns=1790174547300466000 ended_ns=1790174547300618042 elapsed_us=152 block_gets=0 block_puts=0 deleted=0
checkpoint_phase lsn=21568 phase=value_index_write slot=0 started_ns=1790174547300667000 ended_ns=1790174547300813792 elapsed_us=146 block_gets=0 block_puts=0 deleted=0
checkpoint_phase lsn=21568 phase=value_index_write slot=0 started_ns=1790174547301605000 ended_ns=1790174547301758125 elapsed_us=153 block_gets=0 block_puts=0 deleted=0
checkpoint_phase lsn=21568 phase=value_index_write slot=0 started_ns=1790174547301813000 ended_ns=1790174547301973500 elapsed_us=160 block_gets=0 block_puts=0 deleted=0
checkpoint_phase lsn=21572 phase=value_index_schedule slot=0 started_ns=1790174547325992000 ended_ns=1790174547325997916 elapsed_us=5 block_gets=0 block_puts=0 deleted=0
checkpoint_phase lsn=21572 phase=value_index_schedule slot=0 started_ns=1790174547326056000 ended_ns=1790174547326465000 elapsed_us=409 block_gets=0 block_puts=0 deleted=0
checkpoint_phase lsn=21584 phase=value_index_schedule slot=0 started_ns=1790174547357364000 ended_ns=1790174547357370291 elapsed_us=6 block_gets=0 block_puts=0 deleted=0
checkpoint_phase lsn=21584 phase=value_index_schedule slot=0 started_ns=1790174547357425000 ended_ns=1790174547357843417 elapsed_us=418 block_gets=0 block_puts=0 deleted=0
checkpoint_phase lsn=21596 phase=value_index_schedule slot=0 started_ns=1790174547390491000 ended_ns=1790174547390497875 elapsed_us=6 block_gets=0 block_puts=0 deleted=0
checkpoint_phase lsn=21596 phase=value_index_schedule slot=0 started_ns=1790174547390556000 ended_ns=1790174547390977750 elapsed_us=421 block_gets=0 block_puts=0 deleted=0
checkpoint_phase lsn=21608 phase=value_index_schedule slot=0 started_ns=1790174547432370000 ended_ns=1790174547432376459 elapsed_us=6 block_gets=0 block_puts=0 deleted=0
checkpoint_phase lsn=21608 phase=value_index_schedule slot=0 started_ns=1790174547432438000 ended_ns=1790174547432877833 elapsed_us=439 block_gets=0 block_puts=0 deleted=0
checkpoint_phase lsn=21608 phase=value_index_write slot=0 started_ns=1790174547446060000 ended_ns=1790174547446062250 elapsed_us=2 block_gets=0 block_puts=0 deleted=0
checkpoint_phase lsn=21608 phase=value_index_write slot=0 started_ns=1790174547448910000 ended_ns=1790174547449052125 elapsed_us=142 block_gets=0 block_puts=0 deleted=0
checkpoint_phase lsn=21612 phase=value_index_schedule slot=0 started_ns=1790174547474554000 ended_ns=1790174547474560292 elapsed_us=6 block_gets=0 block_puts=0 deleted=0
checkpoint_phase lsn=21612 phase=value_index_schedule slot=0 started_ns=1790174547474616000 ended_ns=1790174547475012417 elapsed_us=396 block_gets=0 block_puts=0 deleted=0
checkpoint_phase lsn=21612 phase=value_index_write slot=0 started_ns=1790174547475065000 ended_ns=1790174547475066125 elapsed_us=1 block_gets=0 block_puts=0 deleted=0
checkpoint_phase lsn=21612 phase=value_index_write slot=0 started_ns=1790174547475110000 ended_ns=1790174547475244500 elapsed_us=134 block_gets=0 block_puts=0 deleted=0
checkpoint_phase lsn=21612 phase=value_index_write slot=0 started_ns=1790174547475290000 ended_ns=1790174547475417791 elapsed_us=127 block_gets=0 block_puts=0 deleted=0
checkpoint_phase lsn=21612 phase=value_index_write slot=0 started_ns=1790174547475461000 ended_ns=1790174547475586791 elapsed_us=125 block_gets=0 block_puts=0 deleted=0
checkpoint_phase lsn=21612 phase=value_index_write slot=0 started_ns=1790174547475631000 ended_ns=1790174547475759666 elapsed_us=128 block_gets=0 block_puts=0 deleted=0
checkpoint_phase lsn=21612 phase=value_index_write slot=0 started_ns=1790174547475805000 ended_ns=1790174547475931125 elapsed_us=126 block_gets=0 block_puts=0 deleted=0
checkpoint_phase lsn=21612 phase=value_index_write slot=0 started_ns=1790174547475974000 ended_ns=1790174547482577291 elapsed_us=6603 block_gets=0 block_puts=1 deleted=0
checkpoint_phase lsn=21612 phase=value_index_write slot=0 started_ns=1790174547482641000 ended_ns=1790174547482758500 elapsed_us=117 block_gets=0 block_puts=0 deleted=0
checkpoint_phase lsn=21612 phase=value_index_write slot=0 started_ns=1790174547482806000 ended_ns=1790174547482884333 elapsed_us=78 block_gets=0 block_puts=0 deleted=0
checkpoint_phase lsn=21612 phase=value_index_write slot=0 started_ns=1790174547482930000 ended_ns=1790174547483007792 elapsed_us=77 block_gets=0 block_puts=0 deleted=0
checkpoint_phase lsn=21612 phase=value_index_write slot=0 started_ns=1790174547483060000 ended_ns=1790174547494245459 elapsed_us=11185 block_gets=0 block_puts=2 deleted=0
checkpoint_phase lsn=21612 phase=value_index_schedule slot=0 started_ns=1790174547494312000 ended_ns=1790174547494346416 elapsed_us=34 block_gets=0 block_puts=0 deleted=0
checkpoint_phase lsn=21612 phase=value_index_schedule slot=0 started_ns=1790174547494396000 ended_ns=1790174547495166541 elapsed_us=770 block_gets=0 block_puts=0 deleted=0
checkpoint_phase lsn=21612 phase=value_index_write slot=0 started_ns=1790174547495223000 ended_ns=1790174547508257125 elapsed_us=13034 block_gets=0 block_puts=3 deleted=0
checkpoint_phase lsn=21612 phase=value_index_write slot=0 started_ns=1790174547508329000 ended_ns=1790174547524545834 elapsed_us=16216 block_gets=0 block_puts=4 deleted=0
checkpoint_phase lsn=21612 phase=value_index_write slot=0 started_ns=1790174547524618000 ended_ns=1790174547541698834 elapsed_us=17080 block_gets=0 block_puts=4 deleted=0
checkpoint_phase lsn=21612 phase=value_index_write slot=0 started_ns=1790174547541770000 ended_ns=1790174547557612916 elapsed_us=15842 block_gets=0 block_puts=4 deleted=0
checkpoint_phase lsn=21612 phase=value_index_write slot=0 started_ns=1790174547557682000 ended_ns=1790174547574284584 elapsed_us=16602 block_gets=0 block_puts=4 deleted=0
checkpoint_phase lsn=21612 phase=value_index_write slot=0 started_ns=1790174547574355000 ended_ns=1790174547591295458 elapsed_us=16940 block_gets=0 block_puts=4 deleted=0
checkpoint_phase lsn=21612 phase=value_index_write slot=0 started_ns=1790174547591424000 ended_ns=1790174547608677708 elapsed_us=17253 block_gets=0 block_puts=4 deleted=0
checkpoint_phase lsn=21612 phase=value_index_write slot=0 started_ns=1790174547608841000 ended_ns=1790174547613953334 elapsed_us=5112 block_gets=0 block_puts=1 deleted=0
checkpoint_phase lsn=21612 phase=value_index_write slot=0 started_ns=1790174547614193000 ended_ns=1790174547619279375 elapsed_us=5086 block_gets=0 block_puts=1 deleted=0
checkpoint_phase lsn=21612 phase=value_index_write slot=0 started_ns=1790174547619348000 ended_ns=1790174547620712542 elapsed_us=1364 block_gets=0 block_puts=0 deleted=0
checkpoint_phase lsn=21612 phase=value_index_write slot=0 started_ns=1790174547620781000 ended_ns=1790174547624507833 elapsed_us=3726 block_gets=0 block_puts=1 deleted=0
checkpoint_phase lsn=21612 phase=value_index_schedule slot=0 started_ns=1790174547624573000 ended_ns=1790174547624606542 elapsed_us=33 block_gets=0 block_puts=0 deleted=0
checkpoint_phase lsn=21612 phase=value_index_schedule slot=0 started_ns=1790174547624659000 ended_ns=1790174547625504750 elapsed_us=845 block_gets=0 block_puts=0 deleted=0
checkpoint_phase lsn=21612 phase=value_index_write slot=0 started_ns=1790174547625567000 ended_ns=1790174547637138958 elapsed_us=11571 block_gets=0 block_puts=3 deleted=0
checkpoint_phase lsn=21612 phase=value_index_write slot=0 started_ns=1790174547637211000 ended_ns=1790174547653125250 elapsed_us=15914 block_gets=0 block_puts=4 deleted=0
checkpoint_phase lsn=21612 phase=value_index_write slot=0 started_ns=1790174547653197000 ended_ns=1790174547668168375 elapsed_us=14971 block_gets=0 block_puts=4 deleted=0
checkpoint_phase lsn=21612 phase=value_index_write slot=0 started_ns=1790174547668244000 ended_ns=1790174547684114708 elapsed_us=15870 block_gets=0 block_puts=4 deleted=0
checkpoint_phase lsn=21612 phase=value_index_write slot=0 started_ns=1790174547684235000 ended_ns=1790174547699023375 elapsed_us=14788 block_gets=0 block_puts=4 deleted=0
checkpoint_phase lsn=21612 phase=value_index_write slot=0 started_ns=1790174547699068000 ended_ns=1790174547714353625 elapsed_us=15285 block_gets=0 block_puts=4 deleted=0
checkpoint_phase lsn=21612 phase=value_index_write slot=0 started_ns=1790174547714365000 ended_ns=1790174547730373291 elapsed_us=16008 block_gets=0 block_puts=4 deleted=0
checkpoint_phase lsn=21612 phase=value_index_write slot=0 started_ns=1790174547730382000 ended_ns=1790174547735156375 elapsed_us=4774 block_gets=0 block_puts=1 deleted=0
checkpoint_phase lsn=21612 phase=value_index_write slot=0 started_ns=1790174547735166000 ended_ns=1790174547739786167 elapsed_us=4620 block_gets=0 block_puts=1 deleted=0
checkpoint_phase lsn=21612 phase=value_index_write slot=0 started_ns=1790174547739800000 ended_ns=1790174547740667083 elapsed_us=867 block_gets=0 block_puts=0 deleted=0
checkpoint_phase lsn=21612 phase=value_index_write slot=0 started_ns=1790174547740673000 ended_ns=1790174547744460791 elapsed_us=3787 block_gets=0 block_puts=1 deleted=0
checkpoint_phase lsn=21612 phase=row_sst_delta slot=0 started_ns=1790174547744473000 ended_ns=1790174547766292458 elapsed_us=21819 block_gets=0 block_puts=4 deleted=0
checkpoint_phase lsn=21612 phase=manifest slot=-1 started_ns=1790174547766304000 ended_ns=1790174547770273875 elapsed_us=3969 block_gets=0 block_puts=0 deleted=0
checkpoint_phase lsn=21612 phase=local_cleanup slot=-1 started_ns=1790174547770314000 ended_ns=1790174547770390917 elapsed_us=76 block_gets=0 block_puts=0 deleted=0
checkpoint_phase lsn=21612 phase=commit_prune slot=-1 started_ns=1790174547770394000 ended_ns=1790174547888875917 elapsed_us=118481 block_gets=0 block_puts=0 deleted=16
checkpoint_phase lsn=21612 phase=commit_prune slot=-1 started_ns=1790174547888890000 ended_ns=1790174547938362500 elapsed_us=49472 block_gets=0 block_puts=0 deleted=16
checkpoint_phase lsn=21612 phase=commit_prune slot=-1 started_ns=1790174547938371000 ended_ns=1790174547988742708 elapsed_us=50371 block_gets=0 block_puts=0 deleted=16
checkpoint_phase lsn=21612 phase=commit_prune slot=-1 started_ns=1790174547988756000 ended_ns=1790174548034258209 elapsed_us=45502 block_gets=0 block_puts=0 deleted=16
checkpoint_phase lsn=21612 phase=commit_prune slot=-1 started_ns=1790174548034273000 ended_ns=1790174548084060834 elapsed_us=49787 block_gets=0 block_puts=0 deleted=16
checkpoint_phase lsn=21612 phase=commit_prune slot=-1 started_ns=1790174548084074000 ended_ns=1790174548141590583 elapsed_us=57516 block_gets=0 block_puts=0 deleted=16
checkpoint_phase lsn=21612 phase=commit_prune slot=-1 started_ns=1790174548141631000 ended_ns=1790174548203040292 elapsed_us=61409 block_gets=0 block_puts=0 deleted=16
checkpoint_phase lsn=21612 phase=commit_prune slot=-1 started_ns=1790174548203069000 ended_ns=1790174548256063791 elapsed_us=52994 block_gets=0 block_puts=0 deleted=16
checkpoint_phase lsn=21612 phase=commit_prune slot=-1 started_ns=1790174548256080000 ended_ns=1790174548305794500 elapsed_us=49714 block_gets=0 block_puts=0 deleted=16
checkpoint_phase lsn=21612 phase=commit_prune slot=-1 started_ns=1790174548305810000 ended_ns=1790174548361653209 elapsed_us=55843 block_gets=0 block_puts=0 deleted=16
checkpoint_phase lsn=21612 phase=commit_prune slot=-1 started_ns=1790174548361688000 ended_ns=1790174548424038916 elapsed_us=62350 block_gets=0 block_puts=0 deleted=16
checkpoint_phase lsn=21612 phase=commit_prune slot=-1 started_ns=1790174548424066000 ended_ns=1790174548484316375 elapsed_us=60250 block_gets=0 block_puts=0 deleted=16
checkpoint_phase lsn=21612 phase=commit_prune slot=-1 started_ns=1790174548484344000 ended_ns=1790174548546529958 elapsed_us=62185 block_gets=0 block_puts=0 deleted=16
checkpoint_phase lsn=21612 phase=commit_prune slot=-1 started_ns=1790174548546561000 ended_ns=1790174548603199750 elapsed_us=56638 block_gets=0 block_puts=0 deleted=16
checkpoint_phase lsn=21612 phase=commit_prune slot=-1 started_ns=1790174548603212000 ended_ns=1790174548656906125 elapsed_us=53694 block_gets=0 block_puts=0 deleted=16
checkpoint_phase lsn=21612 phase=commit_prune slot=-1 started_ns=1790174548656933000 ended_ns=1790174548707545833 elapsed_us=50612 block_gets=0 block_puts=0 deleted=16
checkpoint_phase lsn=21612 phase=commit_prune slot=-1 started_ns=1790174548707559000 ended_ns=1790174548760392500 elapsed_us=52833 block_gets=0 block_puts=0 deleted=16
checkpoint_phase lsn=21612 phase=commit_prune slot=-1 started_ns=1790174548760406000 ended_ns=1790174548818552458 elapsed_us=58146 block_gets=0 block_puts=0 deleted=16
checkpoint_phase lsn=21612 phase=commit_prune slot=-1 started_ns=1790174548818584000 ended_ns=1790174548879346791 elapsed_us=60762 block_gets=0 block_puts=0 deleted=16
checkpoint_phase lsn=21612 phase=commit_prune slot=-1 started_ns=1790174548879384000 ended_ns=1790174548941685583 elapsed_us=62301 block_gets=0 block_puts=0 deleted=16
checkpoint_phase lsn=21612 phase=commit_prune slot=-1 started_ns=1790174548941714000 ended_ns=1790174548996389875 elapsed_us=54675 block_gets=0 block_puts=0 deleted=14
checkpoint_phase lsn=21612 phase=legacy_gc slot=-1 started_ns=1790174548996421000 ended_ns=1790174549034367667 elapsed_us=37946 block_gets=0 block_puts=0 deleted=0
checkpoint_phase lsn=21612 phase=gc_keep slot=-1 started_ns=1790174549034382000 ended_ns=1790174549035535584 elapsed_us=1153 block_gets=0 block_puts=0 deleted=0
checkpoint_phase lsn=21612 phase=gc_list slot=-1 started_ns=1790174549035542000 ended_ns=1790174549132096875 elapsed_us=96554 block_gets=0 block_puts=0 deleted=0
checkpoint_phase lsn=21612 phase=gc_delete slot=-1 started_ns=1790174549132115000 ended_ns=1790174549182183292 elapsed_us=50068 block_gets=0 block_puts=0 deleted=16
checkpoint_phase lsn=21612 phase=gc_delete slot=-1 started_ns=1790174549182197000 ended_ns=1790174549231000833 elapsed_us=48803 block_gets=0 block_puts=0 deleted=16
checkpoint_phase lsn=21612 phase=gc_delete slot=-1 started_ns=1790174549231011000 ended_ns=1790174549281199459 elapsed_us=50188 block_gets=0 block_puts=0 deleted=16
checkpoint_phase lsn=21612 phase=gc_delete slot=-1 started_ns=1790174549281213000 ended_ns=1790174549331156708 elapsed_us=49943 block_gets=0 block_puts=0 deleted=16
checkpoint_phase lsn=21612 phase=gc_delete slot=-1 started_ns=1790174549331170000 ended_ns=1790174549382383291 elapsed_us=51213 block_gets=0 block_puts=0 deleted=16
checkpoint_phase lsn=21612 phase=gc_delete slot=-1 started_ns=1790174549382396000 ended_ns=1790174549424671959 elapsed_us=42275 block_gets=0 block_puts=0 deleted=13
checkpoint_phase lsn=21612 phase=row_merge_schedule slot=0 started_ns=1790174549424844000 ended_ns=1790174549431977500 elapsed_us=7133 block_gets=2 block_puts=0 deleted=0
checkpoint_phase lsn=21612 phase=row_merge_schedule slot=0 started_ns=1790174549432067000 ended_ns=1790174549455766125 elapsed_us=23699 block_gets=7 block_puts=0 deleted=0
checkpoint_phase lsn=21612 phase=row_merge_schedule slot=0 started_ns=1790174549455837000 ended_ns=1790174549478564167 elapsed_us=22727 block_gets=7 block_puts=0 deleted=0
checkpoint_phase lsn=21612 phase=row_merge_schedule slot=0 started_ns=1790174549478646000 ended_ns=1790174549502519209 elapsed_us=23873 block_gets=7 block_puts=0 deleted=0
checkpoint_phase lsn=21612 phase=row_merge_schedule slot=0 started_ns=1790174549502648000 ended_ns=1790174549523434917 elapsed_us=20786 block_gets=7 block_puts=0 deleted=0
checkpoint_phase lsn=21612 phase=row_merge_schedule slot=0 started_ns=1790174549524993000 ended_ns=1790174549549164959 elapsed_us=24171 block_gets=7 block_puts=0 deleted=0
checkpoint_phase lsn=21612 phase=row_merge_schedule slot=0 started_ns=1790174549549275000 ended_ns=1790174549572397125 elapsed_us=23122 block_gets=7 block_puts=0 deleted=0
checkpoint_phase lsn=21612 phase=row_merge_schedule slot=0 started_ns=1790174549572530000 ended_ns=1790174549596598375 elapsed_us=24068 block_gets=7 block_puts=0 deleted=0
checkpoint_phase lsn=21612 phase=row_merge_schedule slot=0 started_ns=1790174549598168000 ended_ns=1790174549621243917 elapsed_us=23075 block_gets=7 block_puts=0 deleted=0
checkpoint_phase lsn=21612 phase=row_merge_schedule slot=0 started_ns=1790174549621353000 ended_ns=1790174549645293584 elapsed_us=23940 block_gets=7 block_puts=0 deleted=0
checkpoint_phase lsn=21612 phase=row_merge_schedule slot=0 started_ns=1790174549645423000 ended_ns=1790174549667767417 elapsed_us=22344 block_gets=7 block_puts=0 deleted=0
checkpoint_phase lsn=21612 phase=row_merge_schedule slot=0 started_ns=1790174549667848000 ended_ns=1790174549691248041 elapsed_us=23400 block_gets=7 block_puts=0 deleted=0
checkpoint_phase lsn=21612 phase=row_merge_schedule slot=0 started_ns=1790174549691378000 ended_ns=1790174549713923375 elapsed_us=22545 block_gets=7 block_puts=0 deleted=0
checkpoint_phase lsn=21612 phase=row_merge_schedule slot=0 started_ns=1790174549714014000 ended_ns=1790174549735838083 elapsed_us=21824 block_gets=7 block_puts=0 deleted=0
checkpoint_phase lsn=21612 phase=row_merge_schedule slot=0 started_ns=1790174549736120000 ended_ns=1790174549762051292 elapsed_us=25931 block_gets=7 block_puts=0 deleted=0
checkpoint_phase lsn=21612 phase=row_merge_schedule slot=0 started_ns=1790174549762266000 ended_ns=1790174549789824375 elapsed_us=27558 block_gets=7 block_puts=0 deleted=0
checkpoint_phase lsn=21612 phase=row_merge_schedule slot=0 started_ns=1790174549790129000 ended_ns=1790174549817451958 elapsed_us=27322 block_gets=7 block_puts=0 deleted=0
checkpoint_phase lsn=21612 phase=row_merge_schedule slot=0 started_ns=1790174549818091000 ended_ns=1790174549846480958 elapsed_us=28389 block_gets=7 block_puts=0 deleted=0
checkpoint_phase lsn=21612 phase=row_merge_schedule slot=0 started_ns=1790174549846691000 ended_ns=1790174549875418083 elapsed_us=28727 block_gets=7 block_puts=0 deleted=0
checkpoint_phase lsn=21612 phase=row_merge_schedule slot=0 started_ns=1790174549875726000 ended_ns=1790174549905897125 elapsed_us=30171 block_gets=7 block_puts=0 deleted=0
checkpoint_phase lsn=21612 phase=row_merge_schedule slot=0 started_ns=1790174549906347000 ended_ns=1790174549933862208 elapsed_us=27515 block_gets=7 block_puts=0 deleted=0
checkpoint_phase lsn=21612 phase=row_merge_schedule slot=0 started_ns=1790174549934037000 ended_ns=1790174549958520625 elapsed_us=24483 block_gets=7 block_puts=0 deleted=0
checkpoint_phase lsn=21628 phase=value_index_schedule slot=0 started_ns=1790174550006169000 ended_ns=1790174550006263583 elapsed_us=94 block_gets=0 block_puts=0 deleted=0
checkpoint_phase lsn=21628 phase=row_merge_schedule slot=0 started_ns=1790174550006378000 ended_ns=1790174550027598833 elapsed_us=21220 block_gets=7 block_puts=0 deleted=0
checkpoint_phase lsn=21628 phase=value_index_schedule slot=0 started_ns=1790174550027653000 ended_ns=1790174550027702833 elapsed_us=49 block_gets=0 block_puts=0 deleted=0
checkpoint_phase lsn=21628 phase=row_merge_schedule slot=0 started_ns=1790174550027708000 ended_ns=1790174550050430000 elapsed_us=22722 block_gets=7 block_puts=0 deleted=0
checkpoint_phase lsn=21628 phase=value_index_write slot=0 started_ns=1790174550050440000 ended_ns=1790174550050442000 elapsed_us=2 block_gets=0 block_puts=0 deleted=0
checkpoint_phase lsn=21628 phase=row_merge_schedule slot=0 started_ns=1790174550050445000 ended_ns=1790174550073672583 elapsed_us=23227 block_gets=7 block_puts=0 deleted=0
checkpoint_phase lsn=21628 phase=value_index_write slot=0 started_ns=1790174550073682000 ended_ns=1790174550075103083 elapsed_us=1421 block_gets=0 block_puts=0 deleted=0
checkpoint_phase lsn=21628 phase=row_merge_schedule slot=0 started_ns=1790174550075108000 ended_ns=1790174550099213916 elapsed_us=24105 block_gets=7 block_puts=0 deleted=0
checkpoint_phase lsn=21628 phase=value_index_write slot=0 started_ns=1790174550099225000 ended_ns=1790174550099308542 elapsed_us=83 block_gets=0 block_puts=0 deleted=0
checkpoint_phase lsn=21628 phase=row_merge_schedule slot=0 started_ns=1790174550099312000 ended_ns=1790174550122534875 elapsed_us=23222 block_gets=7 block_puts=0 deleted=0
checkpoint_phase lsn=21628 phase=value_index_write slot=0 started_ns=1790174550122544000 ended_ns=1790174550122625375 elapsed_us=81 block_gets=0 block_puts=0 deleted=0
checkpoint_phase lsn=21628 phase=row_merge_schedule slot=0 started_ns=1790174550122629000 ended_ns=1790174550146985833 elapsed_us=24356 block_gets=7 block_puts=0 deleted=0
checkpoint_phase lsn=21628 phase=value_index_write slot=0 started_ns=1790174550147006000 ended_ns=1790174550147218167 elapsed_us=212 block_gets=0 block_puts=0 deleted=0
checkpoint_phase lsn=21628 phase=row_merge_schedule slot=0 started_ns=1790174550147230000 ended_ns=1790174550171274458 elapsed_us=24044 block_gets=7 block_puts=0 deleted=0
checkpoint_phase lsn=21628 phase=value_index_write slot=0 started_ns=1790174550171284000 ended_ns=1790174550171370000 elapsed_us=86 block_gets=0 block_puts=0 deleted=0
checkpoint_phase lsn=21628 phase=row_merge_schedule slot=0 started_ns=1790174550171373000 ended_ns=1790174550195880667 elapsed_us=24507 block_gets=7 block_puts=0 deleted=0
checkpoint_phase lsn=21628 phase=value_index_write slot=0 started_ns=1790174550195903000 ended_ns=1790174550206573125 elapsed_us=10670 block_gets=0 block_puts=1 deleted=0
checkpoint_phase lsn=21628 phase=row_merge_schedule slot=0 started_ns=1790174550206582000 ended_ns=1790174550216109500 elapsed_us=9527 block_gets=3 block_puts=0 deleted=0
checkpoint_phase lsn=21628 phase=value_index_write slot=0 started_ns=1790174550216119000 ended_ns=1790174550216201250 elapsed_us=82 block_gets=0 block_puts=0 deleted=0
checkpoint_phase lsn=21628 phase=row_merge_schedule slot=0 started_ns=1790174550216206000 ended_ns=1790174550241645209 elapsed_us=25439 block_gets=8 block_puts=0 deleted=0
checkpoint_phase lsn=21628 phase=value_index_write slot=0 started_ns=1790174550241656000 ended_ns=1790174550241733208 elapsed_us=77 block_gets=0 block_puts=0 deleted=0
checkpoint_phase lsn=21628 phase=row_merge_schedule slot=0 started_ns=1790174550241736000 ended_ns=1790174550265010167 elapsed_us=23274 block_gets=7 block_puts=0 deleted=0
checkpoint_phase lsn=21628 phase=value_index_write slot=0 started_ns=1790174550265021000 ended_ns=1790174550265093083 elapsed_us=72 block_gets=0 block_puts=0 deleted=0
checkpoint_phase lsn=21628 phase=row_merge_schedule slot=0 started_ns=1790174550265095000 ended_ns=1790174550288441333 elapsed_us=23346 block_gets=7 block_puts=0 deleted=0
checkpoint_phase lsn=21628 phase=value_index_write slot=0 started_ns=1790174550288452000 ended_ns=1790174550293004292 elapsed_us=4552 block_gets=0 block_puts=1 deleted=0
checkpoint_phase lsn=21628 phase=row_merge_schedule slot=0 started_ns=1790174550293011000 ended_ns=1790174550293122250 elapsed_us=111 block_gets=0 block_puts=0 deleted=0
checkpoint_phase lsn=21628 phase=value_index_schedule slot=0 started_ns=1790174550293130000 ended_ns=1790174550293162667 elapsed_us=32 block_gets=0 block_puts=0 deleted=0
checkpoint_phase lsn=21628 phase=row_merge_write slot=0 started_ns=1790174550293165000 ended_ns=1790174550318094042 elapsed_us=24929 block_gets=0 block_puts=5 deleted=0
checkpoint_phase lsn=21628 phase=value_index_schedule slot=0 started_ns=1790174550318104000 ended_ns=1790174550318156625 elapsed_us=52 block_gets=0 block_puts=0 deleted=0
checkpoint_phase lsn=21628 phase=row_merge_write slot=0 started_ns=1790174550318163000 ended_ns=1790174550337504250 elapsed_us=19341 block_gets=0 block_puts=4 deleted=0
checkpoint_phase lsn=21628 phase=value_index_write slot=0 started_ns=1790174550337514000 ended_ns=1790174550341998459 elapsed_us=4484 block_gets=0 block_puts=1 deleted=0
checkpoint_phase lsn=21628 phase=row_merge_write slot=0 started_ns=1790174550342005000 ended_ns=1790174550360171000 elapsed_us=18166 block_gets=0 block_puts=4 deleted=0
checkpoint_phase lsn=21628 phase=value_index_write slot=0 started_ns=1790174550360179000 ended_ns=1790174550360907959 elapsed_us=728 block_gets=0 block_puts=0 deleted=0
checkpoint_phase lsn=21628 phase=row_merge_write slot=0 started_ns=1790174550360914000 ended_ns=1790174550380032667 elapsed_us=19118 block_gets=0 block_puts=4 deleted=0
checkpoint_phase lsn=21628 phase=value_index_write slot=0 started_ns=1790174550380047000 ended_ns=1790174550380935208 elapsed_us=888 block_gets=0 block_puts=0 deleted=0
checkpoint_phase lsn=21628 phase=row_merge_write slot=0 started_ns=1790174550380939000 ended_ns=1790174550400011541 elapsed_us=19072 block_gets=0 block_puts=4 deleted=0
checkpoint_phase lsn=21628 phase=value_index_write slot=0 started_ns=1790174550400022000 ended_ns=1790174550400820667 elapsed_us=798 block_gets=0 block_puts=0 deleted=0
checkpoint_phase lsn=21628 phase=row_merge_write slot=0 started_ns=1790174550400824000 ended_ns=1790174550419976667 elapsed_us=19152 block_gets=0 block_puts=4 deleted=0
checkpoint_phase lsn=21628 phase=value_index_write slot=0 started_ns=1790174550419985000 ended_ns=1790174550420707666 elapsed_us=722 block_gets=0 block_puts=0 deleted=0
checkpoint_phase lsn=21628 phase=row_merge_write slot=0 started_ns=1790174550420711000 ended_ns=1790174550439568916 elapsed_us=18857 block_gets=0 block_puts=4 deleted=0
checkpoint_phase lsn=21628 phase=value_index_write slot=0 started_ns=1790174550439579000 ended_ns=1790174550440402250 elapsed_us=823 block_gets=0 block_puts=0 deleted=0
checkpoint_phase lsn=21628 phase=row_merge_write slot=0 started_ns=1790174550440406000 ended_ns=1790174550458300708 elapsed_us=17894 block_gets=0 block_puts=4 deleted=0
checkpoint_phase lsn=21628 phase=value_index_write slot=0 started_ns=1790174550458310000 ended_ns=1790174550459039250 elapsed_us=729 block_gets=0 block_puts=0 deleted=0
checkpoint_phase lsn=21628 phase=row_merge_write slot=0 started_ns=1790174550459045000 ended_ns=1790174550478056958 elapsed_us=19011 block_gets=0 block_puts=4 deleted=0
checkpoint_phase lsn=21628 phase=value_index_write slot=0 started_ns=1790174550478066000 ended_ns=1790174550478861791 elapsed_us=795 block_gets=0 block_puts=0 deleted=0
checkpoint_phase lsn=21628 phase=row_merge_write slot=0 started_ns=1790174550478868000 ended_ns=1790174550498153542 elapsed_us=19285 block_gets=0 block_puts=4 deleted=0
checkpoint_phase lsn=21628 phase=value_index_write slot=0 started_ns=1790174550498173000 ended_ns=1790174550501468958 elapsed_us=3295 block_gets=0 block_puts=1 deleted=0
checkpoint_phase lsn=21628 phase=row_merge_write slot=0 started_ns=1790174550501473000 ended_ns=1790174550524060083 elapsed_us=22587 block_gets=0 block_puts=5 deleted=0
checkpoint_phase lsn=21628 phase=value_index_write slot=0 started_ns=1790174550524070000 ended_ns=1790174550527398375 elapsed_us=3328 block_gets=0 block_puts=1 deleted=0
checkpoint_phase lsn=21628 phase=row_merge_write slot=0 started_ns=1790174550527406000 ended_ns=1790174550530248042 elapsed_us=2842 block_gets=0 block_puts=0 deleted=0
checkpoint_phase lsn=21628 phase=value_index_schedule slot=0 started_ns=1790174550530255000 ended_ns=1790174550530285166 elapsed_us=30 block_gets=0 block_puts=0 deleted=0
checkpoint_phase lsn=21628 phase=row_merge_write slot=0 started_ns=1790174550530288000 ended_ns=1790174550543442792 elapsed_us=13154 block_gets=0 block_puts=2 deleted=0
checkpoint_phase lsn=21628 phase=value_index_schedule slot=0 started_ns=1790174550543455000 ended_ns=1790174550543509834 elapsed_us=54 block_gets=0 block_puts=0 deleted=0
checkpoint_phase lsn=21628 phase=row_merge_write slot=0 started_ns=1790174550543518000 ended_ns=1790174550546319750 elapsed_us=2801 block_gets=0 block_puts=0 deleted=0
checkpoint_phase lsn=21628 phase=value_index_write slot=0 started_ns=1790174550546326000 ended_ns=1790174550550008375 elapsed_us=3682 block_gets=0 block_puts=1 deleted=0
checkpoint_phase lsn=21628 phase=row_merge_write slot=0 started_ns=1790174550550018000 ended_ns=1790174550553014667 elapsed_us=2996 block_gets=0 block_puts=0 deleted=0
checkpoint_phase lsn=21628 phase=value_index_write slot=0 started_ns=1790174550553028000 ended_ns=1790174550553928208 elapsed_us=900 block_gets=0 block_puts=0 deleted=0
checkpoint_phase lsn=21628 phase=row_merge_write slot=0 started_ns=1790174550553931000 ended_ns=1790174550557071833 elapsed_us=3140 block_gets=0 block_puts=0 deleted=0
checkpoint_phase lsn=21628 phase=value_index_write slot=0 started_ns=1790174550557076000 ended_ns=1790174550557885917 elapsed_us=809 block_gets=0 block_puts=0 deleted=0
checkpoint_phase lsn=21628 phase=row_merge_write slot=0 started_ns=1790174550557892000 ended_ns=1790174550561148083 elapsed_us=3256 block_gets=0 block_puts=0 deleted=0
checkpoint_phase lsn=21628 phase=value_index_write slot=0 started_ns=1790174550561153000 ended_ns=1790174550562057292 elapsed_us=904 block_gets=0 block_puts=0 deleted=0
checkpoint_phase lsn=21628 phase=row_merge_write slot=0 started_ns=1790174550562060000 ended_ns=1790174550565530000 elapsed_us=3470 block_gets=0 block_puts=0 deleted=0
checkpoint_phase lsn=21628 phase=value_index_write slot=0 started_ns=1790174550565533000 ended_ns=1790174550566339625 elapsed_us=806 block_gets=0 block_puts=0 deleted=0
checkpoint_phase lsn=21628 phase=row_merge_write slot=0 started_ns=1790174550566344000 ended_ns=1790174550569541250 elapsed_us=3197 block_gets=0 block_puts=0 deleted=0
checkpoint_phase lsn=21628 phase=value_index_write slot=0 started_ns=1790174550569549000 ended_ns=1790174550570363500 elapsed_us=814 block_gets=0 block_puts=0 deleted=0
checkpoint_phase lsn=21628 phase=row_merge_write slot=0 started_ns=1790174550570370000 ended_ns=1790174550573408583 elapsed_us=3038 block_gets=0 block_puts=0 deleted=0
checkpoint_phase lsn=21628 phase=value_index_write slot=0 started_ns=1790174550573416000 ended_ns=1790174550574132167 elapsed_us=716 block_gets=0 block_puts=0 deleted=0
checkpoint_phase lsn=21628 phase=row_merge_write slot=0 started_ns=1790174550574136000 ended_ns=1790174550576957375 elapsed_us=2821 block_gets=0 block_puts=0 deleted=0
checkpoint_phase lsn=21628 phase=value_index_write slot=0 started_ns=1790174550576964000 ended_ns=1790174550577681750 elapsed_us=717 block_gets=0 block_puts=0 deleted=0
checkpoint_phase lsn=21628 phase=row_merge_write slot=0 started_ns=1790174550577687000 ended_ns=1790174550580512833 elapsed_us=2825 block_gets=0 block_puts=0 deleted=0
checkpoint_phase lsn=21628 phase=value_index_write slot=0 started_ns=1790174550580518000 ended_ns=1790174550584997125 elapsed_us=4479 block_gets=0 block_puts=1 deleted=0
checkpoint_phase lsn=21628 phase=row_merge_write slot=0 started_ns=1790174550585009000 ended_ns=1790174550588039875 elapsed_us=3030 block_gets=0 block_puts=0 deleted=0
checkpoint_phase lsn=21628 phase=value_index_write slot=0 started_ns=1790174550588048000 ended_ns=1790174550592275166 elapsed_us=4227 block_gets=0 block_puts=1 deleted=0
checkpoint_phase lsn=21628 phase=row_merge_write slot=0 started_ns=1790174550592283000 ended_ns=1790174550595126000 elapsed_us=2843 block_gets=0 block_puts=0 deleted=0
checkpoint_phase lsn=21628 phase=row_sst_delta slot=0 started_ns=1790174550595140000 ended_ns=1790174550609836417 elapsed_us=14696 block_gets=0 block_puts=4 deleted=0
checkpoint_phase lsn=21628 phase=row_merge_write slot=0 started_ns=1790174550609849000 ended_ns=1790174550612752459 elapsed_us=2903 block_gets=0 block_puts=0 deleted=0
checkpoint_phase lsn=21628 phase=manifest slot=-1 started_ns=1790174550612763000 ended_ns=1790174550616691334 elapsed_us=3928 block_gets=0 block_puts=0 deleted=0
checkpoint_phase lsn=21628 phase=local_cleanup slot=-1 started_ns=1790174550616732000 ended_ns=1790174550616889583 elapsed_us=157 block_gets=0 block_puts=0 deleted=0
checkpoint_phase lsn=21628 phase=commit_prune slot=-1 started_ns=1790174550616892000 ended_ns=1790174550682969084 elapsed_us=66077 block_gets=0 block_puts=0 deleted=2
checkpoint_phase lsn=21628 phase=legacy_gc slot=-1 started_ns=1790174550682981000 ended_ns=1790174550711706000 elapsed_us=28725 block_gets=0 block_puts=0 deleted=0
checkpoint_phase lsn=21628 phase=gc_keep slot=-1 started_ns=1790174550711724000 ended_ns=1790174550712980292 elapsed_us=1256 block_gets=0 block_puts=0 deleted=0
checkpoint_phase lsn=21628 phase=gc_list slot=-1 started_ns=1790174550712988000 ended_ns=1790174550808782792 elapsed_us=95794 block_gets=0 block_puts=0 deleted=0
checkpoint_phase lsn=21628 phase=gc_delete slot=-1 started_ns=1790174550808809000 ended_ns=1790174550833880584 elapsed_us=25071 block_gets=0 block_puts=0 deleted=8
checkpoint_phase lsn=21628 phase=row_merge_write slot=0 started_ns=1790174550840162000 ended_ns=1790174550843099333 elapsed_us=2937 block_gets=0 block_puts=0 deleted=0
checkpoint_phase lsn=21628 phase=row_merge_write slot=0 started_ns=1790174550843136000 ended_ns=1790174550845962000 elapsed_us=2826 block_gets=0 block_puts=0 deleted=0
checkpoint_phase lsn=21628 phase=row_merge_write slot=0 started_ns=1790174550845973000 ended_ns=1790174550848764750 elapsed_us=2791 block_gets=0 block_puts=0 deleted=0
checkpoint_phase lsn=21628 phase=row_merge_write slot=0 started_ns=1790174550848768000 ended_ns=1790174550851592333 elapsed_us=2824 block_gets=0 block_puts=0 deleted=0
checkpoint_phase lsn=21628 phase=row_merge_write slot=0 started_ns=1790174550851597000 ended_ns=1790174550854422375 elapsed_us=2825 block_gets=0 block_puts=0 deleted=0
checkpoint_phase lsn=21628 phase=row_merge_write slot=0 started_ns=1790174550854428000 ended_ns=1790174550857252208 elapsed_us=2824 block_gets=0 block_puts=0 deleted=0
checkpoint_phase lsn=21628 phase=row_merge_write slot=0 started_ns=1790174550857258000 ended_ns=1790174550860089583 elapsed_us=2831 block_gets=0 block_puts=0 deleted=0
checkpoint_phase lsn=21628 phase=row_merge_write slot=0 started_ns=1790174550860094000 ended_ns=1790174550862915500 elapsed_us=2821 block_gets=0 block_puts=0 deleted=0
checkpoint_phase lsn=21628 phase=row_merge_write slot=0 started_ns=1790174550862920000 ended_ns=1790174550865730416 elapsed_us=2810 block_gets=0 block_puts=0 deleted=0
checkpoint_phase lsn=21628 phase=row_merge_write slot=0 started_ns=1790174550865736000 ended_ns=1790174550868564792 elapsed_us=2828 block_gets=0 block_puts=0 deleted=0
checkpoint_phase lsn=21628 phase=row_merge_write slot=0 started_ns=1790174550868569000 ended_ns=1790174550871399083 elapsed_us=2830 block_gets=0 block_puts=0 deleted=0
checkpoint_phase lsn=21628 phase=row_merge_write slot=0 started_ns=1790174550871403000 ended_ns=1790174550874219209 elapsed_us=2816 block_gets=0 block_puts=0 deleted=0
checkpoint_phase lsn=21628 phase=row_merge_write slot=0 started_ns=1790174550874225000 ended_ns=1790174550877056625 elapsed_us=2831 block_gets=0 block_puts=0 deleted=0
checkpoint_phase lsn=21628 phase=row_merge_write slot=0 started_ns=1790174550877063000 ended_ns=1790174550879888792 elapsed_us=2825 block_gets=0 block_puts=0 deleted=0
checkpoint_phase lsn=21628 phase=row_merge_write slot=0 started_ns=1790174550879894000 ended_ns=1790174550882692833 elapsed_us=2798 block_gets=0 block_puts=0 deleted=0
checkpoint_phase lsn=21628 phase=row_merge_write slot=0 started_ns=1790174550882696000 ended_ns=1790174550885525333 elapsed_us=2829 block_gets=0 block_puts=0 deleted=0
checkpoint_phase lsn=21628 phase=row_merge_write slot=0 started_ns=1790174550885531000 ended_ns=1790174550888351542 elapsed_us=2820 block_gets=0 block_puts=0 deleted=0
checkpoint_phase lsn=21628 phase=row_merge_write slot=0 started_ns=1790174550888355000 ended_ns=1790174550891151500 elapsed_us=2796 block_gets=0 block_puts=0 deleted=0
checkpoint_phase lsn=21628 phase=row_merge_write slot=0 started_ns=1790174550891156000 ended_ns=1790174550893971375 elapsed_us=2815 block_gets=0 block_puts=0 deleted=0
checkpoint_phase lsn=21628 phase=row_merge_write slot=0 started_ns=1790174550893977000 ended_ns=1790174550896795125 elapsed_us=2818 block_gets=0 block_puts=0 deleted=0
checkpoint_phase lsn=21628 phase=row_merge_write slot=0 started_ns=1790174550896800000 ended_ns=1790174550899624875 elapsed_us=2824 block_gets=0 block_puts=0 deleted=0
checkpoint_phase lsn=21628 phase=row_merge_write slot=0 started_ns=1790174550899631000 ended_ns=1790174550902457041 elapsed_us=2826 block_gets=0 block_puts=0 deleted=0
checkpoint_phase lsn=21628 phase=row_merge_write slot=0 started_ns=1790174550902461000 ended_ns=1790174550905295459 elapsed_us=2834 block_gets=0 block_puts=0 deleted=0
checkpoint_phase lsn=21628 phase=row_merge_write slot=0 started_ns=1790174550905301000 ended_ns=1790174550908123083 elapsed_us=2822 block_gets=0 block_puts=0 deleted=0
checkpoint_phase lsn=21628 phase=row_merge_write slot=0 started_ns=1790174550908128000 ended_ns=1790174550910956208 elapsed_us=2828 block_gets=0 block_puts=0 deleted=0
checkpoint_phase lsn=21628 phase=row_merge_write slot=0 started_ns=1790174550910961000 ended_ns=1790174550913783667 elapsed_us=2822 block_gets=0 block_puts=0 deleted=0
checkpoint_phase lsn=21628 phase=row_merge_write slot=0 started_ns=1790174550913789000 ended_ns=1790174550916620000 elapsed_us=2831 block_gets=0 block_puts=0 deleted=0
checkpoint_phase lsn=21628 phase=row_merge_write slot=0 started_ns=1790174550916625000 ended_ns=1790174550919453750 elapsed_us=2828 block_gets=0 block_puts=0 deleted=0
checkpoint_phase lsn=21628 phase=row_merge_write slot=0 started_ns=1790174550919458000 ended_ns=1790174550922286459 elapsed_us=2828 block_gets=0 block_puts=0 deleted=0
checkpoint_phase lsn=21628 phase=row_merge_write slot=0 started_ns=1790174550922290000 ended_ns=1790174550925118375 elapsed_us=2828 block_gets=0 block_puts=0 deleted=0
checkpoint_phase lsn=21628 phase=row_merge_write slot=0 started_ns=1790174550925125000 ended_ns=1790174550927932125 elapsed_us=2807 block_gets=0 block_puts=0 deleted=0
checkpoint_phase lsn=21628 phase=row_merge_write slot=0 started_ns=1790174550927941000 ended_ns=1790174550930756042 elapsed_us=2815 block_gets=0 block_puts=0 deleted=0
checkpoint_phase lsn=21628 phase=row_merge_write slot=0 started_ns=1790174550930760000 ended_ns=1790174550933628208 elapsed_us=2868 block_gets=0 block_puts=0 deleted=0
checkpoint_phase lsn=21628 phase=row_merge_write slot=0 started_ns=1790174550933646000 ended_ns=1790174550936484708 elapsed_us=2838 block_gets=0 block_puts=0 deleted=0
checkpoint_phase lsn=21628 phase=row_merge_write slot=0 started_ns=1790174550936493000 ended_ns=1790174550939332459 elapsed_us=2839 block_gets=0 block_puts=0 deleted=0
checkpoint_phase lsn=21628 phase=row_merge_write slot=0 started_ns=1790174550939339000 ended_ns=1790174550942210000 elapsed_us=2871 block_gets=0 block_puts=0 deleted=0
checkpoint_phase lsn=21628 phase=row_merge_write slot=0 started_ns=1790174550942225000 ended_ns=1790174550945090417 elapsed_us=2865 block_gets=0 block_puts=0 deleted=0
checkpoint_phase lsn=21628 phase=row_merge_write slot=0 started_ns=1790174550945097000 ended_ns=1790174550947923125 elapsed_us=2826 block_gets=0 block_puts=0 deleted=0
checkpoint_phase lsn=21628 phase=row_merge_write slot=0 started_ns=1790174550947928000 ended_ns=1790174550950751667 elapsed_us=2823 block_gets=0 block_puts=0 deleted=0
checkpoint_phase lsn=21628 phase=row_merge_write slot=0 started_ns=1790174550950757000 ended_ns=1790174550953603667 elapsed_us=2846 block_gets=0 block_puts=0 deleted=0
checkpoint_phase lsn=21628 phase=row_merge_write slot=0 started_ns=1790174550953613000 ended_ns=1790174550956447958 elapsed_us=2834 block_gets=0 block_puts=0 deleted=0
checkpoint_phase lsn=21628 phase=row_merge_write slot=0 started_ns=1790174550956453000 ended_ns=1790174550959287750 elapsed_us=2834 block_gets=0 block_puts=0 deleted=0
checkpoint_phase lsn=21628 phase=row_merge_write slot=0 started_ns=1790174550959292000 ended_ns=1790174550962120500 elapsed_us=2828 block_gets=0 block_puts=0 deleted=0
checkpoint_phase lsn=21628 phase=row_merge_write slot=0 started_ns=1790174550962128000 ended_ns=1790174550964938709 elapsed_us=2810 block_gets=0 block_puts=0 deleted=0
checkpoint_phase lsn=21628 phase=row_merge_write slot=0 started_ns=1790174550964944000 ended_ns=1790174550967762958 elapsed_us=2818 block_gets=0 block_puts=0 deleted=0
checkpoint_phase lsn=21628 phase=row_merge_write slot=0 started_ns=1790174550967767000 ended_ns=1790174550970589417 elapsed_us=2822 block_gets=0 block_puts=0 deleted=0
checkpoint_phase lsn=21628 phase=row_merge_write slot=0 started_ns=1790174550970594000 ended_ns=1790174550973425042 elapsed_us=2831 block_gets=0 block_puts=0 deleted=0
checkpoint_phase lsn=21628 phase=row_merge_write slot=0 started_ns=1790174550973431000 ended_ns=1790174550976256125 elapsed_us=2825 block_gets=0 block_puts=0 deleted=0
checkpoint_phase lsn=21628 phase=row_merge_write slot=0 started_ns=1790174550976262000 ended_ns=1790174550979088666 elapsed_us=2826 block_gets=0 block_puts=0 deleted=0
checkpoint_phase lsn=21628 phase=row_merge_write slot=0 started_ns=1790174550979094000 ended_ns=1790174550981924584 elapsed_us=2830 block_gets=0 block_puts=0 deleted=0
checkpoint_phase lsn=21628 phase=row_merge_write slot=0 started_ns=1790174550981931000 ended_ns=1790174550984775167 elapsed_us=2844 block_gets=0 block_puts=0 deleted=0
checkpoint_phase lsn=21628 phase=row_merge_write slot=0 started_ns=1790174550984780000 ended_ns=1790174550987613916 elapsed_us=2833 block_gets=0 block_puts=0 deleted=0
checkpoint_phase lsn=21628 phase=row_merge_write slot=0 started_ns=1790174550987619000 ended_ns=1790174550990457750 elapsed_us=2838 block_gets=0 block_puts=0 deleted=0
checkpoint_phase lsn=21628 phase=row_merge_write slot=0 started_ns=1790174550990464000 ended_ns=1790174550993291458 elapsed_us=2827 block_gets=0 block_puts=0 deleted=0
checkpoint_phase lsn=21628 phase=row_merge_write slot=0 started_ns=1790174550993298000 ended_ns=1790174550996126834 elapsed_us=2828 block_gets=0 block_puts=0 deleted=0
checkpoint_phase lsn=21628 phase=row_merge_write slot=0 started_ns=1790174550996134000 ended_ns=1790174550998965291 elapsed_us=2831 block_gets=0 block_puts=0 deleted=0
checkpoint_phase lsn=21628 phase=row_merge_write slot=0 started_ns=1790174550998970000 ended_ns=1790174551001826500 elapsed_us=2856 block_gets=0 block_puts=0 deleted=0
checkpoint_phase lsn=21628 phase=row_merge_write slot=0 started_ns=1790174551001832000 ended_ns=1790174551004705458 elapsed_us=2873 block_gets=0 block_puts=0 deleted=0
checkpoint_phase lsn=21628 phase=row_merge_write slot=0 started_ns=1790174551004723000 ended_ns=1790174551007562084 elapsed_us=2839 block_gets=0 block_puts=0 deleted=0
checkpoint_phase lsn=21628 phase=row_merge_write slot=0 started_ns=1790174551007569000 ended_ns=1790174551010412875 elapsed_us=2843 block_gets=0 block_puts=0 deleted=0
checkpoint_phase lsn=21628 phase=row_merge_write slot=0 started_ns=1790174551010420000 ended_ns=1790174551013247125 elapsed_us=2827 block_gets=0 block_puts=0 deleted=0
checkpoint_phase lsn=21628 phase=row_merge_write slot=0 started_ns=1790174551013252000 ended_ns=1790174551016082750 elapsed_us=2830 block_gets=0 block_puts=0 deleted=0
checkpoint_phase lsn=21628 phase=row_merge_write slot=0 started_ns=1790174551016089000 ended_ns=1790174551018925458 elapsed_us=2836 block_gets=0 block_puts=0 deleted=0
checkpoint_phase lsn=21628 phase=row_merge_write slot=0 started_ns=1790174551018932000 ended_ns=1790174551021759000 elapsed_us=2827 block_gets=0 block_puts=0 deleted=0
checkpoint_phase lsn=21628 phase=row_merge_write slot=0 started_ns=1790174551021771000 ended_ns=1790174551024627708 elapsed_us=2856 block_gets=0 block_puts=0 deleted=0
checkpoint_phase lsn=21628 phase=row_merge_write slot=0 started_ns=1790174551024634000 ended_ns=1790174551027459666 elapsed_us=2825 block_gets=0 block_puts=0 deleted=0
checkpoint_phase lsn=21628 phase=row_merge_write slot=0 started_ns=1790174551027465000 ended_ns=1790174551030282542 elapsed_us=2817 block_gets=0 block_puts=0 deleted=0
checkpoint_phase lsn=21628 phase=row_merge_write slot=0 started_ns=1790174551030288000 ended_ns=1790174551033111792 elapsed_us=2823 block_gets=0 block_puts=0 deleted=0
checkpoint_phase lsn=21628 phase=row_merge_write slot=0 started_ns=1790174551033117000 ended_ns=1790174551035951667 elapsed_us=2834 block_gets=0 block_puts=0 deleted=0
checkpoint_phase lsn=21628 phase=row_merge_write slot=0 started_ns=1790174551035959000 ended_ns=1790174551038797250 elapsed_us=2838 block_gets=0 block_puts=0 deleted=0
checkpoint_phase lsn=21628 phase=row_merge_write slot=0 started_ns=1790174551038807000 ended_ns=1790174551041632583 elapsed_us=2825 block_gets=0 block_puts=0 deleted=0
checkpoint_phase lsn=21628 phase=row_merge_write slot=0 started_ns=1790174551041637000 ended_ns=1790174551044450667 elapsed_us=2813 block_gets=0 block_puts=0 deleted=0
checkpoint_phase lsn=21628 phase=row_merge_write slot=0 started_ns=1790174551044456000 ended_ns=1790174551047304875 elapsed_us=2848 block_gets=0 block_puts=0 deleted=0
checkpoint_phase lsn=21628 phase=row_merge_write slot=0 started_ns=1790174551047325000 ended_ns=1790174551050148750 elapsed_us=2823 block_gets=0 block_puts=0 deleted=0
checkpoint_phase lsn=21628 phase=row_merge_write slot=0 started_ns=1790174551050157000 ended_ns=1790174551052975958 elapsed_us=2818 block_gets=0 block_puts=0 deleted=0
checkpoint_phase lsn=21628 phase=row_merge_write slot=0 started_ns=1790174551052983000 ended_ns=1790174551055824042 elapsed_us=2841 block_gets=0 block_puts=0 deleted=0
checkpoint_phase lsn=21628 phase=row_merge_write slot=0 started_ns=1790174551055841000 ended_ns=1790174551058674958 elapsed_us=2833 block_gets=0 block_puts=0 deleted=0
checkpoint_phase lsn=21628 phase=row_merge_write slot=0 started_ns=1790174551058685000 ended_ns=1790174551061509875 elapsed_us=2824 block_gets=0 block_puts=0 deleted=0
checkpoint_phase lsn=21628 phase=row_merge_write slot=0 started_ns=1790174551061515000 ended_ns=1790174551064348791 elapsed_us=2833 block_gets=0 block_puts=0 deleted=0
checkpoint_phase lsn=21628 phase=row_merge_write slot=0 started_ns=1790174551064359000 ended_ns=1790174551067198250 elapsed_us=2839 block_gets=0 block_puts=0 deleted=0
checkpoint_phase lsn=21628 phase=row_merge_write slot=0 started_ns=1790174551067204000 ended_ns=1790174551070043250 elapsed_us=2839 block_gets=0 block_puts=0 deleted=0
checkpoint_phase lsn=21628 phase=row_merge_write slot=0 started_ns=1790174551070049000 ended_ns=1790174551072874667 elapsed_us=2825 block_gets=0 block_puts=0 deleted=0
checkpoint_phase lsn=21628 phase=row_merge_write slot=0 started_ns=1790174551072879000 ended_ns=1790174551075712542 elapsed_us=2833 block_gets=0 block_puts=0 deleted=0
checkpoint_phase lsn=21628 phase=row_merge_write slot=0 started_ns=1790174551075719000 ended_ns=1790174551078552750 elapsed_us=2833 block_gets=0 block_puts=0 deleted=0
checkpoint_phase lsn=21628 phase=row_merge_write slot=0 started_ns=1790174551078558000 ended_ns=1790174551081386417 elapsed_us=2828 block_gets=0 block_puts=0 deleted=0
checkpoint_phase lsn=21628 phase=row_merge_write slot=0 started_ns=1790174551081393000 ended_ns=1790174551084225042 elapsed_us=2832 block_gets=0 block_puts=0 deleted=0
checkpoint_phase lsn=21628 phase=row_merge_write slot=0 started_ns=1790174551084232000 ended_ns=1790174551087089916 elapsed_us=2857 block_gets=0 block_puts=0 deleted=0
checkpoint_phase lsn=21628 phase=row_merge_write slot=0 started_ns=1790174551087095000 ended_ns=1790174551089924750 elapsed_us=2829 block_gets=0 block_puts=0 deleted=0
checkpoint_phase lsn=21628 phase=row_merge_write slot=0 started_ns=1790174551089930000 ended_ns=1790174551092758583 elapsed_us=2828 block_gets=0 block_puts=0 deleted=0
checkpoint_phase lsn=21628 phase=row_merge_write slot=0 started_ns=1790174551092764000 ended_ns=1790174551095604083 elapsed_us=2840 block_gets=0 block_puts=0 deleted=0
checkpoint_phase lsn=21628 phase=row_merge_write slot=0 started_ns=1790174551095611000 ended_ns=1790174551098438708 elapsed_us=2827 block_gets=0 block_puts=0 deleted=0
checkpoint_phase lsn=21628 phase=row_merge_write slot=0 started_ns=1790174551098445000 ended_ns=1790174551109796042 elapsed_us=11351 block_gets=0 block_puts=3 deleted=0
checkpoint_phase lsn=21628 phase=manifest slot=-1 started_ns=1790174551109813000 ended_ns=1790174551112934916 elapsed_us=3121 block_gets=0 block_puts=0 deleted=0
checkpoint_phase lsn=21628 phase=local_cleanup slot=-1 started_ns=1790174551112942000 ended_ns=1790174551113008709 elapsed_us=66 block_gets=0 block_puts=0 deleted=0
checkpoint_phase lsn=21628 phase=commit_prune slot=-1 started_ns=1790174551113016000 ended_ns=1790174551170856459 elapsed_us=57840 block_gets=0 block_puts=0 deleted=0
checkpoint_phase lsn=21628 phase=legacy_gc slot=-1 started_ns=1790174551170871000 ended_ns=1790174551200579708 elapsed_us=29708 block_gets=0 block_puts=0 deleted=0
checkpoint_phase lsn=21628 phase=gc_keep slot=-1 started_ns=1790174551200596000 ended_ns=1790174551201726292 elapsed_us=1130 block_gets=0 block_puts=0 deleted=0
checkpoint_phase lsn=21628 phase=gc_list slot=-1 started_ns=1790174551201732000 ended_ns=1790174551296720666 elapsed_us=94988 block_gets=0 block_puts=0 deleted=0
checkpoint_phase lsn=21628 phase=gc_delete slot=-1 started_ns=1790174551296739000 ended_ns=1790174551331356000 elapsed_us=34617 block_gets=0 block_puts=0 deleted=11
checkpoint_phase lsn=21628 phase=row_merge_schedule slot=0 started_ns=1790174551337672000 ended_ns=1790174551363606042 elapsed_us=25934 block_gets=8 block_puts=0 deleted=0
checkpoint_phase lsn=21628 phase=row_merge_schedule slot=0 started_ns=1790174551369555000 ended_ns=1790174551392918916 elapsed_us=23363 block_gets=7 block_puts=0 deleted=0
checkpoint_phase lsn=21628 phase=row_merge_schedule slot=0 started_ns=1790174551392930000 ended_ns=1790174551416813917 elapsed_us=23883 block_gets=7 block_puts=0 deleted=0
checkpoint_phase lsn=21628 phase=row_merge_schedule slot=0 started_ns=1790174551416827000 ended_ns=1790174551423148792 elapsed_us=6321 block_gets=2 block_puts=0 deleted=0
checkpoint_phase lsn=21628 phase=row_merge_schedule slot=0 started_ns=1790174551423159000 ended_ns=1790174551423268083 elapsed_us=109 block_gets=0 block_puts=0 deleted=0
checkpoint_phase lsn=21628 phase=row_merge_schedule slot=0 started_ns=1790174551423272000 ended_ns=1790174551423375500 elapsed_us=103 block_gets=0 block_puts=0 deleted=0
checkpoint_phase lsn=21628 phase=row_merge_schedule slot=0 started_ns=1790174551423378000 ended_ns=1790174551423481250 elapsed_us=103 block_gets=0 block_puts=0 deleted=0
checkpoint_phase lsn=21628 phase=row_merge_schedule slot=0 started_ns=1790174551423484000 ended_ns=1790174551423586375 elapsed_us=102 block_gets=0 block_puts=0 deleted=0
checkpoint_phase lsn=21628 phase=row_merge_schedule slot=0 started_ns=1790174551423589000 ended_ns=1790174551423690500 elapsed_us=101 block_gets=0 block_puts=0 deleted=0
checkpoint_phase lsn=21628 phase=row_merge_schedule slot=0 started_ns=1790174551423693000 ended_ns=1790174551423794958 elapsed_us=101 block_gets=0 block_puts=0 deleted=0
checkpoint_phase lsn=21628 phase=row_merge_schedule slot=0 started_ns=1790174551423797000 ended_ns=1790174551423898083 elapsed_us=101 block_gets=0 block_puts=0 deleted=0
checkpoint_phase lsn=21628 phase=row_merge_schedule slot=0 started_ns=1790174551423900000 ended_ns=1790174551424002125 elapsed_us=102 block_gets=0 block_puts=0 deleted=0
checkpoint_phase lsn=21628 phase=row_merge_schedule slot=0 started_ns=1790174551424004000 ended_ns=1790174551424110834 elapsed_us=106 block_gets=0 block_puts=0 deleted=0
checkpoint_phase lsn=21628 phase=row_merge_schedule slot=0 started_ns=1790174551424113000 ended_ns=1790174551424215208 elapsed_us=102 block_gets=0 block_puts=0 deleted=0
checkpoint_phase lsn=21628 phase=row_merge_schedule slot=0 started_ns=1790174551424217000 ended_ns=1790174551424318667 elapsed_us=101 block_gets=0 block_puts=0 deleted=0
checkpoint_phase lsn=21628 phase=row_merge_schedule slot=0 started_ns=1790174551424321000 ended_ns=1790174551424422333 elapsed_us=101 block_gets=0 block_puts=0 deleted=0
checkpoint_phase lsn=21628 phase=row_merge_schedule slot=0 started_ns=1790174551424424000 ended_ns=1790174551424525542 elapsed_us=101 block_gets=0 block_puts=0 deleted=0
checkpoint_phase lsn=21628 phase=row_merge_schedule slot=0 started_ns=1790174551424528000 ended_ns=1790174551424629792 elapsed_us=101 block_gets=0 block_puts=0 deleted=0
checkpoint_phase lsn=21628 phase=row_merge_schedule slot=0 started_ns=1790174551424632000 ended_ns=1790174551424736083 elapsed_us=104 block_gets=0 block_puts=0 deleted=0
checkpoint_phase lsn=21628 phase=row_merge_schedule slot=0 started_ns=1790174551424738000 ended_ns=1790174551424843041 elapsed_us=105 block_gets=0 block_puts=0 deleted=0
checkpoint_phase lsn=21628 phase=row_merge_schedule slot=0 started_ns=1790174551424845000 ended_ns=1790174551424946333 elapsed_us=101 block_gets=0 block_puts=0 deleted=0
checkpoint_phase lsn=21628 phase=row_merge_schedule slot=0 started_ns=1790174551424948000 ended_ns=1790174551425049083 elapsed_us=101 block_gets=0 block_puts=0 deleted=0
checkpoint_phase lsn=21628 phase=row_merge_schedule slot=0 started_ns=1790174551425051000 ended_ns=1790174551425154583 elapsed_us=103 block_gets=0 block_puts=0 deleted=0
checkpoint_phase lsn=21628 phase=row_merge_schedule slot=0 started_ns=1790174551425157000 ended_ns=1790174551425257583 elapsed_us=100 block_gets=0 block_puts=0 deleted=0
checkpoint_phase lsn=21628 phase=row_merge_schedule slot=0 started_ns=1790174551425264000 ended_ns=1790174551425364584 elapsed_us=100 block_gets=0 block_puts=0 deleted=0
checkpoint_phase lsn=21628 phase=row_merge_schedule slot=0 started_ns=1790174551425366000 ended_ns=1790174551425467417 elapsed_us=101 block_gets=0 block_puts=0 deleted=0
checkpoint_phase lsn=21628 phase=row_merge_schedule slot=0 started_ns=1790174551425470000 ended_ns=1790174551425570208 elapsed_us=100 block_gets=0 block_puts=0 deleted=0
checkpoint_phase lsn=21628 phase=row_merge_schedule slot=0 started_ns=1790174551425572000 ended_ns=1790174551425675375 elapsed_us=103 block_gets=0 block_puts=0 deleted=0
checkpoint_phase lsn=21628 phase=row_merge_schedule slot=0 started_ns=1790174551425677000 ended_ns=1790174551425780291 elapsed_us=103 block_gets=0 block_puts=0 deleted=0
checkpoint_phase lsn=21628 phase=row_merge_schedule slot=0 started_ns=1790174551425782000 ended_ns=1790174551425886500 elapsed_us=104 block_gets=0 block_puts=0 deleted=0
checkpoint_phase lsn=21628 phase=row_merge_schedule slot=0 started_ns=1790174551425889000 ended_ns=1790174551425990250 elapsed_us=101 block_gets=0 block_puts=0 deleted=0
checkpoint_phase lsn=21628 phase=row_merge_schedule slot=0 started_ns=1790174551425992000 ended_ns=1790174551426092625 elapsed_us=100 block_gets=0 block_puts=0 deleted=0
checkpoint_phase lsn=21628 phase=row_merge_schedule slot=0 started_ns=1790174551426095000 ended_ns=1790174551426196083 elapsed_us=101 block_gets=0 block_puts=0 deleted=0
checkpoint_phase lsn=21628 phase=row_merge_schedule slot=0 started_ns=1790174551426198000 ended_ns=1790174551426267167 elapsed_us=69 block_gets=0 block_puts=0 deleted=0
checkpoint_phase lsn=21628 phase=row_merge_schedule slot=0 started_ns=1790174551426269000 ended_ns=1790174551429868500 elapsed_us=3599 block_gets=1 block_puts=0 deleted=0
checkpoint_phase lsn=21628 phase=row_merge_write slot=0 started_ns=1790174551429879000 ended_ns=1790174551442966792 elapsed_us=13087 block_gets=0 block_puts=2 deleted=0
checkpoint_phase lsn=21628 phase=row_merge_write slot=0 started_ns=1790174551442977000 ended_ns=1790174551446055208 elapsed_us=3078 block_gets=0 block_puts=0 deleted=0
checkpoint_phase lsn=21628 phase=row_merge_write slot=0 started_ns=1790174551446065000 ended_ns=1790174551449119000 elapsed_us=3054 block_gets=0 block_puts=0 deleted=0
checkpoint_phase lsn=21628 phase=row_merge_write slot=0 started_ns=1790174551449124000 ended_ns=1790174551452133208 elapsed_us=3009 block_gets=0 block_puts=0 deleted=0
checkpoint_phase lsn=21628 phase=row_merge_write slot=0 started_ns=1790174551452139000 ended_ns=1790174551455100375 elapsed_us=2961 block_gets=0 block_puts=0 deleted=0
checkpoint_phase lsn=21628 phase=row_merge_write slot=0 started_ns=1790174551455109000 ended_ns=1790174551457989667 elapsed_us=2880 block_gets=0 block_puts=0 deleted=0
checkpoint_phase lsn=21628 phase=row_merge_write slot=0 started_ns=1790174551457994000 ended_ns=1790174551460854083 elapsed_us=2860 block_gets=0 block_puts=0 deleted=0
checkpoint_phase lsn=21628 phase=row_merge_write slot=0 started_ns=1790174551460862000 ended_ns=1790174551463694458 elapsed_us=2832 block_gets=0 block_puts=0 deleted=0
checkpoint_phase lsn=21628 phase=row_merge_write slot=0 started_ns=1790174551463699000 ended_ns=1790174551466523000 elapsed_us=2824 block_gets=0 block_puts=0 deleted=0
checkpoint_phase lsn=21628 phase=row_merge_write slot=0 started_ns=1790174551466530000 ended_ns=1790174551469365542 elapsed_us=2835 block_gets=0 block_puts=0 deleted=0
checkpoint_phase lsn=21628 phase=row_merge_write slot=0 started_ns=1790174551469371000 ended_ns=1790174551472195167 elapsed_us=2824 block_gets=0 block_puts=0 deleted=0
checkpoint_phase lsn=21628 phase=row_merge_write slot=0 started_ns=1790174551472201000 ended_ns=1790174551474093500 elapsed_us=1892 block_gets=0 block_puts=0 deleted=0
checkpoint_phase lsn=21628 phase=row_merge_write slot=0 started_ns=1790174551474098000 ended_ns=1790174551476922208 elapsed_us=2824 block_gets=0 block_puts=0 deleted=0
checkpoint_phase lsn=21628 phase=row_merge_write slot=0 started_ns=1790174551476941000 ended_ns=1790174551479759584 elapsed_us=2818 block_gets=0 block_puts=0 deleted=0
checkpoint_phase lsn=21628 phase=row_merge_write slot=0 started_ns=1790174551479766000 ended_ns=1790174551482589125 elapsed_us=2823 block_gets=0 block_puts=0 deleted=0
checkpoint_phase lsn=21628 phase=row_merge_write slot=0 started_ns=1790174551482594000 ended_ns=1790174551485413333 elapsed_us=2819 block_gets=0 block_puts=0 deleted=0
checkpoint_phase lsn=21628 phase=row_merge_write slot=0 started_ns=1790174551485419000 ended_ns=1790174551488247833 elapsed_us=2828 block_gets=0 block_puts=0 deleted=0
checkpoint_phase lsn=21628 phase=row_merge_write slot=0 started_ns=1790174551488254000 ended_ns=1790174551491072417 elapsed_us=2818 block_gets=0 block_puts=0 deleted=0
checkpoint_phase lsn=21628 phase=row_merge_write slot=0 started_ns=1790174551491079000 ended_ns=1790174551493910709 elapsed_us=2831 block_gets=0 block_puts=0 deleted=0
checkpoint_phase lsn=21628 phase=row_merge_write slot=0 started_ns=1790174551493916000 ended_ns=1790174551496738959 elapsed_us=2822 block_gets=0 block_puts=0 deleted=0
checkpoint_phase lsn=21628 phase=row_merge_write slot=0 started_ns=1790174551496746000 ended_ns=1790174551499560833 elapsed_us=2814 block_gets=0 block_puts=0 deleted=0
checkpoint_phase lsn=21628 phase=row_merge_write slot=0 started_ns=1790174551499565000 ended_ns=1790174551502396667 elapsed_us=2831 block_gets=0 block_puts=0 deleted=0
checkpoint_phase lsn=21628 phase=row_merge_write slot=0 started_ns=1790174551502403000 ended_ns=1790174551505228166 elapsed_us=2825 block_gets=0 block_puts=0 deleted=0
checkpoint_phase lsn=21628 phase=row_merge_write slot=0 started_ns=1790174551505237000 ended_ns=1790174551508055334 elapsed_us=2818 block_gets=0 block_puts=0 deleted=0
checkpoint_phase lsn=21628 phase=row_merge_write slot=0 started_ns=1790174551508059000 ended_ns=1790174551510885417 elapsed_us=2826 block_gets=0 block_puts=0 deleted=0
checkpoint_phase lsn=21628 phase=row_merge_write slot=0 started_ns=1790174551510891000 ended_ns=1790174551513725458 elapsed_us=2834 block_gets=0 block_puts=0 deleted=0
checkpoint_phase lsn=21628 phase=row_merge_write slot=0 started_ns=1790174551513730000 ended_ns=1790174551516552750 elapsed_us=2822 block_gets=0 block_puts=0 deleted=0
checkpoint_phase lsn=21628 phase=row_merge_write slot=0 started_ns=1790174551516559000 ended_ns=1790174551519392459 elapsed_us=2833 block_gets=0 block_puts=0 deleted=0
checkpoint_phase lsn=21628 phase=row_merge_write slot=0 started_ns=1790174551519398000 ended_ns=1790174551522224292 elapsed_us=2826 block_gets=0 block_puts=0 deleted=0
checkpoint_phase lsn=21628 phase=row_merge_write slot=0 started_ns=1790174551522228000 ended_ns=1790174551525046833 elapsed_us=2818 block_gets=0 block_puts=0 deleted=0
checkpoint_phase lsn=21628 phase=row_merge_write slot=0 started_ns=1790174551525054000 ended_ns=1790174551527841291 elapsed_us=2787 block_gets=0 block_puts=0 deleted=0
checkpoint_phase lsn=21628 phase=row_merge_write slot=0 started_ns=1790174551527844000 ended_ns=1790174551530653291 elapsed_us=2809 block_gets=0 block_puts=0 deleted=0
checkpoint_phase lsn=21628 phase=row_merge_write slot=0 started_ns=1790174551530657000 ended_ns=1790174551533490375 elapsed_us=2833 block_gets=0 block_puts=0 deleted=0
checkpoint_phase lsn=21628 phase=row_merge_write slot=0 started_ns=1790174551533496000 ended_ns=1790174551536314750 elapsed_us=2818 block_gets=0 block_puts=0 deleted=0
checkpoint_phase lsn=21628 phase=row_merge_write slot=0 started_ns=1790174551536319000 ended_ns=1790174551539122375 elapsed_us=2803 block_gets=0 block_puts=0 deleted=0
checkpoint_phase lsn=21628 phase=row_merge_write slot=0 started_ns=1790174551539126000 ended_ns=1790174551541951291 elapsed_us=2825 block_gets=0 block_puts=0 deleted=0
checkpoint_phase lsn=21628 phase=row_merge_write slot=0 started_ns=1790174551541955000 ended_ns=1790174551544782750 elapsed_us=2827 block_gets=0 block_puts=0 deleted=0
checkpoint_phase lsn=21628 phase=row_merge_write slot=0 started_ns=1790174551544787000 ended_ns=1790174551547603375 elapsed_us=2816 block_gets=0 block_puts=0 deleted=0
checkpoint_phase lsn=21628 phase=row_merge_write slot=0 started_ns=1790174551547609000 ended_ns=1790174551550435792 elapsed_us=2826 block_gets=0 block_puts=0 deleted=0
checkpoint_phase lsn=21628 phase=row_merge_write slot=0 started_ns=1790174551550443000 ended_ns=1790174551553269583 elapsed_us=2826 block_gets=0 block_puts=0 deleted=0
checkpoint_phase lsn=21628 phase=row_merge_write slot=0 started_ns=1790174551553276000 ended_ns=1790174551556100459 elapsed_us=2824 block_gets=0 block_puts=0 deleted=0
checkpoint_phase lsn=21628 phase=row_merge_write slot=0 started_ns=1790174551556105000 ended_ns=1790174551558931916 elapsed_us=2826 block_gets=0 block_puts=0 deleted=0
checkpoint_phase lsn=21628 phase=row_merge_write slot=0 started_ns=1790174551558935000 ended_ns=1790174551561762250 elapsed_us=2827 block_gets=0 block_puts=0 deleted=0
checkpoint_phase lsn=21628 phase=row_merge_write slot=0 started_ns=1790174551561767000 ended_ns=1790174551564600667 elapsed_us=2833 block_gets=0 block_puts=0 deleted=0
checkpoint_phase lsn=21628 phase=row_merge_write slot=0 started_ns=1790174551564607000 ended_ns=1790174551567430333 elapsed_us=2823 block_gets=0 block_puts=0 deleted=0
checkpoint_phase lsn=21628 phase=row_merge_write slot=0 started_ns=1790174551567436000 ended_ns=1790174551570245167 elapsed_us=2809 block_gets=0 block_puts=0 deleted=0
checkpoint_phase lsn=21628 phase=row_merge_write slot=0 started_ns=1790174551570249000 ended_ns=1790174551573071917 elapsed_us=2822 block_gets=0 block_puts=0 deleted=0
checkpoint_phase lsn=21628 phase=row_merge_write slot=0 started_ns=1790174551573078000 ended_ns=1790174551575903375 elapsed_us=2825 block_gets=0 block_puts=0 deleted=0
checkpoint_phase lsn=21628 phase=row_merge_write slot=0 started_ns=1790174551575910000 ended_ns=1790174551578730250 elapsed_us=2820 block_gets=0 block_puts=0 deleted=0
checkpoint_phase lsn=21628 phase=row_merge_write slot=0 started_ns=1790174551578740000 ended_ns=1790174551581565083 elapsed_us=2825 block_gets=0 block_puts=0 deleted=0
checkpoint_phase lsn=21628 phase=row_merge_write slot=0 started_ns=1790174551581570000 ended_ns=1790174551584397625 elapsed_us=2827 block_gets=0 block_puts=0 deleted=0
checkpoint_phase lsn=21628 phase=row_merge_write slot=0 started_ns=1790174551584402000 ended_ns=1790174551587229375 elapsed_us=2827 block_gets=0 block_puts=0 deleted=0
checkpoint_phase lsn=21628 phase=row_merge_write slot=0 started_ns=1790174551587234000 ended_ns=1790174551590056292 elapsed_us=2822 block_gets=0 block_puts=0 deleted=0
checkpoint_phase lsn=21628 phase=row_merge_write slot=0 started_ns=1790174551590060000 ended_ns=1790174551592890250 elapsed_us=2830 block_gets=0 block_puts=0 deleted=0
checkpoint_phase lsn=21628 phase=row_merge_write slot=0 started_ns=1790174551592895000 ended_ns=1790174551595732958 elapsed_us=2837 block_gets=0 block_puts=0 deleted=0
checkpoint_phase lsn=21628 phase=row_merge_write slot=0 started_ns=1790174551595741000 ended_ns=1790174551598563417 elapsed_us=2822 block_gets=0 block_puts=0 deleted=0
checkpoint_phase lsn=21628 phase=row_merge_write slot=0 started_ns=1790174551598570000 ended_ns=1790174551601404916 elapsed_us=2834 block_gets=0 block_puts=0 deleted=0
checkpoint_phase lsn=21628 phase=row_merge_write slot=0 started_ns=1790174551601413000 ended_ns=1790174551604246167 elapsed_us=2833 block_gets=0 block_puts=0 deleted=0
checkpoint_phase lsn=21628 phase=row_merge_write slot=0 started_ns=1790174551604253000 ended_ns=1790174551607083750 elapsed_us=2830 block_gets=0 block_puts=0 deleted=0
checkpoint_phase lsn=21628 phase=row_merge_write slot=0 started_ns=1790174551607088000 ended_ns=1790174551609910584 elapsed_us=2822 block_gets=0 block_puts=0 deleted=0
checkpoint_phase lsn=21628 phase=row_merge_write slot=0 started_ns=1790174551609920000 ended_ns=1790174551612749583 elapsed_us=2829 block_gets=0 block_puts=0 deleted=0
checkpoint_phase lsn=21628 phase=row_merge_write slot=0 started_ns=1790174551612757000 ended_ns=1790174551615591750 elapsed_us=2834 block_gets=0 block_puts=0 deleted=0
checkpoint_phase lsn=21628 phase=row_merge_write slot=0 started_ns=1790174551615597000 ended_ns=1790174551618422209 elapsed_us=2825 block_gets=0 block_puts=0 deleted=0
checkpoint_phase lsn=21628 phase=row_merge_write slot=0 started_ns=1790174551618426000 ended_ns=1790174551621251875 elapsed_us=2825 block_gets=0 block_puts=0 deleted=0
checkpoint_phase lsn=21628 phase=row_merge_write slot=0 started_ns=1790174551621257000 ended_ns=1790174551624082583 elapsed_us=2825 block_gets=0 block_puts=0 deleted=0
checkpoint_phase lsn=21628 phase=row_merge_write slot=0 started_ns=1790174551624088000 ended_ns=1790174551626916417 elapsed_us=2828 block_gets=0 block_puts=0 deleted=0
checkpoint_phase lsn=21628 phase=row_merge_write slot=0 started_ns=1790174551626920000 ended_ns=1790174551629745917 elapsed_us=2825 block_gets=0 block_puts=0 deleted=0
checkpoint_phase lsn=21628 phase=row_merge_write slot=0 started_ns=1790174551629751000 ended_ns=1790174551632561459 elapsed_us=2810 block_gets=0 block_puts=0 deleted=0
checkpoint_phase lsn=21628 phase=row_merge_write slot=0 started_ns=1790174551632565000 ended_ns=1790174551635394958 elapsed_us=2829 block_gets=0 block_puts=0 deleted=0
checkpoint_phase lsn=21628 phase=row_merge_write slot=0 started_ns=1790174551635400000 ended_ns=1790174551638230375 elapsed_us=2830 block_gets=0 block_puts=0 deleted=0
checkpoint_phase lsn=21628 phase=row_merge_write slot=0 started_ns=1790174551638235000 ended_ns=1790174551641055792 elapsed_us=2820 block_gets=0 block_puts=0 deleted=0
checkpoint_phase lsn=21628 phase=row_merge_write slot=0 started_ns=1790174551641059000 ended_ns=1790174551643888417 elapsed_us=2829 block_gets=0 block_puts=0 deleted=0
checkpoint_phase lsn=21628 phase=row_merge_write slot=0 started_ns=1790174551643895000 ended_ns=1790174551646723166 elapsed_us=2828 block_gets=0 block_puts=0 deleted=0
checkpoint_phase lsn=21628 phase=row_merge_write slot=0 started_ns=1790174551646732000 ended_ns=1790174551649544542 elapsed_us=2812 block_gets=0 block_puts=0 deleted=0
checkpoint_phase lsn=21628 phase=row_merge_write slot=0 started_ns=1790174551649551000 ended_ns=1790174551652371958 elapsed_us=2820 block_gets=0 block_puts=0 deleted=0
checkpoint_phase lsn=21628 phase=row_merge_write slot=0 started_ns=1790174551652378000 ended_ns=1790174551655202042 elapsed_us=2824 block_gets=0 block_puts=0 deleted=0
checkpoint_phase lsn=21628 phase=row_merge_write slot=0 started_ns=1790174551655208000 ended_ns=1790174551658036500 elapsed_us=2828 block_gets=0 block_puts=0 deleted=0
checkpoint_phase lsn=21628 phase=row_merge_write slot=0 started_ns=1790174551658041000 ended_ns=1790174551660870042 elapsed_us=2829 block_gets=0 block_puts=0 deleted=0
checkpoint_phase lsn=21628 phase=row_merge_write slot=0 started_ns=1790174551660881000 ended_ns=1790174551663703417 elapsed_us=2822 block_gets=0 block_puts=0 deleted=0
checkpoint_phase lsn=21628 phase=row_merge_write slot=0 started_ns=1790174551663709000 ended_ns=1790174551666530959 elapsed_us=2821 block_gets=0 block_puts=0 deleted=0
checkpoint_phase lsn=21628 phase=row_merge_write slot=0 started_ns=1790174551666535000 ended_ns=1790174551669361792 elapsed_us=2826 block_gets=0 block_puts=0 deleted=0
checkpoint_phase lsn=21628 phase=row_merge_write slot=0 started_ns=1790174551669364000 ended_ns=1790174551672190292 elapsed_us=2826 block_gets=0 block_puts=0 deleted=0
checkpoint_phase lsn=21628 phase=row_merge_write slot=0 started_ns=1790174551672194000 ended_ns=1790174551675023708 elapsed_us=2829 block_gets=0 block_puts=0 deleted=0
checkpoint_phase lsn=21628 phase=row_merge_write slot=0 started_ns=1790174551675033000 ended_ns=1790174551677870750 elapsed_us=2837 block_gets=0 block_puts=0 deleted=0
checkpoint_phase lsn=21628 phase=row_merge_write slot=0 started_ns=1790174551677877000 ended_ns=1790174551680690208 elapsed_us=2813 block_gets=0 block_puts=0 deleted=0
checkpoint_phase lsn=21628 phase=row_merge_write slot=0 started_ns=1790174551680696000 ended_ns=1790174551683525458 elapsed_us=2829 block_gets=0 block_puts=0 deleted=0
checkpoint_phase lsn=21628 phase=row_merge_write slot=0 started_ns=1790174551683530000 ended_ns=1790174551686363917 elapsed_us=2833 block_gets=0 block_puts=0 deleted=0
checkpoint_phase lsn=21628 phase=row_merge_write slot=0 started_ns=1790174551686374000 ended_ns=1790174551689204458 elapsed_us=2830 block_gets=0 block_puts=0 deleted=0
checkpoint_phase lsn=21628 phase=row_merge_write slot=0 started_ns=1790174551689211000 ended_ns=1790174551692051292 elapsed_us=2840 block_gets=0 block_puts=0 deleted=0
checkpoint_phase lsn=21628 phase=row_merge_write slot=0 started_ns=1790174551692060000 ended_ns=1790174551694884208 elapsed_us=2824 block_gets=0 block_puts=0 deleted=0
checkpoint_phase lsn=21628 phase=row_merge_write slot=0 started_ns=1790174551694893000 ended_ns=1790174551697718250 elapsed_us=2825 block_gets=0 block_puts=0 deleted=0
checkpoint_phase lsn=21628 phase=row_merge_write slot=0 started_ns=1790174551697725000 ended_ns=1790174551700553625 elapsed_us=2828 block_gets=0 block_puts=0 deleted=0
checkpoint_phase lsn=21628 phase=row_merge_write slot=0 started_ns=1790174551700559000 ended_ns=1790174551703389167 elapsed_us=2830 block_gets=0 block_puts=0 deleted=0
checkpoint_phase lsn=21628 phase=row_merge_write slot=0 started_ns=1790174551703394000 ended_ns=1790174551706229333 elapsed_us=2835 block_gets=0 block_puts=0 deleted=0
checkpoint_phase lsn=21628 phase=row_merge_write slot=0 started_ns=1790174551706235000 ended_ns=1790174551709039125 elapsed_us=2804 block_gets=0 block_puts=0 deleted=0
checkpoint_phase lsn=21628 phase=row_merge_write slot=0 started_ns=1790174551709045000 ended_ns=1790174551711874916 elapsed_us=2829 block_gets=0 block_puts=0 deleted=0
checkpoint_phase lsn=21628 phase=row_merge_write slot=0 started_ns=1790174551711879000 ended_ns=1790174551714713625 elapsed_us=2834 block_gets=0 block_puts=0 deleted=0
checkpoint_phase lsn=21628 phase=row_merge_write slot=0 started_ns=1790174551714719000 ended_ns=1790174551717540083 elapsed_us=2821 block_gets=0 block_puts=0 deleted=0
checkpoint_phase lsn=21628 phase=row_merge_write slot=0 started_ns=1790174551717545000 ended_ns=1790174551720378458 elapsed_us=2833 block_gets=0 block_puts=0 deleted=0
checkpoint_phase lsn=21628 phase=row_merge_write slot=0 started_ns=1790174551720383000 ended_ns=1790174551723215000 elapsed_us=2832 block_gets=0 block_puts=0 deleted=0
checkpoint_phase lsn=21628 phase=row_merge_write slot=0 started_ns=1790174551723223000 ended_ns=1790174551726054333 elapsed_us=2831 block_gets=0 block_puts=0 deleted=0
checkpoint_phase lsn=21628 phase=row_merge_write slot=0 started_ns=1790174551726061000 ended_ns=1790174551728891917 elapsed_us=2830 block_gets=0 block_puts=0 deleted=0
checkpoint_phase lsn=21628 phase=row_merge_write slot=0 started_ns=1790174551728896000 ended_ns=1790174551731731292 elapsed_us=2835 block_gets=0 block_puts=0 deleted=0
checkpoint_phase lsn=21628 phase=row_merge_write slot=0 started_ns=1790174551731735000 ended_ns=1790174551734574458 elapsed_us=2839 block_gets=0 block_puts=0 deleted=0
checkpoint_phase lsn=21628 phase=row_merge_write slot=0 started_ns=1790174551734580000 ended_ns=1790174551737396125 elapsed_us=2816 block_gets=0 block_puts=0 deleted=0
checkpoint_phase lsn=21628 phase=row_merge_write slot=0 started_ns=1790174551737400000 ended_ns=1790174551740163375 elapsed_us=2763 block_gets=0 block_puts=0 deleted=0
checkpoint_phase lsn=21628 phase=row_merge_write slot=0 started_ns=1790174551740167000 ended_ns=1790174551742979584 elapsed_us=2812 block_gets=0 block_puts=0 deleted=0
checkpoint_phase lsn=21628 phase=row_merge_write slot=0 started_ns=1790174551742985000 ended_ns=1790174551745820584 elapsed_us=2835 block_gets=0 block_puts=0 deleted=0
checkpoint_phase lsn=21628 phase=row_merge_write slot=0 started_ns=1790174551745831000 ended_ns=1790174551748669333 elapsed_us=2838 block_gets=0 block_puts=0 deleted=0
checkpoint_phase lsn=21628 phase=row_merge_write slot=0 started_ns=1790174551748673000 ended_ns=1790174551751483541 elapsed_us=2810 block_gets=0 block_puts=0 deleted=0
checkpoint_phase lsn=21628 phase=row_merge_write slot=0 started_ns=1790174551751487000 ended_ns=1790174551754294875 elapsed_us=2807 block_gets=0 block_puts=0 deleted=0
checkpoint_phase lsn=21628 phase=row_merge_write slot=0 started_ns=1790174551754301000 ended_ns=1790174551757143625 elapsed_us=2842 block_gets=0 block_puts=0 deleted=0
checkpoint_phase lsn=21628 phase=row_merge_write slot=0 started_ns=1790174551757160000 ended_ns=1790174551760001833 elapsed_us=2841 block_gets=0 block_puts=0 deleted=0
checkpoint_phase lsn=21628 phase=row_merge_write slot=0 started_ns=1790174551760012000 ended_ns=1790174551762831708 elapsed_us=2819 block_gets=0 block_puts=0 deleted=0
checkpoint_phase lsn=21628 phase=row_merge_write slot=0 started_ns=1790174551762838000 ended_ns=1790174551765655958 elapsed_us=2817 block_gets=0 block_puts=0 deleted=0
checkpoint_phase lsn=21628 phase=row_merge_write slot=0 started_ns=1790174551765660000 ended_ns=1790174551768490500 elapsed_us=2830 block_gets=0 block_puts=0 deleted=0
checkpoint_phase lsn=21628 phase=row_merge_write slot=0 started_ns=1790174551768495000 ended_ns=1790174551771329958 elapsed_us=2834 block_gets=0 block_puts=0 deleted=0
checkpoint_phase lsn=21628 phase=row_merge_write slot=0 started_ns=1790174551771335000 ended_ns=1790174551784342792 elapsed_us=13007 block_gets=0 block_puts=3 deleted=0
checkpoint_phase lsn=21628 phase=manifest slot=-1 started_ns=1790174551784354000 ended_ns=1790174551788169917 elapsed_us=3815 block_gets=0 block_puts=0 deleted=0
checkpoint_phase lsn=21628 phase=local_cleanup slot=-1 started_ns=1790174551788179000 ended_ns=1790174551788245000 elapsed_us=66 block_gets=0 block_puts=0 deleted=0
checkpoint_phase lsn=21628 phase=commit_prune slot=-1 started_ns=1790174551788248000 ended_ns=1790174551845881875 elapsed_us=57633 block_gets=0 block_puts=0 deleted=0
checkpoint_phase lsn=21628 phase=legacy_gc slot=-1 started_ns=1790174551845899000 ended_ns=1790174551874527166 elapsed_us=28628 block_gets=0 block_puts=0 deleted=0
checkpoint_phase lsn=21628 phase=gc_keep slot=-1 started_ns=1790174551874540000 ended_ns=1790174551875672583 elapsed_us=1132 block_gets=0 block_puts=0 deleted=0
checkpoint_phase lsn=21628 phase=gc_list slot=-1 started_ns=1790174551875678000 ended_ns=1790174551970815083 elapsed_us=95137 block_gets=0 block_puts=0 deleted=0
checkpoint_phase lsn=21628 phase=gc_delete slot=-1 started_ns=1790174551970832000 ended_ns=1790174551995694375 elapsed_us=24862 block_gets=0 block_puts=0 deleted=8
pos3ql: shutdown requested, draining
checkpoint_phase lsn=23004 phase=value_index_schedule slot=0 started_ns=1790174558069594000 ended_ns=1790174558069703666 elapsed_us=109 block_gets=0 block_puts=0 deleted=0
checkpoint_phase lsn=23004 phase=value_index_schedule slot=0 started_ns=1790174558069709000 ended_ns=1790174558070191583 elapsed_us=482 block_gets=0 block_puts=0 deleted=0
checkpoint_phase lsn=23004 phase=value_index_write slot=0 started_ns=1790174558070201000 ended_ns=1790174558070202750 elapsed_us=1 block_gets=0 block_puts=0 deleted=0
checkpoint_phase lsn=23004 phase=value_index_write slot=0 started_ns=1790174558070205000 ended_ns=1790174558071851583 elapsed_us=1646 block_gets=0 block_puts=0 deleted=0
checkpoint_phase lsn=23004 phase=value_index_write slot=0 started_ns=1790174558071856000 ended_ns=1790174558072010209 elapsed_us=154 block_gets=0 block_puts=0 deleted=0
checkpoint_phase lsn=23004 phase=value_index_write slot=0 started_ns=1790174558072012000 ended_ns=1790174558072167166 elapsed_us=155 block_gets=0 block_puts=0 deleted=0
checkpoint_phase lsn=23004 phase=value_index_write slot=0 started_ns=1790174558072169000 ended_ns=1790174558072323375 elapsed_us=154 block_gets=0 block_puts=0 deleted=0
checkpoint_phase lsn=23004 phase=value_index_write slot=0 started_ns=1790174558072326000 ended_ns=1790174558072478750 elapsed_us=152 block_gets=0 block_puts=0 deleted=0
checkpoint_phase lsn=23004 phase=value_index_write slot=0 started_ns=1790174558072480000 ended_ns=1790174558082609708 elapsed_us=10129 block_gets=0 block_puts=1 deleted=0
checkpoint_phase lsn=23004 phase=value_index_write slot=0 started_ns=1790174558082619000 ended_ns=1790174558082755000 elapsed_us=136 block_gets=0 block_puts=0 deleted=0
checkpoint_phase lsn=23004 phase=value_index_write slot=0 started_ns=1790174558082759000 ended_ns=1790174558082860083 elapsed_us=101 block_gets=0 block_puts=0 deleted=0
checkpoint_phase lsn=23004 phase=value_index_write slot=0 started_ns=1790174558082863000 ended_ns=1790174558082953875 elapsed_us=90 block_gets=0 block_puts=0 deleted=0
checkpoint_phase lsn=23004 phase=value_index_write slot=0 started_ns=1790174558082956000 ended_ns=1790174558095198417 elapsed_us=12242 block_gets=0 block_puts=2 deleted=0
checkpoint_phase lsn=23004 phase=value_index_schedule slot=0 started_ns=1790174558095208000 ended_ns=1790174558095245708 elapsed_us=37 block_gets=0 block_puts=0 deleted=0
checkpoint_phase lsn=23004 phase=value_index_schedule slot=0 started_ns=1790174558095250000 ended_ns=1790174558096106625 elapsed_us=856 block_gets=0 block_puts=0 deleted=0
checkpoint_phase lsn=23004 phase=value_index_write slot=0 started_ns=1790174558096116000 ended_ns=1790174558107366250 elapsed_us=11250 block_gets=0 block_puts=3 deleted=0
checkpoint_phase lsn=23004 phase=value_index_write slot=0 started_ns=1790174558107377000 ended_ns=1790174558121341041 elapsed_us=13964 block_gets=0 block_puts=4 deleted=0
checkpoint_phase lsn=23004 phase=value_index_write slot=0 started_ns=1790174558121351000 ended_ns=1790174558136748791 elapsed_us=15397 block_gets=0 block_puts=4 deleted=0
checkpoint_phase lsn=23004 phase=value_index_write slot=0 started_ns=1790174558136759000 ended_ns=1790174558151589500 elapsed_us=14830 block_gets=0 block_puts=4 deleted=0
checkpoint_phase lsn=23004 phase=value_index_write slot=0 started_ns=1790174558151600000 ended_ns=1790174558167668583 elapsed_us=16068 block_gets=0 block_puts=4 deleted=0
checkpoint_phase lsn=23004 phase=value_index_write slot=0 started_ns=1790174558167679000 ended_ns=1790174558183678208 elapsed_us=15999 block_gets=0 block_puts=4 deleted=0
checkpoint_phase lsn=23004 phase=value_index_write slot=0 started_ns=1790174558183688000 ended_ns=1790174558199542584 elapsed_us=15854 block_gets=0 block_puts=4 deleted=0
checkpoint_phase lsn=23004 phase=value_index_write slot=0 started_ns=1790174558199555000 ended_ns=1790174558207796625 elapsed_us=8241 block_gets=0 block_puts=2 deleted=0
checkpoint_phase lsn=23004 phase=value_index_write slot=0 started_ns=1790174558207808000 ended_ns=1790174558212465125 elapsed_us=4657 block_gets=0 block_puts=1 deleted=0
checkpoint_phase lsn=23004 phase=value_index_write slot=0 started_ns=1790174558212472000 ended_ns=1790174558213342708 elapsed_us=870 block_gets=0 block_puts=0 deleted=0
checkpoint_phase lsn=23004 phase=value_index_write slot=0 started_ns=1790174558213347000 ended_ns=1790174558217027917 elapsed_us=3680 block_gets=0 block_puts=1 deleted=0
checkpoint_phase lsn=23004 phase=value_index_schedule slot=0 started_ns=1790174558217038000 ended_ns=1790174558217076542 elapsed_us=38 block_gets=0 block_puts=0 deleted=0
checkpoint_phase lsn=23004 phase=value_index_schedule slot=0 started_ns=1790174558217082000 ended_ns=1790174558217994917 elapsed_us=912 block_gets=0 block_puts=0 deleted=0
checkpoint_phase lsn=23004 phase=value_index_write slot=0 started_ns=1790174558218005000 ended_ns=1790174558229953875 elapsed_us=11948 block_gets=0 block_puts=3 deleted=0
checkpoint_phase lsn=23004 phase=value_index_write slot=0 started_ns=1790174558229966000 ended_ns=1790174558246060083 elapsed_us=16094 block_gets=0 block_puts=4 deleted=0
checkpoint_phase lsn=23004 phase=value_index_write slot=0 started_ns=1790174558246072000 ended_ns=1790174558261831417 elapsed_us=15759 block_gets=0 block_puts=4 deleted=0
checkpoint_phase lsn=23004 phase=value_index_write slot=0 started_ns=1790174558261843000 ended_ns=1790174558278279459 elapsed_us=16436 block_gets=0 block_puts=4 deleted=0
checkpoint_phase lsn=23004 phase=value_index_write slot=0 started_ns=1790174558278291000 ended_ns=1790174558293908875 elapsed_us=15617 block_gets=0 block_puts=4 deleted=0
checkpoint_phase lsn=23004 phase=value_index_write slot=0 started_ns=1790174558293919000 ended_ns=1790174558310380958 elapsed_us=16461 block_gets=0 block_puts=4 deleted=0
checkpoint_phase lsn=23004 phase=value_index_write slot=0 started_ns=1790174558310391000 ended_ns=1790174558326169792 elapsed_us=15778 block_gets=0 block_puts=4 deleted=0
checkpoint_phase lsn=23004 phase=value_index_write slot=0 started_ns=1790174558326181000 ended_ns=1790174558338395375 elapsed_us=12214 block_gets=0 block_puts=3 deleted=0
checkpoint_phase lsn=23004 phase=value_index_write slot=0 started_ns=1790174558338406000 ended_ns=1790174558343492667 elapsed_us=5086 block_gets=0 block_puts=1 deleted=0
checkpoint_phase lsn=23004 phase=value_index_write slot=0 started_ns=1790174558343501000 ended_ns=1790174558344562000 elapsed_us=1061 block_gets=0 block_puts=0 deleted=0
checkpoint_phase lsn=23004 phase=value_index_write slot=0 started_ns=1790174558344566000 ended_ns=1790174558347614500 elapsed_us=3048 block_gets=0 block_puts=1 deleted=0
checkpoint_phase lsn=23004 phase=row_sst_delta slot=0 started_ns=1790174558347627000 ended_ns=1790174558370606208 elapsed_us=22979 block_gets=0 block_puts=4 deleted=0
checkpoint_phase lsn=23004 phase=manifest slot=-1 started_ns=1790174558370617000 ended_ns=1790174558374406959 elapsed_us=3789 block_gets=0 block_puts=0 deleted=0
checkpoint_phase lsn=23004 phase=local_cleanup slot=-1 started_ns=1790174558374443000 ended_ns=1790174558374615667 elapsed_us=172 block_gets=0 block_puts=0 deleted=0
checkpoint_phase lsn=23004 phase=commit_prune slot=-1 started_ns=1790174558374619000 ended_ns=1790174558499890584 elapsed_us=125271 block_gets=0 block_puts=0 deleted=16
checkpoint_phase lsn=23004 phase=commit_prune slot=-1 started_ns=1790174558499902000 ended_ns=1790174558550996500 elapsed_us=51094 block_gets=0 block_puts=0 deleted=16
checkpoint_phase lsn=23004 phase=commit_prune slot=-1 started_ns=1790174558551007000 ended_ns=1790174558601658208 elapsed_us=50651 block_gets=0 block_puts=0 deleted=16
checkpoint_phase lsn=23004 phase=commit_prune slot=-1 started_ns=1790174558601671000 ended_ns=1790174558649437625 elapsed_us=47766 block_gets=0 block_puts=0 deleted=16
checkpoint_phase lsn=23004 phase=commit_prune slot=-1 started_ns=1790174558649452000 ended_ns=1790174558698880875 elapsed_us=49428 block_gets=0 block_puts=0 deleted=16
checkpoint_phase lsn=23004 phase=commit_prune slot=-1 started_ns=1790174558698894000 ended_ns=1790174558753303333 elapsed_us=54409 block_gets=0 block_puts=0 deleted=16
checkpoint_phase lsn=23004 phase=commit_prune slot=-1 started_ns=1790174558753324000 ended_ns=1790174558813197917 elapsed_us=59873 block_gets=0 block_puts=0 deleted=16
checkpoint_phase lsn=23004 phase=commit_prune slot=-1 started_ns=1790174558813230000 ended_ns=1790174558868052625 elapsed_us=54822 block_gets=0 block_puts=0 deleted=16
checkpoint_phase lsn=23004 phase=commit_prune slot=-1 started_ns=1790174558868066000 ended_ns=1790174558919558500 elapsed_us=51492 block_gets=0 block_puts=0 deleted=16
checkpoint_phase lsn=23004 phase=commit_prune slot=-1 started_ns=1790174558919574000 ended_ns=1790174558978563209 elapsed_us=58989 block_gets=0 block_puts=0 deleted=16
checkpoint_phase lsn=23004 phase=commit_prune slot=-1 started_ns=1790174558978580000 ended_ns=1790174559032287917 elapsed_us=53707 block_gets=0 block_puts=0 deleted=16
checkpoint_phase lsn=23004 phase=commit_prune slot=-1 started_ns=1790174559032336000 ended_ns=1790174559091593000 elapsed_us=59257 block_gets=0 block_puts=0 deleted=16
checkpoint_phase lsn=23004 phase=commit_prune slot=-1 started_ns=1790174559091617000 ended_ns=1790174559151022334 elapsed_us=59405 block_gets=0 block_puts=0 deleted=16
checkpoint_phase lsn=23004 phase=commit_prune slot=-1 started_ns=1790174559151062000 ended_ns=1790174559212975209 elapsed_us=61913 block_gets=0 block_puts=0 deleted=16
checkpoint_phase lsn=23004 phase=commit_prune slot=-1 started_ns=1790174559213000000 ended_ns=1790174559268875958 elapsed_us=55875 block_gets=0 block_puts=0 deleted=16
checkpoint_phase lsn=23004 phase=commit_prune slot=-1 started_ns=1790174559268890000 ended_ns=1790174559325552750 elapsed_us=56662 block_gets=0 block_puts=0 deleted=16
checkpoint_phase lsn=23004 phase=commit_prune slot=-1 started_ns=1790174559325579000 ended_ns=1790174559386509750 elapsed_us=60930 block_gets=0 block_puts=0 deleted=16
checkpoint_phase lsn=23004 phase=commit_prune slot=-1 started_ns=1790174559386547000 ended_ns=1790174559444550458 elapsed_us=58003 block_gets=0 block_puts=0 deleted=16
checkpoint_phase lsn=23004 phase=commit_prune slot=-1 started_ns=1790174559444587000 ended_ns=1790174559501663375 elapsed_us=57076 block_gets=0 block_puts=0 deleted=16
checkpoint_phase lsn=23004 phase=commit_prune slot=-1 started_ns=1790174559501698000 ended_ns=1790174559560324459 elapsed_us=58626 block_gets=0 block_puts=0 deleted=16
checkpoint_phase lsn=23004 phase=commit_prune slot=-1 started_ns=1790174559560358000 ended_ns=1790174559615769958 elapsed_us=55411 block_gets=0 block_puts=0 deleted=16
checkpoint_phase lsn=23004 phase=commit_prune slot=-1 started_ns=1790174559615788000 ended_ns=1790174559640647208 elapsed_us=24859 block_gets=0 block_puts=0 deleted=8
checkpoint_phase lsn=23004 phase=legacy_gc slot=-1 started_ns=1790174559640659000 ended_ns=1790174559673371750 elapsed_us=32712 block_gets=0 block_puts=0 deleted=0
checkpoint_phase lsn=23004 phase=gc_keep slot=-1 started_ns=1790174559673392000 ended_ns=1790174559674681833 elapsed_us=1289 block_gets=0 block_puts=0 deleted=0
checkpoint_phase lsn=23004 phase=gc_list slot=-1 started_ns=1790174559674689000 ended_ns=1790174559773346208 elapsed_us=98657 block_gets=0 block_puts=0 deleted=0
checkpoint_phase lsn=23004 phase=gc_delete slot=-1 started_ns=1790174559773364000 ended_ns=1790174559824798958 elapsed_us=51434 block_gets=0 block_puts=0 deleted=16
checkpoint_phase lsn=23004 phase=gc_delete slot=-1 started_ns=1790174559824812000 ended_ns=1790174559872152417 elapsed_us=47340 block_gets=0 block_puts=0 deleted=16
checkpoint_phase lsn=23004 phase=gc_delete slot=-1 started_ns=1790174559872166000 ended_ns=1790174559922526958 elapsed_us=50360 block_gets=0 block_puts=0 deleted=16
checkpoint_phase lsn=23004 phase=gc_delete slot=-1 started_ns=1790174559922542000 ended_ns=1790174559971284417 elapsed_us=48742 block_gets=0 block_puts=0 deleted=16
checkpoint_phase lsn=23004 phase=gc_delete slot=-1 started_ns=1790174559971296000 ended_ns=1790174559977859708 elapsed_us=6563 block_gets=0 block_puts=0 deleted=2
pos3ql: final checkpoint written
pos3ql: shutdown complete
