pos3ql starting
  listen_addr  127.0.0.1:19600
  data_dir     /var/folders/93/f1fz6s6969gbkd8m9tph1rfw0000gn/T//pos3ql-performance.seNyXc/data-warm
memory plan:
  memtable     16 MiB
  tables       664494162 B
  block cache  32 MiB
  connections  196714304 B
  server       76836160 B
  total        988376274 B
  disk cache   2 GiB (disk, not RAM)
  temp spill   128 MiB (local ephemeral disk)
startup complete: memory frozen (938737302 B of 988376274 B budget drawn); accepting connections
checkpoint_phase lsn=2632 phase=value_index_schedule slot=0 started_ns=1790110442874546000 ended_ns=1790110442874590000 elapsed_us=44 block_gets=0 block_puts=0 deleted=0
checkpoint_phase lsn=3036 phase=value_index_schedule slot=0 started_ns=1790110443182948000 ended_ns=1790110443182956583 elapsed_us=8 block_gets=0 block_puts=0 deleted=0
checkpoint_phase lsn=3036 phase=value_index_schedule slot=0 started_ns=1790110443183815000 ended_ns=1790110443184710333 elapsed_us=895 block_gets=0 block_puts=0 deleted=0
checkpoint_phase lsn=3238 phase=value_index_schedule slot=0 started_ns=1790110443313933000 ended_ns=1790110443313936667 elapsed_us=3 block_gets=0 block_puts=0 deleted=0
checkpoint_phase lsn=3440 phase=value_index_schedule slot=0 started_ns=1790110443484059000 ended_ns=1790110443484062584 elapsed_us=3 block_gets=0 block_puts=0 deleted=0
checkpoint_phase lsn=3440 phase=value_index_schedule slot=0 started_ns=1790110443484084000 ended_ns=1790110443484870625 elapsed_us=786 block_gets=0 block_puts=0 deleted=0
checkpoint_phase lsn=3440 phase=value_index_schedule slot=0 started_ns=1790110443494157000 ended_ns=1790110443495568417 elapsed_us=1411 block_gets=0 block_puts=0 deleted=0
checkpoint_phase lsn=3440 phase=value_index_write slot=0 started_ns=1790110443495588000 ended_ns=1790110443495664083 elapsed_us=76 block_gets=0 block_puts=0 deleted=0
checkpoint_phase lsn=3440 phase=value_index_write slot=0 started_ns=1790110443495672000 ended_ns=1790110443503987959 elapsed_us=8315 block_gets=0 block_puts=2 deleted=0
checkpoint_phase lsn=3440 phase=row_sst_full slot=0 started_ns=1790110443504005000 ended_ns=1790110444849528792 elapsed_us=1345523 block_gets=0 block_puts=231 deleted=0
checkpoint_phase lsn=3440 phase=manifest slot=-1 started_ns=1790110444849540000 ended_ns=1790110444853213167 elapsed_us=3673 block_gets=0 block_puts=0 deleted=0
checkpoint_phase lsn=3440 phase=local_cleanup slot=-1 started_ns=1790110444853223000 ended_ns=1790110444853378958 elapsed_us=155 block_gets=0 block_puts=0 deleted=0
checkpoint_phase lsn=3440 phase=commit_prune slot=-1 started_ns=1790110445169867000 ended_ns=1790110445258751500 elapsed_us=88884 block_gets=0 block_puts=0 deleted=16
checkpoint_phase lsn=3440 phase=commit_prune slot=-1 started_ns=1790110445389091000 ended_ns=1790110445439755541 elapsed_us=50664 block_gets=0 block_puts=0 deleted=16
checkpoint_phase lsn=3440 phase=commit_prune slot=-1 started_ns=1790110445551617000 ended_ns=1790110445557182584 elapsed_us=5565 block_gets=0 block_puts=0 deleted=2
checkpoint_phase lsn=3440 phase=legacy_gc slot=-1 started_ns=1790110445664399000 ended_ns=1790110445669900917 elapsed_us=5501 block_gets=0 block_puts=0 deleted=0
checkpoint_phase lsn=4450 phase=gc_keep slot=-1 started_ns=1790110445809609000 ended_ns=1790110445809691000 elapsed_us=82 block_gets=0 block_puts=0 deleted=0
checkpoint_phase lsn=4450 phase=gc_list slot=-1 started_ns=1790110445813911000 ended_ns=1790110445820767750 elapsed_us=6856 block_gets=0 block_puts=0 deleted=0
checkpoint_phase lsn=4450 phase=gc_delete slot=-1 started_ns=1790110445823277000 ended_ns=1790110445823277250 elapsed_us=0 block_gets=0 block_puts=0 deleted=0
checkpoint_phase lsn=6066 phase=value_index_schedule slot=0 started_ns=1790110446699053000 ended_ns=1790110446699074125 elapsed_us=21 block_gets=0 block_puts=0 deleted=0
checkpoint_phase lsn=6268 phase=value_index_schedule slot=0 started_ns=1790110446802863000 ended_ns=1790110446802868875 elapsed_us=5 block_gets=0 block_puts=0 deleted=0
checkpoint_phase lsn=6470 phase=value_index_schedule slot=0 started_ns=1790110446904878000 ended_ns=1790110446904883291 elapsed_us=5 block_gets=0 block_puts=0 deleted=0
checkpoint_phase lsn=6672 phase=value_index_schedule slot=0 started_ns=1790110447012977000 ended_ns=1790110447012982333 elapsed_us=5 block_gets=0 block_puts=0 deleted=0
checkpoint_phase lsn=6874 phase=value_index_schedule slot=0 started_ns=1790110447116276000 ended_ns=1790110447116281459 elapsed_us=5 block_gets=0 block_puts=0 deleted=0
checkpoint_phase lsn=6874 phase=value_index_schedule slot=0 started_ns=1790110447116294000 ended_ns=1790110447116677125 elapsed_us=383 block_gets=0 block_puts=0 deleted=0
checkpoint_phase lsn=6874 phase=value_index_schedule slot=0 started_ns=1790110447116683000 ended_ns=1790110447117000708 elapsed_us=317 block_gets=0 block_puts=0 deleted=0
checkpoint_phase lsn=6874 phase=value_index_schedule slot=0 started_ns=1790110447117004000 ended_ns=1790110447117312000 elapsed_us=308 block_gets=0 block_puts=0 deleted=0
checkpoint_phase lsn=6874 phase=value_index_schedule slot=0 started_ns=1790110447117317000 ended_ns=1790110447140431584 elapsed_us=23114 block_gets=8 block_puts=0 deleted=0
checkpoint_phase lsn=6874 phase=value_index_schedule slot=0 started_ns=1790110447140442000 ended_ns=1790110447165053500 elapsed_us=24611 block_gets=8 block_puts=0 deleted=0
checkpoint_phase lsn=6874 phase=value_index_schedule slot=0 started_ns=1790110447165068000 ended_ns=1790110447190760875 elapsed_us=25692 block_gets=8 block_puts=0 deleted=0
checkpoint_phase lsn=6874 phase=value_index_schedule slot=0 started_ns=1790110447190774000 ended_ns=1790110447215729917 elapsed_us=24955 block_gets=8 block_puts=0 deleted=0
checkpoint_phase lsn=6874 phase=value_index_schedule slot=0 started_ns=1790110447215742000 ended_ns=1790110447237928875 elapsed_us=22186 block_gets=8 block_puts=0 deleted=0
checkpoint_phase lsn=6874 phase=value_index_schedule slot=0 started_ns=1790110447237940000 ended_ns=1790110447258798584 elapsed_us=20858 block_gets=8 block_puts=0 deleted=0
checkpoint_phase lsn=6874 phase=value_index_schedule slot=0 started_ns=1790110447258809000 ended_ns=1790110447285652250 elapsed_us=26843 block_gets=8 block_puts=0 deleted=0
checkpoint_phase lsn=6874 phase=value_index_schedule slot=0 started_ns=1790110447285666000 ended_ns=1790110447306901750 elapsed_us=21235 block_gets=8 block_puts=0 deleted=0
checkpoint_phase lsn=6874 phase=value_index_schedule slot=0 started_ns=1790110447306912000 ended_ns=1790110447332361250 elapsed_us=25449 block_gets=8 block_puts=0 deleted=0
checkpoint_phase lsn=6874 phase=value_index_schedule slot=0 started_ns=1790110447332373000 ended_ns=1790110447355137000 elapsed_us=22764 block_gets=8 block_puts=0 deleted=0
checkpoint_phase lsn=6874 phase=value_index_schedule slot=0 started_ns=1790110447355146000 ended_ns=1790110447376903250 elapsed_us=21757 block_gets=8 block_puts=0 deleted=0
checkpoint_phase lsn=6874 phase=value_index_schedule slot=0 started_ns=1790110447376916000 ended_ns=1790110447400725917 elapsed_us=23809 block_gets=8 block_puts=0 deleted=0
checkpoint_phase lsn=6874 phase=value_index_schedule slot=0 started_ns=1790110447400736000 ended_ns=1790110447421965083 elapsed_us=21229 block_gets=8 block_puts=0 deleted=0
checkpoint_phase lsn=6874 phase=value_index_schedule slot=0 started_ns=1790110447421977000 ended_ns=1790110447445905958 elapsed_us=23928 block_gets=8 block_puts=0 deleted=0
checkpoint_phase lsn=6874 phase=value_index_schedule slot=0 started_ns=1790110447445915000 ended_ns=1790110447474866916 elapsed_us=28951 block_gets=8 block_puts=0 deleted=0
checkpoint_phase lsn=6874 phase=value_index_schedule slot=0 started_ns=1790110447474877000 ended_ns=1790110447497548084 elapsed_us=22671 block_gets=8 block_puts=0 deleted=0
checkpoint_phase lsn=6874 phase=value_index_schedule slot=0 started_ns=1790110447497559000 ended_ns=1790110447522167916 elapsed_us=24608 block_gets=8 block_puts=0 deleted=0
checkpoint_phase lsn=6874 phase=value_index_schedule slot=0 started_ns=1790110447522179000 ended_ns=1790110447546868750 elapsed_us=24689 block_gets=8 block_puts=0 deleted=0
checkpoint_phase lsn=6874 phase=value_index_schedule slot=0 started_ns=1790110447546879000 ended_ns=1790110447574841584 elapsed_us=27962 block_gets=8 block_puts=0 deleted=0
checkpoint_phase lsn=6874 phase=value_index_schedule slot=0 started_ns=1790110447575032000 ended_ns=1790110447614325333 elapsed_us=39293 block_gets=8 block_puts=0 deleted=0
checkpoint_phase lsn=6874 phase=value_index_schedule slot=0 started_ns=1790110447614345000 ended_ns=1790110447642262792 elapsed_us=27917 block_gets=8 block_puts=0 deleted=0
checkpoint_phase lsn=6874 phase=value_index_schedule slot=0 started_ns=1790110447642272000 ended_ns=1790110447666146125 elapsed_us=23874 block_gets=8 block_puts=0 deleted=0
checkpoint_phase lsn=6874 phase=value_index_schedule slot=0 started_ns=1790110447666161000 ended_ns=1790110447693683500 elapsed_us=27522 block_gets=8 block_puts=0 deleted=0
checkpoint_phase lsn=6874 phase=value_index_schedule slot=0 started_ns=1790110447693695000 ended_ns=1790110447716240458 elapsed_us=22545 block_gets=8 block_puts=0 deleted=0
checkpoint_phase lsn=6874 phase=value_index_schedule slot=0 started_ns=1790110447716253000 ended_ns=1790110447742221875 elapsed_us=25968 block_gets=8 block_puts=0 deleted=0
checkpoint_phase lsn=6874 phase=value_index_schedule slot=0 started_ns=1790110447742232000 ended_ns=1790110447766260958 elapsed_us=24028 block_gets=8 block_puts=0 deleted=0
checkpoint_phase lsn=6874 phase=value_index_schedule slot=0 started_ns=1790110447766271000 ended_ns=1790110447795966834 elapsed_us=29695 block_gets=8 block_puts=0 deleted=0
checkpoint_phase lsn=6874 phase=value_index_schedule slot=0 started_ns=1790110447795976000 ended_ns=1790110447818142167 elapsed_us=22166 block_gets=8 block_puts=0 deleted=0
checkpoint_phase lsn=6874 phase=value_index_schedule slot=0 started_ns=1790110447818155000 ended_ns=1790110447832607084 elapsed_us=14452 block_gets=4 block_puts=0 deleted=0
checkpoint_phase lsn=6874 phase=value_index_write slot=0 started_ns=1790110447832625000 ended_ns=1790110447832687708 elapsed_us=62 block_gets=0 block_puts=0 deleted=0
checkpoint_phase lsn=6874 phase=value_index_write slot=0 started_ns=1790110447832692000 ended_ns=1790110447832753375 elapsed_us=61 block_gets=0 block_puts=0 deleted=0
checkpoint_phase lsn=6874 phase=value_index_write slot=0 started_ns=1790110447832757000 ended_ns=1790110447832818250 elapsed_us=61 block_gets=0 block_puts=0 deleted=0
checkpoint_phase lsn=6874 phase=value_index_write slot=0 started_ns=1790110447832824000 ended_ns=1790110447840855125 elapsed_us=8031 block_gets=0 block_puts=2 deleted=0
checkpoint_phase lsn=6874 phase=row_sst_delta slot=0 started_ns=1790110447840866000 ended_ns=1790110447896668333 elapsed_us=55802 block_gets=0 block_puts=5 deleted=0
checkpoint_phase lsn=6874 phase=manifest slot=-1 started_ns=1790110447896677000 ended_ns=1790110447899878333 elapsed_us=3201 block_gets=0 block_puts=0 deleted=0
checkpoint_phase lsn=6874 phase=local_cleanup slot=-1 started_ns=1790110447899886000 ended_ns=1790110447900044625 elapsed_us=158 block_gets=0 block_puts=0 deleted=0
checkpoint_phase lsn=6874 phase=commit_prune slot=-1 started_ns=1790110448004936000 ended_ns=1790110448063468250 elapsed_us=58532 block_gets=0 block_puts=0 deleted=16
checkpoint_phase lsn=6874 phase=commit_prune slot=-1 started_ns=1790110448173986000 ended_ns=1790110448233452084 elapsed_us=59466 block_gets=0 block_puts=0 deleted=16
checkpoint_phase lsn=6874 phase=commit_prune slot=-1 started_ns=1790110448335669000 ended_ns=1790110448340685792 elapsed_us=5016 block_gets=0 block_puts=0 deleted=2
checkpoint_phase lsn=6874 phase=legacy_gc slot=-1 started_ns=1790110448448829000 ended_ns=1790110448454364750 elapsed_us=5535 block_gets=0 block_puts=0 deleted=0
checkpoint_phase lsn=7884 phase=gc_keep slot=-1 started_ns=1790110448565997000 ended_ns=1790110448566047667 elapsed_us=50 block_gets=0 block_puts=0 deleted=0
checkpoint_phase lsn=7884 phase=gc_list slot=-1 started_ns=1790110448566058000 ended_ns=1790110448572299042 elapsed_us=6241 block_gets=0 block_puts=0 deleted=0
checkpoint_phase lsn=7884 phase=gc_delete slot=-1 started_ns=1790110448572309000 ended_ns=1790110448577810125 elapsed_us=5501 block_gets=0 block_puts=0 deleted=2
checkpoint_phase lsn=9500 phase=value_index_schedule slot=0 started_ns=1790110449465940000 ended_ns=1790110449465945542 elapsed_us=5 block_gets=0 block_puts=0 deleted=0
checkpoint_phase lsn=9500 phase=value_index_schedule slot=0 started_ns=1790110449466004000 ended_ns=1790110449466236750 elapsed_us=232 block_gets=0 block_puts=0 deleted=0
checkpoint_phase lsn=9702 phase=value_index_schedule slot=0 started_ns=1790110449567256000 ended_ns=1790110449567262125 elapsed_us=6 block_gets=0 block_puts=0 deleted=0
checkpoint_phase lsn=9904 phase=value_index_schedule slot=0 started_ns=1790110449669722000 ended_ns=1790110449669730208 elapsed_us=8 block_gets=0 block_puts=0 deleted=0
checkpoint_phase lsn=10106 phase=value_index_schedule slot=0 started_ns=1790110449770069000 ended_ns=1790110449770074166 elapsed_us=5 block_gets=0 block_puts=0 deleted=0
checkpoint_phase lsn=10308 phase=value_index_schedule slot=0 started_ns=1790110449873403000 ended_ns=1790110449873408500 elapsed_us=5 block_gets=0 block_puts=0 deleted=0
checkpoint_phase lsn=10308 phase=value_index_schedule slot=0 started_ns=1790110449873419000 ended_ns=1790110449873675041 elapsed_us=256 block_gets=0 block_puts=0 deleted=0
checkpoint_phase lsn=10308 phase=value_index_schedule slot=0 started_ns=1790110449873679000 ended_ns=1790110449873908625 elapsed_us=229 block_gets=0 block_puts=0 deleted=0
checkpoint_phase lsn=10308 phase=value_index_schedule slot=0 started_ns=1790110449873915000 ended_ns=1790110449874125333 elapsed_us=210 block_gets=0 block_puts=0 deleted=0
checkpoint_phase lsn=10308 phase=value_index_schedule slot=0 started_ns=1790110449874128000 ended_ns=1790110449874331958 elapsed_us=203 block_gets=0 block_puts=0 deleted=0
checkpoint_phase lsn=10308 phase=value_index_schedule slot=0 started_ns=1790110449874335000 ended_ns=1790110449877561208 elapsed_us=3226 block_gets=1 block_puts=0 deleted=0
checkpoint_phase lsn=10308 phase=value_index_schedule slot=0 started_ns=1790110449877568000 ended_ns=1790110449878594042 elapsed_us=1026 block_gets=0 block_puts=0 deleted=0
checkpoint_phase lsn=10308 phase=value_index_schedule slot=0 started_ns=1790110449878601000 ended_ns=1790110449904646250 elapsed_us=26045 block_gets=8 block_puts=0 deleted=0
checkpoint_phase lsn=10308 phase=value_index_schedule slot=0 started_ns=1790110449904653000 ended_ns=1790110449938340125 elapsed_us=33687 block_gets=8 block_puts=0 deleted=0
checkpoint_phase lsn=10308 phase=value_index_schedule slot=0 started_ns=1790110449938719000 ended_ns=1790110449968406041 elapsed_us=29687 block_gets=8 block_puts=0 deleted=0
checkpoint_phase lsn=10308 phase=value_index_schedule slot=0 started_ns=1790110449968419000 ended_ns=1790110449991552166 elapsed_us=23133 block_gets=8 block_puts=0 deleted=0
checkpoint_phase lsn=10308 phase=value_index_schedule slot=0 started_ns=1790110449991564000 ended_ns=1790110450014922625 elapsed_us=23358 block_gets=8 block_puts=0 deleted=0
checkpoint_phase lsn=10308 phase=value_index_schedule slot=0 started_ns=1790110450014934000 ended_ns=1790110450039252584 elapsed_us=24318 block_gets=8 block_puts=0 deleted=0
checkpoint_phase lsn=10308 phase=value_index_schedule slot=0 started_ns=1790110450039262000 ended_ns=1790110450062681000 elapsed_us=23419 block_gets=8 block_puts=0 deleted=0
checkpoint_phase lsn=10308 phase=value_index_schedule slot=0 started_ns=1790110450062690000 ended_ns=1790110450088236583 elapsed_us=25546 block_gets=8 block_puts=0 deleted=0
checkpoint_phase lsn=10308 phase=value_index_schedule slot=0 started_ns=1790110450088246000 ended_ns=1790110450115351417 elapsed_us=27105 block_gets=8 block_puts=0 deleted=0
checkpoint_phase lsn=10308 phase=value_index_schedule slot=0 started_ns=1790110450115369000 ended_ns=1790110450140587375 elapsed_us=25218 block_gets=8 block_puts=0 deleted=0
checkpoint_phase lsn=10308 phase=value_index_schedule slot=0 started_ns=1790110450140598000 ended_ns=1790110450165539209 elapsed_us=24941 block_gets=8 block_puts=0 deleted=0
checkpoint_phase lsn=10308 phase=value_index_schedule slot=0 started_ns=1790110450165550000 ended_ns=1790110450188961417 elapsed_us=23411 block_gets=8 block_puts=0 deleted=0
checkpoint_phase lsn=10308 phase=value_index_schedule slot=0 started_ns=1790110450188987000 ended_ns=1790110450212032750 elapsed_us=23045 block_gets=8 block_puts=0 deleted=0
checkpoint_phase lsn=10308 phase=value_index_schedule slot=0 started_ns=1790110450212044000 ended_ns=1790110450234417375 elapsed_us=22373 block_gets=8 block_puts=0 deleted=0
checkpoint_phase lsn=10308 phase=value_index_schedule slot=0 started_ns=1790110450234429000 ended_ns=1790110450240299958 elapsed_us=5870 block_gets=1 block_puts=0 deleted=0
checkpoint_phase lsn=10308 phase=value_index_write slot=0 started_ns=1790110450240311000 ended_ns=1790110450240373791 elapsed_us=62 block_gets=0 block_puts=0 deleted=0
checkpoint_phase lsn=10308 phase=value_index_write slot=0 started_ns=1790110450240378000 ended_ns=1790110450240440542 elapsed_us=62 block_gets=0 block_puts=0 deleted=0
checkpoint_phase lsn=10308 phase=value_index_write slot=0 started_ns=1790110450240444000 ended_ns=1790110450240519833 elapsed_us=75 block_gets=0 block_puts=0 deleted=0
checkpoint_phase lsn=10308 phase=value_index_write slot=0 started_ns=1790110450240535000 ended_ns=1790110450240601125 elapsed_us=66 block_gets=0 block_puts=0 deleted=0
checkpoint_phase lsn=10308 phase=value_index_write slot=0 started_ns=1790110450240605000 ended_ns=1790110450250347208 elapsed_us=9742 block_gets=0 block_puts=2 deleted=0
checkpoint_phase lsn=10308 phase=row_sst_delta slot=0 started_ns=1790110450250355000 ended_ns=1790110450308218416 elapsed_us=57863 block_gets=0 block_puts=5 deleted=0
checkpoint_phase lsn=10308 phase=manifest slot=-1 started_ns=1790110450308228000 ended_ns=1790110450311888041 elapsed_us=3660 block_gets=0 block_puts=0 deleted=0
checkpoint_phase lsn=10308 phase=local_cleanup slot=-1 started_ns=1790110450311896000 ended_ns=1790110450312086167 elapsed_us=190 block_gets=0 block_puts=0 deleted=0
checkpoint_phase lsn=10308 phase=commit_prune slot=-1 started_ns=1790110450417313000 ended_ns=1790110450474375792 elapsed_us=57062 block_gets=0 block_puts=0 deleted=16
checkpoint_phase lsn=10308 phase=commit_prune slot=-1 started_ns=1790110450578994000 ended_ns=1790110450621202583 elapsed_us=42208 block_gets=0 block_puts=0 deleted=16
checkpoint_phase lsn=10308 phase=commit_prune slot=-1 started_ns=1790110450727442000 ended_ns=1790110450732449083 elapsed_us=5007 block_gets=0 block_puts=0 deleted=2
checkpoint_phase lsn=10308 phase=legacy_gc slot=-1 started_ns=1790110450837541000 ended_ns=1790110450843053375 elapsed_us=5512 block_gets=0 block_puts=0 deleted=0
checkpoint_phase lsn=11318 phase=gc_keep slot=-1 started_ns=1790110450950074000 ended_ns=1790110450950167792 elapsed_us=93 block_gets=0 block_puts=0 deleted=0
checkpoint_phase lsn=11318 phase=gc_list slot=-1 started_ns=1790110450950178000 ended_ns=1790110450956352375 elapsed_us=6174 block_gets=0 block_puts=0 deleted=0
checkpoint_phase lsn=11318 phase=gc_delete slot=-1 started_ns=1790110450956361000 ended_ns=1790110450962877875 elapsed_us=6516 block_gets=0 block_puts=0 deleted=2
checkpoint_phase lsn=12934 phase=value_index_schedule slot=0 started_ns=1790110451792859000 ended_ns=1790110451792865667 elapsed_us=6 block_gets=0 block_puts=0 deleted=0
checkpoint_phase lsn=12934 phase=value_index_schedule slot=0 started_ns=1790110451792928000 ended_ns=1790110451793103167 elapsed_us=175 block_gets=0 block_puts=0 deleted=0
checkpoint_phase lsn=13136 phase=value_index_schedule slot=0 started_ns=1790110451896714000 ended_ns=1790110451896719125 elapsed_us=5 block_gets=0 block_puts=0 deleted=0
checkpoint_phase lsn=13338 phase=value_index_schedule slot=0 started_ns=1790110451998870000 ended_ns=1790110451998875292 elapsed_us=5 block_gets=0 block_puts=0 deleted=0
checkpoint_phase lsn=13540 phase=value_index_schedule slot=0 started_ns=1790110452103112000 ended_ns=1790110452103117500 elapsed_us=5 block_gets=0 block_puts=0 deleted=0
checkpoint_phase lsn=13742 phase=value_index_schedule slot=0 started_ns=1790110452217730000 ended_ns=1790110452217735708 elapsed_us=5 block_gets=0 block_puts=0 deleted=0
checkpoint_phase lsn=13742 phase=value_index_schedule slot=0 started_ns=1790110452217759000 ended_ns=1790110452217980708 elapsed_us=221 block_gets=0 block_puts=0 deleted=0
checkpoint_phase lsn=13742 phase=value_index_schedule slot=0 started_ns=1790110452218062000 ended_ns=1790110452218249625 elapsed_us=187 block_gets=0 block_puts=0 deleted=0
checkpoint_phase lsn=13742 phase=value_index_schedule slot=0 started_ns=1790110452218255000 ended_ns=1790110452218435875 elapsed_us=180 block_gets=0 block_puts=0 deleted=0
checkpoint_phase lsn=13742 phase=value_index_schedule slot=0 started_ns=1790110452222284000 ended_ns=1790110452222487708 elapsed_us=203 block_gets=0 block_puts=0 deleted=0
checkpoint_phase lsn=13742 phase=value_index_schedule slot=0 started_ns=1790110452222608000 ended_ns=1790110452222793083 elapsed_us=185 block_gets=0 block_puts=0 deleted=0
checkpoint_phase lsn=13742 phase=value_index_schedule slot=0 started_ns=1790110452222865000 ended_ns=1790110452223031583 elapsed_us=166 block_gets=0 block_puts=0 deleted=0
checkpoint_phase lsn=13742 phase=value_index_schedule slot=0 started_ns=1790110452223039000 ended_ns=1790110452227241167 elapsed_us=4202 block_gets=1 block_puts=0 deleted=0
checkpoint_phase lsn=13742 phase=value_index_schedule slot=0 started_ns=1790110452227249000 ended_ns=1790110452228353583 elapsed_us=1104 block_gets=0 block_puts=0 deleted=0
checkpoint_phase lsn=13742 phase=value_index_schedule slot=0 started_ns=1790110452228360000 ended_ns=1790110452230658084 elapsed_us=2298 block_gets=0 block_puts=0 deleted=0
checkpoint_phase lsn=13742 phase=value_index_schedule slot=0 started_ns=1790110452230668000 ended_ns=1790110452238843709 elapsed_us=8175 block_gets=2 block_puts=0 deleted=0
checkpoint_phase lsn=13742 phase=value_index_schedule slot=0 started_ns=1790110452238855000 ended_ns=1790110452263067459 elapsed_us=24212 block_gets=8 block_puts=0 deleted=0
checkpoint_phase lsn=13742 phase=value_index_schedule slot=0 started_ns=1790110452263080000 ended_ns=1790110452285378750 elapsed_us=22298 block_gets=8 block_puts=0 deleted=0
checkpoint_phase lsn=13742 phase=value_index_schedule slot=0 started_ns=1790110452285389000 ended_ns=1790110452308714333 elapsed_us=23325 block_gets=8 block_puts=0 deleted=0
checkpoint_phase lsn=13742 phase=value_index_schedule slot=0 started_ns=1790110452308725000 ended_ns=1790110452327180583 elapsed_us=18455 block_gets=5 block_puts=0 deleted=0
checkpoint_phase lsn=13742 phase=value_index_schedule slot=0 started_ns=1790110452327190000 ended_ns=1790110452327219541 elapsed_us=29 block_gets=0 block_puts=0 deleted=0
checkpoint_phase lsn=13742 phase=value_index_schedule slot=0 started_ns=1790110452327223000 ended_ns=1790110452327246417 elapsed_us=23 block_gets=0 block_puts=0 deleted=0
checkpoint_phase lsn=13742 phase=value_index_schedule slot=0 started_ns=1790110452327250000 ended_ns=1790110452327273250 elapsed_us=23 block_gets=0 block_puts=0 deleted=0
checkpoint_phase lsn=13742 phase=value_index_schedule slot=0 started_ns=1790110452327276000 ended_ns=1790110452332523500 elapsed_us=5247 block_gets=0 block_puts=1 deleted=0
checkpoint_phase lsn=13742 phase=value_index_schedule slot=0 started_ns=1790110452332530000 ended_ns=1790110452332555708 elapsed_us=25 block_gets=0 block_puts=0 deleted=0
checkpoint_phase lsn=13742 phase=value_index_schedule slot=0 started_ns=1790110452332559000 ended_ns=1790110452345610666 elapsed_us=13051 block_gets=0 block_puts=4 deleted=0
checkpoint_phase lsn=13742 phase=value_index_schedule slot=0 started_ns=1790110452345616000 ended_ns=1790110452369524167 elapsed_us=23908 block_gets=8 block_puts=0 deleted=0
checkpoint_phase lsn=13742 phase=value_index_schedule slot=0 started_ns=1790110452369534000 ended_ns=1790110452391820000 elapsed_us=22286 block_gets=8 block_puts=0 deleted=0
checkpoint_phase lsn=13742 phase=value_index_schedule slot=0 started_ns=1790110452391832000 ended_ns=1790110452414251292 elapsed_us=22419 block_gets=8 block_puts=0 deleted=0
checkpoint_phase lsn=13742 phase=value_index_schedule slot=0 started_ns=1790110452414264000 ended_ns=1790110452437941625 elapsed_us=23677 block_gets=8 block_puts=0 deleted=0
checkpoint_phase lsn=13742 phase=value_index_schedule slot=0 started_ns=1790110452437964000 ended_ns=1790110452462972417 elapsed_us=25008 block_gets=8 block_puts=0 deleted=0
checkpoint_phase lsn=13742 phase=value_index_schedule slot=0 started_ns=1790110452462981000 ended_ns=1790110452486495167 elapsed_us=23514 block_gets=8 block_puts=0 deleted=0
checkpoint_phase lsn=13742 phase=value_index_schedule slot=0 started_ns=1790110452486503000 ended_ns=1790110452510510333 elapsed_us=24007 block_gets=8 block_puts=0 deleted=0
checkpoint_phase lsn=13742 phase=value_index_schedule slot=0 started_ns=1790110452510519000 ended_ns=1790110452535965042 elapsed_us=25446 block_gets=8 block_puts=0 deleted=0
checkpoint_phase lsn=13742 phase=value_index_schedule slot=0 started_ns=1790110452535976000 ended_ns=1790110452556799000 elapsed_us=20823 block_gets=8 block_puts=0 deleted=0
checkpoint_phase lsn=13742 phase=value_index_schedule slot=0 started_ns=1790110452556808000 ended_ns=1790110452577783833 elapsed_us=20975 block_gets=8 block_puts=0 deleted=0
checkpoint_phase lsn=13742 phase=value_index_schedule slot=0 started_ns=1790110452577796000 ended_ns=1790110452584250625 elapsed_us=6454 block_gets=2 block_puts=0 deleted=0
checkpoint_phase lsn=13742 phase=value_index_schedule slot=0 started_ns=1790110452584261000 ended_ns=1790110452584289750 elapsed_us=28 block_gets=0 block_puts=0 deleted=0
checkpoint_phase lsn=13742 phase=value_index_schedule slot=0 started_ns=1790110452584298000 ended_ns=1790110452595931042 elapsed_us=11633 block_gets=0 block_puts=4 deleted=0
checkpoint_phase lsn=13742 phase=value_index_schedule slot=0 started_ns=1790110452595941000 ended_ns=1790110452596120250 elapsed_us=179 block_gets=0 block_puts=0 deleted=0
checkpoint_phase lsn=13742 phase=value_index_schedule slot=0 started_ns=1790110452596127000 ended_ns=1790110452596220250 elapsed_us=93 block_gets=0 block_puts=0 deleted=0
checkpoint_phase lsn=13742 phase=value_index_schedule slot=0 started_ns=1790110452596223000 ended_ns=1790110452596305625 elapsed_us=82 block_gets=0 block_puts=0 deleted=0
checkpoint_phase lsn=13742 phase=value_index_schedule slot=0 started_ns=1790110452596312000 ended_ns=1790110452596394375 elapsed_us=82 block_gets=0 block_puts=0 deleted=0
checkpoint_phase lsn=13742 phase=value_index_schedule slot=0 started_ns=1790110452596403000 ended_ns=1790110452600961625 elapsed_us=4558 block_gets=0 block_puts=1 deleted=0
checkpoint_phase lsn=13742 phase=value_index_schedule slot=0 started_ns=1790110452600972000 ended_ns=1790110452601080792 elapsed_us=108 block_gets=0 block_puts=0 deleted=0
checkpoint_phase lsn=13742 phase=value_index_schedule slot=0 started_ns=1790110452601089000 ended_ns=1790110452601168625 elapsed_us=79 block_gets=0 block_puts=0 deleted=0
checkpoint_phase lsn=13742 phase=value_index_schedule slot=0 started_ns=1790110452601175000 ended_ns=1790110452601201875 elapsed_us=26 block_gets=0 block_puts=0 deleted=0
checkpoint_phase lsn=13742 phase=value_index_schedule slot=0 started_ns=1790110452601208000 ended_ns=1790110452613618750 elapsed_us=12410 block_gets=0 block_puts=4 deleted=0
checkpoint_phase lsn=13742 phase=value_index_schedule slot=0 started_ns=1790110452613628000 ended_ns=1790110452613628583 elapsed_us=0 block_gets=0 block_puts=0 deleted=0
checkpoint_phase lsn=13742 phase=value_index_write slot=0 started_ns=1790110452613632000 ended_ns=1790110452613828708 elapsed_us=196 block_gets=0 block_puts=0 deleted=0
checkpoint_phase lsn=13742 phase=value_index_write slot=0 started_ns=1790110452613835000 ended_ns=1790110452613911167 elapsed_us=76 block_gets=0 block_puts=0 deleted=0
checkpoint_phase lsn=13742 phase=value_index_write slot=0 started_ns=1790110452613917000 ended_ns=1790110452613992375 elapsed_us=75 block_gets=0 block_puts=0 deleted=0
checkpoint_phase lsn=13742 phase=value_index_write slot=0 started_ns=1790110452614000000 ended_ns=1790110452614158917 elapsed_us=158 block_gets=0 block_puts=0 deleted=0
checkpoint_phase lsn=13742 phase=value_index_write slot=0 started_ns=1790110452614164000 ended_ns=1790110452614238834 elapsed_us=74 block_gets=0 block_puts=0 deleted=0
checkpoint_phase lsn=13742 phase=value_index_write slot=0 started_ns=1790110452614254000 ended_ns=1790110452614328542 elapsed_us=74 block_gets=0 block_puts=0 deleted=0
checkpoint_phase lsn=13742 phase=value_index_write slot=0 started_ns=1790110452614331000 ended_ns=1790110452624970125 elapsed_us=10639 block_gets=0 block_puts=2 deleted=0
checkpoint_phase lsn=13742 phase=row_sst_delta slot=0 started_ns=1790110452624978000 ended_ns=1790110452686530875 elapsed_us=61552 block_gets=0 block_puts=5 deleted=0
checkpoint_phase lsn=13742 phase=manifest slot=-1 started_ns=1790110452686548000 ended_ns=1790110452690183708 elapsed_us=3635 block_gets=0 block_puts=0 deleted=0
checkpoint_phase lsn=13742 phase=local_cleanup slot=-1 started_ns=1790110452690191000 ended_ns=1790110452690407542 elapsed_us=216 block_gets=0 block_puts=0 deleted=0
checkpoint_phase lsn=13742 phase=commit_prune slot=-1 started_ns=1790110452804265000 ended_ns=1790110452864531375 elapsed_us=60266 block_gets=0 block_puts=0 deleted=16
checkpoint_phase lsn=13742 phase=commit_prune slot=-1 started_ns=1790110452967334000 ended_ns=1790110453010249000 elapsed_us=42915 block_gets=0 block_puts=0 deleted=16
checkpoint_phase lsn=13742 phase=commit_prune slot=-1 started_ns=1790110453112508000 ended_ns=1790110453117342167 elapsed_us=4834 block_gets=0 block_puts=0 deleted=2
checkpoint_phase lsn=13742 phase=legacy_gc slot=-1 started_ns=1790110453221757000 ended_ns=1790110453226973208 elapsed_us=5216 block_gets=0 block_puts=0 deleted=0
checkpoint_phase lsn=14752 phase=gc_keep slot=-1 started_ns=1790110453327624000 ended_ns=1790110453327726125 elapsed_us=102 block_gets=0 block_puts=0 deleted=0
checkpoint_phase lsn=14752 phase=gc_list slot=-1 started_ns=1790110453327739000 ended_ns=1790110453333864125 elapsed_us=6125 block_gets=0 block_puts=0 deleted=0
checkpoint_phase lsn=14752 phase=gc_delete slot=-1 started_ns=1790110453333884000 ended_ns=1790110453380775792 elapsed_us=46891 block_gets=0 block_puts=0 deleted=16
checkpoint_phase lsn=15156 phase=value_index_schedule slot=0 started_ns=1790110453588689000 ended_ns=1790110453588695208 elapsed_us=6 block_gets=0 block_puts=0 deleted=0
checkpoint_phase lsn=15156 phase=row_merge_schedule slot=0 started_ns=1790110453588760000 ended_ns=1790110453589166875 elapsed_us=406 block_gets=0 block_puts=0 deleted=0
checkpoint_phase lsn=15358 phase=row_merge_schedule slot=0 started_ns=1790110453691091000 ended_ns=1790110453691197083 elapsed_us=106 block_gets=0 block_puts=0 deleted=0
checkpoint_phase lsn=15560 phase=value_index_schedule slot=0 started_ns=1790110453794758000 ended_ns=1790110453794764541 elapsed_us=6 block_gets=0 block_puts=0 deleted=0
checkpoint_phase lsn=15560 phase=row_merge_schedule slot=0 started_ns=1790110453794824000 ended_ns=1790110453794924250 elapsed_us=100 block_gets=0 block_puts=0 deleted=0
checkpoint_phase lsn=15762 phase=row_merge_schedule slot=0 started_ns=1790110453900448000 ended_ns=1790110453900556791 elapsed_us=108 block_gets=0 block_puts=0 deleted=0
checkpoint_phase lsn=15964 phase=value_index_schedule slot=0 started_ns=1790110454005327000 ended_ns=1790110454005333709 elapsed_us=6 block_gets=0 block_puts=0 deleted=0
checkpoint_phase lsn=15964 phase=row_merge_schedule slot=0 started_ns=1790110454005407000 ended_ns=1790110454005512333 elapsed_us=105 block_gets=0 block_puts=0 deleted=0
checkpoint_phase lsn=16166 phase=row_merge_schedule slot=0 started_ns=1790110454107944000 ended_ns=1790110454108051583 elapsed_us=107 block_gets=0 block_puts=0 deleted=0
checkpoint_phase lsn=16368 phase=value_index_schedule slot=0 started_ns=1790110454211036000 ended_ns=1790110454211048416 elapsed_us=12 block_gets=0 block_puts=0 deleted=0
checkpoint_phase lsn=16570 phase=row_merge_schedule slot=0 started_ns=1790110454317000000 ended_ns=1790110454317109292 elapsed_us=109 block_gets=0 block_puts=0 deleted=0
checkpoint_phase lsn=16772 phase=row_merge_schedule slot=0 started_ns=1790110454426787000 ended_ns=1790110454427054166 elapsed_us=267 block_gets=0 block_puts=0 deleted=0
checkpoint_phase lsn=16974 phase=value_index_schedule slot=0 started_ns=1790110454541509000 ended_ns=1790110454541516167 elapsed_us=7 block_gets=0 block_puts=0 deleted=0
checkpoint_phase lsn=16974 phase=row_merge_schedule slot=0 started_ns=1790110454541664000 ended_ns=1790110454542004208 elapsed_us=340 block_gets=0 block_puts=0 deleted=0
checkpoint_phase lsn=17176 phase=row_merge_schedule slot=0 started_ns=1790110454647234000 ended_ns=1790110454647337500 elapsed_us=103 block_gets=0 block_puts=0 deleted=0
checkpoint_phase lsn=17176 phase=value_index_schedule slot=0 started_ns=1790110454647355000 ended_ns=1790110454647359791 elapsed_us=4 block_gets=0 block_puts=0 deleted=0
checkpoint_phase lsn=17176 phase=row_merge_schedule slot=0 started_ns=1790110454647363000 ended_ns=1790110454647455458 elapsed_us=92 block_gets=0 block_puts=0 deleted=0
checkpoint_phase lsn=17176 phase=value_index_schedule slot=0 started_ns=1790110454647459000 ended_ns=1790110454647633916 elapsed_us=174 block_gets=0 block_puts=0 deleted=0
checkpoint_phase lsn=17176 phase=row_merge_schedule slot=0 started_ns=1790110454647638000 ended_ns=1790110454647743916 elapsed_us=105 block_gets=0 block_puts=0 deleted=0
checkpoint_phase lsn=17176 phase=value_index_schedule slot=0 started_ns=1790110454647752000 ended_ns=1790110454647954583 elapsed_us=202 block_gets=0 block_puts=0 deleted=0
checkpoint_phase lsn=17176 phase=row_merge_schedule slot=0 started_ns=1790110454647960000 ended_ns=1790110454648063000 elapsed_us=103 block_gets=0 block_puts=0 deleted=0
checkpoint_phase lsn=17176 phase=value_index_schedule slot=0 started_ns=1790110454648070000 ended_ns=1790110454648230000 elapsed_us=160 block_gets=0 block_puts=0 deleted=0
checkpoint_phase lsn=17176 phase=row_merge_schedule slot=0 started_ns=1790110454648235000 ended_ns=1790110454648340416 elapsed_us=105 block_gets=0 block_puts=0 deleted=0
checkpoint_phase lsn=17176 phase=value_index_schedule slot=0 started_ns=1790110454648346000 ended_ns=1790110454648494417 elapsed_us=148 block_gets=0 block_puts=0 deleted=0
checkpoint_phase lsn=17176 phase=row_merge_schedule slot=0 started_ns=1790110454648499000 ended_ns=1790110454648601458 elapsed_us=102 block_gets=0 block_puts=0 deleted=0
checkpoint_phase lsn=17176 phase=value_index_schedule slot=0 started_ns=1790110454648605000 ended_ns=1790110454648795417 elapsed_us=190 block_gets=0 block_puts=0 deleted=0
checkpoint_phase lsn=17176 phase=row_merge_schedule slot=0 started_ns=1790110454648807000 ended_ns=1790110454648906917 elapsed_us=99 block_gets=0 block_puts=0 deleted=0
checkpoint_phase lsn=17176 phase=value_index_schedule slot=0 started_ns=1790110454648913000 ended_ns=1790110454649071959 elapsed_us=158 block_gets=0 block_puts=0 deleted=0
checkpoint_phase lsn=17176 phase=row_merge_schedule slot=0 started_ns=1790110454649077000 ended_ns=1790110454649109292 elapsed_us=32 block_gets=0 block_puts=0 deleted=0
checkpoint_phase lsn=17176 phase=value_index_schedule slot=0 started_ns=1790110454649114000 ended_ns=1790110454649255958 elapsed_us=141 block_gets=0 block_puts=0 deleted=0
checkpoint_phase lsn=17176 phase=row_merge_schedule slot=0 started_ns=1790110454649260000 ended_ns=1790110454649667500 elapsed_us=407 block_gets=0 block_puts=0 deleted=0
checkpoint_phase lsn=17176 phase=value_index_schedule slot=0 started_ns=1790110454649674000 ended_ns=1790110454649801250 elapsed_us=127 block_gets=0 block_puts=0 deleted=0
checkpoint_phase lsn=17176 phase=row_merge_schedule slot=0 started_ns=1790110454649804000 ended_ns=1790110454650064041 elapsed_us=260 block_gets=0 block_puts=0 deleted=0
checkpoint_phase lsn=17176 phase=value_index_schedule slot=0 started_ns=1790110454650067000 ended_ns=1790110454655968416 elapsed_us=5901 block_gets=1 block_puts=0 deleted=0
checkpoint_phase lsn=17176 phase=row_merge_schedule slot=0 started_ns=1790110454655981000 ended_ns=1790110454656238500 elapsed_us=257 block_gets=0 block_puts=0 deleted=0
checkpoint_phase lsn=17176 phase=value_index_schedule slot=0 started_ns=1790110454656245000 ended_ns=1790110454657808875 elapsed_us=1563 block_gets=0 block_puts=0 deleted=0
checkpoint_phase lsn=17176 phase=row_merge_schedule slot=0 started_ns=1790110454657851000 ended_ns=1790110454658142083 elapsed_us=291 block_gets=0 block_puts=0 deleted=0
checkpoint_phase lsn=17176 phase=value_index_schedule slot=0 started_ns=1790110454658149000 ended_ns=1790110454660796792 elapsed_us=2647 block_gets=0 block_puts=0 deleted=0
checkpoint_phase lsn=17176 phase=row_merge_schedule slot=0 started_ns=1790110454660806000 ended_ns=1790110454660960875 elapsed_us=154 block_gets=0 block_puts=0 deleted=0
checkpoint_phase lsn=17176 phase=value_index_schedule slot=0 started_ns=1790110454660965000 ended_ns=1790110454663755541 elapsed_us=2790 block_gets=0 block_puts=0 deleted=0
checkpoint_phase lsn=17176 phase=row_merge_schedule slot=0 started_ns=1790110454663762000 ended_ns=1790110454663929125 elapsed_us=167 block_gets=0 block_puts=0 deleted=0
checkpoint_phase lsn=17176 phase=value_index_schedule slot=0 started_ns=1790110454663931000 ended_ns=1790110454666847875 elapsed_us=2916 block_gets=0 block_puts=0 deleted=0
checkpoint_phase lsn=17176 phase=row_merge_schedule slot=0 started_ns=1790110454666859000 ended_ns=1790110454667023042 elapsed_us=164 block_gets=0 block_puts=0 deleted=0
checkpoint_phase lsn=17176 phase=value_index_schedule slot=0 started_ns=1790110454667027000 ended_ns=1790110454667056083 elapsed_us=29 block_gets=0 block_puts=0 deleted=0
checkpoint_phase lsn=17176 phase=row_merge_schedule slot=0 started_ns=1790110454667101000 ended_ns=1790110454667265500 elapsed_us=164 block_gets=0 block_puts=0 deleted=0
checkpoint_phase lsn=17176 phase=value_index_schedule slot=0 started_ns=1790110454667292000 ended_ns=1790110454667321958 elapsed_us=29 block_gets=0 block_puts=0 deleted=0
checkpoint_phase lsn=17176 phase=row_merge_schedule slot=0 started_ns=1790110454667326000 ended_ns=1790110454667484000 elapsed_us=158 block_gets=0 block_puts=0 deleted=0
checkpoint_phase lsn=17176 phase=value_index_schedule slot=0 started_ns=1790110454667490000 ended_ns=1790110454667513375 elapsed_us=23 block_gets=0 block_puts=0 deleted=0
checkpoint_phase lsn=17176 phase=row_merge_schedule slot=0 started_ns=1790110454667517000 ended_ns=1790110454667686875 elapsed_us=169 block_gets=0 block_puts=0 deleted=0
checkpoint_phase lsn=17176 phase=value_index_schedule slot=0 started_ns=1790110454667691000 ended_ns=1790110454672562250 elapsed_us=4871 block_gets=0 block_puts=1 deleted=0
checkpoint_phase lsn=17176 phase=row_merge_schedule slot=0 started_ns=1790110454672567000 ended_ns=1790110454672726500 elapsed_us=159 block_gets=0 block_puts=0 deleted=0
checkpoint_phase lsn=17176 phase=value_index_schedule slot=0 started_ns=1790110454672729000 ended_ns=1790110454672754917 elapsed_us=25 block_gets=0 block_puts=0 deleted=0
checkpoint_phase lsn=17176 phase=row_merge_schedule slot=0 started_ns=1790110454672762000 ended_ns=1790110454672919542 elapsed_us=157 block_gets=0 block_puts=0 deleted=0
checkpoint_phase lsn=17176 phase=value_index_schedule slot=0 started_ns=1790110454672923000 ended_ns=1790110454685990250 elapsed_us=13067 block_gets=0 block_puts=4 deleted=0
checkpoint_phase lsn=17176 phase=row_merge_schedule slot=0 started_ns=1790110454685999000 ended_ns=1790110454686205666 elapsed_us=206 block_gets=0 block_puts=0 deleted=0
checkpoint_phase lsn=17176 phase=value_index_schedule slot=0 started_ns=1790110454686213000 ended_ns=1790110454689023500 elapsed_us=2810 block_gets=0 block_puts=0 deleted=0
checkpoint_phase lsn=17176 phase=row_merge_schedule slot=0 started_ns=1790110454689027000 ended_ns=1790110454689305000 elapsed_us=278 block_gets=0 block_puts=0 deleted=0
checkpoint_phase lsn=17176 phase=value_index_schedule slot=0 started_ns=1790110454689309000 ended_ns=1790110454712538292 elapsed_us=23229 block_gets=8 block_puts=0 deleted=0
checkpoint_phase lsn=17176 phase=row_merge_schedule slot=0 started_ns=1790110454712548000 ended_ns=1790110454712820167 elapsed_us=272 block_gets=0 block_puts=0 deleted=0
checkpoint_phase lsn=17176 phase=value_index_schedule slot=0 started_ns=1790110454712825000 ended_ns=1790110454739725625 elapsed_us=26900 block_gets=8 block_puts=0 deleted=0
checkpoint_phase lsn=17176 phase=row_merge_schedule slot=0 started_ns=1790110454739751000 ended_ns=1790110454740021666 elapsed_us=270 block_gets=0 block_puts=0 deleted=0
checkpoint_phase lsn=17176 phase=value_index_schedule slot=0 started_ns=1790110454740028000 ended_ns=1790110454762974833 elapsed_us=22946 block_gets=8 block_puts=0 deleted=0
checkpoint_phase lsn=17176 phase=row_merge_schedule slot=0 started_ns=1790110454762989000 ended_ns=1790110454763068417 elapsed_us=79 block_gets=0 block_puts=0 deleted=0
checkpoint_phase lsn=17176 phase=value_index_schedule slot=0 started_ns=1790110454763076000 ended_ns=1790110454803745167 elapsed_us=40669 block_gets=8 block_puts=0 deleted=0
checkpoint_phase lsn=17176 phase=row_merge_write slot=0 started_ns=1790110454803759000 ended_ns=1790110454807054000 elapsed_us=3295 block_gets=0 block_puts=0 deleted=0
checkpoint_phase lsn=17176 phase=value_index_schedule slot=0 started_ns=1790110454807066000 ended_ns=1790110454832196416 elapsed_us=25130 block_gets=8 block_puts=0 deleted=0
checkpoint_phase lsn=17176 phase=row_merge_write slot=0 started_ns=1790110454832207000 ended_ns=1790110454835371583 elapsed_us=3164 block_gets=0 block_puts=0 deleted=0
checkpoint_phase lsn=17176 phase=value_index_schedule slot=0 started_ns=1790110454835380000 ended_ns=1790110454903636958 elapsed_us=68256 block_gets=8 block_puts=0 deleted=0
checkpoint_phase lsn=17176 phase=row_merge_write slot=0 started_ns=1790110454903653000 ended_ns=1790110454906871375 elapsed_us=3218 block_gets=0 block_puts=0 deleted=0
checkpoint_phase lsn=17176 phase=value_index_schedule slot=0 started_ns=1790110454906886000 ended_ns=1790110454957964209 elapsed_us=51078 block_gets=8 block_puts=0 deleted=0
checkpoint_phase lsn=17176 phase=row_merge_write slot=0 started_ns=1790110454957981000 ended_ns=1790110454961175667 elapsed_us=3194 block_gets=0 block_puts=0 deleted=0
checkpoint_phase lsn=17176 phase=value_index_schedule slot=0 started_ns=1790110454961190000 ended_ns=1790110454988332375 elapsed_us=27142 block_gets=8 block_puts=0 deleted=0
checkpoint_phase lsn=17176 phase=row_merge_write slot=0 started_ns=1790110454988343000 ended_ns=1790110454991581167 elapsed_us=3238 block_gets=0 block_puts=0 deleted=0
checkpoint_phase lsn=17176 phase=value_index_schedule slot=0 started_ns=1790110454991597000 ended_ns=1790110455022773000 elapsed_us=31176 block_gets=8 block_puts=0 deleted=0
checkpoint_phase lsn=17176 phase=row_merge_write slot=0 started_ns=1790110455022786000 ended_ns=1790110455026181416 elapsed_us=3395 block_gets=0 block_puts=0 deleted=0
checkpoint_phase lsn=17176 phase=value_index_schedule slot=0 started_ns=1790110455026200000 ended_ns=1790110455055851250 elapsed_us=29651 block_gets=8 block_puts=0 deleted=0
checkpoint_phase lsn=17176 phase=row_merge_write slot=0 started_ns=1790110455055860000 ended_ns=1790110455059122208 elapsed_us=3262 block_gets=0 block_puts=0 deleted=0
checkpoint_phase lsn=17176 phase=value_index_schedule slot=0 started_ns=1790110455059216000 ended_ns=1790110455091363542 elapsed_us=32147 block_gets=8 block_puts=0 deleted=0
checkpoint_phase lsn=17176 phase=row_merge_write slot=0 started_ns=1790110455091508000 ended_ns=1790110455094530208 elapsed_us=3022 block_gets=0 block_puts=0 deleted=0
checkpoint_phase lsn=17176 phase=value_index_schedule slot=0 started_ns=1790110455094539000 ended_ns=1790110455121835500 elapsed_us=27296 block_gets=8 block_puts=0 deleted=0
checkpoint_phase lsn=17176 phase=row_merge_write slot=0 started_ns=1790110455121844000 ended_ns=1790110455124710666 elapsed_us=2866 block_gets=0 block_puts=0 deleted=0
checkpoint_phase lsn=17176 phase=value_index_schedule slot=0 started_ns=1790110455124731000 ended_ns=1790110455146739292 elapsed_us=22008 block_gets=8 block_puts=0 deleted=0
checkpoint_phase lsn=17176 phase=row_merge_write slot=0 started_ns=1790110455146750000 ended_ns=1790110455149611917 elapsed_us=2861 block_gets=0 block_puts=0 deleted=0
checkpoint_phase lsn=17176 phase=value_index_schedule slot=0 started_ns=1790110455149633000 ended_ns=1790110455171778583 elapsed_us=22145 block_gets=8 block_puts=0 deleted=0
checkpoint_phase lsn=17176 phase=row_merge_write slot=0 started_ns=1790110455171815000 ended_ns=1790110455174652333 elapsed_us=2837 block_gets=0 block_puts=0 deleted=0
checkpoint_phase lsn=17176 phase=value_index_schedule slot=0 started_ns=1790110455174668000 ended_ns=1790110455178288209 elapsed_us=3620 block_gets=1 block_puts=0 deleted=0
checkpoint_phase lsn=17176 phase=row_merge_write slot=0 started_ns=1790110455178296000 ended_ns=1790110455181088667 elapsed_us=2792 block_gets=0 block_puts=0 deleted=0
checkpoint_phase lsn=17176 phase=value_index_schedule slot=0 started_ns=1790110455181093000 ended_ns=1790110455181120583 elapsed_us=27 block_gets=0 block_puts=0 deleted=0
checkpoint_phase lsn=17176 phase=row_merge_write slot=0 started_ns=1790110455181124000 ended_ns=1790110455183925916 elapsed_us=2801 block_gets=0 block_puts=0 deleted=0
checkpoint_phase lsn=17176 phase=value_index_schedule slot=0 started_ns=1790110455183931000 ended_ns=1790110455183954917 elapsed_us=23 block_gets=0 block_puts=0 deleted=0
checkpoint_phase lsn=17176 phase=row_merge_write slot=0 started_ns=1790110455183957000 ended_ns=1790110455187066917 elapsed_us=3109 block_gets=0 block_puts=0 deleted=0
checkpoint_phase lsn=17176 phase=value_index_schedule slot=0 started_ns=1790110455187077000 ended_ns=1790110455201715750 elapsed_us=14638 block_gets=0 block_puts=4 deleted=0
checkpoint_phase lsn=17176 phase=row_merge_write slot=0 started_ns=1790110455201724000 ended_ns=1790110455204683541 elapsed_us=2959 block_gets=0 block_puts=0 deleted=0
checkpoint_phase lsn=17176 phase=value_index_schedule slot=0 started_ns=1790110455204688000 ended_ns=1790110455205367792 elapsed_us=679 block_gets=0 block_puts=0 deleted=0
checkpoint_phase lsn=17176 phase=row_merge_write slot=0 started_ns=1790110455205372000 ended_ns=1790110455208189042 elapsed_us=2817 block_gets=0 block_puts=0 deleted=0
checkpoint_phase lsn=17176 phase=value_index_schedule slot=0 started_ns=1790110455208207000 ended_ns=1790110455208302458 elapsed_us=95 block_gets=0 block_puts=0 deleted=0
checkpoint_phase lsn=17176 phase=row_merge_write slot=0 started_ns=1790110455208306000 ended_ns=1790110455211061333 elapsed_us=2755 block_gets=0 block_puts=0 deleted=0
checkpoint_phase lsn=17176 phase=value_index_schedule slot=0 started_ns=1790110455211068000 ended_ns=1790110455211145292 elapsed_us=77 block_gets=0 block_puts=0 deleted=0
checkpoint_phase lsn=17176 phase=row_merge_write slot=0 started_ns=1790110455211148000 ended_ns=1790110455213890750 elapsed_us=2742 block_gets=0 block_puts=0 deleted=0
checkpoint_phase lsn=17176 phase=value_index_schedule slot=0 started_ns=1790110455213895000 ended_ns=1790110455213973208 elapsed_us=78 block_gets=0 block_puts=0 deleted=0
checkpoint_phase lsn=17176 phase=row_merge_write slot=0 started_ns=1790110455213976000 ended_ns=1790110455216850875 elapsed_us=2874 block_gets=0 block_puts=0 deleted=0
checkpoint_phase lsn=17176 phase=value_index_schedule slot=0 started_ns=1790110455216864000 ended_ns=1790110455220836917 elapsed_us=3972 block_gets=0 block_puts=1 deleted=0
checkpoint_phase lsn=17176 phase=row_merge_write slot=0 started_ns=1790110455220850000 ended_ns=1790110455223874125 elapsed_us=3024 block_gets=0 block_puts=0 deleted=0
checkpoint_phase lsn=17176 phase=value_index_schedule slot=0 started_ns=1790110455223883000 ended_ns=1790110455224036000 elapsed_us=153 block_gets=0 block_puts=0 deleted=0
checkpoint_phase lsn=17176 phase=row_merge_write slot=0 started_ns=1790110455224039000 ended_ns=1790110455227240209 elapsed_us=3201 block_gets=0 block_puts=0 deleted=0
checkpoint_phase lsn=17176 phase=value_index_schedule slot=0 started_ns=1790110455227256000 ended_ns=1790110455227418334 elapsed_us=162 block_gets=0 block_puts=0 deleted=0
checkpoint_phase lsn=17176 phase=row_merge_write slot=0 started_ns=1790110455227425000 ended_ns=1790110455230396292 elapsed_us=2971 block_gets=0 block_puts=0 deleted=0
checkpoint_phase lsn=17176 phase=value_index_schedule slot=0 started_ns=1790110455230412000 ended_ns=1790110455230785375 elapsed_us=373 block_gets=0 block_puts=0 deleted=0
checkpoint_phase lsn=17176 phase=row_merge_write slot=0 started_ns=1790110455230810000 ended_ns=1790110455233579000 elapsed_us=2769 block_gets=0 block_puts=0 deleted=0
checkpoint_phase lsn=17176 phase=value_index_schedule slot=0 started_ns=1790110455234232000 ended_ns=1790110455241471375 elapsed_us=7239 block_gets=0 block_puts=1 deleted=0
checkpoint_phase lsn=17176 phase=row_merge_write slot=0 started_ns=1790110455241482000 ended_ns=1790110455244323375 elapsed_us=2841 block_gets=0 block_puts=0 deleted=0
checkpoint_phase lsn=17176 phase=value_index_schedule slot=0 started_ns=1790110455244341000 ended_ns=1790110455244365792 elapsed_us=24 block_gets=0 block_puts=0 deleted=0
checkpoint_phase lsn=17176 phase=row_merge_write slot=0 started_ns=1790110455244370000 ended_ns=1790110455247194125 elapsed_us=2824 block_gets=0 block_puts=0 deleted=0
checkpoint_phase lsn=17176 phase=value_index_schedule slot=0 started_ns=1790110455247204000 ended_ns=1790110455261318167 elapsed_us=14114 block_gets=0 block_puts=4 deleted=0
checkpoint_phase lsn=17176 phase=row_merge_write slot=0 started_ns=1790110455261328000 ended_ns=1790110455264172417 elapsed_us=2844 block_gets=0 block_puts=0 deleted=0
checkpoint_phase lsn=17176 phase=value_index_schedule slot=0 started_ns=1790110455264183000 ended_ns=1790110455264183458 elapsed_us=0 block_gets=0 block_puts=0 deleted=0
checkpoint_phase lsn=17176 phase=row_merge_write slot=0 started_ns=1790110455264189000 ended_ns=1790110455267032625 elapsed_us=2843 block_gets=0 block_puts=0 deleted=0
checkpoint_phase lsn=17176 phase=value_index_write slot=0 started_ns=1790110455267044000 ended_ns=1790110455267232042 elapsed_us=188 block_gets=0 block_puts=0 deleted=0
checkpoint_phase lsn=17176 phase=row_merge_write slot=0 started_ns=1790110455267239000 ended_ns=1790110455270014125 elapsed_us=2775 block_gets=0 block_puts=0 deleted=0
checkpoint_phase lsn=17176 phase=value_index_write slot=0 started_ns=1790110455270021000 ended_ns=1790110455270094292 elapsed_us=73 block_gets=0 block_puts=0 deleted=0
checkpoint_phase lsn=17176 phase=row_merge_write slot=0 started_ns=1790110455270097000 ended_ns=1790110455273136667 elapsed_us=3039 block_gets=0 block_puts=0 deleted=0
checkpoint_phase lsn=17176 phase=value_index_write slot=0 started_ns=1790110455273151000 ended_ns=1790110455273227875 elapsed_us=76 block_gets=0 block_puts=0 deleted=0
checkpoint_phase lsn=17176 phase=row_merge_write slot=0 started_ns=1790110455273232000 ended_ns=1790110455276425792 elapsed_us=3193 block_gets=0 block_puts=0 deleted=0
checkpoint_phase lsn=17176 phase=value_index_write slot=0 started_ns=1790110455276445000 ended_ns=1790110455276631125 elapsed_us=186 block_gets=0 block_puts=0 deleted=0
checkpoint_phase lsn=17176 phase=row_merge_write slot=0 started_ns=1790110455276638000 ended_ns=1790110455279732375 elapsed_us=3094 block_gets=0 block_puts=0 deleted=0
checkpoint_phase lsn=17176 phase=value_index_write slot=0 started_ns=1790110455279746000 ended_ns=1790110455279822708 elapsed_us=76 block_gets=0 block_puts=0 deleted=0
checkpoint_phase lsn=17176 phase=row_merge_write slot=0 started_ns=1790110455279829000 ended_ns=1790110455282669916 elapsed_us=2840 block_gets=0 block_puts=0 deleted=0
checkpoint_phase lsn=17176 phase=value_index_write slot=0 started_ns=1790110455282674000 ended_ns=1790110455282748833 elapsed_us=74 block_gets=0 block_puts=0 deleted=0
checkpoint_phase lsn=17176 phase=row_merge_write slot=0 started_ns=1790110455282752000 ended_ns=1790110455285548000 elapsed_us=2796 block_gets=0 block_puts=0 deleted=0
checkpoint_phase lsn=17176 phase=value_index_write slot=0 started_ns=1790110455285556000 ended_ns=1790110455285629667 elapsed_us=73 block_gets=0 block_puts=0 deleted=0
checkpoint_phase lsn=17176 phase=row_merge_write slot=0 started_ns=1790110455285633000 ended_ns=1790110455288697458 elapsed_us=3064 block_gets=0 block_puts=0 deleted=0
checkpoint_phase lsn=17176 phase=value_index_write slot=0 started_ns=1790110455288714000 ended_ns=1790110455296416417 elapsed_us=7702 block_gets=0 block_puts=1 deleted=0
checkpoint_phase lsn=17176 phase=row_merge_write slot=0 started_ns=1790110455296425000 ended_ns=1790110455299679792 elapsed_us=3254 block_gets=0 block_puts=0 deleted=0
checkpoint_phase lsn=17176 phase=value_index_write slot=0 started_ns=1790110455299703000 ended_ns=1790110455309205250 elapsed_us=9502 block_gets=0 block_puts=2 deleted=0
checkpoint_phase lsn=17176 phase=row_merge_write slot=0 started_ns=1790110455309212000 ended_ns=1790110455312204959 elapsed_us=2992 block_gets=0 block_puts=0 deleted=0
checkpoint_phase lsn=17176 phase=row_sst_delta slot=0 started_ns=1790110455312215000 ended_ns=1790110455380188291 elapsed_us=67973 block_gets=0 block_puts=5 deleted=0
checkpoint_phase lsn=17176 phase=row_merge_write slot=0 started_ns=1790110455380198000 ended_ns=1790110455383087209 elapsed_us=2889 block_gets=0 block_puts=0 deleted=0
checkpoint_phase lsn=17176 phase=manifest slot=-1 started_ns=1790110455383095000 ended_ns=1790110455386909125 elapsed_us=3814 block_gets=0 block_puts=0 deleted=0
checkpoint_phase lsn=17176 phase=local_cleanup slot=-1 started_ns=1790110455386919000 ended_ns=1790110455387416750 elapsed_us=497 block_gets=0 block_puts=0 deleted=0
checkpoint_phase lsn=17176 phase=commit_prune slot=-1 started_ns=1790110455490191000 ended_ns=1790110455546557000 elapsed_us=56366 block_gets=0 block_puts=0 deleted=16
checkpoint_phase lsn=17176 phase=commit_prune slot=-1 started_ns=1790110455648736000 ended_ns=1790110455696454750 elapsed_us=47718 block_gets=0 block_puts=0 deleted=16
checkpoint_phase lsn=17176 phase=commit_prune slot=-1 started_ns=1790110455802441000 ended_ns=1790110455807317583 elapsed_us=4876 block_gets=0 block_puts=0 deleted=2
checkpoint_phase lsn=17176 phase=legacy_gc slot=-1 started_ns=1790110455912909000 ended_ns=1790110455919147667 elapsed_us=6238 block_gets=0 block_puts=0 deleted=0
checkpoint_phase lsn=18186 phase=gc_keep slot=-1 started_ns=1790110456023567000 ended_ns=1790110456023867542 elapsed_us=300 block_gets=0 block_puts=0 deleted=0
checkpoint_phase lsn=18186 phase=gc_list slot=-1 started_ns=1790110456023888000 ended_ns=1790110456030720166 elapsed_us=6832 block_gets=0 block_puts=0 deleted=0
checkpoint_phase lsn=18186 phase=gc_delete slot=-1 started_ns=1790110456030731000 ended_ns=1790110456075936750 elapsed_us=45205 block_gets=0 block_puts=0 deleted=16
checkpoint_phase lsn=18388 phase=gc_delete slot=-1 started_ns=1790110456179242000 ended_ns=1790110456182481375 elapsed_us=3239 block_gets=0 block_puts=0 deleted=1
checkpoint_phase lsn=18590 phase=row_merge_write slot=0 started_ns=1790110456292691000 ended_ns=1790110456295860750 elapsed_us=3169 block_gets=0 block_puts=0 deleted=0
checkpoint_phase lsn=18792 phase=value_index_schedule slot=0 started_ns=1790110456402333000 ended_ns=1790110456402339541 elapsed_us=6 block_gets=0 block_puts=0 deleted=0
checkpoint_phase lsn=18792 phase=row_merge_write slot=0 started_ns=1790110456402394000 ended_ns=1790110456405757041 elapsed_us=3363 block_gets=0 block_puts=0 deleted=0
checkpoint_phase lsn=18994 phase=row_merge_write slot=0 started_ns=1790110456512987000 ended_ns=1790110456516007500 elapsed_us=3020 block_gets=0 block_puts=0 deleted=0
checkpoint_phase lsn=19196 phase=value_index_schedule slot=0 started_ns=1790110456624592000 ended_ns=1790110456624599000 elapsed_us=7 block_gets=0 block_puts=0 deleted=0
checkpoint_phase lsn=19196 phase=row_merge_write slot=0 started_ns=1790110456624664000 ended_ns=1790110456627684917 elapsed_us=3020 block_gets=0 block_puts=0 deleted=0
checkpoint_phase lsn=19398 phase=row_merge_write slot=0 started_ns=1790110456738373000 ended_ns=1790110456741227417 elapsed_us=2854 block_gets=0 block_puts=0 deleted=0
checkpoint_phase lsn=19600 phase=value_index_schedule slot=0 started_ns=1790110456848623000 ended_ns=1790110456848629958 elapsed_us=6 block_gets=0 block_puts=0 deleted=0
checkpoint_phase lsn=19600 phase=row_merge_write slot=0 started_ns=1790110456848687000 ended_ns=1790110456851674625 elapsed_us=2987 block_gets=0 block_puts=0 deleted=0
checkpoint_phase lsn=19802 phase=row_merge_write slot=0 started_ns=1790110456963352000 ended_ns=1790110456966594500 elapsed_us=3242 block_gets=0 block_puts=0 deleted=0
checkpoint_phase lsn=20004 phase=value_index_schedule slot=0 started_ns=1790110457073500000 ended_ns=1790110457073506542 elapsed_us=6 block_gets=0 block_puts=0 deleted=0
checkpoint_phase lsn=20004 phase=row_merge_write slot=0 started_ns=1790110457073575000 ended_ns=1790110457076760875 elapsed_us=3185 block_gets=0 block_puts=0 deleted=0
checkpoint_phase lsn=20206 phase=row_merge_write slot=0 started_ns=1790110457190800000 ended_ns=1790110457194405334 elapsed_us=3605 block_gets=0 block_puts=0 deleted=0
checkpoint_phase lsn=20212 phase=value_index_schedule slot=0 started_ns=1790110457943083000 ended_ns=1790110457943170417 elapsed_us=87 block_gets=0 block_puts=0 deleted=0
checkpoint_phase lsn=20218 phase=row_merge_write slot=0 started_ns=1790110458273902000 ended_ns=1790110458276790417 elapsed_us=2888 block_gets=0 block_puts=0 deleted=0
checkpoint_phase lsn=20224 phase=row_merge_write slot=0 started_ns=1790110459280312000 ended_ns=1790110459283385917 elapsed_us=3073 block_gets=0 block_puts=0 deleted=0
checkpoint_phase lsn=20230 phase=value_index_schedule slot=0 started_ns=1790110460135610000 ended_ns=1790110460135696333 elapsed_us=86 block_gets=0 block_puts=0 deleted=0
checkpoint_phase lsn=20236 phase=row_merge_write slot=0 started_ns=1790110460976579000 ended_ns=1790110460980916333 elapsed_us=4337 block_gets=0 block_puts=0 deleted=0
checkpoint_phase lsn=20242 phase=row_merge_write slot=0 started_ns=1790110461857945000 ended_ns=1790110461860801292 elapsed_us=2856 block_gets=0 block_puts=0 deleted=0
checkpoint_phase lsn=20248 phase=value_index_schedule slot=0 started_ns=1790110462782399000 ended_ns=1790110462782486208 elapsed_us=87 block_gets=0 block_puts=0 deleted=0
checkpoint_phase lsn=20254 phase=row_merge_write slot=0 started_ns=1790110463535439000 ended_ns=1790110463538338292 elapsed_us=2899 block_gets=0 block_puts=0 deleted=0
checkpoint_phase lsn=20260 phase=row_merge_write slot=0 started_ns=1790110464299699000 ended_ns=1790110464302537000 elapsed_us=2838 block_gets=0 block_puts=0 deleted=0
checkpoint_phase lsn=20266 phase=value_index_schedule slot=0 started_ns=1790110465075198000 ended_ns=1790110465075285583 elapsed_us=87 block_gets=0 block_puts=0 deleted=0
checkpoint_phase lsn=20272 phase=row_merge_write slot=0 started_ns=1790110465845545000 ended_ns=1790110465848453208 elapsed_us=2908 block_gets=0 block_puts=0 deleted=0
checkpoint_phase lsn=20278 phase=row_merge_write slot=0 started_ns=1790110466632239000 ended_ns=1790110466635146541 elapsed_us=2907 block_gets=0 block_puts=0 deleted=0
checkpoint_phase lsn=20284 phase=value_index_schedule slot=0 started_ns=1790110467493422000 ended_ns=1790110467493508500 elapsed_us=86 block_gets=0 block_puts=0 deleted=0
checkpoint_phase lsn=20284 phase=row_merge_write slot=0 started_ns=1790110467493593000 ended_ns=1790110467497032125 elapsed_us=3439 block_gets=0 block_puts=0 deleted=0
checkpoint_phase lsn=20290 phase=row_merge_write slot=0 started_ns=1790110468419491000 ended_ns=1790110468422342916 elapsed_us=2851 block_gets=0 block_puts=0 deleted=0
checkpoint_phase lsn=20296 phase=value_index_schedule slot=0 started_ns=1790110469336320000 ended_ns=1790110469336405416 elapsed_us=85 block_gets=0 block_puts=0 deleted=0
checkpoint_phase lsn=20302 phase=row_merge_write slot=0 started_ns=1790110470313373000 ended_ns=1790110470315308667 elapsed_us=1935 block_gets=0 block_puts=0 deleted=0
checkpoint_phase lsn=20308 phase=row_merge_write slot=0 started_ns=1790110471307973000 ended_ns=1790110471333012958 elapsed_us=25039 block_gets=0 block_puts=5 deleted=0
checkpoint_phase lsn=20312 phase=value_index_schedule slot=0 started_ns=1790110471588341000 ended_ns=1790110471588344833 elapsed_us=3 block_gets=0 block_puts=0 deleted=0
checkpoint_phase lsn=20312 phase=row_merge_write slot=0 started_ns=1790110471588407000 ended_ns=1790110471606990125 elapsed_us=18583 block_gets=0 block_puts=4 deleted=0
checkpoint_phase lsn=20312 phase=value_index_schedule slot=0 started_ns=1790110471607000000 ended_ns=1790110471607719959 elapsed_us=719 block_gets=0 block_puts=0 deleted=0
checkpoint_phase lsn=20312 phase=row_merge_write slot=0 started_ns=1790110471607741000 ended_ns=1790110471632274750 elapsed_us=24533 block_gets=0 block_puts=4 deleted=0
checkpoint_phase lsn=20312 phase=value_index_schedule slot=0 started_ns=1790110471632286000 ended_ns=1790110471633519542 elapsed_us=1233 block_gets=0 block_puts=0 deleted=0
checkpoint_phase lsn=20312 phase=row_merge_write slot=0 started_ns=1790110471633526000 ended_ns=1790110471655125209 elapsed_us=21599 block_gets=0 block_puts=4 deleted=0
checkpoint_phase lsn=20312 phase=value_index_schedule slot=0 started_ns=1790110471655140000 ended_ns=1790110471656282958 elapsed_us=1142 block_gets=0 block_puts=0 deleted=0
checkpoint_phase lsn=20312 phase=row_merge_write slot=0 started_ns=1790110471656290000 ended_ns=1790110471684135500 elapsed_us=27845 block_gets=0 block_puts=4 deleted=0
checkpoint_phase lsn=20312 phase=value_index_schedule slot=0 started_ns=1790110471684153000 ended_ns=1790110471686769000 elapsed_us=2616 block_gets=0 block_puts=0 deleted=0
checkpoint_phase lsn=20312 phase=row_merge_write slot=0 started_ns=1790110471689370000 ended_ns=1790110471724091875 elapsed_us=34721 block_gets=0 block_puts=4 deleted=0
checkpoint_phase lsn=20312 phase=value_index_schedule slot=0 started_ns=1790110471724107000 ended_ns=1790110471727367375 elapsed_us=3260 block_gets=0 block_puts=0 deleted=0
checkpoint_phase lsn=20312 phase=row_merge_write slot=0 started_ns=1790110471727385000 ended_ns=1790110471745772334 elapsed_us=18387 block_gets=0 block_puts=4 deleted=0
checkpoint_phase lsn=20312 phase=value_index_schedule slot=0 started_ns=1790110471745782000 ended_ns=1790110471745810917 elapsed_us=28 block_gets=0 block_puts=0 deleted=0
checkpoint_phase lsn=20312 phase=row_merge_write slot=0 started_ns=1790110471745818000 ended_ns=1790110471767065750 elapsed_us=21247 block_gets=0 block_puts=4 deleted=0
checkpoint_phase lsn=20312 phase=value_index_schedule slot=0 started_ns=1790110471767074000 ended_ns=1790110471767110500 elapsed_us=36 block_gets=0 block_puts=0 deleted=0
checkpoint_phase lsn=20312 phase=row_merge_write slot=0 started_ns=1790110471767120000 ended_ns=1790110471784212833 elapsed_us=17092 block_gets=0 block_puts=4 deleted=0
checkpoint_phase lsn=20312 phase=value_index_schedule slot=0 started_ns=1790110471784223000 ended_ns=1790110471784260500 elapsed_us=37 block_gets=0 block_puts=0 deleted=0
checkpoint_phase lsn=20312 phase=row_merge_write slot=0 started_ns=1790110471784265000 ended_ns=1790110471802924666 elapsed_us=18659 block_gets=0 block_puts=4 deleted=0
checkpoint_phase lsn=20312 phase=value_index_schedule slot=0 started_ns=1790110471802935000 ended_ns=1790110471808127791 elapsed_us=5192 block_gets=0 block_puts=1 deleted=0
checkpoint_phase lsn=20312 phase=row_merge_write slot=0 started_ns=1790110471808139000 ended_ns=1790110471827965667 elapsed_us=19826 block_gets=0 block_puts=4 deleted=0
checkpoint_phase lsn=20312 phase=value_index_schedule slot=0 started_ns=1790110471827978000 ended_ns=1790110471842255042 elapsed_us=14277 block_gets=0 block_puts=4 deleted=0
checkpoint_phase lsn=20312 phase=row_merge_write slot=0 started_ns=1790110471842264000 ended_ns=1790110471860753709 elapsed_us=18489 block_gets=0 block_puts=4 deleted=0
checkpoint_phase lsn=20312 phase=value_index_schedule slot=0 started_ns=1790110471860764000 ended_ns=1790110471863575542 elapsed_us=2811 block_gets=0 block_puts=0 deleted=0
checkpoint_phase lsn=20312 phase=row_merge_write slot=0 started_ns=1790110471863590000 ended_ns=1790110471880384000 elapsed_us=16794 block_gets=0 block_puts=4 deleted=0
checkpoint_phase lsn=20312 phase=value_index_schedule slot=0 started_ns=1790110471880396000 ended_ns=1790110471883307208 elapsed_us=2911 block_gets=0 block_puts=0 deleted=0
checkpoint_phase lsn=20312 phase=row_merge_write slot=0 started_ns=1790110471883319000 ended_ns=1790110471900989625 elapsed_us=17670 block_gets=0 block_puts=4 deleted=0
checkpoint_phase lsn=20312 phase=value_index_schedule slot=0 started_ns=1790110471901001000 ended_ns=1790110471903856292 elapsed_us=2855 block_gets=0 block_puts=0 deleted=0
checkpoint_phase lsn=20312 phase=row_merge_write slot=0 started_ns=1790110471903914000 ended_ns=1790110471921828083 elapsed_us=17914 block_gets=0 block_puts=4 deleted=0
checkpoint_phase lsn=20312 phase=value_index_schedule slot=0 started_ns=1790110471921840000 ended_ns=1790110471924624750 elapsed_us=2784 block_gets=0 block_puts=0 deleted=0
checkpoint_phase lsn=20312 phase=row_merge_write slot=0 started_ns=1790110471924633000 ended_ns=1790110471941725500 elapsed_us=17092 block_gets=0 block_puts=4 deleted=0
checkpoint_phase lsn=20312 phase=value_index_schedule slot=0 started_ns=1790110471941736000 ended_ns=1790110471943063583 elapsed_us=1327 block_gets=0 block_puts=0 deleted=0
checkpoint_phase lsn=20312 phase=row_merge_write slot=0 started_ns=1790110471943072000 ended_ns=1790110471960583500 elapsed_us=17511 block_gets=0 block_puts=4 deleted=0
checkpoint_phase lsn=20312 phase=value_index_schedule slot=0 started_ns=1790110471960595000 ended_ns=1790110471960623167 elapsed_us=28 block_gets=0 block_puts=0 deleted=0
checkpoint_phase lsn=20312 phase=row_merge_write slot=0 started_ns=1790110471960634000 ended_ns=1790110471978522083 elapsed_us=17888 block_gets=0 block_puts=4 deleted=0
checkpoint_phase lsn=20312 phase=value_index_schedule slot=0 started_ns=1790110471978530000 ended_ns=1790110471978561125 elapsed_us=31 block_gets=0 block_puts=0 deleted=0
checkpoint_phase lsn=20312 phase=row_merge_write slot=0 started_ns=1790110471978565000 ended_ns=1790110471998870125 elapsed_us=20305 block_gets=0 block_puts=4 deleted=0
checkpoint_phase lsn=20312 phase=value_index_schedule slot=0 started_ns=1790110471998879000 ended_ns=1790110471998911750 elapsed_us=32 block_gets=0 block_puts=0 deleted=0
checkpoint_phase lsn=20312 phase=row_merge_write slot=0 started_ns=1790110471998916000 ended_ns=1790110472018098000 elapsed_us=19182 block_gets=0 block_puts=4 deleted=0
checkpoint_phase lsn=20312 phase=value_index_schedule slot=0 started_ns=1790110472018106000 ended_ns=1790110472022734917 elapsed_us=4628 block_gets=0 block_puts=1 deleted=0
checkpoint_phase lsn=20312 phase=row_merge_write slot=0 started_ns=1790110472022742000 ended_ns=1790110472041476084 elapsed_us=18734 block_gets=0 block_puts=4 deleted=0
checkpoint_phase lsn=20312 phase=value_index_schedule slot=0 started_ns=1790110472041486000 ended_ns=1790110472058092458 elapsed_us=16606 block_gets=0 block_puts=4 deleted=0
checkpoint_phase lsn=20312 phase=row_merge_write slot=0 started_ns=1790110472058100000 ended_ns=1790110472075885625 elapsed_us=17785 block_gets=0 block_puts=4 deleted=0
checkpoint_phase lsn=20312 phase=value_index_schedule slot=0 started_ns=1790110472075895000 ended_ns=1790110472076670750 elapsed_us=775 block_gets=0 block_puts=0 deleted=0
checkpoint_phase lsn=20312 phase=row_merge_write slot=0 started_ns=1790110472076682000 ended_ns=1790110472101561000 elapsed_us=24879 block_gets=0 block_puts=4 deleted=0
checkpoint_phase lsn=20312 phase=value_index_schedule slot=0 started_ns=1790110472101574000 ended_ns=1790110472101676209 elapsed_us=102 block_gets=0 block_puts=0 deleted=0
checkpoint_phase lsn=20312 phase=row_merge_write slot=0 started_ns=1790110472101686000 ended_ns=1790110472120348750 elapsed_us=18662 block_gets=0 block_puts=4 deleted=0
checkpoint_phase lsn=20312 phase=value_index_schedule slot=0 started_ns=1790110472120362000 ended_ns=1790110472120458417 elapsed_us=96 block_gets=0 block_puts=0 deleted=0
checkpoint_phase lsn=20312 phase=row_merge_write slot=0 started_ns=1790110472120467000 ended_ns=1790110472143638250 elapsed_us=23171 block_gets=0 block_puts=4 deleted=0
checkpoint_phase lsn=20312 phase=value_index_schedule slot=0 started_ns=1790110472143649000 ended_ns=1790110472143863000 elapsed_us=214 block_gets=0 block_puts=0 deleted=0
checkpoint_phase lsn=20312 phase=row_merge_write slot=0 started_ns=1790110472143868000 ended_ns=1790110472169126625 elapsed_us=25258 block_gets=0 block_puts=4 deleted=0
checkpoint_phase lsn=20312 phase=value_index_schedule slot=0 started_ns=1790110472169139000 ended_ns=1790110472178370208 elapsed_us=9231 block_gets=0 block_puts=1 deleted=0
checkpoint_phase lsn=20312 phase=row_merge_write slot=0 started_ns=1790110472178408000 ended_ns=1790110472210919292 elapsed_us=32511 block_gets=0 block_puts=4 deleted=0
checkpoint_phase lsn=20312 phase=value_index_schedule slot=0 started_ns=1790110472210927000 ended_ns=1790110472211136792 elapsed_us=209 block_gets=0 block_puts=0 deleted=0
checkpoint_phase lsn=20312 phase=row_merge_write slot=0 started_ns=1790110472211141000 ended_ns=1790110472239294583 elapsed_us=28153 block_gets=0 block_puts=4 deleted=0
checkpoint_phase lsn=20312 phase=value_index_schedule slot=0 started_ns=1790110472239306000 ended_ns=1790110472239520042 elapsed_us=214 block_gets=0 block_puts=0 deleted=0
checkpoint_phase lsn=20312 phase=row_merge_write slot=0 started_ns=1790110472239528000 ended_ns=1790110472287057750 elapsed_us=47529 block_gets=0 block_puts=4 deleted=0
checkpoint_phase lsn=20312 phase=value_index_schedule slot=0 started_ns=1790110472287146000 ended_ns=1790110472298215959 elapsed_us=11069 block_gets=0 block_puts=1 deleted=0
checkpoint_phase lsn=20312 phase=row_merge_write slot=0 started_ns=1790110472298246000 ended_ns=1790110472328075667 elapsed_us=29829 block_gets=0 block_puts=4 deleted=0
checkpoint_phase lsn=20312 phase=value_index_schedule slot=0 started_ns=1790110472328121000 ended_ns=1790110472328421334 elapsed_us=300 block_gets=0 block_puts=0 deleted=0
checkpoint_phase lsn=20312 phase=row_merge_write slot=0 started_ns=1790110472328426000 ended_ns=1790110472347128667 elapsed_us=18702 block_gets=0 block_puts=4 deleted=0
checkpoint_phase lsn=20312 phase=value_index_schedule slot=0 started_ns=1790110472347138000 ended_ns=1790110472347189541 elapsed_us=51 block_gets=0 block_puts=0 deleted=0
checkpoint_phase lsn=20312 phase=row_merge_write slot=0 started_ns=1790110472347193000 ended_ns=1790110472365519292 elapsed_us=18326 block_gets=0 block_puts=4 deleted=0
checkpoint_phase lsn=20312 phase=value_index_schedule slot=0 started_ns=1790110472365530000 ended_ns=1790110472380693709 elapsed_us=15163 block_gets=0 block_puts=4 deleted=0
checkpoint_phase lsn=20312 phase=row_merge_write slot=0 started_ns=1790110472380701000 ended_ns=1790110472397766667 elapsed_us=17065 block_gets=0 block_puts=4 deleted=0
checkpoint_phase lsn=20312 phase=value_index_schedule slot=0 started_ns=1790110472397776000 ended_ns=1790110472400393000 elapsed_us=2617 block_gets=0 block_puts=0 deleted=0
checkpoint_phase lsn=20312 phase=row_merge_write slot=0 started_ns=1790110472400398000 ended_ns=1790110472419948125 elapsed_us=19550 block_gets=0 block_puts=4 deleted=0
checkpoint_phase lsn=20312 phase=value_index_schedule slot=0 started_ns=1790110472419956000 ended_ns=1790110472433405917 elapsed_us=13449 block_gets=0 block_puts=4 deleted=0
checkpoint_phase lsn=20312 phase=row_merge_write slot=0 started_ns=1790110472433420000 ended_ns=1790110472450923125 elapsed_us=17503 block_gets=0 block_puts=4 deleted=0
checkpoint_phase lsn=20312 phase=value_index_schedule slot=0 started_ns=1790110472450935000 ended_ns=1790110472450935542 elapsed_us=0 block_gets=0 block_puts=0 deleted=0
checkpoint_phase lsn=20312 phase=row_merge_write slot=0 started_ns=1790110472450939000 ended_ns=1790110472468586083 elapsed_us=17647 block_gets=0 block_puts=4 deleted=0
checkpoint_phase lsn=20312 phase=value_index_schedule slot=0 started_ns=1790110472468596000 ended_ns=1790110472469232583 elapsed_us=636 block_gets=0 block_puts=0 deleted=0
checkpoint_phase lsn=20312 phase=row_merge_write slot=0 started_ns=1790110472469236000 ended_ns=1790110472486563000 elapsed_us=17327 block_gets=0 block_puts=4 deleted=0
checkpoint_phase lsn=20312 phase=value_index_schedule slot=0 started_ns=1790110472486572000 ended_ns=1790110472486789625 elapsed_us=217 block_gets=0 block_puts=0 deleted=0
checkpoint_phase lsn=20312 phase=row_merge_write slot=0 started_ns=1790110472486793000 ended_ns=1790110472502927750 elapsed_us=16134 block_gets=0 block_puts=4 deleted=0
checkpoint_phase lsn=20312 phase=value_index_schedule slot=0 started_ns=1790110472502935000 ended_ns=1790110472503151875 elapsed_us=216 block_gets=0 block_puts=0 deleted=0
checkpoint_phase lsn=20312 phase=row_merge_write slot=0 started_ns=1790110472503168000 ended_ns=1790110472519643083 elapsed_us=16475 block_gets=0 block_puts=4 deleted=0
checkpoint_phase lsn=20312 phase=value_index_schedule slot=0 started_ns=1790110472519651000 ended_ns=1790110472519865916 elapsed_us=214 block_gets=0 block_puts=0 deleted=0
checkpoint_phase lsn=20312 phase=row_merge_write slot=0 started_ns=1790110472519872000 ended_ns=1790110472538229584 elapsed_us=18357 block_gets=0 block_puts=4 deleted=0
checkpoint_phase lsn=20312 phase=value_index_schedule slot=0 started_ns=1790110472538239000 ended_ns=1790110472543462292 elapsed_us=5223 block_gets=0 block_puts=1 deleted=0
checkpoint_phase lsn=20312 phase=row_merge_write slot=0 started_ns=1790110472543472000 ended_ns=1790110472562392458 elapsed_us=18920 block_gets=0 block_puts=4 deleted=0
checkpoint_phase lsn=20312 phase=value_index_schedule slot=0 started_ns=1790110472562403000 ended_ns=1790110472562621834 elapsed_us=218 block_gets=0 block_puts=0 deleted=0
checkpoint_phase lsn=20312 phase=row_merge_write slot=0 started_ns=1790110472562675000 ended_ns=1790110472582576708 elapsed_us=19901 block_gets=0 block_puts=4 deleted=0
checkpoint_phase lsn=20312 phase=value_index_schedule slot=0 started_ns=1790110472582586000 ended_ns=1790110472582811375 elapsed_us=225 block_gets=0 block_puts=0 deleted=0
checkpoint_phase lsn=20312 phase=row_merge_write slot=0 started_ns=1790110472582815000 ended_ns=1790110472600620042 elapsed_us=17805 block_gets=0 block_puts=4 deleted=0
checkpoint_phase lsn=20312 phase=value_index_schedule slot=0 started_ns=1790110472600630000 ended_ns=1790110472605015666 elapsed_us=4385 block_gets=0 block_puts=1 deleted=0
checkpoint_phase lsn=20312 phase=row_merge_write slot=0 started_ns=1790110472605023000 ended_ns=1790110472621602042 elapsed_us=16579 block_gets=0 block_puts=4 deleted=0
checkpoint_phase lsn=20312 phase=value_index_schedule slot=0 started_ns=1790110472621613000 ended_ns=1790110472621796042 elapsed_us=183 block_gets=0 block_puts=0 deleted=0
checkpoint_phase lsn=20312 phase=row_merge_write slot=0 started_ns=1790110472621800000 ended_ns=1790110472639355166 elapsed_us=17555 block_gets=0 block_puts=4 deleted=0
checkpoint_phase lsn=20312 phase=value_index_schedule slot=0 started_ns=1790110472639368000 ended_ns=1790110472639533416 elapsed_us=165 block_gets=0 block_puts=0 deleted=0
checkpoint_phase lsn=20312 phase=row_merge_write slot=0 started_ns=1790110472639540000 ended_ns=1790110472659943167 elapsed_us=20403 block_gets=0 block_puts=4 deleted=0
checkpoint_phase lsn=20312 phase=value_index_schedule slot=0 started_ns=1790110472659956000 ended_ns=1790110472660089542 elapsed_us=133 block_gets=0 block_puts=0 deleted=0
checkpoint_phase lsn=20312 phase=row_merge_write slot=0 started_ns=1790110472660096000 ended_ns=1790110472678907750 elapsed_us=18811 block_gets=0 block_puts=4 deleted=0
checkpoint_phase lsn=20312 phase=value_index_schedule slot=0 started_ns=1790110472678920000 ended_ns=1790110472693314667 elapsed_us=14394 block_gets=0 block_puts=4 deleted=0
checkpoint_phase lsn=20312 phase=row_merge_write slot=0 started_ns=1790110472693323000 ended_ns=1790110472712528000 elapsed_us=19205 block_gets=0 block_puts=4 deleted=0
checkpoint_phase lsn=20312 phase=value_index_schedule slot=0 started_ns=1790110472712543000 ended_ns=1790110472712543458 elapsed_us=0 block_gets=0 block_puts=0 deleted=0
checkpoint_phase lsn=20312 phase=row_merge_write slot=0 started_ns=1790110472712550000 ended_ns=1790110472730604834 elapsed_us=18054 block_gets=0 block_puts=4 deleted=0
checkpoint_phase lsn=20312 phase=value_index_write slot=0 started_ns=1790110472730615000 ended_ns=1790110472730823292 elapsed_us=208 block_gets=0 block_puts=0 deleted=0
checkpoint_phase lsn=20312 phase=row_merge_write slot=0 started_ns=1790110472730830000 ended_ns=1790110472748467959 elapsed_us=17637 block_gets=0 block_puts=4 deleted=0
checkpoint_phase lsn=20312 phase=value_index_write slot=0 started_ns=1790110472748477000 ended_ns=1790110472748551500 elapsed_us=74 block_gets=0 block_puts=0 deleted=0
checkpoint_phase lsn=20312 phase=row_merge_write slot=0 started_ns=1790110472748569000 ended_ns=1790110472766879542 elapsed_us=18310 block_gets=0 block_puts=4 deleted=0
checkpoint_phase lsn=20312 phase=value_index_write slot=0 started_ns=1790110472766889000 ended_ns=1790110472766965750 elapsed_us=76 block_gets=0 block_puts=0 deleted=0
checkpoint_phase lsn=20312 phase=row_merge_write slot=0 started_ns=1790110472766969000 ended_ns=1790110472783013083 elapsed_us=16044 block_gets=0 block_puts=4 deleted=0
checkpoint_phase lsn=20312 phase=value_index_write slot=0 started_ns=1790110472783020000 ended_ns=1790110472783224625 elapsed_us=204 block_gets=0 block_puts=0 deleted=0
checkpoint_phase lsn=20312 phase=row_merge_write slot=0 started_ns=1790110472783228000 ended_ns=1790110472800841416 elapsed_us=17613 block_gets=0 block_puts=4 deleted=0
checkpoint_phase lsn=20312 phase=value_index_write slot=0 started_ns=1790110472800849000 ended_ns=1790110472800925500 elapsed_us=76 block_gets=0 block_puts=0 deleted=0
checkpoint_phase lsn=20312 phase=row_merge_write slot=0 started_ns=1790110472800929000 ended_ns=1790110472817629708 elapsed_us=16700 block_gets=0 block_puts=4 deleted=0
checkpoint_phase lsn=20312 phase=value_index_write slot=0 started_ns=1790110472817641000 ended_ns=1790110472824967167 elapsed_us=7326 block_gets=0 block_puts=1 deleted=0
checkpoint_phase lsn=20312 phase=row_merge_write slot=0 started_ns=1790110472824980000 ended_ns=1790110472842156500 elapsed_us=17176 block_gets=0 block_puts=4 deleted=0
checkpoint_phase lsn=20312 phase=value_index_write slot=0 started_ns=1790110472842168000 ended_ns=1790110472842370166 elapsed_us=202 block_gets=0 block_puts=0 deleted=0
checkpoint_phase lsn=20312 phase=row_merge_write slot=0 started_ns=1790110472842377000 ended_ns=1790110472858972792 elapsed_us=16595 block_gets=0 block_puts=4 deleted=0
checkpoint_phase lsn=20312 phase=value_index_write slot=0 started_ns=1790110472858986000 ended_ns=1790110472859064583 elapsed_us=78 block_gets=0 block_puts=0 deleted=0
checkpoint_phase lsn=20312 phase=row_merge_write slot=0 started_ns=1790110472859070000 ended_ns=1790110472881880167 elapsed_us=22810 block_gets=0 block_puts=6 deleted=0
checkpoint_phase lsn=20312 phase=value_index_write slot=0 started_ns=1790110472881890000 ended_ns=1790110472881967041 elapsed_us=77 block_gets=0 block_puts=0 deleted=0
checkpoint_phase lsn=20312 phase=value_index_write slot=0 started_ns=1790110472881973000 ended_ns=1790110472891988750 elapsed_us=10015 block_gets=0 block_puts=2 deleted=0
checkpoint_phase lsn=20312 phase=value_index_schedule slot=0 started_ns=1790110472891996000 ended_ns=1790110472891999500 elapsed_us=3 block_gets=0 block_puts=0 deleted=0
checkpoint_phase lsn=20312 phase=value_index_schedule slot=0 started_ns=1790110472892003000 ended_ns=1790110472892735958 elapsed_us=732 block_gets=0 block_puts=0 deleted=0
checkpoint_phase lsn=20312 phase=value_index_schedule slot=0 started_ns=1790110472892741000 ended_ns=1790110472893877709 elapsed_us=1136 block_gets=0 block_puts=0 deleted=0
checkpoint_phase lsn=20312 phase=value_index_schedule slot=0 started_ns=1790110472893883000 ended_ns=1790110472894875792 elapsed_us=992 block_gets=0 block_puts=0 deleted=0
checkpoint_phase lsn=20312 phase=value_index_schedule slot=0 started_ns=1790110472894882000 ended_ns=1790110472897350000 elapsed_us=2468 block_gets=0 block_puts=0 deleted=0
checkpoint_phase lsn=20312 phase=value_index_schedule slot=0 started_ns=1790110472897354000 ended_ns=1790110472900131666 elapsed_us=2777 block_gets=0 block_puts=0 deleted=0
checkpoint_phase lsn=20312 phase=value_index_schedule slot=0 started_ns=1790110472900144000 ended_ns=1790110472904084875 elapsed_us=3940 block_gets=0 block_puts=0 deleted=0
checkpoint_phase lsn=20312 phase=value_index_schedule slot=0 started_ns=1790110472904090000 ended_ns=1790110472904117750 elapsed_us=27 block_gets=0 block_puts=0 deleted=0
checkpoint_phase lsn=20312 phase=value_index_schedule slot=0 started_ns=1790110472904122000 ended_ns=1790110472904144875 elapsed_us=22 block_gets=0 block_puts=0 deleted=0
checkpoint_phase lsn=20312 phase=value_index_schedule slot=0 started_ns=1790110472904164000 ended_ns=1790110472904186792 elapsed_us=22 block_gets=0 block_puts=0 deleted=0
checkpoint_phase lsn=20312 phase=value_index_schedule slot=0 started_ns=1790110472904190000 ended_ns=1790110472912085083 elapsed_us=7895 block_gets=0 block_puts=1 deleted=0
checkpoint_phase lsn=20312 phase=value_index_schedule slot=0 started_ns=1790110472912101000 ended_ns=1790110472912132709 elapsed_us=31 block_gets=0 block_puts=0 deleted=0
checkpoint_phase lsn=20312 phase=value_index_schedule slot=0 started_ns=1790110472912139000 ended_ns=1790110472926089791 elapsed_us=13950 block_gets=0 block_puts=4 deleted=0
checkpoint_phase lsn=20312 phase=value_index_schedule slot=0 started_ns=1790110472926101000 ended_ns=1790110472928873042 elapsed_us=2772 block_gets=0 block_puts=0 deleted=0
checkpoint_phase lsn=20312 phase=value_index_schedule slot=0 started_ns=1790110472928879000 ended_ns=1790110472931629916 elapsed_us=2750 block_gets=0 block_puts=0 deleted=0
checkpoint_phase lsn=20312 phase=value_index_schedule slot=0 started_ns=1790110472931637000 ended_ns=1790110472934384750 elapsed_us=2747 block_gets=0 block_puts=0 deleted=0
checkpoint_phase lsn=20312 phase=value_index_schedule slot=0 started_ns=1790110472934397000 ended_ns=1790110472937085292 elapsed_us=2688 block_gets=0 block_puts=0 deleted=0
checkpoint_phase lsn=20312 phase=value_index_schedule slot=0 started_ns=1790110472937094000 ended_ns=1790110472938147250 elapsed_us=1053 block_gets=0 block_puts=0 deleted=0
checkpoint_phase lsn=20312 phase=value_index_schedule slot=0 started_ns=1790110472938152000 ended_ns=1790110472938181000 elapsed_us=29 block_gets=0 block_puts=0 deleted=0
checkpoint_phase lsn=20312 phase=value_index_schedule slot=0 started_ns=1790110472938184000 ended_ns=1790110472938207208 elapsed_us=23 block_gets=0 block_puts=0 deleted=0
checkpoint_phase lsn=20312 phase=value_index_schedule slot=0 started_ns=1790110472938210000 ended_ns=1790110472938233292 elapsed_us=23 block_gets=0 block_puts=0 deleted=0
checkpoint_phase lsn=20312 phase=value_index_schedule slot=0 started_ns=1790110472938236000 ended_ns=1790110472942926875 elapsed_us=4690 block_gets=0 block_puts=1 deleted=0
checkpoint_phase lsn=20312 phase=value_index_schedule slot=0 started_ns=1790110472942934000 ended_ns=1790110472955309625 elapsed_us=12375 block_gets=0 block_puts=4 deleted=0
checkpoint_phase lsn=20312 phase=value_index_schedule slot=0 started_ns=1790110472955318000 ended_ns=1790110472956014208 elapsed_us=696 block_gets=0 block_puts=0 deleted=0
checkpoint_phase lsn=20312 phase=value_index_schedule slot=0 started_ns=1790110472956021000 ended_ns=1790110472956109333 elapsed_us=88 block_gets=0 block_puts=0 deleted=0
checkpoint_phase lsn=20312 phase=value_index_schedule slot=0 started_ns=1790110472956114000 ended_ns=1790110472956191417 elapsed_us=77 block_gets=0 block_puts=0 deleted=0
checkpoint_phase lsn=20312 phase=value_index_schedule slot=0 started_ns=1790110472956197000 ended_ns=1790110472956274417 elapsed_us=77 block_gets=0 block_puts=0 deleted=0
checkpoint_phase lsn=20312 phase=value_index_schedule slot=0 started_ns=1790110472956278000 ended_ns=1790110472961210417 elapsed_us=4932 block_gets=0 block_puts=1 deleted=0
checkpoint_phase lsn=20312 phase=value_index_schedule slot=0 started_ns=1790110472961219000 ended_ns=1790110472961393125 elapsed_us=174 block_gets=0 block_puts=0 deleted=0
checkpoint_phase lsn=20312 phase=value_index_schedule slot=0 started_ns=1790110472961396000 ended_ns=1790110472961563834 elapsed_us=167 block_gets=0 block_puts=0 deleted=0
checkpoint_phase lsn=20312 phase=value_index_schedule slot=0 started_ns=1790110472961567000 ended_ns=1790110472961736541 elapsed_us=169 block_gets=0 block_puts=0 deleted=0
checkpoint_phase lsn=20312 phase=value_index_schedule slot=0 started_ns=1790110472961739000 ended_ns=1790110472967120583 elapsed_us=5381 block_gets=0 block_puts=1 deleted=0
checkpoint_phase lsn=20312 phase=value_index_schedule slot=0 started_ns=1790110472967126000 ended_ns=1790110472967190625 elapsed_us=64 block_gets=0 block_puts=0 deleted=0
checkpoint_phase lsn=20312 phase=value_index_schedule slot=0 started_ns=1790110472967208000 ended_ns=1790110472967239625 elapsed_us=31 block_gets=0 block_puts=0 deleted=0
checkpoint_phase lsn=20312 phase=value_index_schedule slot=0 started_ns=1790110472967243000 ended_ns=1790110472983041500 elapsed_us=15798 block_gets=0 block_puts=4 deleted=0
checkpoint_phase lsn=20312 phase=value_index_schedule slot=0 started_ns=1790110472983052000 ended_ns=1790110472983052292 elapsed_us=0 block_gets=0 block_puts=0 deleted=0
checkpoint_phase lsn=20312 phase=value_index_write slot=0 started_ns=1790110472983056000 ended_ns=1790110472983249416 elapsed_us=193 block_gets=0 block_puts=0 deleted=0
checkpoint_phase lsn=20312 phase=value_index_write slot=0 started_ns=1790110472983255000 ended_ns=1790110472983329500 elapsed_us=74 block_gets=0 block_puts=0 deleted=0
checkpoint_phase lsn=20312 phase=value_index_write slot=0 started_ns=1790110472983332000 ended_ns=1790110472983407042 elapsed_us=75 block_gets=0 block_puts=0 deleted=0
checkpoint_phase lsn=20312 phase=value_index_write slot=0 started_ns=1790110472983410000 ended_ns=1790110472983595583 elapsed_us=185 block_gets=0 block_puts=0 deleted=0
checkpoint_phase lsn=20312 phase=value_index_write slot=0 started_ns=1790110472983601000 ended_ns=1790110472983676083 elapsed_us=75 block_gets=0 block_puts=0 deleted=0
checkpoint_phase lsn=20312 phase=value_index_write slot=0 started_ns=1790110472983679000 ended_ns=1790110472983754042 elapsed_us=75 block_gets=0 block_puts=0 deleted=0
checkpoint_phase lsn=20312 phase=value_index_write slot=0 started_ns=1790110472983758000 ended_ns=1790110472983835166 elapsed_us=77 block_gets=0 block_puts=0 deleted=0
checkpoint_phase lsn=20312 phase=value_index_write slot=0 started_ns=1790110472983838000 ended_ns=1790110472990252916 elapsed_us=6414 block_gets=0 block_puts=1 deleted=0
checkpoint_phase lsn=20312 phase=value_index_write slot=0 started_ns=1790110472990265000 ended_ns=1790110472990338458 elapsed_us=73 block_gets=0 block_puts=0 deleted=0
checkpoint_phase lsn=20312 phase=value_index_write slot=0 started_ns=1790110472990344000 ended_ns=1790110472998996709 elapsed_us=8652 block_gets=0 block_puts=2 deleted=0
checkpoint_phase lsn=20312 phase=value_index_schedule slot=0 started_ns=1790110472999003000 ended_ns=1790110472999006875 elapsed_us=3 block_gets=0 block_puts=0 deleted=0
checkpoint_phase lsn=20312 phase=value_index_schedule slot=0 started_ns=1790110472999011000 ended_ns=1790110472999766208 elapsed_us=755 block_gets=0 block_puts=0 deleted=0
checkpoint_phase lsn=20312 phase=value_index_schedule slot=0 started_ns=1790110472999772000 ended_ns=1790110473001019041 elapsed_us=1247 block_gets=0 block_puts=0 deleted=0
checkpoint_phase lsn=20312 phase=value_index_schedule slot=0 started_ns=1790110473001025000 ended_ns=1790110473002071583 elapsed_us=1046 block_gets=0 block_puts=0 deleted=0
checkpoint_phase lsn=20312 phase=value_index_schedule slot=0 started_ns=1790110473002076000 ended_ns=1790110473004611084 elapsed_us=2535 block_gets=0 block_puts=0 deleted=0
checkpoint_phase lsn=20312 phase=value_index_schedule slot=0 started_ns=1790110473004615000 ended_ns=1790110473007423291 elapsed_us=2808 block_gets=0 block_puts=0 deleted=0
checkpoint_phase lsn=20312 phase=value_index_schedule slot=0 started_ns=1790110473007434000 ended_ns=1790110473011366542 elapsed_us=3932 block_gets=0 block_puts=0 deleted=0
checkpoint_phase lsn=20312 phase=value_index_schedule slot=0 started_ns=1790110473011374000 ended_ns=1790110473011402916 elapsed_us=28 block_gets=0 block_puts=0 deleted=0
checkpoint_phase lsn=20312 phase=value_index_schedule slot=0 started_ns=1790110473011409000 ended_ns=1790110473011432542 elapsed_us=23 block_gets=0 block_puts=0 deleted=0
checkpoint_phase lsn=20312 phase=value_index_schedule slot=0 started_ns=1790110473011439000 ended_ns=1790110473011462417 elapsed_us=23 block_gets=0 block_puts=0 deleted=0
checkpoint_phase lsn=20312 phase=value_index_schedule slot=0 started_ns=1790110473011467000 ended_ns=1790110473015517875 elapsed_us=4050 block_gets=0 block_puts=1 deleted=0
checkpoint_phase lsn=20312 phase=value_index_schedule slot=0 started_ns=1790110473015553000 ended_ns=1790110473015582667 elapsed_us=29 block_gets=0 block_puts=0 deleted=0
checkpoint_phase lsn=20312 phase=value_index_schedule slot=0 started_ns=1790110473015590000 ended_ns=1790110473029476333 elapsed_us=13886 block_gets=0 block_puts=4 deleted=0
checkpoint_phase lsn=20312 phase=value_index_schedule slot=0 started_ns=1790110473029493000 ended_ns=1790110473032340458 elapsed_us=2847 block_gets=0 block_puts=0 deleted=0
checkpoint_phase lsn=20312 phase=value_index_schedule slot=0 started_ns=1790110473032353000 ended_ns=1790110473035167791 elapsed_us=2814 block_gets=0 block_puts=0 deleted=0
checkpoint_phase lsn=20312 phase=value_index_schedule slot=0 started_ns=1790110473035177000 ended_ns=1790110473037950458 elapsed_us=2773 block_gets=0 block_puts=0 deleted=0
checkpoint_phase lsn=20312 phase=value_index_schedule slot=0 started_ns=1790110473037961000 ended_ns=1790110473040774333 elapsed_us=2813 block_gets=0 block_puts=0 deleted=0
checkpoint_phase lsn=20312 phase=value_index_schedule slot=0 started_ns=1790110473040787000 ended_ns=1790110473041913750 elapsed_us=1126 block_gets=0 block_puts=0 deleted=0
checkpoint_phase lsn=20312 phase=value_index_schedule slot=0 started_ns=1790110473041933000 ended_ns=1790110473041963833 elapsed_us=30 block_gets=0 block_puts=0 deleted=0
checkpoint_phase lsn=20312 phase=value_index_schedule slot=0 started_ns=1790110473041968000 ended_ns=1790110473041991542 elapsed_us=23 block_gets=0 block_puts=0 deleted=0
checkpoint_phase lsn=20312 phase=value_index_schedule slot=0 started_ns=1790110473041996000 ended_ns=1790110473042019334 elapsed_us=23 block_gets=0 block_puts=0 deleted=0
checkpoint_phase lsn=20312 phase=value_index_schedule slot=0 started_ns=1790110473042025000 ended_ns=1790110473046489042 elapsed_us=4464 block_gets=0 block_puts=1 deleted=0
checkpoint_phase lsn=20312 phase=value_index_schedule slot=0 started_ns=1790110473046503000 ended_ns=1790110473061366500 elapsed_us=14863 block_gets=0 block_puts=4 deleted=0
checkpoint_phase lsn=20312 phase=value_index_schedule slot=0 started_ns=1790110473061384000 ended_ns=1790110473062085750 elapsed_us=701 block_gets=0 block_puts=0 deleted=0
checkpoint_phase lsn=20312 phase=value_index_schedule slot=0 started_ns=1790110473062091000 ended_ns=1790110473062179917 elapsed_us=88 block_gets=0 block_puts=0 deleted=0
checkpoint_phase lsn=20312 phase=value_index_schedule slot=0 started_ns=1790110473062184000 ended_ns=1790110473062263333 elapsed_us=79 block_gets=0 block_puts=0 deleted=0
checkpoint_phase lsn=20312 phase=value_index_schedule slot=0 started_ns=1790110473062266000 ended_ns=1790110473062344833 elapsed_us=78 block_gets=0 block_puts=0 deleted=0
checkpoint_phase lsn=20312 phase=value_index_schedule slot=0 started_ns=1790110473062351000 ended_ns=1790110473066615791 elapsed_us=4264 block_gets=0 block_puts=1 deleted=0
checkpoint_phase lsn=20312 phase=value_index_schedule slot=0 started_ns=1790110473066623000 ended_ns=1790110473066793708 elapsed_us=170 block_gets=0 block_puts=0 deleted=0
checkpoint_phase lsn=20312 phase=value_index_schedule slot=0 started_ns=1790110473066800000 ended_ns=1790110473066968959 elapsed_us=168 block_gets=0 block_puts=0 deleted=0
checkpoint_phase lsn=20312 phase=value_index_schedule slot=0 started_ns=1790110473066975000 ended_ns=1790110473067163250 elapsed_us=188 block_gets=0 block_puts=0 deleted=0
checkpoint_phase lsn=20312 phase=value_index_schedule slot=0 started_ns=1790110473067186000 ended_ns=1790110473071920208 elapsed_us=4734 block_gets=0 block_puts=1 deleted=0
checkpoint_phase lsn=20312 phase=value_index_schedule slot=0 started_ns=1790110473071929000 ended_ns=1790110473071994000 elapsed_us=65 block_gets=0 block_puts=0 deleted=0
checkpoint_phase lsn=20312 phase=value_index_schedule slot=0 started_ns=1790110473071999000 ended_ns=1790110473072030958 elapsed_us=31 block_gets=0 block_puts=0 deleted=0
checkpoint_phase lsn=20312 phase=value_index_schedule slot=0 started_ns=1790110473072034000 ended_ns=1790110473085523375 elapsed_us=13489 block_gets=0 block_puts=4 deleted=0
checkpoint_phase lsn=20312 phase=value_index_schedule slot=0 started_ns=1790110473085545000 ended_ns=1790110473085545125 elapsed_us=0 block_gets=0 block_puts=0 deleted=0
checkpoint_phase lsn=20312 phase=value_index_write slot=0 started_ns=1790110473085549000 ended_ns=1790110473085738375 elapsed_us=189 block_gets=0 block_puts=0 deleted=0
checkpoint_phase lsn=20312 phase=value_index_write slot=0 started_ns=1790110473085741000 ended_ns=1790110473085814459 elapsed_us=73 block_gets=0 block_puts=0 deleted=0
checkpoint_phase lsn=20312 phase=value_index_write slot=0 started_ns=1790110473085821000 ended_ns=1790110473085894041 elapsed_us=73 block_gets=0 block_puts=0 deleted=0
checkpoint_phase lsn=20312 phase=value_index_write slot=0 started_ns=1790110473085897000 ended_ns=1790110473086082250 elapsed_us=185 block_gets=0 block_puts=0 deleted=0
checkpoint_phase lsn=20312 phase=value_index_write slot=0 started_ns=1790110473086085000 ended_ns=1790110473086159625 elapsed_us=74 block_gets=0 block_puts=0 deleted=0
checkpoint_phase lsn=20312 phase=value_index_write slot=0 started_ns=1790110473086162000 ended_ns=1790110473086236291 elapsed_us=74 block_gets=0 block_puts=0 deleted=0
checkpoint_phase lsn=20312 phase=value_index_write slot=0 started_ns=1790110473086238000 ended_ns=1790110473086312458 elapsed_us=74 block_gets=0 block_puts=0 deleted=0
checkpoint_phase lsn=20312 phase=value_index_write slot=0 started_ns=1790110473086319000 ended_ns=1790110473092961084 elapsed_us=6642 block_gets=0 block_puts=1 deleted=0
checkpoint_phase lsn=20312 phase=value_index_write slot=0 started_ns=1790110473092971000 ended_ns=1790110473093045709 elapsed_us=74 block_gets=0 block_puts=0 deleted=0
checkpoint_phase lsn=20312 phase=value_index_write slot=0 started_ns=1790110473093049000 ended_ns=1790110473102837375 elapsed_us=9788 block_gets=0 block_puts=2 deleted=0
checkpoint_phase lsn=20312 phase=value_index_schedule slot=0 started_ns=1790110473102848000 ended_ns=1790110473102851625 elapsed_us=3 block_gets=0 block_puts=0 deleted=0
checkpoint_phase lsn=20312 phase=value_index_schedule slot=0 started_ns=1790110473102855000 ended_ns=1790110473103642125 elapsed_us=787 block_gets=0 block_puts=0 deleted=0
checkpoint_phase lsn=20312 phase=value_index_schedule slot=0 started_ns=1790110473103649000 ended_ns=1790110473104900750 elapsed_us=1251 block_gets=0 block_puts=0 deleted=0
checkpoint_phase lsn=20312 phase=value_index_schedule slot=0 started_ns=1790110473104907000 ended_ns=1790110473106030291 elapsed_us=1123 block_gets=0 block_puts=0 deleted=0
checkpoint_phase lsn=20312 phase=value_index_schedule slot=0 started_ns=1790110473106037000 ended_ns=1790110473108637500 elapsed_us=2600 block_gets=0 block_puts=0 deleted=0
checkpoint_phase lsn=20312 phase=value_index_schedule slot=0 started_ns=1790110473108650000 ended_ns=1790110473115565958 elapsed_us=6915 block_gets=0 block_puts=0 deleted=0
checkpoint_phase lsn=20312 phase=value_index_schedule slot=0 started_ns=1790110473115574000 ended_ns=1790110473115601708 elapsed_us=27 block_gets=0 block_puts=0 deleted=0
checkpoint_phase lsn=20312 phase=value_index_schedule slot=0 started_ns=1790110473115605000 ended_ns=1790110473115627542 elapsed_us=22 block_gets=0 block_puts=0 deleted=0
checkpoint_phase lsn=20312 phase=value_index_schedule slot=0 started_ns=1790110473115631000 ended_ns=1790110473115653625 elapsed_us=22 block_gets=0 block_puts=0 deleted=0
checkpoint_phase lsn=20312 phase=value_index_schedule slot=0 started_ns=1790110473115657000 ended_ns=1790110473122599542 elapsed_us=6942 block_gets=0 block_puts=1 deleted=0
checkpoint_phase lsn=20312 phase=value_index_schedule slot=0 started_ns=1790110473122611000 ended_ns=1790110473141822708 elapsed_us=19211 block_gets=0 block_puts=4 deleted=0
checkpoint_phase lsn=20312 phase=value_index_schedule slot=0 started_ns=1790110473141841000 ended_ns=1790110473144691000 elapsed_us=2850 block_gets=0 block_puts=0 deleted=0
checkpoint_phase lsn=20312 phase=value_index_schedule slot=0 started_ns=1790110473144704000 ended_ns=1790110473147539625 elapsed_us=2835 block_gets=0 block_puts=0 deleted=0
checkpoint_phase lsn=20312 phase=value_index_schedule slot=0 started_ns=1790110473147567000 ended_ns=1790110473150286125 elapsed_us=2719 block_gets=0 block_puts=0 deleted=0
checkpoint_phase lsn=20312 phase=value_index_schedule slot=0 started_ns=1790110473150292000 ended_ns=1790110473153016000 elapsed_us=2724 block_gets=0 block_puts=0 deleted=0
checkpoint_phase lsn=20312 phase=value_index_schedule slot=0 started_ns=1790110473155174000 ended_ns=1790110473156641250 elapsed_us=1467 block_gets=0 block_puts=0 deleted=0
checkpoint_phase lsn=20312 phase=value_index_schedule slot=0 started_ns=1790110473156650000 ended_ns=1790110473156678833 elapsed_us=28 block_gets=0 block_puts=0 deleted=0
checkpoint_phase lsn=20312 phase=value_index_schedule slot=0 started_ns=1790110473156686000 ended_ns=1790110473156708792 elapsed_us=22 block_gets=0 block_puts=0 deleted=0
checkpoint_phase lsn=20312 phase=value_index_schedule slot=0 started_ns=1790110473156714000 ended_ns=1790110473156737041 elapsed_us=23 block_gets=0 block_puts=0 deleted=0
checkpoint_phase lsn=20312 phase=value_index_schedule slot=0 started_ns=1790110473156742000 ended_ns=1790110473161817709 elapsed_us=5075 block_gets=0 block_puts=1 deleted=0
checkpoint_phase lsn=20312 phase=value_index_schedule slot=0 started_ns=1790110473161832000 ended_ns=1790110473174092958 elapsed_us=12260 block_gets=0 block_puts=4 deleted=0
checkpoint_phase lsn=20312 phase=value_index_schedule slot=0 started_ns=1790110473174104000 ended_ns=1790110473174681417 elapsed_us=577 block_gets=0 block_puts=0 deleted=0
checkpoint_phase lsn=20312 phase=value_index_schedule slot=0 started_ns=1790110473174686000 ended_ns=1790110473174840709 elapsed_us=154 block_gets=0 block_puts=0 deleted=0
checkpoint_phase lsn=20312 phase=value_index_schedule slot=0 started_ns=1790110473174848000 ended_ns=1790110473174990583 elapsed_us=142 block_gets=0 block_puts=0 deleted=0
checkpoint_phase lsn=20312 phase=value_index_schedule slot=0 started_ns=1790110473175001000 ended_ns=1790110473175243583 elapsed_us=242 block_gets=0 block_puts=0 deleted=0
checkpoint_phase lsn=20312 phase=value_index_schedule slot=0 started_ns=1790110473175249000 ended_ns=1790110473179344375 elapsed_us=4095 block_gets=0 block_puts=1 deleted=0
checkpoint_phase lsn=20312 phase=value_index_schedule slot=0 started_ns=1790110473179349000 ended_ns=1790110473179611584 elapsed_us=262 block_gets=0 block_puts=0 deleted=0
checkpoint_phase lsn=20312 phase=value_index_schedule slot=0 started_ns=1790110473179618000 ended_ns=1790110473179866167 elapsed_us=248 block_gets=0 block_puts=0 deleted=0
checkpoint_phase lsn=20312 phase=value_index_schedule slot=0 started_ns=1790110473179870000 ended_ns=1790110473185636792 elapsed_us=5766 block_gets=0 block_puts=1 deleted=0
checkpoint_phase lsn=20312 phase=value_index_schedule slot=0 started_ns=1790110473190133000 ended_ns=1790110473190409084 elapsed_us=276 block_gets=0 block_puts=0 deleted=0
checkpoint_phase lsn=20312 phase=value_index_schedule slot=0 started_ns=1790110473190416000 ended_ns=1790110473190445625 elapsed_us=29 block_gets=0 block_puts=0 deleted=0
checkpoint_phase lsn=20312 phase=value_index_schedule slot=0 started_ns=1790110473190454000 ended_ns=1790110473206370750 elapsed_us=15916 block_gets=0 block_puts=4 deleted=0
checkpoint_phase lsn=20312 phase=value_index_schedule slot=0 started_ns=1790110473206385000 ended_ns=1790110473209139417 elapsed_us=2754 block_gets=0 block_puts=0 deleted=0
checkpoint_phase lsn=20312 phase=value_index_schedule slot=0 started_ns=1790110473209150000 ended_ns=1790110473209439417 elapsed_us=289 block_gets=0 block_puts=0 deleted=0
checkpoint_phase lsn=20312 phase=value_index_schedule slot=0 started_ns=1790110473209447000 ended_ns=1790110473209476625 elapsed_us=29 block_gets=0 block_puts=0 deleted=0
checkpoint_phase lsn=20312 phase=value_index_schedule slot=0 started_ns=1790110473209484000 ended_ns=1790110473236048667 elapsed_us=26564 block_gets=0 block_puts=4 deleted=0
checkpoint_phase lsn=20312 phase=value_index_schedule slot=0 started_ns=1790110473236068000 ended_ns=1790110473236068250 elapsed_us=0 block_gets=0 block_puts=0 deleted=0
checkpoint_phase lsn=20312 phase=value_index_schedule slot=0 started_ns=1790110473236103000 ended_ns=1790110473236281708 elapsed_us=178 block_gets=0 block_puts=0 deleted=0
checkpoint_phase lsn=20312 phase=value_index_schedule slot=0 started_ns=1790110473236289000 ended_ns=1790110473236589417 elapsed_us=300 block_gets=0 block_puts=0 deleted=0
checkpoint_phase lsn=20312 phase=value_index_schedule slot=0 started_ns=1790110473236594000 ended_ns=1790110473236876959 elapsed_us=282 block_gets=0 block_puts=0 deleted=0
checkpoint_phase lsn=20312 phase=value_index_schedule slot=0 started_ns=1790110473236881000 ended_ns=1790110473237161750 elapsed_us=280 block_gets=0 block_puts=0 deleted=0
checkpoint_phase lsn=20312 phase=value_index_schedule slot=0 started_ns=1790110473237242000 ended_ns=1790110473243892292 elapsed_us=6650 block_gets=0 block_puts=1 deleted=0
checkpoint_phase lsn=20312 phase=value_index_schedule slot=0 started_ns=1790110473249007000 ended_ns=1790110473249310084 elapsed_us=303 block_gets=0 block_puts=0 deleted=0
checkpoint_phase lsn=20312 phase=value_index_schedule slot=0 started_ns=1790110473249322000 ended_ns=1790110473249600084 elapsed_us=278 block_gets=0 block_puts=0 deleted=0
checkpoint_phase lsn=20312 phase=value_index_schedule slot=0 started_ns=1790110473249605000 ended_ns=1790110473257763792 elapsed_us=8158 block_gets=0 block_puts=1 deleted=0
checkpoint_phase lsn=20312 phase=value_index_schedule slot=0 started_ns=1790110473263011000 ended_ns=1790110473263254417 elapsed_us=243 block_gets=0 block_puts=0 deleted=0
checkpoint_phase lsn=20312 phase=value_index_schedule slot=0 started_ns=1790110473263442000 ended_ns=1790110473263591125 elapsed_us=149 block_gets=0 block_puts=0 deleted=0
checkpoint_phase lsn=20312 phase=value_index_schedule slot=0 started_ns=1790110473263600000 ended_ns=1790110473275340625 elapsed_us=11740 block_gets=0 block_puts=1 deleted=0
checkpoint_phase lsn=20312 phase=value_index_schedule slot=0 started_ns=1790110473275487000 ended_ns=1790110473294668542 elapsed_us=19181 block_gets=0 block_puts=4 deleted=0
checkpoint_phase lsn=20312 phase=value_index_schedule slot=0 started_ns=1790110473294680000 ended_ns=1790110473294680500 elapsed_us=0 block_gets=0 block_puts=0 deleted=0
checkpoint_phase lsn=20312 phase=value_index_write slot=0 started_ns=1790110473294686000 ended_ns=1790110473294959417 elapsed_us=273 block_gets=0 block_puts=0 deleted=0
checkpoint_phase lsn=20312 phase=value_index_write slot=0 started_ns=1790110473298002000 ended_ns=1790110473298163833 elapsed_us=161 block_gets=0 block_puts=0 deleted=0
checkpoint_phase lsn=20312 phase=value_index_write slot=0 started_ns=1790110473298412000 ended_ns=1790110473298553708 elapsed_us=141 block_gets=0 block_puts=0 deleted=0
checkpoint_phase lsn=20312 phase=value_index_write slot=0 started_ns=1790110473298560000 ended_ns=1790110473298829541 elapsed_us=269 block_gets=0 block_puts=0 deleted=0
checkpoint_phase lsn=20312 phase=value_index_write slot=0 started_ns=1790110473301995000 ended_ns=1790110473302140750 elapsed_us=145 block_gets=0 block_puts=0 deleted=0
checkpoint_phase lsn=20312 phase=value_index_write slot=0 started_ns=1790110473302423000 ended_ns=1790110473314196166 elapsed_us=11773 block_gets=0 block_puts=1 deleted=0
checkpoint_phase lsn=20312 phase=value_index_write slot=0 started_ns=1790110473314207000 ended_ns=1790110473314484541 elapsed_us=277 block_gets=0 block_puts=0 deleted=0
checkpoint_phase lsn=20312 phase=value_index_write slot=0 started_ns=1790110473314488000 ended_ns=1790110473314640625 elapsed_us=152 block_gets=0 block_puts=0 deleted=0
checkpoint_phase lsn=20312 phase=value_index_write slot=0 started_ns=1790110473314645000 ended_ns=1790110473314798208 elapsed_us=153 block_gets=0 block_puts=0 deleted=0
checkpoint_phase lsn=20312 phase=value_index_write slot=0 started_ns=1790110473314803000 ended_ns=1790110473328081208 elapsed_us=13278 block_gets=0 block_puts=2 deleted=0
checkpoint_phase lsn=20312 phase=value_index_schedule slot=0 started_ns=1790110473328094000 ended_ns=1790110473328097875 elapsed_us=3 block_gets=0 block_puts=0 deleted=0
checkpoint_phase lsn=20312 phase=value_index_schedule slot=0 started_ns=1790110473328123000 ended_ns=1790110473328923500 elapsed_us=800 block_gets=0 block_puts=0 deleted=0
checkpoint_phase lsn=20312 phase=value_index_schedule slot=0 started_ns=1790110473328939000 ended_ns=1790110473330180958 elapsed_us=1241 block_gets=0 block_puts=0 deleted=0
checkpoint_phase lsn=20312 phase=value_index_schedule slot=0 started_ns=1790110473332988000 ended_ns=1790110473334228083 elapsed_us=1240 block_gets=0 block_puts=0 deleted=0
checkpoint_phase lsn=20312 phase=value_index_schedule slot=0 started_ns=1790110473334249000 ended_ns=1790110473336743084 elapsed_us=2494 block_gets=0 block_puts=0 deleted=0
checkpoint_phase lsn=20312 phase=value_index_schedule slot=0 started_ns=1790110473338003000 ended_ns=1790110473347669625 elapsed_us=9666 block_gets=0 block_puts=0 deleted=0
checkpoint_phase lsn=20312 phase=value_index_schedule slot=0 started_ns=1790110473347681000 ended_ns=1790110473347709417 elapsed_us=28 block_gets=0 block_puts=0 deleted=0
checkpoint_phase lsn=20312 phase=value_index_schedule slot=0 started_ns=1790110473347715000 ended_ns=1790110473347737917 elapsed_us=22 block_gets=0 block_puts=0 deleted=0
checkpoint_phase lsn=20312 phase=value_index_schedule slot=0 started_ns=1790110473347743000 ended_ns=1790110473347765959 elapsed_us=22 block_gets=0 block_puts=0 deleted=0
checkpoint_phase lsn=20312 phase=value_index_schedule slot=0 started_ns=1790110473347769000 ended_ns=1790110473361468791 elapsed_us=13699 block_gets=0 block_puts=1 deleted=0
checkpoint_phase lsn=20312 phase=value_index_schedule slot=0 started_ns=1790110473361482000 ended_ns=1790110473383567500 elapsed_us=22085 block_gets=0 block_puts=4 deleted=0
checkpoint_phase lsn=20312 phase=value_index_schedule slot=0 started_ns=1790110473383818000 ended_ns=1790110473386731750 elapsed_us=2913 block_gets=0 block_puts=0 deleted=0
checkpoint_phase lsn=20312 phase=value_index_schedule slot=0 started_ns=1790110473390001000 ended_ns=1790110473392921958 elapsed_us=2920 block_gets=0 block_puts=0 deleted=0
checkpoint_phase lsn=20312 phase=value_index_schedule slot=0 started_ns=1790110473392944000 ended_ns=1790110473395731083 elapsed_us=2787 block_gets=0 block_puts=0 deleted=0
checkpoint_phase lsn=20312 phase=value_index_schedule slot=0 started_ns=1790110473395742000 ended_ns=1790110473398478000 elapsed_us=2736 block_gets=0 block_puts=0 deleted=0
checkpoint_phase lsn=20312 phase=value_index_schedule slot=0 started_ns=1790110473401015000 ended_ns=1790110473402549500 elapsed_us=1534 block_gets=0 block_puts=0 deleted=0
checkpoint_phase lsn=20312 phase=value_index_schedule slot=0 started_ns=1790110473402558000 ended_ns=1790110473402586167 elapsed_us=28 block_gets=0 block_puts=0 deleted=0
checkpoint_phase lsn=20312 phase=value_index_schedule slot=0 started_ns=1790110473402746000 ended_ns=1790110473402775125 elapsed_us=29 block_gets=0 block_puts=0 deleted=0
checkpoint_phase lsn=20312 phase=value_index_schedule slot=0 started_ns=1790110473402782000 ended_ns=1790110473402806333 elapsed_us=24 block_gets=0 block_puts=0 deleted=0
checkpoint_phase lsn=20312 phase=value_index_schedule slot=0 started_ns=1790110473402811000 ended_ns=1790110473410253292 elapsed_us=7442 block_gets=0 block_puts=1 deleted=0
checkpoint_phase lsn=20312 phase=value_index_schedule slot=0 started_ns=1790110473410433000 ended_ns=1790110473433641583 elapsed_us=23208 block_gets=0 block_puts=4 deleted=0
checkpoint_phase lsn=20312 phase=value_index_schedule slot=0 started_ns=1790110473433653000 ended_ns=1790110473434232542 elapsed_us=579 block_gets=0 block_puts=0 deleted=0
checkpoint_phase lsn=20312 phase=value_index_schedule slot=0 started_ns=1790110473436179000 ended_ns=1790110473436422041 elapsed_us=243 block_gets=0 block_puts=0 deleted=0
checkpoint_phase lsn=20312 phase=value_index_schedule slot=0 started_ns=1790110473436431000 ended_ns=1790110473436638708 elapsed_us=207 block_gets=0 block_puts=0 deleted=0
checkpoint_phase lsn=20312 phase=value_index_schedule slot=0 started_ns=1790110473436643000 ended_ns=1790110473436959459 elapsed_us=316 block_gets=0 block_puts=0 deleted=0
checkpoint_phase lsn=20312 phase=value_index_schedule slot=0 started_ns=1790110473436991000 ended_ns=1790110473441368084 elapsed_us=4377 block_gets=0 block_puts=1 deleted=0
checkpoint_phase lsn=20312 phase=value_index_schedule slot=0 started_ns=1790110473441375000 ended_ns=1790110473441688000 elapsed_us=313 block_gets=0 block_puts=0 deleted=0
checkpoint_phase lsn=20312 phase=value_index_schedule slot=0 started_ns=1790110473441694000 ended_ns=1790110473442027833 elapsed_us=333 block_gets=0 block_puts=0 deleted=0
checkpoint_phase lsn=20312 phase=value_index_schedule slot=0 started_ns=1790110473442038000 ended_ns=1790110473447030000 elapsed_us=4992 block_gets=0 block_puts=1 deleted=0
checkpoint_phase lsn=20312 phase=value_index_schedule slot=0 started_ns=1790110473447040000 ended_ns=1790110473447308750 elapsed_us=268 block_gets=0 block_puts=0 deleted=0
checkpoint_phase lsn=20312 phase=value_index_schedule slot=0 started_ns=1790110473450992000 ended_ns=1790110473451020042 elapsed_us=28 block_gets=0 block_puts=0 deleted=0
checkpoint_phase lsn=20312 phase=value_index_schedule slot=0 started_ns=1790110473451028000 ended_ns=1790110473472731042 elapsed_us=21703 block_gets=0 block_puts=4 deleted=0
checkpoint_phase lsn=20312 phase=value_index_schedule slot=0 started_ns=1790110473472740000 ended_ns=1790110473475615292 elapsed_us=2875 block_gets=0 block_puts=0 deleted=0
checkpoint_phase lsn=20312 phase=value_index_schedule slot=0 started_ns=1790110473476054000 ended_ns=1790110473476589875 elapsed_us=535 block_gets=0 block_puts=0 deleted=0
checkpoint_phase lsn=20312 phase=value_index_schedule slot=0 started_ns=1790110473476595000 ended_ns=1790110473476623042 elapsed_us=28 block_gets=0 block_puts=0 deleted=0
checkpoint_phase lsn=20312 phase=value_index_schedule slot=0 started_ns=1790110473476628000 ended_ns=1790110473497613208 elapsed_us=20985 block_gets=0 block_puts=4 deleted=0
checkpoint_phase lsn=20312 phase=value_index_schedule slot=0 started_ns=1790110473497621000 ended_ns=1790110473497621208 elapsed_us=0 block_gets=0 block_puts=0 deleted=0
checkpoint_phase lsn=20312 phase=value_index_schedule slot=0 started_ns=1790110473497624000 ended_ns=1790110473497798209 elapsed_us=174 block_gets=0 block_puts=0 deleted=0
checkpoint_phase lsn=20312 phase=value_index_schedule slot=0 started_ns=1790110473501050000 ended_ns=1790110473501395708 elapsed_us=345 block_gets=0 block_puts=0 deleted=0
checkpoint_phase lsn=20312 phase=value_index_schedule slot=0 started_ns=1790110473501406000 ended_ns=1790110473501738792 elapsed_us=332 block_gets=0 block_puts=0 deleted=0
checkpoint_phase lsn=20312 phase=value_index_schedule slot=0 started_ns=1790110473505006000 ended_ns=1790110473505360125 elapsed_us=354 block_gets=0 block_puts=0 deleted=0
checkpoint_phase lsn=20312 phase=value_index_schedule slot=0 started_ns=1790110473505371000 ended_ns=1790110473516401042 elapsed_us=11030 block_gets=0 block_puts=1 deleted=0
checkpoint_phase lsn=20312 phase=value_index_schedule slot=0 started_ns=1790110473516450000 ended_ns=1790110473516790125 elapsed_us=340 block_gets=0 block_puts=0 deleted=0
checkpoint_phase lsn=20312 phase=value_index_schedule slot=0 started_ns=1790110473516797000 ended_ns=1790110473517130750 elapsed_us=333 block_gets=0 block_puts=0 deleted=0
checkpoint_phase lsn=20312 phase=value_index_schedule slot=0 started_ns=1790110473520040000 ended_ns=1790110473528751709 elapsed_us=8711 block_gets=0 block_puts=1 deleted=0
checkpoint_phase lsn=20312 phase=value_index_schedule slot=0 started_ns=1790110473528761000 ended_ns=1790110473529045959 elapsed_us=284 block_gets=0 block_puts=0 deleted=0
checkpoint_phase lsn=20312 phase=value_index_schedule slot=0 started_ns=1790110473531973000 ended_ns=1790110473532144666 elapsed_us=171 block_gets=0 block_puts=0 deleted=0
checkpoint_phase lsn=20312 phase=value_index_schedule slot=0 started_ns=1790110473532156000 ended_ns=1790110473542198083 elapsed_us=10042 block_gets=0 block_puts=1 deleted=0
checkpoint_phase lsn=20312 phase=value_index_schedule slot=0 started_ns=1790110473542383000 ended_ns=1790110473559785042 elapsed_us=17402 block_gets=0 block_puts=4 deleted=0
checkpoint_phase lsn=20312 phase=value_index_schedule slot=0 started_ns=1790110473565018000 ended_ns=1790110473565018417 elapsed_us=0 block_gets=0 block_puts=0 deleted=0
checkpoint_phase lsn=20312 phase=value_index_write slot=0 started_ns=1790110473565032000 ended_ns=1790110473596105375 elapsed_us=31073 block_gets=0 block_puts=4 deleted=0
checkpoint_phase lsn=20312 phase=value_index_write slot=0 started_ns=1790110473596118000 ended_ns=1790110473613631500 elapsed_us=17513 block_gets=0 block_puts=4 deleted=0
checkpoint_phase lsn=20312 phase=value_index_write slot=0 started_ns=1790110473613642000 ended_ns=1790110473638096708 elapsed_us=24454 block_gets=0 block_puts=4 deleted=0
checkpoint_phase lsn=20312 phase=value_index_write slot=0 started_ns=1790110473638376000 ended_ns=1790110473653798666 elapsed_us=15422 block_gets=0 block_puts=4 deleted=0
checkpoint_phase lsn=20312 phase=value_index_write slot=0 started_ns=1790110473653808000 ended_ns=1790110473677732458 elapsed_us=23924 block_gets=0 block_puts=4 deleted=0
checkpoint_phase lsn=20312 phase=value_index_write slot=0 started_ns=1790110473677748000 ended_ns=1790110473691433792 elapsed_us=13685 block_gets=0 block_puts=4 deleted=0
checkpoint_phase lsn=20312 phase=value_index_write slot=0 started_ns=1790110473691449000 ended_ns=1790110473713949791 elapsed_us=22500 block_gets=0 block_puts=4 deleted=0
checkpoint_phase lsn=20312 phase=value_index_write slot=0 started_ns=1790110473713966000 ended_ns=1790110473736366625 elapsed_us=22400 block_gets=0 block_puts=4 deleted=0
checkpoint_phase lsn=20312 phase=value_index_write slot=0 started_ns=1790110473736377000 ended_ns=1790110473757152209 elapsed_us=20775 block_gets=0 block_puts=4 deleted=0
checkpoint_phase lsn=20312 phase=value_index_write slot=0 started_ns=1790110473757276000 ended_ns=1790110473783872709 elapsed_us=26596 block_gets=0 block_puts=4 deleted=0
checkpoint_phase lsn=20312 phase=value_index_write slot=0 started_ns=1790110473783884000 ended_ns=1790110473805758333 elapsed_us=21874 block_gets=0 block_puts=4 deleted=0
checkpoint_phase lsn=20312 phase=value_index_write slot=0 started_ns=1790110473805771000 ended_ns=1790110473831423375 elapsed_us=25652 block_gets=0 block_puts=4 deleted=0
checkpoint_phase lsn=20312 phase=value_index_write slot=0 started_ns=1790110473831442000 ended_ns=1790110473856654542 elapsed_us=25212 block_gets=0 block_puts=4 deleted=0
checkpoint_phase lsn=20312 phase=value_index_write slot=0 started_ns=1790110473856666000 ended_ns=1790110473885937958 elapsed_us=29271 block_gets=0 block_puts=4 deleted=0
checkpoint_phase lsn=20312 phase=value_index_write slot=0 started_ns=1790110473889003000 ended_ns=1790110473916839209 elapsed_us=27836 block_gets=0 block_puts=5 deleted=0
checkpoint_phase lsn=20312 phase=value_index_schedule slot=0 started_ns=1790110473916853000 ended_ns=1790110473916856459 elapsed_us=3 block_gets=0 block_puts=0 deleted=0
checkpoint_phase lsn=20312 phase=value_index_schedule slot=0 started_ns=1790110473916862000 ended_ns=1790110473917687208 elapsed_us=825 block_gets=0 block_puts=0 deleted=0
checkpoint_phase lsn=20312 phase=value_index_schedule slot=0 started_ns=1790110473917697000 ended_ns=1790110473919056000 elapsed_us=1359 block_gets=0 block_puts=0 deleted=0
checkpoint_phase lsn=20312 phase=value_index_schedule slot=0 started_ns=1790110473919064000 ended_ns=1790110473920289417 elapsed_us=1225 block_gets=0 block_puts=0 deleted=0
checkpoint_phase lsn=20312 phase=value_index_schedule slot=0 started_ns=1790110473920300000 ended_ns=1790110473931492458 elapsed_us=11192 block_gets=0 block_puts=0 deleted=0
checkpoint_phase lsn=20312 phase=value_index_schedule slot=0 started_ns=1790110473931519000 ended_ns=1790110473931548958 elapsed_us=29 block_gets=0 block_puts=0 deleted=0
checkpoint_phase lsn=20312 phase=value_index_schedule slot=0 started_ns=1790110473931553000 ended_ns=1790110473931574750 elapsed_us=21 block_gets=0 block_puts=0 deleted=0
checkpoint_phase lsn=20312 phase=value_index_schedule slot=0 started_ns=1790110473931607000 ended_ns=1790110473936757209 elapsed_us=5150 block_gets=0 block_puts=1 deleted=0
checkpoint_phase lsn=20312 phase=value_index_schedule slot=0 started_ns=1790110473936766000 ended_ns=1790110473950082500 elapsed_us=13316 block_gets=0 block_puts=4 deleted=0
checkpoint_phase lsn=20312 phase=value_index_schedule slot=0 started_ns=1790110473950092000 ended_ns=1790110473952897417 elapsed_us=2805 block_gets=0 block_puts=0 deleted=0
checkpoint_phase lsn=20312 phase=value_index_schedule slot=0 started_ns=1790110473952902000 ended_ns=1790110473955705875 elapsed_us=2803 block_gets=0 block_puts=0 deleted=0
checkpoint_phase lsn=20312 phase=value_index_schedule slot=0 started_ns=1790110473955712000 ended_ns=1790110473958470792 elapsed_us=2758 block_gets=0 block_puts=0 deleted=0
checkpoint_phase lsn=20312 phase=value_index_schedule slot=0 started_ns=1790110473958477000 ended_ns=1790110473960445792 elapsed_us=1968 block_gets=0 block_puts=0 deleted=0
checkpoint_phase lsn=20312 phase=value_index_schedule slot=0 started_ns=1790110473960469000 ended_ns=1790110473960494416 elapsed_us=25 block_gets=0 block_puts=0 deleted=0
checkpoint_phase lsn=20312 phase=value_index_schedule slot=0 started_ns=1790110473960500000 ended_ns=1790110473960520750 elapsed_us=20 block_gets=0 block_puts=0 deleted=0
checkpoint_phase lsn=20312 phase=value_index_schedule slot=0 started_ns=1790110473960525000 ended_ns=1790110473965820583 elapsed_us=5295 block_gets=0 block_puts=1 deleted=0
checkpoint_phase lsn=20312 phase=value_index_schedule slot=0 started_ns=1790110473965834000 ended_ns=1790110473978486209 elapsed_us=12652 block_gets=0 block_puts=4 deleted=0
checkpoint_phase lsn=20312 phase=value_index_schedule slot=0 started_ns=1790110473978499000 ended_ns=1790110473979288708 elapsed_us=789 block_gets=0 block_puts=0 deleted=0
checkpoint_phase lsn=20312 phase=value_index_schedule slot=0 started_ns=1790110473979311000 ended_ns=1790110473979615084 elapsed_us=304 block_gets=0 block_puts=0 deleted=0
checkpoint_phase lsn=20312 phase=value_index_schedule slot=0 started_ns=1790110473979620000 ended_ns=1790110473980059458 elapsed_us=439 block_gets=0 block_puts=0 deleted=0
checkpoint_phase lsn=20312 phase=value_index_schedule slot=0 started_ns=1790110473980064000 ended_ns=1790110473985549042 elapsed_us=5485 block_gets=0 block_puts=1 deleted=0
checkpoint_phase lsn=20312 phase=value_index_schedule slot=0 started_ns=1790110473985556000 ended_ns=1790110473986025958 elapsed_us=469 block_gets=0 block_puts=0 deleted=0
checkpoint_phase lsn=20312 phase=value_index_schedule slot=0 started_ns=1790110473986030000 ended_ns=1790110473986519417 elapsed_us=489 block_gets=0 block_puts=0 deleted=0
checkpoint_phase lsn=20312 phase=value_index_schedule slot=0 started_ns=1790110473986524000 ended_ns=1790110473991829416 elapsed_us=5305 block_gets=0 block_puts=1 deleted=0
checkpoint_phase lsn=20312 phase=value_index_schedule slot=0 started_ns=1790110473991836000 ended_ns=1790110473992010208 elapsed_us=174 block_gets=0 block_puts=0 deleted=0
checkpoint_phase lsn=20312 phase=value_index_schedule slot=0 started_ns=1790110473992015000 ended_ns=1790110474004147583 elapsed_us=12132 block_gets=0 block_puts=4 deleted=0
checkpoint_phase lsn=20312 phase=value_index_schedule slot=0 started_ns=1790110474004154000 ended_ns=1790110474006932084 elapsed_us=2778 block_gets=0 block_puts=0 deleted=0
checkpoint_phase lsn=20312 phase=value_index_schedule slot=0 started_ns=1790110474006940000 ended_ns=1790110474009721750 elapsed_us=2781 block_gets=0 block_puts=0 deleted=0
checkpoint_phase lsn=20312 phase=value_index_schedule slot=0 started_ns=1790110474009729000 ended_ns=1790110474013117666 elapsed_us=3388 block_gets=0 block_puts=0 deleted=0
checkpoint_phase lsn=20312 phase=value_index_schedule slot=0 started_ns=1790110474013123000 ended_ns=1790110474013149542 elapsed_us=26 block_gets=0 block_puts=0 deleted=0
checkpoint_phase lsn=20312 phase=value_index_schedule slot=0 started_ns=1790110474013153000 ended_ns=1790110474013174833 elapsed_us=21 block_gets=0 block_puts=0 deleted=0
checkpoint_phase lsn=20312 phase=value_index_schedule slot=0 started_ns=1790110474013194000 ended_ns=1790110474018465084 elapsed_us=5271 block_gets=0 block_puts=1 deleted=0
checkpoint_phase lsn=20312 phase=value_index_schedule slot=0 started_ns=1790110474018472000 ended_ns=1790110474029896208 elapsed_us=11424 block_gets=0 block_puts=4 deleted=0
checkpoint_phase lsn=20312 phase=value_index_schedule slot=0 started_ns=1790110474029909000 ended_ns=1790110474029909375 elapsed_us=0 block_gets=0 block_puts=0 deleted=0
checkpoint_phase lsn=20312 phase=value_index_schedule slot=0 started_ns=1790110474029914000 ended_ns=1790110474030703625 elapsed_us=789 block_gets=0 block_puts=0 deleted=0
checkpoint_phase lsn=20312 phase=value_index_schedule slot=0 started_ns=1790110474030711000 ended_ns=1790110474031229250 elapsed_us=518 block_gets=0 block_puts=0 deleted=0
checkpoint_phase lsn=20312 phase=value_index_schedule slot=0 started_ns=1790110474031250000 ended_ns=1790110474031743750 elapsed_us=493 block_gets=0 block_puts=0 deleted=0
checkpoint_phase lsn=20312 phase=value_index_schedule slot=0 started_ns=1790110474031753000 ended_ns=1790110474036693167 elapsed_us=4940 block_gets=0 block_puts=1 deleted=0
checkpoint_phase lsn=20312 phase=value_index_schedule slot=0 started_ns=1790110474036707000 ended_ns=1790110474037196500 elapsed_us=489 block_gets=0 block_puts=0 deleted=0
checkpoint_phase lsn=20312 phase=value_index_schedule slot=0 started_ns=1790110474037206000 ended_ns=1790110474037677834 elapsed_us=471 block_gets=0 block_puts=0 deleted=0
checkpoint_phase lsn=20312 phase=value_index_schedule slot=0 started_ns=1790110474037685000 ended_ns=1790110474043431291 elapsed_us=5746 block_gets=0 block_puts=1 deleted=0
checkpoint_phase lsn=20312 phase=value_index_schedule slot=0 started_ns=1790110474043443000 ended_ns=1790110474043757458 elapsed_us=314 block_gets=0 block_puts=0 deleted=0
checkpoint_phase lsn=20312 phase=value_index_schedule slot=0 started_ns=1790110474043765000 ended_ns=1790110474044078500 elapsed_us=313 block_gets=0 block_puts=0 deleted=0
checkpoint_phase lsn=20312 phase=value_index_schedule slot=0 started_ns=1790110474044085000 ended_ns=1790110474049153791 elapsed_us=5068 block_gets=0 block_puts=1 deleted=0
checkpoint_phase lsn=20312 phase=value_index_schedule slot=0 started_ns=1790110474049166000 ended_ns=1790110474049270417 elapsed_us=104 block_gets=0 block_puts=0 deleted=0
checkpoint_phase lsn=20312 phase=value_index_schedule slot=0 started_ns=1790110474049277000 ended_ns=1790110474061819333 elapsed_us=12542 block_gets=0 block_puts=4 deleted=0
checkpoint_phase lsn=20312 phase=value_index_schedule slot=0 started_ns=1790110474061831000 ended_ns=1790110474061831333 elapsed_us=0 block_gets=0 block_puts=0 deleted=0
checkpoint_phase lsn=20312 phase=value_index_write slot=0 started_ns=1790110474061844000 ended_ns=1790110474074771375 elapsed_us=12927 block_gets=0 block_puts=4 deleted=0
checkpoint_phase lsn=20312 phase=value_index_write slot=0 started_ns=1790110474074781000 ended_ns=1790110474088323125 elapsed_us=13542 block_gets=0 block_puts=4 deleted=0
checkpoint_phase lsn=20312 phase=value_index_write slot=0 started_ns=1790110474088331000 ended_ns=1790110474102081875 elapsed_us=13750 block_gets=0 block_puts=4 deleted=0
checkpoint_phase lsn=20312 phase=value_index_write slot=0 started_ns=1790110474102090000 ended_ns=1790110474124117542 elapsed_us=22027 block_gets=0 block_puts=4 deleted=0
checkpoint_phase lsn=20312 phase=value_index_write slot=0 started_ns=1790110474125118000 ended_ns=1790110474150859167 elapsed_us=25741 block_gets=0 block_puts=4 deleted=0
checkpoint_phase lsn=20312 phase=value_index_write slot=0 started_ns=1790110474150872000 ended_ns=1790110474181688792 elapsed_us=30816 block_gets=0 block_puts=4 deleted=0
checkpoint_phase lsn=20312 phase=value_index_write slot=0 started_ns=1790110474181699000 ended_ns=1790110474198728083 elapsed_us=17029 block_gets=0 block_puts=4 deleted=0
checkpoint_phase lsn=20312 phase=value_index_write slot=0 started_ns=1790110474198743000 ended_ns=1790110474212608958 elapsed_us=13865 block_gets=0 block_puts=4 deleted=0
checkpoint_phase lsn=20312 phase=value_index_write slot=0 started_ns=1790110474212634000 ended_ns=1790110474226736542 elapsed_us=14102 block_gets=0 block_puts=4 deleted=0
checkpoint_phase lsn=20312 phase=value_index_write slot=0 started_ns=1790110474226745000 ended_ns=1790110474240436208 elapsed_us=13691 block_gets=0 block_puts=4 deleted=0
checkpoint_phase lsn=20312 phase=value_index_write slot=0 started_ns=1790110474240443000 ended_ns=1790110474253049916 elapsed_us=12606 block_gets=0 block_puts=4 deleted=0
checkpoint_phase lsn=20312 phase=value_index_write slot=0 started_ns=1790110474253058000 ended_ns=1790110474266475167 elapsed_us=13417 block_gets=0 block_puts=4 deleted=0
checkpoint_phase lsn=20312 phase=value_index_write slot=0 started_ns=1790110474266487000 ended_ns=1790110474278313958 elapsed_us=11826 block_gets=0 block_puts=4 deleted=0
checkpoint_phase lsn=20312 phase=value_index_write slot=0 started_ns=1790110474278326000 ended_ns=1790110474291731125 elapsed_us=13405 block_gets=0 block_puts=4 deleted=0
checkpoint_phase lsn=20312 phase=value_index_write slot=0 started_ns=1790110474291743000 ended_ns=1790110474304650917 elapsed_us=12907 block_gets=0 block_puts=4 deleted=0
checkpoint_phase lsn=20312 phase=value_index_write slot=0 started_ns=1790110474304664000 ended_ns=1790110474316657250 elapsed_us=11993 block_gets=0 block_puts=4 deleted=0
checkpoint_phase lsn=20312 phase=value_index_write slot=0 started_ns=1790110474316669000 ended_ns=1790110474330539083 elapsed_us=13870 block_gets=0 block_puts=4 deleted=0
checkpoint_phase lsn=20312 phase=value_index_write slot=0 started_ns=1790110474330551000 ended_ns=1790110474343084958 elapsed_us=12533 block_gets=0 block_puts=4 deleted=0
checkpoint_phase lsn=20312 phase=value_index_write slot=0 started_ns=1790110474343092000 ended_ns=1790110474356675167 elapsed_us=13583 block_gets=0 block_puts=4 deleted=0
checkpoint_phase lsn=20312 phase=value_index_write slot=0 started_ns=1790110474356682000 ended_ns=1790110474381816834 elapsed_us=25134 block_gets=0 block_puts=6 deleted=0
checkpoint_phase lsn=20312 phase=value_index_schedule slot=0 started_ns=1790110474381834000 ended_ns=1790110474381837625 elapsed_us=3 block_gets=0 block_puts=0 deleted=0
checkpoint_phase lsn=20312 phase=value_index_schedule slot=0 started_ns=1790110474381844000 ended_ns=1790110474382612875 elapsed_us=768 block_gets=0 block_puts=0 deleted=0
checkpoint_phase lsn=20312 phase=value_index_schedule slot=0 started_ns=1790110474388022000 ended_ns=1790110474389418458 elapsed_us=1396 block_gets=0 block_puts=0 deleted=0
checkpoint_phase lsn=20312 phase=value_index_schedule slot=0 started_ns=1790110474393004000 ended_ns=1790110474394181458 elapsed_us=1177 block_gets=0 block_puts=0 deleted=0
checkpoint_phase lsn=20312 phase=value_index_schedule slot=0 started_ns=1790110474396049000 ended_ns=1790110474398661209 elapsed_us=2612 block_gets=0 block_puts=0 deleted=0
checkpoint_phase lsn=20312 phase=value_index_schedule slot=0 started_ns=1790110474403067000 ended_ns=1790110474407135750 elapsed_us=4068 block_gets=0 block_puts=0 deleted=0
checkpoint_phase lsn=20312 phase=value_index_schedule slot=0 started_ns=1790110474411991000 ended_ns=1790110474412021875 elapsed_us=30 block_gets=0 block_puts=0 deleted=0
checkpoint_phase lsn=20312 phase=value_index_schedule slot=0 started_ns=1790110474412035000 ended_ns=1790110474412058583 elapsed_us=23 block_gets=0 block_puts=0 deleted=0
checkpoint_phase lsn=20312 phase=value_index_schedule slot=0 started_ns=1790110474412065000 ended_ns=1790110474412090292 elapsed_us=25 block_gets=0 block_puts=0 deleted=0
checkpoint_phase lsn=20312 phase=value_index_schedule slot=0 started_ns=1790110474412189000 ended_ns=1790110474418881167 elapsed_us=6692 block_gets=0 block_puts=1 deleted=0
checkpoint_phase lsn=20312 phase=value_index_schedule slot=0 started_ns=1790110474421992000 ended_ns=1790110474436837375 elapsed_us=14845 block_gets=0 block_puts=4 deleted=0
checkpoint_phase lsn=20312 phase=value_index_schedule slot=0 started_ns=1790110474436847000 ended_ns=1790110474439696500 elapsed_us=2849 block_gets=0 block_puts=0 deleted=0
checkpoint_phase lsn=20312 phase=value_index_schedule slot=0 started_ns=1790110474444068000 ended_ns=1790110474446881125 elapsed_us=2813 block_gets=0 block_puts=0 deleted=0
checkpoint_phase lsn=20312 phase=value_index_schedule slot=0 started_ns=1790110474449043000 ended_ns=1790110474451867500 elapsed_us=2824 block_gets=0 block_puts=0 deleted=0
checkpoint_phase lsn=20312 phase=value_index_schedule slot=0 started_ns=1790110474452120000 ended_ns=1790110474454956917 elapsed_us=2836 block_gets=0 block_puts=0 deleted=0
checkpoint_phase lsn=20312 phase=value_index_schedule slot=0 started_ns=1790110474455977000 ended_ns=1790110474456804834 elapsed_us=827 block_gets=0 block_puts=0 deleted=0
checkpoint_phase lsn=20312 phase=value_index_schedule slot=0 started_ns=1790110474459033000 ended_ns=1790110474459063042 elapsed_us=30 block_gets=0 block_puts=0 deleted=0
checkpoint_phase lsn=20312 phase=value_index_schedule slot=0 started_ns=1790110474459304000 ended_ns=1790110474459328000 elapsed_us=24 block_gets=0 block_puts=0 deleted=0
checkpoint_phase lsn=20312 phase=value_index_schedule slot=0 started_ns=1790110474459336000 ended_ns=1790110474459359750 elapsed_us=23 block_gets=0 block_puts=0 deleted=0
checkpoint_phase lsn=20312 phase=value_index_schedule slot=0 started_ns=1790110474459368000 ended_ns=1790110474473210083 elapsed_us=13842 block_gets=0 block_puts=1 deleted=0
checkpoint_phase lsn=20312 phase=value_index_schedule slot=0 started_ns=1790110474473227000 ended_ns=1790110474500629541 elapsed_us=27402 block_gets=0 block_puts=4 deleted=0
checkpoint_phase lsn=20312 phase=value_index_schedule slot=0 started_ns=1790110474500646000 ended_ns=1790110474501387125 elapsed_us=741 block_gets=0 block_puts=0 deleted=0
checkpoint_phase lsn=20312 phase=value_index_schedule slot=0 started_ns=1790110474501396000 ended_ns=1790110474501515417 elapsed_us=119 block_gets=0 block_puts=0 deleted=0
checkpoint_phase lsn=20312 phase=value_index_schedule slot=0 started_ns=1790110474501523000 ended_ns=1790110474501633042 elapsed_us=110 block_gets=0 block_puts=0 deleted=0
checkpoint_phase lsn=20312 phase=value_index_schedule slot=0 started_ns=1790110474501640000 ended_ns=1790110474501857709 elapsed_us=217 block_gets=0 block_puts=0 deleted=0
checkpoint_phase lsn=20312 phase=value_index_schedule slot=0 started_ns=1790110474501864000 ended_ns=1790110474506673958 elapsed_us=4809 block_gets=0 block_puts=1 deleted=0
checkpoint_phase lsn=20312 phase=value_index_schedule slot=0 started_ns=1790110474506686000 ended_ns=1790110474506900750 elapsed_us=214 block_gets=0 block_puts=0 deleted=0
checkpoint_phase lsn=20312 phase=value_index_schedule slot=0 started_ns=1790110474506906000 ended_ns=1790110474507150792 elapsed_us=244 block_gets=0 block_puts=0 deleted=0
checkpoint_phase lsn=20312 phase=value_index_schedule slot=0 started_ns=1790110474507154000 ended_ns=1790110474512707500 elapsed_us=5553 block_gets=0 block_puts=1 deleted=0
checkpoint_phase lsn=20312 phase=value_index_schedule slot=0 started_ns=1790110474512715000 ended_ns=1790110474512925083 elapsed_us=210 block_gets=0 block_puts=0 deleted=0
checkpoint_phase lsn=20312 phase=value_index_schedule slot=0 started_ns=1790110474512930000 ended_ns=1790110474512948375 elapsed_us=18 block_gets=0 block_puts=0 deleted=0
checkpoint_phase lsn=20312 phase=value_index_schedule slot=0 started_ns=1790110474512952000 ended_ns=1790110474526452458 elapsed_us=13500 block_gets=0 block_puts=4 deleted=0
checkpoint_phase lsn=20312 phase=value_index_schedule slot=0 started_ns=1790110474526459000 ended_ns=1790110474529190709 elapsed_us=2731 block_gets=0 block_puts=0 deleted=0
checkpoint_phase lsn=20312 phase=value_index_schedule slot=0 started_ns=1790110474529196000 ended_ns=1790110474530315167 elapsed_us=1119 block_gets=0 block_puts=0 deleted=0
checkpoint_phase lsn=20312 phase=value_index_schedule slot=0 started_ns=1790110474530319000 ended_ns=1790110474530345875 elapsed_us=26 block_gets=0 block_puts=0 deleted=0
checkpoint_phase lsn=20312 phase=value_index_schedule slot=0 started_ns=1790110474530361000 ended_ns=1790110474543041583 elapsed_us=12680 block_gets=0 block_puts=4 deleted=0
checkpoint_phase lsn=20312 phase=value_index_schedule slot=0 started_ns=1790110474543049000 ended_ns=1790110474543049333 elapsed_us=0 block_gets=0 block_puts=0 deleted=0
checkpoint_phase lsn=20312 phase=value_index_schedule slot=0 started_ns=1790110474543052000 ended_ns=1790110474543260167 elapsed_us=208 block_gets=0 block_puts=0 deleted=0
checkpoint_phase lsn=20312 phase=value_index_schedule slot=0 started_ns=1790110474543264000 ended_ns=1790110474543527375 elapsed_us=263 block_gets=0 block_puts=0 deleted=0
checkpoint_phase lsn=20312 phase=value_index_schedule slot=0 started_ns=1790110474543531000 ended_ns=1790110474543781166 elapsed_us=250 block_gets=0 block_puts=0 deleted=0
checkpoint_phase lsn=20312 phase=value_index_schedule slot=0 started_ns=1790110474543785000 ended_ns=1790110474544035584 elapsed_us=250 block_gets=0 block_puts=0 deleted=0
checkpoint_phase lsn=20312 phase=value_index_schedule slot=0 started_ns=1790110474544038000 ended_ns=1790110474549218542 elapsed_us=5180 block_gets=0 block_puts=1 deleted=0
checkpoint_phase lsn=20312 phase=value_index_schedule slot=0 started_ns=1790110474549228000 ended_ns=1790110474549481708 elapsed_us=253 block_gets=0 block_puts=0 deleted=0
checkpoint_phase lsn=20312 phase=value_index_schedule slot=0 started_ns=1790110474549487000 ended_ns=1790110474549735875 elapsed_us=248 block_gets=0 block_puts=0 deleted=0
checkpoint_phase lsn=20312 phase=value_index_schedule slot=0 started_ns=1790110474549742000 ended_ns=1790110474554558083 elapsed_us=4816 block_gets=0 block_puts=1 deleted=0
checkpoint_phase lsn=20312 phase=value_index_schedule slot=0 started_ns=1790110474554568000 ended_ns=1790110474554678000 elapsed_us=110 block_gets=0 block_puts=0 deleted=0
checkpoint_phase lsn=20312 phase=value_index_schedule slot=0 started_ns=1790110474554682000 ended_ns=1790110474554819667 elapsed_us=137 block_gets=0 block_puts=0 deleted=0
checkpoint_phase lsn=20312 phase=value_index_schedule slot=0 started_ns=1790110474554824000 ended_ns=1790110474559153709 elapsed_us=4329 block_gets=0 block_puts=1 deleted=0
checkpoint_phase lsn=20312 phase=value_index_schedule slot=0 started_ns=1790110474559159000 ended_ns=1790110474571666375 elapsed_us=12507 block_gets=0 block_puts=4 deleted=0
checkpoint_phase lsn=20312 phase=value_index_schedule slot=0 started_ns=1790110474571673000 ended_ns=1790110474571673291 elapsed_us=0 block_gets=0 block_puts=0 deleted=0
checkpoint_phase lsn=20312 phase=value_index_write slot=0 started_ns=1790110474571677000 ended_ns=1790110474585728792 elapsed_us=14051 block_gets=0 block_puts=4 deleted=0
checkpoint_phase lsn=20312 phase=value_index_write slot=0 started_ns=1790110474585735000 ended_ns=1790110474600238583 elapsed_us=14503 block_gets=0 block_puts=4 deleted=0
checkpoint_phase lsn=20312 phase=value_index_write slot=0 started_ns=1790110474600248000 ended_ns=1790110474614501666 elapsed_us=14253 block_gets=0 block_puts=4 deleted=0
checkpoint_phase lsn=20312 phase=value_index_write slot=0 started_ns=1790110474614513000 ended_ns=1790110474628600000 elapsed_us=14087 block_gets=0 block_puts=4 deleted=0
checkpoint_phase lsn=20312 phase=value_index_write slot=0 started_ns=1790110474628608000 ended_ns=1790110474641228708 elapsed_us=12620 block_gets=0 block_puts=4 deleted=0
checkpoint_phase lsn=20312 phase=value_index_write slot=0 started_ns=1790110474641236000 ended_ns=1790110474655037708 elapsed_us=13801 block_gets=0 block_puts=4 deleted=0
checkpoint_phase lsn=20312 phase=value_index_write slot=0 started_ns=1790110474655048000 ended_ns=1790110474668448250 elapsed_us=13400 block_gets=0 block_puts=4 deleted=0
checkpoint_phase lsn=20312 phase=value_index_write slot=0 started_ns=1790110474668464000 ended_ns=1790110474682169625 elapsed_us=13705 block_gets=0 block_puts=4 deleted=0
checkpoint_phase lsn=20312 phase=value_index_write slot=0 started_ns=1790110474682181000 ended_ns=1790110474694307083 elapsed_us=12126 block_gets=0 block_puts=4 deleted=0
checkpoint_phase lsn=20312 phase=value_index_write slot=0 started_ns=1790110474694329000 ended_ns=1790110474707836292 elapsed_us=13507 block_gets=0 block_puts=4 deleted=0
checkpoint_phase lsn=20312 phase=value_index_write slot=0 started_ns=1790110474707849000 ended_ns=1790110474719568541 elapsed_us=11719 block_gets=0 block_puts=4 deleted=0
checkpoint_phase lsn=20312 phase=value_index_write slot=0 started_ns=1790110474719579000 ended_ns=1790110474733483083 elapsed_us=13904 block_gets=0 block_puts=4 deleted=0
checkpoint_phase lsn=20312 phase=value_index_write slot=0 started_ns=1790110474733493000 ended_ns=1790110474746399917 elapsed_us=12906 block_gets=0 block_puts=4 deleted=0
checkpoint_phase lsn=20312 phase=value_index_write slot=0 started_ns=1790110474746406000 ended_ns=1790110474760012084 elapsed_us=13606 block_gets=0 block_puts=4 deleted=0
checkpoint_phase lsn=20312 phase=value_index_write slot=0 started_ns=1790110474760030000 ended_ns=1790110474787490958 elapsed_us=27460 block_gets=0 block_puts=4 deleted=0
checkpoint_phase lsn=20312 phase=value_index_write slot=0 started_ns=1790110474787505000 ended_ns=1790110474808609000 elapsed_us=21104 block_gets=0 block_puts=3 deleted=0
checkpoint_phase lsn=20312 phase=value_index_schedule slot=0 started_ns=1790110474808620000 ended_ns=1790110474808623708 elapsed_us=3 block_gets=0 block_puts=0 deleted=0
checkpoint_phase lsn=20312 phase=value_index_schedule slot=0 started_ns=1790110474808629000 ended_ns=1790110474809398750 elapsed_us=769 block_gets=0 block_puts=0 deleted=0
checkpoint_phase lsn=20312 phase=value_index_schedule slot=0 started_ns=1790110474814009000 ended_ns=1790110474815442417 elapsed_us=1433 block_gets=0 block_puts=0 deleted=0
checkpoint_phase lsn=20312 phase=value_index_schedule slot=0 started_ns=1790110474817996000 ended_ns=1790110474819345375 elapsed_us=1349 block_gets=0 block_puts=0 deleted=0
checkpoint_phase lsn=20312 phase=value_index_schedule slot=0 started_ns=1790110474822012000 ended_ns=1790110474829866333 elapsed_us=7854 block_gets=0 block_puts=0 deleted=0
checkpoint_phase lsn=20312 phase=value_index_schedule slot=0 started_ns=1790110474829881000 ended_ns=1790110474829908292 elapsed_us=27 block_gets=0 block_puts=0 deleted=0
checkpoint_phase lsn=20312 phase=value_index_schedule slot=0 started_ns=1790110474829913000 ended_ns=1790110474829934708 elapsed_us=21 block_gets=0 block_puts=0 deleted=0
checkpoint_phase lsn=20312 phase=value_index_schedule slot=0 started_ns=1790110474829938000 ended_ns=1790110474833785500 elapsed_us=3847 block_gets=0 block_puts=1 deleted=0
checkpoint_phase lsn=20312 phase=value_index_schedule slot=0 started_ns=1790110474833791000 ended_ns=1790110474845854584 elapsed_us=12063 block_gets=0 block_puts=4 deleted=0
checkpoint_phase lsn=20312 phase=value_index_schedule slot=0 started_ns=1790110474845861000 ended_ns=1790110474848731292 elapsed_us=2870 block_gets=0 block_puts=0 deleted=0
checkpoint_phase lsn=20312 phase=value_index_schedule slot=0 started_ns=1790110474848753000 ended_ns=1790110474851574500 elapsed_us=2821 block_gets=0 block_puts=0 deleted=0
checkpoint_phase lsn=20312 phase=value_index_schedule slot=0 started_ns=1790110474851589000 ended_ns=1790110474854458125 elapsed_us=2869 block_gets=0 block_puts=0 deleted=0
checkpoint_phase lsn=20312 phase=value_index_schedule slot=0 started_ns=1790110474854469000 ended_ns=1790110474856420000 elapsed_us=1951 block_gets=0 block_puts=0 deleted=0
checkpoint_phase lsn=20312 phase=value_index_schedule slot=0 started_ns=1790110474856433000 ended_ns=1790110474856460584 elapsed_us=27 block_gets=0 block_puts=0 deleted=0
checkpoint_phase lsn=20312 phase=value_index_schedule slot=0 started_ns=1790110474856465000 ended_ns=1790110474856486792 elapsed_us=21 block_gets=0 block_puts=0 deleted=0
checkpoint_phase lsn=20312 phase=value_index_schedule slot=0 started_ns=1790110474856491000 ended_ns=1790110474861292000 elapsed_us=4801 block_gets=0 block_puts=1 deleted=0
checkpoint_phase lsn=20312 phase=value_index_schedule slot=0 started_ns=1790110474861303000 ended_ns=1790110474874597000 elapsed_us=13294 block_gets=0 block_puts=4 deleted=0
checkpoint_phase lsn=20312 phase=value_index_schedule slot=0 started_ns=1790110474874632000 ended_ns=1790110474875289917 elapsed_us=657 block_gets=0 block_puts=0 deleted=0
checkpoint_phase lsn=20312 phase=value_index_schedule slot=0 started_ns=1790110474875299000 ended_ns=1790110474875504292 elapsed_us=205 block_gets=0 block_puts=0 deleted=0
checkpoint_phase lsn=20312 phase=value_index_schedule slot=0 started_ns=1790110474875513000 ended_ns=1790110474875705958 elapsed_us=192 block_gets=0 block_puts=0 deleted=0
checkpoint_phase lsn=20312 phase=value_index_schedule slot=0 started_ns=1790110474875714000 ended_ns=1790110474880775375 elapsed_us=5061 block_gets=0 block_puts=1 deleted=0
checkpoint_phase lsn=20312 phase=value_index_schedule slot=0 started_ns=1790110474880784000 ended_ns=1790110474881114250 elapsed_us=330 block_gets=0 block_puts=0 deleted=0
checkpoint_phase lsn=20312 phase=value_index_schedule slot=0 started_ns=1790110474881120000 ended_ns=1790110474881472958 elapsed_us=352 block_gets=0 block_puts=0 deleted=0
checkpoint_phase lsn=20312 phase=value_index_schedule slot=0 started_ns=1790110474881485000 ended_ns=1790110474885707042 elapsed_us=4222 block_gets=0 block_puts=1 deleted=0
checkpoint_phase lsn=20312 phase=value_index_schedule slot=0 started_ns=1790110474885718000 ended_ns=1790110474885889167 elapsed_us=171 block_gets=0 block_puts=0 deleted=0
checkpoint_phase lsn=20312 phase=value_index_schedule slot=0 started_ns=1790110474885893000 ended_ns=1790110474885898459 elapsed_us=5 block_gets=0 block_puts=0 deleted=0
checkpoint_phase lsn=20312 phase=value_index_schedule slot=0 started_ns=1790110474885902000 ended_ns=1790110474899366333 elapsed_us=13464 block_gets=0 block_puts=4 deleted=0
checkpoint_phase lsn=20312 phase=value_index_schedule slot=0 started_ns=1790110474899377000 ended_ns=1790110474902176334 elapsed_us=2799 block_gets=0 block_puts=0 deleted=0
checkpoint_phase lsn=20312 phase=value_index_schedule slot=0 started_ns=1790110474902184000 ended_ns=1790110474904941875 elapsed_us=2757 block_gets=0 block_puts=0 deleted=0
checkpoint_phase lsn=20312 phase=value_index_schedule slot=0 started_ns=1790110474904950000 ended_ns=1790110474907338500 elapsed_us=2388 block_gets=0 block_puts=0 deleted=0
checkpoint_phase lsn=20312 phase=value_index_schedule slot=0 started_ns=1790110474907344000 ended_ns=1790110474907370625 elapsed_us=26 block_gets=0 block_puts=0 deleted=0
checkpoint_phase lsn=20312 phase=value_index_schedule slot=0 started_ns=1790110474907375000 ended_ns=1790110474907396500 elapsed_us=21 block_gets=0 block_puts=0 deleted=0
checkpoint_phase lsn=20312 phase=value_index_schedule slot=0 started_ns=1790110474907400000 ended_ns=1790110474921012125 elapsed_us=13612 block_gets=0 block_puts=4 deleted=0
checkpoint_phase lsn=20312 phase=value_index_schedule slot=0 started_ns=1790110474921023000 ended_ns=1790110474921023250 elapsed_us=0 block_gets=0 block_puts=0 deleted=0
checkpoint_phase lsn=20312 phase=value_index_schedule slot=0 started_ns=1790110474921028000 ended_ns=1790110474921698042 elapsed_us=670 block_gets=0 block_puts=0 deleted=0
checkpoint_phase lsn=20312 phase=value_index_schedule slot=0 started_ns=1790110474921719000 ended_ns=1790110474922072541 elapsed_us=353 block_gets=0 block_puts=0 deleted=0
checkpoint_phase lsn=20312 phase=value_index_schedule slot=0 started_ns=1790110474922079000 ended_ns=1790110474922417209 elapsed_us=338 block_gets=0 block_puts=0 deleted=0
checkpoint_phase lsn=20312 phase=value_index_schedule slot=0 started_ns=1790110474922423000 ended_ns=1790110474927274500 elapsed_us=4851 block_gets=0 block_puts=1 deleted=0
checkpoint_phase lsn=20312 phase=value_index_schedule slot=0 started_ns=1790110474927287000 ended_ns=1790110474927642416 elapsed_us=355 block_gets=0 block_puts=0 deleted=0
checkpoint_phase lsn=20312 phase=value_index_schedule slot=0 started_ns=1790110474927654000 ended_ns=1790110474927997250 elapsed_us=343 block_gets=0 block_puts=0 deleted=0
checkpoint_phase lsn=20312 phase=value_index_schedule slot=0 started_ns=1790110474928001000 ended_ns=1790110474932004084 elapsed_us=4003 block_gets=0 block_puts=1 deleted=0
checkpoint_phase lsn=20312 phase=value_index_schedule slot=0 started_ns=1790110474932030000 ended_ns=1790110474932224791 elapsed_us=194 block_gets=0 block_puts=0 deleted=0
checkpoint_phase lsn=20312 phase=value_index_schedule slot=0 started_ns=1790110474932236000 ended_ns=1790110474932429958 elapsed_us=193 block_gets=0 block_puts=0 deleted=0
checkpoint_phase lsn=20312 phase=value_index_schedule slot=0 started_ns=1790110474932436000 ended_ns=1790110474937241333 elapsed_us=4805 block_gets=0 block_puts=1 deleted=0
checkpoint_phase lsn=20312 phase=value_index_schedule slot=0 started_ns=1790110474937249000 ended_ns=1790110474937349792 elapsed_us=100 block_gets=0 block_puts=0 deleted=0
checkpoint_phase lsn=20312 phase=value_index_schedule slot=0 started_ns=1790110474937354000 ended_ns=1790110474951061875 elapsed_us=13707 block_gets=0 block_puts=4 deleted=0
checkpoint_phase lsn=20312 phase=value_index_schedule slot=0 started_ns=1790110474951069000 ended_ns=1790110474951069458 elapsed_us=0 block_gets=0 block_puts=0 deleted=0
checkpoint_phase lsn=20312 phase=value_index_write slot=0 started_ns=1790110474951074000 ended_ns=1790110474964562458 elapsed_us=13488 block_gets=0 block_puts=3 deleted=0
checkpoint_phase lsn=20312 phase=value_index_write slot=0 started_ns=1790110474964573000 ended_ns=1790110474981590791 elapsed_us=17017 block_gets=0 block_puts=4 deleted=0
checkpoint_phase lsn=20312 phase=value_index_write slot=0 started_ns=1790110474981600000 ended_ns=1790110474994767125 elapsed_us=13167 block_gets=0 block_puts=4 deleted=0
checkpoint_phase lsn=20312 phase=value_index_write slot=0 started_ns=1790110474994777000 ended_ns=1790110475008587625 elapsed_us=13810 block_gets=0 block_puts=4 deleted=0
checkpoint_phase lsn=20312 phase=value_index_write slot=0 started_ns=1790110475008597000 ended_ns=1790110475021659416 elapsed_us=13062 block_gets=0 block_puts=4 deleted=0
checkpoint_phase lsn=20312 phase=value_index_write slot=0 started_ns=1790110475021667000 ended_ns=1790110475035384750 elapsed_us=13717 block_gets=0 block_puts=4 deleted=0
checkpoint_phase lsn=20312 phase=value_index_write slot=0 started_ns=1790110475035395000 ended_ns=1790110475048895500 elapsed_us=13500 block_gets=0 block_puts=4 deleted=0
checkpoint_phase lsn=20312 phase=value_index_write slot=0 started_ns=1790110475048908000 ended_ns=1790110475061696709 elapsed_us=12788 block_gets=0 block_puts=4 deleted=0
checkpoint_phase lsn=20312 phase=value_index_write slot=0 started_ns=1790110475061707000 ended_ns=1790110475075322125 elapsed_us=13615 block_gets=0 block_puts=4 deleted=0
checkpoint_phase lsn=20312 phase=value_index_write slot=0 started_ns=1790110475075336000 ended_ns=1790110475088250125 elapsed_us=12914 block_gets=0 block_puts=4 deleted=0
checkpoint_phase lsn=20312 phase=value_index_write slot=0 started_ns=1790110475088262000 ended_ns=1790110475103309125 elapsed_us=15047 block_gets=0 block_puts=4 deleted=0
checkpoint_phase lsn=20312 phase=value_index_schedule slot=0 started_ns=1790110475103327000 ended_ns=1790110475103330792 elapsed_us=3 block_gets=0 block_puts=0 deleted=0
checkpoint_phase lsn=20312 phase=value_index_schedule slot=0 started_ns=1790110475103342000 ended_ns=1790110475104164500 elapsed_us=822 block_gets=0 block_puts=0 deleted=0
checkpoint_phase lsn=20312 phase=value_index_schedule slot=0 started_ns=1790110475104173000 ended_ns=1790110475129088458 elapsed_us=24915 block_gets=8 block_puts=0 deleted=0
checkpoint_phase lsn=20312 phase=value_index_schedule slot=0 started_ns=1790110475129103000 ended_ns=1790110475153561209 elapsed_us=24458 block_gets=8 block_puts=0 deleted=0
checkpoint_phase lsn=20312 phase=value_index_schedule slot=0 started_ns=1790110475153574000 ended_ns=1790110475179314709 elapsed_us=25740 block_gets=8 block_puts=0 deleted=0
checkpoint_phase lsn=20312 phase=value_index_schedule slot=0 started_ns=1790110475179332000 ended_ns=1790110475206695458 elapsed_us=27363 block_gets=8 block_puts=0 deleted=0
checkpoint_phase lsn=20312 phase=value_index_schedule slot=0 started_ns=1790110475206707000 ended_ns=1790110475232020458 elapsed_us=25313 block_gets=8 block_puts=0 deleted=0
checkpoint_phase lsn=20312 phase=value_index_schedule slot=0 started_ns=1790110475232045000 ended_ns=1790110475256666208 elapsed_us=24621 block_gets=8 block_puts=0 deleted=0
checkpoint_phase lsn=20312 phase=value_index_schedule slot=0 started_ns=1790110475256683000 ended_ns=1790110475278013167 elapsed_us=21330 block_gets=8 block_puts=0 deleted=0
checkpoint_phase lsn=20312 phase=value_index_schedule slot=0 started_ns=1790110475278029000 ended_ns=1790110475302728667 elapsed_us=24699 block_gets=8 block_puts=0 deleted=0
checkpoint_phase lsn=20312 phase=value_index_schedule slot=0 started_ns=1790110475302743000 ended_ns=1790110475329660542 elapsed_us=26917 block_gets=8 block_puts=0 deleted=0
checkpoint_phase lsn=20312 phase=value_index_schedule slot=0 started_ns=1790110475329671000 ended_ns=1790110475354875959 elapsed_us=25204 block_gets=8 block_puts=0 deleted=0
checkpoint_phase lsn=20312 phase=value_index_schedule slot=0 started_ns=1790110475354885000 ended_ns=1790110475376443583 elapsed_us=21558 block_gets=8 block_puts=0 deleted=0
checkpoint_phase lsn=20312 phase=value_index_schedule slot=0 started_ns=1790110475376455000 ended_ns=1790110475399322458 elapsed_us=22867 block_gets=8 block_puts=0 deleted=0
checkpoint_phase lsn=20312 phase=value_index_schedule slot=0 started_ns=1790110475399334000 ended_ns=1790110475423749958 elapsed_us=24415 block_gets=8 block_puts=0 deleted=0
checkpoint_phase lsn=20312 phase=value_index_schedule slot=0 started_ns=1790110475423761000 ended_ns=1790110475446679959 elapsed_us=22918 block_gets=8 block_puts=0 deleted=0
checkpoint_phase lsn=20312 phase=value_index_schedule slot=0 started_ns=1790110475446696000 ended_ns=1790110475454997291 elapsed_us=8301 block_gets=2 block_puts=0 deleted=0
checkpoint_phase lsn=20312 phase=value_index_schedule slot=0 started_ns=1790110475455012000 ended_ns=1790110475457871333 elapsed_us=2859 block_gets=0 block_puts=0 deleted=0
checkpoint_phase lsn=20312 phase=value_index_schedule slot=0 started_ns=1790110475457882000 ended_ns=1790110475458707709 elapsed_us=825 block_gets=0 block_puts=0 deleted=0
checkpoint_phase lsn=20312 phase=value_index_schedule slot=0 started_ns=1790110475458724000 ended_ns=1790110475458753042 elapsed_us=29 block_gets=0 block_puts=0 deleted=0
checkpoint_phase lsn=20312 phase=value_index_schedule slot=0 started_ns=1790110475458757000 ended_ns=1790110475458779417 elapsed_us=22 block_gets=0 block_puts=0 deleted=0
checkpoint_phase lsn=20312 phase=value_index_schedule slot=0 started_ns=1790110475458785000 ended_ns=1790110475458807209 elapsed_us=22 block_gets=0 block_puts=0 deleted=0
checkpoint_phase lsn=20312 phase=value_index_schedule slot=0 started_ns=1790110475458814000 ended_ns=1790110475463643125 elapsed_us=4829 block_gets=0 block_puts=1 deleted=0
checkpoint_phase lsn=20312 phase=value_index_schedule slot=0 started_ns=1790110475463655000 ended_ns=1790110475463687750 elapsed_us=32 block_gets=0 block_puts=0 deleted=0
checkpoint_phase lsn=20312 phase=value_index_schedule slot=0 started_ns=1790110475463692000 ended_ns=1790110475476301541 elapsed_us=12609 block_gets=0 block_puts=4 deleted=0
checkpoint_phase lsn=20312 phase=value_index_schedule slot=0 started_ns=1790110475476315000 ended_ns=1790110475479213667 elapsed_us=2898 block_gets=0 block_puts=0 deleted=0
checkpoint_phase lsn=20312 phase=value_index_schedule slot=0 started_ns=1790110475479222000 ended_ns=1790110475482030208 elapsed_us=2808 block_gets=0 block_puts=0 deleted=0
checkpoint_phase lsn=20312 phase=value_index_schedule slot=0 started_ns=1790110475482035000 ended_ns=1790110475484803291 elapsed_us=2768 block_gets=0 block_puts=0 deleted=0
checkpoint_phase lsn=20312 phase=value_index_schedule slot=0 started_ns=1790110475484810000 ended_ns=1790110475487576583 elapsed_us=2766 block_gets=0 block_puts=0 deleted=0
checkpoint_phase lsn=20312 phase=value_index_schedule slot=0 started_ns=1790110475487584000 ended_ns=1790110475489458667 elapsed_us=1874 block_gets=0 block_puts=0 deleted=0
checkpoint_phase lsn=20312 phase=value_index_schedule slot=0 started_ns=1790110475489483000 ended_ns=1790110475489509750 elapsed_us=26 block_gets=0 block_puts=0 deleted=0
checkpoint_phase lsn=20312 phase=value_index_schedule slot=0 started_ns=1790110475489514000 ended_ns=1790110475489536666 elapsed_us=22 block_gets=0 block_puts=0 deleted=0
checkpoint_phase lsn=20312 phase=value_index_schedule slot=0 started_ns=1790110475489541000 ended_ns=1790110475489563250 elapsed_us=22 block_gets=0 block_puts=0 deleted=0
checkpoint_phase lsn=20312 phase=value_index_schedule slot=0 started_ns=1790110475489567000 ended_ns=1790110475494817042 elapsed_us=5250 block_gets=0 block_puts=1 deleted=0
checkpoint_phase lsn=20312 phase=value_index_schedule slot=0 started_ns=1790110475494825000 ended_ns=1790110475508403667 elapsed_us=13578 block_gets=0 block_puts=4 deleted=0
checkpoint_phase lsn=20312 phase=value_index_schedule slot=0 started_ns=1790110475508413000 ended_ns=1790110475509216959 elapsed_us=803 block_gets=0 block_puts=0 deleted=0
checkpoint_phase lsn=20312 phase=value_index_schedule slot=0 started_ns=1790110475509224000 ended_ns=1790110475509378625 elapsed_us=154 block_gets=0 block_puts=0 deleted=0
checkpoint_phase lsn=20312 phase=value_index_schedule slot=0 started_ns=1790110475509383000 ended_ns=1790110475509530125 elapsed_us=147 block_gets=0 block_puts=0 deleted=0
checkpoint_phase lsn=20312 phase=value_index_schedule slot=0 started_ns=1790110475509535000 ended_ns=1790110475509681084 elapsed_us=146 block_gets=0 block_puts=0 deleted=0
checkpoint_phase lsn=20312 phase=value_index_schedule slot=0 started_ns=1790110475509685000 ended_ns=1790110475514402833 elapsed_us=4717 block_gets=0 block_puts=1 deleted=0
checkpoint_phase lsn=20312 phase=value_index_schedule slot=0 started_ns=1790110475514410000 ended_ns=1790110475514558792 elapsed_us=148 block_gets=0 block_puts=0 deleted=0
checkpoint_phase lsn=20312 phase=value_index_schedule slot=0 started_ns=1790110475514563000 ended_ns=1790110475514705916 elapsed_us=142 block_gets=0 block_puts=0 deleted=0
checkpoint_phase lsn=20312 phase=value_index_schedule slot=0 started_ns=1790110475514710000 ended_ns=1790110475515119916 elapsed_us=409 block_gets=0 block_puts=0 deleted=0
checkpoint_phase lsn=20312 phase=value_index_schedule slot=0 started_ns=1790110475515126000 ended_ns=1790110475520072167 elapsed_us=4946 block_gets=0 block_puts=1 deleted=0
checkpoint_phase lsn=20312 phase=value_index_schedule slot=0 started_ns=1790110475520082000 ended_ns=1790110475520152833 elapsed_us=70 block_gets=0 block_puts=0 deleted=0
checkpoint_phase lsn=20312 phase=value_index_schedule slot=0 started_ns=1790110475520157000 ended_ns=1790110475520216417 elapsed_us=59 block_gets=0 block_puts=0 deleted=0
checkpoint_phase lsn=20312 phase=value_index_schedule slot=0 started_ns=1790110475520224000 ended_ns=1790110475534098541 elapsed_us=13874 block_gets=0 block_puts=4 deleted=0
checkpoint_phase lsn=20312 phase=value_index_schedule slot=0 started_ns=1790110475534108000 ended_ns=1790110475534108167 elapsed_us=0 block_gets=0 block_puts=0 deleted=0
checkpoint_phase lsn=20312 phase=value_index_write slot=0 started_ns=1790110475534113000 ended_ns=1790110475547775209 elapsed_us=13662 block_gets=0 block_puts=4 deleted=0
checkpoint_phase lsn=20312 phase=value_index_write slot=0 started_ns=1790110475547782000 ended_ns=1790110475560487167 elapsed_us=12705 block_gets=0 block_puts=4 deleted=0
checkpoint_phase lsn=20312 phase=value_index_write slot=0 started_ns=1790110475560493000 ended_ns=1790110475572436167 elapsed_us=11943 block_gets=0 block_puts=4 deleted=0
checkpoint_phase lsn=20312 phase=value_index_write slot=0 started_ns=1790110475572442000 ended_ns=1790110475586255250 elapsed_us=13813 block_gets=0 block_puts=4 deleted=0
checkpoint_phase lsn=20312 phase=value_index_write slot=0 started_ns=1790110475586267000 ended_ns=1790110475599515208 elapsed_us=13248 block_gets=0 block_puts=4 deleted=0
checkpoint_phase lsn=20312 phase=value_index_write slot=0 started_ns=1790110475599525000 ended_ns=1790110475613105375 elapsed_us=13580 block_gets=0 block_puts=4 deleted=0
checkpoint_phase lsn=20312 phase=value_index_write slot=0 started_ns=1790110475613128000 ended_ns=1790110475625307250 elapsed_us=12179 block_gets=0 block_puts=4 deleted=0
checkpoint_phase lsn=20312 phase=value_index_write slot=0 started_ns=1790110475625321000 ended_ns=1790110475637704292 elapsed_us=12383 block_gets=0 block_puts=4 deleted=0
checkpoint_phase lsn=20312 phase=value_index_write slot=0 started_ns=1790110475637716000 ended_ns=1790110475649917583 elapsed_us=12201 block_gets=0 block_puts=4 deleted=0
checkpoint_phase lsn=20312 phase=value_index_write slot=0 started_ns=1790110475649931000 ended_ns=1790110475663347208 elapsed_us=13416 block_gets=0 block_puts=4 deleted=0
checkpoint_phase lsn=20312 phase=value_index_write slot=0 started_ns=1790110475663365000 ended_ns=1790110475675979042 elapsed_us=12614 block_gets=0 block_puts=4 deleted=0
checkpoint_phase lsn=20312 phase=value_index_write slot=0 started_ns=1790110475675994000 ended_ns=1790110475693429416 elapsed_us=17435 block_gets=0 block_puts=5 deleted=0
checkpoint_phase lsn=20312 phase=value_index_schedule slot=0 started_ns=1790110475693446000 ended_ns=1790110475693449459 elapsed_us=3 block_gets=0 block_puts=0 deleted=0
checkpoint_phase lsn=20312 phase=value_index_schedule slot=0 started_ns=1790110475693456000 ended_ns=1790110475694322833 elapsed_us=866 block_gets=0 block_puts=0 deleted=0
checkpoint_phase lsn=20312 phase=value_index_schedule slot=0 started_ns=1790110475694334000 ended_ns=1790110475720866916 elapsed_us=26532 block_gets=8 block_puts=0 deleted=0
checkpoint_phase lsn=20312 phase=value_index_schedule slot=0 started_ns=1790110475720885000 ended_ns=1790110475746091666 elapsed_us=25206 block_gets=8 block_puts=0 deleted=0
checkpoint_phase lsn=20312 phase=value_index_schedule slot=0 started_ns=1790110475746105000 ended_ns=1790110475769927666 elapsed_us=23822 block_gets=8 block_puts=0 deleted=0
checkpoint_phase lsn=20312 phase=value_index_schedule slot=0 started_ns=1790110475769942000 ended_ns=1790110475791556041 elapsed_us=21614 block_gets=8 block_puts=0 deleted=0
checkpoint_phase lsn=20312 phase=value_index_schedule slot=0 started_ns=1790110475791598000 ended_ns=1790110475813837000 elapsed_us=22239 block_gets=8 block_puts=0 deleted=0
checkpoint_phase lsn=20312 phase=value_index_schedule slot=0 started_ns=1790110475813851000 ended_ns=1790110475838482709 elapsed_us=24631 block_gets=8 block_puts=0 deleted=0
checkpoint_phase lsn=20312 phase=value_index_schedule slot=0 started_ns=1790110475838495000 ended_ns=1790110475861714458 elapsed_us=23219 block_gets=8 block_puts=0 deleted=0
checkpoint_phase lsn=20312 phase=value_index_schedule slot=0 started_ns=1790110475861726000 ended_ns=1790110475884361042 elapsed_us=22635 block_gets=8 block_puts=0 deleted=0
checkpoint_phase lsn=20312 phase=value_index_schedule slot=0 started_ns=1790110475884379000 ended_ns=1790110475906690166 elapsed_us=22311 block_gets=8 block_puts=0 deleted=0
checkpoint_phase lsn=20312 phase=value_index_schedule slot=0 started_ns=1790110475906703000 ended_ns=1790110475930880500 elapsed_us=24177 block_gets=8 block_puts=0 deleted=0
checkpoint_phase lsn=20312 phase=value_index_schedule slot=0 started_ns=1790110475930890000 ended_ns=1790110475956109666 elapsed_us=25219 block_gets=8 block_puts=0 deleted=0
checkpoint_phase lsn=20312 phase=value_index_schedule slot=0 started_ns=1790110475956122000 ended_ns=1790110475979887958 elapsed_us=23765 block_gets=8 block_puts=0 deleted=0
checkpoint_phase lsn=20312 phase=value_index_schedule slot=0 started_ns=1790110475979906000 ended_ns=1790110476003136750 elapsed_us=23230 block_gets=8 block_puts=0 deleted=0
checkpoint_phase lsn=20312 phase=value_index_schedule slot=0 started_ns=1790110476003151000 ended_ns=1790110476027687875 elapsed_us=24536 block_gets=8 block_puts=0 deleted=0
checkpoint_phase lsn=20312 phase=value_index_schedule slot=0 started_ns=1790110476027701000 ended_ns=1790110476036986000 elapsed_us=9285 block_gets=2 block_puts=0 deleted=0
checkpoint_phase lsn=20312 phase=value_index_schedule slot=0 started_ns=1790110476037008000 ended_ns=1790110476039802959 elapsed_us=2794 block_gets=0 block_puts=0 deleted=0
checkpoint_phase lsn=20312 phase=value_index_schedule slot=0 started_ns=1790110476039835000 ended_ns=1790110476040647166 elapsed_us=812 block_gets=0 block_puts=0 deleted=0
checkpoint_phase lsn=20312 phase=value_index_schedule slot=0 started_ns=1790110476040654000 ended_ns=1790110476040680792 elapsed_us=26 block_gets=0 block_puts=0 deleted=0
checkpoint_phase lsn=20312 phase=value_index_schedule slot=0 started_ns=1790110476040685000 ended_ns=1790110476040706667 elapsed_us=21 block_gets=0 block_puts=0 deleted=0
checkpoint_phase lsn=20312 phase=value_index_schedule slot=0 started_ns=1790110476040711000 ended_ns=1790110476040732458 elapsed_us=21 block_gets=0 block_puts=0 deleted=0
checkpoint_phase lsn=20312 phase=value_index_schedule slot=0 started_ns=1790110476040736000 ended_ns=1790110476045322000 elapsed_us=4586 block_gets=0 block_puts=1 deleted=0
checkpoint_phase lsn=20312 phase=value_index_schedule slot=0 started_ns=1790110476045338000 ended_ns=1790110476045365250 elapsed_us=27 block_gets=0 block_puts=0 deleted=0
checkpoint_phase lsn=20312 phase=value_index_schedule slot=0 started_ns=1790110476045371000 ended_ns=1790110476059106041 elapsed_us=13735 block_gets=0 block_puts=4 deleted=0
checkpoint_phase lsn=20312 phase=value_index_schedule slot=0 started_ns=1790110476059118000 ended_ns=1790110476061983333 elapsed_us=2865 block_gets=0 block_puts=0 deleted=0
checkpoint_phase lsn=20312 phase=value_index_schedule slot=0 started_ns=1790110476061992000 ended_ns=1790110476064804458 elapsed_us=2812 block_gets=0 block_puts=0 deleted=0
checkpoint_phase lsn=20312 phase=value_index_schedule slot=0 started_ns=1790110476064818000 ended_ns=1790110476067657667 elapsed_us=2839 block_gets=0 block_puts=0 deleted=0
checkpoint_phase lsn=20312 phase=value_index_schedule slot=0 started_ns=1790110476067666000 ended_ns=1790110476070339416 elapsed_us=2673 block_gets=0 block_puts=0 deleted=0
checkpoint_phase lsn=20312 phase=value_index_schedule slot=0 started_ns=1790110476070345000 ended_ns=1790110476072164708 elapsed_us=1819 block_gets=0 block_puts=0 deleted=0
checkpoint_phase lsn=20312 phase=value_index_schedule slot=0 started_ns=1790110476072169000 ended_ns=1790110476072195125 elapsed_us=26 block_gets=0 block_puts=0 deleted=0
checkpoint_phase lsn=20312 phase=value_index_schedule slot=0 started_ns=1790110476072199000 ended_ns=1790110476072220292 elapsed_us=21 block_gets=0 block_puts=0 deleted=0
checkpoint_phase lsn=20312 phase=value_index_schedule slot=0 started_ns=1790110476072225000 ended_ns=1790110476072246458 elapsed_us=21 block_gets=0 block_puts=0 deleted=0
checkpoint_phase lsn=20312 phase=value_index_schedule slot=0 started_ns=1790110476072250000 ended_ns=1790110476077521125 elapsed_us=5271 block_gets=0 block_puts=1 deleted=0
checkpoint_phase lsn=20312 phase=value_index_schedule slot=0 started_ns=1790110476077533000 ended_ns=1790110476090910958 elapsed_us=13377 block_gets=0 block_puts=4 deleted=0
checkpoint_phase lsn=20312 phase=value_index_schedule slot=0 started_ns=1790110476090920000 ended_ns=1790110476091619917 elapsed_us=699 block_gets=0 block_puts=0 deleted=0
checkpoint_phase lsn=20312 phase=value_index_schedule slot=0 started_ns=1790110476091633000 ended_ns=1790110476091766916 elapsed_us=133 block_gets=0 block_puts=0 deleted=0
checkpoint_phase lsn=20312 phase=value_index_schedule slot=0 started_ns=1790110476091776000 ended_ns=1790110476091900958 elapsed_us=124 block_gets=0 block_puts=0 deleted=0
checkpoint_phase lsn=20312 phase=value_index_schedule slot=0 started_ns=1790110476091910000 ended_ns=1790110476092035458 elapsed_us=125 block_gets=0 block_puts=0 deleted=0
checkpoint_phase lsn=20312 phase=value_index_schedule slot=0 started_ns=1790110476092042000 ended_ns=1790110476096799500 elapsed_us=4757 block_gets=0 block_puts=1 deleted=0
checkpoint_phase lsn=20312 phase=value_index_schedule slot=0 started_ns=1790110476096811000 ended_ns=1790110476096939292 elapsed_us=128 block_gets=0 block_puts=0 deleted=0
checkpoint_phase lsn=20312 phase=value_index_schedule slot=0 started_ns=1790110476096947000 ended_ns=1790110476097071625 elapsed_us=124 block_gets=0 block_puts=0 deleted=0
checkpoint_phase lsn=20312 phase=value_index_schedule slot=0 started_ns=1790110476097093000 ended_ns=1790110476097450125 elapsed_us=357 block_gets=0 block_puts=0 deleted=0
checkpoint_phase lsn=20312 phase=value_index_schedule slot=0 started_ns=1790110476097456000 ended_ns=1790110476102924417 elapsed_us=5468 block_gets=0 block_puts=1 deleted=0
checkpoint_phase lsn=20312 phase=value_index_schedule slot=0 started_ns=1790110476102939000 ended_ns=1790110476103090917 elapsed_us=151 block_gets=0 block_puts=0 deleted=0
checkpoint_phase lsn=20312 phase=value_index_schedule slot=0 started_ns=1790110476103097000 ended_ns=1790110476103148666 elapsed_us=51 block_gets=0 block_puts=0 deleted=0
checkpoint_phase lsn=20312 phase=value_index_schedule slot=0 started_ns=1790110476103154000 ended_ns=1790110476118411167 elapsed_us=15257 block_gets=0 block_puts=4 deleted=0
checkpoint_phase lsn=20312 phase=value_index_schedule slot=0 started_ns=1790110476118424000 ended_ns=1790110476118424292 elapsed_us=0 block_gets=0 block_puts=0 deleted=0
checkpoint_phase lsn=20312 phase=value_index_write slot=0 started_ns=1790110476118430000 ended_ns=1790110476132404709 elapsed_us=13974 block_gets=0 block_puts=4 deleted=0
checkpoint_phase lsn=20312 phase=value_index_write slot=0 started_ns=1790110476132417000 ended_ns=1790110476145837792 elapsed_us=13420 block_gets=0 block_puts=4 deleted=0
checkpoint_phase lsn=20312 phase=value_index_write slot=0 started_ns=1790110476145846000 ended_ns=1790110476158416333 elapsed_us=12570 block_gets=0 block_puts=4 deleted=0
checkpoint_phase lsn=20312 phase=value_index_write slot=0 started_ns=1790110476158430000 ended_ns=1790110476170986333 elapsed_us=12556 block_gets=0 block_puts=4 deleted=0
checkpoint_phase lsn=20312 phase=value_index_write slot=0 started_ns=1790110476171000000 ended_ns=1790110476183091334 elapsed_us=12091 block_gets=0 block_puts=4 deleted=0
checkpoint_phase lsn=20312 phase=value_index_write slot=0 started_ns=1790110476183107000 ended_ns=1790110476193973583 elapsed_us=10866 block_gets=0 block_puts=4 deleted=0
checkpoint_phase lsn=20312 phase=value_index_write slot=0 started_ns=1790110476193986000 ended_ns=1790110476206763458 elapsed_us=12777 block_gets=0 block_puts=4 deleted=0
checkpoint_phase lsn=20312 phase=value_index_write slot=0 started_ns=1790110476206776000 ended_ns=1790110476220115000 elapsed_us=13339 block_gets=0 block_puts=4 deleted=0
checkpoint_phase lsn=20312 phase=value_index_write slot=0 started_ns=1790110476220122000 ended_ns=1790110476232404833 elapsed_us=12282 block_gets=0 block_puts=4 deleted=0
checkpoint_phase lsn=20312 phase=value_index_write slot=0 started_ns=1790110476232420000 ended_ns=1790110476244320875 elapsed_us=11900 block_gets=0 block_puts=4 deleted=0
checkpoint_phase lsn=20312 phase=value_index_write slot=0 started_ns=1790110476244328000 ended_ns=1790110476257294875 elapsed_us=12966 block_gets=0 block_puts=4 deleted=0
checkpoint_phase lsn=20312 phase=value_index_write slot=0 started_ns=1790110476257307000 ended_ns=1790110476272698667 elapsed_us=15391 block_gets=0 block_puts=5 deleted=0
checkpoint_phase lsn=20312 phase=value_index_schedule slot=0 started_ns=1790110476272715000 ended_ns=1790110476272718709 elapsed_us=3 block_gets=0 block_puts=0 deleted=0
checkpoint_phase lsn=20312 phase=value_index_schedule slot=0 started_ns=1790110476272725000 ended_ns=1790110476273518792 elapsed_us=793 block_gets=0 block_puts=0 deleted=0
checkpoint_phase lsn=20312 phase=value_index_schedule slot=0 started_ns=1790110476273530000 ended_ns=1790110476298790250 elapsed_us=25260 block_gets=8 block_puts=0 deleted=0
checkpoint_phase lsn=20312 phase=value_index_schedule slot=0 started_ns=1790110476298802000 ended_ns=1790110476323729416 elapsed_us=24927 block_gets=8 block_puts=0 deleted=0
checkpoint_phase lsn=20312 phase=value_index_schedule slot=0 started_ns=1790110476323741000 ended_ns=1790110476346439250 elapsed_us=22698 block_gets=8 block_puts=0 deleted=0
checkpoint_phase lsn=20312 phase=value_index_schedule slot=0 started_ns=1790110476346453000 ended_ns=1790110476369392000 elapsed_us=22939 block_gets=8 block_puts=0 deleted=0
checkpoint_phase lsn=20312 phase=value_index_schedule slot=0 started_ns=1790110476369417000 ended_ns=1790110476394280167 elapsed_us=24863 block_gets=8 block_puts=0 deleted=0
checkpoint_phase lsn=20312 phase=value_index_schedule slot=0 started_ns=1790110476394295000 ended_ns=1790110476418113333 elapsed_us=23818 block_gets=8 block_puts=0 deleted=0
checkpoint_phase lsn=20312 phase=value_index_schedule slot=0 started_ns=1790110476418126000 ended_ns=1790110476441728708 elapsed_us=23602 block_gets=8 block_puts=0 deleted=0
checkpoint_phase lsn=20312 phase=value_index_schedule slot=0 started_ns=1790110476441737000 ended_ns=1790110476466578458 elapsed_us=24841 block_gets=8 block_puts=0 deleted=0
checkpoint_phase lsn=20312 phase=value_index_schedule slot=0 started_ns=1790110476466593000 ended_ns=1790110476490842042 elapsed_us=24249 block_gets=8 block_puts=0 deleted=0
checkpoint_phase lsn=20312 phase=value_index_schedule slot=0 started_ns=1790110476490855000 ended_ns=1790110476514200666 elapsed_us=23345 block_gets=8 block_puts=0 deleted=0
checkpoint_phase lsn=20312 phase=value_index_schedule slot=0 started_ns=1790110476514217000 ended_ns=1790110476534790416 elapsed_us=20573 block_gets=8 block_puts=0 deleted=0
checkpoint_phase lsn=20312 phase=value_index_schedule slot=0 started_ns=1790110476534804000 ended_ns=1790110476558592375 elapsed_us=23788 block_gets=8 block_puts=0 deleted=0
checkpoint_phase lsn=20312 phase=value_index_schedule slot=0 started_ns=1790110476558604000 ended_ns=1790110476584109625 elapsed_us=25505 block_gets=8 block_puts=0 deleted=0
checkpoint_phase lsn=20312 phase=value_index_schedule slot=0 started_ns=1790110476584123000 ended_ns=1790110476608075625 elapsed_us=23952 block_gets=8 block_puts=0 deleted=0
checkpoint_phase lsn=20312 phase=value_index_schedule slot=0 started_ns=1790110476608088000 ended_ns=1790110476616239750 elapsed_us=8151 block_gets=2 block_puts=0 deleted=0
checkpoint_phase lsn=20312 phase=value_index_schedule slot=0 started_ns=1790110476616262000 ended_ns=1790110476616291000 elapsed_us=29 block_gets=0 block_puts=0 deleted=0
checkpoint_phase lsn=20312 phase=value_index_schedule slot=0 started_ns=1790110476616298000 ended_ns=1790110476616318875 elapsed_us=20 block_gets=0 block_puts=0 deleted=0
checkpoint_phase lsn=20312 phase=value_index_schedule slot=0 started_ns=1790110476616324000 ended_ns=1790110476616344583 elapsed_us=20 block_gets=0 block_puts=0 deleted=0
checkpoint_phase lsn=20312 phase=value_index_schedule slot=0 started_ns=1790110476616349000 ended_ns=1790110476621491917 elapsed_us=5142 block_gets=0 block_puts=1 deleted=0
checkpoint_phase lsn=20312 phase=value_index_schedule slot=0 started_ns=1790110476621506000 ended_ns=1790110476634890042 elapsed_us=13384 block_gets=0 block_puts=4 deleted=0
checkpoint_phase lsn=20312 phase=value_index_schedule slot=0 started_ns=1790110476634902000 ended_ns=1790110476637812875 elapsed_us=2910 block_gets=0 block_puts=0 deleted=0
checkpoint_phase lsn=20312 phase=value_index_schedule slot=0 started_ns=1790110476637821000 ended_ns=1790110476640702291 elapsed_us=2881 block_gets=0 block_puts=0 deleted=0
checkpoint_phase lsn=20312 phase=value_index_schedule slot=0 started_ns=1790110476640712000 ended_ns=1790110476643530500 elapsed_us=2818 block_gets=0 block_puts=0 deleted=0
checkpoint_phase lsn=20312 phase=value_index_schedule slot=0 started_ns=1790110476643536000 ended_ns=1790110476646333333 elapsed_us=2797 block_gets=0 block_puts=0 deleted=0
checkpoint_phase lsn=20312 phase=value_index_schedule slot=0 started_ns=1790110476646340000 ended_ns=1790110476646366125 elapsed_us=26 block_gets=0 block_puts=0 deleted=0
checkpoint_phase lsn=20312 phase=value_index_schedule slot=0 started_ns=1790110476646371000 ended_ns=1790110476646392125 elapsed_us=21 block_gets=0 block_puts=0 deleted=0
checkpoint_phase lsn=20312 phase=value_index_schedule slot=0 started_ns=1790110476646397000 ended_ns=1790110476646418000 elapsed_us=21 block_gets=0 block_puts=0 deleted=0
checkpoint_phase lsn=20312 phase=value_index_schedule slot=0 started_ns=1790110476646432000 ended_ns=1790110476650903084 elapsed_us=4471 block_gets=0 block_puts=1 deleted=0
checkpoint_phase lsn=20312 phase=value_index_schedule slot=0 started_ns=1790110476650910000 ended_ns=1790110476663931667 elapsed_us=13021 block_gets=0 block_puts=4 deleted=0
checkpoint_phase lsn=20312 phase=value_index_schedule slot=0 started_ns=1790110476663940000 ended_ns=1790110476664501375 elapsed_us=561 block_gets=0 block_puts=0 deleted=0
checkpoint_phase lsn=20312 phase=value_index_schedule slot=0 started_ns=1790110476664507000 ended_ns=1790110476664563167 elapsed_us=56 block_gets=0 block_puts=0 deleted=0
checkpoint_phase lsn=20312 phase=value_index_schedule slot=0 started_ns=1790110476664568000 ended_ns=1790110476664613708 elapsed_us=45 block_gets=0 block_puts=0 deleted=0
checkpoint_phase lsn=20312 phase=value_index_schedule slot=0 started_ns=1790110476664619000 ended_ns=1790110476664742083 elapsed_us=123 block_gets=0 block_puts=0 deleted=0
checkpoint_phase lsn=20312 phase=value_index_schedule slot=0 started_ns=1790110476664747000 ended_ns=1790110476669785833 elapsed_us=5038 block_gets=0 block_puts=1 deleted=0
checkpoint_phase lsn=20312 phase=value_index_schedule slot=0 started_ns=1790110476669794000 ended_ns=1790110476669921125 elapsed_us=127 block_gets=0 block_puts=0 deleted=0
checkpoint_phase lsn=20312 phase=value_index_schedule slot=0 started_ns=1790110476669930000 ended_ns=1790110476670078708 elapsed_us=148 block_gets=0 block_puts=0 deleted=0
checkpoint_phase lsn=20312 phase=value_index_schedule slot=0 started_ns=1790110476670084000 ended_ns=1790110476674034125 elapsed_us=3950 block_gets=0 block_puts=1 deleted=0
checkpoint_phase lsn=20312 phase=value_index_schedule slot=0 started_ns=1790110476674039000 ended_ns=1790110476674214125 elapsed_us=175 block_gets=0 block_puts=0 deleted=0
checkpoint_phase lsn=20312 phase=value_index_schedule slot=0 started_ns=1790110476674220000 ended_ns=1790110476674224333 elapsed_us=4 block_gets=0 block_puts=0 deleted=0
checkpoint_phase lsn=20312 phase=value_index_schedule slot=0 started_ns=1790110476674228000 ended_ns=1790110476686215708 elapsed_us=11987 block_gets=0 block_puts=4 deleted=0
checkpoint_phase lsn=20312 phase=value_index_schedule slot=0 started_ns=1790110476686228000 ended_ns=1790110476689086250 elapsed_us=2858 block_gets=0 block_puts=0 deleted=0
checkpoint_phase lsn=20312 phase=value_index_schedule slot=0 started_ns=1790110476689101000 ended_ns=1790110476691206917 elapsed_us=2105 block_gets=0 block_puts=0 deleted=0
checkpoint_phase lsn=20312 phase=value_index_schedule slot=0 started_ns=1790110476691220000 ended_ns=1790110476691246375 elapsed_us=26 block_gets=0 block_puts=0 deleted=0
checkpoint_phase lsn=20312 phase=value_index_schedule slot=0 started_ns=1790110476691251000 ended_ns=1790110476704574667 elapsed_us=13323 block_gets=0 block_puts=4 deleted=0
checkpoint_phase lsn=20312 phase=value_index_schedule slot=0 started_ns=1790110476704588000 ended_ns=1790110476704588250 elapsed_us=0 block_gets=0 block_puts=0 deleted=0
checkpoint_phase lsn=20312 phase=value_index_schedule slot=0 started_ns=1790110476704594000 ended_ns=1790110476705135000 elapsed_us=541 block_gets=0 block_puts=0 deleted=0
checkpoint_phase lsn=20312 phase=value_index_schedule slot=0 started_ns=1790110476705143000 ended_ns=1790110476705313292 elapsed_us=170 block_gets=0 block_puts=0 deleted=0
checkpoint_phase lsn=20312 phase=value_index_schedule slot=0 started_ns=1790110476705341000 ended_ns=1790110476705494958 elapsed_us=153 block_gets=0 block_puts=0 deleted=0
checkpoint_phase lsn=20312 phase=value_index_schedule slot=0 started_ns=1790110476705504000 ended_ns=1790110476705648167 elapsed_us=144 block_gets=0 block_puts=0 deleted=0
checkpoint_phase lsn=20312 phase=value_index_schedule slot=0 started_ns=1790110476705658000 ended_ns=1790110476710358041 elapsed_us=4700 block_gets=0 block_puts=1 deleted=0
checkpoint_phase lsn=20312 phase=value_index_schedule slot=0 started_ns=1790110476710375000 ended_ns=1790110476710521416 elapsed_us=146 block_gets=0 block_puts=0 deleted=0
checkpoint_phase lsn=20312 phase=value_index_schedule slot=0 started_ns=1790110476710554000 ended_ns=1790110476710689875 elapsed_us=135 block_gets=0 block_puts=0 deleted=0
checkpoint_phase lsn=20312 phase=value_index_schedule slot=0 started_ns=1790110476710699000 ended_ns=1790110476715859750 elapsed_us=5160 block_gets=0 block_puts=1 deleted=0
checkpoint_phase lsn=20312 phase=value_index_schedule slot=0 started_ns=1790110476715884000 ended_ns=1790110476715930833 elapsed_us=46 block_gets=0 block_puts=0 deleted=0
checkpoint_phase lsn=20312 phase=value_index_schedule slot=0 started_ns=1790110476715942000 ended_ns=1790110476716031125 elapsed_us=89 block_gets=0 block_puts=0 deleted=0
checkpoint_phase lsn=20312 phase=value_index_schedule slot=0 started_ns=1790110476716036000 ended_ns=1790110476721265334 elapsed_us=5229 block_gets=0 block_puts=1 deleted=0
checkpoint_phase lsn=20312 phase=value_index_schedule slot=0 started_ns=1790110476721276000 ended_ns=1790110476735698958 elapsed_us=14422 block_gets=0 block_puts=4 deleted=0
checkpoint_phase lsn=20312 phase=value_index_schedule slot=0 started_ns=1790110476735712000 ended_ns=1790110476735712208 elapsed_us=0 block_gets=0 block_puts=0 deleted=0
checkpoint_phase lsn=20312 phase=value_index_write slot=0 started_ns=1790110476735718000 ended_ns=1790110476748684750 elapsed_us=12966 block_gets=0 block_puts=4 deleted=0
checkpoint_phase lsn=20312 phase=value_index_write slot=0 started_ns=1790110476748697000 ended_ns=1790110476761468042 elapsed_us=12771 block_gets=0 block_puts=4 deleted=0
checkpoint_phase lsn=20312 phase=value_index_write slot=0 started_ns=1790110476761479000 ended_ns=1790110476773967833 elapsed_us=12488 block_gets=0 block_puts=4 deleted=0
checkpoint_phase lsn=20312 phase=value_index_write slot=0 started_ns=1790110476773977000 ended_ns=1790110476786174958 elapsed_us=12197 block_gets=0 block_puts=4 deleted=0
checkpoint_phase lsn=20312 phase=value_index_write slot=0 started_ns=1790110476786183000 ended_ns=1790110476797880167 elapsed_us=11697 block_gets=0 block_puts=4 deleted=0
checkpoint_phase lsn=20312 phase=value_index_write slot=0 started_ns=1790110476797888000 ended_ns=1790110476810648292 elapsed_us=12760 block_gets=0 block_puts=4 deleted=0
checkpoint_phase lsn=20312 phase=value_index_write slot=0 started_ns=1790110476810654000 ended_ns=1790110476824122209 elapsed_us=13468 block_gets=0 block_puts=4 deleted=0
checkpoint_phase lsn=20312 phase=value_index_write slot=0 started_ns=1790110476824134000 ended_ns=1790110476834540916 elapsed_us=10406 block_gets=0 block_puts=4 deleted=0
checkpoint_phase lsn=20312 phase=value_index_write slot=0 started_ns=1790110476834554000 ended_ns=1790110476847621958 elapsed_us=13067 block_gets=0 block_puts=4 deleted=0
checkpoint_phase lsn=20312 phase=value_index_write slot=0 started_ns=1790110476847639000 ended_ns=1790110476859973459 elapsed_us=12334 block_gets=0 block_puts=4 deleted=0
checkpoint_phase lsn=20312 phase=value_index_write slot=0 started_ns=1790110476859986000 ended_ns=1790110476870318625 elapsed_us=10332 block_gets=0 block_puts=4 deleted=0
checkpoint_phase lsn=20312 phase=value_index_write slot=0 started_ns=1790110476870331000 ended_ns=1790110476883937708 elapsed_us=13606 block_gets=0 block_puts=4 deleted=0
checkpoint_phase lsn=20312 phase=value_index_write slot=0 started_ns=1790110476883946000 ended_ns=1790110476894815667 elapsed_us=10869 block_gets=0 block_puts=4 deleted=0
checkpoint_phase lsn=20312 phase=value_index_write slot=0 started_ns=1790110476894825000 ended_ns=1790110476907582875 elapsed_us=12757 block_gets=0 block_puts=4 deleted=0
checkpoint_phase lsn=20312 phase=value_index_write slot=0 started_ns=1790110476907591000 ended_ns=1790110476919791875 elapsed_us=12200 block_gets=0 block_puts=4 deleted=0
checkpoint_phase lsn=20312 phase=value_index_write slot=0 started_ns=1790110476919799000 ended_ns=1790110476932323541 elapsed_us=12524 block_gets=0 block_puts=4 deleted=0
checkpoint_phase lsn=20312 phase=value_index_write slot=0 started_ns=1790110476932335000 ended_ns=1790110476943976084 elapsed_us=11641 block_gets=0 block_puts=4 deleted=0
checkpoint_phase lsn=20312 phase=value_index_write slot=0 started_ns=1790110476943994000 ended_ns=1790110476956862500 elapsed_us=12868 block_gets=0 block_puts=4 deleted=0
checkpoint_phase lsn=20312 phase=value_index_write slot=0 started_ns=1790110476956873000 ended_ns=1790110476969130208 elapsed_us=12257 block_gets=0 block_puts=4 deleted=0
checkpoint_phase lsn=20312 phase=value_index_write slot=0 started_ns=1790110476969140000 ended_ns=1790110476982689083 elapsed_us=13549 block_gets=0 block_puts=4 deleted=0
checkpoint_phase lsn=20312 phase=value_index_write slot=0 started_ns=1790110476982701000 ended_ns=1790110476994861708 elapsed_us=12160 block_gets=0 block_puts=4 deleted=0
checkpoint_phase lsn=20312 phase=value_index_write slot=0 started_ns=1790110476994870000 ended_ns=1790110477006697000 elapsed_us=11827 block_gets=0 block_puts=4 deleted=0
checkpoint_phase lsn=20312 phase=value_index_write slot=0 started_ns=1790110477006707000 ended_ns=1790110477017738500 elapsed_us=11031 block_gets=0 block_puts=4 deleted=0
checkpoint_phase lsn=20312 phase=value_index_write slot=0 started_ns=1790110477017751000 ended_ns=1790110477029742917 elapsed_us=11991 block_gets=0 block_puts=4 deleted=0
checkpoint_phase lsn=20312 phase=value_index_write slot=0 started_ns=1790110477029757000 ended_ns=1790110477040125000 elapsed_us=10368 block_gets=0 block_puts=4 deleted=0
checkpoint_phase lsn=20312 phase=value_index_write slot=0 started_ns=1790110477040139000 ended_ns=1790110477050812875 elapsed_us=10673 block_gets=0 block_puts=4 deleted=0
checkpoint_phase lsn=20312 phase=value_index_write slot=0 started_ns=1790110477050826000 ended_ns=1790110477061225708 elapsed_us=10399 block_gets=0 block_puts=4 deleted=0
checkpoint_phase lsn=20312 phase=value_index_write slot=0 started_ns=1790110477061239000 ended_ns=1790110477072012584 elapsed_us=10773 block_gets=0 block_puts=4 deleted=0
checkpoint_phase lsn=20312 phase=value_index_write slot=0 started_ns=1790110477072026000 ended_ns=1790110477084615959 elapsed_us=12589 block_gets=0 block_puts=4 deleted=0
checkpoint_phase lsn=20312 phase=value_index_write slot=0 started_ns=1790110477084625000 ended_ns=1790110477096426167 elapsed_us=11801 block_gets=0 block_puts=4 deleted=0
checkpoint_phase lsn=20312 phase=value_index_write slot=0 started_ns=1790110477096434000 ended_ns=1790110477107441417 elapsed_us=11007 block_gets=0 block_puts=4 deleted=0
checkpoint_phase lsn=20312 phase=value_index_write slot=0 started_ns=1790110477107454000 ended_ns=1790110477118565417 elapsed_us=11111 block_gets=0 block_puts=4 deleted=0
checkpoint_phase lsn=20312 phase=value_index_write slot=0 started_ns=1790110477118578000 ended_ns=1790110477135392458 elapsed_us=16814 block_gets=0 block_puts=5 deleted=0
checkpoint_phase lsn=20312 phase=value_index_write slot=0 started_ns=1790110477135411000 ended_ns=1790110477147694375 elapsed_us=12283 block_gets=0 block_puts=4 deleted=0
checkpoint_phase lsn=20312 phase=value_index_write slot=0 started_ns=1790110477147705000 ended_ns=1790110477161444792 elapsed_us=13739 block_gets=0 block_puts=4 deleted=0
checkpoint_phase lsn=20312 phase=value_index_write slot=0 started_ns=1790110477161455000 ended_ns=1790110477174706791 elapsed_us=13251 block_gets=0 block_puts=4 deleted=0
checkpoint_phase lsn=20312 phase=value_index_write slot=0 started_ns=1790110477174720000 ended_ns=1790110477187224541 elapsed_us=12504 block_gets=0 block_puts=4 deleted=0
checkpoint_phase lsn=20312 phase=value_index_write slot=0 started_ns=1790110477187239000 ended_ns=1790110477200186666 elapsed_us=12947 block_gets=0 block_puts=4 deleted=0
checkpoint_phase lsn=20312 phase=value_index_write slot=0 started_ns=1790110477200197000 ended_ns=1790110477211069583 elapsed_us=10872 block_gets=0 block_puts=4 deleted=0
checkpoint_phase lsn=20312 phase=value_index_write slot=0 started_ns=1790110477211083000 ended_ns=1790110477221539708 elapsed_us=10456 block_gets=0 block_puts=4 deleted=0
checkpoint_phase lsn=20312 phase=value_index_write slot=0 started_ns=1790110477221555000 ended_ns=1790110477236332042 elapsed_us=14777 block_gets=0 block_puts=5 deleted=0
checkpoint_phase lsn=20312 phase=value_index_write slot=0 started_ns=1790110477236384000 ended_ns=1790110477249395666 elapsed_us=13011 block_gets=0 block_puts=4 deleted=0
checkpoint_phase lsn=20312 phase=value_index_write slot=0 started_ns=1790110477249409000 ended_ns=1790110477260790416 elapsed_us=11381 block_gets=0 block_puts=4 deleted=0
checkpoint_phase lsn=20312 phase=value_index_write slot=0 started_ns=1790110477260803000 ended_ns=1790110477273409125 elapsed_us=12606 block_gets=0 block_puts=4 deleted=0
checkpoint_phase lsn=20312 phase=value_index_write slot=0 started_ns=1790110477273423000 ended_ns=1790110477285626292 elapsed_us=12203 block_gets=0 block_puts=4 deleted=0
checkpoint_phase lsn=20312 phase=value_index_write slot=0 started_ns=1790110477285636000 ended_ns=1790110477298356417 elapsed_us=12720 block_gets=0 block_puts=4 deleted=0
checkpoint_phase lsn=20312 phase=value_index_write slot=0 started_ns=1790110477298366000 ended_ns=1790110477310888209 elapsed_us=12522 block_gets=0 block_puts=4 deleted=0
checkpoint_phase lsn=20312 phase=value_index_write slot=0 started_ns=1790110477310896000 ended_ns=1790110477323556791 elapsed_us=12660 block_gets=0 block_puts=4 deleted=0
checkpoint_phase lsn=20312 phase=value_index_write slot=0 started_ns=1790110477323565000 ended_ns=1790110477339331958 elapsed_us=15766 block_gets=0 block_puts=5 deleted=0
checkpoint_phase lsn=20312 phase=value_index_write slot=0 started_ns=1790110477339341000 ended_ns=1790110477352363792 elapsed_us=13022 block_gets=0 block_puts=4 deleted=0
checkpoint_phase lsn=20312 phase=value_index_write slot=0 started_ns=1790110477352376000 ended_ns=1790110477365480542 elapsed_us=13104 block_gets=0 block_puts=4 deleted=0
checkpoint_phase lsn=20312 phase=value_index_write slot=0 started_ns=1790110477365496000 ended_ns=1790110477377358125 elapsed_us=11862 block_gets=0 block_puts=4 deleted=0
checkpoint_phase lsn=20312 phase=value_index_write slot=0 started_ns=1790110477377372000 ended_ns=1790110477391252250 elapsed_us=13880 block_gets=0 block_puts=4 deleted=0
checkpoint_phase lsn=20312 phase=value_index_write slot=0 started_ns=1790110477391263000 ended_ns=1790110477403878875 elapsed_us=12615 block_gets=0 block_puts=4 deleted=0
checkpoint_phase lsn=20312 phase=value_index_write slot=0 started_ns=1790110477403894000 ended_ns=1790110477416897959 elapsed_us=13003 block_gets=0 block_puts=4 deleted=0
checkpoint_phase lsn=20312 phase=value_index_write slot=0 started_ns=1790110477416914000 ended_ns=1790110477428349042 elapsed_us=11435 block_gets=0 block_puts=4 deleted=0
checkpoint_phase lsn=20312 phase=value_index_write slot=0 started_ns=1790110477428362000 ended_ns=1790110477442464292 elapsed_us=14102 block_gets=0 block_puts=5 deleted=0
checkpoint_phase lsn=20312 phase=value_index_write slot=0 started_ns=1790110477442476000 ended_ns=1790110477453307834 elapsed_us=10831 block_gets=0 block_puts=4 deleted=0
checkpoint_phase lsn=20312 phase=value_index_write slot=0 started_ns=1790110477453321000 ended_ns=1790110477464684833 elapsed_us=11363 block_gets=0 block_puts=4 deleted=0
checkpoint_phase lsn=20312 phase=value_index_write slot=0 started_ns=1790110477464693000 ended_ns=1790110477476601125 elapsed_us=11908 block_gets=0 block_puts=4 deleted=0
checkpoint_phase lsn=20312 phase=value_index_write slot=0 started_ns=1790110477476609000 ended_ns=1790110477490007042 elapsed_us=13398 block_gets=0 block_puts=4 deleted=0
checkpoint_phase lsn=20312 phase=value_index_write slot=0 started_ns=1790110477490015000 ended_ns=1790110477502479750 elapsed_us=12464 block_gets=0 block_puts=4 deleted=0
checkpoint_phase lsn=20312 phase=value_index_write slot=0 started_ns=1790110477502490000 ended_ns=1790110477515868458 elapsed_us=13378 block_gets=0 block_puts=4 deleted=0
checkpoint_phase lsn=20312 phase=value_index_write slot=0 started_ns=1790110477515877000 ended_ns=1790110477526715959 elapsed_us=10838 block_gets=0 block_puts=4 deleted=0
checkpoint_phase lsn=20312 phase=value_index_write slot=0 started_ns=1790110477526723000 ended_ns=1790110477542324041 elapsed_us=15601 block_gets=0 block_puts=5 deleted=0
checkpoint_phase lsn=20312 phase=value_index_write slot=0 started_ns=1790110477542345000 ended_ns=1790110477554737208 elapsed_us=12392 block_gets=0 block_puts=4 deleted=0
checkpoint_phase lsn=20312 phase=value_index_write slot=0 started_ns=1790110477554746000 ended_ns=1790110477565549750 elapsed_us=10803 block_gets=0 block_puts=4 deleted=0
checkpoint_phase lsn=20312 phase=value_index_write slot=0 started_ns=1790110477565556000 ended_ns=1790110477578174417 elapsed_us=12618 block_gets=0 block_puts=4 deleted=0
checkpoint_phase lsn=20312 phase=value_index_write slot=0 started_ns=1790110477578182000 ended_ns=1790110477589289500 elapsed_us=11107 block_gets=0 block_puts=4 deleted=0
checkpoint_phase lsn=20312 phase=value_index_write slot=0 started_ns=1790110477589297000 ended_ns=1790110477600236583 elapsed_us=10939 block_gets=0 block_puts=4 deleted=0
checkpoint_phase lsn=20312 phase=value_index_write slot=0 started_ns=1790110477600245000 ended_ns=1790110477613278416 elapsed_us=13033 block_gets=0 block_puts=4 deleted=0
checkpoint_phase lsn=20312 phase=value_index_write slot=0 started_ns=1790110477613318000 ended_ns=1790110477625156292 elapsed_us=11838 block_gets=0 block_puts=4 deleted=0
checkpoint_phase lsn=20312 phase=value_index_write slot=0 started_ns=1790110477625170000 ended_ns=1790110477638066583 elapsed_us=12896 block_gets=0 block_puts=5 deleted=0
checkpoint_phase lsn=20312 phase=value_index_write slot=0 started_ns=1790110477638080000 ended_ns=1790110477651397375 elapsed_us=13317 block_gets=0 block_puts=4 deleted=0
checkpoint_phase lsn=20312 phase=value_index_write slot=0 started_ns=1790110477651410000 ended_ns=1790110477664619958 elapsed_us=13209 block_gets=0 block_puts=4 deleted=0
checkpoint_phase lsn=20312 phase=value_index_write slot=0 started_ns=1790110477664628000 ended_ns=1790110477677535708 elapsed_us=12907 block_gets=0 block_puts=4 deleted=0
checkpoint_phase lsn=20312 phase=value_index_write slot=0 started_ns=1790110477677544000 ended_ns=1790110477689812083 elapsed_us=12268 block_gets=0 block_puts=4 deleted=0
checkpoint_phase lsn=20312 phase=value_index_write slot=0 started_ns=1790110477689823000 ended_ns=1790110477702360667 elapsed_us=12537 block_gets=0 block_puts=4 deleted=0
checkpoint_phase lsn=20312 phase=value_index_write slot=0 started_ns=1790110477702368000 ended_ns=1790110477714954125 elapsed_us=12586 block_gets=0 block_puts=4 deleted=0
checkpoint_phase lsn=20312 phase=value_index_write slot=0 started_ns=1790110477714964000 ended_ns=1790110477727332333 elapsed_us=12368 block_gets=0 block_puts=4 deleted=0
checkpoint_phase lsn=20312 phase=value_index_write slot=0 started_ns=1790110477727340000 ended_ns=1790110477743570834 elapsed_us=16230 block_gets=0 block_puts=5 deleted=0
checkpoint_phase lsn=20312 phase=value_index_write slot=0 started_ns=1790110477743583000 ended_ns=1790110477756037250 elapsed_us=12454 block_gets=0 block_puts=4 deleted=0
checkpoint_phase lsn=20312 phase=value_index_write slot=0 started_ns=1790110477756048000 ended_ns=1790110477767742125 elapsed_us=11694 block_gets=0 block_puts=4 deleted=0
checkpoint_phase lsn=20312 phase=value_index_write slot=0 started_ns=1790110477767760000 ended_ns=1790110477779307084 elapsed_us=11547 block_gets=0 block_puts=4 deleted=0
checkpoint_phase lsn=20312 phase=value_index_write slot=0 started_ns=1790110477779319000 ended_ns=1790110477790834333 elapsed_us=11515 block_gets=0 block_puts=4 deleted=0
checkpoint_phase lsn=20312 phase=value_index_write slot=0 started_ns=1790110477790849000 ended_ns=1790110477802334167 elapsed_us=11485 block_gets=0 block_puts=4 deleted=0
checkpoint_phase lsn=20312 phase=value_index_write slot=0 started_ns=1790110477802346000 ended_ns=1790110477815041583 elapsed_us=12695 block_gets=0 block_puts=4 deleted=0
checkpoint_phase lsn=20312 phase=value_index_write slot=0 started_ns=1790110477815052000 ended_ns=1790110477826401750 elapsed_us=11349 block_gets=0 block_puts=4 deleted=0
checkpoint_phase lsn=20312 phase=value_index_write slot=0 started_ns=1790110477826413000 ended_ns=1790110477843540000 elapsed_us=17127 block_gets=0 block_puts=5 deleted=0
checkpoint_phase lsn=20312 phase=value_index_write slot=0 started_ns=1790110477843566000 ended_ns=1790110477855560500 elapsed_us=11994 block_gets=0 block_puts=4 deleted=0
checkpoint_phase lsn=20312 phase=value_index_write slot=0 started_ns=1790110477855573000 ended_ns=1790110477867668875 elapsed_us=12095 block_gets=0 block_puts=4 deleted=0
checkpoint_phase lsn=20312 phase=value_index_write slot=0 started_ns=1790110477867680000 ended_ns=1790110477879416334 elapsed_us=11736 block_gets=0 block_puts=4 deleted=0
checkpoint_phase lsn=20312 phase=value_index_write slot=0 started_ns=1790110477879425000 ended_ns=1790110477890142000 elapsed_us=10717 block_gets=0 block_puts=4 deleted=0
checkpoint_phase lsn=20312 phase=value_index_write slot=0 started_ns=1790110477890150000 ended_ns=1790110477901987083 elapsed_us=11837 block_gets=0 block_puts=4 deleted=0
checkpoint_phase lsn=20312 phase=value_index_write slot=0 started_ns=1790110477901997000 ended_ns=1790110477914276333 elapsed_us=12279 block_gets=0 block_puts=4 deleted=0
checkpoint_phase lsn=20312 phase=value_index_write slot=0 started_ns=1790110477914282000 ended_ns=1790110477927393500 elapsed_us=13111 block_gets=0 block_puts=4 deleted=0
checkpoint_phase lsn=20312 phase=value_index_write slot=0 started_ns=1790110477927400000 ended_ns=1790110477943409667 elapsed_us=16009 block_gets=0 block_puts=5 deleted=0
checkpoint_phase lsn=20312 phase=value_index_write slot=0 started_ns=1790110477943424000 ended_ns=1790110477954120292 elapsed_us=10696 block_gets=0 block_puts=4 deleted=0
checkpoint_phase lsn=20312 phase=value_index_write slot=0 started_ns=1790110477954134000 ended_ns=1790110477965557334 elapsed_us=11423 block_gets=0 block_puts=4 deleted=0
checkpoint_phase lsn=20312 phase=value_index_write slot=0 started_ns=1790110477965573000 ended_ns=1790110477977845916 elapsed_us=12272 block_gets=0 block_puts=4 deleted=0
checkpoint_phase lsn=20312 phase=value_index_write slot=0 started_ns=1790110477977861000 ended_ns=1790110477990691334 elapsed_us=12830 block_gets=0 block_puts=4 deleted=0
checkpoint_phase lsn=20312 phase=value_index_write slot=0 started_ns=1790110477990704000 ended_ns=1790110478003510875 elapsed_us=12806 block_gets=0 block_puts=4 deleted=0
checkpoint_phase lsn=20312 phase=value_index_write slot=0 started_ns=1790110478003520000 ended_ns=1790110478015307500 elapsed_us=11787 block_gets=0 block_puts=4 deleted=0
checkpoint_phase lsn=20312 phase=value_index_write slot=0 started_ns=1790110478015319000 ended_ns=1790110478028309750 elapsed_us=12990 block_gets=0 block_puts=4 deleted=0
checkpoint_phase lsn=20312 phase=value_index_write slot=0 started_ns=1790110478028317000 ended_ns=1790110478045376000 elapsed_us=17059 block_gets=0 block_puts=5 deleted=0
checkpoint_phase lsn=20312 phase=value_index_write slot=0 started_ns=1790110478045386000 ended_ns=1790110478056891958 elapsed_us=11505 block_gets=0 block_puts=4 deleted=0
checkpoint_phase lsn=20312 phase=value_index_write slot=0 started_ns=1790110478056902000 ended_ns=1790110478070357750 elapsed_us=13455 block_gets=0 block_puts=4 deleted=0
checkpoint_phase lsn=20312 phase=value_index_write slot=0 started_ns=1790110478070366000 ended_ns=1790110478082609125 elapsed_us=12243 block_gets=0 block_puts=4 deleted=0
checkpoint_phase lsn=20312 phase=value_index_write slot=0 started_ns=1790110478082623000 ended_ns=1790110478094192542 elapsed_us=11569 block_gets=0 block_puts=4 deleted=0
checkpoint_phase lsn=20312 phase=value_index_write slot=0 started_ns=1790110478094207000 ended_ns=1790110478106857459 elapsed_us=12650 block_gets=0 block_puts=4 deleted=0
checkpoint_phase lsn=20312 phase=value_index_write slot=0 started_ns=1790110478106872000 ended_ns=1790110478119025750 elapsed_us=12153 block_gets=0 block_puts=4 deleted=0
checkpoint_phase lsn=20312 phase=value_index_write slot=0 started_ns=1790110478119040000 ended_ns=1790110478132579084 elapsed_us=13539 block_gets=0 block_puts=4 deleted=0
checkpoint_phase lsn=20312 phase=value_index_write slot=0 started_ns=1790110478132591000 ended_ns=1790110478148402958 elapsed_us=15811 block_gets=0 block_puts=5 deleted=0
checkpoint_phase lsn=20312 phase=value_index_write slot=0 started_ns=1790110478148428000 ended_ns=1790110478162212875 elapsed_us=13784 block_gets=0 block_puts=4 deleted=0
checkpoint_phase lsn=20312 phase=value_index_write slot=0 started_ns=1790110478162224000 ended_ns=1790110478176169667 elapsed_us=13945 block_gets=0 block_puts=4 deleted=0
checkpoint_phase lsn=20312 phase=value_index_write slot=0 started_ns=1790110478176182000 ended_ns=1790110478189863250 elapsed_us=13681 block_gets=0 block_puts=4 deleted=0
checkpoint_phase lsn=20312 phase=value_index_write slot=0 started_ns=1790110478189873000 ended_ns=1790110478202198208 elapsed_us=12325 block_gets=0 block_puts=4 deleted=0
checkpoint_phase lsn=20312 phase=value_index_write slot=0 started_ns=1790110478202206000 ended_ns=1790110478215635833 elapsed_us=13429 block_gets=0 block_puts=4 deleted=0
checkpoint_phase lsn=20312 phase=value_index_write slot=0 started_ns=1790110478215642000 ended_ns=1790110478226303667 elapsed_us=10661 block_gets=0 block_puts=4 deleted=0
checkpoint_phase lsn=20312 phase=value_index_write slot=0 started_ns=1790110478226315000 ended_ns=1790110478239234500 elapsed_us=12919 block_gets=0 block_puts=4 deleted=0
checkpoint_phase lsn=20312 phase=value_index_write slot=0 started_ns=1790110478239246000 ended_ns=1790110478254027500 elapsed_us=14781 block_gets=0 block_puts=5 deleted=0
checkpoint_phase lsn=20312 phase=value_index_write slot=0 started_ns=1790110478254035000 ended_ns=1790110478267137125 elapsed_us=13102 block_gets=0 block_puts=4 deleted=0
checkpoint_phase lsn=20312 phase=value_index_write slot=0 started_ns=1790110478267149000 ended_ns=1790110478279960834 elapsed_us=12811 block_gets=0 block_puts=4 deleted=0
checkpoint_phase lsn=20312 phase=value_index_write slot=0 started_ns=1790110478279975000 ended_ns=1790110478291857417 elapsed_us=11882 block_gets=0 block_puts=4 deleted=0
checkpoint_phase lsn=20312 phase=value_index_write slot=0 started_ns=1790110478291869000 ended_ns=1790110478303522333 elapsed_us=11653 block_gets=0 block_puts=4 deleted=0
checkpoint_phase lsn=20312 phase=value_index_write slot=0 started_ns=1790110478303540000 ended_ns=1790110478314687667 elapsed_us=11147 block_gets=0 block_puts=4 deleted=0
checkpoint_phase lsn=20312 phase=value_index_write slot=0 started_ns=1790110478314702000 ended_ns=1790110478326585541 elapsed_us=11883 block_gets=0 block_puts=4 deleted=0
checkpoint_phase lsn=20312 phase=value_index_write slot=0 started_ns=1790110478326598000 ended_ns=1790110478337291791 elapsed_us=10693 block_gets=0 block_puts=4 deleted=0
checkpoint_phase lsn=20312 phase=value_index_write slot=0 started_ns=1790110478337303000 ended_ns=1790110478353230417 elapsed_us=15927 block_gets=0 block_puts=5 deleted=0
checkpoint_phase lsn=20312 phase=value_index_write slot=0 started_ns=1790110478353240000 ended_ns=1790110478365344750 elapsed_us=12104 block_gets=0 block_puts=4 deleted=0
checkpoint_phase lsn=20312 phase=value_index_write slot=0 started_ns=1790110478365353000 ended_ns=1790110478378212667 elapsed_us=12859 block_gets=0 block_puts=4 deleted=0
checkpoint_phase lsn=20312 phase=value_index_write slot=0 started_ns=1790110478378220000 ended_ns=1790110478390953417 elapsed_us=12733 block_gets=0 block_puts=5 deleted=0
checkpoint_phase lsn=20312 phase=value_index_schedule slot=0 started_ns=1790110478390966000 ended_ns=1790110478390969625 elapsed_us=3 block_gets=0 block_puts=0 deleted=0
checkpoint_phase lsn=20312 phase=value_index_schedule slot=0 started_ns=1790110478390975000 ended_ns=1790110478391789167 elapsed_us=814 block_gets=0 block_puts=0 deleted=0
checkpoint_phase lsn=20312 phase=value_index_schedule slot=0 started_ns=1790110478391798000 ended_ns=1790110478417778167 elapsed_us=25980 block_gets=8 block_puts=0 deleted=0
checkpoint_phase lsn=20312 phase=value_index_schedule slot=0 started_ns=1790110478417792000 ended_ns=1790110478443795666 elapsed_us=26003 block_gets=8 block_puts=0 deleted=0
checkpoint_phase lsn=20312 phase=value_index_schedule slot=0 started_ns=1790110478443807000 ended_ns=1790110478451782500 elapsed_us=7975 block_gets=3 block_puts=0 deleted=0
checkpoint_phase lsn=20312 phase=value_index_schedule slot=0 started_ns=1790110478451807000 ended_ns=1790110478451834250 elapsed_us=27 block_gets=0 block_puts=0 deleted=0
checkpoint_phase lsn=20312 phase=value_index_schedule slot=0 started_ns=1790110478451840000 ended_ns=1790110478451862334 elapsed_us=22 block_gets=0 block_puts=0 deleted=0
checkpoint_phase lsn=20312 phase=value_index_schedule slot=0 started_ns=1790110478451868000 ended_ns=1790110478451890125 elapsed_us=22 block_gets=0 block_puts=0 deleted=0
checkpoint_phase lsn=20312 phase=value_index_schedule slot=0 started_ns=1790110478451896000 ended_ns=1790110478457022250 elapsed_us=5126 block_gets=0 block_puts=1 deleted=0
checkpoint_phase lsn=20312 phase=value_index_schedule slot=0 started_ns=1790110478457029000 ended_ns=1790110478457051666 elapsed_us=22 block_gets=0 block_puts=0 deleted=0
checkpoint_phase lsn=20312 phase=value_index_schedule slot=0 started_ns=1790110478457057000 ended_ns=1790110478469626292 elapsed_us=12569 block_gets=0 block_puts=4 deleted=0
checkpoint_phase lsn=20312 phase=value_index_schedule slot=0 started_ns=1790110478469641000 ended_ns=1790110478490892042 elapsed_us=21251 block_gets=8 block_puts=0 deleted=0
checkpoint_phase lsn=20312 phase=value_index_schedule slot=0 started_ns=1790110478490905000 ended_ns=1790110478512818375 elapsed_us=21913 block_gets=8 block_puts=0 deleted=0
checkpoint_phase lsn=20312 phase=value_index_schedule slot=0 started_ns=1790110478512832000 ended_ns=1790110478536592333 elapsed_us=23760 block_gets=8 block_puts=0 deleted=0
checkpoint_phase lsn=20312 phase=value_index_schedule slot=0 started_ns=1790110478536605000 ended_ns=1790110478559494292 elapsed_us=22889 block_gets=8 block_puts=0 deleted=0
checkpoint_phase lsn=20312 phase=value_index_schedule slot=0 started_ns=1790110478559505000 ended_ns=1790110478581377541 elapsed_us=21872 block_gets=8 block_puts=0 deleted=0
checkpoint_phase lsn=20312 phase=value_index_schedule slot=0 started_ns=1790110478581389000 ended_ns=1790110478605234083 elapsed_us=23845 block_gets=8 block_puts=0 deleted=0
checkpoint_phase lsn=20312 phase=value_index_schedule slot=0 started_ns=1790110478605244000 ended_ns=1790110478629041916 elapsed_us=23797 block_gets=8 block_puts=0 deleted=0
checkpoint_phase lsn=20312 phase=value_index_schedule slot=0 started_ns=1790110478629054000 ended_ns=1790110478652565375 elapsed_us=23511 block_gets=8 block_puts=0 deleted=0
checkpoint_phase lsn=20312 phase=value_index_schedule slot=0 started_ns=1790110478652579000 ended_ns=1790110478675639750 elapsed_us=23060 block_gets=8 block_puts=0 deleted=0
checkpoint_phase lsn=20312 phase=value_index_schedule slot=0 started_ns=1790110478675662000 ended_ns=1790110478696207875 elapsed_us=20545 block_gets=8 block_puts=0 deleted=0
checkpoint_phase lsn=20312 phase=value_index_schedule slot=0 started_ns=1790110478696223000 ended_ns=1790110478719262083 elapsed_us=23039 block_gets=8 block_puts=0 deleted=0
checkpoint_phase lsn=20312 phase=value_index_schedule slot=0 started_ns=1790110478719276000 ended_ns=1790110478742794125 elapsed_us=23518 block_gets=7 block_puts=0 deleted=0
checkpoint_phase lsn=20312 phase=value_index_schedule slot=0 started_ns=1790110478742807000 ended_ns=1790110478742834417 elapsed_us=27 block_gets=0 block_puts=0 deleted=0
checkpoint_phase lsn=20312 phase=value_index_schedule slot=0 started_ns=1790110478742841000 ended_ns=1790110478742862917 elapsed_us=21 block_gets=0 block_puts=0 deleted=0
checkpoint_phase lsn=20312 phase=value_index_schedule slot=0 started_ns=1790110478742868000 ended_ns=1790110478742889875 elapsed_us=21 block_gets=0 block_puts=0 deleted=0
checkpoint_phase lsn=20312 phase=value_index_schedule slot=0 started_ns=1790110478742894000 ended_ns=1790110478748066750 elapsed_us=5172 block_gets=0 block_puts=1 deleted=0
checkpoint_phase lsn=20312 phase=value_index_schedule slot=0 started_ns=1790110478748074000 ended_ns=1790110478748096959 elapsed_us=22 block_gets=0 block_puts=0 deleted=0
checkpoint_phase lsn=20312 phase=value_index_schedule slot=0 started_ns=1790110478748118000 ended_ns=1790110478759776125 elapsed_us=11658 block_gets=0 block_puts=4 deleted=0
checkpoint_phase lsn=20312 phase=value_index_schedule slot=0 started_ns=1790110478759788000 ended_ns=1790110478760487917 elapsed_us=699 block_gets=0 block_puts=0 deleted=0
checkpoint_phase lsn=20312 phase=value_index_schedule slot=0 started_ns=1790110478760496000 ended_ns=1790110478760639167 elapsed_us=143 block_gets=0 block_puts=0 deleted=0
checkpoint_phase lsn=20312 phase=value_index_schedule slot=0 started_ns=1790110478760650000 ended_ns=1790110478760784500 elapsed_us=134 block_gets=0 block_puts=0 deleted=0
checkpoint_phase lsn=20312 phase=value_index_schedule slot=0 started_ns=1790110478760793000 ended_ns=1790110478760925708 elapsed_us=132 block_gets=0 block_puts=0 deleted=0
checkpoint_phase lsn=20312 phase=value_index_schedule slot=0 started_ns=1790110478760931000 ended_ns=1790110478765526541 elapsed_us=4595 block_gets=0 block_puts=1 deleted=0
checkpoint_phase lsn=20312 phase=value_index_schedule slot=0 started_ns=1790110478765534000 ended_ns=1790110478765670750 elapsed_us=136 block_gets=0 block_puts=0 deleted=0
checkpoint_phase lsn=20312 phase=value_index_schedule slot=0 started_ns=1790110478765676000 ended_ns=1790110478765807291 elapsed_us=131 block_gets=0 block_puts=0 deleted=0
checkpoint_phase lsn=20312 phase=value_index_schedule slot=0 started_ns=1790110478765812000 ended_ns=1790110478765941833 elapsed_us=129 block_gets=0 block_puts=0 deleted=0
checkpoint_phase lsn=20312 phase=value_index_schedule slot=0 started_ns=1790110478765947000 ended_ns=1790110478770770292 elapsed_us=4823 block_gets=0 block_puts=1 deleted=0
checkpoint_phase lsn=20312 phase=value_index_schedule slot=0 started_ns=1790110478770779000 ended_ns=1790110478770853625 elapsed_us=74 block_gets=0 block_puts=0 deleted=0
checkpoint_phase lsn=20312 phase=value_index_schedule slot=0 started_ns=1790110478770859000 ended_ns=1790110478770931125 elapsed_us=72 block_gets=0 block_puts=0 deleted=0
checkpoint_phase lsn=20312 phase=value_index_schedule slot=0 started_ns=1790110478770937000 ended_ns=1790110478770989084 elapsed_us=52 block_gets=0 block_puts=0 deleted=0
checkpoint_phase lsn=20312 phase=value_index_schedule slot=0 started_ns=1790110478770994000 ended_ns=1790110478784587750 elapsed_us=13593 block_gets=0 block_puts=4 deleted=0
checkpoint_phase lsn=20312 phase=value_index_schedule slot=0 started_ns=1790110478784596000 ended_ns=1790110478787473875 elapsed_us=2877 block_gets=0 block_puts=0 deleted=0
checkpoint_phase lsn=20312 phase=value_index_schedule slot=0 started_ns=1790110478787481000 ended_ns=1790110478790019791 elapsed_us=2538 block_gets=0 block_puts=0 deleted=0
checkpoint_phase lsn=20312 phase=value_index_schedule slot=0 started_ns=1790110478790026000 ended_ns=1790110478790052333 elapsed_us=26 block_gets=0 block_puts=0 deleted=0
checkpoint_phase lsn=20312 phase=value_index_schedule slot=0 started_ns=1790110478790057000 ended_ns=1790110478790078583 elapsed_us=21 block_gets=0 block_puts=0 deleted=0
checkpoint_phase lsn=20312 phase=value_index_schedule slot=0 started_ns=1790110478790083000 ended_ns=1790110478790104500 elapsed_us=21 block_gets=0 block_puts=0 deleted=0
checkpoint_phase lsn=20312 phase=value_index_schedule slot=0 started_ns=1790110478790109000 ended_ns=1790110478794344667 elapsed_us=4235 block_gets=0 block_puts=1 deleted=0
checkpoint_phase lsn=20312 phase=value_index_schedule slot=0 started_ns=1790110478794352000 ended_ns=1790110478794373833 elapsed_us=21 block_gets=0 block_puts=0 deleted=0
checkpoint_phase lsn=20312 phase=value_index_schedule slot=0 started_ns=1790110478794379000 ended_ns=1790110478806409583 elapsed_us=12030 block_gets=0 block_puts=4 deleted=0
checkpoint_phase lsn=20312 phase=value_index_schedule slot=0 started_ns=1790110478806420000 ended_ns=1790110478809297208 elapsed_us=2877 block_gets=0 block_puts=0 deleted=0
checkpoint_phase lsn=20312 phase=value_index_schedule slot=0 started_ns=1790110478809306000 ended_ns=1790110478811895000 elapsed_us=2589 block_gets=0 block_puts=0 deleted=0
checkpoint_phase lsn=20312 phase=value_index_schedule slot=0 started_ns=1790110478811919000 ended_ns=1790110478811945750 elapsed_us=26 block_gets=0 block_puts=0 deleted=0
checkpoint_phase lsn=20312 phase=value_index_schedule slot=0 started_ns=1790110478811955000 ended_ns=1790110478811977458 elapsed_us=22 block_gets=0 block_puts=0 deleted=0
checkpoint_phase lsn=20312 phase=value_index_schedule slot=0 started_ns=1790110478811983000 ended_ns=1790110478812005417 elapsed_us=22 block_gets=0 block_puts=0 deleted=0
checkpoint_phase lsn=20312 phase=value_index_schedule slot=0 started_ns=1790110478812013000 ended_ns=1790110478816467417 elapsed_us=4454 block_gets=0 block_puts=1 deleted=0
checkpoint_phase lsn=20312 phase=value_index_schedule slot=0 started_ns=1790110478816474000 ended_ns=1790110478816496375 elapsed_us=22 block_gets=0 block_puts=0 deleted=0
checkpoint_phase lsn=20312 phase=value_index_schedule slot=0 started_ns=1790110478816502000 ended_ns=1790110478829722708 elapsed_us=13220 block_gets=0 block_puts=4 deleted=0
checkpoint_phase lsn=20312 phase=value_index_schedule slot=0 started_ns=1790110478829730000 ended_ns=1790110478830416750 elapsed_us=686 block_gets=0 block_puts=0 deleted=0
checkpoint_phase lsn=20312 phase=value_index_schedule slot=0 started_ns=1790110478830423000 ended_ns=1790110478830554875 elapsed_us=131 block_gets=0 block_puts=0 deleted=0
checkpoint_phase lsn=20312 phase=value_index_schedule slot=0 started_ns=1790110478830560000 ended_ns=1790110478830686666 elapsed_us=126 block_gets=0 block_puts=0 deleted=0
checkpoint_phase lsn=20312 phase=value_index_schedule slot=0 started_ns=1790110478830692000 ended_ns=1790110478830818250 elapsed_us=126 block_gets=0 block_puts=0 deleted=0
checkpoint_phase lsn=20312 phase=value_index_schedule slot=0 started_ns=1790110478830824000 ended_ns=1790110478836462041 elapsed_us=5638 block_gets=0 block_puts=1 deleted=0
checkpoint_phase lsn=20312 phase=value_index_schedule slot=0 started_ns=1790110478836477000 ended_ns=1790110478836606416 elapsed_us=129 block_gets=0 block_puts=0 deleted=0
checkpoint_phase lsn=20312 phase=value_index_schedule slot=0 started_ns=1790110478836616000 ended_ns=1790110478836742916 elapsed_us=126 block_gets=0 block_puts=0 deleted=0
checkpoint_phase lsn=20312 phase=value_index_schedule slot=0 started_ns=1790110478836749000 ended_ns=1790110478836874166 elapsed_us=125 block_gets=0 block_puts=0 deleted=0
checkpoint_phase lsn=20312 phase=value_index_schedule slot=0 started_ns=1790110478836881000 ended_ns=1790110478842341792 elapsed_us=5460 block_gets=0 block_puts=1 deleted=0
checkpoint_phase lsn=20312 phase=value_index_schedule slot=0 started_ns=1790110478842351000 ended_ns=1790110478842431250 elapsed_us=80 block_gets=0 block_puts=0 deleted=0
checkpoint_phase lsn=20312 phase=value_index_schedule slot=0 started_ns=1790110478842437000 ended_ns=1790110478842515375 elapsed_us=78 block_gets=0 block_puts=0 deleted=0
checkpoint_phase lsn=20312 phase=value_index_schedule slot=0 started_ns=1790110478842520000 ended_ns=1790110478842577333 elapsed_us=57 block_gets=0 block_puts=0 deleted=0
checkpoint_phase lsn=20312 phase=value_index_schedule slot=0 started_ns=1790110478842583000 ended_ns=1790110478854812042 elapsed_us=12229 block_gets=0 block_puts=4 deleted=0
checkpoint_phase lsn=20312 phase=value_index_schedule slot=0 started_ns=1790110478854823000 ended_ns=1790110478855512166 elapsed_us=689 block_gets=0 block_puts=0 deleted=0
checkpoint_phase lsn=20312 phase=value_index_schedule slot=0 started_ns=1790110478855522000 ended_ns=1790110478855654792 elapsed_us=132 block_gets=0 block_puts=0 deleted=0
checkpoint_phase lsn=20312 phase=value_index_schedule slot=0 started_ns=1790110478855668000 ended_ns=1790110478855791750 elapsed_us=123 block_gets=0 block_puts=0 deleted=0
checkpoint_phase lsn=20312 phase=value_index_schedule slot=0 started_ns=1790110478855800000 ended_ns=1790110478855926792 elapsed_us=126 block_gets=0 block_puts=0 deleted=0
checkpoint_phase lsn=20312 phase=value_index_schedule slot=0 started_ns=1790110478855936000 ended_ns=1790110478860614167 elapsed_us=4678 block_gets=0 block_puts=1 deleted=0
checkpoint_phase lsn=20312 phase=value_index_schedule slot=0 started_ns=1790110478860646000 ended_ns=1790110478860774875 elapsed_us=128 block_gets=0 block_puts=0 deleted=0
checkpoint_phase lsn=20312 phase=value_index_schedule slot=0 started_ns=1790110478860786000 ended_ns=1790110478860912250 elapsed_us=126 block_gets=0 block_puts=0 deleted=0
checkpoint_phase lsn=20312 phase=value_index_schedule slot=0 started_ns=1790110478860917000 ended_ns=1790110478861041958 elapsed_us=124 block_gets=0 block_puts=0 deleted=0
checkpoint_phase lsn=20312 phase=value_index_schedule slot=0 started_ns=1790110478861051000 ended_ns=1790110478866105917 elapsed_us=5054 block_gets=0 block_puts=1 deleted=0
checkpoint_phase lsn=20312 phase=value_index_schedule slot=0 started_ns=1790110478866118000 ended_ns=1790110478866821916 elapsed_us=703 block_gets=0 block_puts=0 deleted=0
checkpoint_phase lsn=20312 phase=value_index_schedule slot=0 started_ns=1790110478866831000 ended_ns=1790110478866955833 elapsed_us=124 block_gets=0 block_puts=0 deleted=0
checkpoint_phase lsn=20312 phase=value_index_schedule slot=0 started_ns=1790110478866970000 ended_ns=1790110478867096042 elapsed_us=126 block_gets=0 block_puts=0 deleted=0
checkpoint_phase lsn=20312 phase=value_index_schedule slot=0 started_ns=1790110478867105000 ended_ns=1790110478872403583 elapsed_us=5298 block_gets=0 block_puts=1 deleted=0
checkpoint_phase lsn=20312 phase=value_index_schedule slot=0 started_ns=1790110478872415000 ended_ns=1790110478872458375 elapsed_us=43 block_gets=0 block_puts=0 deleted=0
checkpoint_phase lsn=20312 phase=value_index_schedule slot=0 started_ns=1790110478872464000 ended_ns=1790110478872614000 elapsed_us=150 block_gets=0 block_puts=0 deleted=0
checkpoint_phase lsn=20312 phase=value_index_schedule slot=0 started_ns=1790110478872620000 ended_ns=1790110478877774333 elapsed_us=5154 block_gets=0 block_puts=1 deleted=0
checkpoint_phase lsn=20312 phase=value_index_schedule slot=0 started_ns=1790110478877789000 ended_ns=1790110478877896959 elapsed_us=107 block_gets=0 block_puts=0 deleted=0
checkpoint_phase lsn=20312 phase=value_index_schedule slot=0 started_ns=1790110478877908000 ended_ns=1790110478878013041 elapsed_us=105 block_gets=0 block_puts=0 deleted=0
checkpoint_phase lsn=20312 phase=value_index_schedule slot=0 started_ns=1790110478878023000 ended_ns=1790110478878128000 elapsed_us=105 block_gets=0 block_puts=0 deleted=0
checkpoint_phase lsn=20312 phase=value_index_schedule slot=0 started_ns=1790110478878137000 ended_ns=1790110478882796750 elapsed_us=4659 block_gets=0 block_puts=1 deleted=0
checkpoint_phase lsn=20312 phase=value_index_schedule slot=0 started_ns=1790110478882808000 ended_ns=1790110478882917166 elapsed_us=109 block_gets=0 block_puts=0 deleted=0
checkpoint_phase lsn=20312 phase=value_index_schedule slot=0 started_ns=1790110478882923000 ended_ns=1790110478883024875 elapsed_us=101 block_gets=0 block_puts=0 deleted=0
checkpoint_phase lsn=20312 phase=value_index_schedule slot=0 started_ns=1790110478883033000 ended_ns=1790110478897616167 elapsed_us=14583 block_gets=0 block_puts=4 deleted=0
checkpoint_phase lsn=20312 phase=value_index_schedule slot=0 started_ns=1790110478897634000 ended_ns=1790110478900525625 elapsed_us=2891 block_gets=0 block_puts=0 deleted=0
checkpoint_phase lsn=20312 phase=value_index_schedule slot=0 started_ns=1790110478900552000 ended_ns=1790110478903066750 elapsed_us=2514 block_gets=0 block_puts=0 deleted=0
checkpoint_phase lsn=20312 phase=value_index_schedule slot=0 started_ns=1790110478903078000 ended_ns=1790110478903105042 elapsed_us=27 block_gets=0 block_puts=0 deleted=0
checkpoint_phase lsn=20312 phase=value_index_schedule slot=0 started_ns=1790110478903111000 ended_ns=1790110478903132791 elapsed_us=21 block_gets=0 block_puts=0 deleted=0
checkpoint_phase lsn=20312 phase=value_index_schedule slot=0 started_ns=1790110478903138000 ended_ns=1790110478903159709 elapsed_us=21 block_gets=0 block_puts=0 deleted=0
checkpoint_phase lsn=20312 phase=value_index_schedule slot=0 started_ns=1790110478903164000 ended_ns=1790110478908471625 elapsed_us=5307 block_gets=0 block_puts=1 deleted=0
checkpoint_phase lsn=20312 phase=value_index_schedule slot=0 started_ns=1790110478908502000 ended_ns=1790110478908530584 elapsed_us=28 block_gets=0 block_puts=0 deleted=0
checkpoint_phase lsn=20312 phase=value_index_schedule slot=0 started_ns=1790110478908537000 ended_ns=1790110478926183125 elapsed_us=17646 block_gets=0 block_puts=4 deleted=0
checkpoint_phase lsn=20312 phase=value_index_schedule slot=0 started_ns=1790110478926194000 ended_ns=1790110478929075333 elapsed_us=2881 block_gets=0 block_puts=0 deleted=0
checkpoint_phase lsn=20312 phase=value_index_schedule slot=0 started_ns=1790110478929084000 ended_ns=1790110478929513334 elapsed_us=429 block_gets=0 block_puts=0 deleted=0
checkpoint_phase lsn=20312 phase=value_index_schedule slot=0 started_ns=1790110478929522000 ended_ns=1790110478929548250 elapsed_us=26 block_gets=0 block_puts=0 deleted=0
checkpoint_phase lsn=20312 phase=value_index_schedule slot=0 started_ns=1790110478929554000 ended_ns=1790110478929576333 elapsed_us=22 block_gets=0 block_puts=0 deleted=0
checkpoint_phase lsn=20312 phase=value_index_schedule slot=0 started_ns=1790110478929581000 ended_ns=1790110478929603250 elapsed_us=22 block_gets=0 block_puts=0 deleted=0
checkpoint_phase lsn=20312 phase=value_index_schedule slot=0 started_ns=1790110478929608000 ended_ns=1790110478944261042 elapsed_us=14653 block_gets=0 block_puts=4 deleted=0
checkpoint_phase lsn=20312 phase=value_index_schedule slot=0 started_ns=1790110478944270000 ended_ns=1790110478944433250 elapsed_us=163 block_gets=0 block_puts=0 deleted=0
checkpoint_phase lsn=20312 phase=value_index_schedule slot=0 started_ns=1790110478944442000 ended_ns=1790110478944560667 elapsed_us=118 block_gets=0 block_puts=0 deleted=0
checkpoint_phase lsn=20312 phase=value_index_schedule slot=0 started_ns=1790110478944570000 ended_ns=1790110478944682708 elapsed_us=112 block_gets=0 block_puts=0 deleted=0
checkpoint_phase lsn=20312 phase=value_index_schedule slot=0 started_ns=1790110478944691000 ended_ns=1790110478944805417 elapsed_us=114 block_gets=0 block_puts=0 deleted=0
checkpoint_phase lsn=20312 phase=value_index_schedule slot=0 started_ns=1790110478944811000 ended_ns=1790110478949533000 elapsed_us=4722 block_gets=0 block_puts=1 deleted=0
checkpoint_phase lsn=20312 phase=value_index_schedule slot=0 started_ns=1790110478949545000 ended_ns=1790110478949657750 elapsed_us=112 block_gets=0 block_puts=0 deleted=0
checkpoint_phase lsn=20312 phase=value_index_schedule slot=0 started_ns=1790110478949663000 ended_ns=1790110478949774250 elapsed_us=111 block_gets=0 block_puts=0 deleted=0
checkpoint_phase lsn=20312 phase=value_index_schedule slot=0 started_ns=1790110478949780000 ended_ns=1790110478949925667 elapsed_us=145 block_gets=0 block_puts=0 deleted=0
checkpoint_phase lsn=20312 phase=value_index_schedule slot=0 started_ns=1790110478949931000 ended_ns=1790110478955174708 elapsed_us=5243 block_gets=0 block_puts=1 deleted=0
checkpoint_phase lsn=20312 phase=value_index_schedule slot=0 started_ns=1790110478955188000 ended_ns=1790110478955278000 elapsed_us=90 block_gets=0 block_puts=0 deleted=0
checkpoint_phase lsn=20312 phase=value_index_schedule slot=0 started_ns=1790110478955284000 ended_ns=1790110478969673500 elapsed_us=14389 block_gets=0 block_puts=4 deleted=0
checkpoint_phase lsn=20312 phase=value_index_schedule slot=0 started_ns=1790110478969684000 ended_ns=1790110478969684166 elapsed_us=0 block_gets=0 block_puts=0 deleted=0
checkpoint_phase lsn=20312 phase=value_index_schedule slot=0 started_ns=1790110478969691000 ended_ns=1790110478970379584 elapsed_us=688 block_gets=0 block_puts=0 deleted=0
checkpoint_phase lsn=20312 phase=value_index_schedule slot=0 started_ns=1790110478970388000 ended_ns=1790110478970530917 elapsed_us=142 block_gets=0 block_puts=0 deleted=0
checkpoint_phase lsn=20312 phase=value_index_schedule slot=0 started_ns=1790110478970536000 ended_ns=1790110478970667333 elapsed_us=131 block_gets=0 block_puts=0 deleted=0
checkpoint_phase lsn=20312 phase=value_index_schedule slot=0 started_ns=1790110478970673000 ended_ns=1790110478970803834 elapsed_us=130 block_gets=0 block_puts=0 deleted=0
checkpoint_phase lsn=20312 phase=value_index_schedule slot=0 started_ns=1790110478970824000 ended_ns=1790110478976141334 elapsed_us=5317 block_gets=0 block_puts=1 deleted=0
checkpoint_phase lsn=20312 phase=value_index_schedule slot=0 started_ns=1790110478976153000 ended_ns=1790110478976293292 elapsed_us=140 block_gets=0 block_puts=0 deleted=0
checkpoint_phase lsn=20312 phase=value_index_schedule slot=0 started_ns=1790110478976299000 ended_ns=1790110478977000000 elapsed_us=701 block_gets=0 block_puts=0 deleted=0
checkpoint_phase lsn=20312 phase=value_index_schedule slot=0 started_ns=1790110478977009000 ended_ns=1790110478977136208 elapsed_us=127 block_gets=0 block_puts=0 deleted=0
checkpoint_phase lsn=20312 phase=value_index_schedule slot=0 started_ns=1790110478977141000 ended_ns=1790110478982506792 elapsed_us=5365 block_gets=0 block_puts=1 deleted=0
checkpoint_phase lsn=20312 phase=value_index_schedule slot=0 started_ns=1790110478982516000 ended_ns=1790110478982644125 elapsed_us=128 block_gets=0 block_puts=0 deleted=0
checkpoint_phase lsn=20312 phase=value_index_schedule slot=0 started_ns=1790110478982653000 ended_ns=1790110478982777625 elapsed_us=124 block_gets=0 block_puts=0 deleted=0
checkpoint_phase lsn=20312 phase=value_index_schedule slot=0 started_ns=1790110478982787000 ended_ns=1790110478983474875 elapsed_us=687 block_gets=0 block_puts=0 deleted=0
checkpoint_phase lsn=20312 phase=value_index_schedule slot=0 started_ns=1790110478983486000 ended_ns=1790110478988311958 elapsed_us=4825 block_gets=0 block_puts=1 deleted=0
checkpoint_phase lsn=20312 phase=value_index_schedule slot=0 started_ns=1790110478988318000 ended_ns=1790110478988529292 elapsed_us=211 block_gets=0 block_puts=0 deleted=0
checkpoint_phase lsn=20312 phase=value_index_schedule slot=0 started_ns=1790110478988535000 ended_ns=1790110478988655125 elapsed_us=120 block_gets=0 block_puts=0 deleted=0
checkpoint_phase lsn=20312 phase=value_index_schedule slot=0 started_ns=1790110478988660000 ended_ns=1790110478993887916 elapsed_us=5227 block_gets=0 block_puts=1 deleted=0
checkpoint_phase lsn=20312 phase=value_index_schedule slot=0 started_ns=1790110478993897000 ended_ns=1790110478994579625 elapsed_us=682 block_gets=0 block_puts=0 deleted=0
checkpoint_phase lsn=20312 phase=value_index_schedule slot=0 started_ns=1790110478994587000 ended_ns=1790110478994709042 elapsed_us=122 block_gets=0 block_puts=0 deleted=0
checkpoint_phase lsn=20312 phase=value_index_schedule slot=0 started_ns=1790110478994717000 ended_ns=1790110478994836708 elapsed_us=119 block_gets=0 block_puts=0 deleted=0
checkpoint_phase lsn=20312 phase=value_index_schedule slot=0 started_ns=1790110478994845000 ended_ns=1790110478999410167 elapsed_us=4565 block_gets=0 block_puts=1 deleted=0
checkpoint_phase lsn=20312 phase=value_index_schedule slot=0 started_ns=1790110478999417000 ended_ns=1790110478999537875 elapsed_us=120 block_gets=0 block_puts=0 deleted=0
checkpoint_phase lsn=20312 phase=value_index_schedule slot=0 started_ns=1790110478999546000 ended_ns=1790110479000227166 elapsed_us=681 block_gets=0 block_puts=0 deleted=0
checkpoint_phase lsn=20312 phase=value_index_schedule slot=0 started_ns=1790110479000233000 ended_ns=1790110479000364208 elapsed_us=131 block_gets=0 block_puts=0 deleted=0
checkpoint_phase lsn=20312 phase=value_index_schedule slot=0 started_ns=1790110479000372000 ended_ns=1790110479005775167 elapsed_us=5403 block_gets=0 block_puts=1 deleted=0
checkpoint_phase lsn=20312 phase=value_index_schedule slot=0 started_ns=1790110479005787000 ended_ns=1790110479005921208 elapsed_us=134 block_gets=0 block_puts=0 deleted=0
checkpoint_phase lsn=20312 phase=value_index_schedule slot=0 started_ns=1790110479005928000 ended_ns=1790110479006084958 elapsed_us=156 block_gets=0 block_puts=0 deleted=0
checkpoint_phase lsn=20312 phase=value_index_schedule slot=0 started_ns=1790110479006091000 ended_ns=1790110479010507833 elapsed_us=4416 block_gets=0 block_puts=1 deleted=0
checkpoint_phase lsn=20312 phase=value_index_schedule slot=0 started_ns=1790110479010532000 ended_ns=1790110479011008750 elapsed_us=476 block_gets=0 block_puts=0 deleted=0
checkpoint_phase lsn=20312 phase=value_index_schedule slot=0 started_ns=1790110479011017000 ended_ns=1790110479011107958 elapsed_us=90 block_gets=0 block_puts=0 deleted=0
checkpoint_phase lsn=20312 phase=value_index_schedule slot=0 started_ns=1790110479011114000 ended_ns=1790110479011203250 elapsed_us=89 block_gets=0 block_puts=0 deleted=0
checkpoint_phase lsn=20312 phase=value_index_schedule slot=0 started_ns=1790110479011212000 ended_ns=1790110479011276750 elapsed_us=64 block_gets=0 block_puts=0 deleted=0
checkpoint_phase lsn=20312 phase=value_index_schedule slot=0 started_ns=1790110479011287000 ended_ns=1790110479027576833 elapsed_us=16289 block_gets=0 block_puts=4 deleted=0
checkpoint_phase lsn=20312 phase=value_index_schedule slot=0 started_ns=1790110479027588000 ended_ns=1790110479027588291 elapsed_us=0 block_gets=0 block_puts=0 deleted=0
checkpoint_phase lsn=20312 phase=value_index_write slot=0 started_ns=1790110479027595000 ended_ns=1790110479041364375 elapsed_us=13769 block_gets=0 block_puts=4 deleted=0
checkpoint_phase lsn=20312 phase=value_index_write slot=0 started_ns=1790110479041374000 ended_ns=1790110479052894167 elapsed_us=11520 block_gets=0 block_puts=4 deleted=0
checkpoint_phase lsn=20312 phase=value_index_write slot=0 started_ns=1790110479052909000 ended_ns=1790110479065895417 elapsed_us=12986 block_gets=0 block_puts=4 deleted=0
checkpoint_phase lsn=20312 phase=value_index_write slot=0 started_ns=1790110479065909000 ended_ns=1790110479079278792 elapsed_us=13369 block_gets=0 block_puts=4 deleted=0
checkpoint_phase lsn=20312 phase=value_index_write slot=0 started_ns=1790110479079297000 ended_ns=1790110479092184000 elapsed_us=12887 block_gets=0 block_puts=4 deleted=0
checkpoint_phase lsn=20312 phase=value_index_write slot=0 started_ns=1790110479092198000 ended_ns=1790110479103747250 elapsed_us=11549 block_gets=0 block_puts=4 deleted=0
checkpoint_phase lsn=20312 phase=value_index_write slot=0 started_ns=1790110479103761000 ended_ns=1790110479116680500 elapsed_us=12919 block_gets=0 block_puts=4 deleted=0
checkpoint_phase lsn=20312 phase=value_index_write slot=0 started_ns=1790110479116691000 ended_ns=1790110479129319917 elapsed_us=12628 block_gets=0 block_puts=4 deleted=0
checkpoint_phase lsn=20312 phase=value_index_write slot=0 started_ns=1790110479129328000 ended_ns=1790110479142074958 elapsed_us=12746 block_gets=0 block_puts=4 deleted=0
checkpoint_phase lsn=20312 phase=value_index_write slot=0 started_ns=1790110479142083000 ended_ns=1790110479155707750 elapsed_us=13624 block_gets=0 block_puts=4 deleted=0
checkpoint_phase lsn=20312 phase=value_index_write slot=0 started_ns=1790110479155718000 ended_ns=1790110479168551208 elapsed_us=12833 block_gets=0 block_puts=4 deleted=0
checkpoint_phase lsn=20312 phase=value_index_write slot=0 started_ns=1790110479168560000 ended_ns=1790110479181976375 elapsed_us=13416 block_gets=0 block_puts=4 deleted=0
checkpoint_phase lsn=20312 phase=value_index_write slot=0 started_ns=1790110479181991000 ended_ns=1790110479193577000 elapsed_us=11586 block_gets=0 block_puts=4 deleted=0
checkpoint_phase lsn=20312 phase=value_index_write slot=0 started_ns=1790110479193586000 ended_ns=1790110479206844833 elapsed_us=13258 block_gets=0 block_puts=4 deleted=0
checkpoint_phase lsn=20312 phase=value_index_write slot=0 started_ns=1790110479206858000 ended_ns=1790110479219281917 elapsed_us=12423 block_gets=0 block_puts=4 deleted=0
checkpoint_phase lsn=20312 phase=value_index_write slot=0 started_ns=1790110479219292000 ended_ns=1790110479233270833 elapsed_us=13978 block_gets=0 block_puts=4 deleted=0
checkpoint_phase lsn=20312 phase=value_index_write slot=0 started_ns=1790110479233287000 ended_ns=1790110479246917083 elapsed_us=13630 block_gets=0 block_puts=4 deleted=0
checkpoint_phase lsn=20312 phase=value_index_write slot=0 started_ns=1790110479246936000 ended_ns=1790110479258669375 elapsed_us=11733 block_gets=0 block_puts=4 deleted=0
checkpoint_phase lsn=20312 phase=value_index_write slot=0 started_ns=1790110479258720000 ended_ns=1790110479270761666 elapsed_us=12041 block_gets=0 block_puts=4 deleted=0
checkpoint_phase lsn=20312 phase=value_index_write slot=0 started_ns=1790110479270778000 ended_ns=1790110479281614250 elapsed_us=10836 block_gets=0 block_puts=4 deleted=0
checkpoint_phase lsn=20312 phase=value_index_write slot=0 started_ns=1790110479281631000 ended_ns=1790110479294054750 elapsed_us=12423 block_gets=0 block_puts=4 deleted=0
checkpoint_phase lsn=20312 phase=value_index_write slot=0 started_ns=1790110479294070000 ended_ns=1790110479308712334 elapsed_us=14642 block_gets=0 block_puts=4 deleted=0
checkpoint_phase lsn=20312 phase=value_index_write slot=0 started_ns=1790110479308726000 ended_ns=1790110479321655292 elapsed_us=12929 block_gets=0 block_puts=4 deleted=0
checkpoint_phase lsn=20312 phase=value_index_write slot=0 started_ns=1790110479321666000 ended_ns=1790110479335722542 elapsed_us=14056 block_gets=0 block_puts=4 deleted=0
checkpoint_phase lsn=20312 phase=value_index_write slot=0 started_ns=1790110479335733000 ended_ns=1790110479349827708 elapsed_us=14094 block_gets=0 block_puts=4 deleted=0
checkpoint_phase lsn=20312 phase=value_index_write slot=0 started_ns=1790110479349838000 ended_ns=1790110479362952042 elapsed_us=13114 block_gets=0 block_puts=4 deleted=0
checkpoint_phase lsn=20312 phase=value_index_write slot=0 started_ns=1790110479362961000 ended_ns=1790110479375240167 elapsed_us=12279 block_gets=0 block_puts=4 deleted=0
checkpoint_phase lsn=20312 phase=value_index_write slot=0 started_ns=1790110479375254000 ended_ns=1790110479387543750 elapsed_us=12289 block_gets=0 block_puts=4 deleted=0
checkpoint_phase lsn=20312 phase=value_index_write slot=0 started_ns=1790110479387562000 ended_ns=1790110479406459541 elapsed_us=18897 block_gets=0 block_puts=4 deleted=0
checkpoint_phase lsn=20312 phase=value_index_write slot=0 started_ns=1790110479406483000 ended_ns=1790110479424381292 elapsed_us=17898 block_gets=0 block_puts=4 deleted=0
checkpoint_phase lsn=20312 phase=value_index_write slot=0 started_ns=1790110479424398000 ended_ns=1790110479440405875 elapsed_us=16007 block_gets=0 block_puts=4 deleted=0
checkpoint_phase lsn=20312 phase=value_index_write slot=0 started_ns=1790110479440423000 ended_ns=1790110479458413792 elapsed_us=17990 block_gets=0 block_puts=4 deleted=0
checkpoint_phase lsn=20312 phase=value_index_write slot=0 started_ns=1790110479458432000 ended_ns=1790110479479176583 elapsed_us=20744 block_gets=0 block_puts=5 deleted=0
checkpoint_phase lsn=20312 phase=value_index_write slot=0 started_ns=1790110479479192000 ended_ns=1790110479494210708 elapsed_us=15018 block_gets=0 block_puts=4 deleted=0
checkpoint_phase lsn=20312 phase=value_index_write slot=0 started_ns=1790110479494225000 ended_ns=1790110479514318167 elapsed_us=20093 block_gets=0 block_puts=5 deleted=0
checkpoint_phase lsn=20312 phase=value_index_schedule slot=0 started_ns=1790110479514342000 ended_ns=1790110479514345791 elapsed_us=3 block_gets=0 block_puts=0 deleted=0
checkpoint_phase lsn=20312 phase=value_index_schedule slot=0 started_ns=1790110479514353000 ended_ns=1790110479515195458 elapsed_us=842 block_gets=0 block_puts=0 deleted=0
checkpoint_phase lsn=20312 phase=value_index_schedule slot=0 started_ns=1790110479515209000 ended_ns=1790110479542642333 elapsed_us=27433 block_gets=8 block_puts=0 deleted=0
checkpoint_phase lsn=20312 phase=value_index_schedule slot=0 started_ns=1790110479542657000 ended_ns=1790110479566918334 elapsed_us=24261 block_gets=8 block_puts=0 deleted=0
checkpoint_phase lsn=20312 phase=value_index_schedule slot=0 started_ns=1790110479566934000 ended_ns=1790110479576273208 elapsed_us=9339 block_gets=3 block_puts=0 deleted=0
checkpoint_phase lsn=20312 phase=value_index_schedule slot=0 started_ns=1790110479576303000 ended_ns=1790110479576331500 elapsed_us=28 block_gets=0 block_puts=0 deleted=0
checkpoint_phase lsn=20312 phase=value_index_schedule slot=0 started_ns=1790110479576346000 ended_ns=1790110479576368833 elapsed_us=22 block_gets=0 block_puts=0 deleted=0
checkpoint_phase lsn=20312 phase=value_index_schedule slot=0 started_ns=1790110479576413000 ended_ns=1790110479576435500 elapsed_us=22 block_gets=0 block_puts=0 deleted=0
checkpoint_phase lsn=20312 phase=value_index_schedule slot=0 started_ns=1790110479576450000 ended_ns=1790110479581320792 elapsed_us=4870 block_gets=0 block_puts=1 deleted=0
checkpoint_phase lsn=20312 phase=value_index_schedule slot=0 started_ns=1790110479581337000 ended_ns=1790110479581373000 elapsed_us=36 block_gets=0 block_puts=0 deleted=0
checkpoint_phase lsn=20312 phase=value_index_schedule slot=0 started_ns=1790110479581382000 ended_ns=1790110479595069625 elapsed_us=13687 block_gets=0 block_puts=4 deleted=0
checkpoint_phase lsn=20312 phase=value_index_schedule slot=0 started_ns=1790110479595086000 ended_ns=1790110479616839709 elapsed_us=21753 block_gets=8 block_puts=0 deleted=0
checkpoint_phase lsn=20312 phase=value_index_schedule slot=0 started_ns=1790110479616855000 ended_ns=1790110479640500792 elapsed_us=23645 block_gets=8 block_puts=0 deleted=0
checkpoint_phase lsn=20312 phase=value_index_schedule slot=0 started_ns=1790110479640518000 ended_ns=1790110479666048958 elapsed_us=25530 block_gets=8 block_puts=0 deleted=0
checkpoint_phase lsn=20312 phase=value_index_schedule slot=0 started_ns=1790110479666065000 ended_ns=1790110479711049209 elapsed_us=44984 block_gets=8 block_puts=0 deleted=0
checkpoint_phase lsn=20312 phase=value_index_schedule slot=0 started_ns=1790110479711064000 ended_ns=1790110479750964333 elapsed_us=39900 block_gets=8 block_puts=0 deleted=0
checkpoint_phase lsn=20312 phase=value_index_schedule slot=0 started_ns=1790110479750982000 ended_ns=1790110479782970625 elapsed_us=31988 block_gets=8 block_puts=0 deleted=0
checkpoint_phase lsn=20312 phase=value_index_schedule slot=0 started_ns=1790110479782986000 ended_ns=1790110479806204541 elapsed_us=23218 block_gets=8 block_puts=0 deleted=0
checkpoint_phase lsn=20312 phase=value_index_schedule slot=0 started_ns=1790110479806240000 ended_ns=1790110479840072417 elapsed_us=33832 block_gets=8 block_puts=0 deleted=0
checkpoint_phase lsn=20312 phase=value_index_schedule slot=0 started_ns=1790110479840089000 ended_ns=1790110479875469959 elapsed_us=35380 block_gets=8 block_puts=0 deleted=0
checkpoint_phase lsn=20312 phase=value_index_schedule slot=0 started_ns=1790110479875485000 ended_ns=1790110479908964125 elapsed_us=33479 block_gets=8 block_puts=0 deleted=0
checkpoint_phase lsn=20312 phase=value_index_schedule slot=0 started_ns=1790110479909022000 ended_ns=1790110479936688667 elapsed_us=27666 block_gets=8 block_puts=0 deleted=0
checkpoint_phase lsn=20312 phase=value_index_schedule slot=0 started_ns=1790110479936710000 ended_ns=1790110479957678542 elapsed_us=20968 block_gets=7 block_puts=0 deleted=0
checkpoint_phase lsn=20312 phase=value_index_schedule slot=0 started_ns=1790110479957706000 ended_ns=1790110479957735125 elapsed_us=29 block_gets=0 block_puts=0 deleted=0
checkpoint_phase lsn=20312 phase=value_index_schedule slot=0 started_ns=1790110479957751000 ended_ns=1790110479957773541 elapsed_us=22 block_gets=0 block_puts=0 deleted=0
checkpoint_phase lsn=20312 phase=value_index_schedule slot=0 started_ns=1790110479957823000 ended_ns=1790110479957845458 elapsed_us=22 block_gets=0 block_puts=0 deleted=0
checkpoint_phase lsn=20312 phase=value_index_schedule slot=0 started_ns=1790110479957860000 ended_ns=1790110479963057208 elapsed_us=5197 block_gets=0 block_puts=1 deleted=0
checkpoint_phase lsn=20312 phase=value_index_schedule slot=0 started_ns=1790110479963073000 ended_ns=1790110479963101959 elapsed_us=28 block_gets=0 block_puts=0 deleted=0
checkpoint_phase lsn=20312 phase=value_index_schedule slot=0 started_ns=1790110479963114000 ended_ns=1790110479978813125 elapsed_us=15699 block_gets=0 block_puts=4 deleted=0
checkpoint_phase lsn=20312 phase=value_index_schedule slot=0 started_ns=1790110479978831000 ended_ns=1790110479979448125 elapsed_us=617 block_gets=0 block_puts=0 deleted=0
checkpoint_phase lsn=20312 phase=value_index_schedule slot=0 started_ns=1790110479979457000 ended_ns=1790110479979614959 elapsed_us=157 block_gets=0 block_puts=0 deleted=0
checkpoint_phase lsn=20312 phase=value_index_schedule slot=0 started_ns=1790110479979640000 ended_ns=1790110479979783625 elapsed_us=143 block_gets=0 block_puts=0 deleted=0
checkpoint_phase lsn=20312 phase=value_index_schedule slot=0 started_ns=1790110479979791000 ended_ns=1790110479979934500 elapsed_us=143 block_gets=0 block_puts=0 deleted=0
checkpoint_phase lsn=20312 phase=value_index_schedule slot=0 started_ns=1790110479979942000 ended_ns=1790110479984814167 elapsed_us=4872 block_gets=0 block_puts=1 deleted=0
checkpoint_phase lsn=20312 phase=value_index_schedule slot=0 started_ns=1790110479984824000 ended_ns=1790110479984970750 elapsed_us=146 block_gets=0 block_puts=0 deleted=0
checkpoint_phase lsn=20312 phase=value_index_schedule slot=0 started_ns=1790110479984979000 ended_ns=1790110479985122416 elapsed_us=143 block_gets=0 block_puts=0 deleted=0
checkpoint_phase lsn=20312 phase=value_index_schedule slot=0 started_ns=1790110479985130000 ended_ns=1790110479985275625 elapsed_us=145 block_gets=0 block_puts=0 deleted=0
checkpoint_phase lsn=20312 phase=value_index_schedule slot=0 started_ns=1790110479985282000 ended_ns=1790110479990841625 elapsed_us=5559 block_gets=0 block_puts=1 deleted=0
checkpoint_phase lsn=20312 phase=value_index_schedule slot=0 started_ns=1790110479990851000 ended_ns=1790110479990931750 elapsed_us=80 block_gets=0 block_puts=0 deleted=0
checkpoint_phase lsn=20312 phase=value_index_schedule slot=0 started_ns=1790110479990938000 ended_ns=1790110479991019625 elapsed_us=81 block_gets=0 block_puts=0 deleted=0
checkpoint_phase lsn=20312 phase=value_index_schedule slot=0 started_ns=1790110479991027000 ended_ns=1790110479991086875 elapsed_us=59 block_gets=0 block_puts=0 deleted=0
checkpoint_phase lsn=20312 phase=value_index_schedule slot=0 started_ns=1790110479991093000 ended_ns=1790110480006967875 elapsed_us=15874 block_gets=0 block_puts=4 deleted=0
checkpoint_phase lsn=20312 phase=value_index_schedule slot=0 started_ns=1790110480006989000 ended_ns=1790110480009873958 elapsed_us=2884 block_gets=0 block_puts=0 deleted=0
checkpoint_phase lsn=20312 phase=value_index_schedule slot=0 started_ns=1790110480009897000 ended_ns=1790110480012480417 elapsed_us=2583 block_gets=0 block_puts=0 deleted=0
checkpoint_phase lsn=20312 phase=value_index_schedule slot=0 started_ns=1790110480012494000 ended_ns=1790110480012521250 elapsed_us=27 block_gets=0 block_puts=0 deleted=0
checkpoint_phase lsn=20312 phase=value_index_schedule slot=0 started_ns=1790110480012532000 ended_ns=1790110480012553875 elapsed_us=21 block_gets=0 block_puts=0 deleted=0
checkpoint_phase lsn=20312 phase=value_index_schedule slot=0 started_ns=1790110480012568000 ended_ns=1790110480012589959 elapsed_us=21 block_gets=0 block_puts=0 deleted=0
checkpoint_phase lsn=20312 phase=value_index_schedule slot=0 started_ns=1790110480012603000 ended_ns=1790110480017697417 elapsed_us=5094 block_gets=0 block_puts=1 deleted=0
checkpoint_phase lsn=20312 phase=value_index_schedule slot=0 started_ns=1790110480017707000 ended_ns=1790110480017732125 elapsed_us=25 block_gets=0 block_puts=0 deleted=0
checkpoint_phase lsn=20312 phase=value_index_schedule slot=0 started_ns=1790110480017739000 ended_ns=1790110480033209292 elapsed_us=15470 block_gets=0 block_puts=4 deleted=0
checkpoint_phase lsn=20312 phase=value_index_schedule slot=0 started_ns=1790110480033222000 ended_ns=1790110480036161416 elapsed_us=2939 block_gets=0 block_puts=0 deleted=0
checkpoint_phase lsn=20312 phase=value_index_schedule slot=0 started_ns=1790110480036171000 ended_ns=1790110480038883292 elapsed_us=2712 block_gets=0 block_puts=0 deleted=0
checkpoint_phase lsn=20312 phase=value_index_schedule slot=0 started_ns=1790110480038903000 ended_ns=1790110480038929708 elapsed_us=26 block_gets=0 block_puts=0 deleted=0
checkpoint_phase lsn=20312 phase=value_index_schedule slot=0 started_ns=1790110480038943000 ended_ns=1790110480038964792 elapsed_us=21 block_gets=0 block_puts=0 deleted=0
checkpoint_phase lsn=20312 phase=value_index_schedule slot=0 started_ns=1790110480038977000 ended_ns=1790110480038998667 elapsed_us=21 block_gets=0 block_puts=0 deleted=0
checkpoint_phase lsn=20312 phase=value_index_schedule slot=0 started_ns=1790110480039050000 ended_ns=1790110480044006042 elapsed_us=4956 block_gets=0 block_puts=1 deleted=0
checkpoint_phase lsn=20312 phase=value_index_schedule slot=0 started_ns=1790110480044020000 ended_ns=1790110480044045542 elapsed_us=25 block_gets=0 block_puts=0 deleted=0
checkpoint_phase lsn=20312 phase=value_index_schedule slot=0 started_ns=1790110480044054000 ended_ns=1790110480061493709 elapsed_us=17439 block_gets=0 block_puts=4 deleted=0
checkpoint_phase lsn=20312 phase=value_index_schedule slot=0 started_ns=1790110480061511000 ended_ns=1790110480062080084 elapsed_us=569 block_gets=0 block_puts=0 deleted=0
checkpoint_phase lsn=20312 phase=value_index_schedule slot=0 started_ns=1790110480062095000 ended_ns=1790110480062241333 elapsed_us=146 block_gets=0 block_puts=0 deleted=0
checkpoint_phase lsn=20312 phase=value_index_schedule slot=0 started_ns=1790110480062256000 ended_ns=1790110480062390125 elapsed_us=134 block_gets=0 block_puts=0 deleted=0
checkpoint_phase lsn=20312 phase=value_index_schedule slot=0 started_ns=1790110480062402000 ended_ns=1790110480062547750 elapsed_us=145 block_gets=0 block_puts=0 deleted=0
checkpoint_phase lsn=20312 phase=value_index_schedule slot=0 started_ns=1790110480062566000 ended_ns=1790110480068145208 elapsed_us=5579 block_gets=0 block_puts=1 deleted=0
checkpoint_phase lsn=20312 phase=value_index_schedule slot=0 started_ns=1790110480068164000 ended_ns=1790110480068310541 elapsed_us=146 block_gets=0 block_puts=0 deleted=0
checkpoint_phase lsn=20312 phase=value_index_schedule slot=0 started_ns=1790110480068321000 ended_ns=1790110480068462709 elapsed_us=141 block_gets=0 block_puts=0 deleted=0
checkpoint_phase lsn=20312 phase=value_index_schedule slot=0 started_ns=1790110480068475000 ended_ns=1790110480068611208 elapsed_us=136 block_gets=0 block_puts=0 deleted=0
checkpoint_phase lsn=20312 phase=value_index_schedule slot=0 started_ns=1790110480068618000 ended_ns=1790110480074060666 elapsed_us=5442 block_gets=0 block_puts=1 deleted=0
checkpoint_phase lsn=20312 phase=value_index_schedule slot=0 started_ns=1790110480074073000 ended_ns=1790110480074165042 elapsed_us=92 block_gets=0 block_puts=0 deleted=0
checkpoint_phase lsn=20312 phase=value_index_schedule slot=0 started_ns=1790110480074172000 ended_ns=1790110480074271750 elapsed_us=99 block_gets=0 block_puts=0 deleted=0
checkpoint_phase lsn=20312 phase=value_index_schedule slot=0 started_ns=1790110480074278000 ended_ns=1790110480074348250 elapsed_us=70 block_gets=0 block_puts=0 deleted=0
checkpoint_phase lsn=20312 phase=value_index_schedule slot=0 started_ns=1790110480074356000 ended_ns=1790110480088403500 elapsed_us=14047 block_gets=0 block_puts=4 deleted=0
checkpoint_phase lsn=20312 phase=value_index_schedule slot=0 started_ns=1790110480088419000 ended_ns=1790110480088964417 elapsed_us=545 block_gets=0 block_puts=0 deleted=0
checkpoint_phase lsn=20312 phase=value_index_schedule slot=0 started_ns=1790110480088972000 ended_ns=1790110480089126791 elapsed_us=154 block_gets=0 block_puts=0 deleted=0
checkpoint_phase lsn=20312 phase=value_index_schedule slot=0 started_ns=1790110480089133000 ended_ns=1790110480089277584 elapsed_us=144 block_gets=0 block_puts=0 deleted=0
checkpoint_phase lsn=20312 phase=value_index_schedule slot=0 started_ns=1790110480089286000 ended_ns=1790110480089430958 elapsed_us=144 block_gets=0 block_puts=0 deleted=0
checkpoint_phase lsn=20312 phase=value_index_schedule slot=0 started_ns=1790110480089442000 ended_ns=1790110480094556417 elapsed_us=5114 block_gets=0 block_puts=1 deleted=0
checkpoint_phase lsn=20312 phase=value_index_schedule slot=0 started_ns=1790110480094569000 ended_ns=1790110480094723750 elapsed_us=154 block_gets=0 block_puts=0 deleted=0
checkpoint_phase lsn=20312 phase=value_index_schedule slot=0 started_ns=1790110480094738000 ended_ns=1790110480094887708 elapsed_us=149 block_gets=0 block_puts=0 deleted=0
checkpoint_phase lsn=20312 phase=value_index_schedule slot=0 started_ns=1790110480094914000 ended_ns=1790110480095061417 elapsed_us=147 block_gets=0 block_puts=0 deleted=0
checkpoint_phase lsn=20312 phase=value_index_schedule slot=0 started_ns=1790110480095068000 ended_ns=1790110480100272416 elapsed_us=5204 block_gets=0 block_puts=1 deleted=0
checkpoint_phase lsn=20312 phase=value_index_schedule slot=0 started_ns=1790110480100285000 ended_ns=1790110480100972250 elapsed_us=687 block_gets=0 block_puts=0 deleted=0
checkpoint_phase lsn=20312 phase=value_index_schedule slot=0 started_ns=1790110480100981000 ended_ns=1790110480101111709 elapsed_us=130 block_gets=0 block_puts=0 deleted=0
checkpoint_phase lsn=20312 phase=value_index_schedule slot=0 started_ns=1790110480101119000 ended_ns=1790110480101248292 elapsed_us=129 block_gets=0 block_puts=0 deleted=0
checkpoint_phase lsn=20312 phase=value_index_schedule slot=0 started_ns=1790110480101255000 ended_ns=1790110480106166584 elapsed_us=4911 block_gets=0 block_puts=1 deleted=0
checkpoint_phase lsn=20312 phase=value_index_schedule slot=0 started_ns=1790110480106181000 ended_ns=1790110480106223958 elapsed_us=42 block_gets=0 block_puts=0 deleted=0
checkpoint_phase lsn=20312 phase=value_index_schedule slot=0 started_ns=1790110480106232000 ended_ns=1790110480106367000 elapsed_us=135 block_gets=0 block_puts=0 deleted=0
checkpoint_phase lsn=20312 phase=value_index_schedule slot=0 started_ns=1790110480106374000 ended_ns=1790110480112084750 elapsed_us=5710 block_gets=0 block_puts=1 deleted=0
checkpoint_phase lsn=20312 phase=value_index_schedule slot=0 started_ns=1790110480112094000 ended_ns=1790110480112213125 elapsed_us=119 block_gets=0 block_puts=0 deleted=0
checkpoint_phase lsn=20312 phase=value_index_schedule slot=0 started_ns=1790110480112220000 ended_ns=1790110480112336459 elapsed_us=116 block_gets=0 block_puts=0 deleted=0
checkpoint_phase lsn=20312 phase=value_index_schedule slot=0 started_ns=1790110480112345000 ended_ns=1790110480112462125 elapsed_us=117 block_gets=0 block_puts=0 deleted=0
checkpoint_phase lsn=20312 phase=value_index_schedule slot=0 started_ns=1790110480112468000 ended_ns=1790110480116650084 elapsed_us=4182 block_gets=0 block_puts=1 deleted=0
checkpoint_phase lsn=20312 phase=value_index_schedule slot=0 started_ns=1790110480116659000 ended_ns=1790110480116780667 elapsed_us=121 block_gets=0 block_puts=0 deleted=0
checkpoint_phase lsn=20312 phase=value_index_schedule slot=0 started_ns=1790110480116788000 ended_ns=1790110480116904375 elapsed_us=116 block_gets=0 block_puts=0 deleted=0
checkpoint_phase lsn=20312 phase=value_index_schedule slot=0 started_ns=1790110480116911000 ended_ns=1790110480133122500 elapsed_us=16211 block_gets=0 block_puts=4 deleted=0
checkpoint_phase lsn=20312 phase=value_index_schedule slot=0 started_ns=1790110480133135000 ended_ns=1790110480136064000 elapsed_us=2929 block_gets=0 block_puts=0 deleted=0
checkpoint_phase lsn=20312 phase=value_index_schedule slot=0 started_ns=1790110480136080000 ended_ns=1790110480138620000 elapsed_us=2540 block_gets=0 block_puts=0 deleted=0
checkpoint_phase lsn=20312 phase=value_index_schedule slot=0 started_ns=1790110480138634000 ended_ns=1790110480138661000 elapsed_us=27 block_gets=0 block_puts=0 deleted=0
checkpoint_phase lsn=20312 phase=value_index_schedule slot=0 started_ns=1790110480138688000 ended_ns=1790110480138717167 elapsed_us=29 block_gets=0 block_puts=0 deleted=0
checkpoint_phase lsn=20312 phase=value_index_schedule slot=0 started_ns=1790110480138734000 ended_ns=1790110480138757417 elapsed_us=23 block_gets=0 block_puts=0 deleted=0
checkpoint_phase lsn=20312 phase=value_index_schedule slot=0 started_ns=1790110480138767000 ended_ns=1790110480144257334 elapsed_us=5490 block_gets=0 block_puts=1 deleted=0
checkpoint_phase lsn=20312 phase=value_index_schedule slot=0 started_ns=1790110480144271000 ended_ns=1790110480144293792 elapsed_us=22 block_gets=0 block_puts=0 deleted=0
checkpoint_phase lsn=20312 phase=value_index_schedule slot=0 started_ns=1790110480144305000 ended_ns=1790110480157782625 elapsed_us=13477 block_gets=0 block_puts=4 deleted=0
checkpoint_phase lsn=20312 phase=value_index_schedule slot=0 started_ns=1790110480157805000 ended_ns=1790110480160766500 elapsed_us=2961 block_gets=0 block_puts=0 deleted=0
checkpoint_phase lsn=20312 phase=value_index_schedule slot=0 started_ns=1790110480160782000 ended_ns=1790110480161259375 elapsed_us=477 block_gets=0 block_puts=0 deleted=0
checkpoint_phase lsn=20312 phase=value_index_schedule slot=0 started_ns=1790110480161275000 ended_ns=1790110480161303875 elapsed_us=28 block_gets=0 block_puts=0 deleted=0
checkpoint_phase lsn=20312 phase=value_index_schedule slot=0 started_ns=1790110480161318000 ended_ns=1790110480161341042 elapsed_us=23 block_gets=0 block_puts=0 deleted=0
checkpoint_phase lsn=20312 phase=value_index_schedule slot=0 started_ns=1790110480161352000 ended_ns=1790110480161376125 elapsed_us=24 block_gets=0 block_puts=0 deleted=0
checkpoint_phase lsn=20312 phase=value_index_schedule slot=0 started_ns=1790110480161387000 ended_ns=1790110480174387000 elapsed_us=13000 block_gets=0 block_puts=4 deleted=0
checkpoint_phase lsn=20312 phase=value_index_schedule slot=0 started_ns=1790110480174408000 ended_ns=1790110480174592084 elapsed_us=184 block_gets=0 block_puts=0 deleted=0
checkpoint_phase lsn=20312 phase=value_index_schedule slot=0 started_ns=1790110480174606000 ended_ns=1790110480174740291 elapsed_us=134 block_gets=0 block_puts=0 deleted=0
checkpoint_phase lsn=20312 phase=value_index_schedule slot=0 started_ns=1790110480174753000 ended_ns=1790110480174899458 elapsed_us=146 block_gets=0 block_puts=0 deleted=0
checkpoint_phase lsn=20312 phase=value_index_schedule slot=0 started_ns=1790110480174912000 ended_ns=1790110480175036750 elapsed_us=124 block_gets=0 block_puts=0 deleted=0
checkpoint_phase lsn=20312 phase=value_index_schedule slot=0 started_ns=1790110480175049000 ended_ns=1790110480179550875 elapsed_us=4501 block_gets=0 block_puts=1 deleted=0
checkpoint_phase lsn=20312 phase=value_index_schedule slot=0 started_ns=1790110480179573000 ended_ns=1790110480179714250 elapsed_us=141 block_gets=0 block_puts=0 deleted=0
checkpoint_phase lsn=20312 phase=value_index_schedule slot=0 started_ns=1790110480179722000 ended_ns=1790110480179895667 elapsed_us=173 block_gets=0 block_puts=0 deleted=0
checkpoint_phase lsn=20312 phase=value_index_schedule slot=0 started_ns=1790110480179903000 ended_ns=1790110480180032791 elapsed_us=129 block_gets=0 block_puts=0 deleted=0
checkpoint_phase lsn=20312 phase=value_index_schedule slot=0 started_ns=1790110480180039000 ended_ns=1790110480183989292 elapsed_us=3950 block_gets=0 block_puts=1 deleted=0
checkpoint_phase lsn=20312 phase=value_index_schedule slot=0 started_ns=1790110480184004000 ended_ns=1790110480184110916 elapsed_us=106 block_gets=0 block_puts=0 deleted=0
checkpoint_phase lsn=20312 phase=value_index_schedule slot=0 started_ns=1790110480184119000 ended_ns=1790110480198362625 elapsed_us=14243 block_gets=0 block_puts=4 deleted=0
checkpoint_phase lsn=20312 phase=value_index_schedule slot=0 started_ns=1790110480198381000 ended_ns=1790110480198381583 elapsed_us=0 block_gets=0 block_puts=0 deleted=0
checkpoint_phase lsn=20312 phase=value_index_schedule slot=0 started_ns=1790110480198391000 ended_ns=1790110480198911375 elapsed_us=520 block_gets=0 block_puts=0 deleted=0
checkpoint_phase lsn=20312 phase=value_index_schedule slot=0 started_ns=1790110480198923000 ended_ns=1790110480199106875 elapsed_us=183 block_gets=0 block_puts=0 deleted=0
checkpoint_phase lsn=20312 phase=value_index_schedule slot=0 started_ns=1790110480199115000 ended_ns=1790110480199284542 elapsed_us=169 block_gets=0 block_puts=0 deleted=0
checkpoint_phase lsn=20312 phase=value_index_schedule slot=0 started_ns=1790110480199292000 ended_ns=1790110480199470292 elapsed_us=178 block_gets=0 block_puts=0 deleted=0
checkpoint_phase lsn=20312 phase=value_index_schedule slot=0 started_ns=1790110480199480000 ended_ns=1790110480208691125 elapsed_us=9211 block_gets=0 block_puts=1 deleted=0
checkpoint_phase lsn=20312 phase=value_index_schedule slot=0 started_ns=1790110480208707000 ended_ns=1790110480208882500 elapsed_us=175 block_gets=0 block_puts=0 deleted=0
checkpoint_phase lsn=20312 phase=value_index_schedule slot=0 started_ns=1790110480208897000 ended_ns=1790110480209471542 elapsed_us=574 block_gets=0 block_puts=0 deleted=0
checkpoint_phase lsn=20312 phase=value_index_schedule slot=0 started_ns=1790110480209587000 ended_ns=1790110480209743000 elapsed_us=156 block_gets=0 block_puts=0 deleted=0
checkpoint_phase lsn=20312 phase=value_index_schedule slot=0 started_ns=1790110480209750000 ended_ns=1790110480219115792 elapsed_us=9365 block_gets=0 block_puts=1 deleted=0
checkpoint_phase lsn=20312 phase=value_index_schedule slot=0 started_ns=1790110480219128000 ended_ns=1790110480219316459 elapsed_us=188 block_gets=0 block_puts=0 deleted=0
checkpoint_phase lsn=20312 phase=value_index_schedule slot=0 started_ns=1790110480219339000 ended_ns=1790110480219493417 elapsed_us=154 block_gets=0 block_puts=0 deleted=0
checkpoint_phase lsn=20312 phase=value_index_schedule slot=0 started_ns=1790110480219912000 ended_ns=1790110480220643834 elapsed_us=731 block_gets=0 block_puts=0 deleted=0
checkpoint_phase lsn=20312 phase=value_index_schedule slot=0 started_ns=1790110480220652000 ended_ns=1790110480230075042 elapsed_us=9423 block_gets=0 block_puts=1 deleted=0
checkpoint_phase lsn=20312 phase=value_index_schedule slot=0 started_ns=1790110480230099000 ended_ns=1790110480230320333 elapsed_us=221 block_gets=0 block_puts=0 deleted=0
checkpoint_phase lsn=20312 phase=value_index_schedule slot=0 started_ns=1790110480230327000 ended_ns=1790110480230446792 elapsed_us=119 block_gets=0 block_puts=0 deleted=0
checkpoint_phase lsn=20312 phase=value_index_schedule slot=0 started_ns=1790110480230454000 ended_ns=1790110480237573917 elapsed_us=7119 block_gets=0 block_puts=1 deleted=0
checkpoint_phase lsn=20312 phase=value_index_schedule slot=0 started_ns=1790110480237594000 ended_ns=1790110480238258334 elapsed_us=664 block_gets=0 block_puts=0 deleted=0
checkpoint_phase lsn=20312 phase=value_index_schedule slot=0 started_ns=1790110480242967000 ended_ns=1790110480243133750 elapsed_us=166 block_gets=0 block_puts=0 deleted=0
checkpoint_phase lsn=20312 phase=value_index_schedule slot=0 started_ns=1790110480243144000 ended_ns=1790110480243281292 elapsed_us=137 block_gets=0 block_puts=0 deleted=0
checkpoint_phase lsn=20312 phase=value_index_schedule slot=0 started_ns=1790110480243334000 ended_ns=1790110480251429000 elapsed_us=8095 block_gets=0 block_puts=1 deleted=0
checkpoint_phase lsn=20312 phase=value_index_schedule slot=0 started_ns=1790110480254035000 ended_ns=1790110480254184833 elapsed_us=149 block_gets=0 block_puts=0 deleted=0
checkpoint_phase lsn=20312 phase=value_index_schedule slot=0 started_ns=1790110480254192000 ended_ns=1790110480254706084 elapsed_us=514 block_gets=0 block_puts=0 deleted=0
checkpoint_phase lsn=20312 phase=value_index_schedule slot=0 started_ns=1790110480257937000 ended_ns=1790110480258099250 elapsed_us=162 block_gets=0 block_puts=0 deleted=0
checkpoint_phase lsn=20312 phase=value_index_schedule slot=0 started_ns=1790110480258107000 ended_ns=1790110480265984375 elapsed_us=7877 block_gets=0 block_puts=1 deleted=0
checkpoint_phase lsn=20312 phase=value_index_schedule slot=0 started_ns=1790110480266023000 ended_ns=1790110480266178542 elapsed_us=155 block_gets=0 block_puts=0 deleted=0
checkpoint_phase lsn=20312 phase=value_index_schedule slot=0 started_ns=1790110480266186000 ended_ns=1790110480266338667 elapsed_us=152 block_gets=0 block_puts=0 deleted=0
checkpoint_phase lsn=20312 phase=value_index_schedule slot=0 started_ns=1790110480266345000 ended_ns=1790110480270922709 elapsed_us=4577 block_gets=0 block_puts=1 deleted=0
checkpoint_phase lsn=20312 phase=value_index_schedule slot=0 started_ns=1790110480270936000 ended_ns=1790110480271336541 elapsed_us=400 block_gets=0 block_puts=0 deleted=0
checkpoint_phase lsn=20312 phase=value_index_schedule slot=0 started_ns=1790110480271346000 ended_ns=1790110480271456333 elapsed_us=110 block_gets=0 block_puts=0 deleted=0
checkpoint_phase lsn=20312 phase=value_index_schedule slot=0 started_ns=1790110480271465000 ended_ns=1790110480271573333 elapsed_us=108 block_gets=0 block_puts=0 deleted=0
checkpoint_phase lsn=20312 phase=value_index_schedule slot=0 started_ns=1790110480271599000 ended_ns=1790110480271682500 elapsed_us=83 block_gets=0 block_puts=0 deleted=0
checkpoint_phase lsn=20312 phase=value_index_schedule slot=0 started_ns=1790110480271691000 ended_ns=1790110480285614041 elapsed_us=13923 block_gets=0 block_puts=4 deleted=0
checkpoint_phase lsn=20312 phase=value_index_schedule slot=0 started_ns=1790110480285625000 ended_ns=1790110480285625292 elapsed_us=0 block_gets=0 block_puts=0 deleted=0
checkpoint_phase lsn=20312 phase=value_index_write slot=0 started_ns=1790110480285634000 ended_ns=1790110480299196042 elapsed_us=13562 block_gets=0 block_puts=4 deleted=0
checkpoint_phase lsn=20312 phase=value_index_write slot=0 started_ns=1790110480299212000 ended_ns=1790110480313107000 elapsed_us=13895 block_gets=0 block_puts=4 deleted=0
checkpoint_phase lsn=20312 phase=value_index_write slot=0 started_ns=1790110480313123000 ended_ns=1790110480325851250 elapsed_us=12728 block_gets=0 block_puts=4 deleted=0
checkpoint_phase lsn=20312 phase=value_index_write slot=0 started_ns=1790110480325867000 ended_ns=1790110480339896167 elapsed_us=14029 block_gets=0 block_puts=4 deleted=0
checkpoint_phase lsn=20312 phase=value_index_write slot=0 started_ns=1790110480339914000 ended_ns=1790110480353519709 elapsed_us=13605 block_gets=0 block_puts=4 deleted=0
checkpoint_phase lsn=20312 phase=value_index_write slot=0 started_ns=1790110480353534000 ended_ns=1790110480364540791 elapsed_us=11006 block_gets=0 block_puts=4 deleted=0
checkpoint_phase lsn=20312 phase=value_index_write slot=0 started_ns=1790110480364557000 ended_ns=1790110480376101708 elapsed_us=11544 block_gets=0 block_puts=4 deleted=0
checkpoint_phase lsn=20312 phase=value_index_write slot=0 started_ns=1790110480376118000 ended_ns=1790110480387316250 elapsed_us=11198 block_gets=0 block_puts=4 deleted=0
checkpoint_phase lsn=20312 phase=value_index_write slot=0 started_ns=1790110480387335000 ended_ns=1790110480398151292 elapsed_us=10816 block_gets=0 block_puts=4 deleted=0
checkpoint_phase lsn=20312 phase=value_index_write slot=0 started_ns=1790110480398166000 ended_ns=1790110480410647291 elapsed_us=12481 block_gets=0 block_puts=4 deleted=0
checkpoint_phase lsn=20312 phase=value_index_write slot=0 started_ns=1790110480410663000 ended_ns=1790110480424248417 elapsed_us=13585 block_gets=0 block_puts=4 deleted=0
checkpoint_phase lsn=20312 phase=value_index_write slot=0 started_ns=1790110480424264000 ended_ns=1790110480438049166 elapsed_us=13785 block_gets=0 block_puts=4 deleted=0
checkpoint_phase lsn=20312 phase=value_index_write slot=0 started_ns=1790110480438064000 ended_ns=1790110480450960375 elapsed_us=12896 block_gets=0 block_puts=4 deleted=0
checkpoint_phase lsn=20312 phase=value_index_write slot=0 started_ns=1790110480450976000 ended_ns=1790110480461695250 elapsed_us=10719 block_gets=0 block_puts=4 deleted=0
checkpoint_phase lsn=20312 phase=value_index_write slot=0 started_ns=1790110480461705000 ended_ns=1790110480473322959 elapsed_us=11617 block_gets=0 block_puts=4 deleted=0
checkpoint_phase lsn=20312 phase=value_index_write slot=0 started_ns=1790110480473334000 ended_ns=1790110480483798250 elapsed_us=10464 block_gets=0 block_puts=4 deleted=0
checkpoint_phase lsn=20312 phase=value_index_write slot=0 started_ns=1790110480483810000 ended_ns=1790110480494475167 elapsed_us=10665 block_gets=0 block_puts=4 deleted=0
checkpoint_phase lsn=20312 phase=value_index_write slot=0 started_ns=1790110480494484000 ended_ns=1790110480506754750 elapsed_us=12270 block_gets=0 block_puts=4 deleted=0
checkpoint_phase lsn=20312 phase=value_index_write slot=0 started_ns=1790110480506767000 ended_ns=1790110480519059958 elapsed_us=12292 block_gets=0 block_puts=4 deleted=0
checkpoint_phase lsn=20312 phase=value_index_write slot=0 started_ns=1790110480519070000 ended_ns=1790110480532825583 elapsed_us=13755 block_gets=0 block_puts=4 deleted=0
checkpoint_phase lsn=20312 phase=value_index_write slot=0 started_ns=1790110480532842000 ended_ns=1790110480545024958 elapsed_us=12182 block_gets=0 block_puts=4 deleted=0
checkpoint_phase lsn=20312 phase=value_index_write slot=0 started_ns=1790110480545055000 ended_ns=1790110480558355625 elapsed_us=13300 block_gets=0 block_puts=4 deleted=0
checkpoint_phase lsn=20312 phase=value_index_write slot=0 started_ns=1790110480558374000 ended_ns=1790110480569651750 elapsed_us=11277 block_gets=0 block_puts=4 deleted=0
checkpoint_phase lsn=20312 phase=value_index_write slot=0 started_ns=1790110480569668000 ended_ns=1790110480581643500 elapsed_us=11975 block_gets=0 block_puts=4 deleted=0
checkpoint_phase lsn=20312 phase=value_index_write slot=0 started_ns=1790110480581660000 ended_ns=1790110480592859750 elapsed_us=11199 block_gets=0 block_puts=4 deleted=0
checkpoint_phase lsn=20312 phase=value_index_write slot=0 started_ns=1790110480592874000 ended_ns=1790110480606587333 elapsed_us=13713 block_gets=0 block_puts=4 deleted=0
checkpoint_phase lsn=20312 phase=value_index_write slot=0 started_ns=1790110480606602000 ended_ns=1790110480619804500 elapsed_us=13202 block_gets=0 block_puts=4 deleted=0
checkpoint_phase lsn=20312 phase=value_index_write slot=0 started_ns=1790110480619819000 ended_ns=1790110480632667542 elapsed_us=12848 block_gets=0 block_puts=4 deleted=0
checkpoint_phase lsn=20312 phase=value_index_write slot=0 started_ns=1790110480632683000 ended_ns=1790110480645954500 elapsed_us=13271 block_gets=0 block_puts=4 deleted=0
checkpoint_phase lsn=20312 phase=value_index_write slot=0 started_ns=1790110480645968000 ended_ns=1790110480657869458 elapsed_us=11901 block_gets=0 block_puts=4 deleted=0
checkpoint_phase lsn=20312 phase=value_index_write slot=0 started_ns=1790110480657884000 ended_ns=1790110480671263667 elapsed_us=13379 block_gets=0 block_puts=4 deleted=0
checkpoint_phase lsn=20312 phase=value_index_write slot=0 started_ns=1790110480671275000 ended_ns=1790110480683801458 elapsed_us=12526 block_gets=0 block_puts=4 deleted=0
checkpoint_phase lsn=20312 phase=value_index_write slot=0 started_ns=1790110480683816000 ended_ns=1790110480698368416 elapsed_us=14552 block_gets=0 block_puts=5 deleted=0
checkpoint_phase lsn=20312 phase=value_index_write slot=0 started_ns=1790110480698387000 ended_ns=1790110480710359916 elapsed_us=11972 block_gets=0 block_puts=4 deleted=0
checkpoint_phase lsn=20312 phase=value_index_write slot=0 started_ns=1790110480710374000 ended_ns=1790110480725555333 elapsed_us=15181 block_gets=0 block_puts=5 deleted=0
checkpoint_phase lsn=20312 phase=value_index_schedule slot=0 started_ns=1790110480725577000 ended_ns=1790110480725580833 elapsed_us=3 block_gets=0 block_puts=0 deleted=0
checkpoint_phase lsn=20312 phase=value_index_schedule slot=0 started_ns=1790110480725590000 ended_ns=1790110480726396875 elapsed_us=806 block_gets=0 block_puts=0 deleted=0
checkpoint_phase lsn=20312 phase=value_index_schedule slot=0 started_ns=1790110480726408000 ended_ns=1790110480751152041 elapsed_us=24744 block_gets=8 block_puts=0 deleted=0
checkpoint_phase lsn=20312 phase=value_index_schedule slot=0 started_ns=1790110480751169000 ended_ns=1790110480773835584 elapsed_us=22666 block_gets=8 block_puts=0 deleted=0
checkpoint_phase lsn=20312 phase=value_index_schedule slot=0 started_ns=1790110480773852000 ended_ns=1790110480798268541 elapsed_us=24416 block_gets=8 block_puts=0 deleted=0
checkpoint_phase lsn=20312 phase=value_index_schedule slot=0 started_ns=1790110480798283000 ended_ns=1790110480820160542 elapsed_us=21877 block_gets=8 block_puts=0 deleted=0
checkpoint_phase lsn=20312 phase=value_index_schedule slot=0 started_ns=1790110480820176000 ended_ns=1790110480844288958 elapsed_us=24112 block_gets=8 block_puts=0 deleted=0
checkpoint_phase lsn=20312 phase=value_index_schedule slot=0 started_ns=1790110480844310000 ended_ns=1790110480867181917 elapsed_us=22871 block_gets=8 block_puts=0 deleted=0
checkpoint_phase lsn=20312 phase=value_index_schedule slot=0 started_ns=1790110480867201000 ended_ns=1790110480890334542 elapsed_us=23133 block_gets=8 block_puts=0 deleted=0
checkpoint_phase lsn=20312 phase=value_index_schedule slot=0 started_ns=1790110480890350000 ended_ns=1790110480914672041 elapsed_us=24322 block_gets=8 block_puts=0 deleted=0
checkpoint_phase lsn=20312 phase=value_index_schedule slot=0 started_ns=1790110480914705000 ended_ns=1790110480939829209 elapsed_us=25124 block_gets=8 block_puts=0 deleted=0
checkpoint_phase lsn=20312 phase=value_index_schedule slot=0 started_ns=1790110480939845000 ended_ns=1790110480963141583 elapsed_us=23296 block_gets=8 block_puts=0 deleted=0
checkpoint_phase lsn=20312 phase=value_index_schedule slot=0 started_ns=1790110480963158000 ended_ns=1790110480986430667 elapsed_us=23272 block_gets=8 block_puts=0 deleted=0
checkpoint_phase lsn=20312 phase=value_index_schedule slot=0 started_ns=1790110480986448000 ended_ns=1790110481009234667 elapsed_us=22786 block_gets=8 block_puts=0 deleted=0
checkpoint_phase lsn=20312 phase=value_index_schedule slot=0 started_ns=1790110481009252000 ended_ns=1790110481032349291 elapsed_us=23097 block_gets=8 block_puts=0 deleted=0
checkpoint_phase lsn=20312 phase=value_index_schedule slot=0 started_ns=1790110481032369000 ended_ns=1790110481055496250 elapsed_us=23127 block_gets=8 block_puts=0 deleted=0
checkpoint_phase lsn=20312 phase=value_index_schedule slot=0 started_ns=1790110481055518000 ended_ns=1790110481063901083 elapsed_us=8383 block_gets=2 block_puts=0 deleted=0
checkpoint_phase lsn=20312 phase=value_index_schedule slot=0 started_ns=1790110481063923000 ended_ns=1790110481066359250 elapsed_us=2436 block_gets=0 block_puts=0 deleted=0
checkpoint_phase lsn=20312 phase=value_index_schedule slot=0 started_ns=1790110481066390000 ended_ns=1790110481066419625 elapsed_us=29 block_gets=0 block_puts=0 deleted=0
checkpoint_phase lsn=20312 phase=value_index_schedule slot=0 started_ns=1790110481066436000 ended_ns=1790110481066460166 elapsed_us=24 block_gets=0 block_puts=0 deleted=0
checkpoint_phase lsn=20312 phase=value_index_schedule slot=0 started_ns=1790110481066472000 ended_ns=1790110481066495666 elapsed_us=23 block_gets=0 block_puts=0 deleted=0
checkpoint_phase lsn=20312 phase=value_index_schedule slot=0 started_ns=1790110481066507000 ended_ns=1790110481071180750 elapsed_us=4673 block_gets=0 block_puts=1 deleted=0
checkpoint_phase lsn=20312 phase=value_index_schedule slot=0 started_ns=1790110481071202000 ended_ns=1790110481086013625 elapsed_us=14811 block_gets=0 block_puts=4 deleted=0
checkpoint_phase lsn=20312 phase=value_index_schedule slot=0 started_ns=1790110481086033000 ended_ns=1790110481088839500 elapsed_us=2806 block_gets=0 block_puts=0 deleted=0
checkpoint_phase lsn=20312 phase=value_index_schedule slot=0 started_ns=1790110481088865000 ended_ns=1790110481091654666 elapsed_us=2789 block_gets=0 block_puts=0 deleted=0
checkpoint_phase lsn=20312 phase=value_index_schedule slot=0 started_ns=1790110481091667000 ended_ns=1790110481094338500 elapsed_us=2671 block_gets=0 block_puts=0 deleted=0
checkpoint_phase lsn=20312 phase=value_index_schedule slot=0 started_ns=1790110481094349000 ended_ns=1790110481097131375 elapsed_us=2782 block_gets=0 block_puts=0 deleted=0
checkpoint_phase lsn=20312 phase=value_index_schedule slot=0 started_ns=1790110481097149000 ended_ns=1790110481099073458 elapsed_us=1924 block_gets=0 block_puts=0 deleted=0
checkpoint_phase lsn=20312 phase=value_index_schedule slot=0 started_ns=1790110481099090000 ended_ns=1790110481099118833 elapsed_us=28 block_gets=0 block_puts=0 deleted=0
checkpoint_phase lsn=20312 phase=value_index_schedule slot=0 started_ns=1790110481099130000 ended_ns=1790110481099153916 elapsed_us=23 block_gets=0 block_puts=0 deleted=0
checkpoint_phase lsn=20312 phase=value_index_schedule slot=0 started_ns=1790110481099162000 ended_ns=1790110481099186958 elapsed_us=24 block_gets=0 block_puts=0 deleted=0
checkpoint_phase lsn=20312 phase=value_index_schedule slot=0 started_ns=1790110481099193000 ended_ns=1790110481103547458 elapsed_us=4354 block_gets=0 block_puts=1 deleted=0
checkpoint_phase lsn=20312 phase=value_index_schedule slot=0 started_ns=1790110481103562000 ended_ns=1790110481118144083 elapsed_us=14582 block_gets=0 block_puts=4 deleted=0
checkpoint_phase lsn=20312 phase=value_index_schedule slot=0 started_ns=1790110481118179000 ended_ns=1790110481118642292 elapsed_us=463 block_gets=0 block_puts=0 deleted=0
checkpoint_phase lsn=20312 phase=value_index_schedule slot=0 started_ns=1790110481118654000 ended_ns=1790110481118711875 elapsed_us=57 block_gets=0 block_puts=0 deleted=0
checkpoint_phase lsn=20312 phase=value_index_schedule slot=0 started_ns=1790110481118721000 ended_ns=1790110481118771375 elapsed_us=50 block_gets=0 block_puts=0 deleted=0
checkpoint_phase lsn=20312 phase=value_index_schedule slot=0 started_ns=1790110481118782000 ended_ns=1790110481118832333 elapsed_us=50 block_gets=0 block_puts=0 deleted=0
checkpoint_phase lsn=20312 phase=value_index_schedule slot=0 started_ns=1790110481118838000 ended_ns=1790110481122598666 elapsed_us=3760 block_gets=0 block_puts=1 deleted=0
checkpoint_phase lsn=20312 phase=value_index_schedule slot=0 started_ns=1790110481122608000 ended_ns=1790110481122725166 elapsed_us=117 block_gets=0 block_puts=0 deleted=0
checkpoint_phase lsn=20312 phase=value_index_schedule slot=0 started_ns=1790110481122735000 ended_ns=1790110481122853708 elapsed_us=118 block_gets=0 block_puts=0 deleted=0
checkpoint_phase lsn=20312 phase=value_index_schedule slot=0 started_ns=1790110481122860000 ended_ns=1790110481126506792 elapsed_us=3646 block_gets=0 block_puts=1 deleted=0
checkpoint_phase lsn=20312 phase=value_index_schedule slot=0 started_ns=1790110481126515000 ended_ns=1790110481126587458 elapsed_us=72 block_gets=0 block_puts=0 deleted=0
checkpoint_phase lsn=20312 phase=value_index_schedule slot=0 started_ns=1790110481126594000 ended_ns=1790110481126751000 elapsed_us=157 block_gets=0 block_puts=0 deleted=0
checkpoint_phase lsn=20312 phase=value_index_schedule slot=0 started_ns=1790110481126761000 ended_ns=1790110481126777042 elapsed_us=16 block_gets=0 block_puts=0 deleted=0
checkpoint_phase lsn=20312 phase=value_index_schedule slot=0 started_ns=1790110481126786000 ended_ns=1790110481140537625 elapsed_us=13751 block_gets=0 block_puts=4 deleted=0
checkpoint_phase lsn=20312 phase=value_index_schedule slot=0 started_ns=1790110481140558000 ended_ns=1790110481141818916 elapsed_us=1260 block_gets=0 block_puts=0 deleted=0
checkpoint_phase lsn=20312 phase=value_index_schedule slot=0 started_ns=1790110481141839000 ended_ns=1790110481154881667 elapsed_us=13042 block_gets=0 block_puts=4 deleted=0
checkpoint_phase lsn=20312 phase=value_index_schedule slot=0 started_ns=1790110481154898000 ended_ns=1790110481154898333 elapsed_us=0 block_gets=0 block_puts=0 deleted=0
checkpoint_phase lsn=20312 phase=value_index_schedule slot=0 started_ns=1790110481154905000 ended_ns=1790110481155040042 elapsed_us=135 block_gets=0 block_puts=0 deleted=0
checkpoint_phase lsn=20312 phase=value_index_schedule slot=0 started_ns=1790110481155050000 ended_ns=1790110481155220209 elapsed_us=170 block_gets=0 block_puts=0 deleted=0
checkpoint_phase lsn=20312 phase=value_index_schedule slot=0 started_ns=1790110481155232000 ended_ns=1790110481155392125 elapsed_us=160 block_gets=0 block_puts=0 deleted=0
checkpoint_phase lsn=20312 phase=value_index_schedule slot=0 started_ns=1790110481155402000 ended_ns=1790110481155569167 elapsed_us=167 block_gets=0 block_puts=0 deleted=0
checkpoint_phase lsn=20312 phase=value_index_schedule slot=0 started_ns=1790110481155584000 ended_ns=1790110481160062375 elapsed_us=4478 block_gets=0 block_puts=1 deleted=0
checkpoint_phase lsn=20312 phase=value_index_schedule slot=0 started_ns=1790110481160076000 ended_ns=1790110481160233000 elapsed_us=157 block_gets=0 block_puts=0 deleted=0
checkpoint_phase lsn=20312 phase=value_index_schedule slot=0 started_ns=1790110481160242000 ended_ns=1790110481160401250 elapsed_us=159 block_gets=0 block_puts=0 deleted=0
checkpoint_phase lsn=20312 phase=value_index_schedule slot=0 started_ns=1790110481160409000 ended_ns=1790110481164844000 elapsed_us=4435 block_gets=0 block_puts=1 deleted=0
checkpoint_phase lsn=20312 phase=value_index_schedule slot=0 started_ns=1790110481164858000 ended_ns=1790110481164985750 elapsed_us=127 block_gets=0 block_puts=0 deleted=0
checkpoint_phase lsn=20312 phase=value_index_schedule slot=0 started_ns=1790110481165013000 ended_ns=1790110481165130333 elapsed_us=117 block_gets=0 block_puts=0 deleted=0
checkpoint_phase lsn=20312 phase=value_index_schedule slot=0 started_ns=1790110481165141000 ended_ns=1790110481165244375 elapsed_us=103 block_gets=0 block_puts=0 deleted=0
checkpoint_phase lsn=20312 phase=value_index_schedule slot=0 started_ns=1790110481165256000 ended_ns=1790110481177596917 elapsed_us=12340 block_gets=0 block_puts=4 deleted=0
checkpoint_phase lsn=20312 phase=value_index_schedule slot=0 started_ns=1790110481177616000 ended_ns=1790110481177616250 elapsed_us=0 block_gets=0 block_puts=0 deleted=0
checkpoint_phase lsn=20312 phase=value_index_write slot=0 started_ns=1790110481177625000 ended_ns=1790110481177786708 elapsed_us=161 block_gets=0 block_puts=0 deleted=0
checkpoint_phase lsn=20312 phase=value_index_write slot=0 started_ns=1790110481177796000 ended_ns=1790110481177844750 elapsed_us=48 block_gets=0 block_puts=0 deleted=0
checkpoint_phase lsn=20312 phase=value_index_write slot=0 started_ns=1790110481177854000 ended_ns=1790110481177901375 elapsed_us=47 block_gets=0 block_puts=0 deleted=0
checkpoint_phase lsn=20312 phase=value_index_write slot=0 started_ns=1790110481177913000 ended_ns=1790110481178073459 elapsed_us=160 block_gets=0 block_puts=0 deleted=0
checkpoint_phase lsn=20312 phase=value_index_write slot=0 started_ns=1790110481178082000 ended_ns=1790110481178130291 elapsed_us=48 block_gets=0 block_puts=0 deleted=0
checkpoint_phase lsn=20312 phase=value_index_write slot=0 started_ns=1790110481178139000 ended_ns=1790110481184890167 elapsed_us=6751 block_gets=0 block_puts=1 deleted=0
checkpoint_phase lsn=20312 phase=value_index_write slot=0 started_ns=1790110481184911000 ended_ns=1790110481185051708 elapsed_us=140 block_gets=0 block_puts=0 deleted=0
checkpoint_phase lsn=20312 phase=value_index_write slot=0 started_ns=1790110481185064000 ended_ns=1790110481185113333 elapsed_us=49 block_gets=0 block_puts=0 deleted=0
checkpoint_phase lsn=20312 phase=value_index_write slot=0 started_ns=1790110481185121000 ended_ns=1790110481185170791 elapsed_us=49 block_gets=0 block_puts=0 deleted=0
checkpoint_phase lsn=20312 phase=value_index_write slot=0 started_ns=1790110481185180000 ended_ns=1790110481194534541 elapsed_us=9354 block_gets=0 block_puts=2 deleted=0
checkpoint_phase lsn=20312 phase=value_index_schedule slot=0 started_ns=1790110481194563000 ended_ns=1790110481194567208 elapsed_us=4 block_gets=0 block_puts=0 deleted=0
checkpoint_phase lsn=20312 phase=value_index_schedule slot=0 started_ns=1790110481194578000 ended_ns=1790110481195415750 elapsed_us=837 block_gets=0 block_puts=0 deleted=0
checkpoint_phase lsn=20312 phase=value_index_schedule slot=0 started_ns=1790110481195429000 ended_ns=1790110481218968750 elapsed_us=23539 block_gets=8 block_puts=0 deleted=0
checkpoint_phase lsn=20312 phase=value_index_schedule slot=0 started_ns=1790110481218989000 ended_ns=1790110481244763000 elapsed_us=25774 block_gets=8 block_puts=0 deleted=0
checkpoint_phase lsn=20312 phase=value_index_schedule slot=0 started_ns=1790110481244781000 ended_ns=1790110481270108667 elapsed_us=25327 block_gets=8 block_puts=0 deleted=0
checkpoint_phase lsn=20312 phase=value_index_schedule slot=0 started_ns=1790110481270129000 ended_ns=1790110481294827833 elapsed_us=24698 block_gets=8 block_puts=0 deleted=0
checkpoint_phase lsn=20312 phase=value_index_schedule slot=0 started_ns=1790110481294846000 ended_ns=1790110481318716000 elapsed_us=23870 block_gets=8 block_puts=0 deleted=0
checkpoint_phase lsn=20312 phase=value_index_schedule slot=0 started_ns=1790110481318732000 ended_ns=1790110481342828792 elapsed_us=24096 block_gets=8 block_puts=0 deleted=0
checkpoint_phase lsn=20312 phase=value_index_schedule slot=0 started_ns=1790110481342848000 ended_ns=1790110481364739583 elapsed_us=21891 block_gets=8 block_puts=0 deleted=0
checkpoint_phase lsn=20312 phase=value_index_schedule slot=0 started_ns=1790110481364754000 ended_ns=1790110481386076417 elapsed_us=21322 block_gets=8 block_puts=0 deleted=0
checkpoint_phase lsn=20312 phase=value_index_schedule slot=0 started_ns=1790110481386132000 ended_ns=1790110481407050542 elapsed_us=20918 block_gets=8 block_puts=0 deleted=0
checkpoint_phase lsn=20312 phase=value_index_schedule slot=0 started_ns=1790110481407071000 ended_ns=1790110481430263125 elapsed_us=23192 block_gets=8 block_puts=0 deleted=0
checkpoint_phase lsn=20312 phase=value_index_schedule slot=0 started_ns=1790110481430280000 ended_ns=1790110481454764625 elapsed_us=24484 block_gets=8 block_puts=0 deleted=0
checkpoint_phase lsn=20312 phase=value_index_schedule slot=0 started_ns=1790110481454783000 ended_ns=1790110481478835417 elapsed_us=24052 block_gets=8 block_puts=0 deleted=0
checkpoint_phase lsn=20312 phase=value_index_schedule slot=0 started_ns=1790110481478853000 ended_ns=1790110481502181000 elapsed_us=23328 block_gets=8 block_puts=0 deleted=0
checkpoint_phase lsn=20312 phase=value_index_schedule slot=0 started_ns=1790110481502198000 ended_ns=1790110481523202958 elapsed_us=21004 block_gets=8 block_puts=0 deleted=0
checkpoint_phase lsn=20312 phase=value_index_schedule slot=0 started_ns=1790110481523218000 ended_ns=1790110481532710125 elapsed_us=9492 block_gets=2 block_puts=0 deleted=0
checkpoint_phase lsn=20312 phase=value_index_schedule slot=0 started_ns=1790110481532728000 ended_ns=1790110481542059834 elapsed_us=9331 block_gets=0 block_puts=0 deleted=0
checkpoint_phase lsn=20312 phase=value_index_schedule slot=0 started_ns=1790110481542079000 ended_ns=1790110481542106500 elapsed_us=27 block_gets=0 block_puts=0 deleted=0
checkpoint_phase lsn=20312 phase=value_index_schedule slot=0 started_ns=1790110481542114000 ended_ns=1790110481542136125 elapsed_us=22 block_gets=0 block_puts=0 deleted=0
checkpoint_phase lsn=20312 phase=value_index_schedule slot=0 started_ns=1790110481542143000 ended_ns=1790110481542165625 elapsed_us=22 block_gets=0 block_puts=0 deleted=0
checkpoint_phase lsn=20312 phase=value_index_schedule slot=0 started_ns=1790110481542172000 ended_ns=1790110481547133000 elapsed_us=4961 block_gets=0 block_puts=1 deleted=0
checkpoint_phase lsn=20312 phase=value_index_schedule slot=0 started_ns=1790110481547150000 ended_ns=1790110481560166708 elapsed_us=13016 block_gets=0 block_puts=4 deleted=0
checkpoint_phase lsn=20312 phase=value_index_schedule slot=0 started_ns=1790110481560185000 ended_ns=1790110481563082416 elapsed_us=2897 block_gets=0 block_puts=0 deleted=0
checkpoint_phase lsn=20312 phase=value_index_schedule slot=0 started_ns=1790110481563097000 ended_ns=1790110481565915792 elapsed_us=2818 block_gets=0 block_puts=0 deleted=0
checkpoint_phase lsn=20312 phase=value_index_schedule slot=0 started_ns=1790110481565927000 ended_ns=1790110481568707458 elapsed_us=2780 block_gets=0 block_puts=0 deleted=0
checkpoint_phase lsn=20312 phase=value_index_schedule slot=0 started_ns=1790110481568722000 ended_ns=1790110481571475792 elapsed_us=2753 block_gets=0 block_puts=0 deleted=0
checkpoint_phase lsn=20312 phase=value_index_schedule slot=0 started_ns=1790110481571488000 ended_ns=1790110481572959625 elapsed_us=1471 block_gets=0 block_puts=0 deleted=0
checkpoint_phase lsn=20312 phase=value_index_schedule slot=0 started_ns=1790110481572973000 ended_ns=1790110481573003208 elapsed_us=30 block_gets=0 block_puts=0 deleted=0
checkpoint_phase lsn=20312 phase=value_index_schedule slot=0 started_ns=1790110481573012000 ended_ns=1790110481573035125 elapsed_us=23 block_gets=0 block_puts=0 deleted=0
checkpoint_phase lsn=20312 phase=value_index_schedule slot=0 started_ns=1790110481573045000 ended_ns=1790110481573068000 elapsed_us=23 block_gets=0 block_puts=0 deleted=0
checkpoint_phase lsn=20312 phase=value_index_schedule slot=0 started_ns=1790110481573078000 ended_ns=1790110481576974208 elapsed_us=3896 block_gets=0 block_puts=1 deleted=0
checkpoint_phase lsn=20312 phase=value_index_schedule slot=0 started_ns=1790110481576990000 ended_ns=1790110481588380791 elapsed_us=11390 block_gets=0 block_puts=4 deleted=0
checkpoint_phase lsn=20312 phase=value_index_schedule slot=0 started_ns=1790110481588400000 ended_ns=1790110481588975166 elapsed_us=575 block_gets=0 block_puts=0 deleted=0
checkpoint_phase lsn=20312 phase=value_index_schedule slot=0 started_ns=1790110481588999000 ended_ns=1790110481589215333 elapsed_us=216 block_gets=0 block_puts=0 deleted=0
checkpoint_phase lsn=20312 phase=value_index_schedule slot=0 started_ns=1790110481589227000 ended_ns=1790110481589433375 elapsed_us=206 block_gets=0 block_puts=0 deleted=0
checkpoint_phase lsn=20312 phase=value_index_schedule slot=0 started_ns=1790110481589445000 ended_ns=1790110481589747292 elapsed_us=302 block_gets=0 block_puts=0 deleted=0
checkpoint_phase lsn=20312 phase=value_index_schedule slot=0 started_ns=1790110481589756000 ended_ns=1790110481593862458 elapsed_us=4106 block_gets=0 block_puts=1 deleted=0
checkpoint_phase lsn=20312 phase=value_index_schedule slot=0 started_ns=1790110481593881000 ended_ns=1790110481594191166 elapsed_us=310 block_gets=0 block_puts=0 deleted=0
checkpoint_phase lsn=20312 phase=value_index_schedule slot=0 started_ns=1790110481594205000 ended_ns=1790110481594510916 elapsed_us=305 block_gets=0 block_puts=0 deleted=0
checkpoint_phase lsn=20312 phase=value_index_schedule slot=0 started_ns=1790110481594521000 ended_ns=1790110481598581833 elapsed_us=4060 block_gets=0 block_puts=1 deleted=0
checkpoint_phase lsn=20312 phase=value_index_schedule slot=0 started_ns=1790110481598597000 ended_ns=1790110481598834375 elapsed_us=237 block_gets=0 block_puts=0 deleted=0
checkpoint_phase lsn=20312 phase=value_index_schedule slot=0 started_ns=1790110481598847000 ended_ns=1790110481598872750 elapsed_us=25 block_gets=0 block_puts=0 deleted=0
checkpoint_phase lsn=20312 phase=value_index_schedule slot=0 started_ns=1790110481598884000 ended_ns=1790110481611551834 elapsed_us=12667 block_gets=0 block_puts=4 deleted=0
checkpoint_phase lsn=20312 phase=value_index_schedule slot=0 started_ns=1790110481611569000 ended_ns=1790110481614315083 elapsed_us=2746 block_gets=0 block_puts=0 deleted=0
checkpoint_phase lsn=20312 phase=value_index_schedule slot=0 started_ns=1790110481614324000 ended_ns=1790110481614964334 elapsed_us=640 block_gets=0 block_puts=0 deleted=0
checkpoint_phase lsn=20312 phase=value_index_schedule slot=0 started_ns=1790110481614974000 ended_ns=1790110481615002125 elapsed_us=28 block_gets=0 block_puts=0 deleted=0
checkpoint_phase lsn=20312 phase=value_index_schedule slot=0 started_ns=1790110481615010000 ended_ns=1790110481627975458 elapsed_us=12965 block_gets=0 block_puts=4 deleted=0
checkpoint_phase lsn=20312 phase=value_index_schedule slot=0 started_ns=1790110481627985000 ended_ns=1790110481627985292 elapsed_us=0 block_gets=0 block_puts=0 deleted=0
checkpoint_phase lsn=20312 phase=value_index_schedule slot=0 started_ns=1790110481627993000 ended_ns=1790110481628171167 elapsed_us=178 block_gets=0 block_puts=0 deleted=0
checkpoint_phase lsn=20312 phase=value_index_schedule slot=0 started_ns=1790110481628178000 ended_ns=1790110481628512042 elapsed_us=334 block_gets=0 block_puts=0 deleted=0
checkpoint_phase lsn=20312 phase=value_index_schedule slot=0 started_ns=1790110481628519000 ended_ns=1790110481628852583 elapsed_us=333 block_gets=0 block_puts=0 deleted=0
checkpoint_phase lsn=20312 phase=value_index_schedule slot=0 started_ns=1790110481628860000 ended_ns=1790110481629202125 elapsed_us=342 block_gets=0 block_puts=0 deleted=0
checkpoint_phase lsn=20312 phase=value_index_schedule slot=0 started_ns=1790110481629209000 ended_ns=1790110481633093083 elapsed_us=3884 block_gets=0 block_puts=1 deleted=0
checkpoint_phase lsn=20312 phase=value_index_schedule slot=0 started_ns=1790110481633104000 ended_ns=1790110481633436292 elapsed_us=332 block_gets=0 block_puts=0 deleted=0
checkpoint_phase lsn=20312 phase=value_index_schedule slot=0 started_ns=1790110481633444000 ended_ns=1790110481633775083 elapsed_us=331 block_gets=0 block_puts=0 deleted=0
checkpoint_phase lsn=20312 phase=value_index_schedule slot=0 started_ns=1790110481633782000 ended_ns=1790110481638187666 elapsed_us=4405 block_gets=0 block_puts=1 deleted=0
checkpoint_phase lsn=20312 phase=value_index_schedule slot=0 started_ns=1790110481638207000 ended_ns=1790110481638492333 elapsed_us=285 block_gets=0 block_puts=0 deleted=0
checkpoint_phase lsn=20312 phase=value_index_schedule slot=0 started_ns=1790110481638500000 ended_ns=1790110481638658084 elapsed_us=158 block_gets=0 block_puts=0 deleted=0
checkpoint_phase lsn=20312 phase=value_index_schedule slot=0 started_ns=1790110481638665000 ended_ns=1790110481642566208 elapsed_us=3901 block_gets=0 block_puts=1 deleted=0
checkpoint_phase lsn=20312 phase=value_index_schedule slot=0 started_ns=1790110481642577000 ended_ns=1790110481655532000 elapsed_us=12955 block_gets=0 block_puts=4 deleted=0
checkpoint_phase lsn=20312 phase=value_index_schedule slot=0 started_ns=1790110481655548000 ended_ns=1790110481655548292 elapsed_us=0 block_gets=0 block_puts=0 deleted=0
checkpoint_phase lsn=20312 phase=value_index_write slot=0 started_ns=1790110481655556000 ended_ns=1790110481669656500 elapsed_us=14100 block_gets=0 block_puts=4 deleted=0
checkpoint_phase lsn=20312 phase=value_index_write slot=0 started_ns=1790110481669670000 ended_ns=1790110481681243958 elapsed_us=11573 block_gets=0 block_puts=4 deleted=0
checkpoint_phase lsn=20312 phase=value_index_write slot=0 started_ns=1790110481681260000 ended_ns=1790110481694893500 elapsed_us=13633 block_gets=0 block_puts=4 deleted=0
checkpoint_phase lsn=20312 phase=value_index_write slot=0 started_ns=1790110481694909000 ended_ns=1790110481707687500 elapsed_us=12778 block_gets=0 block_puts=4 deleted=0
checkpoint_phase lsn=20312 phase=value_index_write slot=0 started_ns=1790110481707705000 ended_ns=1790110481726176458 elapsed_us=18471 block_gets=0 block_puts=4 deleted=0
checkpoint_phase lsn=20312 phase=value_index_write slot=0 started_ns=1790110481726201000 ended_ns=1790110481738867375 elapsed_us=12666 block_gets=0 block_puts=4 deleted=0
checkpoint_phase lsn=20312 phase=value_index_write slot=0 started_ns=1790110481738885000 ended_ns=1790110481750688125 elapsed_us=11803 block_gets=0 block_puts=4 deleted=0
checkpoint_phase lsn=20312 phase=value_index_write slot=0 started_ns=1790110481750710000 ended_ns=1790110481764834250 elapsed_us=14124 block_gets=0 block_puts=4 deleted=0
checkpoint_phase lsn=20312 phase=value_index_write slot=0 started_ns=1790110481764853000 ended_ns=1790110481778648334 elapsed_us=13795 block_gets=0 block_puts=4 deleted=0
checkpoint_phase lsn=20312 phase=value_index_write slot=0 started_ns=1790110481778662000 ended_ns=1790110481791393167 elapsed_us=12731 block_gets=0 block_puts=4 deleted=0
checkpoint_phase lsn=20312 phase=value_index_write slot=0 started_ns=1790110481791407000 ended_ns=1790110481803677833 elapsed_us=12270 block_gets=0 block_puts=4 deleted=0
checkpoint_phase lsn=20312 phase=value_index_write slot=0 started_ns=1790110481803689000 ended_ns=1790110481816742458 elapsed_us=13053 block_gets=0 block_puts=4 deleted=0
checkpoint_phase lsn=20312 phase=value_index_write slot=0 started_ns=1790110481816756000 ended_ns=1790110481833347042 elapsed_us=16591 block_gets=0 block_puts=4 deleted=0
checkpoint_phase lsn=20312 phase=value_index_write slot=0 started_ns=1790110481833364000 ended_ns=1790110481860751000 elapsed_us=27387 block_gets=0 block_puts=4 deleted=0
checkpoint_phase lsn=20312 phase=value_index_write slot=0 started_ns=1790110481865938000 ended_ns=1790110481918897500 elapsed_us=52959 block_gets=0 block_puts=6 deleted=0
checkpoint_phase lsn=20312 phase=value_index_schedule slot=0 started_ns=1790110481918933000 ended_ns=1790110481918937084 elapsed_us=4 block_gets=0 block_puts=0 deleted=0
checkpoint_phase lsn=20312 phase=value_index_schedule slot=0 started_ns=1790110481918952000 ended_ns=1790110481919824500 elapsed_us=872 block_gets=0 block_puts=0 deleted=0
checkpoint_phase lsn=20312 phase=value_index_schedule slot=0 started_ns=1790110481922006000 ended_ns=1790110481951748833 elapsed_us=29742 block_gets=8 block_puts=0 deleted=0
checkpoint_phase lsn=20312 phase=value_index_schedule slot=0 started_ns=1790110481951772000 ended_ns=1790110481975872125 elapsed_us=24100 block_gets=8 block_puts=0 deleted=0
checkpoint_phase lsn=20312 phase=value_index_schedule slot=0 started_ns=1790110481975916000 ended_ns=1790110481999971958 elapsed_us=24055 block_gets=8 block_puts=0 deleted=0
checkpoint_phase lsn=20312 phase=value_index_schedule slot=0 started_ns=1790110481999992000 ended_ns=1790110482025031541 elapsed_us=25039 block_gets=8 block_puts=0 deleted=0
checkpoint_phase lsn=20312 phase=value_index_schedule slot=0 started_ns=1790110482025050000 ended_ns=1790110482048603625 elapsed_us=23553 block_gets=8 block_puts=0 deleted=0
checkpoint_phase lsn=20312 phase=value_index_schedule slot=0 started_ns=1790110482048620000 ended_ns=1790110482071277709 elapsed_us=22657 block_gets=8 block_puts=0 deleted=0
checkpoint_phase lsn=20312 phase=value_index_schedule slot=0 started_ns=1790110482071293000 ended_ns=1790110482093609584 elapsed_us=22316 block_gets=8 block_puts=0 deleted=0
checkpoint_phase lsn=20312 phase=value_index_schedule slot=0 started_ns=1790110482093631000 ended_ns=1790110482116695959 elapsed_us=23064 block_gets=8 block_puts=0 deleted=0
checkpoint_phase lsn=20312 phase=value_index_schedule slot=0 started_ns=1790110482116717000 ended_ns=1790110482138887208 elapsed_us=22170 block_gets=8 block_puts=0 deleted=0
checkpoint_phase lsn=20312 phase=value_index_schedule slot=0 started_ns=1790110482138905000 ended_ns=1790110482163044583 elapsed_us=24139 block_gets=8 block_puts=0 deleted=0
checkpoint_phase lsn=20312 phase=value_index_schedule slot=0 started_ns=1790110482163061000 ended_ns=1790110482187121708 elapsed_us=24060 block_gets=8 block_puts=0 deleted=0
checkpoint_phase lsn=20312 phase=value_index_schedule slot=0 started_ns=1790110482187139000 ended_ns=1790110482211417792 elapsed_us=24278 block_gets=8 block_puts=0 deleted=0
checkpoint_phase lsn=20312 phase=value_index_schedule slot=0 started_ns=1790110482211434000 ended_ns=1790110482234328500 elapsed_us=22894 block_gets=8 block_puts=0 deleted=0
checkpoint_phase lsn=20312 phase=value_index_schedule slot=0 started_ns=1790110482234352000 ended_ns=1790110482257035375 elapsed_us=22683 block_gets=8 block_puts=0 deleted=0
checkpoint_phase lsn=20312 phase=value_index_schedule slot=0 started_ns=1790110482257056000 ended_ns=1790110482265801167 elapsed_us=8745 block_gets=2 block_puts=0 deleted=0
checkpoint_phase lsn=20312 phase=value_index_schedule slot=0 started_ns=1790110482265825000 ended_ns=1790110482269574417 elapsed_us=3749 block_gets=0 block_puts=0 deleted=0
checkpoint_phase lsn=20312 phase=value_index_schedule slot=0 started_ns=1790110482269594000 ended_ns=1790110482269622875 elapsed_us=28 block_gets=0 block_puts=0 deleted=0
checkpoint_phase lsn=20312 phase=value_index_schedule slot=0 started_ns=1790110482269636000 ended_ns=1790110482269659583 elapsed_us=23 block_gets=0 block_puts=0 deleted=0
checkpoint_phase lsn=20312 phase=value_index_schedule slot=0 started_ns=1790110482269669000 ended_ns=1790110482269692959 elapsed_us=23 block_gets=0 block_puts=0 deleted=0
checkpoint_phase lsn=20312 phase=value_index_schedule slot=0 started_ns=1790110482269704000 ended_ns=1790110482274020292 elapsed_us=4316 block_gets=0 block_puts=1 deleted=0
checkpoint_phase lsn=20312 phase=value_index_schedule slot=0 started_ns=1790110482274043000 ended_ns=1790110482288012375 elapsed_us=13969 block_gets=0 block_puts=4 deleted=0
checkpoint_phase lsn=20312 phase=value_index_schedule slot=0 started_ns=1790110482288031000 ended_ns=1790110482290897125 elapsed_us=2866 block_gets=0 block_puts=0 deleted=0
checkpoint_phase lsn=20312 phase=value_index_schedule slot=0 started_ns=1790110482290906000 ended_ns=1790110482293691792 elapsed_us=2785 block_gets=0 block_puts=0 deleted=0
checkpoint_phase lsn=20312 phase=value_index_schedule slot=0 started_ns=1790110482293701000 ended_ns=1790110482296485208 elapsed_us=2784 block_gets=0 block_puts=0 deleted=0
checkpoint_phase lsn=20312 phase=value_index_schedule slot=0 started_ns=1790110482296494000 ended_ns=1790110482299255917 elapsed_us=2761 block_gets=0 block_puts=0 deleted=0
checkpoint_phase lsn=20312 phase=value_index_schedule slot=0 started_ns=1790110482299267000 ended_ns=1790110482300092792 elapsed_us=825 block_gets=0 block_puts=0 deleted=0
checkpoint_phase lsn=20312 phase=value_index_schedule slot=0 started_ns=1790110482300124000 ended_ns=1790110482300152709 elapsed_us=28 block_gets=0 block_puts=0 deleted=0
checkpoint_phase lsn=20312 phase=value_index_schedule slot=0 started_ns=1790110482300161000 ended_ns=1790110482300184125 elapsed_us=23 block_gets=0 block_puts=0 deleted=0
checkpoint_phase lsn=20312 phase=value_index_schedule slot=0 started_ns=1790110482300194000 ended_ns=1790110482300216917 elapsed_us=22 block_gets=0 block_puts=0 deleted=0
checkpoint_phase lsn=20312 phase=value_index_schedule slot=0 started_ns=1790110482300226000 ended_ns=1790110482304882667 elapsed_us=4656 block_gets=0 block_puts=1 deleted=0
checkpoint_phase lsn=20312 phase=value_index_schedule slot=0 started_ns=1790110482304897000 ended_ns=1790110482318744875 elapsed_us=13847 block_gets=0 block_puts=4 deleted=0
checkpoint_phase lsn=20312 phase=value_index_schedule slot=0 started_ns=1790110482318760000 ended_ns=1790110482319491583 elapsed_us=731 block_gets=0 block_puts=0 deleted=0
checkpoint_phase lsn=20312 phase=value_index_schedule slot=0 started_ns=1790110482319502000 ended_ns=1790110482319620291 elapsed_us=118 block_gets=0 block_puts=0 deleted=0
checkpoint_phase lsn=20312 phase=value_index_schedule slot=0 started_ns=1790110482319629000 ended_ns=1790110482319738917 elapsed_us=109 block_gets=0 block_puts=0 deleted=0
checkpoint_phase lsn=20312 phase=value_index_schedule slot=0 started_ns=1790110482319747000 ended_ns=1790110482319964167 elapsed_us=217 block_gets=0 block_puts=0 deleted=0
checkpoint_phase lsn=20312 phase=value_index_schedule slot=0 started_ns=1790110482319974000 ended_ns=1790110482325281166 elapsed_us=5307 block_gets=0 block_puts=1 deleted=0
checkpoint_phase lsn=20312 phase=value_index_schedule slot=0 started_ns=1790110482325292000 ended_ns=1790110482325505083 elapsed_us=213 block_gets=0 block_puts=0 deleted=0
checkpoint_phase lsn=20312 phase=value_index_schedule slot=0 started_ns=1790110482325514000 ended_ns=1790110482325764792 elapsed_us=250 block_gets=0 block_puts=0 deleted=0
checkpoint_phase lsn=20312 phase=value_index_schedule slot=0 started_ns=1790110482325774000 ended_ns=1790110482330070500 elapsed_us=4296 block_gets=0 block_puts=1 deleted=0
checkpoint_phase lsn=20312 phase=value_index_schedule slot=0 started_ns=1790110482330081000 ended_ns=1790110482330287084 elapsed_us=206 block_gets=0 block_puts=0 deleted=0
checkpoint_phase lsn=20312 phase=value_index_schedule slot=0 started_ns=1790110482330295000 ended_ns=1790110482330313292 elapsed_us=18 block_gets=0 block_puts=0 deleted=0
checkpoint_phase lsn=20312 phase=value_index_schedule slot=0 started_ns=1790110482330321000 ended_ns=1790110482345161375 elapsed_us=14840 block_gets=0 block_puts=4 deleted=0
checkpoint_phase lsn=20312 phase=value_index_schedule slot=0 started_ns=1790110482345177000 ended_ns=1790110482347916833 elapsed_us=2739 block_gets=0 block_puts=0 deleted=0
checkpoint_phase lsn=20312 phase=value_index_schedule slot=0 started_ns=1790110482347926000 ended_ns=1790110482349063875 elapsed_us=1137 block_gets=0 block_puts=0 deleted=0
checkpoint_phase lsn=20312 phase=value_index_schedule slot=0 started_ns=1790110482349073000 ended_ns=1790110482349101750 elapsed_us=28 block_gets=0 block_puts=0 deleted=0
checkpoint_phase lsn=20312 phase=value_index_schedule slot=0 started_ns=1790110482349110000 ended_ns=1790110482362615750 elapsed_us=13505 block_gets=0 block_puts=4 deleted=0
checkpoint_phase lsn=20312 phase=value_index_schedule slot=0 started_ns=1790110482362627000 ended_ns=1790110482362627250 elapsed_us=0 block_gets=0 block_puts=0 deleted=0
checkpoint_phase lsn=20312 phase=value_index_schedule slot=0 started_ns=1790110482362634000 ended_ns=1790110482362842041 elapsed_us=208 block_gets=0 block_puts=0 deleted=0
checkpoint_phase lsn=20312 phase=value_index_schedule slot=0 started_ns=1790110482362851000 ended_ns=1790110482363113125 elapsed_us=262 block_gets=0 block_puts=0 deleted=0
checkpoint_phase lsn=20312 phase=value_index_schedule slot=0 started_ns=1790110482363121000 ended_ns=1790110482363375042 elapsed_us=254 block_gets=0 block_puts=0 deleted=0
checkpoint_phase lsn=20312 phase=value_index_schedule slot=0 started_ns=1790110482363389000 ended_ns=1790110482363642334 elapsed_us=253 block_gets=0 block_puts=0 deleted=0
checkpoint_phase lsn=20312 phase=value_index_schedule slot=0 started_ns=1790110482363650000 ended_ns=1790110482368589083 elapsed_us=4939 block_gets=0 block_puts=1 deleted=0
checkpoint_phase lsn=20312 phase=value_index_schedule slot=0 started_ns=1790110482368603000 ended_ns=1790110482368860000 elapsed_us=257 block_gets=0 block_puts=0 deleted=0
checkpoint_phase lsn=20312 phase=value_index_schedule slot=0 started_ns=1790110482368870000 ended_ns=1790110482369123375 elapsed_us=253 block_gets=0 block_puts=0 deleted=0
checkpoint_phase lsn=20312 phase=value_index_schedule slot=0 started_ns=1790110482369131000 ended_ns=1790110482374126084 elapsed_us=4995 block_gets=0 block_puts=1 deleted=0
checkpoint_phase lsn=20312 phase=value_index_schedule slot=0 started_ns=1790110482374139000 ended_ns=1790110482374259958 elapsed_us=120 block_gets=0 block_puts=0 deleted=0
checkpoint_phase lsn=20312 phase=value_index_schedule slot=0 started_ns=1790110482374270000 ended_ns=1790110482374407584 elapsed_us=137 block_gets=0 block_puts=0 deleted=0
checkpoint_phase lsn=20312 phase=value_index_schedule slot=0 started_ns=1790110482374415000 ended_ns=1790110482378547625 elapsed_us=4132 block_gets=0 block_puts=1 deleted=0
checkpoint_phase lsn=20312 phase=value_index_schedule slot=0 started_ns=1790110482378558000 ended_ns=1790110482390601166 elapsed_us=12043 block_gets=0 block_puts=4 deleted=0
checkpoint_phase lsn=20312 phase=value_index_schedule slot=0 started_ns=1790110482390614000 ended_ns=1790110482390614209 elapsed_us=0 block_gets=0 block_puts=0 deleted=0
checkpoint_phase lsn=20312 phase=value_index_write slot=0 started_ns=1790110482390632000 ended_ns=1790110482404263500 elapsed_us=13631 block_gets=0 block_puts=4 deleted=0
checkpoint_phase lsn=20312 phase=value_index_write slot=0 started_ns=1790110482404280000 ended_ns=1790110482416862291 elapsed_us=12582 block_gets=0 block_puts=4 deleted=0
checkpoint_phase lsn=20312 phase=value_index_write slot=0 started_ns=1790110482416880000 ended_ns=1790110482430591625 elapsed_us=13711 block_gets=0 block_puts=4 deleted=0
checkpoint_phase lsn=20312 phase=value_index_write slot=0 started_ns=1790110482430608000 ended_ns=1790110482443219125 elapsed_us=12611 block_gets=0 block_puts=4 deleted=0
checkpoint_phase lsn=20312 phase=value_index_write slot=0 started_ns=1790110482443239000 ended_ns=1790110482455715584 elapsed_us=12476 block_gets=0 block_puts=4 deleted=0
checkpoint_phase lsn=20312 phase=value_index_write slot=0 started_ns=1790110482455734000 ended_ns=1790110482468245084 elapsed_us=12511 block_gets=0 block_puts=4 deleted=0
checkpoint_phase lsn=20312 phase=value_index_write slot=0 started_ns=1790110482468265000 ended_ns=1790110482480956458 elapsed_us=12691 block_gets=0 block_puts=4 deleted=0
checkpoint_phase lsn=20312 phase=value_index_write slot=0 started_ns=1790110482480975000 ended_ns=1790110482492849750 elapsed_us=11874 block_gets=0 block_puts=4 deleted=0
checkpoint_phase lsn=20312 phase=value_index_write slot=0 started_ns=1790110482492869000 ended_ns=1790110482506162500 elapsed_us=13293 block_gets=0 block_puts=4 deleted=0
checkpoint_phase lsn=20312 phase=value_index_write slot=0 started_ns=1790110482506175000 ended_ns=1790110482519460334 elapsed_us=13285 block_gets=0 block_puts=4 deleted=0
checkpoint_phase lsn=20312 phase=value_index_write slot=0 started_ns=1790110482519475000 ended_ns=1790110482533433042 elapsed_us=13958 block_gets=0 block_puts=4 deleted=0
checkpoint_phase lsn=20312 phase=value_index_write slot=0 started_ns=1790110482533447000 ended_ns=1790110482545953667 elapsed_us=12506 block_gets=0 block_puts=4 deleted=0
checkpoint_phase lsn=20312 phase=value_index_write slot=0 started_ns=1790110482545971000 ended_ns=1790110482559289250 elapsed_us=13318 block_gets=0 block_puts=4 deleted=0
checkpoint_phase lsn=20312 phase=value_index_write slot=0 started_ns=1790110482559302000 ended_ns=1790110482572819250 elapsed_us=13517 block_gets=0 block_puts=4 deleted=0
checkpoint_phase lsn=20312 phase=value_index_write slot=0 started_ns=1790110482572842000 ended_ns=1790110482584803208 elapsed_us=11961 block_gets=0 block_puts=4 deleted=0
checkpoint_phase lsn=20312 phase=value_index_write slot=0 started_ns=1790110482584823000 ended_ns=1790110482593109542 elapsed_us=8286 block_gets=0 block_puts=3 deleted=0
checkpoint_phase lsn=20312 phase=value_index_schedule slot=0 started_ns=1790110482593137000 ended_ns=1790110482593140334 elapsed_us=3 block_gets=0 block_puts=0 deleted=0
checkpoint_phase lsn=20312 phase=value_index_schedule slot=0 started_ns=1790110482593153000 ended_ns=1790110482593982333 elapsed_us=829 block_gets=0 block_puts=0 deleted=0
checkpoint_phase lsn=20312 phase=value_index_schedule slot=0 started_ns=1790110482593996000 ended_ns=1790110482618777917 elapsed_us=24781 block_gets=8 block_puts=0 deleted=0
checkpoint_phase lsn=20312 phase=value_index_schedule slot=0 started_ns=1790110482618803000 ended_ns=1790110482642689833 elapsed_us=23886 block_gets=8 block_puts=0 deleted=0
checkpoint_phase lsn=20312 phase=value_index_schedule slot=0 started_ns=1790110482642711000 ended_ns=1790110482665903709 elapsed_us=23192 block_gets=8 block_puts=0 deleted=0
checkpoint_phase lsn=20312 phase=value_index_schedule slot=0 started_ns=1790110482665922000 ended_ns=1790110482691639084 elapsed_us=25717 block_gets=8 block_puts=0 deleted=0
checkpoint_phase lsn=20312 phase=value_index_schedule slot=0 started_ns=1790110482691658000 ended_ns=1790110482715186416 elapsed_us=23528 block_gets=8 block_puts=0 deleted=0
checkpoint_phase lsn=20312 phase=value_index_schedule slot=0 started_ns=1790110482715215000 ended_ns=1790110482737641750 elapsed_us=22426 block_gets=8 block_puts=0 deleted=0
checkpoint_phase lsn=20312 phase=value_index_schedule slot=0 started_ns=1790110482737661000 ended_ns=1790110482762183459 elapsed_us=24522 block_gets=8 block_puts=0 deleted=0
checkpoint_phase lsn=20312 phase=value_index_schedule slot=0 started_ns=1790110482762207000 ended_ns=1790110482787548541 elapsed_us=25341 block_gets=8 block_puts=0 deleted=0
checkpoint_phase lsn=20312 phase=value_index_schedule slot=0 started_ns=1790110482787568000 ended_ns=1790110482811150417 elapsed_us=23582 block_gets=8 block_puts=0 deleted=0
checkpoint_phase lsn=20312 phase=value_index_schedule slot=0 started_ns=1790110482811164000 ended_ns=1790110482835814833 elapsed_us=24650 block_gets=8 block_puts=0 deleted=0
checkpoint_phase lsn=20312 phase=value_index_schedule slot=0 started_ns=1790110482835833000 ended_ns=1790110482860718417 elapsed_us=24885 block_gets=8 block_puts=0 deleted=0
checkpoint_phase lsn=20312 phase=value_index_schedule slot=0 started_ns=1790110482860737000 ended_ns=1790110482883363667 elapsed_us=22626 block_gets=8 block_puts=0 deleted=0
checkpoint_phase lsn=20312 phase=value_index_schedule slot=0 started_ns=1790110482883386000 ended_ns=1790110482908408917 elapsed_us=25022 block_gets=8 block_puts=0 deleted=0
checkpoint_phase lsn=20312 phase=value_index_schedule slot=0 started_ns=1790110482908433000 ended_ns=1790110482933388750 elapsed_us=24955 block_gets=8 block_puts=0 deleted=0
checkpoint_phase lsn=20312 phase=value_index_schedule slot=0 started_ns=1790110482933406000 ended_ns=1790110482947419125 elapsed_us=14013 block_gets=2 block_puts=0 deleted=0
checkpoint_phase lsn=20312 phase=value_index_schedule slot=0 started_ns=1790110482947432000 ended_ns=1790110482947459584 elapsed_us=27 block_gets=0 block_puts=0 deleted=0
checkpoint_phase lsn=20312 phase=value_index_schedule slot=0 started_ns=1790110482947469000 ended_ns=1790110482947490709 elapsed_us=21 block_gets=0 block_puts=0 deleted=0
checkpoint_phase lsn=20312 phase=value_index_schedule slot=0 started_ns=1790110482947501000 ended_ns=1790110482951790125 elapsed_us=4289 block_gets=0 block_puts=1 deleted=0
checkpoint_phase lsn=20312 phase=value_index_schedule slot=0 started_ns=1790110482951801000 ended_ns=1790110482964860083 elapsed_us=13059 block_gets=0 block_puts=4 deleted=0
checkpoint_phase lsn=20312 phase=value_index_schedule slot=0 started_ns=1790110482964888000 ended_ns=1790110482967747458 elapsed_us=2859 block_gets=0 block_puts=0 deleted=0
checkpoint_phase lsn=20312 phase=value_index_schedule slot=0 started_ns=1790110482967761000 ended_ns=1790110482970549917 elapsed_us=2788 block_gets=0 block_puts=0 deleted=0
checkpoint_phase lsn=20312 phase=value_index_schedule slot=0 started_ns=1790110482970561000 ended_ns=1790110482973372583 elapsed_us=2811 block_gets=0 block_puts=0 deleted=0
checkpoint_phase lsn=20312 phase=value_index_schedule slot=0 started_ns=1790110482973389000 ended_ns=1790110482975249916 elapsed_us=1860 block_gets=0 block_puts=0 deleted=0
checkpoint_phase lsn=20312 phase=value_index_schedule slot=0 started_ns=1790110482975263000 ended_ns=1790110482975289208 elapsed_us=26 block_gets=0 block_puts=0 deleted=0
checkpoint_phase lsn=20312 phase=value_index_schedule slot=0 started_ns=1790110482975299000 ended_ns=1790110482975320708 elapsed_us=21 block_gets=0 block_puts=0 deleted=0
checkpoint_phase lsn=20312 phase=value_index_schedule slot=0 started_ns=1790110482975330000 ended_ns=1790110482979552417 elapsed_us=4222 block_gets=0 block_puts=1 deleted=0
checkpoint_phase lsn=20312 phase=value_index_schedule slot=0 started_ns=1790110482979563000 ended_ns=1790110482993039083 elapsed_us=13476 block_gets=0 block_puts=4 deleted=0
checkpoint_phase lsn=20312 phase=value_index_schedule slot=0 started_ns=1790110482993056000 ended_ns=1790110482993699000 elapsed_us=643 block_gets=0 block_puts=0 deleted=0
checkpoint_phase lsn=20312 phase=value_index_schedule slot=0 started_ns=1790110482993712000 ended_ns=1790110482993921291 elapsed_us=209 block_gets=0 block_puts=0 deleted=0
checkpoint_phase lsn=20312 phase=value_index_schedule slot=0 started_ns=1790110482993935000 ended_ns=1790110482994132834 elapsed_us=197 block_gets=0 block_puts=0 deleted=0
checkpoint_phase lsn=20312 phase=value_index_schedule slot=0 started_ns=1790110482994144000 ended_ns=1790110482999224416 elapsed_us=5080 block_gets=0 block_puts=1 deleted=0
checkpoint_phase lsn=20312 phase=value_index_schedule slot=0 started_ns=1790110482999242000 ended_ns=1790110482999564333 elapsed_us=322 block_gets=0 block_puts=0 deleted=0
checkpoint_phase lsn=20312 phase=value_index_schedule slot=0 started_ns=1790110482999574000 ended_ns=1790110482999922875 elapsed_us=348 block_gets=0 block_puts=0 deleted=0
checkpoint_phase lsn=20312 phase=value_index_schedule slot=0 started_ns=1790110482999931000 ended_ns=1790110483004218167 elapsed_us=4287 block_gets=0 block_puts=1 deleted=0
checkpoint_phase lsn=20312 phase=value_index_schedule slot=0 started_ns=1790110483004231000 ended_ns=1790110483004395333 elapsed_us=164 block_gets=0 block_puts=0 deleted=0
checkpoint_phase lsn=20312 phase=value_index_schedule slot=0 started_ns=1790110483004407000 ended_ns=1790110483016978208 elapsed_us=12571 block_gets=0 block_puts=4 deleted=0
checkpoint_phase lsn=20312 phase=value_index_schedule slot=0 started_ns=1790110483016999000 ended_ns=1790110483019841084 elapsed_us=2842 block_gets=0 block_puts=0 deleted=0
checkpoint_phase lsn=20312 phase=value_index_schedule slot=0 started_ns=1790110483019873000 ended_ns=1790110483022659875 elapsed_us=2786 block_gets=0 block_puts=0 deleted=0
checkpoint_phase lsn=20312 phase=value_index_schedule slot=0 started_ns=1790110483022682000 ended_ns=1790110483025392542 elapsed_us=2710 block_gets=0 block_puts=0 deleted=0
checkpoint_phase lsn=20312 phase=value_index_schedule slot=0 started_ns=1790110483025410000 ended_ns=1790110483025437750 elapsed_us=27 block_gets=0 block_puts=0 deleted=0
checkpoint_phase lsn=20312 phase=value_index_schedule slot=0 started_ns=1790110483025452000 ended_ns=1790110483025473792 elapsed_us=21 block_gets=0 block_puts=0 deleted=0
checkpoint_phase lsn=20312 phase=value_index_schedule slot=0 started_ns=1790110483025486000 ended_ns=1790110483029322375 elapsed_us=3836 block_gets=0 block_puts=1 deleted=0
checkpoint_phase lsn=20312 phase=value_index_schedule slot=0 started_ns=1790110483029339000 ended_ns=1790110483040652750 elapsed_us=11313 block_gets=0 block_puts=4 deleted=0
checkpoint_phase lsn=20312 phase=value_index_schedule slot=0 started_ns=1790110483040688000 ended_ns=1790110483040688334 elapsed_us=0 block_gets=0 block_puts=0 deleted=0
checkpoint_phase lsn=20312 phase=value_index_schedule slot=0 started_ns=1790110483040698000 ended_ns=1790110483041350209 elapsed_us=652 block_gets=0 block_puts=0 deleted=0
checkpoint_phase lsn=20312 phase=value_index_schedule slot=0 started_ns=1790110483041363000 ended_ns=1790110483041711084 elapsed_us=348 block_gets=0 block_puts=0 deleted=0
checkpoint_phase lsn=20312 phase=value_index_schedule slot=0 started_ns=1790110483041722000 ended_ns=1790110483042058125 elapsed_us=336 block_gets=0 block_puts=0 deleted=0
checkpoint_phase lsn=20312 phase=value_index_schedule slot=0 started_ns=1790110483042070000 ended_ns=1790110483046409666 elapsed_us=4339 block_gets=0 block_puts=1 deleted=0
checkpoint_phase lsn=20312 phase=value_index_schedule slot=0 started_ns=1790110483046428000 ended_ns=1790110483046768084 elapsed_us=340 block_gets=0 block_puts=0 deleted=0
checkpoint_phase lsn=20312 phase=value_index_schedule slot=0 started_ns=1790110483046779000 ended_ns=1790110483047135417 elapsed_us=356 block_gets=0 block_puts=0 deleted=0
checkpoint_phase lsn=20312 phase=value_index_schedule slot=0 started_ns=1790110483047152000 ended_ns=1790110483052115750 elapsed_us=4963 block_gets=0 block_puts=1 deleted=0
checkpoint_phase lsn=20312 phase=value_index_schedule slot=0 started_ns=1790110483052134000 ended_ns=1790110483052328458 elapsed_us=194 block_gets=0 block_puts=0 deleted=0
checkpoint_phase lsn=20312 phase=value_index_schedule slot=0 started_ns=1790110483052342000 ended_ns=1790110483052536875 elapsed_us=194 block_gets=0 block_puts=0 deleted=0
checkpoint_phase lsn=20312 phase=value_index_schedule slot=0 started_ns=1790110483052546000 ended_ns=1790110483057036167 elapsed_us=4490 block_gets=0 block_puts=1 deleted=0
checkpoint_phase lsn=20312 phase=value_index_schedule slot=0 started_ns=1790110483057054000 ended_ns=1790110483057150750 elapsed_us=96 block_gets=0 block_puts=0 deleted=0
checkpoint_phase lsn=20312 phase=value_index_schedule slot=0 started_ns=1790110483057160000 ended_ns=1790110483069449917 elapsed_us=12289 block_gets=0 block_puts=4 deleted=0
checkpoint_phase lsn=20312 phase=value_index_schedule slot=0 started_ns=1790110483069462000 ended_ns=1790110483069462292 elapsed_us=0 block_gets=0 block_puts=0 deleted=0
checkpoint_phase lsn=20312 phase=value_index_write slot=0 started_ns=1790110483069472000 ended_ns=1790110483079856375 elapsed_us=10384 block_gets=0 block_puts=3 deleted=0
checkpoint_phase lsn=20312 phase=value_index_write slot=0 started_ns=1790110483079868000 ended_ns=1790110483092424417 elapsed_us=12556 block_gets=0 block_puts=4 deleted=0
checkpoint_phase lsn=20312 phase=value_index_write slot=0 started_ns=1790110483092437000 ended_ns=1790110483106445375 elapsed_us=14008 block_gets=0 block_puts=4 deleted=0
checkpoint_phase lsn=20312 phase=value_index_write slot=0 started_ns=1790110483106464000 ended_ns=1790110483120334417 elapsed_us=13870 block_gets=0 block_puts=4 deleted=0
checkpoint_phase lsn=20312 phase=value_index_write slot=0 started_ns=1790110483120349000 ended_ns=1790110483134249958 elapsed_us=13900 block_gets=0 block_puts=4 deleted=0
checkpoint_phase lsn=20312 phase=value_index_write slot=0 started_ns=1790110483134264000 ended_ns=1790110483148056958 elapsed_us=13792 block_gets=0 block_puts=4 deleted=0
checkpoint_phase lsn=20312 phase=value_index_write slot=0 started_ns=1790110483148072000 ended_ns=1790110483161865667 elapsed_us=13793 block_gets=0 block_puts=4 deleted=0
checkpoint_phase lsn=20312 phase=value_index_write slot=0 started_ns=1790110483161884000 ended_ns=1790110483176466875 elapsed_us=14582 block_gets=0 block_puts=4 deleted=0
checkpoint_phase lsn=20312 phase=value_index_write slot=0 started_ns=1790110483176481000 ended_ns=1790110483190551208 elapsed_us=14070 block_gets=0 block_puts=4 deleted=0
checkpoint_phase lsn=20312 phase=value_index_write slot=0 started_ns=1790110483190566000 ended_ns=1790110483204140708 elapsed_us=13574 block_gets=0 block_puts=4 deleted=0
checkpoint_phase lsn=20312 phase=value_index_write slot=0 started_ns=1790110483204181000 ended_ns=1790110483219260083 elapsed_us=15079 block_gets=0 block_puts=5 deleted=0
checkpoint_phase lsn=20312 phase=row_sst_delta slot=0 started_ns=1790110483219296000 ended_ns=1790110483283426791 elapsed_us=64130 block_gets=0 block_puts=5 deleted=0
checkpoint_phase lsn=20312 phase=manifest slot=-1 started_ns=1790110483283444000 ended_ns=1790110483286315167 elapsed_us=2871 block_gets=0 block_puts=0 deleted=0
checkpoint_phase lsn=20312 phase=local_cleanup slot=-1 started_ns=1790110483286322000 ended_ns=1790110483286475834 elapsed_us=153 block_gets=0 block_puts=0 deleted=0
checkpoint_phase lsn=20312 phase=commit_prune slot=-1 started_ns=1790110483286484000 ended_ns=1790110483379220167 elapsed_us=92736 block_gets=0 block_puts=0 deleted=16
checkpoint_phase lsn=20312 phase=commit_prune slot=-1 started_ns=1790110483379236000 ended_ns=1790110483424019334 elapsed_us=44783 block_gets=0 block_puts=0 deleted=16
checkpoint_phase lsn=20312 phase=commit_prune slot=-1 started_ns=1790110483424031000 ended_ns=1790110483473221708 elapsed_us=49190 block_gets=0 block_puts=0 deleted=16
checkpoint_phase lsn=20312 phase=commit_prune slot=-1 started_ns=1790110483473233000 ended_ns=1790110483518152000 elapsed_us=44919 block_gets=0 block_puts=0 deleted=16
checkpoint_phase lsn=20312 phase=commit_prune slot=-1 started_ns=1790110483518167000 ended_ns=1790110483523386875 elapsed_us=5219 block_gets=0 block_puts=0 deleted=2
checkpoint_phase lsn=20312 phase=legacy_gc slot=-1 started_ns=1790110483523405000 ended_ns=1790110483547668417 elapsed_us=24263 block_gets=0 block_puts=0 deleted=0
checkpoint_phase lsn=20312 phase=gc_keep slot=-1 started_ns=1790110483549903000 ended_ns=1790110483550935250 elapsed_us=1032 block_gets=0 block_puts=0 deleted=0
checkpoint_phase lsn=20312 phase=gc_list slot=-1 started_ns=1790110483553856000 ended_ns=1790110483633012708 elapsed_us=79156 block_gets=0 block_puts=0 deleted=0
checkpoint_phase lsn=20312 phase=gc_delete slot=-1 started_ns=1790110483633027000 ended_ns=1790110483674718000 elapsed_us=41691 block_gets=0 block_puts=0 deleted=16
checkpoint_phase lsn=20312 phase=gc_delete slot=-1 started_ns=1790110483674733000 ended_ns=1790110483723496792 elapsed_us=48763 block_gets=0 block_puts=0 deleted=16
checkpoint_phase lsn=20312 phase=gc_delete slot=-1 started_ns=1790110483723515000 ended_ns=1790110483772732875 elapsed_us=49217 block_gets=0 block_puts=0 deleted=16
checkpoint_phase lsn=20312 phase=gc_delete slot=-1 started_ns=1790110483772747000 ended_ns=1790110483814156709 elapsed_us=41409 block_gets=0 block_puts=0 deleted=16
checkpoint_phase lsn=20312 phase=gc_delete slot=-1 started_ns=1790110483814169000 ended_ns=1790110483858553666 elapsed_us=44384 block_gets=0 block_puts=0 deleted=16
checkpoint_phase lsn=20312 phase=gc_delete slot=-1 started_ns=1790110483858569000 ended_ns=1790110483904427709 elapsed_us=45858 block_gets=0 block_puts=0 deleted=16
checkpoint_phase lsn=20312 phase=gc_delete slot=-1 started_ns=1790110483904442000 ended_ns=1790110483953327125 elapsed_us=48885 block_gets=0 block_puts=0 deleted=16
checkpoint_phase lsn=20312 phase=gc_delete slot=-1 started_ns=1790110483953342000 ended_ns=1790110483998660917 elapsed_us=45318 block_gets=0 block_puts=0 deleted=16
checkpoint_phase lsn=20312 phase=gc_delete slot=-1 started_ns=1790110483998678000 ended_ns=1790110484044058333 elapsed_us=45380 block_gets=0 block_puts=0 deleted=16
checkpoint_phase lsn=20312 phase=gc_delete slot=-1 started_ns=1790110484044071000 ended_ns=1790110484089815542 elapsed_us=45744 block_gets=0 block_puts=0 deleted=16
checkpoint_phase lsn=20312 phase=gc_delete slot=-1 started_ns=1790110484089829000 ended_ns=1790110484134666875 elapsed_us=44837 block_gets=0 block_puts=0 deleted=16
checkpoint_phase lsn=20312 phase=gc_delete slot=-1 started_ns=1790110484134684000 ended_ns=1790110484177647125 elapsed_us=42963 block_gets=0 block_puts=0 deleted=16
checkpoint_phase lsn=20312 phase=gc_delete slot=-1 started_ns=1790110484177660000 ended_ns=1790110484223797083 elapsed_us=46137 block_gets=0 block_puts=0 deleted=16
checkpoint_phase lsn=20312 phase=gc_delete slot=-1 started_ns=1790110484223832000 ended_ns=1790110484270695125 elapsed_us=46863 block_gets=0 block_puts=0 deleted=16
checkpoint_phase lsn=20312 phase=gc_delete slot=-1 started_ns=1790110484270714000 ended_ns=1790110484314114167 elapsed_us=43400 block_gets=0 block_puts=0 deleted=16
checkpoint_phase lsn=20312 phase=gc_delete slot=-1 started_ns=1790110484314128000 ended_ns=1790110484361022958 elapsed_us=46894 block_gets=0 block_puts=0 deleted=16
checkpoint_phase lsn=20312 phase=gc_delete slot=-1 started_ns=1790110484361040000 ended_ns=1790110484409286333 elapsed_us=48246 block_gets=0 block_puts=0 deleted=16
checkpoint_phase lsn=20312 phase=gc_delete slot=-1 started_ns=1790110484409302000 ended_ns=1790110484451297250 elapsed_us=41995 block_gets=0 block_puts=0 deleted=16
checkpoint_phase lsn=20312 phase=gc_delete slot=-1 started_ns=1790110484451310000 ended_ns=1790110484495932458 elapsed_us=44622 block_gets=0 block_puts=0 deleted=16
checkpoint_phase lsn=20312 phase=gc_delete slot=-1 started_ns=1790110484495951000 ended_ns=1790110484543691500 elapsed_us=47740 block_gets=0 block_puts=0 deleted=16
checkpoint_phase lsn=20312 phase=gc_delete slot=-1 started_ns=1790110484543704000 ended_ns=1790110484591310834 elapsed_us=47606 block_gets=0 block_puts=0 deleted=16
checkpoint_phase lsn=20312 phase=gc_delete slot=-1 started_ns=1790110484591324000 ended_ns=1790110484643981208 elapsed_us=52657 block_gets=0 block_puts=0 deleted=16
checkpoint_phase lsn=20312 phase=gc_delete slot=-1 started_ns=1790110484643995000 ended_ns=1790110484700051041 elapsed_us=56056 block_gets=0 block_puts=0 deleted=16
checkpoint_phase lsn=20312 phase=gc_delete slot=-1 started_ns=1790110484700067000 ended_ns=1790110484743544750 elapsed_us=43477 block_gets=0 block_puts=0 deleted=16
checkpoint_phase lsn=20312 phase=gc_delete slot=-1 started_ns=1790110484743559000 ended_ns=1790110484797399417 elapsed_us=53840 block_gets=0 block_puts=0 deleted=16
checkpoint_phase lsn=20312 phase=gc_delete slot=-1 started_ns=1790110484797566000 ended_ns=1790110484846621583 elapsed_us=49055 block_gets=0 block_puts=0 deleted=16
checkpoint_phase lsn=20312 phase=gc_delete slot=-1 started_ns=1790110484846638000 ended_ns=1790110484877453708 elapsed_us=30815 block_gets=0 block_puts=0 deleted=10
checkpoint_phase lsn=20312 phase=row_merge_schedule slot=0 started_ns=1790110484877617000 ended_ns=1790110484878456375 elapsed_us=839 block_gets=0 block_puts=0 deleted=0
checkpoint_phase lsn=20312 phase=row_merge_schedule slot=0 started_ns=1790110484878545000 ended_ns=1790110484878910167 elapsed_us=365 block_gets=0 block_puts=0 deleted=0
checkpoint_phase lsn=20312 phase=row_merge_schedule slot=0 started_ns=1790110484879041000 ended_ns=1790110484879473875 elapsed_us=432 block_gets=0 block_puts=0 deleted=0
checkpoint_phase lsn=20312 phase=row_merge_schedule slot=0 started_ns=1790110484881062000 ended_ns=1790110484881502916 elapsed_us=440 block_gets=0 block_puts=0 deleted=0
checkpoint_phase lsn=20312 phase=row_merge_schedule slot=0 started_ns=1790110484881595000 ended_ns=1790110484882038000 elapsed_us=443 block_gets=0 block_puts=0 deleted=0
checkpoint_phase lsn=20312 phase=row_merge_schedule slot=0 started_ns=1790110484882141000 ended_ns=1790110484882579333 elapsed_us=438 block_gets=0 block_puts=0 deleted=0
checkpoint_phase lsn=20312 phase=row_merge_schedule slot=0 started_ns=1790110484882966000 ended_ns=1790110484883480750 elapsed_us=514 block_gets=0 block_puts=0 deleted=0
checkpoint_phase lsn=20312 phase=row_merge_schedule slot=0 started_ns=1790110484883534000 ended_ns=1790110484883996333 elapsed_us=462 block_gets=0 block_puts=0 deleted=0
checkpoint_phase lsn=20312 phase=row_merge_schedule slot=0 started_ns=1790110484884043000 ended_ns=1790110484884546458 elapsed_us=503 block_gets=0 block_puts=0 deleted=0
checkpoint_phase lsn=20312 phase=row_merge_schedule slot=0 started_ns=1790110484884593000 ended_ns=1790110484885226459 elapsed_us=633 block_gets=0 block_puts=0 deleted=0
checkpoint_phase lsn=20312 phase=row_merge_schedule slot=0 started_ns=1790110484885332000 ended_ns=1790110484885704334 elapsed_us=372 block_gets=0 block_puts=0 deleted=0
checkpoint_phase lsn=20312 phase=row_merge_schedule slot=0 started_ns=1790110484885761000 ended_ns=1790110484886196417 elapsed_us=435 block_gets=0 block_puts=0 deleted=0
checkpoint_phase lsn=20312 phase=row_merge_schedule slot=0 started_ns=1790110484886246000 ended_ns=1790110484886677875 elapsed_us=431 block_gets=0 block_puts=0 deleted=0
checkpoint_phase lsn=20312 phase=row_merge_schedule slot=0 started_ns=1790110484886732000 ended_ns=1790110484887075750 elapsed_us=343 block_gets=0 block_puts=0 deleted=0
checkpoint_phase lsn=20312 phase=row_merge_schedule slot=0 started_ns=1790110484887137000 ended_ns=1790110484887455708 elapsed_us=318 block_gets=0 block_puts=0 deleted=0
checkpoint_phase lsn=20312 phase=row_merge_schedule slot=0 started_ns=1790110484887508000 ended_ns=1790110484887847000 elapsed_us=339 block_gets=0 block_puts=0 deleted=0
checkpoint_phase lsn=20312 phase=row_merge_schedule slot=0 started_ns=1790110484887898000 ended_ns=1790110484888002500 elapsed_us=104 block_gets=0 block_puts=0 deleted=0
checkpoint_phase lsn=20312 phase=row_merge_schedule slot=0 started_ns=1790110484888053000 ended_ns=1790110485209290166 elapsed_us=321237 block_gets=8 block_puts=0 deleted=0
checkpoint_phase lsn=20312 phase=row_merge_schedule slot=0 started_ns=1790110485212709000 ended_ns=1790110485250696208 elapsed_us=37987 block_gets=7 block_puts=0 deleted=0
checkpoint_phase lsn=20312 phase=row_merge_schedule slot=0 started_ns=1790110485253814000 ended_ns=1790110485293929417 elapsed_us=40115 block_gets=7 block_puts=0 deleted=0
checkpoint_phase lsn=20312 phase=row_merge_schedule slot=0 started_ns=1790110485296007000 ended_ns=1790110485321483792 elapsed_us=25476 block_gets=7 block_puts=0 deleted=0
checkpoint_phase lsn=20312 phase=row_merge_schedule slot=0 started_ns=1790110485323520000 ended_ns=1790110485343873167 elapsed_us=20353 block_gets=7 block_puts=0 deleted=0
checkpoint_phase lsn=20312 phase=row_merge_schedule slot=0 started_ns=1790110485345915000 ended_ns=1790110485365687166 elapsed_us=19772 block_gets=7 block_puts=0 deleted=0
checkpoint_phase lsn=20312 phase=row_merge_schedule slot=0 started_ns=1790110485367735000 ended_ns=1790110485390326667 elapsed_us=22591 block_gets=7 block_puts=0 deleted=0
checkpoint_phase lsn=20312 phase=row_merge_schedule slot=0 started_ns=1790110485392365000 ended_ns=1790110485413196958 elapsed_us=20831 block_gets=7 block_puts=0 deleted=0
checkpoint_phase lsn=20312 phase=row_merge_schedule slot=0 started_ns=1790110485415222000 ended_ns=1790110485436291167 elapsed_us=21069 block_gets=7 block_puts=0 deleted=0
checkpoint_phase lsn=20312 phase=row_merge_schedule slot=0 started_ns=1790110485438320000 ended_ns=1790110485459303000 elapsed_us=20983 block_gets=7 block_puts=0 deleted=0
checkpoint_phase lsn=20312 phase=row_merge_schedule slot=0 started_ns=1790110485461368000 ended_ns=1790110485483388125 elapsed_us=22020 block_gets=7 block_puts=0 deleted=0
checkpoint_phase lsn=20312 phase=row_merge_schedule slot=0 started_ns=1790110485485544000 ended_ns=1790110485504666625 elapsed_us=19122 block_gets=7 block_puts=0 deleted=0
checkpoint_phase lsn=20312 phase=row_merge_schedule slot=0 started_ns=1790110485506729000 ended_ns=1790110485529504875 elapsed_us=22775 block_gets=7 block_puts=0 deleted=0
checkpoint_phase lsn=20312 phase=row_merge_schedule slot=0 started_ns=1790110485531562000 ended_ns=1790110485552532958 elapsed_us=20970 block_gets=7 block_puts=0 deleted=0
checkpoint_phase lsn=20312 phase=row_merge_schedule slot=0 started_ns=1790110485554644000 ended_ns=1790110485557930083 elapsed_us=3286 block_gets=1 block_puts=0 deleted=0
checkpoint_phase lsn=20312 phase=row_merge_write slot=0 started_ns=1790110485559922000 ended_ns=1790110485583833542 elapsed_us=23911 block_gets=0 block_puts=5 deleted=0
checkpoint_phase lsn=20312 phase=row_merge_write slot=0 started_ns=1790110485585851000 ended_ns=1790110485603151208 elapsed_us=17300 block_gets=0 block_puts=4 deleted=0
checkpoint_phase lsn=20312 phase=row_merge_write slot=0 started_ns=1790110485605184000 ended_ns=1790110485622191875 elapsed_us=17007 block_gets=0 block_puts=4 deleted=0
checkpoint_phase lsn=20312 phase=row_merge_write slot=0 started_ns=1790110485624255000 ended_ns=1790110485641298625 elapsed_us=17043 block_gets=0 block_puts=4 deleted=0
checkpoint_phase lsn=20312 phase=row_merge_write slot=0 started_ns=1790110485643366000 ended_ns=1790110485661766417 elapsed_us=18400 block_gets=0 block_puts=4 deleted=0
checkpoint_phase lsn=20312 phase=row_merge_write slot=0 started_ns=1790110485663828000 ended_ns=1790110485682859708 elapsed_us=19031 block_gets=0 block_puts=4 deleted=0
checkpoint_phase lsn=20312 phase=row_merge_write slot=0 started_ns=1790110485685078000 ended_ns=1790110485703955417 elapsed_us=18877 block_gets=0 block_puts=4 deleted=0
checkpoint_phase lsn=20312 phase=row_merge_write slot=0 started_ns=1790110485706010000 ended_ns=1790110485725113542 elapsed_us=19103 block_gets=0 block_puts=4 deleted=0
checkpoint_phase lsn=20312 phase=row_merge_write slot=0 started_ns=1790110485727186000 ended_ns=1790110485745208584 elapsed_us=18022 block_gets=0 block_puts=4 deleted=0
checkpoint_phase lsn=20312 phase=row_merge_write slot=0 started_ns=1790110485747273000 ended_ns=1790110485767035417 elapsed_us=19762 block_gets=0 block_puts=4 deleted=0
checkpoint_phase lsn=20312 phase=row_merge_write slot=0 started_ns=1790110485769072000 ended_ns=1790110485786497959 elapsed_us=17425 block_gets=0 block_puts=4 deleted=0
checkpoint_phase lsn=20312 phase=row_merge_write slot=0 started_ns=1790110485788592000 ended_ns=1790110485814275250 elapsed_us=25683 block_gets=0 block_puts=4 deleted=0
checkpoint_phase lsn=20312 phase=row_merge_write slot=0 started_ns=1790110485817467000 ended_ns=1790110485842937417 elapsed_us=25470 block_gets=0 block_puts=4 deleted=0
checkpoint_phase lsn=20312 phase=row_merge_write slot=0 started_ns=1790110485845019000 ended_ns=1790110485876519750 elapsed_us=31500 block_gets=0 block_puts=4 deleted=0
checkpoint_phase lsn=20312 phase=row_merge_write slot=0 started_ns=1790110485881627000 ended_ns=1790110485911317917 elapsed_us=29690 block_gets=0 block_puts=4 deleted=0
checkpoint_phase lsn=20312 phase=row_merge_write slot=0 started_ns=1790110485913926000 ended_ns=1790110485932812458 elapsed_us=18886 block_gets=0 block_puts=4 deleted=0
checkpoint_phase lsn=20312 phase=row_merge_write slot=0 started_ns=1790110485934894000 ended_ns=1790110485992055958 elapsed_us=57161 block_gets=0 block_puts=4 deleted=0
checkpoint_phase lsn=20312 phase=row_merge_write slot=0 started_ns=1790110485994134000 ended_ns=1790110486016172875 elapsed_us=22038 block_gets=0 block_puts=4 deleted=0
checkpoint_phase lsn=20312 phase=row_merge_write slot=0 started_ns=1790110486018238000 ended_ns=1790110486036409625 elapsed_us=18171 block_gets=0 block_puts=4 deleted=0
checkpoint_phase lsn=20312 phase=row_merge_write slot=0 started_ns=1790110486038432000 ended_ns=1790110486058176250 elapsed_us=19744 block_gets=0 block_puts=4 deleted=0
checkpoint_phase lsn=20312 phase=row_merge_write slot=0 started_ns=1790110486060187000 ended_ns=1790110486079602167 elapsed_us=19415 block_gets=0 block_puts=4 deleted=0
checkpoint_phase lsn=20312 phase=row_merge_write slot=0 started_ns=1790110486081637000 ended_ns=1790110486102248333 elapsed_us=20611 block_gets=0 block_puts=4 deleted=0
checkpoint_phase lsn=20312 phase=row_merge_write slot=0 started_ns=1790110486104354000 ended_ns=1790110486123205416 elapsed_us=18851 block_gets=0 block_puts=4 deleted=0
checkpoint_phase lsn=20312 phase=row_merge_write slot=0 started_ns=1790110486125259000 ended_ns=1790110486144147958 elapsed_us=18888 block_gets=0 block_puts=4 deleted=0
checkpoint_phase lsn=20312 phase=row_merge_write slot=0 started_ns=1790110486146229000 ended_ns=1790110486165949167 elapsed_us=19720 block_gets=0 block_puts=4 deleted=0
checkpoint_phase lsn=20312 phase=row_merge_write slot=0 started_ns=1790110486167995000 ended_ns=1790110486187521791 elapsed_us=19526 block_gets=0 block_puts=4 deleted=0
checkpoint_phase lsn=20312 phase=row_merge_write slot=0 started_ns=1790110486189597000 ended_ns=1790110486208666417 elapsed_us=19069 block_gets=0 block_puts=4 deleted=0
checkpoint_phase lsn=20312 phase=row_merge_write slot=0 started_ns=1790110486210720000 ended_ns=1790110486230013791 elapsed_us=19293 block_gets=0 block_puts=4 deleted=0
checkpoint_phase lsn=20312 phase=row_merge_write slot=0 started_ns=1790110486232014000 ended_ns=1790110486249394958 elapsed_us=17380 block_gets=0 block_puts=4 deleted=0
checkpoint_phase lsn=20312 phase=row_merge_write slot=0 started_ns=1790110486251447000 ended_ns=1790110486267704333 elapsed_us=16257 block_gets=0 block_puts=4 deleted=0
checkpoint_phase lsn=20312 phase=row_merge_write slot=0 started_ns=1790110486269785000 ended_ns=1790110486288037209 elapsed_us=18252 block_gets=0 block_puts=4 deleted=0
checkpoint_phase lsn=20312 phase=row_merge_write slot=0 started_ns=1790110486290130000 ended_ns=1790110486309367833 elapsed_us=19237 block_gets=0 block_puts=4 deleted=0
checkpoint_phase lsn=20312 phase=row_merge_write slot=0 started_ns=1790110486311466000 ended_ns=1790110486330097750 elapsed_us=18631 block_gets=0 block_puts=4 deleted=0
checkpoint_phase lsn=20312 phase=row_merge_write slot=0 started_ns=1790110486332100000 ended_ns=1790110486351623125 elapsed_us=19523 block_gets=0 block_puts=4 deleted=0
checkpoint_phase lsn=20312 phase=row_merge_write slot=0 started_ns=1790110486353670000 ended_ns=1790110486372390208 elapsed_us=18720 block_gets=0 block_puts=4 deleted=0
checkpoint_phase lsn=20312 phase=row_merge_write slot=0 started_ns=1790110486374378000 ended_ns=1790110486391524209 elapsed_us=17146 block_gets=0 block_puts=4 deleted=0
checkpoint_phase lsn=20312 phase=row_merge_write slot=0 started_ns=1790110486393568000 ended_ns=1790110486410873084 elapsed_us=17305 block_gets=0 block_puts=4 deleted=0
checkpoint_phase lsn=20312 phase=row_merge_write slot=0 started_ns=1790110486412877000 ended_ns=1790110486430655542 elapsed_us=17778 block_gets=0 block_puts=4 deleted=0
checkpoint_phase lsn=20312 phase=row_merge_write slot=0 started_ns=1790110486432686000 ended_ns=1790110486449875333 elapsed_us=17189 block_gets=0 block_puts=4 deleted=0
checkpoint_phase lsn=20312 phase=row_merge_write slot=0 started_ns=1790110486451907000 ended_ns=1790110486469717333 elapsed_us=17810 block_gets=0 block_puts=4 deleted=0
checkpoint_phase lsn=20312 phase=row_merge_write slot=0 started_ns=1790110486471769000 ended_ns=1790110486490166208 elapsed_us=18397 block_gets=0 block_puts=4 deleted=0
checkpoint_phase lsn=20312 phase=row_merge_write slot=0 started_ns=1790110486492207000 ended_ns=1790110486511442708 elapsed_us=19235 block_gets=0 block_puts=4 deleted=0
checkpoint_phase lsn=20312 phase=row_merge_write slot=0 started_ns=1790110486513457000 ended_ns=1790110486533455000 elapsed_us=19998 block_gets=0 block_puts=4 deleted=0
checkpoint_phase lsn=20312 phase=row_merge_write slot=0 started_ns=1790110486535559000 ended_ns=1790110486554318000 elapsed_us=18759 block_gets=0 block_puts=4 deleted=0
checkpoint_phase lsn=20312 phase=row_merge_write slot=0 started_ns=1790110486556339000 ended_ns=1790110486574680875 elapsed_us=18341 block_gets=0 block_puts=4 deleted=0
checkpoint_phase lsn=20312 phase=row_merge_write slot=0 started_ns=1790110486576700000 ended_ns=1790110486595051458 elapsed_us=18351 block_gets=0 block_puts=4 deleted=0
checkpoint_phase lsn=20312 phase=row_merge_write slot=0 started_ns=1790110486597133000 ended_ns=1790110486613775958 elapsed_us=16642 block_gets=0 block_puts=4 deleted=0
checkpoint_phase lsn=20312 phase=row_merge_write slot=0 started_ns=1790110486615818000 ended_ns=1790110486632579250 elapsed_us=16761 block_gets=0 block_puts=4 deleted=0
checkpoint_phase lsn=20312 phase=row_merge_write slot=0 started_ns=1790110486634577000 ended_ns=1790110486653136792 elapsed_us=18559 block_gets=0 block_puts=4 deleted=0
checkpoint_phase lsn=20312 phase=row_merge_write slot=0 started_ns=1790110486655169000 ended_ns=1790110486674016958 elapsed_us=18847 block_gets=0 block_puts=4 deleted=0
checkpoint_phase lsn=20312 phase=row_merge_write slot=0 started_ns=1790110486676036000 ended_ns=1790110486693478959 elapsed_us=17442 block_gets=0 block_puts=4 deleted=0
checkpoint_phase lsn=20312 phase=row_merge_write slot=0 started_ns=1790110486695539000 ended_ns=1790110486713418833 elapsed_us=17879 block_gets=0 block_puts=4 deleted=0
checkpoint_phase lsn=20312 phase=row_merge_write slot=0 started_ns=1790110486715424000 ended_ns=1790110486733303542 elapsed_us=17879 block_gets=0 block_puts=4 deleted=0
checkpoint_phase lsn=20312 phase=row_merge_write slot=0 started_ns=1790110486735302000 ended_ns=1790110486752884084 elapsed_us=17582 block_gets=0 block_puts=4 deleted=0
checkpoint_phase lsn=20312 phase=row_merge_write slot=0 started_ns=1790110486754937000 ended_ns=1790110486772413542 elapsed_us=17476 block_gets=0 block_puts=4 deleted=0
checkpoint_phase lsn=20312 phase=row_merge_write slot=0 started_ns=1790110486774469000 ended_ns=1790110486792086875 elapsed_us=17617 block_gets=0 block_puts=4 deleted=0
checkpoint_phase lsn=20312 phase=row_merge_write slot=0 started_ns=1790110486794219000 ended_ns=1790110486812000667 elapsed_us=17781 block_gets=0 block_puts=4 deleted=0
checkpoint_phase lsn=20312 phase=row_merge_write slot=0 started_ns=1790110486814058000 ended_ns=1790110486832397083 elapsed_us=18339 block_gets=0 block_puts=4 deleted=0
checkpoint_phase lsn=20312 phase=row_merge_write slot=0 started_ns=1790110486834421000 ended_ns=1790110486872841667 elapsed_us=38420 block_gets=0 block_puts=4 deleted=0
checkpoint_phase lsn=20312 phase=row_merge_write slot=0 started_ns=1790110486874894000 ended_ns=1790110486892803042 elapsed_us=17909 block_gets=0 block_puts=4 deleted=0
checkpoint_phase lsn=20312 phase=row_merge_write slot=0 started_ns=1790110486894826000 ended_ns=1790110486912726667 elapsed_us=17900 block_gets=0 block_puts=4 deleted=0
checkpoint_phase lsn=20312 phase=row_merge_write slot=0 started_ns=1790110486914778000 ended_ns=1790110486933580167 elapsed_us=18802 block_gets=0 block_puts=4 deleted=0
checkpoint_phase lsn=20312 phase=row_merge_write slot=0 started_ns=1790110486935697000 ended_ns=1790110486954411000 elapsed_us=18714 block_gets=0 block_puts=4 deleted=0
checkpoint_phase lsn=20312 phase=row_merge_write slot=0 started_ns=1790110486956427000 ended_ns=1790110486974498750 elapsed_us=18071 block_gets=0 block_puts=4 deleted=0
checkpoint_phase lsn=20312 phase=row_merge_write slot=0 started_ns=1790110486976546000 ended_ns=1790110486994079292 elapsed_us=17533 block_gets=0 block_puts=4 deleted=0
checkpoint_phase lsn=20312 phase=row_merge_write slot=0 started_ns=1790110486996135000 ended_ns=1790110487013862583 elapsed_us=17727 block_gets=0 block_puts=4 deleted=0
checkpoint_phase lsn=20312 phase=row_merge_write slot=0 started_ns=1790110487015949000 ended_ns=1790110487034220833 elapsed_us=18271 block_gets=0 block_puts=4 deleted=0
checkpoint_phase lsn=20312 phase=row_merge_write slot=0 started_ns=1790110487036256000 ended_ns=1790110487055497917 elapsed_us=19241 block_gets=0 block_puts=4 deleted=0
checkpoint_phase lsn=20312 phase=row_merge_write slot=0 started_ns=1790110487057654000 ended_ns=1790110487075438625 elapsed_us=17784 block_gets=0 block_puts=4 deleted=0
checkpoint_phase lsn=20312 phase=row_merge_write slot=0 started_ns=1790110487077471000 ended_ns=1790110487094771416 elapsed_us=17300 block_gets=0 block_puts=4 deleted=0
checkpoint_phase lsn=20312 phase=row_merge_write slot=0 started_ns=1790110487096783000 ended_ns=1790110487115285750 elapsed_us=18502 block_gets=0 block_puts=4 deleted=0
checkpoint_phase lsn=20312 phase=row_merge_write slot=0 started_ns=1790110487117314000 ended_ns=1790110487134991500 elapsed_us=17677 block_gets=0 block_puts=4 deleted=0
checkpoint_phase lsn=20312 phase=row_merge_write slot=0 started_ns=1790110487137023000 ended_ns=1790110487153952541 elapsed_us=16929 block_gets=0 block_puts=4 deleted=0
checkpoint_phase lsn=20312 phase=row_merge_write slot=0 started_ns=1790110487155976000 ended_ns=1790110487174119250 elapsed_us=18143 block_gets=0 block_puts=4 deleted=0
checkpoint_phase lsn=20312 phase=row_merge_write slot=0 started_ns=1790110487176200000 ended_ns=1790110487193639500 elapsed_us=17439 block_gets=0 block_puts=4 deleted=0
checkpoint_phase lsn=20312 phase=row_merge_write slot=0 started_ns=1790110487195743000 ended_ns=1790110487213531166 elapsed_us=17788 block_gets=0 block_puts=4 deleted=0
checkpoint_phase lsn=20312 phase=row_merge_write slot=0 started_ns=1790110487215550000 ended_ns=1790110487234854542 elapsed_us=19304 block_gets=0 block_puts=4 deleted=0
checkpoint_phase lsn=20312 phase=row_merge_write slot=0 started_ns=1790110487236875000 ended_ns=1790110487283873125 elapsed_us=46998 block_gets=0 block_puts=4 deleted=0
checkpoint_phase lsn=20312 phase=row_merge_write slot=0 started_ns=1790110487285891000 ended_ns=1790110487304711667 elapsed_us=18820 block_gets=0 block_puts=4 deleted=0
checkpoint_phase lsn=20312 phase=row_merge_write slot=0 started_ns=1790110487306741000 ended_ns=1790110487325608292 elapsed_us=18867 block_gets=0 block_puts=4 deleted=0
checkpoint_phase lsn=20312 phase=row_merge_write slot=0 started_ns=1790110487327735000 ended_ns=1790110487346358625 elapsed_us=18623 block_gets=0 block_puts=4 deleted=0
checkpoint_phase lsn=20312 phase=row_merge_write slot=0 started_ns=1790110487348395000 ended_ns=1790110487366197167 elapsed_us=17802 block_gets=0 block_puts=4 deleted=0
checkpoint_phase lsn=20312 phase=row_merge_write slot=0 started_ns=1790110487368262000 ended_ns=1790110487385551958 elapsed_us=17289 block_gets=0 block_puts=4 deleted=0
checkpoint_phase lsn=20312 phase=row_merge_write slot=0 started_ns=1790110487387704000 ended_ns=1790110487405295917 elapsed_us=17591 block_gets=0 block_puts=4 deleted=0
checkpoint_phase lsn=20312 phase=row_merge_write slot=0 started_ns=1790110487407408000 ended_ns=1790110487424785667 elapsed_us=17377 block_gets=0 block_puts=4 deleted=0
checkpoint_phase lsn=20312 phase=row_merge_write slot=0 started_ns=1790110487426810000 ended_ns=1790110487444149500 elapsed_us=17339 block_gets=0 block_puts=4 deleted=0
checkpoint_phase lsn=20312 phase=row_merge_write slot=0 started_ns=1790110487444227000 ended_ns=1790110487462758917 elapsed_us=18531 block_gets=0 block_puts=4 deleted=0
checkpoint_phase lsn=20312 phase=row_merge_write slot=0 started_ns=1790110487462824000 ended_ns=1790110487480365000 elapsed_us=17541 block_gets=0 block_puts=4 deleted=0
checkpoint_phase lsn=20312 phase=row_merge_write slot=0 started_ns=1790110487480431000 ended_ns=1790110487497806167 elapsed_us=17375 block_gets=0 block_puts=4 deleted=0
checkpoint_phase lsn=20312 phase=row_merge_write slot=0 started_ns=1790110487497879000 ended_ns=1790110487515380542 elapsed_us=17501 block_gets=0 block_puts=4 deleted=0
checkpoint_phase lsn=20312 phase=row_merge_write slot=0 started_ns=1790110487515456000 ended_ns=1790110487533057666 elapsed_us=17601 block_gets=0 block_puts=4 deleted=0
checkpoint_phase lsn=20312 phase=row_merge_write slot=0 started_ns=1790110487533151000 ended_ns=1790110487550297375 elapsed_us=17146 block_gets=0 block_puts=4 deleted=0
checkpoint_phase lsn=20312 phase=row_merge_write slot=0 started_ns=1790110487550414000 ended_ns=1790110487569349541 elapsed_us=18935 block_gets=0 block_puts=4 deleted=0
checkpoint_phase lsn=20312 phase=row_merge_write slot=0 started_ns=1790110487569586000 ended_ns=1790110487586860958 elapsed_us=17274 block_gets=0 block_puts=4 deleted=0
checkpoint_phase lsn=20312 phase=row_merge_write slot=0 started_ns=1790110487586939000 ended_ns=1790110487605304459 elapsed_us=18365 block_gets=0 block_puts=4 deleted=0
checkpoint_phase lsn=20312 phase=row_merge_write slot=0 started_ns=1790110487605372000 ended_ns=1790110487623055417 elapsed_us=17683 block_gets=0 block_puts=4 deleted=0
checkpoint_phase lsn=20312 phase=row_merge_write slot=0 started_ns=1790110487623120000 ended_ns=1790110487641681625 elapsed_us=18561 block_gets=0 block_puts=4 deleted=0
checkpoint_phase lsn=20312 phase=row_merge_write slot=0 started_ns=1790110487641759000 ended_ns=1790110487658320042 elapsed_us=16561 block_gets=0 block_puts=4 deleted=0
checkpoint_phase lsn=20312 phase=row_merge_write slot=0 started_ns=1790110487658448000 ended_ns=1790110487676583625 elapsed_us=18135 block_gets=0 block_puts=4 deleted=0
checkpoint_phase lsn=20312 phase=row_merge_write slot=0 started_ns=1790110487678077000 ended_ns=1790110487696682375 elapsed_us=18605 block_gets=0 block_puts=4 deleted=0
checkpoint_phase lsn=20312 phase=row_merge_write slot=0 started_ns=1790110487696788000 ended_ns=1790110487714978791 elapsed_us=18190 block_gets=0 block_puts=4 deleted=0
checkpoint_phase lsn=20312 phase=row_merge_write slot=0 started_ns=1790110487715110000 ended_ns=1790110487732963584 elapsed_us=17853 block_gets=0 block_puts=4 deleted=0
checkpoint_phase lsn=20312 phase=row_merge_write slot=0 started_ns=1790110487734522000 ended_ns=1790110487752057208 elapsed_us=17535 block_gets=0 block_puts=4 deleted=0
checkpoint_phase lsn=20312 phase=row_merge_write slot=0 started_ns=1790110487752152000 ended_ns=1790110487769907833 elapsed_us=17755 block_gets=0 block_puts=4 deleted=0
checkpoint_phase lsn=20312 phase=row_merge_write slot=0 started_ns=1790110487770028000 ended_ns=1790110487787584416 elapsed_us=17556 block_gets=0 block_puts=4 deleted=0
checkpoint_phase lsn=20312 phase=row_merge_write slot=0 started_ns=1790110487787655000 ended_ns=1790110487805694625 elapsed_us=18039 block_gets=0 block_puts=4 deleted=0
checkpoint_phase lsn=20312 phase=row_merge_write slot=0 started_ns=1790110487805817000 ended_ns=1790110487826129333 elapsed_us=20312 block_gets=0 block_puts=6 deleted=0
checkpoint_phase lsn=20312 phase=manifest slot=-1 started_ns=1790110487826205000 ended_ns=1790110487829802750 elapsed_us=3597 block_gets=0 block_puts=0 deleted=0
checkpoint_phase lsn=20312 phase=local_cleanup slot=-1 started_ns=1790110487829815000 ended_ns=1790110487829868542 elapsed_us=53 block_gets=0 block_puts=0 deleted=0
checkpoint_phase lsn=20312 phase=commit_prune slot=-1 started_ns=1790110487829960000 ended_ns=1790110487882068750 elapsed_us=52108 block_gets=0 block_puts=0 deleted=0
checkpoint_phase lsn=20312 phase=legacy_gc slot=-1 started_ns=1790110487882152000 ended_ns=1790110487907587125 elapsed_us=25435 block_gets=0 block_puts=0 deleted=0
checkpoint_phase lsn=20312 phase=gc_keep slot=-1 started_ns=1790110487907714000 ended_ns=1790110487908755458 elapsed_us=1041 block_gets=0 block_puts=0 deleted=0
checkpoint_phase lsn=20312 phase=gc_list slot=-1 started_ns=1790110487908764000 ended_ns=1790110487989793417 elapsed_us=81029 block_gets=0 block_puts=0 deleted=0
checkpoint_phase lsn=20312 phase=gc_delete slot=-1 started_ns=1790110487989809000 ended_ns=1790110488018482625 elapsed_us=28673 block_gets=0 block_puts=0 deleted=10
checkpoint_phase lsn=20312 phase=row_merge_schedule slot=0 started_ns=1790110488018818000 ended_ns=1790110488019142584 elapsed_us=324 block_gets=0 block_puts=0 deleted=0
checkpoint_phase lsn=20312 phase=row_merge_schedule slot=0 started_ns=1790110488019191000 ended_ns=1790110488019457458 elapsed_us=266 block_gets=0 block_puts=0 deleted=0
checkpoint_phase lsn=20312 phase=row_merge_schedule slot=0 started_ns=1790110488019503000 ended_ns=1790110488019761042 elapsed_us=258 block_gets=0 block_puts=0 deleted=0
checkpoint_phase lsn=20312 phase=row_merge_schedule slot=0 started_ns=1790110488019804000 ended_ns=1790110488020050583 elapsed_us=246 block_gets=0 block_puts=0 deleted=0
checkpoint_phase lsn=20312 phase=row_merge_schedule slot=0 started_ns=1790110488020092000 ended_ns=1790110488020344791 elapsed_us=252 block_gets=0 block_puts=0 deleted=0
checkpoint_phase lsn=20312 phase=row_merge_schedule slot=0 started_ns=1790110488020392000 ended_ns=1790110488020651917 elapsed_us=259 block_gets=0 block_puts=0 deleted=0
checkpoint_phase lsn=20312 phase=row_merge_schedule slot=0 started_ns=1790110488020699000 ended_ns=1790110488020950333 elapsed_us=251 block_gets=0 block_puts=0 deleted=0
checkpoint_phase lsn=20312 phase=row_merge_schedule slot=0 started_ns=1790110488020994000 ended_ns=1790110488021238458 elapsed_us=244 block_gets=0 block_puts=0 deleted=0
checkpoint_phase lsn=20312 phase=row_merge_schedule slot=0 started_ns=1790110488021279000 ended_ns=1790110488021554666 elapsed_us=275 block_gets=0 block_puts=0 deleted=0
checkpoint_phase lsn=20312 phase=row_merge_schedule slot=0 started_ns=1790110488021611000 ended_ns=1790110488021889000 elapsed_us=278 block_gets=0 block_puts=0 deleted=0
checkpoint_phase lsn=20312 phase=row_merge_schedule slot=0 started_ns=1790110488021932000 ended_ns=1790110488022182083 elapsed_us=250 block_gets=0 block_puts=0 deleted=0
checkpoint_phase lsn=20312 phase=row_merge_schedule slot=0 started_ns=1790110488022227000 ended_ns=1790110488022476750 elapsed_us=249 block_gets=0 block_puts=0 deleted=0
checkpoint_phase lsn=20312 phase=row_merge_schedule slot=0 started_ns=1790110488022519000 ended_ns=1790110488022769292 elapsed_us=250 block_gets=0 block_puts=0 deleted=0
checkpoint_phase lsn=20312 phase=row_merge_schedule slot=0 started_ns=1790110488022811000 ended_ns=1790110488023061875 elapsed_us=250 block_gets=0 block_puts=0 deleted=0
checkpoint_phase lsn=20312 phase=row_merge_schedule slot=0 started_ns=1790110488023103000 ended_ns=1790110488023354458 elapsed_us=251 block_gets=0 block_puts=0 deleted=0
checkpoint_phase lsn=20312 phase=row_merge_schedule slot=0 started_ns=1790110488023398000 ended_ns=1790110488023649125 elapsed_us=251 block_gets=0 block_puts=0 deleted=0
checkpoint_phase lsn=20312 phase=row_merge_schedule slot=0 started_ns=1790110488023693000 ended_ns=1790110488023752833 elapsed_us=59 block_gets=0 block_puts=0 deleted=0
checkpoint_phase lsn=20312 phase=row_merge_schedule slot=0 started_ns=1790110488023796000 ended_ns=1790110488024131667 elapsed_us=335 block_gets=0 block_puts=0 deleted=0
checkpoint_phase lsn=20312 phase=row_merge_schedule slot=0 started_ns=1790110488024175000 ended_ns=1790110488024427875 elapsed_us=252 block_gets=0 block_puts=0 deleted=0
checkpoint_phase lsn=20312 phase=row_merge_schedule slot=0 started_ns=1790110488024475000 ended_ns=1790110488024724584 elapsed_us=249 block_gets=0 block_puts=0 deleted=0
checkpoint_phase lsn=20312 phase=row_merge_schedule slot=0 started_ns=1790110488024768000 ended_ns=1790110488025017250 elapsed_us=249 block_gets=0 block_puts=0 deleted=0
checkpoint_phase lsn=20312 phase=row_merge_schedule slot=0 started_ns=1790110488025059000 ended_ns=1790110488025306875 elapsed_us=247 block_gets=0 block_puts=0 deleted=0
checkpoint_phase lsn=20312 phase=row_merge_schedule slot=0 started_ns=1790110488025349000 ended_ns=1790110488025596292 elapsed_us=247 block_gets=0 block_puts=0 deleted=0
checkpoint_phase lsn=20312 phase=row_merge_schedule slot=0 started_ns=1790110488025637000 ended_ns=1790110488025881333 elapsed_us=244 block_gets=0 block_puts=0 deleted=0
checkpoint_phase lsn=20312 phase=row_merge_schedule slot=0 started_ns=1790110488025924000 ended_ns=1790110488026169917 elapsed_us=245 block_gets=0 block_puts=0 deleted=0
checkpoint_phase lsn=20312 phase=row_merge_schedule slot=0 started_ns=1790110488026214000 ended_ns=1790110488026458667 elapsed_us=244 block_gets=0 block_puts=0 deleted=0
checkpoint_phase lsn=20312 phase=row_merge_schedule slot=0 started_ns=1790110488026501000 ended_ns=1790110488026747750 elapsed_us=246 block_gets=0 block_puts=0 deleted=0
checkpoint_phase lsn=20312 phase=row_merge_schedule slot=0 started_ns=1790110488026790000 ended_ns=1790110488027041875 elapsed_us=251 block_gets=0 block_puts=0 deleted=0
checkpoint_phase lsn=20312 phase=row_merge_schedule slot=0 started_ns=1790110488027085000 ended_ns=1790110488027334667 elapsed_us=249 block_gets=0 block_puts=0 deleted=0
checkpoint_phase lsn=20312 phase=row_merge_schedule slot=0 started_ns=1790110488027377000 ended_ns=1790110488027625667 elapsed_us=248 block_gets=0 block_puts=0 deleted=0
checkpoint_phase lsn=20312 phase=row_merge_schedule slot=0 started_ns=1790110488027670000 ended_ns=1790110488027914917 elapsed_us=244 block_gets=0 block_puts=0 deleted=0
checkpoint_phase lsn=20312 phase=row_merge_schedule slot=0 started_ns=1790110488027960000 ended_ns=1790110488028212917 elapsed_us=252 block_gets=0 block_puts=0 deleted=0
checkpoint_phase lsn=20312 phase=row_merge_schedule slot=0 started_ns=1790110488028254000 ended_ns=1790110488028678208 elapsed_us=424 block_gets=0 block_puts=0 deleted=0
checkpoint_phase lsn=20312 phase=row_merge_schedule slot=0 started_ns=1790110488028726000 ended_ns=1790110488028918833 elapsed_us=192 block_gets=0 block_puts=0 deleted=0
checkpoint_phase lsn=20312 phase=row_merge_write slot=0 started_ns=1790110488028984000 ended_ns=1790110488052551750 elapsed_us=23567 block_gets=0 block_puts=5 deleted=0
checkpoint_phase lsn=20312 phase=row_merge_write slot=0 started_ns=1790110488052625000 ended_ns=1790110488068653083 elapsed_us=16028 block_gets=0 block_puts=4 deleted=0
checkpoint_phase lsn=20312 phase=row_merge_write slot=0 started_ns=1790110488068726000 ended_ns=1790110488086637375 elapsed_us=17911 block_gets=0 block_puts=4 deleted=0
checkpoint_phase lsn=20312 phase=row_merge_write slot=0 started_ns=1790110488086704000 ended_ns=1790110488105576500 elapsed_us=18872 block_gets=0 block_puts=4 deleted=0
checkpoint_phase lsn=20312 phase=row_merge_write slot=0 started_ns=1790110488105642000 ended_ns=1790110488124581750 elapsed_us=18939 block_gets=0 block_puts=4 deleted=0
checkpoint_phase lsn=20328 phase=value_index_schedule slot=0 started_ns=1790110488194505000 ended_ns=1790110488194593458 elapsed_us=88 block_gets=0 block_puts=0 deleted=0
checkpoint_phase lsn=20328 phase=row_merge_write slot=0 started_ns=1790110488194658000 ended_ns=1790110488212727166 elapsed_us=18069 block_gets=0 block_puts=4 deleted=0
checkpoint_phase lsn=20328 phase=value_index_schedule slot=0 started_ns=1790110488218774000 ended_ns=1790110488218803666 elapsed_us=29 block_gets=0 block_puts=0 deleted=0
checkpoint_phase lsn=20328 phase=row_merge_write slot=0 started_ns=1790110488218878000 ended_ns=1790110488235745084 elapsed_us=16867 block_gets=0 block_puts=4 deleted=0
checkpoint_phase lsn=20328 phase=value_index_schedule slot=0 started_ns=1790110488241504000 ended_ns=1790110488245644500 elapsed_us=4140 block_gets=1 block_puts=0 deleted=0
checkpoint_phase lsn=20328 phase=row_merge_write slot=0 started_ns=1790110488251601000 ended_ns=1790110488270051709 elapsed_us=18450 block_gets=0 block_puts=4 deleted=0
checkpoint_phase lsn=20328 phase=value_index_schedule slot=0 started_ns=1790110488275809000 ended_ns=1790110488276820583 elapsed_us=1011 block_gets=0 block_puts=0 deleted=0
checkpoint_phase lsn=20344 phase=row_merge_write slot=0 started_ns=1790110488320293000 ended_ns=1790110488337157500 elapsed_us=16864 block_gets=0 block_puts=4 deleted=0
checkpoint_phase lsn=20344 phase=row_merge_write slot=0 started_ns=1790110488343781000 ended_ns=1790110488362293833 elapsed_us=18512 block_gets=0 block_puts=4 deleted=0
checkpoint_phase lsn=20344 phase=value_index_schedule slot=0 started_ns=1790110488368349000 ended_ns=1790110488368433792 elapsed_us=84 block_gets=0 block_puts=0 deleted=0
checkpoint_phase lsn=20344 phase=row_merge_write slot=0 started_ns=1790110488368490000 ended_ns=1790110488386946459 elapsed_us=18456 block_gets=0 block_puts=4 deleted=0
checkpoint_phase lsn=20344 phase=value_index_schedule slot=0 started_ns=1790110488392871000 ended_ns=1790110488392902000 elapsed_us=31 block_gets=0 block_puts=0 deleted=0
checkpoint_phase lsn=20344 phase=row_merge_write slot=0 started_ns=1790110488392973000 ended_ns=1790110488411309583 elapsed_us=18336 block_gets=0 block_puts=4 deleted=0
checkpoint_phase lsn=20344 phase=value_index_schedule slot=0 started_ns=1790110488417136000 ended_ns=1790110488417862042 elapsed_us=726 block_gets=0 block_puts=0 deleted=0
checkpoint_phase lsn=20360 phase=row_merge_write slot=0 started_ns=1790110488458698000 ended_ns=1790110488476803958 elapsed_us=18105 block_gets=0 block_puts=4 deleted=0
checkpoint_phase lsn=20360 phase=row_merge_write slot=0 started_ns=1790110488482634000 ended_ns=1790110488500614666 elapsed_us=17980 block_gets=0 block_puts=4 deleted=0
checkpoint_phase lsn=20360 phase=value_index_schedule slot=0 started_ns=1790110488506550000 ended_ns=1790110488506555292 elapsed_us=5 block_gets=0 block_puts=0 deleted=0
checkpoint_phase lsn=20360 phase=row_merge_write slot=0 started_ns=1790110488506613000 ended_ns=1790110488524631292 elapsed_us=18018 block_gets=0 block_puts=4 deleted=0
checkpoint_phase lsn=20360 phase=value_index_schedule slot=0 started_ns=1790110488530577000 ended_ns=1790110488530612666 elapsed_us=35 block_gets=0 block_puts=0 deleted=0
checkpoint_phase lsn=20360 phase=row_merge_write slot=0 started_ns=1790110488530700000 ended_ns=1790110488549336125 elapsed_us=18636 block_gets=0 block_puts=4 deleted=0
checkpoint_phase lsn=20360 phase=value_index_schedule slot=0 started_ns=1790110488555903000 ended_ns=1790110488556148584 elapsed_us=245 block_gets=0 block_puts=0 deleted=0
checkpoint_phase lsn=20364 phase=row_merge_write slot=0 started_ns=1790110488574805000 ended_ns=1790110488593074375 elapsed_us=18269 block_gets=0 block_puts=4 deleted=0
checkpoint_phase lsn=20376 phase=row_merge_write slot=0 started_ns=1790110488625960000 ended_ns=1790110488643938750 elapsed_us=17978 block_gets=0 block_puts=4 deleted=0
checkpoint_phase lsn=20376 phase=value_index_schedule slot=0 started_ns=1790110488649913000 ended_ns=1790110488649996750 elapsed_us=83 block_gets=0 block_puts=0 deleted=0
checkpoint_phase lsn=20376 phase=row_merge_write slot=0 started_ns=1790110488650048000 ended_ns=1790110488668217125 elapsed_us=18169 block_gets=0 block_puts=4 deleted=0
checkpoint_phase lsn=20376 phase=value_index_schedule slot=0 started_ns=1790110488674102000 ended_ns=1790110488674136000 elapsed_us=34 block_gets=0 block_puts=0 deleted=0
checkpoint_phase lsn=20376 phase=row_merge_write slot=0 started_ns=1790110488674188000 ended_ns=1790110488691413292 elapsed_us=17225 block_gets=0 block_puts=4 deleted=0
checkpoint_phase lsn=20376 phase=value_index_schedule slot=0 started_ns=1790110488697476000 ended_ns=1790110488697859917 elapsed_us=383 block_gets=0 block_puts=0 deleted=0
checkpoint_phase lsn=20380 phase=row_merge_write slot=0 started_ns=1790110488720472000 ended_ns=1790110488736186541 elapsed_us=15714 block_gets=0 block_puts=4 deleted=0
checkpoint_phase lsn=20392 phase=row_merge_write slot=0 started_ns=1790110488774923000 ended_ns=1790110488790412250 elapsed_us=15489 block_gets=0 block_puts=4 deleted=0
checkpoint_phase lsn=20392 phase=value_index_schedule slot=0 started_ns=1790110488796930000 ended_ns=1790110488796935667 elapsed_us=5 block_gets=0 block_puts=0 deleted=0
checkpoint_phase lsn=20392 phase=row_merge_write slot=0 started_ns=1790110488796994000 ended_ns=1790110488813440917 elapsed_us=16446 block_gets=0 block_puts=4 deleted=0
checkpoint_phase lsn=20392 phase=value_index_schedule slot=0 started_ns=1790110488819343000 ended_ns=1790110488819378292 elapsed_us=35 block_gets=0 block_puts=0 deleted=0
checkpoint_phase lsn=20392 phase=row_merge_write slot=0 started_ns=1790110488819441000 ended_ns=1790110488837603000 elapsed_us=18162 block_gets=0 block_puts=4 deleted=0
checkpoint_phase lsn=20392 phase=value_index_schedule slot=0 started_ns=1790110488843370000 ended_ns=1790110488843939542 elapsed_us=569 block_gets=0 block_puts=0 deleted=0
checkpoint_phase lsn=20396 phase=row_merge_write slot=0 started_ns=1790110488864004000 ended_ns=1790110488880275625 elapsed_us=16271 block_gets=0 block_puts=4 deleted=0
checkpoint_phase lsn=20408 phase=row_merge_write slot=0 started_ns=1790110488917248000 ended_ns=1790110488935725042 elapsed_us=18477 block_gets=0 block_puts=4 deleted=0
checkpoint_phase lsn=20408 phase=value_index_schedule slot=0 started_ns=1790110488941461000 ended_ns=1790110488941548167 elapsed_us=87 block_gets=0 block_puts=0 deleted=0
checkpoint_phase lsn=20408 phase=row_merge_write slot=0 started_ns=1790110488941612000 ended_ns=1790110488958906166 elapsed_us=17294 block_gets=0 block_puts=4 deleted=0
checkpoint_phase lsn=20408 phase=value_index_schedule slot=0 started_ns=1790110488964854000 ended_ns=1790110488964889833 elapsed_us=35 block_gets=0 block_puts=0 deleted=0
checkpoint_phase lsn=20408 phase=row_merge_write slot=0 started_ns=1790110488964949000 ended_ns=1790110488983095791 elapsed_us=18146 block_gets=0 block_puts=4 deleted=0
checkpoint_phase lsn=20408 phase=value_index_schedule slot=0 started_ns=1790110488988885000 ended_ns=1790110488989128208 elapsed_us=243 block_gets=0 block_puts=0 deleted=0
checkpoint_phase lsn=20408 phase=row_merge_write slot=0 started_ns=1790110488989193000 ended_ns=1790110489007672417 elapsed_us=18479 block_gets=0 block_puts=4 deleted=0
checkpoint_phase lsn=20412 phase=row_merge_write slot=0 started_ns=1790110489029696000 ended_ns=1790110489048306750 elapsed_us=18610 block_gets=0 block_puts=4 deleted=0
checkpoint_phase lsn=20424 phase=value_index_schedule slot=0 started_ns=1790110489084654000 ended_ns=1790110489084660458 elapsed_us=6 block_gets=0 block_puts=0 deleted=0
checkpoint_phase lsn=20424 phase=row_merge_write slot=0 started_ns=1790110489084728000 ended_ns=1790110489102587750 elapsed_us=17859 block_gets=0 block_puts=4 deleted=0
checkpoint_phase lsn=20424 phase=value_index_schedule slot=0 started_ns=1790110489108472000 ended_ns=1790110489108511000 elapsed_us=39 block_gets=0 block_puts=0 deleted=0
checkpoint_phase lsn=20424 phase=row_merge_write slot=0 started_ns=1790110489108567000 ended_ns=1790110489128224917 elapsed_us=19657 block_gets=0 block_puts=4 deleted=0
checkpoint_phase lsn=20424 phase=value_index_schedule slot=0 started_ns=1790110489134223000 ended_ns=1790110489134592292 elapsed_us=369 block_gets=0 block_puts=0 deleted=0
checkpoint_phase lsn=20424 phase=row_merge_write slot=0 started_ns=1790110489140551000 ended_ns=1790110489160205625 elapsed_us=19654 block_gets=0 block_puts=4 deleted=0
checkpoint_phase lsn=20428 phase=row_merge_write slot=0 started_ns=1790110489183396000 ended_ns=1790110489201053417 elapsed_us=17657 block_gets=0 block_puts=4 deleted=0
checkpoint_phase lsn=20440 phase=value_index_schedule slot=0 started_ns=1790110489236069000 ended_ns=1790110489236156208 elapsed_us=87 block_gets=0 block_puts=0 deleted=0
checkpoint_phase lsn=20440 phase=row_merge_write slot=0 started_ns=1790110489236224000 ended_ns=1790110489258927750 elapsed_us=22703 block_gets=0 block_puts=4 deleted=0
checkpoint_phase lsn=20440 phase=value_index_schedule slot=0 started_ns=1790110489265569000 ended_ns=1790110489265609583 elapsed_us=40 block_gets=0 block_puts=0 deleted=0
checkpoint_phase lsn=20440 phase=row_merge_write slot=0 started_ns=1790110489275689000 ended_ns=1790110489310170625 elapsed_us=34481 block_gets=0 block_puts=4 deleted=0
checkpoint_phase lsn=20440 phase=value_index_schedule slot=0 started_ns=1790110489316368000 ended_ns=1790110489316948084 elapsed_us=580 block_gets=0 block_puts=0 deleted=0
checkpoint_phase lsn=20444 phase=row_merge_write slot=0 started_ns=1790110489354656000 ended_ns=1790110489393232125 elapsed_us=38576 block_gets=0 block_puts=4 deleted=0
checkpoint_phase lsn=20456 phase=row_merge_write slot=0 started_ns=1790110489450005000 ended_ns=1790110489473886083 elapsed_us=23881 block_gets=0 block_puts=4 deleted=0
checkpoint_phase lsn=20456 phase=value_index_schedule slot=0 started_ns=1790110489479976000 ended_ns=1790110489479982667 elapsed_us=6 block_gets=0 block_puts=0 deleted=0
checkpoint_phase lsn=20456 phase=row_merge_write slot=0 started_ns=1790110489480082000 ended_ns=1790110489513687959 elapsed_us=33605 block_gets=0 block_puts=4 deleted=0
checkpoint_phase lsn=20456 phase=value_index_schedule slot=0 started_ns=1790110489519623000 ended_ns=1790110489519664958 elapsed_us=41 block_gets=0 block_puts=0 deleted=0
checkpoint_phase lsn=20456 phase=row_merge_write slot=0 started_ns=1790110489519728000 ended_ns=1790110489546427709 elapsed_us=26699 block_gets=0 block_puts=4 deleted=0
checkpoint_phase lsn=20456 phase=value_index_schedule slot=0 started_ns=1790110489552502000 ended_ns=1790110489552862416 elapsed_us=360 block_gets=0 block_puts=0 deleted=0
checkpoint_phase lsn=20460 phase=row_merge_write slot=0 started_ns=1790110489590564000 ended_ns=1790110489618917667 elapsed_us=28353 block_gets=0 block_puts=4 deleted=0
checkpoint_phase lsn=20472 phase=row_merge_write slot=0 started_ns=1790110489688215000 ended_ns=1790110489714388792 elapsed_us=26173 block_gets=0 block_puts=4 deleted=0
checkpoint_phase lsn=20472 phase=value_index_schedule slot=0 started_ns=1790110489720311000 ended_ns=1790110489720392125 elapsed_us=81 block_gets=0 block_puts=0 deleted=0
checkpoint_phase lsn=20472 phase=row_merge_write slot=0 started_ns=1790110489720669000 ended_ns=1790110489753354167 elapsed_us=32685 block_gets=0 block_puts=4 deleted=0
checkpoint_phase lsn=20472 phase=value_index_schedule slot=0 started_ns=1790110489759378000 ended_ns=1790110489759422875 elapsed_us=44 block_gets=0 block_puts=0 deleted=0
checkpoint_phase lsn=20472 phase=row_merge_write slot=0 started_ns=1790110489759497000 ended_ns=1790110489777960167 elapsed_us=18463 block_gets=0 block_puts=4 deleted=0
checkpoint_phase lsn=20472 phase=value_index_schedule slot=0 started_ns=1790110489784117000 ended_ns=1790110489784625666 elapsed_us=508 block_gets=0 block_puts=0 deleted=0
checkpoint_phase lsn=20476 phase=row_merge_write slot=0 started_ns=1790110489807117000 ended_ns=1790110489824986833 elapsed_us=17869 block_gets=0 block_puts=4 deleted=0
checkpoint_phase lsn=20488 phase=row_merge_write slot=0 started_ns=1790110489860138000 ended_ns=1790110489876453041 elapsed_us=16315 block_gets=0 block_puts=4 deleted=0
checkpoint_phase lsn=20488 phase=value_index_schedule slot=0 started_ns=1790110489883006000 ended_ns=1790110489883012000 elapsed_us=6 block_gets=0 block_puts=0 deleted=0
checkpoint_phase lsn=20488 phase=row_merge_write slot=0 started_ns=1790110489883073000 ended_ns=1790110489902191959 elapsed_us=19118 block_gets=0 block_puts=4 deleted=0
checkpoint_phase lsn=20488 phase=value_index_schedule slot=0 started_ns=1790110489908195000 ended_ns=1790110489908242458 elapsed_us=47 block_gets=0 block_puts=0 deleted=0
checkpoint_phase lsn=20488 phase=row_merge_write slot=0 started_ns=1790110489908300000 ended_ns=1790110489926644833 elapsed_us=18344 block_gets=0 block_puts=4 deleted=0
checkpoint_phase lsn=20488 phase=value_index_schedule slot=0 started_ns=1790110489932763000 ended_ns=1790110489933200750 elapsed_us=437 block_gets=0 block_puts=0 deleted=0
checkpoint_phase lsn=20492 phase=row_merge_write slot=0 started_ns=1790110489956006000 ended_ns=1790110489974603542 elapsed_us=18597 block_gets=0 block_puts=4 deleted=0
checkpoint_phase lsn=20504 phase=row_merge_write slot=0 started_ns=1790110490007398000 ended_ns=1790110490026060542 elapsed_us=18662 block_gets=0 block_puts=4 deleted=0
checkpoint_phase lsn=20504 phase=value_index_schedule slot=0 started_ns=1790110490032174000 ended_ns=1790110490032179792 elapsed_us=5 block_gets=0 block_puts=0 deleted=0
checkpoint_phase lsn=20504 phase=row_merge_write slot=0 started_ns=1790110490032256000 ended_ns=1790110490050176666 elapsed_us=17920 block_gets=0 block_puts=4 deleted=0
checkpoint_phase lsn=20504 phase=value_index_schedule slot=0 started_ns=1790110490056270000 ended_ns=1790110490056319209 elapsed_us=49 block_gets=0 block_puts=0 deleted=0
checkpoint_phase lsn=20504 phase=row_merge_write slot=0 started_ns=1790110490056403000 ended_ns=1790110490074576959 elapsed_us=18173 block_gets=0 block_puts=4 deleted=0
checkpoint_phase lsn=20504 phase=value_index_schedule slot=0 started_ns=1790110490080495000 ended_ns=1790110490080757417 elapsed_us=262 block_gets=0 block_puts=0 deleted=0
checkpoint_phase lsn=20504 phase=row_merge_write slot=0 started_ns=1790110490080824000 ended_ns=1790110490097977500 elapsed_us=17153 block_gets=0 block_puts=4 deleted=0
checkpoint_phase lsn=20508 phase=row_merge_write slot=0 started_ns=1790110490123951000 ended_ns=1790110490142277083 elapsed_us=18326 block_gets=0 block_puts=4 deleted=0
checkpoint_phase lsn=20520 phase=value_index_schedule slot=0 started_ns=1790110490180396000 ended_ns=1790110490180483208 elapsed_us=87 block_gets=0 block_puts=0 deleted=0
checkpoint_phase lsn=20520 phase=row_merge_write slot=0 started_ns=1790110490180748000 ended_ns=1790110490200798333 elapsed_us=20050 block_gets=0 block_puts=4 deleted=0
checkpoint_phase lsn=20520 phase=value_index_schedule slot=0 started_ns=1790110490206802000 ended_ns=1790110490206852667 elapsed_us=50 block_gets=0 block_puts=0 deleted=0
checkpoint_phase lsn=20520 phase=row_merge_write slot=0 started_ns=1790110490206920000 ended_ns=1790110490225566125 elapsed_us=18646 block_gets=0 block_puts=4 deleted=0
checkpoint_phase lsn=20520 phase=value_index_schedule slot=0 started_ns=1790110490231411000 ended_ns=1790110490231939958 elapsed_us=528 block_gets=0 block_puts=0 deleted=0
checkpoint_phase lsn=20520 phase=row_merge_write slot=0 started_ns=1790110490237697000 ended_ns=1790110490255468334 elapsed_us=17771 block_gets=0 block_puts=4 deleted=0
checkpoint_phase lsn=20524 phase=row_merge_write slot=0 started_ns=1790110490280061000 ended_ns=1790110490297081334 elapsed_us=17020 block_gets=0 block_puts=4 deleted=0
checkpoint_phase lsn=20536 phase=value_index_schedule slot=0 started_ns=1790110490334562000 ended_ns=1790110490334568917 elapsed_us=6 block_gets=0 block_puts=0 deleted=0
checkpoint_phase lsn=20536 phase=row_merge_write slot=0 started_ns=1790110490334630000 ended_ns=1790110490352876292 elapsed_us=18246 block_gets=0 block_puts=4 deleted=0
checkpoint_phase lsn=20536 phase=value_index_schedule slot=0 started_ns=1790110490359409000 ended_ns=1790110490359463000 elapsed_us=54 block_gets=0 block_puts=0 deleted=0
checkpoint_phase lsn=20536 phase=row_merge_write slot=0 started_ns=1790110490359526000 ended_ns=1790110490377971792 elapsed_us=18445 block_gets=0 block_puts=4 deleted=0
checkpoint_phase lsn=20536 phase=value_index_schedule slot=0 started_ns=1790110490383873000 ended_ns=1790110490384296583 elapsed_us=423 block_gets=0 block_puts=0 deleted=0
checkpoint_phase lsn=20536 phase=row_merge_write slot=0 started_ns=1790110490390423000 ended_ns=1790110490409409084 elapsed_us=18986 block_gets=0 block_puts=4 deleted=0
checkpoint_phase lsn=20540 phase=row_merge_write slot=0 started_ns=1790110490434499000 ended_ns=1790110490453629083 elapsed_us=19130 block_gets=0 block_puts=4 deleted=0
checkpoint_phase lsn=20552 phase=value_index_schedule slot=0 started_ns=1790110490491028000 ended_ns=1790110490491034208 elapsed_us=6 block_gets=0 block_puts=0 deleted=0
checkpoint_phase lsn=20552 phase=row_merge_write slot=0 started_ns=1790110490491098000 ended_ns=1790110490515258375 elapsed_us=24160 block_gets=0 block_puts=4 deleted=0
checkpoint_phase lsn=20552 phase=value_index_schedule slot=0 started_ns=1790110490521183000 ended_ns=1790110490521237334 elapsed_us=54 block_gets=0 block_puts=0 deleted=0
checkpoint_phase lsn=20552 phase=row_merge_write slot=0 started_ns=1790110490521293000 ended_ns=1790110490538085750 elapsed_us=16792 block_gets=0 block_puts=4 deleted=0
checkpoint_phase lsn=20552 phase=value_index_schedule slot=0 started_ns=1790110490544063000 ended_ns=1790110490544531958 elapsed_us=468 block_gets=0 block_puts=0 deleted=0
checkpoint_phase lsn=20552 phase=row_merge_write slot=0 started_ns=1790110490547718000 ended_ns=1790110490566768916 elapsed_us=19050 block_gets=0 block_puts=4 deleted=0
checkpoint_phase lsn=20556 phase=row_merge_write slot=0 started_ns=1790110490593112000 ended_ns=1790110490611427542 elapsed_us=18315 block_gets=0 block_puts=4 deleted=0
checkpoint_phase lsn=20560 phase=value_index_schedule slot=0 started_ns=1790110490634984000 ended_ns=1790110490635080667 elapsed_us=96 block_gets=0 block_puts=0 deleted=0
checkpoint_phase lsn=20560 phase=row_merge_write slot=0 started_ns=1790110490635143000 ended_ns=1790110490653413584 elapsed_us=18270 block_gets=0 block_puts=4 deleted=0
checkpoint_phase lsn=20568 phase=row_merge_write slot=0 started_ns=1790110490682314000 ended_ns=1790110490700057250 elapsed_us=17743 block_gets=0 block_puts=4 deleted=0
checkpoint_phase lsn=20568 phase=value_index_schedule slot=0 started_ns=1790110490706055000 ended_ns=1790110490706060667 elapsed_us=5 block_gets=0 block_puts=0 deleted=0
checkpoint_phase lsn=20568 phase=row_merge_write slot=0 started_ns=1790110490706130000 ended_ns=1790110490723464792 elapsed_us=17334 block_gets=0 block_puts=4 deleted=0
checkpoint_phase lsn=20568 phase=value_index_schedule slot=0 started_ns=1790110490729451000 ended_ns=1790110490729507750 elapsed_us=56 block_gets=0 block_puts=0 deleted=0
checkpoint_phase lsn=20568 phase=row_merge_write slot=0 started_ns=1790110490729597000 ended_ns=1790110490748088208 elapsed_us=18491 block_gets=0 block_puts=4 deleted=0
checkpoint_phase lsn=20572 phase=row_merge_write slot=0 started_ns=1790110490769808000 ended_ns=1790110490787995583 elapsed_us=18187 block_gets=0 block_puts=4 deleted=0
checkpoint_phase lsn=20576 phase=value_index_schedule slot=0 started_ns=1790110490809121000 ended_ns=1790110490809127208 elapsed_us=6 block_gets=0 block_puts=0 deleted=0
checkpoint_phase lsn=20576 phase=row_merge_write slot=0 started_ns=1790110490809188000 ended_ns=1790110490825629458 elapsed_us=16441 block_gets=0 block_puts=4 deleted=0
checkpoint_phase lsn=20584 phase=row_merge_write slot=0 started_ns=1790110490859400000 ended_ns=1790110490875936417 elapsed_us=16536 block_gets=0 block_puts=4 deleted=0
checkpoint_phase lsn=20584 phase=value_index_schedule slot=0 started_ns=1790110490882561000 ended_ns=1790110490882566542 elapsed_us=5 block_gets=0 block_puts=0 deleted=0
checkpoint_phase lsn=20584 phase=row_merge_write slot=0 started_ns=1790110490882631000 ended_ns=1790110490899617959 elapsed_us=16986 block_gets=0 block_puts=4 deleted=0
checkpoint_phase lsn=20584 phase=value_index_schedule slot=0 started_ns=1790110490905581000 ended_ns=1790110490905637625 elapsed_us=56 block_gets=0 block_puts=0 deleted=0
checkpoint_phase lsn=20584 phase=row_merge_write slot=0 started_ns=1790110490905689000 ended_ns=1790110490923862958 elapsed_us=18173 block_gets=0 block_puts=4 deleted=0
checkpoint_phase lsn=20588 phase=row_merge_write slot=0 started_ns=1790110490948523000 ended_ns=1790110490967339542 elapsed_us=18816 block_gets=0 block_puts=4 deleted=0
checkpoint_phase lsn=20592 phase=value_index_schedule slot=0 started_ns=1790110490990003000 ended_ns=1790110490990009875 elapsed_us=6 block_gets=0 block_puts=0 deleted=0
checkpoint_phase lsn=20592 phase=row_merge_write slot=0 started_ns=1790110490990078000 ended_ns=1790110491007216084 elapsed_us=17138 block_gets=0 block_puts=4 deleted=0
checkpoint_phase lsn=20600 phase=row_merge_write slot=0 started_ns=1790110491038144000 ended_ns=1790110491057681750 elapsed_us=19537 block_gets=0 block_puts=4 deleted=0
checkpoint_phase lsn=20600 phase=value_index_schedule slot=0 started_ns=1790110491063584000 ended_ns=1790110491063588875 elapsed_us=4 block_gets=0 block_puts=0 deleted=0
checkpoint_phase lsn=20600 phase=row_merge_write slot=0 started_ns=1790110491063657000 ended_ns=1790110491081962416 elapsed_us=18305 block_gets=0 block_puts=4 deleted=0
checkpoint_phase lsn=20600 phase=value_index_schedule slot=0 started_ns=1790110491088310000 ended_ns=1790110491088370125 elapsed_us=60 block_gets=0 block_puts=0 deleted=0
checkpoint_phase lsn=20600 phase=row_merge_write slot=0 started_ns=1790110491088436000 ended_ns=1790110491106595750 elapsed_us=18159 block_gets=0 block_puts=4 deleted=0
checkpoint_phase lsn=20604 phase=row_merge_write slot=0 started_ns=1790110491128832000 ended_ns=1790110491146599708 elapsed_us=17767 block_gets=0 block_puts=4 deleted=0
checkpoint_phase lsn=20608 phase=value_index_schedule slot=0 started_ns=1790110491170953000 ended_ns=1790110491170960083 elapsed_us=7 block_gets=0 block_puts=0 deleted=0
checkpoint_phase lsn=20608 phase=row_merge_write slot=0 started_ns=1790110491171032000 ended_ns=1790110491190101042 elapsed_us=19069 block_gets=0 block_puts=4 deleted=0
checkpoint_phase lsn=20616 phase=row_merge_write slot=0 started_ns=1790110491217082000 ended_ns=1790110491234951958 elapsed_us=17869 block_gets=0 block_puts=4 deleted=0
checkpoint_phase lsn=20616 phase=value_index_schedule slot=0 started_ns=1790110491241051000 ended_ns=1790110491241056958 elapsed_us=5 block_gets=0 block_puts=0 deleted=0
checkpoint_phase lsn=20616 phase=row_merge_write slot=0 started_ns=1790110491241131000 ended_ns=1790110491259752750 elapsed_us=18621 block_gets=0 block_puts=4 deleted=0
checkpoint_phase lsn=20616 phase=value_index_schedule slot=0 started_ns=1790110491265686000 ended_ns=1790110491265748042 elapsed_us=62 block_gets=0 block_puts=0 deleted=0
checkpoint_phase lsn=20616 phase=row_merge_write slot=0 started_ns=1790110491265812000 ended_ns=1790110491283812958 elapsed_us=18000 block_gets=0 block_puts=4 deleted=0
checkpoint_phase lsn=20620 phase=row_merge_write slot=0 started_ns=1790110491306790000 ended_ns=1790110491325113083 elapsed_us=18323 block_gets=0 block_puts=4 deleted=0
checkpoint_phase lsn=20624 phase=value_index_schedule slot=0 started_ns=1790110491347761000 ended_ns=1790110491347768000 elapsed_us=7 block_gets=0 block_puts=0 deleted=0
checkpoint_phase lsn=20624 phase=row_merge_write slot=0 started_ns=1790110491347845000 ended_ns=1790110491365672541 elapsed_us=17827 block_gets=0 block_puts=4 deleted=0
checkpoint_phase lsn=20632 phase=row_merge_write slot=0 started_ns=1790110491394164000 ended_ns=1790110491411909083 elapsed_us=17745 block_gets=0 block_puts=4 deleted=0
checkpoint_phase lsn=20632 phase=value_index_schedule slot=0 started_ns=1790110491418643000 ended_ns=1790110491418648333 elapsed_us=5 block_gets=0 block_puts=0 deleted=0
checkpoint_phase lsn=20632 phase=row_merge_write slot=0 started_ns=1790110491418725000 ended_ns=1790110491436219917 elapsed_us=17494 block_gets=0 block_puts=4 deleted=0
checkpoint_phase lsn=20632 phase=value_index_schedule slot=0 started_ns=1790110491442237000 ended_ns=1790110491442302083 elapsed_us=65 block_gets=0 block_puts=0 deleted=0
checkpoint_phase lsn=20632 phase=row_merge_write slot=0 started_ns=1790110491442382000 ended_ns=1790110491460862667 elapsed_us=18480 block_gets=0 block_puts=4 deleted=0
checkpoint_phase lsn=20636 phase=row_merge_write slot=0 started_ns=1790110491486454000 ended_ns=1790110491506227000 elapsed_us=19773 block_gets=0 block_puts=4 deleted=0
checkpoint_phase lsn=20648 phase=value_index_schedule slot=0 started_ns=1790110491549735000 ended_ns=1790110491549741583 elapsed_us=6 block_gets=0 block_puts=0 deleted=0
checkpoint_phase lsn=20648 phase=row_merge_write slot=0 started_ns=1790110491549802000 ended_ns=1790110491567696333 elapsed_us=17894 block_gets=0 block_puts=4 deleted=0
checkpoint_phase lsn=20648 phase=value_index_schedule slot=0 started_ns=1790110491581308000 ended_ns=1790110491581372958 elapsed_us=64 block_gets=0 block_puts=0 deleted=0
checkpoint_phase lsn=20648 phase=row_merge_write slot=0 started_ns=1790110491581448000 ended_ns=1790110491600554583 elapsed_us=19106 block_gets=0 block_puts=4 deleted=0
checkpoint_phase lsn=20648 phase=value_index_schedule slot=0 started_ns=1790110491610514000 ended_ns=1790110491611272541 elapsed_us=758 block_gets=0 block_puts=0 deleted=0
checkpoint_phase lsn=20648 phase=row_merge_write slot=0 started_ns=1790110491621066000 ended_ns=1790110491638696291 elapsed_us=17630 block_gets=0 block_puts=4 deleted=0
checkpoint_phase lsn=20664 phase=row_merge_write slot=0 started_ns=1790110491689056000 ended_ns=1790110491706909083 elapsed_us=17853 block_gets=0 block_puts=4 deleted=0
checkpoint_phase lsn=20664 phase=value_index_schedule slot=0 started_ns=1790110491717406000 ended_ns=1790110491717411667 elapsed_us=5 block_gets=0 block_puts=0 deleted=0
checkpoint_phase lsn=20664 phase=row_merge_write slot=0 started_ns=1790110491729369000 ended_ns=1790110491747029208 elapsed_us=17660 block_gets=0 block_puts=4 deleted=0
checkpoint_phase lsn=20664 phase=value_index_schedule slot=0 started_ns=1790110491760777000 ended_ns=1790110491760840042 elapsed_us=63 block_gets=0 block_puts=0 deleted=0
checkpoint_phase lsn=20664 phase=row_merge_write slot=0 started_ns=1790110491760912000 ended_ns=1790110491779253375 elapsed_us=18341 block_gets=0 block_puts=4 deleted=0
checkpoint_phase lsn=20680 phase=row_merge_write slot=0 started_ns=1790110491826491000 ended_ns=1790110491845199500 elapsed_us=18708 block_gets=0 block_puts=4 deleted=0
checkpoint_phase lsn=20680 phase=value_index_schedule slot=0 started_ns=1790110491855145000 ended_ns=1790110491855151083 elapsed_us=6 block_gets=0 block_puts=0 deleted=0
checkpoint_phase lsn=20680 phase=row_merge_write slot=0 started_ns=1790110491855213000 ended_ns=1790110491873895333 elapsed_us=18682 block_gets=0 block_puts=4 deleted=0
checkpoint_phase lsn=20680 phase=value_index_schedule slot=0 started_ns=1790110491882927000 ended_ns=1790110491882992916 elapsed_us=65 block_gets=0 block_puts=0 deleted=0
checkpoint_phase lsn=20680 phase=row_merge_write slot=0 started_ns=1790110491883051000 ended_ns=1790110491899123916 elapsed_us=16072 block_gets=0 block_puts=4 deleted=0
checkpoint_phase lsn=20680 phase=value_index_schedule slot=0 started_ns=1790110491908836000 ended_ns=1790110491909582209 elapsed_us=746 block_gets=0 block_puts=0 deleted=0
checkpoint_phase lsn=20680 phase=row_merge_write slot=0 started_ns=1790110491920781000 ended_ns=1790110491939909958 elapsed_us=19128 block_gets=0 block_puts=4 deleted=0
checkpoint_phase lsn=20696 phase=row_merge_write slot=0 started_ns=1790110491990395000 ended_ns=1790110492008266667 elapsed_us=17871 block_gets=0 block_puts=4 deleted=0
checkpoint_phase lsn=20696 phase=value_index_schedule slot=0 started_ns=1790110492018283000 ended_ns=1790110492018289417 elapsed_us=6 block_gets=0 block_puts=0 deleted=0
checkpoint_phase lsn=20696 phase=row_merge_write slot=0 started_ns=1790110492018381000 ended_ns=1790110492038164958 elapsed_us=19783 block_gets=0 block_puts=4 deleted=0
checkpoint_phase lsn=20696 phase=value_index_schedule slot=0 started_ns=1790110492048501000 ended_ns=1790110492048568584 elapsed_us=67 block_gets=0 block_puts=0 deleted=0
checkpoint_phase lsn=20696 phase=row_merge_write slot=0 started_ns=1790110492048714000 ended_ns=1790110492067726209 elapsed_us=19012 block_gets=0 block_puts=4 deleted=0
checkpoint_phase lsn=20696 phase=value_index_schedule slot=0 started_ns=1790110492077774000 ended_ns=1790110492077992667 elapsed_us=218 block_gets=0 block_puts=0 deleted=0
checkpoint_phase lsn=20696 phase=row_merge_write slot=0 started_ns=1790110492078125000 ended_ns=1790110492096100083 elapsed_us=17975 block_gets=0 block_puts=4 deleted=0
checkpoint_phase lsn=20696 phase=value_index_schedule slot=0 started_ns=1790110492105894000 ended_ns=1790110492106923000 elapsed_us=1029 block_gets=0 block_puts=0 deleted=0
checkpoint_phase lsn=20712 phase=row_merge_write slot=0 started_ns=1790110492157049000 ended_ns=1790110492175795458 elapsed_us=18746 block_gets=0 block_puts=4 deleted=0
checkpoint_phase lsn=20712 phase=row_merge_write slot=0 started_ns=1790110492197002000 ended_ns=1790110492214257791 elapsed_us=17255 block_gets=0 block_puts=4 deleted=0
checkpoint_phase lsn=20712 phase=value_index_schedule slot=0 started_ns=1790110492227765000 ended_ns=1790110492227848208 elapsed_us=83 block_gets=0 block_puts=0 deleted=0
checkpoint_phase lsn=20712 phase=row_merge_write slot=0 started_ns=1790110492227918000 ended_ns=1790110492247012125 elapsed_us=19094 block_gets=0 block_puts=4 deleted=0
checkpoint_phase lsn=20728 phase=row_merge_write slot=0 started_ns=1790110492293856000 ended_ns=1790110492312270250 elapsed_us=18414 block_gets=0 block_puts=4 deleted=0
checkpoint_phase lsn=20728 phase=value_index_schedule slot=0 started_ns=1790110492321417000 ended_ns=1790110492321422875 elapsed_us=5 block_gets=0 block_puts=0 deleted=0
checkpoint_phase lsn=20728 phase=row_merge_write slot=0 started_ns=1790110492321491000 ended_ns=1790110492340827958 elapsed_us=19336 block_gets=0 block_puts=4 deleted=0
checkpoint_phase lsn=20728 phase=value_index_schedule slot=0 started_ns=1790110492350708000 ended_ns=1790110492350813583 elapsed_us=105 block_gets=0 block_puts=0 deleted=0
checkpoint_phase lsn=20728 phase=row_merge_write slot=0 started_ns=1790110492350880000 ended_ns=1790110492368777750 elapsed_us=17897 block_gets=0 block_puts=4 deleted=0
checkpoint_phase lsn=20728 phase=value_index_schedule slot=0 started_ns=1790110492377637000 ended_ns=1790110492378434125 elapsed_us=797 block_gets=0 block_puts=0 deleted=0
checkpoint_phase lsn=20728 phase=row_merge_write slot=0 started_ns=1790110492378514000 ended_ns=1790110492397239084 elapsed_us=18725 block_gets=0 block_puts=4 deleted=0
checkpoint_phase lsn=20728 phase=value_index_schedule slot=0 started_ns=1790110492408408000 ended_ns=1790110492409452833 elapsed_us=1044 block_gets=0 block_puts=0 deleted=0
checkpoint_phase lsn=20744 phase=row_merge_write slot=0 started_ns=1790110492457562000 ended_ns=1790110492489743916 elapsed_us=32181 block_gets=0 block_puts=8 deleted=0
checkpoint_phase lsn=20744 phase=value_index_schedule slot=0 started_ns=1790110492499451000 ended_ns=1790110492499536208 elapsed_us=85 block_gets=0 block_puts=0 deleted=0
checkpoint_phase lsn=20744 phase=value_index_schedule slot=0 started_ns=1790110492499622000 ended_ns=1790110492499701791 elapsed_us=79 block_gets=0 block_puts=0 deleted=0
checkpoint_phase lsn=20744 phase=value_index_schedule slot=0 started_ns=1790110492499776000 ended_ns=1790110492500484667 elapsed_us=708 block_gets=0 block_puts=0 deleted=0
checkpoint_phase lsn=20744 phase=value_index_schedule slot=0 started_ns=1790110492510725000 ended_ns=1790110492511748833 elapsed_us=1023 block_gets=0 block_puts=0 deleted=0
checkpoint_phase lsn=20744 phase=value_index_schedule slot=0 started_ns=1790110492521996000 ended_ns=1790110492551377625 elapsed_us=29381 block_gets=8 block_puts=0 deleted=0
checkpoint_phase lsn=20744 phase=value_index_schedule slot=0 started_ns=1790110492560987000 ended_ns=1790110492588073042 elapsed_us=27086 block_gets=8 block_puts=0 deleted=0
checkpoint_phase lsn=20760 phase=value_index_schedule slot=0 started_ns=1790110492629730000 ended_ns=1790110492629814541 elapsed_us=84 block_gets=0 block_puts=0 deleted=0
checkpoint_phase lsn=20760 phase=value_index_schedule slot=0 started_ns=1790110492629868000 ended_ns=1790110492629945625 elapsed_us=77 block_gets=0 block_puts=0 deleted=0
checkpoint_phase lsn=20760 phase=value_index_schedule slot=0 started_ns=1790110492640568000 ended_ns=1790110492641370084 elapsed_us=802 block_gets=0 block_puts=0 deleted=0
checkpoint_phase lsn=20760 phase=value_index_schedule slot=0 started_ns=1790110492652121000 ended_ns=1790110492653149250 elapsed_us=1028 block_gets=0 block_puts=0 deleted=0
checkpoint_phase lsn=20760 phase=value_index_schedule slot=0 started_ns=1790110492667977000 ended_ns=1790110492694708083 elapsed_us=26731 block_gets=8 block_puts=0 deleted=0
checkpoint_phase lsn=20776 phase=value_index_schedule slot=0 started_ns=1790110492740994000 ended_ns=1790110492741082458 elapsed_us=88 block_gets=0 block_puts=0 deleted=0
checkpoint_phase lsn=20776 phase=value_index_schedule slot=0 started_ns=1790110492741157000 ended_ns=1790110492741241917 elapsed_us=84 block_gets=0 block_puts=0 deleted=0
checkpoint_phase lsn=20776 phase=value_index_schedule slot=0 started_ns=1790110492741301000 ended_ns=1790110492742071375 elapsed_us=770 block_gets=0 block_puts=0 deleted=0
checkpoint_phase lsn=20776 phase=value_index_schedule slot=0 started_ns=1790110492751988000 ended_ns=1790110492753008125 elapsed_us=1020 block_gets=0 block_puts=0 deleted=0
checkpoint_phase lsn=20776 phase=value_index_schedule slot=0 started_ns=1790110492763083000 ended_ns=1790110492791383125 elapsed_us=28300 block_gets=8 block_puts=0 deleted=0
checkpoint_phase lsn=20776 phase=value_index_schedule slot=0 started_ns=1790110492801373000 ended_ns=1790110492827077458 elapsed_us=25704 block_gets=8 block_puts=0 deleted=0
checkpoint_phase lsn=20776 phase=value_index_schedule slot=0 started_ns=1790110492837144000 ended_ns=1790110492864809708 elapsed_us=27665 block_gets=8 block_puts=0 deleted=0
checkpoint_phase lsn=20792 phase=value_index_schedule slot=0 started_ns=1790110492907854000 ended_ns=1790110492907939250 elapsed_us=85 block_gets=0 block_puts=0 deleted=0
checkpoint_phase lsn=20792 phase=value_index_schedule slot=0 started_ns=1790110492916866000 ended_ns=1790110492916944458 elapsed_us=78 block_gets=0 block_puts=0 deleted=0
checkpoint_phase lsn=20792 phase=value_index_schedule slot=0 started_ns=1790110492917009000 ended_ns=1790110492917734125 elapsed_us=725 block_gets=0 block_puts=0 deleted=0
checkpoint_phase lsn=20792 phase=value_index_schedule slot=0 started_ns=1790110492927346000 ended_ns=1790110492928369792 elapsed_us=1023 block_gets=0 block_puts=0 deleted=0
checkpoint_phase lsn=20792 phase=value_index_schedule slot=0 started_ns=1790110492937413000 ended_ns=1790110492952833625 elapsed_us=15420 block_gets=4 block_puts=0 deleted=0
checkpoint_phase lsn=20792 phase=value_index_schedule slot=0 started_ns=1790110492962363000 ended_ns=1790110492986946791 elapsed_us=24583 block_gets=8 block_puts=0 deleted=0
checkpoint_phase lsn=20808 phase=value_index_schedule slot=0 started_ns=1790110493032943000 ended_ns=1790110493033030833 elapsed_us=87 block_gets=0 block_puts=0 deleted=0
checkpoint_phase lsn=20808 phase=value_index_schedule slot=0 started_ns=1790110493033117000 ended_ns=1790110493033197125 elapsed_us=80 block_gets=0 block_puts=0 deleted=0
checkpoint_phase lsn=20808 phase=value_index_schedule slot=0 started_ns=1790110493036847000 ended_ns=1790110493037622625 elapsed_us=775 block_gets=0 block_puts=0 deleted=0
checkpoint_phase lsn=20808 phase=value_index_schedule slot=0 started_ns=1790110493047737000 ended_ns=1790110493048773875 elapsed_us=1036 block_gets=0 block_puts=0 deleted=0
checkpoint_phase lsn=20808 phase=value_index_schedule slot=0 started_ns=1790110493058667000 ended_ns=1790110493059713292 elapsed_us=1046 block_gets=0 block_puts=0 deleted=0
checkpoint_phase lsn=20808 phase=value_index_schedule slot=0 started_ns=1790110493069172000 ended_ns=1790110493096329500 elapsed_us=27157 block_gets=8 block_puts=0 deleted=0
checkpoint_phase lsn=20824 phase=value_index_schedule slot=0 started_ns=1790110493140744000 ended_ns=1790110493140830000 elapsed_us=86 block_gets=0 block_puts=0 deleted=0
checkpoint_phase lsn=20824 phase=value_index_schedule slot=0 started_ns=1790110493140893000 ended_ns=1790110493140976375 elapsed_us=83 block_gets=0 block_puts=0 deleted=0
checkpoint_phase lsn=20824 phase=value_index_schedule slot=0 started_ns=1790110493147224000 ended_ns=1790110493148014375 elapsed_us=790 block_gets=0 block_puts=0 deleted=0
checkpoint_phase lsn=20824 phase=value_index_schedule slot=0 started_ns=1790110493156892000 ended_ns=1790110493157910541 elapsed_us=1018 block_gets=0 block_puts=0 deleted=0
checkpoint_phase lsn=20824 phase=value_index_schedule slot=0 started_ns=1790110493167489000 ended_ns=1790110493168508000 elapsed_us=1019 block_gets=0 block_puts=0 deleted=0
checkpoint_phase lsn=20824 phase=value_index_schedule slot=0 started_ns=1790110493178956000 ended_ns=1790110493207144417 elapsed_us=28188 block_gets=8 block_puts=0 deleted=0
checkpoint_phase lsn=20840 phase=value_index_schedule slot=0 started_ns=1790110493246744000 ended_ns=1790110493246828292 elapsed_us=84 block_gets=0 block_puts=0 deleted=0
checkpoint_phase lsn=20840 phase=value_index_schedule slot=0 started_ns=1790110493249086000 ended_ns=1790110493249171500 elapsed_us=85 block_gets=0 block_puts=0 deleted=0
checkpoint_phase lsn=20840 phase=value_index_schedule slot=0 started_ns=1790110493255555000 ended_ns=1790110493256312542 elapsed_us=757 block_gets=0 block_puts=0 deleted=0
checkpoint_phase lsn=20840 phase=value_index_schedule slot=0 started_ns=1790110493269679000 ended_ns=1790110493270741833 elapsed_us=1062 block_gets=0 block_puts=0 deleted=0
checkpoint_phase lsn=20840 phase=value_index_schedule slot=0 started_ns=1790110493281076000 ended_ns=1790110493282191458 elapsed_us=1115 block_gets=0 block_puts=0 deleted=0
checkpoint_phase lsn=20856 phase=value_index_schedule slot=0 started_ns=1790110493326059000 ended_ns=1790110493326146167 elapsed_us=87 block_gets=0 block_puts=0 deleted=0
checkpoint_phase lsn=20856 phase=value_index_schedule slot=0 started_ns=1790110493326201000 ended_ns=1790110493326291667 elapsed_us=90 block_gets=0 block_puts=0 deleted=0
checkpoint_phase lsn=20856 phase=value_index_schedule slot=0 started_ns=1790110493326350000 ended_ns=1790110493327101625 elapsed_us=751 block_gets=0 block_puts=0 deleted=0
checkpoint_phase lsn=20856 phase=value_index_schedule slot=0 started_ns=1790110493338251000 ended_ns=1790110493339261083 elapsed_us=1010 block_gets=0 block_puts=0 deleted=0
checkpoint_phase lsn=20856 phase=value_index_schedule slot=0 started_ns=1790110493352506000 ended_ns=1790110493353543958 elapsed_us=1037 block_gets=0 block_puts=0 deleted=0
checkpoint_phase lsn=20856 phase=value_index_schedule slot=0 started_ns=1790110493367961000 ended_ns=1790110493396431791 elapsed_us=28470 block_gets=8 block_puts=0 deleted=0
checkpoint_phase lsn=20872 phase=value_index_schedule slot=0 started_ns=1790110493442199000 ended_ns=1790110493442286500 elapsed_us=87 block_gets=0 block_puts=0 deleted=0
checkpoint_phase lsn=20872 phase=value_index_schedule slot=0 started_ns=1790110493442362000 ended_ns=1790110493442454709 elapsed_us=92 block_gets=0 block_puts=0 deleted=0
checkpoint_phase lsn=20872 phase=value_index_schedule slot=0 started_ns=1790110493452675000 ended_ns=1790110493453459042 elapsed_us=784 block_gets=0 block_puts=0 deleted=0
checkpoint_phase lsn=20872 phase=value_index_schedule slot=0 started_ns=1790110493462546000 ended_ns=1790110493464305666 elapsed_us=1759 block_gets=0 block_puts=0 deleted=0
checkpoint_phase lsn=20872 phase=value_index_schedule slot=0 started_ns=1790110493474184000 ended_ns=1790110493475243458 elapsed_us=1059 block_gets=0 block_puts=0 deleted=0
checkpoint_phase lsn=20872 phase=value_index_schedule slot=0 started_ns=1790110493486663000 ended_ns=1790110493517467625 elapsed_us=30804 block_gets=8 block_puts=0 deleted=0
checkpoint_phase lsn=20888 phase=value_index_schedule slot=0 started_ns=1790110493570397000 ended_ns=1790110493570483125 elapsed_us=86 block_gets=0 block_puts=0 deleted=0
checkpoint_phase lsn=20888 phase=value_index_schedule slot=0 started_ns=1790110493580606000 ended_ns=1790110493580698417 elapsed_us=92 block_gets=0 block_puts=0 deleted=0
checkpoint_phase lsn=20888 phase=value_index_schedule slot=0 started_ns=1790110493580772000 ended_ns=1790110493581542166 elapsed_us=770 block_gets=0 block_puts=0 deleted=0
checkpoint_phase lsn=20888 phase=value_index_schedule slot=0 started_ns=1790110493591237000 ended_ns=1790110493592685208 elapsed_us=1448 block_gets=0 block_puts=0 deleted=0
checkpoint_phase lsn=20888 phase=value_index_schedule slot=0 started_ns=1790110493606573000 ended_ns=1790110493609142750 elapsed_us=2569 block_gets=0 block_puts=0 deleted=0
checkpoint_phase lsn=20888 phase=value_index_schedule slot=0 started_ns=1790110493619758000 ended_ns=1790110493649227458 elapsed_us=29469 block_gets=8 block_puts=0 deleted=0
checkpoint_phase lsn=20904 phase=value_index_schedule slot=0 started_ns=1790110493694640000 ended_ns=1790110493694736292 elapsed_us=96 block_gets=0 block_puts=0 deleted=0
checkpoint_phase lsn=20904 phase=value_index_schedule slot=0 started_ns=1790110493698858000 ended_ns=1790110493698950167 elapsed_us=92 block_gets=0 block_puts=0 deleted=0
checkpoint_phase lsn=20904 phase=value_index_schedule slot=0 started_ns=1790110493713843000 ended_ns=1790110493715210291 elapsed_us=1367 block_gets=0 block_puts=0 deleted=0
checkpoint_phase lsn=20904 phase=value_index_schedule slot=0 started_ns=1790110493725692000 ended_ns=1790110493726744083 elapsed_us=1052 block_gets=0 block_puts=0 deleted=0
checkpoint_phase lsn=20904 phase=value_index_schedule slot=0 started_ns=1790110493736994000 ended_ns=1790110493738399208 elapsed_us=1405 block_gets=0 block_puts=0 deleted=0
checkpoint_phase lsn=20920 phase=value_index_schedule slot=0 started_ns=1790110493785015000 ended_ns=1790110493785104708 elapsed_us=89 block_gets=0 block_puts=0 deleted=0
checkpoint_phase lsn=20920 phase=value_index_schedule slot=0 started_ns=1790110493796852000 ended_ns=1790110493796947500 elapsed_us=95 block_gets=0 block_puts=0 deleted=0
checkpoint_phase lsn=20920 phase=value_index_schedule slot=0 started_ns=1790110493797615000 ended_ns=1790110493801267292 elapsed_us=3652 block_gets=0 block_puts=0 deleted=0
checkpoint_phase lsn=20920 phase=value_index_schedule slot=0 started_ns=1790110493812341000 ended_ns=1790110493814387292 elapsed_us=2046 block_gets=0 block_puts=0 deleted=0
checkpoint_phase lsn=20920 phase=value_index_schedule slot=0 started_ns=1790110493824654000 ended_ns=1790110493825688042 elapsed_us=1034 block_gets=0 block_puts=0 deleted=0
checkpoint_phase lsn=20920 phase=value_index_schedule slot=0 started_ns=1790110493837067000 ended_ns=1790110493865978542 elapsed_us=28911 block_gets=8 block_puts=0 deleted=0
checkpoint_phase lsn=20936 phase=value_index_schedule slot=0 started_ns=1790110493912208000 ended_ns=1790110493912294667 elapsed_us=86 block_gets=0 block_puts=0 deleted=0
checkpoint_phase lsn=20936 phase=value_index_schedule slot=0 started_ns=1790110493912360000 ended_ns=1790110493912457334 elapsed_us=97 block_gets=0 block_puts=0 deleted=0
checkpoint_phase lsn=20936 phase=value_index_schedule slot=0 started_ns=1790110493922708000 ended_ns=1790110493923458042 elapsed_us=750 block_gets=0 block_puts=0 deleted=0
checkpoint_phase lsn=20936 phase=value_index_schedule slot=0 started_ns=1790110493933150000 ended_ns=1790110493934727583 elapsed_us=1577 block_gets=0 block_puts=0 deleted=0
checkpoint_phase lsn=20936 phase=value_index_schedule slot=0 started_ns=1790110493944338000 ended_ns=1790110493945415084 elapsed_us=1077 block_gets=0 block_puts=0 deleted=0
checkpoint_phase lsn=20936 phase=value_index_schedule slot=0 started_ns=1790110493956123000 ended_ns=1790110493983973208 elapsed_us=27850 block_gets=8 block_puts=0 deleted=0
checkpoint_phase lsn=20952 phase=value_index_schedule slot=0 started_ns=1790110494028485000 ended_ns=1790110494028570584 elapsed_us=85 block_gets=0 block_puts=0 deleted=0
checkpoint_phase lsn=20952 phase=value_index_schedule slot=0 started_ns=1790110494038861000 ended_ns=1790110494038954750 elapsed_us=93 block_gets=0 block_puts=0 deleted=0
checkpoint_phase lsn=20952 phase=value_index_schedule slot=0 started_ns=1790110494050695000 ended_ns=1790110494051427500 elapsed_us=732 block_gets=0 block_puts=0 deleted=0
checkpoint_phase lsn=20952 phase=value_index_schedule slot=0 started_ns=1790110494065272000 ended_ns=1790110494066381584 elapsed_us=1109 block_gets=0 block_puts=0 deleted=0
checkpoint_phase lsn=20968 phase=value_index_schedule slot=0 started_ns=1790110494089155000 ended_ns=1790110494089239458 elapsed_us=84 block_gets=0 block_puts=0 deleted=0
checkpoint_phase lsn=20968 phase=value_index_schedule slot=0 started_ns=1790110494089298000 ended_ns=1790110494089404792 elapsed_us=106 block_gets=0 block_puts=0 deleted=0
checkpoint_phase lsn=20968 phase=value_index_schedule slot=0 started_ns=1790110494090254000 ended_ns=1790110494090898875 elapsed_us=644 block_gets=0 block_puts=0 deleted=0
checkpoint_phase lsn=20968 phase=value_index_schedule slot=0 started_ns=1790110494091561000 ended_ns=1790110494092557750 elapsed_us=996 block_gets=0 block_puts=0 deleted=0
checkpoint_phase lsn=20968 phase=value_index_schedule slot=0 started_ns=1790110494093532000 ended_ns=1790110494094537209 elapsed_us=1005 block_gets=0 block_puts=0 deleted=0
checkpoint_phase lsn=20968 phase=value_index_schedule slot=0 started_ns=1790110494095526000 ended_ns=1790110494122896959 elapsed_us=27370 block_gets=8 block_puts=0 deleted=0
checkpoint_phase lsn=20984 phase=value_index_schedule slot=0 started_ns=1790110494156067000 ended_ns=1790110494156155125 elapsed_us=88 block_gets=0 block_puts=0 deleted=0
checkpoint_phase lsn=20984 phase=value_index_schedule slot=0 started_ns=1790110494156227000 ended_ns=1790110494156331209 elapsed_us=104 block_gets=0 block_puts=0 deleted=0
checkpoint_phase lsn=20984 phase=value_index_schedule slot=0 started_ns=1790110494157281000 ended_ns=1790110494157980708 elapsed_us=699 block_gets=0 block_puts=0 deleted=0
checkpoint_phase lsn=20984 phase=value_index_schedule slot=0 started_ns=1790110494158689000 ended_ns=1790110494159785917 elapsed_us=1096 block_gets=0 block_puts=0 deleted=0
checkpoint_phase lsn=20984 phase=value_index_schedule slot=0 started_ns=1790110494160903000 ended_ns=1790110494161915084 elapsed_us=1012 block_gets=0 block_puts=0 deleted=0
checkpoint_phase lsn=20984 phase=value_index_schedule slot=0 started_ns=1790110494162901000 ended_ns=1790110494164042792 elapsed_us=1141 block_gets=0 block_puts=0 deleted=0
checkpoint_phase lsn=21000 phase=value_index_schedule slot=0 started_ns=1790110494207598000 ended_ns=1790110494207684375 elapsed_us=86 block_gets=0 block_puts=0 deleted=0
checkpoint_phase lsn=21000 phase=value_index_schedule slot=0 started_ns=1790110494208475000 ended_ns=1790110494208571875 elapsed_us=96 block_gets=0 block_puts=0 deleted=0
checkpoint_phase lsn=21000 phase=value_index_schedule slot=0 started_ns=1790110494208654000 ended_ns=1790110494209359709 elapsed_us=705 block_gets=0 block_puts=0 deleted=0
checkpoint_phase lsn=21000 phase=value_index_schedule slot=0 started_ns=1790110494209482000 ended_ns=1790110494210817792 elapsed_us=1335 block_gets=0 block_puts=0 deleted=0
checkpoint_phase lsn=21000 phase=value_index_schedule slot=0 started_ns=1790110494212187000 ended_ns=1790110494213258334 elapsed_us=1071 block_gets=0 block_puts=0 deleted=0
checkpoint_phase lsn=21000 phase=value_index_schedule slot=0 started_ns=1790110494214387000 ended_ns=1790110494215619333 elapsed_us=1232 block_gets=0 block_puts=0 deleted=0
checkpoint_phase lsn=21000 phase=value_index_schedule slot=0 started_ns=1790110494216649000 ended_ns=1790110494219465542 elapsed_us=2816 block_gets=0 block_puts=0 deleted=0
checkpoint_phase lsn=21016 phase=value_index_schedule slot=0 started_ns=1790110494249097000 ended_ns=1790110494249182792 elapsed_us=85 block_gets=0 block_puts=0 deleted=0
checkpoint_phase lsn=21016 phase=value_index_schedule slot=0 started_ns=1790110494249249000 ended_ns=1790110494249349459 elapsed_us=100 block_gets=0 block_puts=0 deleted=0
checkpoint_phase lsn=21016 phase=value_index_schedule slot=0 started_ns=1790110494249811000 ended_ns=1790110494250555625 elapsed_us=744 block_gets=0 block_puts=0 deleted=0
checkpoint_phase lsn=21016 phase=value_index_schedule slot=0 started_ns=1790110494251203000 ended_ns=1790110494252200584 elapsed_us=997 block_gets=0 block_puts=0 deleted=0
checkpoint_phase lsn=21016 phase=value_index_schedule slot=0 started_ns=1790110494253213000 ended_ns=1790110494254219333 elapsed_us=1006 block_gets=0 block_puts=0 deleted=0
checkpoint_phase lsn=21016 phase=value_index_schedule slot=0 started_ns=1790110494255202000 ended_ns=1790110494256294416 elapsed_us=1092 block_gets=0 block_puts=0 deleted=0
checkpoint_phase lsn=21024 phase=value_index_schedule slot=0 started_ns=1790110494275827000 ended_ns=1790110494275912042 elapsed_us=85 block_gets=0 block_puts=0 deleted=0
checkpoint_phase lsn=21024 phase=value_index_schedule slot=0 started_ns=1790110494275968000 ended_ns=1790110494276070083 elapsed_us=102 block_gets=0 block_puts=0 deleted=0
checkpoint_phase lsn=21024 phase=value_index_schedule slot=0 started_ns=1790110494276115000 ended_ns=1790110494276755375 elapsed_us=640 block_gets=0 block_puts=0 deleted=0
checkpoint_phase lsn=21032 phase=value_index_schedule slot=0 started_ns=1790110494297183000 ended_ns=1790110494297189417 elapsed_us=6 block_gets=0 block_puts=0 deleted=0
checkpoint_phase lsn=21032 phase=value_index_schedule slot=0 started_ns=1790110494297265000 ended_ns=1790110494297370833 elapsed_us=105 block_gets=0 block_puts=0 deleted=0
checkpoint_phase lsn=21032 phase=value_index_schedule slot=0 started_ns=1790110494297436000 ended_ns=1790110494297655667 elapsed_us=219 block_gets=0 block_puts=0 deleted=0
checkpoint_phase lsn=21032 phase=value_index_schedule slot=0 started_ns=1790110494298459000 ended_ns=1790110494299469917 elapsed_us=1010 block_gets=0 block_puts=0 deleted=0
checkpoint_phase lsn=21032 phase=value_index_schedule slot=0 started_ns=1790110494300465000 ended_ns=1790110494301576541 elapsed_us=1111 block_gets=0 block_puts=0 deleted=0
checkpoint_phase lsn=21032 phase=value_index_schedule slot=0 started_ns=1790110494302789000 ended_ns=1790110494303938041 elapsed_us=1149 block_gets=0 block_puts=0 deleted=0
checkpoint_phase lsn=21040 phase=value_index_schedule slot=0 started_ns=1790110494325389000 ended_ns=1790110494325476959 elapsed_us=87 block_gets=0 block_puts=0 deleted=0
checkpoint_phase lsn=21040 phase=value_index_schedule slot=0 started_ns=1790110494325551000 ended_ns=1790110494325657458 elapsed_us=106 block_gets=0 block_puts=0 deleted=0
checkpoint_phase lsn=21048 phase=value_index_schedule slot=0 started_ns=1790110494358475000 ended_ns=1790110494358481667 elapsed_us=6 block_gets=0 block_puts=0 deleted=0
checkpoint_phase lsn=21048 phase=value_index_schedule slot=0 started_ns=1790110494358785000 ended_ns=1790110494358882250 elapsed_us=97 block_gets=0 block_puts=0 deleted=0
checkpoint_phase lsn=21048 phase=value_index_schedule slot=0 started_ns=1790110494359566000 ended_ns=1790110494360215541 elapsed_us=649 block_gets=0 block_puts=0 deleted=0
checkpoint_phase lsn=21048 phase=value_index_schedule slot=0 started_ns=1790110494360939000 ended_ns=1790110494361996667 elapsed_us=1057 block_gets=0 block_puts=0 deleted=0
checkpoint_phase lsn=21048 phase=value_index_schedule slot=0 started_ns=1790110494363153000 ended_ns=1790110494364263000 elapsed_us=1110 block_gets=0 block_puts=0 deleted=0
checkpoint_phase lsn=21060 phase=value_index_schedule slot=0 started_ns=1790110494398186000 ended_ns=1790110494398275167 elapsed_us=89 block_gets=0 block_puts=0 deleted=0
checkpoint_phase lsn=21060 phase=value_index_schedule slot=0 started_ns=1790110494398647000 ended_ns=1790110494398750209 elapsed_us=103 block_gets=0 block_puts=0 deleted=0
checkpoint_phase lsn=21064 phase=value_index_schedule slot=0 started_ns=1790110494415824000 ended_ns=1790110494415829875 elapsed_us=5 block_gets=0 block_puts=0 deleted=0
checkpoint_phase lsn=21064 phase=value_index_schedule slot=0 started_ns=1790110494415898000 ended_ns=1790110494416007708 elapsed_us=109 block_gets=0 block_puts=0 deleted=0
checkpoint_phase lsn=21064 phase=value_index_schedule slot=0 started_ns=1790110494416317000 ended_ns=1790110494417004042 elapsed_us=687 block_gets=0 block_puts=0 deleted=0
checkpoint_phase lsn=21064 phase=value_index_schedule slot=0 started_ns=1790110494417783000 ended_ns=1790110494418792459 elapsed_us=1009 block_gets=0 block_puts=0 deleted=0
checkpoint_phase lsn=21064 phase=value_index_schedule slot=0 started_ns=1790110494419834000 ended_ns=1790110494420848542 elapsed_us=1014 block_gets=0 block_puts=0 deleted=0
checkpoint_phase lsn=21072 phase=value_index_schedule slot=0 started_ns=1790110494441915000 ended_ns=1790110494442003167 elapsed_us=88 block_gets=0 block_puts=0 deleted=0
checkpoint_phase lsn=21072 phase=value_index_schedule slot=0 started_ns=1790110494442320000 ended_ns=1790110494442418500 elapsed_us=98 block_gets=0 block_puts=0 deleted=0
checkpoint_phase lsn=21076 phase=value_index_schedule slot=0 started_ns=1790110494457601000 ended_ns=1790110494457606459 elapsed_us=5 block_gets=0 block_puts=0 deleted=0
checkpoint_phase lsn=21076 phase=value_index_schedule slot=0 started_ns=1790110494457705000 ended_ns=1790110494457816083 elapsed_us=111 block_gets=0 block_puts=0 deleted=0
checkpoint_phase lsn=21076 phase=value_index_schedule slot=0 started_ns=1790110494457884000 ended_ns=1790110494458539167 elapsed_us=655 block_gets=0 block_puts=0 deleted=0
checkpoint_phase lsn=21080 phase=value_index_schedule slot=0 started_ns=1790110494475195000 ended_ns=1790110494475200791 elapsed_us=5 block_gets=0 block_puts=0 deleted=0
checkpoint_phase lsn=21080 phase=value_index_schedule slot=0 started_ns=1790110494475342000 ended_ns=1790110494475547958 elapsed_us=205 block_gets=0 block_puts=0 deleted=0
checkpoint_phase lsn=21080 phase=value_index_schedule slot=0 started_ns=1790110494476420000 ended_ns=1790110494476642625 elapsed_us=222 block_gets=0 block_puts=0 deleted=0
checkpoint_phase lsn=21080 phase=value_index_schedule slot=0 started_ns=1790110494477373000 ended_ns=1790110494478424542 elapsed_us=1051 block_gets=0 block_puts=0 deleted=0
checkpoint_phase lsn=21088 phase=value_index_schedule slot=0 started_ns=1790110494500201000 ended_ns=1790110494500289750 elapsed_us=88 block_gets=0 block_puts=0 deleted=0
checkpoint_phase lsn=21088 phase=value_index_schedule slot=0 started_ns=1790110494500353000 ended_ns=1790110494500496917 elapsed_us=143 block_gets=0 block_puts=0 deleted=0
checkpoint_phase lsn=21088 phase=value_index_schedule slot=0 started_ns=1790110494500842000 ended_ns=1790110494501570708 elapsed_us=728 block_gets=0 block_puts=0 deleted=0
checkpoint_phase lsn=21092 phase=value_index_schedule slot=0 started_ns=1790110494516143000 ended_ns=1790110494516149292 elapsed_us=6 block_gets=0 block_puts=0 deleted=0
checkpoint_phase lsn=21092 phase=value_index_schedule slot=0 started_ns=1790110494516268000 ended_ns=1790110494516372416 elapsed_us=104 block_gets=0 block_puts=0 deleted=0
checkpoint_phase lsn=21092 phase=value_index_schedule slot=0 started_ns=1790110494516425000 ended_ns=1790110494516637541 elapsed_us=212 block_gets=0 block_puts=0 deleted=0
checkpoint_phase lsn=21092 phase=value_index_schedule slot=0 started_ns=1790110494517256000 ended_ns=1790110494518265667 elapsed_us=1009 block_gets=0 block_puts=0 deleted=0
checkpoint_phase lsn=21096 phase=value_index_schedule slot=0 started_ns=1790110494534826000 ended_ns=1790110494534912916 elapsed_us=86 block_gets=0 block_puts=0 deleted=0
checkpoint_phase lsn=21096 phase=value_index_schedule slot=0 started_ns=1790110494534975000 ended_ns=1790110494535087375 elapsed_us=112 block_gets=0 block_puts=0 deleted=0
checkpoint_phase lsn=21096 phase=value_index_schedule slot=0 started_ns=1790110494535397000 ended_ns=1790110494536053708 elapsed_us=656 block_gets=0 block_puts=0 deleted=0
checkpoint_phase lsn=21100 phase=value_index_schedule slot=0 started_ns=1790110494551545000 ended_ns=1790110494551551459 elapsed_us=6 block_gets=0 block_puts=0 deleted=0
checkpoint_phase lsn=21100 phase=value_index_schedule slot=0 started_ns=1790110494551608000 ended_ns=1790110494551715708 elapsed_us=107 block_gets=0 block_puts=0 deleted=0
checkpoint_phase lsn=21100 phase=value_index_schedule slot=0 started_ns=1790110494551764000 ended_ns=1790110494551981792 elapsed_us=217 block_gets=0 block_puts=0 deleted=0
checkpoint_phase lsn=21100 phase=value_index_schedule slot=0 started_ns=1790110494552056000 ended_ns=1790110494553130042 elapsed_us=1074 block_gets=0 block_puts=0 deleted=0
checkpoint_phase lsn=21104 phase=value_index_schedule slot=0 started_ns=1790110494570654000 ended_ns=1790110494570741167 elapsed_us=87 block_gets=0 block_puts=0 deleted=0
checkpoint_phase lsn=21104 phase=value_index_schedule slot=0 started_ns=1790110494570877000 ended_ns=1790110494570988625 elapsed_us=111 block_gets=0 block_puts=0 deleted=0
checkpoint_phase lsn=21104 phase=value_index_schedule slot=0 started_ns=1790110494571894000 ended_ns=1790110494572598334 elapsed_us=704 block_gets=0 block_puts=0 deleted=0
checkpoint_phase lsn=21112 phase=value_index_schedule slot=0 started_ns=1790110494594126000 ended_ns=1790110494594137958 elapsed_us=11 block_gets=0 block_puts=0 deleted=0
checkpoint_phase lsn=21112 phase=value_index_schedule slot=0 started_ns=1790110494594243000 ended_ns=1790110494594350292 elapsed_us=107 block_gets=0 block_puts=0 deleted=0
checkpoint_phase lsn=21112 phase=value_index_schedule slot=0 started_ns=1790110494595169000 ended_ns=1790110494595383916 elapsed_us=214 block_gets=0 block_puts=0 deleted=0
checkpoint_phase lsn=21112 phase=value_index_schedule slot=0 started_ns=1790110494595448000 ended_ns=1790110494596479208 elapsed_us=1031 block_gets=0 block_puts=0 deleted=0
checkpoint_phase lsn=21116 phase=value_index_schedule slot=0 started_ns=1790110494611359000 ended_ns=1790110494611447917 elapsed_us=88 block_gets=0 block_puts=0 deleted=0
checkpoint_phase lsn=21116 phase=value_index_schedule slot=0 started_ns=1790110494611524000 ended_ns=1790110494611635041 elapsed_us=111 block_gets=0 block_puts=0 deleted=0
checkpoint_phase lsn=21116 phase=value_index_schedule slot=0 started_ns=1790110494611955000 ended_ns=1790110494612604417 elapsed_us=649 block_gets=0 block_puts=0 deleted=0
checkpoint_phase lsn=21120 phase=value_index_schedule slot=0 started_ns=1790110494630781000 ended_ns=1790110494630787458 elapsed_us=6 block_gets=0 block_puts=0 deleted=0
checkpoint_phase lsn=21120 phase=value_index_schedule slot=0 started_ns=1790110494630852000 ended_ns=1790110494630964083 elapsed_us=112 block_gets=0 block_puts=0 deleted=0
checkpoint_phase lsn=21120 phase=value_index_schedule slot=0 started_ns=1790110494631032000 ended_ns=1790110494631261416 elapsed_us=229 block_gets=0 block_puts=0 deleted=0
checkpoint_phase lsn=21120 phase=value_index_schedule slot=0 started_ns=1790110494632083000 ended_ns=1790110494633107875 elapsed_us=1024 block_gets=0 block_puts=0 deleted=0
checkpoint_phase lsn=21128 phase=value_index_schedule slot=0 started_ns=1790110494655306000 ended_ns=1790110494655390875 elapsed_us=84 block_gets=0 block_puts=0 deleted=0
checkpoint_phase lsn=21128 phase=value_index_schedule slot=0 started_ns=1790110494655446000 ended_ns=1790110494655552709 elapsed_us=106 block_gets=0 block_puts=0 deleted=0
checkpoint_phase lsn=21128 phase=value_index_schedule slot=0 started_ns=1790110494655863000 ended_ns=1790110494656622792 elapsed_us=759 block_gets=0 block_puts=0 deleted=0
checkpoint_phase lsn=21132 phase=value_index_schedule slot=0 started_ns=1790110494675076000 ended_ns=1790110494675082208 elapsed_us=6 block_gets=0 block_puts=0 deleted=0
checkpoint_phase lsn=21132 phase=value_index_schedule slot=0 started_ns=1790110494675144000 ended_ns=1790110494675248000 elapsed_us=104 block_gets=0 block_puts=0 deleted=0
checkpoint_phase lsn=21132 phase=value_index_schedule slot=0 started_ns=1790110494675591000 ended_ns=1790110494675800292 elapsed_us=209 block_gets=0 block_puts=0 deleted=0
checkpoint_phase lsn=21132 phase=value_index_schedule slot=0 started_ns=1790110494676506000 ended_ns=1790110494677498083 elapsed_us=992 block_gets=0 block_puts=0 deleted=0
checkpoint_phase lsn=21136 phase=value_index_schedule slot=0 started_ns=1790110494693596000 ended_ns=1790110494693684792 elapsed_us=88 block_gets=0 block_puts=0 deleted=0
checkpoint_phase lsn=21136 phase=value_index_schedule slot=0 started_ns=1790110494693748000 ended_ns=1790110494693852958 elapsed_us=104 block_gets=0 block_puts=0 deleted=0
checkpoint_phase lsn=21136 phase=value_index_schedule slot=0 started_ns=1790110494694180000 ended_ns=1790110494694806417 elapsed_us=626 block_gets=0 block_puts=0 deleted=0
checkpoint_phase lsn=21140 phase=value_index_schedule slot=0 started_ns=1790110494709434000 ended_ns=1790110494709439333 elapsed_us=5 block_gets=0 block_puts=0 deleted=0
checkpoint_phase lsn=21140 phase=value_index_schedule slot=0 started_ns=1790110494709503000 ended_ns=1790110494709608750 elapsed_us=105 block_gets=0 block_puts=0 deleted=0
checkpoint_phase lsn=21140 phase=value_index_schedule slot=0 started_ns=1790110494709907000 ended_ns=1790110494710107583 elapsed_us=200 block_gets=0 block_puts=0 deleted=0
checkpoint_phase lsn=21148 phase=value_index_schedule slot=0 started_ns=1790110494733260000 ended_ns=1790110494733266459 elapsed_us=6 block_gets=0 block_puts=0 deleted=0
checkpoint_phase lsn=21148 phase=value_index_schedule slot=0 started_ns=1790110494733330000 ended_ns=1790110494733442042 elapsed_us=112 block_gets=0 block_puts=0 deleted=0
checkpoint_phase lsn=21148 phase=value_index_schedule slot=0 started_ns=1790110494733753000 ended_ns=1790110494733971084 elapsed_us=218 block_gets=0 block_puts=0 deleted=0
checkpoint_phase lsn=21148 phase=value_index_schedule slot=0 started_ns=1790110494734712000 ended_ns=1790110494735741000 elapsed_us=1029 block_gets=0 block_puts=0 deleted=0
checkpoint_phase lsn=21152 phase=value_index_schedule slot=0 started_ns=1790110494753354000 ended_ns=1790110494753505333 elapsed_us=151 block_gets=0 block_puts=0 deleted=0
checkpoint_phase lsn=21152 phase=value_index_schedule slot=0 started_ns=1790110494753582000 ended_ns=1790110494753698125 elapsed_us=116 block_gets=0 block_puts=0 deleted=0
checkpoint_phase lsn=21152 phase=value_index_schedule slot=0 started_ns=1790110494754033000 ended_ns=1790110494754677500 elapsed_us=644 block_gets=0 block_puts=0 deleted=0
checkpoint_phase lsn=21156 phase=value_index_schedule slot=0 started_ns=1790110494771295000 ended_ns=1790110494771301125 elapsed_us=6 block_gets=0 block_puts=0 deleted=0
checkpoint_phase lsn=21156 phase=value_index_schedule slot=0 started_ns=1790110494771412000 ended_ns=1790110494771529875 elapsed_us=117 block_gets=0 block_puts=0 deleted=0
checkpoint_phase lsn=21156 phase=value_index_schedule slot=0 started_ns=1790110494771652000 ended_ns=1790110494771907834 elapsed_us=255 block_gets=0 block_puts=0 deleted=0
checkpoint_phase lsn=21160 phase=value_index_schedule slot=0 started_ns=1790110494786932000 ended_ns=1790110494786937792 elapsed_us=5 block_gets=0 block_puts=0 deleted=0
checkpoint_phase lsn=21160 phase=value_index_schedule slot=0 started_ns=1790110494786995000 ended_ns=1790110494787111292 elapsed_us=116 block_gets=0 block_puts=0 deleted=0
checkpoint_phase lsn=21160 phase=value_index_schedule slot=0 started_ns=1790110494787159000 ended_ns=1790110494787389458 elapsed_us=230 block_gets=0 block_puts=0 deleted=0
checkpoint_phase lsn=21160 phase=value_index_schedule slot=0 started_ns=1790110494787892000 ended_ns=1790110494788994334 elapsed_us=1102 block_gets=0 block_puts=0 deleted=0
checkpoint_phase lsn=21164 phase=value_index_schedule slot=0 started_ns=1790110494806492000 ended_ns=1790110494806578083 elapsed_us=86 block_gets=0 block_puts=0 deleted=0
checkpoint_phase lsn=21164 phase=value_index_schedule slot=0 started_ns=1790110494806641000 ended_ns=1790110494806752083 elapsed_us=111 block_gets=0 block_puts=0 deleted=0
checkpoint_phase lsn=21164 phase=value_index_schedule slot=0 started_ns=1790110494807232000 ended_ns=1790110494807841791 elapsed_us=609 block_gets=0 block_puts=0 deleted=0
checkpoint_phase lsn=21168 phase=value_index_schedule slot=0 started_ns=1790110494822993000 ended_ns=1790110494822999042 elapsed_us=6 block_gets=0 block_puts=0 deleted=0
checkpoint_phase lsn=21168 phase=value_index_schedule slot=0 started_ns=1790110494823060000 ended_ns=1790110494823168750 elapsed_us=108 block_gets=0 block_puts=0 deleted=0
checkpoint_phase lsn=21176 phase=value_index_schedule slot=0 started_ns=1790110494855115000 ended_ns=1790110494855122584 elapsed_us=7 block_gets=0 block_puts=0 deleted=0
checkpoint_phase lsn=21176 phase=value_index_schedule slot=0 started_ns=1790110494855638000 ended_ns=1790110494855753833 elapsed_us=115 block_gets=0 block_puts=0 deleted=0
checkpoint_phase lsn=21176 phase=value_index_schedule slot=0 started_ns=1790110494856152000 ended_ns=1790110494856373834 elapsed_us=221 block_gets=0 block_puts=0 deleted=0
checkpoint_phase lsn=21180 phase=value_index_schedule slot=0 started_ns=1790110494872869000 ended_ns=1790110494872874875 elapsed_us=5 block_gets=0 block_puts=0 deleted=0
checkpoint_phase lsn=21180 phase=value_index_schedule slot=0 started_ns=1790110494872994000 ended_ns=1790110494873131959 elapsed_us=137 block_gets=0 block_puts=0 deleted=0
checkpoint_phase lsn=21180 phase=value_index_schedule slot=0 started_ns=1790110494873198000 ended_ns=1790110494873426167 elapsed_us=228 block_gets=0 block_puts=0 deleted=0
checkpoint_phase lsn=21180 phase=value_index_schedule slot=0 started_ns=1790110494874222000 ended_ns=1790110494875244000 elapsed_us=1022 block_gets=0 block_puts=0 deleted=0
checkpoint_phase lsn=21184 phase=value_index_schedule slot=0 started_ns=1790110494891863000 ended_ns=1790110494891948750 elapsed_us=85 block_gets=0 block_puts=0 deleted=0
checkpoint_phase lsn=21184 phase=value_index_schedule slot=0 started_ns=1790110494892008000 ended_ns=1790110494892122791 elapsed_us=114 block_gets=0 block_puts=0 deleted=0
checkpoint_phase lsn=21192 phase=value_index_schedule slot=0 started_ns=1790110494924399000 ended_ns=1790110494924406083 elapsed_us=7 block_gets=0 block_puts=0 deleted=0
checkpoint_phase lsn=21192 phase=value_index_schedule slot=0 started_ns=1790110494924896000 ended_ns=1790110494925010708 elapsed_us=114 block_gets=0 block_puts=0 deleted=0
checkpoint_phase lsn=21192 phase=value_index_schedule slot=0 started_ns=1790110494925689000 ended_ns=1790110494926306583 elapsed_us=617 block_gets=0 block_puts=0 deleted=0
checkpoint_phase lsn=21196 phase=value_index_schedule slot=0 started_ns=1790110494943588000 ended_ns=1790110494943593917 elapsed_us=5 block_gets=0 block_puts=0 deleted=0
checkpoint_phase lsn=21196 phase=value_index_schedule slot=0 started_ns=1790110494943685000 ended_ns=1790110494943801000 elapsed_us=116 block_gets=0 block_puts=0 deleted=0
checkpoint_phase lsn=21196 phase=value_index_schedule slot=0 started_ns=1790110494943862000 ended_ns=1790110494944084750 elapsed_us=222 block_gets=0 block_puts=0 deleted=0
checkpoint_phase lsn=21200 phase=value_index_schedule slot=0 started_ns=1790110494961312000 ended_ns=1790110494961317667 elapsed_us=5 block_gets=0 block_puts=0 deleted=0
checkpoint_phase lsn=21200 phase=value_index_schedule slot=0 started_ns=1790110494961375000 ended_ns=1790110494961496708 elapsed_us=121 block_gets=0 block_puts=0 deleted=0
checkpoint_phase lsn=21200 phase=value_index_schedule slot=0 started_ns=1790110494961553000 ended_ns=1790110494961773042 elapsed_us=220 block_gets=0 block_puts=0 deleted=0
checkpoint_phase lsn=21204 phase=value_index_schedule slot=0 started_ns=1790110494978242000 ended_ns=1790110494978248500 elapsed_us=6 block_gets=0 block_puts=0 deleted=0
checkpoint_phase lsn=21208 phase=value_index_schedule slot=0 started_ns=1790110494991874000 ended_ns=1790110494991879625 elapsed_us=5 block_gets=0 block_puts=0 deleted=0
checkpoint_phase lsn=21208 phase=value_index_schedule slot=0 started_ns=1790110494992098000 ended_ns=1790110494992204208 elapsed_us=106 block_gets=0 block_puts=0 deleted=0
checkpoint_phase lsn=21208 phase=value_index_schedule slot=0 started_ns=1790110494992857000 ended_ns=1790110494993060833 elapsed_us=203 block_gets=0 block_puts=0 deleted=0
checkpoint_phase lsn=21212 phase=value_index_schedule slot=0 started_ns=1790110495007639000 ended_ns=1790110495007645250 elapsed_us=6 block_gets=0 block_puts=0 deleted=0
checkpoint_phase lsn=21212 phase=value_index_schedule slot=0 started_ns=1790110495007757000 ended_ns=1790110495007881542 elapsed_us=124 block_gets=0 block_puts=0 deleted=0
checkpoint_phase lsn=21212 phase=value_index_schedule slot=0 started_ns=1790110495008192000 ended_ns=1790110495008411667 elapsed_us=219 block_gets=0 block_puts=0 deleted=0
checkpoint_phase lsn=21216 phase=value_index_schedule slot=0 started_ns=1790110495025175000 ended_ns=1790110495025186125 elapsed_us=11 block_gets=0 block_puts=0 deleted=0
checkpoint_phase lsn=21224 phase=value_index_schedule slot=0 started_ns=1790110495059678000 ended_ns=1790110495059684500 elapsed_us=6 block_gets=0 block_puts=0 deleted=0
checkpoint_phase lsn=21224 phase=value_index_schedule slot=0 started_ns=1790110495060354000 ended_ns=1790110495060467375 elapsed_us=113 block_gets=0 block_puts=0 deleted=0
checkpoint_phase lsn=21224 phase=value_index_schedule slot=0 started_ns=1790110495060670000 ended_ns=1790110495060873375 elapsed_us=203 block_gets=0 block_puts=0 deleted=0
checkpoint_phase lsn=21228 phase=value_index_schedule slot=0 started_ns=1790110495077061000 ended_ns=1790110495077066167 elapsed_us=5 block_gets=0 block_puts=0 deleted=0
checkpoint_phase lsn=21228 phase=value_index_schedule slot=0 started_ns=1790110495077437000 ended_ns=1790110495077558375 elapsed_us=121 block_gets=0 block_puts=0 deleted=0
checkpoint_phase lsn=21232 phase=value_index_schedule slot=0 started_ns=1790110495094505000 ended_ns=1790110495094511167 elapsed_us=6 block_gets=0 block_puts=0 deleted=0
checkpoint_phase lsn=21232 phase=value_index_schedule slot=0 started_ns=1790110495094583000 ended_ns=1790110495094707875 elapsed_us=124 block_gets=0 block_puts=0 deleted=0
checkpoint_phase lsn=21232 phase=value_index_schedule slot=0 started_ns=1790110495094778000 ended_ns=1790110495094993083 elapsed_us=215 block_gets=0 block_puts=0 deleted=0
checkpoint_phase lsn=21232 phase=value_index_schedule slot=0 started_ns=1790110495095768000 ended_ns=1790110495096778959 elapsed_us=1010 block_gets=0 block_puts=0 deleted=0
checkpoint_phase lsn=21240 phase=value_index_schedule slot=0 started_ns=1790110495121504000 ended_ns=1790110495121597333 elapsed_us=93 block_gets=0 block_puts=0 deleted=0
checkpoint_phase lsn=21240 phase=value_index_schedule slot=0 started_ns=1790110495121947000 ended_ns=1790110495122066000 elapsed_us=119 block_gets=0 block_puts=0 deleted=0
checkpoint_phase lsn=21244 phase=value_index_schedule slot=0 started_ns=1790110495139884000 ended_ns=1790110495139889792 elapsed_us=5 block_gets=0 block_puts=0 deleted=0
checkpoint_phase lsn=21244 phase=value_index_schedule slot=0 started_ns=1790110495139953000 ended_ns=1790110495140066250 elapsed_us=113 block_gets=0 block_puts=0 deleted=0
checkpoint_phase lsn=21244 phase=value_index_schedule slot=0 started_ns=1790110495140341000 ended_ns=1790110495140954084 elapsed_us=613 block_gets=0 block_puts=0 deleted=0
checkpoint_phase lsn=21244 phase=value_index_schedule slot=0 started_ns=1790110495141629000 ended_ns=1790110495142630417 elapsed_us=1001 block_gets=0 block_puts=0 deleted=0
checkpoint_phase lsn=21248 phase=value_index_schedule slot=0 started_ns=1790110495156498000 ended_ns=1790110495156580375 elapsed_us=82 block_gets=0 block_puts=0 deleted=0
checkpoint_phase lsn=21248 phase=value_index_schedule slot=0 started_ns=1790110495156636000 ended_ns=1790110495156741458 elapsed_us=105 block_gets=0 block_puts=0 deleted=0
checkpoint_phase lsn=21252 phase=value_index_schedule slot=0 started_ns=1790110495171348000 ended_ns=1790110495171353958 elapsed_us=5 block_gets=0 block_puts=0 deleted=0
checkpoint_phase lsn=21252 phase=value_index_schedule slot=0 started_ns=1790110495171427000 ended_ns=1790110495171551167 elapsed_us=124 block_gets=0 block_puts=0 deleted=0
checkpoint_phase lsn=21260 phase=value_index_schedule slot=0 started_ns=1790110495204347000 ended_ns=1790110495204353834 elapsed_us=6 block_gets=0 block_puts=0 deleted=0
checkpoint_phase lsn=21260 phase=value_index_schedule slot=0 started_ns=1790110495204827000 ended_ns=1790110495204942333 elapsed_us=115 block_gets=0 block_puts=0 deleted=0
checkpoint_phase lsn=21260 phase=value_index_schedule slot=0 started_ns=1790110495205610000 ended_ns=1790110495206209375 elapsed_us=599 block_gets=0 block_puts=0 deleted=0
checkpoint_phase lsn=21260 phase=value_index_schedule slot=0 started_ns=1790110495206887000 ended_ns=1790110495207987125 elapsed_us=1100 block_gets=0 block_puts=0 deleted=0
checkpoint_phase lsn=21268 phase=value_index_schedule slot=0 started_ns=1790110495227232000 ended_ns=1790110495227319833 elapsed_us=87 block_gets=0 block_puts=0 deleted=0
checkpoint_phase lsn=21268 phase=value_index_schedule slot=0 started_ns=1790110495227381000 ended_ns=1790110495227502833 elapsed_us=121 block_gets=0 block_puts=0 deleted=0
checkpoint_phase lsn=21268 phase=value_index_schedule slot=0 started_ns=1790110495228010000 ended_ns=1790110495228584792 elapsed_us=574 block_gets=0 block_puts=0 deleted=0
checkpoint_phase lsn=21272 phase=value_index_schedule slot=0 started_ns=1790110495245550000 ended_ns=1790110495245556250 elapsed_us=6 block_gets=0 block_puts=0 deleted=0
checkpoint_phase lsn=21272 phase=value_index_schedule slot=0 started_ns=1790110495245643000 ended_ns=1790110495245769333 elapsed_us=126 block_gets=0 block_puts=0 deleted=0
checkpoint_phase lsn=21272 phase=value_index_schedule slot=0 started_ns=1790110495246101000 ended_ns=1790110495246313791 elapsed_us=212 block_gets=0 block_puts=0 deleted=0
checkpoint_phase lsn=21276 phase=value_index_schedule slot=0 started_ns=1790110495262347000 ended_ns=1790110495262353916 elapsed_us=6 block_gets=0 block_puts=0 deleted=0
checkpoint_phase lsn=21276 phase=value_index_schedule slot=0 started_ns=1790110495262429000 ended_ns=1790110495262557542 elapsed_us=128 block_gets=0 block_puts=0 deleted=0
checkpoint_phase lsn=21276 phase=value_index_schedule slot=0 started_ns=1790110495262617000 ended_ns=1790110495262874792 elapsed_us=257 block_gets=0 block_puts=0 deleted=0
checkpoint_phase lsn=21280 phase=value_index_schedule slot=0 started_ns=1790110495279157000 ended_ns=1790110495279163958 elapsed_us=6 block_gets=0 block_puts=0 deleted=0
checkpoint_phase lsn=21280 phase=value_index_schedule slot=0 started_ns=1790110495279226000 ended_ns=1790110495279353834 elapsed_us=127 block_gets=0 block_puts=0 deleted=0
checkpoint_phase lsn=21280 phase=value_index_schedule slot=0 started_ns=1790110495279410000 ended_ns=1790110495279640125 elapsed_us=230 block_gets=0 block_puts=0 deleted=0
checkpoint_phase lsn=21284 phase=value_index_schedule slot=0 started_ns=1790110495299844000 ended_ns=1790110495299850458 elapsed_us=6 block_gets=0 block_puts=0 deleted=0
checkpoint_phase lsn=21284 phase=value_index_schedule slot=0 started_ns=1790110495299925000 ended_ns=1790110495300057958 elapsed_us=132 block_gets=0 block_puts=0 deleted=0
checkpoint_phase lsn=21284 phase=value_index_schedule slot=0 started_ns=1790110495300123000 ended_ns=1790110495300363250 elapsed_us=240 block_gets=0 block_puts=0 deleted=0
checkpoint_phase lsn=21284 phase=value_index_schedule slot=0 started_ns=1790110495301149000 ended_ns=1790110495302240584 elapsed_us=1091 block_gets=0 block_puts=0 deleted=0
checkpoint_phase lsn=21288 phase=value_index_schedule slot=0 started_ns=1790110495318321000 ended_ns=1790110495318407500 elapsed_us=86 block_gets=0 block_puts=0 deleted=0
checkpoint_phase lsn=21288 phase=value_index_schedule slot=0 started_ns=1790110495318469000 ended_ns=1790110495318596458 elapsed_us=127 block_gets=0 block_puts=0 deleted=0
checkpoint_phase lsn=21292 phase=value_index_schedule slot=0 started_ns=1790110495335225000 ended_ns=1790110495335230000 elapsed_us=5 block_gets=0 block_puts=0 deleted=0
checkpoint_phase lsn=21296 phase=value_index_schedule slot=0 started_ns=1790110495349775000 ended_ns=1790110495349780666 elapsed_us=5 block_gets=0 block_puts=0 deleted=0
checkpoint_phase lsn=21296 phase=value_index_schedule slot=0 started_ns=1790110495349849000 ended_ns=1790110495349975958 elapsed_us=126 block_gets=0 block_puts=0 deleted=0
checkpoint_phase lsn=21296 phase=value_index_schedule slot=0 started_ns=1790110495350303000 ended_ns=1790110495350867625 elapsed_us=564 block_gets=0 block_puts=0 deleted=0
checkpoint_phase lsn=21300 phase=value_index_schedule slot=0 started_ns=1790110495368359000 ended_ns=1790110495368365833 elapsed_us=6 block_gets=0 block_puts=0 deleted=0
checkpoint_phase lsn=21300 phase=value_index_schedule slot=0 started_ns=1790110495368433000 ended_ns=1790110495368571791 elapsed_us=138 block_gets=0 block_puts=0 deleted=0
checkpoint_phase lsn=21300 phase=value_index_schedule slot=0 started_ns=1790110495368925000 ended_ns=1790110495369141458 elapsed_us=216 block_gets=0 block_puts=0 deleted=0
checkpoint_phase lsn=21300 phase=value_index_schedule slot=0 started_ns=1790110495369842000 ended_ns=1790110495370863292 elapsed_us=1021 block_gets=0 block_puts=0 deleted=0
checkpoint_phase lsn=21304 phase=value_index_schedule slot=0 started_ns=1790110495391018000 ended_ns=1790110495391102500 elapsed_us=84 block_gets=0 block_puts=0 deleted=0
checkpoint_phase lsn=21304 phase=value_index_schedule slot=0 started_ns=1790110495391157000 ended_ns=1790110495391287500 elapsed_us=130 block_gets=0 block_puts=0 deleted=0
checkpoint_phase lsn=21312 phase=value_index_schedule slot=0 started_ns=1790110495420859000 ended_ns=1790110495420865750 elapsed_us=6 block_gets=0 block_puts=0 deleted=0
checkpoint_phase lsn=21316 phase=value_index_schedule slot=0 started_ns=1790110495436350000 ended_ns=1790110495436355166 elapsed_us=5 block_gets=0 block_puts=0 deleted=0
checkpoint_phase lsn=21316 phase=value_index_schedule slot=0 started_ns=1790110495436893000 ended_ns=1790110495437011209 elapsed_us=118 block_gets=0 block_puts=0 deleted=0
checkpoint_phase lsn=21316 phase=value_index_schedule slot=0 started_ns=1790110495437673000 ended_ns=1790110495438257416 elapsed_us=584 block_gets=0 block_puts=0 deleted=0
checkpoint_phase lsn=21320 phase=value_index_schedule slot=0 started_ns=1790110495454300000 ended_ns=1790110495454305500 elapsed_us=5 block_gets=0 block_puts=0 deleted=0
checkpoint_phase lsn=21320 phase=value_index_schedule slot=0 started_ns=1790110495454373000 ended_ns=1790110495454507708 elapsed_us=134 block_gets=0 block_puts=0 deleted=0
checkpoint_phase lsn=21320 phase=value_index_schedule slot=0 started_ns=1790110495454993000 ended_ns=1790110495455214667 elapsed_us=221 block_gets=0 block_puts=0 deleted=0
checkpoint_phase lsn=21328 phase=value_index_schedule slot=0 started_ns=1790110495473659000 ended_ns=1790110495473665208 elapsed_us=6 block_gets=0 block_puts=0 deleted=0
checkpoint_phase lsn=21328 phase=value_index_schedule slot=0 started_ns=1790110495473739000 ended_ns=1790110495473868334 elapsed_us=129 block_gets=0 block_puts=0 deleted=0
checkpoint_phase lsn=21328 phase=value_index_schedule slot=0 started_ns=1790110495474334000 ended_ns=1790110495474546500 elapsed_us=212 block_gets=0 block_puts=0 deleted=0
checkpoint_phase lsn=21332 phase=value_index_schedule slot=0 started_ns=1790110495490309000 ended_ns=1790110495490314834 elapsed_us=5 block_gets=0 block_puts=0 deleted=0
checkpoint_phase lsn=21332 phase=value_index_schedule slot=0 started_ns=1790110495490383000 ended_ns=1790110495490513208 elapsed_us=130 block_gets=0 block_puts=0 deleted=0
checkpoint_phase lsn=21332 phase=value_index_schedule slot=0 started_ns=1790110495490574000 ended_ns=1790110495490787792 elapsed_us=213 block_gets=0 block_puts=0 deleted=0
checkpoint_phase lsn=21332 phase=value_index_schedule slot=0 started_ns=1790110495491605000 ended_ns=1790110495492642167 elapsed_us=1037 block_gets=0 block_puts=0 deleted=0
checkpoint_phase lsn=21336 phase=value_index_schedule slot=0 started_ns=1790110495507954000 ended_ns=1790110495508038375 elapsed_us=84 block_gets=0 block_puts=0 deleted=0
checkpoint_phase lsn=21336 phase=value_index_schedule slot=0 started_ns=1790110495508095000 ended_ns=1790110495508225166 elapsed_us=130 block_gets=0 block_puts=0 deleted=0
checkpoint_phase lsn=21336 phase=value_index_schedule slot=0 started_ns=1790110495508274000 ended_ns=1790110495508918917 elapsed_us=644 block_gets=0 block_puts=0 deleted=0
checkpoint_phase lsn=21344 phase=value_index_schedule slot=0 started_ns=1790110495531146000 ended_ns=1790110495531152417 elapsed_us=6 block_gets=0 block_puts=0 deleted=0
checkpoint_phase lsn=21344 phase=value_index_schedule slot=0 started_ns=1790110495531226000 ended_ns=1790110495531360500 elapsed_us=134 block_gets=0 block_puts=0 deleted=0
checkpoint_phase lsn=21344 phase=value_index_schedule slot=0 started_ns=1790110495532054000 ended_ns=1790110495532272125 elapsed_us=218 block_gets=0 block_puts=0 deleted=0
checkpoint_phase lsn=21344 phase=value_index_schedule slot=0 started_ns=1790110495532991000 ended_ns=1790110495534005584 elapsed_us=1014 block_gets=0 block_puts=0 deleted=0
checkpoint_phase lsn=21348 phase=value_index_schedule slot=0 started_ns=1790110495547604000 ended_ns=1790110495547692000 elapsed_us=88 block_gets=0 block_puts=0 deleted=0
checkpoint_phase lsn=21348 phase=value_index_schedule slot=0 started_ns=1790110495547762000 ended_ns=1790110495547897834 elapsed_us=135 block_gets=0 block_puts=0 deleted=0
checkpoint_phase lsn=21348 phase=value_index_schedule slot=0 started_ns=1790110495548214000 ended_ns=1790110495548825541 elapsed_us=611 block_gets=0 block_puts=0 deleted=0
checkpoint_phase lsn=21356 phase=value_index_schedule slot=0 started_ns=1790110495570400000 ended_ns=1790110495570405875 elapsed_us=5 block_gets=0 block_puts=0 deleted=0
checkpoint_phase lsn=21356 phase=value_index_schedule slot=0 started_ns=1790110495570467000 ended_ns=1790110495570597208 elapsed_us=130 block_gets=0 block_puts=0 deleted=0
checkpoint_phase lsn=21356 phase=value_index_schedule slot=0 started_ns=1790110495571357000 ended_ns=1790110495571581625 elapsed_us=224 block_gets=0 block_puts=0 deleted=0
checkpoint_phase lsn=21360 phase=value_index_schedule slot=0 started_ns=1790110495586768000 ended_ns=1790110495586773125 elapsed_us=5 block_gets=0 block_puts=0 deleted=0
checkpoint_phase lsn=21360 phase=value_index_schedule slot=0 started_ns=1790110495586984000 ended_ns=1790110495587110125 elapsed_us=126 block_gets=0 block_puts=0 deleted=0
checkpoint_phase lsn=21360 phase=value_index_schedule slot=0 started_ns=1790110495587777000 ended_ns=1790110495587992125 elapsed_us=215 block_gets=0 block_puts=0 deleted=0
checkpoint_phase lsn=21360 phase=value_index_schedule slot=0 started_ns=1790110495588046000 ended_ns=1790110495589034542 elapsed_us=988 block_gets=0 block_puts=0 deleted=0
checkpoint_phase lsn=21364 phase=value_index_schedule slot=0 started_ns=1790110495606289000 ended_ns=1790110495606375458 elapsed_us=86 block_gets=0 block_puts=0 deleted=0
checkpoint_phase lsn=21364 phase=value_index_schedule slot=0 started_ns=1790110495606442000 ended_ns=1790110495606571666 elapsed_us=129 block_gets=0 block_puts=0 deleted=0
checkpoint_phase lsn=21372 phase=value_index_schedule slot=0 started_ns=1790110495638780000 ended_ns=1790110495638786875 elapsed_us=6 block_gets=0 block_puts=0 deleted=0
checkpoint_phase lsn=21376 phase=value_index_schedule slot=0 started_ns=1790110495651946000 ended_ns=1790110495651951125 elapsed_us=5 block_gets=0 block_puts=0 deleted=0
checkpoint_phase lsn=21376 phase=value_index_schedule slot=0 started_ns=1790110495652518000 ended_ns=1790110495652640500 elapsed_us=122 block_gets=0 block_puts=0 deleted=0
checkpoint_phase lsn=21376 phase=value_index_schedule slot=0 started_ns=1790110495653153000 ended_ns=1790110495653736667 elapsed_us=583 block_gets=0 block_puts=0 deleted=0
checkpoint_phase lsn=21380 phase=value_index_schedule slot=0 started_ns=1790110495667772000 ended_ns=1790110495667778708 elapsed_us=6 block_gets=0 block_puts=0 deleted=0
checkpoint_phase lsn=21380 phase=value_index_schedule slot=0 started_ns=1790110495667859000 ended_ns=1790110495667993666 elapsed_us=134 block_gets=0 block_puts=0 deleted=0
checkpoint_phase lsn=21380 phase=value_index_schedule slot=0 started_ns=1790110495668296000 ended_ns=1790110495668515917 elapsed_us=219 block_gets=0 block_puts=0 deleted=0
checkpoint_phase lsn=21384 phase=value_index_schedule slot=0 started_ns=1790110495683485000 ended_ns=1790110495683490541 elapsed_us=5 block_gets=0 block_puts=0 deleted=0
checkpoint_phase lsn=21384 phase=value_index_schedule slot=0 started_ns=1790110495683558000 ended_ns=1790110495683692542 elapsed_us=134 block_gets=0 block_puts=0 deleted=0
checkpoint_phase lsn=21384 phase=value_index_schedule slot=0 started_ns=1790110495683761000 ended_ns=1790110495683988834 elapsed_us=227 block_gets=0 block_puts=0 deleted=0
checkpoint_phase lsn=21392 phase=value_index_schedule slot=0 started_ns=1790110495706644000 ended_ns=1790110495706650875 elapsed_us=6 block_gets=0 block_puts=0 deleted=0
checkpoint_phase lsn=21392 phase=value_index_schedule slot=0 started_ns=1790110495706713000 ended_ns=1790110495706842542 elapsed_us=129 block_gets=0 block_puts=0 deleted=0
checkpoint_phase lsn=21392 phase=value_index_schedule slot=0 started_ns=1790110495707305000 ended_ns=1790110495707516000 elapsed_us=211 block_gets=0 block_puts=0 deleted=0
checkpoint_phase lsn=21392 phase=value_index_schedule slot=0 started_ns=1790110495708190000 ended_ns=1790110495709273542 elapsed_us=1083 block_gets=0 block_puts=0 deleted=0
checkpoint_phase lsn=21392 phase=value_index_schedule slot=0 started_ns=1790110495710403000 ended_ns=1790110495711418917 elapsed_us=1015 block_gets=0 block_puts=0 deleted=0
checkpoint_phase lsn=21396 phase=value_index_schedule slot=0 started_ns=1790110495726929000 ended_ns=1790110495727013958 elapsed_us=84 block_gets=0 block_puts=0 deleted=0
checkpoint_phase lsn=21396 phase=value_index_schedule slot=0 started_ns=1790110495727069000 ended_ns=1790110495727196958 elapsed_us=127 block_gets=0 block_puts=0 deleted=0
checkpoint_phase lsn=21408 phase=value_index_schedule slot=0 started_ns=1790110495754355000 ended_ns=1790110495754361041 elapsed_us=6 block_gets=0 block_puts=0 deleted=0
checkpoint_phase lsn=21408 phase=value_index_schedule slot=0 started_ns=1790110495754431000 ended_ns=1790110495754570750 elapsed_us=139 block_gets=0 block_puts=0 deleted=0
checkpoint_phase lsn=21408 phase=value_index_schedule slot=0 started_ns=1790110495755080000 ended_ns=1790110495755674459 elapsed_us=594 block_gets=0 block_puts=0 deleted=0
checkpoint_phase lsn=21408 phase=value_index_schedule slot=0 started_ns=1790110495756382000 ended_ns=1790110495757387041 elapsed_us=1005 block_gets=0 block_puts=0 deleted=0
checkpoint_phase lsn=21408 phase=value_index_schedule slot=0 started_ns=1790110495758397000 ended_ns=1790110495759418708 elapsed_us=1021 block_gets=0 block_puts=0 deleted=0
checkpoint_phase lsn=21408 phase=value_index_schedule slot=0 started_ns=1790110495760467000 ended_ns=1790110495761547875 elapsed_us=1080 block_gets=0 block_puts=0 deleted=0
checkpoint_phase lsn=21420 phase=value_index_schedule slot=0 started_ns=1790110495788965000 ended_ns=1790110495789052166 elapsed_us=87 block_gets=0 block_puts=0 deleted=0
checkpoint_phase lsn=21420 phase=value_index_schedule slot=0 started_ns=1790110495789116000 ended_ns=1790110495789246458 elapsed_us=130 block_gets=0 block_puts=0 deleted=0
checkpoint_phase lsn=21424 phase=value_index_schedule slot=0 started_ns=1790110495809164000 ended_ns=1790110495809170000 elapsed_us=6 block_gets=0 block_puts=0 deleted=0
checkpoint_phase lsn=21424 phase=value_index_schedule slot=0 started_ns=1790110495809236000 ended_ns=1790110495809361791 elapsed_us=125 block_gets=0 block_puts=0 deleted=0
checkpoint_phase lsn=21424 phase=value_index_schedule slot=0 started_ns=1790110495809452000 ended_ns=1790110495810048458 elapsed_us=596 block_gets=0 block_puts=0 deleted=0
checkpoint_phase lsn=21424 phase=value_index_schedule slot=0 started_ns=1790110495810883000 ended_ns=1790110495811893834 elapsed_us=1010 block_gets=0 block_puts=0 deleted=0
checkpoint_phase lsn=21424 phase=value_index_schedule slot=0 started_ns=1790110495812944000 ended_ns=1790110495813964125 elapsed_us=1020 block_gets=0 block_puts=0 deleted=0
checkpoint_phase lsn=21424 phase=value_index_schedule slot=0 started_ns=1790110495815051000 ended_ns=1790110495816285083 elapsed_us=1234 block_gets=0 block_puts=0 deleted=0
checkpoint_phase lsn=21436 phase=value_index_schedule slot=0 started_ns=1790110495842815000 ended_ns=1790110495842898833 elapsed_us=83 block_gets=0 block_puts=0 deleted=0
checkpoint_phase lsn=21436 phase=value_index_schedule slot=0 started_ns=1790110495842959000 ended_ns=1790110495843083041 elapsed_us=124 block_gets=0 block_puts=0 deleted=0
checkpoint_phase lsn=21440 phase=value_index_schedule slot=0 started_ns=1790110495857705000 ended_ns=1790110495857711333 elapsed_us=6 block_gets=0 block_puts=0 deleted=0
checkpoint_phase lsn=21440 phase=value_index_schedule slot=0 started_ns=1790110495857768000 ended_ns=1790110495857915291 elapsed_us=147 block_gets=0 block_puts=0 deleted=0
checkpoint_phase lsn=21440 phase=value_index_schedule slot=0 started_ns=1790110495857984000 ended_ns=1790110495858605209 elapsed_us=621 block_gets=0 block_puts=0 deleted=0
checkpoint_phase lsn=21440 phase=value_index_schedule slot=0 started_ns=1790110495859886000 ended_ns=1790110495860990417 elapsed_us=1104 block_gets=0 block_puts=0 deleted=0
checkpoint_phase lsn=21440 phase=value_index_schedule slot=0 started_ns=1790110495862152000 ended_ns=1790110495863187417 elapsed_us=1035 block_gets=0 block_puts=0 deleted=0
checkpoint_phase lsn=21440 phase=value_index_schedule slot=0 started_ns=1790110495864309000 ended_ns=1790110495865423250 elapsed_us=1114 block_gets=0 block_puts=0 deleted=0
checkpoint_phase lsn=21440 phase=value_index_schedule slot=0 started_ns=1790110495865502000 ended_ns=1790110495868228583 elapsed_us=2726 block_gets=0 block_puts=0 deleted=0
checkpoint_phase lsn=21452 phase=value_index_schedule slot=0 started_ns=1790110495900179000 ended_ns=1790110495900270375 elapsed_us=91 block_gets=0 block_puts=0 deleted=0
checkpoint_phase lsn=21452 phase=value_index_schedule slot=0 started_ns=1790110495900683000 ended_ns=1790110495900852375 elapsed_us=169 block_gets=0 block_puts=0 deleted=0
checkpoint_phase lsn=21456 phase=value_index_schedule slot=0 started_ns=1790110495915899000 ended_ns=1790110495915905000 elapsed_us=6 block_gets=0 block_puts=0 deleted=0
checkpoint_phase lsn=21456 phase=value_index_schedule slot=0 started_ns=1790110495915969000 ended_ns=1790110495916112500 elapsed_us=143 block_gets=0 block_puts=0 deleted=0
checkpoint_phase lsn=21456 phase=value_index_schedule slot=0 started_ns=1790110495916430000 ended_ns=1790110495917077709 elapsed_us=647 block_gets=0 block_puts=0 deleted=0
checkpoint_phase lsn=21456 phase=value_index_schedule slot=0 started_ns=1790110495917831000 ended_ns=1790110495918827458 elapsed_us=996 block_gets=0 block_puts=0 deleted=0
checkpoint_phase lsn=21456 phase=value_index_schedule slot=0 started_ns=1790110495919852000 ended_ns=1790110495920880458 elapsed_us=1028 block_gets=0 block_puts=0 deleted=0
checkpoint_phase lsn=21460 phase=value_index_schedule slot=0 started_ns=1790110495935813000 ended_ns=1790110495935899375 elapsed_us=86 block_gets=0 block_puts=0 deleted=0
checkpoint_phase lsn=21460 phase=value_index_schedule slot=0 started_ns=1790110495935959000 ended_ns=1790110495936088042 elapsed_us=129 block_gets=0 block_puts=0 deleted=0
checkpoint_phase lsn=21472 phase=value_index_schedule slot=0 started_ns=1790110495963629000 ended_ns=1790110495963635250 elapsed_us=6 block_gets=0 block_puts=0 deleted=0
checkpoint_phase lsn=21472 phase=value_index_schedule slot=0 started_ns=1790110495963712000 ended_ns=1790110495963856125 elapsed_us=144 block_gets=0 block_puts=0 deleted=0
checkpoint_phase lsn=21472 phase=value_index_schedule slot=0 started_ns=1790110495964562000 ended_ns=1790110495965173125 elapsed_us=611 block_gets=0 block_puts=0 deleted=0
checkpoint_phase lsn=21472 phase=value_index_schedule slot=0 started_ns=1790110495965965000 ended_ns=1790110495967101375 elapsed_us=1136 block_gets=0 block_puts=0 deleted=0
checkpoint_phase lsn=21472 phase=value_index_schedule slot=0 started_ns=1790110495968247000 ended_ns=1790110495969334208 elapsed_us=1087 block_gets=0 block_puts=0 deleted=0
checkpoint_phase lsn=21472 phase=value_index_schedule slot=0 started_ns=1790110495970423000 ended_ns=1790110495971447333 elapsed_us=1024 block_gets=0 block_puts=0 deleted=0
checkpoint_phase lsn=21488 phase=value_index_schedule slot=0 started_ns=1790110496003101000 ended_ns=1790110496003189458 elapsed_us=88 block_gets=0 block_puts=0 deleted=0
checkpoint_phase lsn=21488 phase=value_index_schedule slot=0 started_ns=1790110496003245000 ended_ns=1790110496003407083 elapsed_us=162 block_gets=0 block_puts=0 deleted=0
checkpoint_phase lsn=21488 phase=value_index_schedule slot=0 started_ns=1790110496003457000 ended_ns=1790110496004082292 elapsed_us=625 block_gets=0 block_puts=0 deleted=0
checkpoint_phase lsn=21488 phase=value_index_schedule slot=0 started_ns=1790110496005026000 ended_ns=1790110496006077917 elapsed_us=1051 block_gets=0 block_puts=0 deleted=0
checkpoint_phase lsn=21488 phase=value_index_schedule slot=0 started_ns=1790110496007212000 ended_ns=1790110496008227084 elapsed_us=1015 block_gets=0 block_puts=0 deleted=0
checkpoint_phase lsn=21488 phase=value_index_schedule slot=0 started_ns=1790110496009265000 ended_ns=1790110496010277625 elapsed_us=1012 block_gets=0 block_puts=0 deleted=0
checkpoint_phase lsn=21488 phase=value_index_schedule slot=0 started_ns=1790110496011301000 ended_ns=1790110496013823459 elapsed_us=2522 block_gets=0 block_puts=0 deleted=0
checkpoint_phase lsn=21504 phase=value_index_schedule slot=0 started_ns=1790110496047789000 ended_ns=1790110496047873375 elapsed_us=84 block_gets=0 block_puts=0 deleted=0
checkpoint_phase lsn=21504 phase=value_index_schedule slot=0 started_ns=1790110496048193000 ended_ns=1790110496048328958 elapsed_us=135 block_gets=0 block_puts=0 deleted=0
checkpoint_phase lsn=21504 phase=value_index_schedule slot=0 started_ns=1790110496049138000 ended_ns=1790110496049753750 elapsed_us=615 block_gets=0 block_puts=0 deleted=0
checkpoint_phase lsn=21504 phase=value_index_schedule slot=0 started_ns=1790110496050454000 ended_ns=1790110496051442125 elapsed_us=988 block_gets=0 block_puts=0 deleted=0
checkpoint_phase lsn=21504 phase=value_index_schedule slot=0 started_ns=1790110496052458000 ended_ns=1790110496053457042 elapsed_us=999 block_gets=0 block_puts=0 deleted=0
checkpoint_phase lsn=21508 phase=value_index_schedule slot=0 started_ns=1790110496069433000 ended_ns=1790110496069517750 elapsed_us=84 block_gets=0 block_puts=0 deleted=0
checkpoint_phase lsn=21520 phase=value_index_schedule slot=0 started_ns=1790110496092384000 ended_ns=1790110496092389500 elapsed_us=5 block_gets=0 block_puts=0 deleted=0
checkpoint_phase lsn=21520 phase=value_index_schedule slot=0 started_ns=1790110496092447000 ended_ns=1790110496092585250 elapsed_us=138 block_gets=0 block_puts=0 deleted=0
checkpoint_phase lsn=21520 phase=value_index_schedule slot=0 started_ns=1790110496093399000 ended_ns=1790110496093974584 elapsed_us=575 block_gets=0 block_puts=0 deleted=0
checkpoint_phase lsn=21520 phase=value_index_schedule slot=0 started_ns=1790110496094669000 ended_ns=1790110496095720041 elapsed_us=1051 block_gets=0 block_puts=0 deleted=0
checkpoint_phase lsn=21520 phase=value_index_schedule slot=0 started_ns=1790110496096868000 ended_ns=1790110496097889000 elapsed_us=1021 block_gets=0 block_puts=0 deleted=0
checkpoint_phase lsn=21524 phase=value_index_schedule slot=0 started_ns=1790110496114079000 ended_ns=1790110496114163834 elapsed_us=84 block_gets=0 block_puts=0 deleted=0
checkpoint_phase lsn=21524 phase=value_index_schedule slot=0 started_ns=1790110496114219000 ended_ns=1790110496114388750 elapsed_us=169 block_gets=0 block_puts=0 deleted=0
checkpoint_phase lsn=21536 phase=value_index_schedule slot=0 started_ns=1790110496149577000 ended_ns=1790110496149583250 elapsed_us=6 block_gets=0 block_puts=0 deleted=0
checkpoint_phase lsn=21536 phase=value_index_schedule slot=0 started_ns=1790110496149664000 ended_ns=1790110496149812667 elapsed_us=148 block_gets=0 block_puts=0 deleted=0
checkpoint_phase lsn=21536 phase=value_index_schedule slot=0 started_ns=1790110496149877000 ended_ns=1790110496150475042 elapsed_us=598 block_gets=0 block_puts=0 deleted=0
checkpoint_phase lsn=21536 phase=value_index_schedule slot=0 started_ns=1790110496150532000 ended_ns=1790110496151556584 elapsed_us=1024 block_gets=0 block_puts=0 deleted=0
checkpoint_phase lsn=21536 phase=value_index_schedule slot=0 started_ns=1790110496151608000 ended_ns=1790110496152642375 elapsed_us=1034 block_gets=0 block_puts=0 deleted=0
checkpoint_phase lsn=21536 phase=value_index_schedule slot=0 started_ns=1790110496152691000 ended_ns=1790110496153716084 elapsed_us=1025 block_gets=0 block_puts=0 deleted=0
checkpoint_phase lsn=21536 phase=value_index_schedule slot=0 started_ns=1790110496153774000 ended_ns=1790110496156314458 elapsed_us=2540 block_gets=0 block_puts=0 deleted=0
checkpoint_phase lsn=21536 phase=value_index_schedule slot=0 started_ns=1790110496156369000 ended_ns=1790110496158730917 elapsed_us=2361 block_gets=0 block_puts=0 deleted=0
checkpoint_phase lsn=21536 phase=value_index_schedule slot=0 started_ns=1790110496158804000 ended_ns=1790110496158834916 elapsed_us=30 block_gets=0 block_puts=0 deleted=0
checkpoint_phase lsn=21536 phase=value_index_schedule slot=0 started_ns=1790110496158890000 ended_ns=1790110496158912500 elapsed_us=22 block_gets=0 block_puts=0 deleted=0
checkpoint_phase lsn=21536 phase=value_index_schedule slot=0 started_ns=1790110496158969000 ended_ns=1790110496158993125 elapsed_us=24 block_gets=0 block_puts=0 deleted=0
checkpoint_phase lsn=21536 phase=value_index_schedule slot=0 started_ns=1790110496159046000 ended_ns=1790110496163884792 elapsed_us=4838 block_gets=0 block_puts=1 deleted=0
checkpoint_phase lsn=21536 phase=value_index_schedule slot=0 started_ns=1790110496163948000 ended_ns=1790110496177356709 elapsed_us=13408 block_gets=0 block_puts=4 deleted=0
checkpoint_phase lsn=21536 phase=value_index_schedule slot=0 started_ns=1790110496177423000 ended_ns=1790110496180164417 elapsed_us=2741 block_gets=0 block_puts=0 deleted=0
checkpoint_phase lsn=21536 phase=value_index_schedule slot=0 started_ns=1790110496180241000 ended_ns=1790110496182959584 elapsed_us=2718 block_gets=0 block_puts=0 deleted=0
checkpoint_phase lsn=21536 phase=value_index_schedule slot=0 started_ns=1790110496183036000 ended_ns=1790110496209600583 elapsed_us=26564 block_gets=8 block_puts=0 deleted=0
checkpoint_phase lsn=21536 phase=value_index_schedule slot=0 started_ns=1790110496209676000 ended_ns=1790110496236620459 elapsed_us=26944 block_gets=8 block_puts=0 deleted=0
checkpoint_phase lsn=21536 phase=value_index_schedule slot=0 started_ns=1790110496236693000 ended_ns=1790110496262884125 elapsed_us=26191 block_gets=8 block_puts=0 deleted=0
checkpoint_phase lsn=21536 phase=value_index_schedule slot=0 started_ns=1790110496262993000 ended_ns=1790110496288701584 elapsed_us=25708 block_gets=8 block_puts=0 deleted=0
checkpoint_phase lsn=21536 phase=value_index_schedule slot=0 started_ns=1790110496288821000 ended_ns=1790110496313546000 elapsed_us=24725 block_gets=8 block_puts=0 deleted=0
checkpoint_phase lsn=21536 phase=value_index_schedule slot=0 started_ns=1790110496313789000 ended_ns=1790110496339163500 elapsed_us=25374 block_gets=8 block_puts=0 deleted=0
checkpoint_phase lsn=21536 phase=value_index_schedule slot=0 started_ns=1790110496339261000 ended_ns=1790110496362345333 elapsed_us=23084 block_gets=8 block_puts=0 deleted=0
checkpoint_phase lsn=21536 phase=value_index_schedule slot=0 started_ns=1790110496362417000 ended_ns=1790110496388677167 elapsed_us=26260 block_gets=8 block_puts=0 deleted=0
checkpoint_phase lsn=21536 phase=value_index_schedule slot=0 started_ns=1790110496388754000 ended_ns=1790110496413926958 elapsed_us=25172 block_gets=8 block_puts=0 deleted=0
checkpoint_phase lsn=21536 phase=value_index_schedule slot=0 started_ns=1790110496414046000 ended_ns=1790110496439211334 elapsed_us=25165 block_gets=8 block_puts=0 deleted=0
checkpoint_phase lsn=21536 phase=value_index_schedule slot=0 started_ns=1790110496439269000 ended_ns=1790110496465531917 elapsed_us=26262 block_gets=8 block_puts=0 deleted=0
checkpoint_phase lsn=21536 phase=value_index_schedule slot=0 started_ns=1790110496465545000 ended_ns=1790110496489849041 elapsed_us=24304 block_gets=8 block_puts=0 deleted=0
checkpoint_phase lsn=21536 phase=value_index_schedule slot=0 started_ns=1790110496489867000 ended_ns=1790110496513417208 elapsed_us=23550 block_gets=8 block_puts=0 deleted=0
checkpoint_phase lsn=21536 phase=value_index_schedule slot=0 started_ns=1790110496513435000 ended_ns=1790110496539147750 elapsed_us=25712 block_gets=8 block_puts=0 deleted=0
checkpoint_phase lsn=21536 phase=value_index_schedule slot=0 started_ns=1790110496539163000 ended_ns=1790110496564604583 elapsed_us=25441 block_gets=8 block_puts=0 deleted=0
checkpoint_phase lsn=21536 phase=value_index_schedule slot=0 started_ns=1790110496564619000 ended_ns=1790110496589608541 elapsed_us=24989 block_gets=8 block_puts=0 deleted=0
checkpoint_phase lsn=21536 phase=value_index_schedule slot=0 started_ns=1790110496589621000 ended_ns=1790110496614944834 elapsed_us=25323 block_gets=8 block_puts=0 deleted=0
checkpoint_phase lsn=21536 phase=value_index_schedule slot=0 started_ns=1790110496614957000 ended_ns=1790110496640846500 elapsed_us=25889 block_gets=8 block_puts=0 deleted=0
checkpoint_phase lsn=21536 phase=value_index_schedule slot=0 started_ns=1790110496640858000 ended_ns=1790110496667173541 elapsed_us=26315 block_gets=8 block_puts=0 deleted=0
checkpoint_phase lsn=21536 phase=value_index_schedule slot=0 started_ns=1790110496667190000 ended_ns=1790110496694542250 elapsed_us=27352 block_gets=8 block_puts=0 deleted=0
checkpoint_phase lsn=21536 phase=value_index_schedule slot=0 started_ns=1790110496694564000 ended_ns=1790110496721364500 elapsed_us=26800 block_gets=8 block_puts=0 deleted=0
checkpoint_phase lsn=21536 phase=value_index_schedule slot=0 started_ns=1790110496721383000 ended_ns=1790110496746231333 elapsed_us=24848 block_gets=8 block_puts=0 deleted=0
checkpoint_phase lsn=21536 phase=value_index_schedule slot=0 started_ns=1790110496746244000 ended_ns=1790110496772382792 elapsed_us=26138 block_gets=8 block_puts=0 deleted=0
checkpoint_phase lsn=21536 phase=value_index_schedule slot=0 started_ns=1790110496772397000 ended_ns=1790110496799552250 elapsed_us=27155 block_gets=8 block_puts=0 deleted=0
checkpoint_phase lsn=21536 phase=value_index_schedule slot=0 started_ns=1790110496799569000 ended_ns=1790110496826819709 elapsed_us=27250 block_gets=8 block_puts=0 deleted=0
checkpoint_phase lsn=21536 phase=value_index_schedule slot=0 started_ns=1790110496826839000 ended_ns=1790110496852298125 elapsed_us=25459 block_gets=8 block_puts=0 deleted=0
checkpoint_phase lsn=21536 phase=value_index_schedule slot=0 started_ns=1790110496852314000 ended_ns=1790110496877435917 elapsed_us=25121 block_gets=8 block_puts=0 deleted=0
checkpoint_phase lsn=21536 phase=value_index_schedule slot=0 started_ns=1790110496877450000 ended_ns=1790110496903508417 elapsed_us=26058 block_gets=8 block_puts=0 deleted=0
checkpoint_phase lsn=21536 phase=value_index_schedule slot=0 started_ns=1790110496903526000 ended_ns=1790110496927788583 elapsed_us=24262 block_gets=8 block_puts=0 deleted=0
checkpoint_phase lsn=21536 phase=value_index_schedule slot=0 started_ns=1790110496927804000 ended_ns=1790110496955341875 elapsed_us=27537 block_gets=8 block_puts=0 deleted=0
checkpoint_phase lsn=21536 phase=value_index_schedule slot=0 started_ns=1790110496955355000 ended_ns=1790110496981473208 elapsed_us=26118 block_gets=8 block_puts=0 deleted=0
checkpoint_phase lsn=21536 phase=value_index_schedule slot=0 started_ns=1790110496981487000 ended_ns=1790110497008273834 elapsed_us=26786 block_gets=8 block_puts=0 deleted=0
checkpoint_phase lsn=21536 phase=value_index_schedule slot=0 started_ns=1790110497008290000 ended_ns=1790110497030158625 elapsed_us=21868 block_gets=8 block_puts=0 deleted=0
checkpoint_phase lsn=21536 phase=value_index_schedule slot=0 started_ns=1790110497030205000 ended_ns=1790110497057914208 elapsed_us=27709 block_gets=8 block_puts=0 deleted=0
checkpoint_phase lsn=21536 phase=value_index_schedule slot=0 started_ns=1790110497057931000 ended_ns=1790110497086687250 elapsed_us=28756 block_gets=8 block_puts=0 deleted=0
checkpoint_phase lsn=21536 phase=value_index_schedule slot=0 started_ns=1790110497086701000 ended_ns=1790110497112466208 elapsed_us=25765 block_gets=8 block_puts=0 deleted=0
checkpoint_phase lsn=21536 phase=value_index_schedule slot=0 started_ns=1790110497112479000 ended_ns=1790110497138490958 elapsed_us=26011 block_gets=8 block_puts=0 deleted=0
checkpoint_phase lsn=21536 phase=value_index_schedule slot=0 started_ns=1790110497138503000 ended_ns=1790110497149335834 elapsed_us=10832 block_gets=3 block_puts=0 deleted=0
checkpoint_phase lsn=21536 phase=value_index_schedule slot=0 started_ns=1790110497149356000 ended_ns=1790110497149385750 elapsed_us=29 block_gets=0 block_puts=0 deleted=0
checkpoint_phase lsn=21536 phase=value_index_schedule slot=0 started_ns=1790110497149394000 ended_ns=1790110497149417167 elapsed_us=23 block_gets=0 block_puts=0 deleted=0
checkpoint_phase lsn=21536 phase=value_index_schedule slot=0 started_ns=1790110497149421000 ended_ns=1790110497149444125 elapsed_us=23 block_gets=0 block_puts=0 deleted=0
checkpoint_phase lsn=21536 phase=value_index_schedule slot=0 started_ns=1790110497149447000 ended_ns=1790110497154784875 elapsed_us=5337 block_gets=0 block_puts=1 deleted=0
checkpoint_phase lsn=21536 phase=value_index_schedule slot=0 started_ns=1790110497154790000 ended_ns=1790110497168129375 elapsed_us=13339 block_gets=0 block_puts=4 deleted=0
checkpoint_phase lsn=21536 phase=value_index_schedule slot=0 started_ns=1790110497168142000 ended_ns=1790110497168962666 elapsed_us=820 block_gets=0 block_puts=0 deleted=0
checkpoint_phase lsn=21536 phase=value_index_schedule slot=0 started_ns=1790110497168974000 ended_ns=1790110497169061959 elapsed_us=87 block_gets=0 block_puts=0 deleted=0
checkpoint_phase lsn=21536 phase=value_index_schedule slot=0 started_ns=1790110497169067000 ended_ns=1790110497169144875 elapsed_us=77 block_gets=0 block_puts=0 deleted=0
checkpoint_phase lsn=21536 phase=value_index_schedule slot=0 started_ns=1790110497169148000 ended_ns=1790110497169226917 elapsed_us=78 block_gets=0 block_puts=0 deleted=0
checkpoint_phase lsn=21536 phase=value_index_schedule slot=0 started_ns=1790110497169230000 ended_ns=1790110497173694208 elapsed_us=4464 block_gets=0 block_puts=1 deleted=0
checkpoint_phase lsn=21536 phase=value_index_schedule slot=0 started_ns=1790110497173704000 ended_ns=1790110497173909250 elapsed_us=205 block_gets=0 block_puts=0 deleted=0
checkpoint_phase lsn=21536 phase=value_index_schedule slot=0 started_ns=1790110497173916000 ended_ns=1790110497174121125 elapsed_us=205 block_gets=0 block_puts=0 deleted=0
checkpoint_phase lsn=21536 phase=value_index_schedule slot=0 started_ns=1790110497174125000 ended_ns=1790110497179551542 elapsed_us=5426 block_gets=0 block_puts=1 deleted=0
checkpoint_phase lsn=21536 phase=value_index_schedule slot=0 started_ns=1790110497179562000 ended_ns=1790110497179781084 elapsed_us=219 block_gets=0 block_puts=0 deleted=0
checkpoint_phase lsn=21536 phase=value_index_schedule slot=0 started_ns=1790110497179790000 ended_ns=1790110497179862250 elapsed_us=72 block_gets=0 block_puts=0 deleted=0
checkpoint_phase lsn=21536 phase=value_index_schedule slot=0 started_ns=1790110497179866000 ended_ns=1790110497194882041 elapsed_us=15016 block_gets=0 block_puts=4 deleted=0
checkpoint_phase lsn=21536 phase=value_index_schedule slot=0 started_ns=1790110497194897000 ended_ns=1790110497219806833 elapsed_us=24909 block_gets=8 block_puts=0 deleted=0
checkpoint_phase lsn=21536 phase=value_index_schedule slot=0 started_ns=1790110497219822000 ended_ns=1790110497245486833 elapsed_us=25664 block_gets=8 block_puts=0 deleted=0
checkpoint_phase lsn=21536 phase=value_index_schedule slot=0 started_ns=1790110497245503000 ended_ns=1790110497271815791 elapsed_us=26312 block_gets=8 block_puts=0 deleted=0
checkpoint_phase lsn=21536 phase=value_index_schedule slot=0 started_ns=1790110497271846000 ended_ns=1790110497298717625 elapsed_us=26871 block_gets=8 block_puts=0 deleted=0
checkpoint_phase lsn=21536 phase=value_index_schedule slot=0 started_ns=1790110497298731000 ended_ns=1790110497325973125 elapsed_us=27242 block_gets=8 block_puts=0 deleted=0
checkpoint_phase lsn=21536 phase=value_index_schedule slot=0 started_ns=1790110497325986000 ended_ns=1790110497352873042 elapsed_us=26887 block_gets=8 block_puts=0 deleted=0
checkpoint_phase lsn=21536 phase=value_index_schedule slot=0 started_ns=1790110497352887000 ended_ns=1790110497377104917 elapsed_us=24217 block_gets=8 block_puts=0 deleted=0
checkpoint_phase lsn=21536 phase=value_index_schedule slot=0 started_ns=1790110497377118000 ended_ns=1790110497401973833 elapsed_us=24855 block_gets=8 block_puts=0 deleted=0
checkpoint_phase lsn=21536 phase=value_index_schedule slot=0 started_ns=1790110497401987000 ended_ns=1790110497426475959 elapsed_us=24488 block_gets=8 block_puts=0 deleted=0
checkpoint_phase lsn=21536 phase=value_index_schedule slot=0 started_ns=1790110497426490000 ended_ns=1790110497451248250 elapsed_us=24758 block_gets=8 block_puts=0 deleted=0
checkpoint_phase lsn=21536 phase=value_index_schedule slot=0 started_ns=1790110497451261000 ended_ns=1790110497477061709 elapsed_us=25800 block_gets=8 block_puts=0 deleted=0
checkpoint_phase lsn=21536 phase=value_index_schedule slot=0 started_ns=1790110497477075000 ended_ns=1790110497502769583 elapsed_us=25694 block_gets=8 block_puts=0 deleted=0
checkpoint_phase lsn=21536 phase=value_index_schedule slot=0 started_ns=1790110497502785000 ended_ns=1790110497526750083 elapsed_us=23965 block_gets=8 block_puts=0 deleted=0
checkpoint_phase lsn=21536 phase=value_index_schedule slot=0 started_ns=1790110497526764000 ended_ns=1790110497551220792 elapsed_us=24456 block_gets=8 block_puts=0 deleted=0
checkpoint_phase lsn=21536 phase=value_index_schedule slot=0 started_ns=1790110497551238000 ended_ns=1790110497574954209 elapsed_us=23716 block_gets=8 block_puts=0 deleted=0
checkpoint_phase lsn=21536 phase=value_index_schedule slot=0 started_ns=1790110497574970000 ended_ns=1790110497602280875 elapsed_us=27310 block_gets=8 block_puts=0 deleted=0
checkpoint_phase lsn=21536 phase=value_index_schedule slot=0 started_ns=1790110497602293000 ended_ns=1790110497602341375 elapsed_us=48 block_gets=0 block_puts=0 deleted=0
checkpoint_phase lsn=21536 phase=value_index_schedule slot=0 started_ns=1790110497602346000 ended_ns=1790110497615853084 elapsed_us=13507 block_gets=0 block_puts=4 deleted=0
checkpoint_phase lsn=21536 phase=value_index_schedule slot=0 started_ns=1790110497615868000 ended_ns=1790110497615868292 elapsed_us=0 block_gets=0 block_puts=0 deleted=0
checkpoint_phase lsn=21536 phase=value_index_schedule slot=0 started_ns=1790110497615873000 ended_ns=1790110497616592709 elapsed_us=719 block_gets=0 block_puts=0 deleted=0
checkpoint_phase lsn=21536 phase=value_index_schedule slot=0 started_ns=1790110497616599000 ended_ns=1790110497616848417 elapsed_us=249 block_gets=0 block_puts=0 deleted=0
checkpoint_phase lsn=21536 phase=value_index_schedule slot=0 started_ns=1790110497616852000 ended_ns=1790110497617084750 elapsed_us=232 block_gets=0 block_puts=0 deleted=0
checkpoint_phase lsn=21536 phase=value_index_schedule slot=0 started_ns=1790110497617088000 ended_ns=1790110497617331667 elapsed_us=243 block_gets=0 block_puts=0 deleted=0
checkpoint_phase lsn=21536 phase=value_index_schedule slot=0 started_ns=1790110497617356000 ended_ns=1790110497623159125 elapsed_us=5803 block_gets=0 block_puts=1 deleted=0
checkpoint_phase lsn=21536 phase=value_index_schedule slot=0 started_ns=1790110497623172000 ended_ns=1790110497623408375 elapsed_us=236 block_gets=0 block_puts=0 deleted=0
checkpoint_phase lsn=21536 phase=value_index_schedule slot=0 started_ns=1790110497623414000 ended_ns=1790110497623640459 elapsed_us=226 block_gets=0 block_puts=0 deleted=0
checkpoint_phase lsn=21536 phase=value_index_schedule slot=0 started_ns=1790110497623666000 ended_ns=1790110497628484666 elapsed_us=4818 block_gets=0 block_puts=1 deleted=0
checkpoint_phase lsn=21536 phase=value_index_schedule slot=0 started_ns=1790110497628496000 ended_ns=1790110497628667209 elapsed_us=171 block_gets=0 block_puts=0 deleted=0
checkpoint_phase lsn=21536 phase=value_index_schedule slot=0 started_ns=1790110497628671000 ended_ns=1790110497628836375 elapsed_us=165 block_gets=0 block_puts=0 deleted=0
checkpoint_phase lsn=21536 phase=value_index_schedule slot=0 started_ns=1790110497628843000 ended_ns=1790110497628874708 elapsed_us=31 block_gets=0 block_puts=0 deleted=0
checkpoint_phase lsn=21536 phase=value_index_schedule slot=0 started_ns=1790110497628887000 ended_ns=1790110497644345916 elapsed_us=15458 block_gets=0 block_puts=4 deleted=0
checkpoint_phase lsn=21536 phase=value_index_schedule slot=0 started_ns=1790110497644359000 ended_ns=1790110497644359416 elapsed_us=0 block_gets=0 block_puts=0 deleted=0
checkpoint_phase lsn=21536 phase=value_index_write slot=0 started_ns=1790110497644363000 ended_ns=1790110497644606583 elapsed_us=243 block_gets=0 block_puts=0 deleted=0
checkpoint_phase lsn=21536 phase=value_index_write slot=0 started_ns=1790110497644614000 ended_ns=1790110497644684833 elapsed_us=70 block_gets=0 block_puts=0 deleted=0
checkpoint_phase lsn=21536 phase=value_index_write slot=0 started_ns=1790110497644691000 ended_ns=1790110497644761708 elapsed_us=70 block_gets=0 block_puts=0 deleted=0
checkpoint_phase lsn=21536 phase=value_index_write slot=0 started_ns=1790110497644765000 ended_ns=1790110497645004917 elapsed_us=239 block_gets=0 block_puts=0 deleted=0
checkpoint_phase lsn=21536 phase=value_index_write slot=0 started_ns=1790110497645010000 ended_ns=1790110497645080375 elapsed_us=70 block_gets=0 block_puts=0 deleted=0
checkpoint_phase lsn=21536 phase=value_index_write slot=0 started_ns=1790110497645083000 ended_ns=1790110497652729333 elapsed_us=7646 block_gets=0 block_puts=1 deleted=0
checkpoint_phase lsn=21536 phase=value_index_write slot=0 started_ns=1790110497652744000 ended_ns=1790110497652953792 elapsed_us=209 block_gets=0 block_puts=0 deleted=0
checkpoint_phase lsn=21536 phase=value_index_write slot=0 started_ns=1790110497652957000 ended_ns=1790110497653029167 elapsed_us=72 block_gets=0 block_puts=0 deleted=0
checkpoint_phase lsn=21536 phase=value_index_write slot=0 started_ns=1790110497653033000 ended_ns=1790110497653104833 elapsed_us=71 block_gets=0 block_puts=0 deleted=0
checkpoint_phase lsn=21536 phase=value_index_write slot=0 started_ns=1790110497653108000 ended_ns=1790110497664255625 elapsed_us=11147 block_gets=0 block_puts=2 deleted=0
checkpoint_phase lsn=21536 phase=value_index_schedule slot=0 started_ns=1790110497664266000 ended_ns=1790110497664314459 elapsed_us=48 block_gets=0 block_puts=0 deleted=0
checkpoint_phase lsn=21536 phase=value_index_schedule slot=0 started_ns=1790110497664322000 ended_ns=1790110497664479958 elapsed_us=157 block_gets=0 block_puts=0 deleted=0
checkpoint_phase lsn=21536 phase=value_index_schedule slot=0 started_ns=1790110497664487000 ended_ns=1790110497665209625 elapsed_us=722 block_gets=0 block_puts=0 deleted=0
checkpoint_phase lsn=21536 phase=value_index_schedule slot=0 started_ns=1790110497665228000 ended_ns=1790110497666524584 elapsed_us=1296 block_gets=0 block_puts=0 deleted=0
checkpoint_phase lsn=21536 phase=value_index_schedule slot=0 started_ns=1790110497666533000 ended_ns=1790110497692704333 elapsed_us=26171 block_gets=8 block_puts=0 deleted=0
checkpoint_phase lsn=21536 phase=value_index_schedule slot=0 started_ns=1790110497692718000 ended_ns=1790110497719804084 elapsed_us=27086 block_gets=8 block_puts=0 deleted=0
checkpoint_phase lsn=21536 phase=value_index_schedule slot=0 started_ns=1790110497719817000 ended_ns=1790110497742223625 elapsed_us=22406 block_gets=8 block_puts=0 deleted=0
checkpoint_phase lsn=21536 phase=value_index_schedule slot=0 started_ns=1790110497742238000 ended_ns=1790110497764347542 elapsed_us=22109 block_gets=8 block_puts=0 deleted=0
checkpoint_phase lsn=21536 phase=value_index_schedule slot=0 started_ns=1790110497764382000 ended_ns=1790110497789021333 elapsed_us=24639 block_gets=8 block_puts=0 deleted=0
checkpoint_phase lsn=21536 phase=value_index_schedule slot=0 started_ns=1790110497789038000 ended_ns=1790110497813586208 elapsed_us=24548 block_gets=8 block_puts=0 deleted=0
checkpoint_phase lsn=21536 phase=value_index_schedule slot=0 started_ns=1790110497813603000 ended_ns=1790110497837788459 elapsed_us=24185 block_gets=8 block_puts=0 deleted=0
checkpoint_phase lsn=21536 phase=value_index_schedule slot=0 started_ns=1790110497837803000 ended_ns=1790110497863081542 elapsed_us=25278 block_gets=8 block_puts=0 deleted=0
checkpoint_phase lsn=21536 phase=value_index_schedule slot=0 started_ns=1790110497863096000 ended_ns=1790110497888986625 elapsed_us=25890 block_gets=8 block_puts=0 deleted=0
checkpoint_phase lsn=21536 phase=value_index_schedule slot=0 started_ns=1790110497889008000 ended_ns=1790110497911844917 elapsed_us=22836 block_gets=8 block_puts=0 deleted=0
checkpoint_phase lsn=21536 phase=value_index_schedule slot=0 started_ns=1790110497911860000 ended_ns=1790110497936325125 elapsed_us=24465 block_gets=8 block_puts=0 deleted=0
checkpoint_phase lsn=21536 phase=value_index_schedule slot=0 started_ns=1790110497936338000 ended_ns=1790110497962243708 elapsed_us=25905 block_gets=8 block_puts=0 deleted=0
checkpoint_phase lsn=21536 phase=value_index_schedule slot=0 started_ns=1790110497962260000 ended_ns=1790110497987826042 elapsed_us=25566 block_gets=8 block_puts=0 deleted=0
checkpoint_phase lsn=21536 phase=value_index_schedule slot=0 started_ns=1790110497987840000 ended_ns=1790110498011890208 elapsed_us=24050 block_gets=8 block_puts=0 deleted=0
checkpoint_phase lsn=21536 phase=value_index_schedule slot=0 started_ns=1790110498011905000 ended_ns=1790110498024733292 elapsed_us=12828 block_gets=2 block_puts=0 deleted=0
checkpoint_phase lsn=21536 phase=value_index_schedule slot=0 started_ns=1790110498024755000 ended_ns=1790110498024781875 elapsed_us=26 block_gets=0 block_puts=0 deleted=0
checkpoint_phase lsn=21536 phase=value_index_schedule slot=0 started_ns=1790110498024791000 ended_ns=1790110498024812458 elapsed_us=21 block_gets=0 block_puts=0 deleted=0
checkpoint_phase lsn=21536 phase=value_index_schedule slot=0 started_ns=1790110498024820000 ended_ns=1790110498029031000 elapsed_us=4211 block_gets=0 block_puts=1 deleted=0
checkpoint_phase lsn=21536 phase=value_index_schedule slot=0 started_ns=1790110498029045000 ended_ns=1790110498042041958 elapsed_us=12996 block_gets=0 block_puts=4 deleted=0
checkpoint_phase lsn=21536 phase=value_index_schedule slot=0 started_ns=1790110498042056000 ended_ns=1790110498044826000 elapsed_us=2770 block_gets=0 block_puts=0 deleted=0
checkpoint_phase lsn=21536 phase=value_index_schedule slot=0 started_ns=1790110498044834000 ended_ns=1790110498047584917 elapsed_us=2750 block_gets=0 block_puts=0 deleted=0
checkpoint_phase lsn=21536 phase=value_index_schedule slot=0 started_ns=1790110498047591000 ended_ns=1790110498050300208 elapsed_us=2709 block_gets=0 block_puts=0 deleted=0
checkpoint_phase lsn=21536 phase=value_index_schedule slot=0 started_ns=1790110498050314000 ended_ns=1790110498076233167 elapsed_us=25919 block_gets=8 block_puts=0 deleted=0
checkpoint_phase lsn=21536 phase=value_index_schedule slot=0 started_ns=1790110498076247000 ended_ns=1790110498100558875 elapsed_us=24311 block_gets=8 block_puts=0 deleted=0
checkpoint_phase lsn=21536 phase=value_index_schedule slot=0 started_ns=1790110498100605000 ended_ns=1790110498127070292 elapsed_us=26465 block_gets=8 block_puts=0 deleted=0
checkpoint_phase lsn=21536 phase=value_index_schedule slot=0 started_ns=1790110498127087000 ended_ns=1790110498139970708 elapsed_us=12883 block_gets=4 block_puts=0 deleted=0
checkpoint_phase lsn=21536 phase=value_index_schedule slot=0 started_ns=1790110498139984000 ended_ns=1790110498140010708 elapsed_us=26 block_gets=0 block_puts=0 deleted=0
checkpoint_phase lsn=21536 phase=value_index_schedule slot=0 started_ns=1790110498140014000 ended_ns=1790110498140035375 elapsed_us=21 block_gets=0 block_puts=0 deleted=0
checkpoint_phase lsn=21536 phase=value_index_schedule slot=0 started_ns=1790110498140048000 ended_ns=1790110498144935333 elapsed_us=4887 block_gets=0 block_puts=1 deleted=0
checkpoint_phase lsn=21536 phase=value_index_schedule slot=0 started_ns=1790110498144947000 ended_ns=1790110498158745375 elapsed_us=13798 block_gets=0 block_puts=4 deleted=0
checkpoint_phase lsn=21536 phase=value_index_schedule slot=0 started_ns=1790110498158763000 ended_ns=1790110498159593292 elapsed_us=830 block_gets=0 block_puts=0 deleted=0
checkpoint_phase lsn=21536 phase=value_index_schedule slot=0 started_ns=1790110498159602000 ended_ns=1790110498159801625 elapsed_us=199 block_gets=0 block_puts=0 deleted=0
checkpoint_phase lsn=21536 phase=value_index_schedule slot=0 started_ns=1790110498159807000 ended_ns=1790110498159994041 elapsed_us=187 block_gets=0 block_puts=0 deleted=0
checkpoint_phase lsn=21536 phase=value_index_schedule slot=0 started_ns=1790110498159998000 ended_ns=1790110498164952125 elapsed_us=4954 block_gets=0 block_puts=1 deleted=0
checkpoint_phase lsn=21536 phase=value_index_schedule slot=0 started_ns=1790110498164972000 ended_ns=1790110498165317417 elapsed_us=345 block_gets=0 block_puts=0 deleted=0
checkpoint_phase lsn=21536 phase=value_index_schedule slot=0 started_ns=1790110498165323000 ended_ns=1790110498165664500 elapsed_us=341 block_gets=0 block_puts=0 deleted=0
checkpoint_phase lsn=21536 phase=value_index_schedule slot=0 started_ns=1790110498165669000 ended_ns=1790110498170743875 elapsed_us=5074 block_gets=0 block_puts=1 deleted=0
checkpoint_phase lsn=21536 phase=value_index_schedule slot=0 started_ns=1790110498170757000 ended_ns=1790110498171039583 elapsed_us=282 block_gets=0 block_puts=0 deleted=0
checkpoint_phase lsn=21536 phase=value_index_schedule slot=0 started_ns=1790110498171044000 ended_ns=1790110498171089833 elapsed_us=45 block_gets=0 block_puts=0 deleted=0
checkpoint_phase lsn=21536 phase=value_index_schedule slot=0 started_ns=1790110498171099000 ended_ns=1790110498185447792 elapsed_us=14348 block_gets=0 block_puts=4 deleted=0
checkpoint_phase lsn=21536 phase=value_index_schedule slot=0 started_ns=1790110498185461000 ended_ns=1790110498211542250 elapsed_us=26081 block_gets=8 block_puts=0 deleted=0
checkpoint_phase lsn=21536 phase=value_index_schedule slot=0 started_ns=1790110498211557000 ended_ns=1790110498235225209 elapsed_us=23668 block_gets=8 block_puts=0 deleted=0
checkpoint_phase lsn=21536 phase=value_index_schedule slot=0 started_ns=1790110498235403000 ended_ns=1790110498261700583 elapsed_us=26297 block_gets=8 block_puts=0 deleted=0
checkpoint_phase lsn=21536 phase=value_index_schedule slot=0 started_ns=1790110498261720000 ended_ns=1790110498286797667 elapsed_us=25077 block_gets=8 block_puts=0 deleted=0
checkpoint_phase lsn=21536 phase=value_index_schedule slot=0 started_ns=1790110498286812000 ended_ns=1790110498314238458 elapsed_us=27426 block_gets=8 block_puts=0 deleted=0
checkpoint_phase lsn=21536 phase=value_index_schedule slot=0 started_ns=1790110498314254000 ended_ns=1790110498342078417 elapsed_us=27824 block_gets=8 block_puts=0 deleted=0
checkpoint_phase lsn=21536 phase=value_index_schedule slot=0 started_ns=1790110498342101000 ended_ns=1790110498368882750 elapsed_us=26781 block_gets=8 block_puts=0 deleted=0
checkpoint_phase lsn=21536 phase=value_index_schedule slot=0 started_ns=1790110498368900000 ended_ns=1790110498396800791 elapsed_us=27900 block_gets=8 block_puts=0 deleted=0
checkpoint_phase lsn=21536 phase=value_index_schedule slot=0 started_ns=1790110498396816000 ended_ns=1790110498422956375 elapsed_us=26140 block_gets=8 block_puts=0 deleted=0
checkpoint_phase lsn=21536 phase=value_index_schedule slot=0 started_ns=1790110498422974000 ended_ns=1790110498447457792 elapsed_us=24483 block_gets=8 block_puts=0 deleted=0
checkpoint_phase lsn=21536 phase=value_index_schedule slot=0 started_ns=1790110498447476000 ended_ns=1790110498472882500 elapsed_us=25406 block_gets=8 block_puts=0 deleted=0
checkpoint_phase lsn=21536 phase=value_index_schedule slot=0 started_ns=1790110498472896000 ended_ns=1790110498498815833 elapsed_us=25919 block_gets=8 block_puts=0 deleted=0
checkpoint_phase lsn=21536 phase=value_index_schedule slot=0 started_ns=1790110498498843000 ended_ns=1790110498526196083 elapsed_us=27353 block_gets=8 block_puts=0 deleted=0
checkpoint_phase lsn=21536 phase=value_index_schedule slot=0 started_ns=1790110498526219000 ended_ns=1790110498552192583 elapsed_us=25973 block_gets=8 block_puts=0 deleted=0
checkpoint_phase lsn=21536 phase=value_index_schedule slot=0 started_ns=1790110498552207000 ended_ns=1790110498576204125 elapsed_us=23997 block_gets=8 block_puts=0 deleted=0
checkpoint_phase lsn=21536 phase=value_index_schedule slot=0 started_ns=1790110498576219000 ended_ns=1790110498601937708 elapsed_us=25718 block_gets=8 block_puts=0 deleted=0
checkpoint_phase lsn=21536 phase=value_index_schedule slot=0 started_ns=1790110498601958000 ended_ns=1790110498626877792 elapsed_us=24919 block_gets=8 block_puts=0 deleted=0
checkpoint_phase lsn=21536 phase=value_index_schedule slot=0 started_ns=1790110498626893000 ended_ns=1790110498652732334 elapsed_us=25839 block_gets=8 block_puts=0 deleted=0
checkpoint_phase lsn=21536 phase=value_index_schedule slot=0 started_ns=1790110498652749000 ended_ns=1790110498679660167 elapsed_us=26911 block_gets=8 block_puts=0 deleted=0
checkpoint_phase lsn=21536 phase=value_index_schedule slot=0 started_ns=1790110498679678000 ended_ns=1790110498706543625 elapsed_us=26865 block_gets=8 block_puts=0 deleted=0
checkpoint_phase lsn=21536 phase=value_index_schedule slot=0 started_ns=1790110498706561000 ended_ns=1790110498730603000 elapsed_us=24042 block_gets=8 block_puts=0 deleted=0
checkpoint_phase lsn=21536 phase=value_index_schedule slot=0 started_ns=1790110498730616000 ended_ns=1790110498754358125 elapsed_us=23742 block_gets=8 block_puts=0 deleted=0
checkpoint_phase lsn=21536 phase=value_index_schedule slot=0 started_ns=1790110498754382000 ended_ns=1790110498778540708 elapsed_us=24158 block_gets=8 block_puts=0 deleted=0
checkpoint_phase lsn=21536 phase=value_index_schedule slot=0 started_ns=1790110498778560000 ended_ns=1790110498784966833 elapsed_us=6406 block_gets=2 block_puts=0 deleted=0
checkpoint_phase lsn=21536 phase=value_index_schedule slot=0 started_ns=1790110498784989000 ended_ns=1790110498785017792 elapsed_us=28 block_gets=0 block_puts=0 deleted=0
checkpoint_phase lsn=21536 phase=value_index_schedule slot=0 started_ns=1790110498785023000 ended_ns=1790110498785044917 elapsed_us=21 block_gets=0 block_puts=0 deleted=0
checkpoint_phase lsn=21536 phase=value_index_schedule slot=0 started_ns=1790110498785048000 ended_ns=1790110498799992500 elapsed_us=14944 block_gets=0 block_puts=4 deleted=0
checkpoint_phase lsn=21536 phase=value_index_schedule slot=0 started_ns=1790110498800009000 ended_ns=1790110498800009292 elapsed_us=0 block_gets=0 block_puts=0 deleted=0
checkpoint_phase lsn=21536 phase=value_index_schedule slot=0 started_ns=1790110498800014000 ended_ns=1790110498800819209 elapsed_us=805 block_gets=0 block_puts=0 deleted=0
checkpoint_phase lsn=21536 phase=value_index_schedule slot=0 started_ns=1790110498800840000 ended_ns=1790110498801239333 elapsed_us=399 block_gets=0 block_puts=0 deleted=0
checkpoint_phase lsn=21536 phase=value_index_schedule slot=0 started_ns=1790110498801247000 ended_ns=1790110498801624709 elapsed_us=377 block_gets=0 block_puts=0 deleted=0
checkpoint_phase lsn=21536 phase=value_index_schedule slot=0 started_ns=1790110498801629000 ended_ns=1790110498807333750 elapsed_us=5704 block_gets=0 block_puts=1 deleted=0
checkpoint_phase lsn=21536 phase=value_index_schedule slot=0 started_ns=1790110498807359000 ended_ns=1790110498807752000 elapsed_us=393 block_gets=0 block_puts=0 deleted=0
checkpoint_phase lsn=21536 phase=value_index_schedule slot=0 started_ns=1790110498807759000 ended_ns=1790110498808146250 elapsed_us=387 block_gets=0 block_puts=0 deleted=0
checkpoint_phase lsn=21536 phase=value_index_schedule slot=0 started_ns=1790110498808153000 ended_ns=1790110498813606584 elapsed_us=5453 block_gets=0 block_puts=1 deleted=0
checkpoint_phase lsn=21536 phase=value_index_schedule slot=0 started_ns=1790110498813635000 ended_ns=1790110498813931958 elapsed_us=296 block_gets=0 block_puts=0 deleted=0
checkpoint_phase lsn=21536 phase=value_index_schedule slot=0 started_ns=1790110498813940000 ended_ns=1790110498814081000 elapsed_us=141 block_gets=0 block_puts=0 deleted=0
checkpoint_phase lsn=21536 phase=value_index_schedule slot=0 started_ns=1790110498814086000 ended_ns=1790110498819237334 elapsed_us=5151 block_gets=0 block_puts=1 deleted=0
checkpoint_phase lsn=21536 phase=value_index_schedule slot=0 started_ns=1790110498819255000 ended_ns=1790110498819284458 elapsed_us=29 block_gets=0 block_puts=0 deleted=0
checkpoint_phase lsn=21536 phase=value_index_schedule slot=0 started_ns=1790110498819289000 ended_ns=1790110498834146500 elapsed_us=14857 block_gets=0 block_puts=4 deleted=0
checkpoint_phase lsn=21536 phase=value_index_schedule slot=0 started_ns=1790110498834162000 ended_ns=1790110498834162292 elapsed_us=0 block_gets=0 block_puts=0 deleted=0
checkpoint_phase lsn=21536 phase=value_index_write slot=0 started_ns=1790110498834175000 ended_ns=1790110498845701000 elapsed_us=11526 block_gets=0 block_puts=3 deleted=0
checkpoint_phase lsn=21536 phase=value_index_write slot=0 started_ns=1790110498845718000 ended_ns=1790110498861085334 elapsed_us=15367 block_gets=0 block_puts=4 deleted=0
checkpoint_phase lsn=21536 phase=value_index_write slot=0 started_ns=1790110498861098000 ended_ns=1790110498875895458 elapsed_us=14797 block_gets=0 block_puts=4 deleted=0
checkpoint_phase lsn=21536 phase=value_index_write slot=0 started_ns=1790110498875909000 ended_ns=1790110498889769000 elapsed_us=13860 block_gets=0 block_puts=4 deleted=0
checkpoint_phase lsn=21536 phase=value_index_write slot=0 started_ns=1790110498889783000 ended_ns=1790110498903087167 elapsed_us=13304 block_gets=0 block_puts=4 deleted=0
checkpoint_phase lsn=21536 phase=value_index_write slot=0 started_ns=1790110498903104000 ended_ns=1790110498917192541 elapsed_us=14088 block_gets=0 block_puts=4 deleted=0
checkpoint_phase lsn=21536 phase=value_index_write slot=0 started_ns=1790110498917208000 ended_ns=1790110498927139833 elapsed_us=9931 block_gets=0 block_puts=3 deleted=0
checkpoint_phase lsn=21536 phase=value_index_write slot=0 started_ns=1790110498927157000 ended_ns=1790110498927584459 elapsed_us=427 block_gets=0 block_puts=0 deleted=0
checkpoint_phase lsn=21536 phase=value_index_write slot=0 started_ns=1790110498927590000 ended_ns=1790110498931911625 elapsed_us=4321 block_gets=0 block_puts=1 deleted=0
checkpoint_phase lsn=21536 phase=value_index_write slot=0 started_ns=1790110498931936000 ended_ns=1790110498932368000 elapsed_us=432 block_gets=0 block_puts=0 deleted=0
checkpoint_phase lsn=21536 phase=value_index_write slot=0 started_ns=1790110498932379000 ended_ns=1790110498935865375 elapsed_us=3486 block_gets=0 block_puts=1 deleted=0
checkpoint_phase lsn=21536 phase=value_index_schedule slot=0 started_ns=1790110498935882000 ended_ns=1790110498935917167 elapsed_us=35 block_gets=0 block_puts=0 deleted=0
checkpoint_phase lsn=21536 phase=value_index_schedule slot=0 started_ns=1790110498935923000 ended_ns=1790110498936102458 elapsed_us=179 block_gets=0 block_puts=0 deleted=0
checkpoint_phase lsn=21536 phase=value_index_schedule slot=0 started_ns=1790110498936113000 ended_ns=1790110498938757875 elapsed_us=2644 block_gets=0 block_puts=0 deleted=0
checkpoint_phase lsn=21536 phase=value_index_schedule slot=0 started_ns=1790110498938778000 ended_ns=1790110498946867292 elapsed_us=8089 block_gets=0 block_puts=0 deleted=0
checkpoint_phase lsn=21536 phase=value_index_schedule slot=0 started_ns=1790110498946888000 ended_ns=1790110498977891917 elapsed_us=31003 block_gets=8 block_puts=0 deleted=0
checkpoint_phase lsn=21536 phase=value_index_schedule slot=0 started_ns=1790110498977912000 ended_ns=1790110499005055875 elapsed_us=27143 block_gets=8 block_puts=0 deleted=0
checkpoint_phase lsn=21536 phase=value_index_schedule slot=0 started_ns=1790110499005076000 ended_ns=1790110499030857500 elapsed_us=25781 block_gets=8 block_puts=0 deleted=0
checkpoint_phase lsn=21536 phase=value_index_schedule slot=0 started_ns=1790110499030884000 ended_ns=1790110499055921458 elapsed_us=25037 block_gets=8 block_puts=0 deleted=0
checkpoint_phase lsn=21536 phase=value_index_schedule slot=0 started_ns=1790110499055939000 ended_ns=1790110499083142875 elapsed_us=27203 block_gets=8 block_puts=0 deleted=0
checkpoint_phase lsn=21536 phase=value_index_schedule slot=0 started_ns=1790110499083163000 ended_ns=1790110499107731375 elapsed_us=24568 block_gets=8 block_puts=0 deleted=0
checkpoint_phase lsn=21536 phase=value_index_schedule slot=0 started_ns=1790110499107748000 ended_ns=1790110499132106709 elapsed_us=24358 block_gets=8 block_puts=0 deleted=0
checkpoint_phase lsn=21536 phase=value_index_schedule slot=0 started_ns=1790110499132124000 ended_ns=1790110499158446416 elapsed_us=26322 block_gets=8 block_puts=0 deleted=0
checkpoint_phase lsn=21536 phase=value_index_schedule slot=0 started_ns=1790110499158465000 ended_ns=1790110499185667000 elapsed_us=27202 block_gets=8 block_puts=0 deleted=0
checkpoint_phase lsn=21536 phase=value_index_schedule slot=0 started_ns=1790110499185685000 ended_ns=1790110499211829792 elapsed_us=26144 block_gets=8 block_puts=0 deleted=0
checkpoint_phase lsn=21536 phase=value_index_schedule slot=0 started_ns=1790110499211845000 ended_ns=1790110499238946708 elapsed_us=27101 block_gets=8 block_puts=0 deleted=0
checkpoint_phase lsn=21536 phase=value_index_schedule slot=0 started_ns=1790110499238964000 ended_ns=1790110499263971416 elapsed_us=25007 block_gets=8 block_puts=0 deleted=0
checkpoint_phase lsn=21536 phase=value_index_schedule slot=0 started_ns=1790110499263989000 ended_ns=1790110499288753458 elapsed_us=24764 block_gets=8 block_puts=0 deleted=0
checkpoint_phase lsn=21536 phase=value_index_schedule slot=0 started_ns=1790110499288768000 ended_ns=1790110499313440917 elapsed_us=24672 block_gets=8 block_puts=0 deleted=0
checkpoint_phase lsn=21536 phase=value_index_schedule slot=0 started_ns=1790110499313461000 ended_ns=1790110499326777542 elapsed_us=13316 block_gets=2 block_puts=0 deleted=0
checkpoint_phase lsn=21536 phase=value_index_schedule slot=0 started_ns=1790110499326797000 ended_ns=1790110499326826667 elapsed_us=29 block_gets=0 block_puts=0 deleted=0
checkpoint_phase lsn=21536 phase=value_index_schedule slot=0 started_ns=1790110499326836000 ended_ns=1790110499326857334 elapsed_us=21 block_gets=0 block_puts=0 deleted=0
checkpoint_phase lsn=21536 phase=value_index_schedule slot=0 started_ns=1790110499326865000 ended_ns=1790110499331962375 elapsed_us=5097 block_gets=0 block_puts=1 deleted=0
checkpoint_phase lsn=21536 phase=value_index_schedule slot=0 started_ns=1790110499331969000 ended_ns=1790110499346103458 elapsed_us=14134 block_gets=0 block_puts=4 deleted=0
checkpoint_phase lsn=21536 phase=value_index_schedule slot=0 started_ns=1790110499346122000 ended_ns=1790110499349059417 elapsed_us=2937 block_gets=0 block_puts=0 deleted=0
checkpoint_phase lsn=21536 phase=value_index_schedule slot=0 started_ns=1790110499349084000 ended_ns=1790110499351899292 elapsed_us=2815 block_gets=0 block_puts=0 deleted=0
checkpoint_phase lsn=21536 phase=value_index_schedule slot=0 started_ns=1790110499351916000 ended_ns=1790110499354728750 elapsed_us=2812 block_gets=0 block_puts=0 deleted=0
checkpoint_phase lsn=21536 phase=value_index_schedule slot=0 started_ns=1790110499354754000 ended_ns=1790110499381231541 elapsed_us=26477 block_gets=8 block_puts=0 deleted=0
checkpoint_phase lsn=21536 phase=value_index_schedule slot=0 started_ns=1790110499381250000 ended_ns=1790110499407800000 elapsed_us=26550 block_gets=8 block_puts=0 deleted=0
checkpoint_phase lsn=21536 phase=value_index_schedule slot=0 started_ns=1790110499407815000 ended_ns=1790110499424820583 elapsed_us=17005 block_gets=5 block_puts=0 deleted=0
checkpoint_phase lsn=21536 phase=value_index_schedule slot=0 started_ns=1790110499424836000 ended_ns=1790110499424863667 elapsed_us=27 block_gets=0 block_puts=0 deleted=0
checkpoint_phase lsn=21536 phase=value_index_schedule slot=0 started_ns=1790110499424872000 ended_ns=1790110499424893875 elapsed_us=21 block_gets=0 block_puts=0 deleted=0
checkpoint_phase lsn=21536 phase=value_index_schedule slot=0 started_ns=1790110499424931000 ended_ns=1790110499428910667 elapsed_us=3979 block_gets=0 block_puts=1 deleted=0
checkpoint_phase lsn=21536 phase=value_index_schedule slot=0 started_ns=1790110499428928000 ended_ns=1790110499442982666 elapsed_us=14054 block_gets=0 block_puts=4 deleted=0
checkpoint_phase lsn=21536 phase=value_index_schedule slot=0 started_ns=1790110499443003000 ended_ns=1790110499443893000 elapsed_us=890 block_gets=0 block_puts=0 deleted=0
checkpoint_phase lsn=21536 phase=value_index_schedule slot=0 started_ns=1790110499443921000 ended_ns=1790110499444127334 elapsed_us=206 block_gets=0 block_puts=0 deleted=0
checkpoint_phase lsn=21536 phase=value_index_schedule slot=0 started_ns=1790110499444137000 ended_ns=1790110499444332292 elapsed_us=195 block_gets=0 block_puts=0 deleted=0
checkpoint_phase lsn=21536 phase=value_index_schedule slot=0 started_ns=1790110499444340000 ended_ns=1790110499449532167 elapsed_us=5192 block_gets=0 block_puts=1 deleted=0
checkpoint_phase lsn=21536 phase=value_index_schedule slot=0 started_ns=1790110499449552000 ended_ns=1790110499449905333 elapsed_us=353 block_gets=0 block_puts=0 deleted=0
checkpoint_phase lsn=21536 phase=value_index_schedule slot=0 started_ns=1790110499449913000 ended_ns=1790110499450259625 elapsed_us=346 block_gets=0 block_puts=0 deleted=0
checkpoint_phase lsn=21536 phase=value_index_schedule slot=0 started_ns=1790110499450267000 ended_ns=1790110499455546875 elapsed_us=5279 block_gets=0 block_puts=1 deleted=0
checkpoint_phase lsn=21536 phase=value_index_schedule slot=0 started_ns=1790110499455566000 ended_ns=1790110499455859959 elapsed_us=293 block_gets=0 block_puts=0 deleted=0
checkpoint_phase lsn=21536 phase=value_index_schedule slot=0 started_ns=1790110499455869000 ended_ns=1790110499468892208 elapsed_us=13023 block_gets=0 block_puts=4 deleted=0
checkpoint_phase lsn=21536 phase=value_index_schedule slot=0 started_ns=1790110499468913000 ended_ns=1790110499495372833 elapsed_us=26459 block_gets=8 block_puts=0 deleted=0
checkpoint_phase lsn=21536 phase=value_index_schedule slot=0 started_ns=1790110499495387000 ended_ns=1790110499519614333 elapsed_us=24227 block_gets=8 block_puts=0 deleted=0
checkpoint_phase lsn=21536 phase=value_index_schedule slot=0 started_ns=1790110499519628000 ended_ns=1790110499544643875 elapsed_us=25015 block_gets=8 block_puts=0 deleted=0
checkpoint_phase lsn=21536 phase=value_index_schedule slot=0 started_ns=1790110499544658000 ended_ns=1790110499569393833 elapsed_us=24735 block_gets=8 block_puts=0 deleted=0
checkpoint_phase lsn=21536 phase=value_index_schedule slot=0 started_ns=1790110499569409000 ended_ns=1790110499591556583 elapsed_us=22147 block_gets=8 block_puts=0 deleted=0
checkpoint_phase lsn=21536 phase=value_index_schedule slot=0 started_ns=1790110499591573000 ended_ns=1790110499615330083 elapsed_us=23757 block_gets=8 block_puts=0 deleted=0
checkpoint_phase lsn=21536 phase=value_index_schedule slot=0 started_ns=1790110499615347000 ended_ns=1790110499640613167 elapsed_us=25266 block_gets=8 block_puts=0 deleted=0
checkpoint_phase lsn=21536 phase=value_index_schedule slot=0 started_ns=1790110499640628000 ended_ns=1790110499667716250 elapsed_us=27088 block_gets=8 block_puts=0 deleted=0
checkpoint_phase lsn=21536 phase=value_index_schedule slot=0 started_ns=1790110499667736000 ended_ns=1790110499694706500 elapsed_us=26970 block_gets=8 block_puts=0 deleted=0
checkpoint_phase lsn=21536 phase=value_index_schedule slot=0 started_ns=1790110499694725000 ended_ns=1790110499720774334 elapsed_us=26049 block_gets=8 block_puts=0 deleted=0
checkpoint_phase lsn=21536 phase=value_index_schedule slot=0 started_ns=1790110499720794000 ended_ns=1790110499750965834 elapsed_us=30171 block_gets=8 block_puts=0 deleted=0
checkpoint_phase lsn=21536 phase=value_index_schedule slot=0 started_ns=1790110499750987000 ended_ns=1790110499779238166 elapsed_us=28251 block_gets=8 block_puts=0 deleted=0
checkpoint_phase lsn=21536 phase=value_index_schedule slot=0 started_ns=1790110499779299000 ended_ns=1790110499803864250 elapsed_us=24565 block_gets=8 block_puts=0 deleted=0
checkpoint_phase lsn=21536 phase=value_index_schedule slot=0 started_ns=1790110499803882000 ended_ns=1790110499828026042 elapsed_us=24144 block_gets=8 block_puts=0 deleted=0
checkpoint_phase lsn=21536 phase=value_index_schedule slot=0 started_ns=1790110499828043000 ended_ns=1790110499853303125 elapsed_us=25260 block_gets=8 block_puts=0 deleted=0
checkpoint_phase lsn=21536 phase=value_index_schedule slot=0 started_ns=1790110499853318000 ended_ns=1790110499875557708 elapsed_us=22239 block_gets=8 block_puts=0 deleted=0
checkpoint_phase lsn=21536 phase=value_index_schedule slot=0 started_ns=1790110499875581000 ended_ns=1790110499898880708 elapsed_us=23299 block_gets=8 block_puts=0 deleted=0
checkpoint_phase lsn=21536 phase=value_index_schedule slot=0 started_ns=1790110499898897000 ended_ns=1790110499923547500 elapsed_us=24650 block_gets=8 block_puts=0 deleted=0
checkpoint_phase lsn=21536 phase=value_index_schedule slot=0 started_ns=1790110499923566000 ended_ns=1790110499947187167 elapsed_us=23621 block_gets=8 block_puts=0 deleted=0
checkpoint_phase lsn=21536 phase=value_index_schedule slot=0 started_ns=1790110499947202000 ended_ns=1790110499973557291 elapsed_us=26355 block_gets=8 block_puts=0 deleted=0
checkpoint_phase lsn=21536 phase=value_index_schedule slot=0 started_ns=1790110499973577000 ended_ns=1790110499998655959 elapsed_us=25078 block_gets=8 block_puts=0 deleted=0
checkpoint_phase lsn=21536 phase=value_index_schedule slot=0 started_ns=1790110499998673000 ended_ns=1790110500024043583 elapsed_us=25370 block_gets=8 block_puts=0 deleted=0
checkpoint_phase lsn=21536 phase=value_index_schedule slot=0 started_ns=1790110500024060000 ended_ns=1790110500050951000 elapsed_us=26891 block_gets=8 block_puts=0 deleted=0
checkpoint_phase lsn=21536 phase=value_index_schedule slot=0 started_ns=1790110500050964000 ended_ns=1790110500072948291 elapsed_us=21984 block_gets=8 block_puts=0 deleted=0
checkpoint_phase lsn=21536 phase=value_index_schedule slot=0 started_ns=1790110500072967000 ended_ns=1790110500076799750 elapsed_us=3832 block_gets=1 block_puts=0 deleted=0
checkpoint_phase lsn=21536 phase=value_index_schedule slot=0 started_ns=1790110500076817000 ended_ns=1790110500076844625 elapsed_us=27 block_gets=0 block_puts=0 deleted=0
checkpoint_phase lsn=21536 phase=value_index_schedule slot=0 started_ns=1790110500076850000 ended_ns=1790110500076871792 elapsed_us=21 block_gets=0 block_puts=0 deleted=0
checkpoint_phase lsn=21536 phase=value_index_schedule slot=0 started_ns=1790110500076876000 ended_ns=1790110500081447167 elapsed_us=4571 block_gets=0 block_puts=1 deleted=0
checkpoint_phase lsn=21536 phase=value_index_schedule slot=0 started_ns=1790110500081462000 ended_ns=1790110500092209250 elapsed_us=10747 block_gets=0 block_puts=4 deleted=0
checkpoint_phase lsn=21536 phase=value_index_schedule slot=0 started_ns=1790110500092226000 ended_ns=1790110500092226292 elapsed_us=0 block_gets=0 block_puts=0 deleted=0
checkpoint_phase lsn=21536 phase=value_index_schedule slot=0 started_ns=1790110500092237000 ended_ns=1790110500093065167 elapsed_us=828 block_gets=0 block_puts=0 deleted=0
checkpoint_phase lsn=21536 phase=value_index_schedule slot=0 started_ns=1790110500093075000 ended_ns=1790110500093466125 elapsed_us=391 block_gets=0 block_puts=0 deleted=0
checkpoint_phase lsn=21536 phase=value_index_schedule slot=0 started_ns=1790110500093473000 ended_ns=1790110500093853750 elapsed_us=380 block_gets=0 block_puts=0 deleted=0
checkpoint_phase lsn=21536 phase=value_index_schedule slot=0 started_ns=1790110500093861000 ended_ns=1790110500099523333 elapsed_us=5662 block_gets=0 block_puts=1 deleted=0
checkpoint_phase lsn=21536 phase=value_index_schedule slot=0 started_ns=1790110500099551000 ended_ns=1790110500099945959 elapsed_us=394 block_gets=0 block_puts=0 deleted=0
checkpoint_phase lsn=21536 phase=value_index_schedule slot=0 started_ns=1790110500099957000 ended_ns=1790110500100351833 elapsed_us=394 block_gets=0 block_puts=0 deleted=0
checkpoint_phase lsn=21536 phase=value_index_schedule slot=0 started_ns=1790110500100385000 ended_ns=1790110500104825833 elapsed_us=4440 block_gets=0 block_puts=1 deleted=0
checkpoint_phase lsn=21536 phase=value_index_schedule slot=0 started_ns=1790110500104841000 ended_ns=1790110500105132084 elapsed_us=291 block_gets=0 block_puts=0 deleted=0
checkpoint_phase lsn=21536 phase=value_index_schedule slot=0 started_ns=1790110500105143000 ended_ns=1790110500105180542 elapsed_us=37 block_gets=0 block_puts=0 deleted=0
checkpoint_phase lsn=21536 phase=value_index_schedule slot=0 started_ns=1790110500105190000 ended_ns=1790110500109243834 elapsed_us=4053 block_gets=0 block_puts=1 deleted=0
checkpoint_phase lsn=21536 phase=value_index_schedule slot=0 started_ns=1790110500109258000 ended_ns=1790110500109292875 elapsed_us=34 block_gets=0 block_puts=0 deleted=0
checkpoint_phase lsn=21536 phase=value_index_schedule slot=0 started_ns=1790110500109301000 ended_ns=1790110500124131542 elapsed_us=14830 block_gets=0 block_puts=4 deleted=0
checkpoint_phase lsn=21536 phase=value_index_schedule slot=0 started_ns=1790110500124150000 ended_ns=1790110500124150375 elapsed_us=0 block_gets=0 block_puts=0 deleted=0
checkpoint_phase lsn=21536 phase=value_index_write slot=0 started_ns=1790110500124156000 ended_ns=1790110500136931625 elapsed_us=12775 block_gets=0 block_puts=3 deleted=0
checkpoint_phase lsn=21536 phase=value_index_write slot=0 started_ns=1790110500136948000 ended_ns=1790110500151636791 elapsed_us=14688 block_gets=0 block_puts=4 deleted=0
checkpoint_phase lsn=21536 phase=value_index_write slot=0 started_ns=1790110500151650000 ended_ns=1790110500166924583 elapsed_us=15274 block_gets=0 block_puts=4 deleted=0
checkpoint_phase lsn=21536 phase=value_index_write slot=0 started_ns=1790110500166939000 ended_ns=1790110500181260000 elapsed_us=14321 block_gets=0 block_puts=4 deleted=0
checkpoint_phase lsn=21536 phase=value_index_write slot=0 started_ns=1790110500181271000 ended_ns=1790110500195252208 elapsed_us=13981 block_gets=0 block_puts=4 deleted=0
checkpoint_phase lsn=21536 phase=value_index_write slot=0 started_ns=1790110500195264000 ended_ns=1790110500209622709 elapsed_us=14358 block_gets=0 block_puts=4 deleted=0
checkpoint_phase lsn=21536 phase=value_index_write slot=0 started_ns=1790110500209637000 ended_ns=1790110500223062792 elapsed_us=13425 block_gets=0 block_puts=4 deleted=0
checkpoint_phase lsn=21536 phase=value_index_write slot=0 started_ns=1790110500223076000 ended_ns=1790110500223494708 elapsed_us=418 block_gets=0 block_puts=0 deleted=0
checkpoint_phase lsn=21536 phase=value_index_write slot=0 started_ns=1790110500223500000 ended_ns=1790110500227132208 elapsed_us=3632 block_gets=0 block_puts=1 deleted=0
checkpoint_phase lsn=21536 phase=value_index_write slot=0 started_ns=1790110500227142000 ended_ns=1790110500227561542 elapsed_us=419 block_gets=0 block_puts=0 deleted=0
checkpoint_phase lsn=21536 phase=value_index_write slot=0 started_ns=1790110500227568000 ended_ns=1790110500231135000 elapsed_us=3567 block_gets=0 block_puts=1 deleted=0
checkpoint_phase lsn=21536 phase=row_sst_delta slot=0 started_ns=1790110500231146000 ended_ns=1790110500260988958 elapsed_us=29842 block_gets=0 block_puts=4 deleted=0
checkpoint_phase lsn=21536 phase=manifest slot=-1 started_ns=1790110500261002000 ended_ns=1790110500264083125 elapsed_us=3081 block_gets=0 block_puts=0 deleted=0
checkpoint_phase lsn=21536 phase=local_cleanup slot=-1 started_ns=1790110500264102000 ended_ns=1790110500264165917 elapsed_us=63 block_gets=0 block_puts=0 deleted=0
checkpoint_phase lsn=21536 phase=commit_prune slot=-1 started_ns=1790110500264173000 ended_ns=1790110500384284583 elapsed_us=120111 block_gets=0 block_puts=0 deleted=16
checkpoint_phase lsn=21536 phase=commit_prune slot=-1 started_ns=1790110500384302000 ended_ns=1790110500428273666 elapsed_us=43971 block_gets=0 block_puts=0 deleted=16
checkpoint_phase lsn=21536 phase=commit_prune slot=-1 started_ns=1790110500428292000 ended_ns=1790110500475521458 elapsed_us=47229 block_gets=0 block_puts=0 deleted=16
checkpoint_phase lsn=21536 phase=commit_prune slot=-1 started_ns=1790110500475556000 ended_ns=1790110500525471375 elapsed_us=49915 block_gets=0 block_puts=0 deleted=16
checkpoint_phase lsn=21536 phase=commit_prune slot=-1 started_ns=1790110500525488000 ended_ns=1790110500575148667 elapsed_us=49660 block_gets=0 block_puts=0 deleted=16
checkpoint_phase lsn=21536 phase=commit_prune slot=-1 started_ns=1790110500575161000 ended_ns=1790110500621456166 elapsed_us=46295 block_gets=0 block_puts=0 deleted=16
checkpoint_phase lsn=21536 phase=commit_prune slot=-1 started_ns=1790110500621480000 ended_ns=1790110500673226750 elapsed_us=51746 block_gets=0 block_puts=0 deleted=16
checkpoint_phase lsn=21536 phase=commit_prune slot=-1 started_ns=1790110500673245000 ended_ns=1790110500723387208 elapsed_us=50142 block_gets=0 block_puts=0 deleted=16
checkpoint_phase lsn=21536 phase=commit_prune slot=-1 started_ns=1790110500723407000 ended_ns=1790110500767546750 elapsed_us=44139 block_gets=0 block_puts=0 deleted=16
checkpoint_phase lsn=21536 phase=commit_prune slot=-1 started_ns=1790110500767563000 ended_ns=1790110500815977417 elapsed_us=48414 block_gets=0 block_puts=0 deleted=16
checkpoint_phase lsn=21536 phase=commit_prune slot=-1 started_ns=1790110500815999000 ended_ns=1790110500865501750 elapsed_us=49502 block_gets=0 block_puts=0 deleted=16
checkpoint_phase lsn=21536 phase=commit_prune slot=-1 started_ns=1790110500865516000 ended_ns=1790110500914714584 elapsed_us=49198 block_gets=0 block_puts=0 deleted=16
checkpoint_phase lsn=21536 phase=commit_prune slot=-1 started_ns=1790110500914729000 ended_ns=1790110500961225833 elapsed_us=46496 block_gets=0 block_puts=0 deleted=16
checkpoint_phase lsn=21536 phase=commit_prune slot=-1 started_ns=1790110500961239000 ended_ns=1790110501012047875 elapsed_us=50808 block_gets=0 block_puts=0 deleted=16
checkpoint_phase lsn=21536 phase=commit_prune slot=-1 started_ns=1790110501012062000 ended_ns=1790110501060295542 elapsed_us=48233 block_gets=0 block_puts=0 deleted=16
checkpoint_phase lsn=21536 phase=commit_prune slot=-1 started_ns=1790110501060310000 ended_ns=1790110501108879750 elapsed_us=48569 block_gets=0 block_puts=0 deleted=16
checkpoint_phase lsn=21536 phase=commit_prune slot=-1 started_ns=1790110501108896000 ended_ns=1790110501161210292 elapsed_us=52314 block_gets=0 block_puts=0 deleted=16
checkpoint_phase lsn=21536 phase=commit_prune slot=-1 started_ns=1790110501161227000 ended_ns=1790110501207589500 elapsed_us=46362 block_gets=0 block_puts=0 deleted=16
checkpoint_phase lsn=21536 phase=commit_prune slot=-1 started_ns=1790110501207604000 ended_ns=1790110501255714542 elapsed_us=48110 block_gets=0 block_puts=0 deleted=16
checkpoint_phase lsn=21536 phase=commit_prune slot=-1 started_ns=1790110501262383000 ended_ns=1790110501343580333 elapsed_us=81197 block_gets=0 block_puts=0 deleted=16
checkpoint_phase lsn=21536 phase=commit_prune slot=-1 started_ns=1790110501347786000 ended_ns=1790110501378716375 elapsed_us=30930 block_gets=0 block_puts=0 deleted=6
checkpoint_phase lsn=21536 phase=legacy_gc slot=-1 started_ns=1790110501378727000 ended_ns=1790110501411272083 elapsed_us=32545 block_gets=0 block_puts=0 deleted=0
checkpoint_phase lsn=21536 phase=gc_keep slot=-1 started_ns=1790110501411292000 ended_ns=1790110501412715583 elapsed_us=1423 block_gets=0 block_puts=0 deleted=0
checkpoint_phase lsn=21536 phase=gc_list slot=-1 started_ns=1790110501412725000 ended_ns=1790110501518849875 elapsed_us=106124 block_gets=0 block_puts=0 deleted=0
checkpoint_phase lsn=21536 phase=gc_delete slot=-1 started_ns=1790110501518870000 ended_ns=1790110501568362875 elapsed_us=49492 block_gets=0 block_puts=0 deleted=16
checkpoint_phase lsn=21536 phase=gc_delete slot=-1 started_ns=1790110501568381000 ended_ns=1790110501616668542 elapsed_us=48287 block_gets=0 block_puts=0 deleted=16
checkpoint_phase lsn=21536 phase=gc_delete slot=-1 started_ns=1790110501616685000 ended_ns=1790110501663304125 elapsed_us=46619 block_gets=0 block_puts=0 deleted=16
checkpoint_phase lsn=21536 phase=gc_delete slot=-1 started_ns=1790110501663327000 ended_ns=1790110501716125542 elapsed_us=52798 block_gets=0 block_puts=0 deleted=16
checkpoint_phase lsn=21536 phase=gc_delete slot=-1 started_ns=1790110501716180000 ended_ns=1790110501765571750 elapsed_us=49391 block_gets=0 block_puts=0 deleted=16
checkpoint_phase lsn=21536 phase=gc_delete slot=-1 started_ns=1790110501765586000 ended_ns=1790110501812146000 elapsed_us=46560 block_gets=0 block_puts=0 deleted=16
checkpoint_phase lsn=21536 phase=gc_delete slot=-1 started_ns=1790110501812163000 ended_ns=1790110501856151291 elapsed_us=43988 block_gets=0 block_puts=0 deleted=16
checkpoint_phase lsn=21536 phase=gc_delete slot=-1 started_ns=1790110501856164000 ended_ns=1790110501902601792 elapsed_us=46437 block_gets=0 block_puts=0 deleted=16
checkpoint_phase lsn=21536 phase=gc_delete slot=-1 started_ns=1790110501902619000 ended_ns=1790110501951373375 elapsed_us=48754 block_gets=0 block_puts=0 deleted=11
checkpoint_phase lsn=21536 phase=row_merge_schedule slot=0 started_ns=1790110501951548000 ended_ns=1790110501951663792 elapsed_us=115 block_gets=0 block_puts=0 deleted=0
checkpoint_phase lsn=21536 phase=row_merge_schedule slot=0 started_ns=1790110501951721000 ended_ns=1790110501951816125 elapsed_us=95 block_gets=0 block_puts=0 deleted=0
checkpoint_phase lsn=21536 phase=row_merge_schedule slot=0 started_ns=1790110501951871000 ended_ns=1790110501951963333 elapsed_us=92 block_gets=0 block_puts=0 deleted=0
checkpoint_phase lsn=21536 phase=row_merge_schedule slot=0 started_ns=1790110501952006000 ended_ns=1790110501952097250 elapsed_us=91 block_gets=0 block_puts=0 deleted=0
checkpoint_phase lsn=21536 phase=row_merge_schedule slot=0 started_ns=1790110501952139000 ended_ns=1790110501952231500 elapsed_us=92 block_gets=0 block_puts=0 deleted=0
checkpoint_phase lsn=21536 phase=row_merge_schedule slot=0 started_ns=1790110501952274000 ended_ns=1790110501952367291 elapsed_us=93 block_gets=0 block_puts=0 deleted=0
checkpoint_phase lsn=21536 phase=row_merge_schedule slot=0 started_ns=1790110501952435000 ended_ns=1790110501952537875 elapsed_us=102 block_gets=0 block_puts=0 deleted=0
checkpoint_phase lsn=21536 phase=row_merge_schedule slot=0 started_ns=1790110501952599000 ended_ns=1790110501952695041 elapsed_us=96 block_gets=0 block_puts=0 deleted=0
checkpoint_phase lsn=21536 phase=row_merge_schedule slot=0 started_ns=1790110501952744000 ended_ns=1790110501952836166 elapsed_us=92 block_gets=0 block_puts=0 deleted=0
checkpoint_phase lsn=21536 phase=row_merge_schedule slot=0 started_ns=1790110501952877000 ended_ns=1790110501952968875 elapsed_us=91 block_gets=0 block_puts=0 deleted=0
checkpoint_phase lsn=21536 phase=row_merge_schedule slot=0 started_ns=1790110501953011000 ended_ns=1790110501953102042 elapsed_us=91 block_gets=0 block_puts=0 deleted=0
checkpoint_phase lsn=21536 phase=row_merge_schedule slot=0 started_ns=1790110501953143000 ended_ns=1790110501953235708 elapsed_us=92 block_gets=0 block_puts=0 deleted=0
checkpoint_phase lsn=21536 phase=row_merge_schedule slot=0 started_ns=1790110501953290000 ended_ns=1790110501953383208 elapsed_us=93 block_gets=0 block_puts=0 deleted=0
checkpoint_phase lsn=21536 phase=row_merge_schedule slot=0 started_ns=1790110501953428000 ended_ns=1790110501953520792 elapsed_us=92 block_gets=0 block_puts=0 deleted=0
checkpoint_phase lsn=21536 phase=row_merge_schedule slot=0 started_ns=1790110501953567000 ended_ns=1790110501953659166 elapsed_us=92 block_gets=0 block_puts=0 deleted=0
checkpoint_phase lsn=21536 phase=row_merge_schedule slot=0 started_ns=1790110501953710000 ended_ns=1790110501953807000 elapsed_us=97 block_gets=0 block_puts=0 deleted=0
checkpoint_phase lsn=21536 phase=row_merge_schedule slot=0 started_ns=1790110501953859000 ended_ns=1790110501953952750 elapsed_us=93 block_gets=0 block_puts=0 deleted=0
checkpoint_phase lsn=21536 phase=row_merge_schedule slot=0 started_ns=1790110501953999000 ended_ns=1790110501954091042 elapsed_us=92 block_gets=0 block_puts=0 deleted=0
checkpoint_phase lsn=21536 phase=row_merge_schedule slot=0 started_ns=1790110501954135000 ended_ns=1790110501954229542 elapsed_us=94 block_gets=0 block_puts=0 deleted=0
checkpoint_phase lsn=21536 phase=row_merge_schedule slot=0 started_ns=1790110501954304000 ended_ns=1790110501954404000 elapsed_us=100 block_gets=0 block_puts=0 deleted=0
checkpoint_phase lsn=21536 phase=row_merge_schedule slot=0 started_ns=1790110501954463000 ended_ns=1790110501954559250 elapsed_us=96 block_gets=0 block_puts=0 deleted=0
checkpoint_phase lsn=21536 phase=row_merge_schedule slot=0 started_ns=1790110501954606000 ended_ns=1790110501954699000 elapsed_us=93 block_gets=0 block_puts=0 deleted=0
checkpoint_phase lsn=21536 phase=row_merge_schedule slot=0 started_ns=1790110501954749000 ended_ns=1790110501954843250 elapsed_us=94 block_gets=0 block_puts=0 deleted=0
checkpoint_phase lsn=21536 phase=row_merge_schedule slot=0 started_ns=1790110501954889000 ended_ns=1790110501954981542 elapsed_us=92 block_gets=0 block_puts=0 deleted=0
checkpoint_phase lsn=21536 phase=row_merge_schedule slot=0 started_ns=1790110501955023000 ended_ns=1790110501955115417 elapsed_us=92 block_gets=0 block_puts=0 deleted=0
checkpoint_phase lsn=21536 phase=row_merge_schedule slot=0 started_ns=1790110501955159000 ended_ns=1790110501955251417 elapsed_us=92 block_gets=0 block_puts=0 deleted=0
checkpoint_phase lsn=21536 phase=row_merge_schedule slot=0 started_ns=1790110501955297000 ended_ns=1790110501955388125 elapsed_us=91 block_gets=0 block_puts=0 deleted=0
checkpoint_phase lsn=21536 phase=row_merge_schedule slot=0 started_ns=1790110501955430000 ended_ns=1790110501955520709 elapsed_us=90 block_gets=0 block_puts=0 deleted=0
checkpoint_phase lsn=21536 phase=row_merge_schedule slot=0 started_ns=1790110501955563000 ended_ns=1790110501955653916 elapsed_us=90 block_gets=0 block_puts=0 deleted=0
checkpoint_phase lsn=21536 phase=row_merge_schedule slot=0 started_ns=1790110501955697000 ended_ns=1790110501955788500 elapsed_us=91 block_gets=0 block_puts=0 deleted=0
checkpoint_phase lsn=21536 phase=row_merge_schedule slot=0 started_ns=1790110501955830000 ended_ns=1790110501955883291 elapsed_us=53 block_gets=0 block_puts=0 deleted=0
checkpoint_phase lsn=21536 phase=row_merge_schedule slot=0 started_ns=1790110501955926000 ended_ns=1790110501981775125 elapsed_us=25849 block_gets=8 block_puts=0 deleted=0
checkpoint_phase lsn=21536 phase=row_merge_schedule slot=0 started_ns=1790110501981852000 ended_ns=1790110502006650209 elapsed_us=24798 block_gets=7 block_puts=0 deleted=0
checkpoint_phase lsn=21536 phase=row_merge_schedule slot=0 started_ns=1790110502006737000 ended_ns=1790110502024110916 elapsed_us=17373 block_gets=6 block_puts=0 deleted=0
checkpoint_phase lsn=21536 phase=row_merge_write slot=0 started_ns=1790110502024201000 ended_ns=1790110502049895708 elapsed_us=25694 block_gets=0 block_puts=5 deleted=0
checkpoint_phase lsn=21536 phase=row_merge_write slot=0 started_ns=1790110502050026000 ended_ns=1790110502067327666 elapsed_us=17301 block_gets=0 block_puts=4 deleted=0
checkpoint_phase lsn=21536 phase=row_merge_write slot=0 started_ns=1790110502068918000 ended_ns=1790110502088785875 elapsed_us=19867 block_gets=0 block_puts=4 deleted=0
checkpoint_phase lsn=21536 phase=row_merge_write slot=0 started_ns=1790110502088890000 ended_ns=1790110502106002834 elapsed_us=17112 block_gets=0 block_puts=4 deleted=0
checkpoint_phase lsn=21536 phase=row_merge_write slot=0 started_ns=1790110502106134000 ended_ns=1790110502123546416 elapsed_us=17412 block_gets=0 block_puts=4 deleted=0
checkpoint_phase lsn=21536 phase=row_merge_write slot=0 started_ns=1790110502125384000 ended_ns=1790110502143728750 elapsed_us=18344 block_gets=0 block_puts=4 deleted=0
checkpoint_phase lsn=21536 phase=row_merge_write slot=0 started_ns=1790110502143851000 ended_ns=1790110502162704875 elapsed_us=18853 block_gets=0 block_puts=4 deleted=0
checkpoint_phase lsn=21536 phase=row_merge_write slot=0 started_ns=1790110502162828000 ended_ns=1790110502182516041 elapsed_us=19688 block_gets=0 block_puts=4 deleted=0
checkpoint_phase lsn=21536 phase=row_merge_write slot=0 started_ns=1790110502182604000 ended_ns=1790110502202120583 elapsed_us=19516 block_gets=0 block_puts=4 deleted=0
checkpoint_phase lsn=21536 phase=row_merge_write slot=0 started_ns=1790110502202277000 ended_ns=1790110502224691500 elapsed_us=22414 block_gets=0 block_puts=5 deleted=0
checkpoint_phase lsn=21536 phase=row_merge_write slot=0 started_ns=1790110502224768000 ended_ns=1790110502228040750 elapsed_us=3272 block_gets=0 block_puts=0 deleted=0
checkpoint_phase lsn=21536 phase=row_merge_write slot=0 started_ns=1790110502228162000 ended_ns=1790110502231324000 elapsed_us=3162 block_gets=0 block_puts=0 deleted=0
checkpoint_phase lsn=21536 phase=row_merge_write slot=0 started_ns=1790110502231377000 ended_ns=1790110502234941791 elapsed_us=3564 block_gets=0 block_puts=0 deleted=0
checkpoint_phase lsn=21536 phase=row_merge_write slot=0 started_ns=1790110502235093000 ended_ns=1790110502238285500 elapsed_us=3192 block_gets=0 block_puts=0 deleted=0
checkpoint_phase lsn=21536 phase=row_merge_write slot=0 started_ns=1790110502238524000 ended_ns=1790110502242113333 elapsed_us=3589 block_gets=0 block_puts=0 deleted=0
checkpoint_phase lsn=21536 phase=row_merge_write slot=0 started_ns=1790110502242178000 ended_ns=1790110502245424458 elapsed_us=3246 block_gets=0 block_puts=0 deleted=0
checkpoint_phase lsn=21536 phase=row_merge_write slot=0 started_ns=1790110502245493000 ended_ns=1790110502248791958 elapsed_us=3298 block_gets=0 block_puts=0 deleted=0
checkpoint_phase lsn=21536 phase=row_merge_write slot=0 started_ns=1790110502248866000 ended_ns=1790110502252140084 elapsed_us=3274 block_gets=0 block_puts=0 deleted=0
checkpoint_phase lsn=21536 phase=row_merge_write slot=0 started_ns=1790110502252207000 ended_ns=1790110502255395542 elapsed_us=3188 block_gets=0 block_puts=0 deleted=0
checkpoint_phase lsn=21536 phase=row_merge_write slot=0 started_ns=1790110502255466000 ended_ns=1790110502258856750 elapsed_us=3390 block_gets=0 block_puts=0 deleted=0
checkpoint_phase lsn=21536 phase=row_merge_write slot=0 started_ns=1790110502258933000 ended_ns=1790110502261768667 elapsed_us=2835 block_gets=0 block_puts=0 deleted=0
checkpoint_phase lsn=21536 phase=row_merge_write slot=0 started_ns=1790110502261839000 ended_ns=1790110502264692542 elapsed_us=2853 block_gets=0 block_puts=0 deleted=0
checkpoint_phase lsn=21536 phase=row_merge_write slot=0 started_ns=1790110502264770000 ended_ns=1790110502267815250 elapsed_us=3045 block_gets=0 block_puts=0 deleted=0
checkpoint_phase lsn=21536 phase=row_merge_write slot=0 started_ns=1790110502267902000 ended_ns=1790110502270765625 elapsed_us=2863 block_gets=0 block_puts=0 deleted=0
checkpoint_phase lsn=21536 phase=row_merge_write slot=0 started_ns=1790110502270906000 ended_ns=1790110502274833000 elapsed_us=3927 block_gets=0 block_puts=0 deleted=0
checkpoint_phase lsn=21536 phase=row_merge_write slot=0 started_ns=1790110502274921000 ended_ns=1790110502278474250 elapsed_us=3553 block_gets=0 block_puts=0 deleted=0
checkpoint_phase lsn=21536 phase=row_merge_write slot=0 started_ns=1790110502278568000 ended_ns=1790110502281902292 elapsed_us=3334 block_gets=0 block_puts=0 deleted=0
checkpoint_phase lsn=21536 phase=row_merge_write slot=0 started_ns=1790110502282008000 ended_ns=1790110502285934417 elapsed_us=3926 block_gets=0 block_puts=0 deleted=0
checkpoint_phase lsn=21536 phase=row_merge_write slot=0 started_ns=1790110502286016000 ended_ns=1790110502289319542 elapsed_us=3303 block_gets=0 block_puts=0 deleted=0
checkpoint_phase lsn=21536 phase=row_merge_write slot=0 started_ns=1790110502289407000 ended_ns=1790110502292634084 elapsed_us=3227 block_gets=0 block_puts=0 deleted=0
checkpoint_phase lsn=21536 phase=row_merge_write slot=0 started_ns=1790110502292717000 ended_ns=1790110502296003416 elapsed_us=3286 block_gets=0 block_puts=0 deleted=0
checkpoint_phase lsn=21536 phase=row_merge_write slot=0 started_ns=1790110502296091000 ended_ns=1790110502299470416 elapsed_us=3379 block_gets=0 block_puts=0 deleted=0
checkpoint_phase lsn=21536 phase=row_merge_write slot=0 started_ns=1790110502299558000 ended_ns=1790110502302884041 elapsed_us=3326 block_gets=0 block_puts=0 deleted=0
checkpoint_phase lsn=21536 phase=row_merge_write slot=0 started_ns=1790110502302973000 ended_ns=1790110502306349334 elapsed_us=3376 block_gets=0 block_puts=0 deleted=0
checkpoint_phase lsn=21536 phase=row_merge_write slot=0 started_ns=1790110502306437000 ended_ns=1790110502309818708 elapsed_us=3381 block_gets=0 block_puts=0 deleted=0
checkpoint_phase lsn=21536 phase=row_merge_write slot=0 started_ns=1790110502309911000 ended_ns=1790110502313259625 elapsed_us=3348 block_gets=0 block_puts=0 deleted=0
checkpoint_phase lsn=21536 phase=row_merge_write slot=0 started_ns=1790110502313341000 ended_ns=1790110502316675667 elapsed_us=3334 block_gets=0 block_puts=0 deleted=0
checkpoint_phase lsn=21536 phase=row_merge_write slot=0 started_ns=1790110502316761000 ended_ns=1790110502319999792 elapsed_us=3238 block_gets=0 block_puts=0 deleted=0
checkpoint_phase lsn=21536 phase=row_merge_write slot=0 started_ns=1790110502320070000 ended_ns=1790110502323373625 elapsed_us=3303 block_gets=0 block_puts=0 deleted=0
checkpoint_phase lsn=21536 phase=row_merge_write slot=0 started_ns=1790110502323438000 ended_ns=1790110502326294750 elapsed_us=2856 block_gets=0 block_puts=0 deleted=0
checkpoint_phase lsn=21536 phase=row_merge_write slot=0 started_ns=1790110502326355000 ended_ns=1790110502329575125 elapsed_us=3220 block_gets=0 block_puts=0 deleted=0
checkpoint_phase lsn=21536 phase=row_merge_write slot=0 started_ns=1790110502329634000 ended_ns=1790110502332825375 elapsed_us=3191 block_gets=0 block_puts=0 deleted=0
checkpoint_phase lsn=21536 phase=row_merge_write slot=0 started_ns=1790110502332901000 ended_ns=1790110502336170791 elapsed_us=3269 block_gets=0 block_puts=0 deleted=0
checkpoint_phase lsn=21536 phase=row_merge_write slot=0 started_ns=1790110502336256000 ended_ns=1790110502339445500 elapsed_us=3189 block_gets=0 block_puts=0 deleted=0
checkpoint_phase lsn=21536 phase=row_merge_write slot=0 started_ns=1790110502339502000 ended_ns=1790110502342653792 elapsed_us=3151 block_gets=0 block_puts=0 deleted=0
checkpoint_phase lsn=21536 phase=row_merge_write slot=0 started_ns=1790110502342711000 ended_ns=1790110502345899708 elapsed_us=3188 block_gets=0 block_puts=0 deleted=0
checkpoint_phase lsn=21536 phase=row_merge_write slot=0 started_ns=1790110502345960000 ended_ns=1790110502349149042 elapsed_us=3189 block_gets=0 block_puts=0 deleted=0
checkpoint_phase lsn=21552 phase=value_index_schedule slot=0 started_ns=1790110502384411000 ended_ns=1790110502384497833 elapsed_us=86 block_gets=0 block_puts=0 deleted=0
checkpoint_phase lsn=21552 phase=row_merge_write slot=0 started_ns=1790110502384612000 ended_ns=1790110502387882167 elapsed_us=3270 block_gets=0 block_puts=0 deleted=0
checkpoint_phase lsn=21552 phase=value_index_schedule slot=0 started_ns=1790110502387943000 ended_ns=1790110502388087125 elapsed_us=144 block_gets=0 block_puts=0 deleted=0
checkpoint_phase lsn=21552 phase=row_merge_write slot=0 started_ns=1790110502388097000 ended_ns=1790110502391344792 elapsed_us=3247 block_gets=0 block_puts=0 deleted=0
checkpoint_phase lsn=21552 phase=value_index_schedule slot=0 started_ns=1790110502391357000 ended_ns=1790110502394915292 elapsed_us=3558 block_gets=1 block_puts=0 deleted=0
checkpoint_phase lsn=21552 phase=row_merge_write slot=0 started_ns=1790110502394930000 ended_ns=1790110502397759042 elapsed_us=2829 block_gets=0 block_puts=0 deleted=0
checkpoint_phase lsn=21552 phase=value_index_schedule slot=0 started_ns=1790110502397770000 ended_ns=1790110502399049041 elapsed_us=1279 block_gets=0 block_puts=0 deleted=0
checkpoint_phase lsn=21552 phase=row_merge_write slot=0 started_ns=1790110502399063000 ended_ns=1790110502401904458 elapsed_us=2841 block_gets=0 block_puts=0 deleted=0
checkpoint_phase lsn=21552 phase=value_index_schedule slot=0 started_ns=1790110502401914000 ended_ns=1790110502403116250 elapsed_us=1202 block_gets=0 block_puts=0 deleted=0
checkpoint_phase lsn=21552 phase=row_merge_write slot=0 started_ns=1790110502403122000 ended_ns=1790110502405966042 elapsed_us=2844 block_gets=0 block_puts=0 deleted=0
checkpoint_phase lsn=21552 phase=value_index_schedule slot=0 started_ns=1790110502405976000 ended_ns=1790110502407160458 elapsed_us=1184 block_gets=0 block_puts=0 deleted=0
checkpoint_phase lsn=21552 phase=row_merge_write slot=0 started_ns=1790110502407205000 ended_ns=1790110502410137000 elapsed_us=2932 block_gets=0 block_puts=0 deleted=0
checkpoint_phase lsn=21552 phase=value_index_schedule slot=0 started_ns=1790110502410159000 ended_ns=1790110502434920291 elapsed_us=24761 block_gets=8 block_puts=0 deleted=0
checkpoint_phase lsn=21552 phase=row_merge_write slot=0 started_ns=1790110502434932000 ended_ns=1790110502437799791 elapsed_us=2867 block_gets=0 block_puts=0 deleted=0
checkpoint_phase lsn=21552 phase=value_index_schedule slot=0 started_ns=1790110502437829000 ended_ns=1790110502461410625 elapsed_us=23581 block_gets=8 block_puts=0 deleted=0
checkpoint_phase lsn=21552 phase=row_merge_write slot=0 started_ns=1790110502461424000 ended_ns=1790110502464349209 elapsed_us=2925 block_gets=0 block_puts=0 deleted=0
checkpoint_phase lsn=21552 phase=value_index_schedule slot=0 started_ns=1790110502464368000 ended_ns=1790110502489730167 elapsed_us=25362 block_gets=8 block_puts=0 deleted=0
checkpoint_phase lsn=21552 phase=row_merge_write slot=0 started_ns=1790110502489743000 ended_ns=1790110502492599084 elapsed_us=2856 block_gets=0 block_puts=0 deleted=0
checkpoint_phase lsn=21552 phase=value_index_schedule slot=0 started_ns=1790110502492618000 ended_ns=1790110502521286208 elapsed_us=28668 block_gets=8 block_puts=0 deleted=0
checkpoint_phase lsn=21552 phase=row_merge_write slot=0 started_ns=1790110502521301000 ended_ns=1790110502524122917 elapsed_us=2821 block_gets=0 block_puts=0 deleted=0
checkpoint_phase lsn=21552 phase=value_index_schedule slot=0 started_ns=1790110502524135000 ended_ns=1790110502551084500 elapsed_us=26949 block_gets=8 block_puts=0 deleted=0
checkpoint_phase lsn=21552 phase=row_merge_write slot=0 started_ns=1790110502551100000 ended_ns=1790110502553989667 elapsed_us=2889 block_gets=0 block_puts=0 deleted=0
checkpoint_phase lsn=21552 phase=value_index_schedule slot=0 started_ns=1790110502554008000 ended_ns=1790110502580371000 elapsed_us=26363 block_gets=8 block_puts=0 deleted=0
checkpoint_phase lsn=21552 phase=row_merge_write slot=0 started_ns=1790110502580382000 ended_ns=1790110502583263750 elapsed_us=2881 block_gets=0 block_puts=0 deleted=0
checkpoint_phase lsn=21552 phase=value_index_schedule slot=0 started_ns=1790110502583275000 ended_ns=1790110502611067542 elapsed_us=27792 block_gets=8 block_puts=0 deleted=0
checkpoint_phase lsn=21552 phase=row_merge_write slot=0 started_ns=1790110502611081000 ended_ns=1790110502613970750 elapsed_us=2889 block_gets=0 block_puts=0 deleted=0
checkpoint_phase lsn=21552 phase=value_index_schedule slot=0 started_ns=1790110502613997000 ended_ns=1790110502637188791 elapsed_us=23191 block_gets=8 block_puts=0 deleted=0
checkpoint_phase lsn=21552 phase=row_merge_write slot=0 started_ns=1790110502637201000 ended_ns=1790110502640084917 elapsed_us=2883 block_gets=0 block_puts=0 deleted=0
checkpoint_phase lsn=21552 phase=value_index_schedule slot=0 started_ns=1790110502640114000 ended_ns=1790110502664441208 elapsed_us=24327 block_gets=8 block_puts=0 deleted=0
checkpoint_phase lsn=21552 phase=row_merge_write slot=0 started_ns=1790110502664459000 ended_ns=1790110502667313167 elapsed_us=2854 block_gets=0 block_puts=0 deleted=0
checkpoint_phase lsn=21552 phase=value_index_schedule slot=0 started_ns=1790110502667331000 ended_ns=1790110502694756416 elapsed_us=27425 block_gets=8 block_puts=0 deleted=0
checkpoint_phase lsn=21552 phase=row_merge_write slot=0 started_ns=1790110502694768000 ended_ns=1790110502697869750 elapsed_us=3101 block_gets=0 block_puts=0 deleted=0
checkpoint_phase lsn=21552 phase=value_index_schedule slot=0 started_ns=1790110502697926000 ended_ns=1790110502724910459 elapsed_us=26984 block_gets=8 block_puts=0 deleted=0
checkpoint_phase lsn=21552 phase=row_merge_write slot=0 started_ns=1790110502724933000 ended_ns=1790110502728195250 elapsed_us=3262 block_gets=0 block_puts=0 deleted=0
checkpoint_phase lsn=21552 phase=value_index_schedule slot=0 started_ns=1790110502728217000 ended_ns=1790110502755715417 elapsed_us=27498 block_gets=8 block_puts=0 deleted=0
checkpoint_phase lsn=21552 phase=row_merge_write slot=0 started_ns=1790110502755746000 ended_ns=1790110502758657917 elapsed_us=2911 block_gets=0 block_puts=0 deleted=0
checkpoint_phase lsn=21552 phase=value_index_schedule slot=0 started_ns=1790110502758679000 ended_ns=1790110502785045958 elapsed_us=26366 block_gets=8 block_puts=0 deleted=0
checkpoint_phase lsn=21552 phase=row_merge_write slot=0 started_ns=1790110502785083000 ended_ns=1790110502788129875 elapsed_us=3046 block_gets=0 block_puts=0 deleted=0
checkpoint_phase lsn=21552 phase=value_index_schedule slot=0 started_ns=1790110502788151000 ended_ns=1790110502814606625 elapsed_us=26455 block_gets=8 block_puts=0 deleted=0
checkpoint_phase lsn=21552 phase=row_merge_write slot=0 started_ns=1790110502814622000 ended_ns=1790110502817586333 elapsed_us=2964 block_gets=0 block_puts=0 deleted=0
checkpoint_phase lsn=21552 phase=value_index_schedule slot=0 started_ns=1790110502817605000 ended_ns=1790110502844071708 elapsed_us=26466 block_gets=8 block_puts=0 deleted=0
checkpoint_phase lsn=21552 phase=row_merge_write slot=0 started_ns=1790110502844083000 ended_ns=1790110502846943500 elapsed_us=2860 block_gets=0 block_puts=0 deleted=0
checkpoint_phase lsn=21552 phase=value_index_schedule slot=0 started_ns=1790110502846968000 ended_ns=1790110502877935667 elapsed_us=30967 block_gets=8 block_puts=0 deleted=0
checkpoint_phase lsn=21552 phase=row_merge_write slot=0 started_ns=1790110502877948000 ended_ns=1790110502880820542 elapsed_us=2872 block_gets=0 block_puts=0 deleted=0
checkpoint_phase lsn=21552 phase=value_index_schedule slot=0 started_ns=1790110502881844000 ended_ns=1790110502919725333 elapsed_us=37881 block_gets=8 block_puts=0 deleted=0
checkpoint_phase lsn=21552 phase=row_merge_write slot=0 started_ns=1790110502919743000 ended_ns=1790110502922682875 elapsed_us=2939 block_gets=0 block_puts=0 deleted=0
checkpoint_phase lsn=21552 phase=value_index_schedule slot=0 started_ns=1790110502923748000 ended_ns=1790110502929705416 elapsed_us=5957 block_gets=1 block_puts=0 deleted=0
checkpoint_phase lsn=21552 phase=row_merge_write slot=0 started_ns=1790110502929734000 ended_ns=1790110502932584375 elapsed_us=2850 block_gets=0 block_puts=0 deleted=0
checkpoint_phase lsn=21552 phase=value_index_schedule slot=0 started_ns=1790110502932600000 ended_ns=1790110502932629333 elapsed_us=29 block_gets=0 block_puts=0 deleted=0
checkpoint_phase lsn=21552 phase=row_merge_write slot=0 started_ns=1790110502932638000 ended_ns=1790110502935473167 elapsed_us=2835 block_gets=0 block_puts=0 deleted=0
checkpoint_phase lsn=21552 phase=value_index_schedule slot=0 started_ns=1790110502935486000 ended_ns=1790110502935516333 elapsed_us=30 block_gets=0 block_puts=0 deleted=0
checkpoint_phase lsn=21552 phase=row_merge_write slot=0 started_ns=1790110502935523000 ended_ns=1790110502938425667 elapsed_us=2902 block_gets=0 block_puts=0 deleted=0
checkpoint_phase lsn=21552 phase=value_index_schedule slot=0 started_ns=1790110502938447000 ended_ns=1790110502938483291 elapsed_us=36 block_gets=0 block_puts=0 deleted=0
checkpoint_phase lsn=21552 phase=row_merge_write slot=0 started_ns=1790110502938489000 ended_ns=1790110502941357250 elapsed_us=2868 block_gets=0 block_puts=0 deleted=0
checkpoint_phase lsn=21552 phase=value_index_schedule slot=0 started_ns=1790110502941375000 ended_ns=1790110502946863750 elapsed_us=5488 block_gets=0 block_puts=1 deleted=0
checkpoint_phase lsn=21552 phase=row_merge_write slot=0 started_ns=1790110502946878000 ended_ns=1790110502949738666 elapsed_us=2860 block_gets=0 block_puts=0 deleted=0
checkpoint_phase lsn=21552 phase=value_index_schedule slot=0 started_ns=1790110502949757000 ended_ns=1790110502964313625 elapsed_us=14556 block_gets=0 block_puts=4 deleted=0
checkpoint_phase lsn=21552 phase=row_merge_write slot=0 started_ns=1790110502964328000 ended_ns=1790110502967194375 elapsed_us=2866 block_gets=0 block_puts=0 deleted=0
checkpoint_phase lsn=21552 phase=value_index_schedule slot=0 started_ns=1790110502967207000 ended_ns=1790110502991485292 elapsed_us=24278 block_gets=8 block_puts=0 deleted=0
checkpoint_phase lsn=21552 phase=row_merge_write slot=0 started_ns=1790110502991511000 ended_ns=1790110502994306291 elapsed_us=2795 block_gets=0 block_puts=0 deleted=0
checkpoint_phase lsn=21552 phase=value_index_schedule slot=0 started_ns=1790110502994324000 ended_ns=1790110503023146875 elapsed_us=28822 block_gets=8 block_puts=0 deleted=0
checkpoint_phase lsn=21552 phase=row_merge_write slot=0 started_ns=1790110503023164000 ended_ns=1790110503026023750 elapsed_us=2859 block_gets=0 block_puts=0 deleted=0
checkpoint_phase lsn=21552 phase=value_index_schedule slot=0 started_ns=1790110503026040000 ended_ns=1790110503054953000 elapsed_us=28913 block_gets=8 block_puts=0 deleted=0
checkpoint_phase lsn=21552 phase=row_merge_write slot=0 started_ns=1790110503054967000 ended_ns=1790110503057812917 elapsed_us=2845 block_gets=0 block_puts=0 deleted=0
checkpoint_phase lsn=21552 phase=value_index_schedule slot=0 started_ns=1790110503057821000 ended_ns=1790110503087492916 elapsed_us=29671 block_gets=8 block_puts=0 deleted=0
checkpoint_phase lsn=21552 phase=row_merge_write slot=0 started_ns=1790110503087509000 ended_ns=1790110503090853167 elapsed_us=3344 block_gets=0 block_puts=0 deleted=0
checkpoint_phase lsn=21552 phase=value_index_schedule slot=0 started_ns=1790110503090870000 ended_ns=1790110503116948334 elapsed_us=26078 block_gets=8 block_puts=0 deleted=0
checkpoint_phase lsn=21552 phase=row_merge_write slot=0 started_ns=1790110503116973000 ended_ns=1790110503121043959 elapsed_us=4070 block_gets=0 block_puts=0 deleted=0
checkpoint_phase lsn=21552 phase=value_index_schedule slot=0 started_ns=1790110503121071000 ended_ns=1790110503148896459 elapsed_us=27825 block_gets=8 block_puts=0 deleted=0
checkpoint_phase lsn=21552 phase=row_merge_write slot=0 started_ns=1790110503148910000 ended_ns=1790110503151788000 elapsed_us=2878 block_gets=0 block_puts=0 deleted=0
checkpoint_phase lsn=21552 phase=value_index_schedule slot=0 started_ns=1790110503151808000 ended_ns=1790110503177736291 elapsed_us=25928 block_gets=8 block_puts=0 deleted=0
checkpoint_phase lsn=21552 phase=row_merge_write slot=0 started_ns=1790110503177749000 ended_ns=1790110503180640042 elapsed_us=2891 block_gets=0 block_puts=0 deleted=0
checkpoint_phase lsn=21552 phase=value_index_schedule slot=0 started_ns=1790110503180649000 ended_ns=1790110503205411750 elapsed_us=24762 block_gets=8 block_puts=0 deleted=0
checkpoint_phase lsn=21552 phase=row_merge_write slot=0 started_ns=1790110503205428000 ended_ns=1790110503208871958 elapsed_us=3443 block_gets=0 block_puts=0 deleted=0
checkpoint_phase lsn=21552 phase=value_index_schedule slot=0 started_ns=1790110503208903000 ended_ns=1790110503233481167 elapsed_us=24578 block_gets=8 block_puts=0 deleted=0
checkpoint_phase lsn=21552 phase=row_merge_write slot=0 started_ns=1790110503233500000 ended_ns=1790110503236887459 elapsed_us=3387 block_gets=0 block_puts=0 deleted=0
checkpoint_phase lsn=21552 phase=value_index_schedule slot=0 started_ns=1790110503236929000 ended_ns=1790110503266497208 elapsed_us=29568 block_gets=8 block_puts=0 deleted=0
checkpoint_phase lsn=21552 phase=row_merge_write slot=0 started_ns=1790110503266534000 ended_ns=1790110503269770917 elapsed_us=3236 block_gets=0 block_puts=0 deleted=0
checkpoint_phase lsn=21552 phase=value_index_schedule slot=0 started_ns=1790110503269804000 ended_ns=1790110503298563291 elapsed_us=28759 block_gets=8 block_puts=0 deleted=0
checkpoint_phase lsn=21552 phase=row_merge_write slot=0 started_ns=1790110503298575000 ended_ns=1790110503301473166 elapsed_us=2898 block_gets=0 block_puts=0 deleted=0
checkpoint_phase lsn=21552 phase=value_index_schedule slot=0 started_ns=1790110503301494000 ended_ns=1790110503328837791 elapsed_us=27343 block_gets=8 block_puts=0 deleted=0
checkpoint_phase lsn=21552 phase=row_merge_write slot=0 started_ns=1790110503328982000 ended_ns=1790110503331878750 elapsed_us=2896 block_gets=0 block_puts=0 deleted=0
checkpoint_phase lsn=21552 phase=value_index_schedule slot=0 started_ns=1790110503331900000 ended_ns=1790110503357961709 elapsed_us=26061 block_gets=8 block_puts=0 deleted=0
checkpoint_phase lsn=21552 phase=row_merge_write slot=0 started_ns=1790110503358001000 ended_ns=1790110503360969875 elapsed_us=2968 block_gets=0 block_puts=0 deleted=0
checkpoint_phase lsn=21552 phase=value_index_schedule slot=0 started_ns=1790110503360997000 ended_ns=1790110503386513792 elapsed_us=25516 block_gets=8 block_puts=0 deleted=0
checkpoint_phase lsn=21552 phase=row_merge_write slot=0 started_ns=1790110503386526000 ended_ns=1790110503389430000 elapsed_us=2904 block_gets=0 block_puts=0 deleted=0
checkpoint_phase lsn=21552 phase=value_index_schedule slot=0 started_ns=1790110503389451000 ended_ns=1790110503417282334 elapsed_us=27831 block_gets=8 block_puts=0 deleted=0
checkpoint_phase lsn=21552 phase=row_merge_write slot=0 started_ns=1790110503417293000 ended_ns=1790110503420477083 elapsed_us=3184 block_gets=0 block_puts=0 deleted=0
checkpoint_phase lsn=21552 phase=value_index_schedule slot=0 started_ns=1790110503420488000 ended_ns=1790110503450592916 elapsed_us=30104 block_gets=8 block_puts=0 deleted=0
checkpoint_phase lsn=21552 phase=row_merge_write slot=0 started_ns=1790110503450617000 ended_ns=1790110503454975667 elapsed_us=4358 block_gets=0 block_puts=0 deleted=0
checkpoint_phase lsn=21552 phase=value_index_schedule slot=0 started_ns=1790110503454993000 ended_ns=1790110503484276833 elapsed_us=29283 block_gets=8 block_puts=0 deleted=0
checkpoint_phase lsn=21552 phase=row_merge_write slot=0 started_ns=1790110503484293000 ended_ns=1790110503487216583 elapsed_us=2923 block_gets=0 block_puts=0 deleted=0
checkpoint_phase lsn=21552 phase=value_index_schedule slot=0 started_ns=1790110503487240000 ended_ns=1790110503512460791 elapsed_us=25220 block_gets=8 block_puts=0 deleted=0
checkpoint_phase lsn=21552 phase=row_merge_write slot=0 started_ns=1790110503512477000 ended_ns=1790110503515325958 elapsed_us=2848 block_gets=0 block_puts=0 deleted=0
checkpoint_phase lsn=21552 phase=value_index_schedule slot=0 started_ns=1790110503515338000 ended_ns=1790110503540188000 elapsed_us=24850 block_gets=8 block_puts=0 deleted=0
checkpoint_phase lsn=21552 phase=row_merge_write slot=0 started_ns=1790110503540201000 ended_ns=1790110503543614708 elapsed_us=3413 block_gets=0 block_puts=0 deleted=0
checkpoint_phase lsn=21552 phase=value_index_schedule slot=0 started_ns=1790110503543625000 ended_ns=1790110503569929708 elapsed_us=26304 block_gets=8 block_puts=0 deleted=0
checkpoint_phase lsn=21552 phase=row_merge_write slot=0 started_ns=1790110503569945000 ended_ns=1790110503573139959 elapsed_us=3194 block_gets=0 block_puts=0 deleted=0
checkpoint_phase lsn=21552 phase=value_index_schedule slot=0 started_ns=1790110503573147000 ended_ns=1790110503599494875 elapsed_us=26347 block_gets=8 block_puts=0 deleted=0
checkpoint_phase lsn=21552 phase=row_merge_write slot=0 started_ns=1790110503599511000 ended_ns=1790110503602452709 elapsed_us=2941 block_gets=0 block_puts=0 deleted=0
checkpoint_phase lsn=21552 phase=value_index_schedule slot=0 started_ns=1790110503602470000 ended_ns=1790110503627974500 elapsed_us=25504 block_gets=8 block_puts=0 deleted=0
checkpoint_phase lsn=21552 phase=row_merge_write slot=0 started_ns=1790110503627993000 ended_ns=1790110503631249292 elapsed_us=3256 block_gets=0 block_puts=0 deleted=0
checkpoint_phase lsn=21552 phase=value_index_schedule slot=0 started_ns=1790110503631278000 ended_ns=1790110503656941458 elapsed_us=25663 block_gets=8 block_puts=0 deleted=0
checkpoint_phase lsn=21552 phase=row_merge_write slot=0 started_ns=1790110503656957000 ended_ns=1790110503660132375 elapsed_us=3175 block_gets=0 block_puts=0 deleted=0
checkpoint_phase lsn=21552 phase=value_index_schedule slot=0 started_ns=1790110503660157000 ended_ns=1790110503687363792 elapsed_us=27206 block_gets=8 block_puts=0 deleted=0
checkpoint_phase lsn=21552 phase=row_merge_write slot=0 started_ns=1790110503687375000 ended_ns=1790110503690543708 elapsed_us=3168 block_gets=0 block_puts=0 deleted=0
checkpoint_phase lsn=21552 phase=value_index_schedule slot=0 started_ns=1790110503690556000 ended_ns=1790110503716477958 elapsed_us=25921 block_gets=8 block_puts=0 deleted=0
checkpoint_phase lsn=21552 phase=row_merge_write slot=0 started_ns=1790110503716511000 ended_ns=1790110503719726792 elapsed_us=3215 block_gets=0 block_puts=0 deleted=0
checkpoint_phase lsn=21552 phase=value_index_schedule slot=0 started_ns=1790110503719739000 ended_ns=1790110503746122292 elapsed_us=26383 block_gets=8 block_puts=0 deleted=0
checkpoint_phase lsn=21552 phase=row_merge_write slot=0 started_ns=1790110503746136000 ended_ns=1790110503749289209 elapsed_us=3153 block_gets=0 block_puts=0 deleted=0
checkpoint_phase lsn=21552 phase=value_index_schedule slot=0 started_ns=1790110503749302000 ended_ns=1790110503776076583 elapsed_us=26774 block_gets=8 block_puts=0 deleted=0
checkpoint_phase lsn=21552 phase=row_merge_write slot=0 started_ns=1790110503776092000 ended_ns=1790110503779273834 elapsed_us=3181 block_gets=0 block_puts=0 deleted=0
checkpoint_phase lsn=21552 phase=value_index_schedule slot=0 started_ns=1790110503779295000 ended_ns=1790110503808830459 elapsed_us=29535 block_gets=8 block_puts=0 deleted=0
checkpoint_phase lsn=21552 phase=row_merge_write slot=0 started_ns=1790110503808843000 ended_ns=1790110503812108334 elapsed_us=3265 block_gets=0 block_puts=0 deleted=0
checkpoint_phase lsn=21552 phase=value_index_schedule slot=0 started_ns=1790110503812126000 ended_ns=1790110503836263583 elapsed_us=24137 block_gets=8 block_puts=0 deleted=0
checkpoint_phase lsn=21552 phase=row_merge_write slot=0 started_ns=1790110503836283000 ended_ns=1790110503839470333 elapsed_us=3187 block_gets=0 block_puts=0 deleted=0
checkpoint_phase lsn=21552 phase=value_index_schedule slot=0 started_ns=1790110503839497000 ended_ns=1790110503865552250 elapsed_us=26055 block_gets=8 block_puts=0 deleted=0
checkpoint_phase lsn=21552 phase=row_merge_write slot=0 started_ns=1790110503865564000 ended_ns=1790110503868720667 elapsed_us=3156 block_gets=0 block_puts=0 deleted=0
checkpoint_phase lsn=21552 phase=value_index_schedule slot=0 started_ns=1790110503868736000 ended_ns=1790110503894676792 elapsed_us=25940 block_gets=8 block_puts=0 deleted=0
checkpoint_phase lsn=21552 phase=row_merge_write slot=0 started_ns=1790110503894692000 ended_ns=1790110503897887375 elapsed_us=3195 block_gets=0 block_puts=0 deleted=0
checkpoint_phase lsn=21552 phase=value_index_schedule slot=0 started_ns=1790110503897904000 ended_ns=1790110503923071417 elapsed_us=25167 block_gets=8 block_puts=0 deleted=0
checkpoint_phase lsn=21552 phase=row_merge_write slot=0 started_ns=1790110503923082000 ended_ns=1790110503926507416 elapsed_us=3425 block_gets=0 block_puts=0 deleted=0
checkpoint_phase lsn=21552 phase=value_index_schedule slot=0 started_ns=1790110503926528000 ended_ns=1790110503952513167 elapsed_us=25985 block_gets=8 block_puts=0 deleted=0
checkpoint_phase lsn=21552 phase=row_merge_write slot=0 started_ns=1790110503952525000 ended_ns=1790110503955713958 elapsed_us=3188 block_gets=0 block_puts=0 deleted=0
checkpoint_phase lsn=21552 phase=value_index_schedule slot=0 started_ns=1790110503955730000 ended_ns=1790110503981075917 elapsed_us=25345 block_gets=8 block_puts=0 deleted=0
checkpoint_phase lsn=21552 phase=row_merge_write slot=0 started_ns=1790110503981092000 ended_ns=1790110503984300833 elapsed_us=3208 block_gets=0 block_puts=0 deleted=0
checkpoint_phase lsn=21552 phase=value_index_schedule slot=0 started_ns=1790110503984321000 ended_ns=1790110504008533334 elapsed_us=24212 block_gets=8 block_puts=0 deleted=0
checkpoint_phase lsn=21552 phase=row_merge_write slot=0 started_ns=1790110504008547000 ended_ns=1790110504011822166 elapsed_us=3275 block_gets=0 block_puts=0 deleted=0
checkpoint_phase lsn=21552 phase=value_index_schedule slot=0 started_ns=1790110504011835000 ended_ns=1790110504038429709 elapsed_us=26594 block_gets=8 block_puts=0 deleted=0
checkpoint_phase lsn=21552 phase=row_merge_write slot=0 started_ns=1790110504038440000 ended_ns=1790110504041671000 elapsed_us=3231 block_gets=0 block_puts=0 deleted=0
checkpoint_phase lsn=21552 phase=value_index_schedule slot=0 started_ns=1790110504041681000 ended_ns=1790110504068247125 elapsed_us=26566 block_gets=8 block_puts=0 deleted=0
checkpoint_phase lsn=21552 phase=row_merge_write slot=0 started_ns=1790110504068269000 ended_ns=1790110504071806417 elapsed_us=3537 block_gets=0 block_puts=0 deleted=0
checkpoint_phase lsn=21552 phase=value_index_schedule slot=0 started_ns=1790110504071825000 ended_ns=1790110504097196750 elapsed_us=25371 block_gets=8 block_puts=0 deleted=0
checkpoint_phase lsn=21552 phase=row_merge_write slot=0 started_ns=1790110504097208000 ended_ns=1790110504100458667 elapsed_us=3250 block_gets=0 block_puts=0 deleted=0
checkpoint_phase lsn=21552 phase=value_index_schedule slot=0 started_ns=1790110504100477000 ended_ns=1790110504123290125 elapsed_us=22813 block_gets=8 block_puts=0 deleted=0
checkpoint_phase lsn=21552 phase=row_merge_write slot=0 started_ns=1790110504123302000 ended_ns=1790110504126511083 elapsed_us=3209 block_gets=0 block_puts=0 deleted=0
checkpoint_phase lsn=21552 phase=value_index_schedule slot=0 started_ns=1790110504126537000 ended_ns=1790110504142581583 elapsed_us=16044 block_gets=5 block_puts=0 deleted=0
checkpoint_phase lsn=21552 phase=row_merge_write slot=0 started_ns=1790110504142614000 ended_ns=1790110504146192583 elapsed_us=3578 block_gets=0 block_puts=0 deleted=0
checkpoint_phase lsn=21552 phase=value_index_schedule slot=0 started_ns=1790110504146217000 ended_ns=1790110504147374000 elapsed_us=1157 block_gets=0 block_puts=0 deleted=0
checkpoint_phase lsn=21552 phase=row_merge_write slot=0 started_ns=1790110504147385000 ended_ns=1790110504158214000 elapsed_us=10829 block_gets=0 block_puts=3 deleted=0
checkpoint_phase lsn=21552 phase=value_index_schedule slot=0 started_ns=1790110504158227000 ended_ns=1790110504158944167 elapsed_us=717 block_gets=0 block_puts=0 deleted=0
checkpoint_phase lsn=21552 phase=value_index_schedule slot=0 started_ns=1790110504158952000 ended_ns=1790110504158979583 elapsed_us=27 block_gets=0 block_puts=0 deleted=0
checkpoint_phase lsn=21552 phase=value_index_schedule slot=0 started_ns=1790110504158982000 ended_ns=1790110504159004958 elapsed_us=22 block_gets=0 block_puts=0 deleted=0
checkpoint_phase lsn=21552 phase=value_index_schedule slot=0 started_ns=1790110504159009000 ended_ns=1790110504159031708 elapsed_us=22 block_gets=0 block_puts=0 deleted=0
checkpoint_phase lsn=21552 phase=value_index_schedule slot=0 started_ns=1790110504159034000 ended_ns=1790110504162810583 elapsed_us=3776 block_gets=0 block_puts=1 deleted=0
checkpoint_phase lsn=21552 phase=value_index_schedule slot=0 started_ns=1790110504162819000 ended_ns=1790110504175090500 elapsed_us=12271 block_gets=0 block_puts=4 deleted=0
checkpoint_phase lsn=21552 phase=value_index_schedule slot=0 started_ns=1790110504175106000 ended_ns=1790110504175913500 elapsed_us=807 block_gets=0 block_puts=0 deleted=0
checkpoint_phase lsn=21552 phase=value_index_schedule slot=0 started_ns=1790110504175918000 ended_ns=1790110504176005208 elapsed_us=87 block_gets=0 block_puts=0 deleted=0
checkpoint_phase lsn=21552 phase=value_index_schedule slot=0 started_ns=1790110504176009000 ended_ns=1790110504176164041 elapsed_us=155 block_gets=0 block_puts=0 deleted=0
checkpoint_phase lsn=21552 phase=value_index_schedule slot=0 started_ns=1790110504176180000 ended_ns=1790110504176258875 elapsed_us=78 block_gets=0 block_puts=0 deleted=0
checkpoint_phase lsn=21552 phase=value_index_schedule slot=0 started_ns=1790110504176269000 ended_ns=1790110504180961416 elapsed_us=4692 block_gets=0 block_puts=1 deleted=0
checkpoint_phase lsn=21552 phase=value_index_schedule slot=0 started_ns=1790110504180972000 ended_ns=1790110504181179417 elapsed_us=207 block_gets=0 block_puts=0 deleted=0
checkpoint_phase lsn=21552 phase=value_index_schedule slot=0 started_ns=1790110504181183000 ended_ns=1790110504181388542 elapsed_us=205 block_gets=0 block_puts=0 deleted=0
checkpoint_phase lsn=21552 phase=value_index_schedule slot=0 started_ns=1790110504181392000 ended_ns=1790110504185568500 elapsed_us=4176 block_gets=0 block_puts=1 deleted=0
checkpoint_phase lsn=21552 phase=value_index_schedule slot=0 started_ns=1790110504185575000 ended_ns=1790110504185782292 elapsed_us=207 block_gets=0 block_puts=0 deleted=0
checkpoint_phase lsn=21552 phase=value_index_schedule slot=0 started_ns=1790110504185798000 ended_ns=1790110504185869334 elapsed_us=71 block_gets=0 block_puts=0 deleted=0
checkpoint_phase lsn=21552 phase=value_index_schedule slot=0 started_ns=1790110504185872000 ended_ns=1790110504199584458 elapsed_us=13712 block_gets=0 block_puts=4 deleted=0
checkpoint_phase lsn=21552 phase=value_index_schedule slot=0 started_ns=1790110504199594000 ended_ns=1790110504201045416 elapsed_us=1451 block_gets=0 block_puts=0 deleted=0
checkpoint_phase lsn=21552 phase=value_index_schedule slot=0 started_ns=1790110504201050000 ended_ns=1790110504214069084 elapsed_us=13019 block_gets=0 block_puts=4 deleted=0
checkpoint_phase lsn=21552 phase=value_index_schedule slot=0 started_ns=1790110504214081000 ended_ns=1790110504214081291 elapsed_us=0 block_gets=0 block_puts=0 deleted=0
checkpoint_phase lsn=21552 phase=value_index_schedule slot=0 started_ns=1790110504214085000 ended_ns=1790110504214798125 elapsed_us=713 block_gets=0 block_puts=0 deleted=0
checkpoint_phase lsn=21552 phase=value_index_schedule slot=0 started_ns=1790110504214803000 ended_ns=1790110504215051417 elapsed_us=248 block_gets=0 block_puts=0 deleted=0
checkpoint_phase lsn=21552 phase=value_index_schedule slot=0 started_ns=1790110504215055000 ended_ns=1790110504215301375 elapsed_us=246 block_gets=0 block_puts=0 deleted=0
checkpoint_phase lsn=21552 phase=value_index_schedule slot=0 started_ns=1790110504215309000 ended_ns=1790110504215558792 elapsed_us=249 block_gets=0 block_puts=0 deleted=0
checkpoint_phase lsn=21552 phase=value_index_schedule slot=0 started_ns=1790110504215565000 ended_ns=1790110504221215458 elapsed_us=5650 block_gets=0 block_puts=1 deleted=0
checkpoint_phase lsn=21552 phase=value_index_schedule slot=0 started_ns=1790110504221223000 ended_ns=1790110504221459375 elapsed_us=236 block_gets=0 block_puts=0 deleted=0
checkpoint_phase lsn=21552 phase=value_index_schedule slot=0 started_ns=1790110504221462000 ended_ns=1790110504221695500 elapsed_us=233 block_gets=0 block_puts=0 deleted=0
checkpoint_phase lsn=21552 phase=value_index_schedule slot=0 started_ns=1790110504221699000 ended_ns=1790110504226230542 elapsed_us=4531 block_gets=0 block_puts=1 deleted=0
checkpoint_phase lsn=21552 phase=value_index_schedule slot=0 started_ns=1790110504226239000 ended_ns=1790110504226407500 elapsed_us=168 block_gets=0 block_puts=0 deleted=0
checkpoint_phase lsn=21552 phase=value_index_schedule slot=0 started_ns=1790110504226413000 ended_ns=1790110504226579084 elapsed_us=166 block_gets=0 block_puts=0 deleted=0
checkpoint_phase lsn=21552 phase=value_index_schedule slot=0 started_ns=1790110504226586000 ended_ns=1790110504226618625 elapsed_us=32 block_gets=0 block_puts=0 deleted=0
checkpoint_phase lsn=21552 phase=value_index_schedule slot=0 started_ns=1790110504226625000 ended_ns=1790110504239942542 elapsed_us=13317 block_gets=0 block_puts=4 deleted=0
checkpoint_phase lsn=21552 phase=value_index_schedule slot=0 started_ns=1790110504239953000 ended_ns=1790110504239953208 elapsed_us=0 block_gets=0 block_puts=0 deleted=0
checkpoint_phase lsn=21552 phase=value_index_write slot=0 started_ns=1790110504239957000 ended_ns=1790110504240199541 elapsed_us=242 block_gets=0 block_puts=0 deleted=0
checkpoint_phase lsn=21552 phase=value_index_write slot=0 started_ns=1790110504240202000 ended_ns=1790110504240276000 elapsed_us=74 block_gets=0 block_puts=0 deleted=0
checkpoint_phase lsn=21552 phase=value_index_write slot=0 started_ns=1790110504240280000 ended_ns=1790110504240353834 elapsed_us=73 block_gets=0 block_puts=0 deleted=0
checkpoint_phase lsn=21552 phase=value_index_write slot=0 started_ns=1790110504240359000 ended_ns=1790110504240594375 elapsed_us=235 block_gets=0 block_puts=0 deleted=0
checkpoint_phase lsn=21552 phase=value_index_write slot=0 started_ns=1790110504240600000 ended_ns=1790110504240674000 elapsed_us=74 block_gets=0 block_puts=0 deleted=0
checkpoint_phase lsn=21552 phase=value_index_write slot=0 started_ns=1790110504240676000 ended_ns=1790110504247587042 elapsed_us=6911 block_gets=0 block_puts=1 deleted=0
checkpoint_phase lsn=21552 phase=value_index_write slot=0 started_ns=1790110504247611000 ended_ns=1790110504247834708 elapsed_us=223 block_gets=0 block_puts=0 deleted=0
checkpoint_phase lsn=21552 phase=value_index_write slot=0 started_ns=1790110504247848000 ended_ns=1790110504247922833 elapsed_us=74 block_gets=0 block_puts=0 deleted=0
checkpoint_phase lsn=21552 phase=value_index_write slot=0 started_ns=1790110504247927000 ended_ns=1790110504248010417 elapsed_us=83 block_gets=0 block_puts=0 deleted=0
checkpoint_phase lsn=21552 phase=value_index_write slot=0 started_ns=1790110504248025000 ended_ns=1790110504252476583 elapsed_us=4451 block_gets=0 block_puts=1 deleted=0
checkpoint_phase lsn=21552 phase=value_index_schedule slot=0 started_ns=1790110504252491000 ended_ns=1790110504252978208 elapsed_us=487 block_gets=0 block_puts=0 deleted=0
checkpoint_phase lsn=21552 phase=value_index_schedule slot=0 started_ns=1790110504252984000 ended_ns=1790110504253147083 elapsed_us=163 block_gets=0 block_puts=0 deleted=0
checkpoint_phase lsn=21552 phase=value_index_schedule slot=0 started_ns=1790110504253154000 ended_ns=1790110504253851500 elapsed_us=697 block_gets=0 block_puts=0 deleted=0
checkpoint_phase lsn=21552 phase=value_index_schedule slot=0 started_ns=1790110504253856000 ended_ns=1790110504255253500 elapsed_us=1397 block_gets=0 block_puts=0 deleted=0
checkpoint_phase lsn=21552 phase=value_index_schedule slot=0 started_ns=1790110504255260000 ended_ns=1790110504260506917 elapsed_us=5246 block_gets=0 block_puts=0 deleted=0
checkpoint_phase lsn=21552 phase=value_index_schedule slot=0 started_ns=1790110504260517000 ended_ns=1790110504265980333 elapsed_us=5463 block_gets=0 block_puts=0 deleted=0
checkpoint_phase lsn=21552 phase=value_index_schedule slot=0 started_ns=1790110504265991000 ended_ns=1790110504290613125 elapsed_us=24622 block_gets=6 block_puts=0 deleted=0
checkpoint_phase lsn=21552 phase=value_index_schedule slot=0 started_ns=1790110504290636000 ended_ns=1790110504290663583 elapsed_us=27 block_gets=0 block_puts=0 deleted=0
checkpoint_phase lsn=21552 phase=value_index_schedule slot=0 started_ns=1790110504290672000 ended_ns=1790110504290693917 elapsed_us=21 block_gets=0 block_puts=0 deleted=0
checkpoint_phase lsn=21552 phase=value_index_schedule slot=0 started_ns=1790110504290700000 ended_ns=1790110504295808084 elapsed_us=5108 block_gets=0 block_puts=1 deleted=0
checkpoint_phase lsn=21552 phase=value_index_schedule slot=0 started_ns=1790110504295821000 ended_ns=1790110504307688625 elapsed_us=11867 block_gets=0 block_puts=4 deleted=0
checkpoint_phase lsn=21552 phase=value_index_schedule slot=0 started_ns=1790110504307704000 ended_ns=1790110504330183625 elapsed_us=22479 block_gets=8 block_puts=0 deleted=0
checkpoint_phase lsn=21552 phase=value_index_schedule slot=0 started_ns=1790110504330201000 ended_ns=1790110504352558000 elapsed_us=22357 block_gets=8 block_puts=0 deleted=0
checkpoint_phase lsn=21552 phase=value_index_schedule slot=0 started_ns=1790110504352571000 ended_ns=1790110504374638166 elapsed_us=22067 block_gets=8 block_puts=0 deleted=0
checkpoint_phase lsn=21552 phase=value_index_schedule slot=0 started_ns=1790110504374656000 ended_ns=1790110504399887833 elapsed_us=25231 block_gets=8 block_puts=0 deleted=0
checkpoint_phase lsn=21552 phase=value_index_schedule slot=0 started_ns=1790110504399906000 ended_ns=1790110504422635625 elapsed_us=22729 block_gets=8 block_puts=0 deleted=0
checkpoint_phase lsn=21552 phase=value_index_schedule slot=0 started_ns=1790110504422648000 ended_ns=1790110504447107917 elapsed_us=24459 block_gets=8 block_puts=0 deleted=0
checkpoint_phase lsn=21552 phase=value_index_schedule slot=0 started_ns=1790110504447120000 ended_ns=1790110504472581667 elapsed_us=25461 block_gets=8 block_puts=0 deleted=0
checkpoint_phase lsn=21552 phase=value_index_schedule slot=0 started_ns=1790110504472596000 ended_ns=1790110504496840792 elapsed_us=24244 block_gets=8 block_puts=0 deleted=0
checkpoint_phase lsn=21552 phase=value_index_schedule slot=0 started_ns=1790110504496885000 ended_ns=1790110504519167708 elapsed_us=22282 block_gets=8 block_puts=0 deleted=0
checkpoint_phase lsn=21552 phase=value_index_schedule slot=0 started_ns=1790110504519184000 ended_ns=1790110504541601500 elapsed_us=22417 block_gets=8 block_puts=0 deleted=0
checkpoint_phase lsn=21552 phase=value_index_schedule slot=0 started_ns=1790110504541614000 ended_ns=1790110504564502125 elapsed_us=22888 block_gets=8 block_puts=0 deleted=0
checkpoint_phase lsn=21552 phase=value_index_schedule slot=0 started_ns=1790110504564517000 ended_ns=1790110504588013709 elapsed_us=23496 block_gets=8 block_puts=0 deleted=0
checkpoint_phase lsn=21552 phase=value_index_schedule slot=0 started_ns=1790110504588031000 ended_ns=1790110504612705084 elapsed_us=24674 block_gets=8 block_puts=0 deleted=0
checkpoint_phase lsn=21552 phase=value_index_schedule slot=0 started_ns=1790110504612718000 ended_ns=1790110504637378000 elapsed_us=24660 block_gets=8 block_puts=0 deleted=0
checkpoint_phase lsn=21552 phase=value_index_schedule slot=0 started_ns=1790110504637393000 ended_ns=1790110504662285375 elapsed_us=24892 block_gets=8 block_puts=0 deleted=0
checkpoint_phase lsn=21552 phase=value_index_schedule slot=0 started_ns=1790110504662297000 ended_ns=1790110504687078334 elapsed_us=24781 block_gets=8 block_puts=0 deleted=0
checkpoint_phase lsn=21552 phase=value_index_schedule slot=0 started_ns=1790110504687093000 ended_ns=1790110504713870000 elapsed_us=26777 block_gets=8 block_puts=0 deleted=0
checkpoint_phase lsn=21552 phase=value_index_schedule slot=0 started_ns=1790110504713888000 ended_ns=1790110504740718166 elapsed_us=26830 block_gets=8 block_puts=0 deleted=0
checkpoint_phase lsn=21552 phase=value_index_schedule slot=0 started_ns=1790110504740742000 ended_ns=1790110504769369042 elapsed_us=28627 block_gets=8 block_puts=0 deleted=0
checkpoint_phase lsn=21552 phase=value_index_schedule slot=0 started_ns=1790110504769385000 ended_ns=1790110504795299125 elapsed_us=25914 block_gets=8 block_puts=0 deleted=0
checkpoint_phase lsn=21552 phase=value_index_schedule slot=0 started_ns=1790110504795313000 ended_ns=1790110504824549291 elapsed_us=29236 block_gets=8 block_puts=0 deleted=0
checkpoint_phase lsn=21552 phase=value_index_schedule slot=0 started_ns=1790110504824569000 ended_ns=1790110504847737000 elapsed_us=23168 block_gets=8 block_puts=0 deleted=0
checkpoint_phase lsn=21552 phase=value_index_schedule slot=0 started_ns=1790110504847752000 ended_ns=1790110504872665125 elapsed_us=24913 block_gets=8 block_puts=0 deleted=0
checkpoint_phase lsn=21552 phase=value_index_schedule slot=0 started_ns=1790110504872683000 ended_ns=1790110504897630000 elapsed_us=24947 block_gets=8 block_puts=0 deleted=0
checkpoint_phase lsn=21552 phase=value_index_schedule slot=0 started_ns=1790110504897644000 ended_ns=1790110504923563792 elapsed_us=25919 block_gets=8 block_puts=0 deleted=0
checkpoint_phase lsn=21552 phase=value_index_schedule slot=0 started_ns=1790110504923578000 ended_ns=1790110504947914708 elapsed_us=24336 block_gets=8 block_puts=0 deleted=0
checkpoint_phase lsn=21552 phase=value_index_schedule slot=0 started_ns=1790110504947928000 ended_ns=1790110504972486917 elapsed_us=24558 block_gets=8 block_puts=0 deleted=0
checkpoint_phase lsn=21552 phase=value_index_schedule slot=0 started_ns=1790110504972501000 ended_ns=1790110504989598375 elapsed_us=17097 block_gets=5 block_puts=0 deleted=0
checkpoint_phase lsn=21552 phase=value_index_schedule slot=0 started_ns=1790110504989613000 ended_ns=1790110504989640416 elapsed_us=27 block_gets=0 block_puts=0 deleted=0
checkpoint_phase lsn=21552 phase=value_index_schedule slot=0 started_ns=1790110504989645000 ended_ns=1790110504989667125 elapsed_us=22 block_gets=0 block_puts=0 deleted=0
checkpoint_phase lsn=21552 phase=value_index_schedule slot=0 started_ns=1790110504989671000 ended_ns=1790110504993186709 elapsed_us=3515 block_gets=0 block_puts=1 deleted=0
checkpoint_phase lsn=21552 phase=value_index_schedule slot=0 started_ns=1790110504993194000 ended_ns=1790110505005988459 elapsed_us=12794 block_gets=0 block_puts=4 deleted=0
checkpoint_phase lsn=21552 phase=value_index_schedule slot=0 started_ns=1790110505006038000 ended_ns=1790110505006881917 elapsed_us=843 block_gets=0 block_puts=0 deleted=0
checkpoint_phase lsn=21552 phase=value_index_schedule slot=0 started_ns=1790110505006895000 ended_ns=1790110505007097625 elapsed_us=202 block_gets=0 block_puts=0 deleted=0
checkpoint_phase lsn=21552 phase=value_index_schedule slot=0 started_ns=1790110505007212000 ended_ns=1790110505007447500 elapsed_us=235 block_gets=0 block_puts=0 deleted=0
checkpoint_phase lsn=21552 phase=value_index_schedule slot=0 started_ns=1790110505007460000 ended_ns=1790110505012418708 elapsed_us=4958 block_gets=0 block_puts=1 deleted=0
checkpoint_phase lsn=21552 phase=value_index_schedule slot=0 started_ns=1790110505012429000 ended_ns=1790110505012815958 elapsed_us=386 block_gets=0 block_puts=0 deleted=0
checkpoint_phase lsn=21552 phase=value_index_schedule slot=0 started_ns=1790110505012827000 ended_ns=1790110505013174459 elapsed_us=347 block_gets=0 block_puts=0 deleted=0
checkpoint_phase lsn=21552 phase=value_index_schedule slot=0 started_ns=1790110505013181000 ended_ns=1790110505018033375 elapsed_us=4852 block_gets=0 block_puts=1 deleted=0
checkpoint_phase lsn=21552 phase=value_index_schedule slot=0 started_ns=1790110505018042000 ended_ns=1790110505018332833 elapsed_us=290 block_gets=0 block_puts=0 deleted=0
checkpoint_phase lsn=21552 phase=value_index_schedule slot=0 started_ns=1790110505018342000 ended_ns=1790110505018386833 elapsed_us=44 block_gets=0 block_puts=0 deleted=0
checkpoint_phase lsn=21552 phase=value_index_schedule slot=0 started_ns=1790110505018396000 ended_ns=1790110505033270541 elapsed_us=14874 block_gets=0 block_puts=4 deleted=0
checkpoint_phase lsn=21552 phase=value_index_schedule slot=0 started_ns=1790110505033301000 ended_ns=1790110505041881292 elapsed_us=8580 block_gets=0 block_puts=0 deleted=0
checkpoint_phase lsn=21552 phase=value_index_schedule slot=0 started_ns=1790110505041900000 ended_ns=1790110505051029292 elapsed_us=9129 block_gets=0 block_puts=0 deleted=0
checkpoint_phase lsn=21552 phase=value_index_schedule slot=0 started_ns=1790110505053020000 ended_ns=1790110505060802209 elapsed_us=7782 block_gets=0 block_puts=0 deleted=0
checkpoint_phase lsn=21552 phase=value_index_schedule slot=0 started_ns=1790110505060831000 ended_ns=1790110505060859333 elapsed_us=28 block_gets=0 block_puts=0 deleted=0
checkpoint_phase lsn=21552 phase=value_index_schedule slot=0 started_ns=1790110505060870000 ended_ns=1790110505060892042 elapsed_us=22 block_gets=0 block_puts=0 deleted=0
checkpoint_phase lsn=21552 phase=value_index_schedule slot=0 started_ns=1790110505060899000 ended_ns=1790110505073701166 elapsed_us=12802 block_gets=0 block_puts=4 deleted=0
checkpoint_phase lsn=21552 phase=value_index_schedule slot=0 started_ns=1790110505073718000 ended_ns=1790110505073718333 elapsed_us=0 block_gets=0 block_puts=0 deleted=0
checkpoint_phase lsn=21552 phase=value_index_schedule slot=0 started_ns=1790110505073727000 ended_ns=1790110505074516334 elapsed_us=789 block_gets=0 block_puts=0 deleted=0
checkpoint_phase lsn=21552 phase=value_index_schedule slot=0 started_ns=1790110505074523000 ended_ns=1790110505074927958 elapsed_us=404 block_gets=0 block_puts=0 deleted=0
checkpoint_phase lsn=21552 phase=value_index_schedule slot=0 started_ns=1790110505074933000 ended_ns=1790110505075317375 elapsed_us=384 block_gets=0 block_puts=0 deleted=0
checkpoint_phase lsn=21552 phase=value_index_schedule slot=0 started_ns=1790110505075325000 ended_ns=1790110505080064375 elapsed_us=4739 block_gets=0 block_puts=1 deleted=0
checkpoint_phase lsn=21552 phase=value_index_schedule slot=0 started_ns=1790110505080070000 ended_ns=1790110505080447250 elapsed_us=377 block_gets=0 block_puts=0 deleted=0
checkpoint_phase lsn=21552 phase=value_index_schedule slot=0 started_ns=1790110505080451000 ended_ns=1790110505080842334 elapsed_us=391 block_gets=0 block_puts=0 deleted=0
checkpoint_phase lsn=21552 phase=value_index_schedule slot=0 started_ns=1790110505080847000 ended_ns=1790110505085458792 elapsed_us=4611 block_gets=0 block_puts=1 deleted=0
checkpoint_phase lsn=21552 phase=value_index_schedule slot=0 started_ns=1790110505085477000 ended_ns=1790110505085770291 elapsed_us=293 block_gets=0 block_puts=0 deleted=0
checkpoint_phase lsn=21552 phase=value_index_schedule slot=0 started_ns=1790110505085775000 ended_ns=1790110505085915709 elapsed_us=140 block_gets=0 block_puts=0 deleted=0
checkpoint_phase lsn=21552 phase=value_index_schedule slot=0 started_ns=1790110505085920000 ended_ns=1790110505089469083 elapsed_us=3549 block_gets=0 block_puts=1 deleted=0
checkpoint_phase lsn=21552 phase=value_index_schedule slot=0 started_ns=1790110505089479000 ended_ns=1790110505089507708 elapsed_us=28 block_gets=0 block_puts=0 deleted=0
checkpoint_phase lsn=21552 phase=value_index_schedule slot=0 started_ns=1790110505089513000 ended_ns=1790110505102283666 elapsed_us=12770 block_gets=0 block_puts=4 deleted=0
checkpoint_phase lsn=21552 phase=value_index_schedule slot=0 started_ns=1790110505102296000 ended_ns=1790110505102296208 elapsed_us=0 block_gets=0 block_puts=0 deleted=0
checkpoint_phase lsn=21552 phase=value_index_write slot=0 started_ns=1790110505102300000 ended_ns=1790110505105827958 elapsed_us=3527 block_gets=0 block_puts=1 deleted=0
checkpoint_phase lsn=21552 phase=value_index_write slot=0 started_ns=1790110505105834000 ended_ns=1790110505106334333 elapsed_us=500 block_gets=0 block_puts=0 deleted=0
checkpoint_phase lsn=21552 phase=value_index_write slot=0 started_ns=1790110505106352000 ended_ns=1790110505106998667 elapsed_us=646 block_gets=0 block_puts=0 deleted=0
checkpoint_phase lsn=21552 phase=value_index_write slot=0 started_ns=1790110505107009000 ended_ns=1790110505107427792 elapsed_us=418 block_gets=0 block_puts=0 deleted=0
checkpoint_phase lsn=21552 phase=value_index_write slot=0 started_ns=1790110505107437000 ended_ns=1790110505107858167 elapsed_us=421 block_gets=0 block_puts=0 deleted=0
checkpoint_phase lsn=21552 phase=value_index_write slot=0 started_ns=1790110505107867000 ended_ns=1790110505108457042 elapsed_us=590 block_gets=0 block_puts=0 deleted=0
checkpoint_phase lsn=21552 phase=value_index_write slot=0 started_ns=1790110505108467000 ended_ns=1790110505108880500 elapsed_us=413 block_gets=0 block_puts=0 deleted=0
checkpoint_phase lsn=21552 phase=value_index_write slot=0 started_ns=1790110505108887000 ended_ns=1790110505109300708 elapsed_us=413 block_gets=0 block_puts=0 deleted=0
checkpoint_phase lsn=21552 phase=value_index_write slot=0 started_ns=1790110505109308000 ended_ns=1790110505112346875 elapsed_us=3038 block_gets=0 block_puts=1 deleted=0
checkpoint_phase lsn=21552 phase=value_index_write slot=0 started_ns=1790110505112363000 ended_ns=1790110505115435959 elapsed_us=3072 block_gets=0 block_puts=1 deleted=0
checkpoint_phase lsn=21552 phase=value_index_schedule slot=0 started_ns=1790110505115445000 ended_ns=1790110505115475833 elapsed_us=30 block_gets=0 block_puts=0 deleted=0
checkpoint_phase lsn=21552 phase=value_index_schedule slot=0 started_ns=1790110505115481000 ended_ns=1790110505115634792 elapsed_us=153 block_gets=0 block_puts=0 deleted=0
checkpoint_phase lsn=21552 phase=value_index_schedule slot=0 started_ns=1790110505115641000 ended_ns=1790110505117896417 elapsed_us=2255 block_gets=0 block_puts=0 deleted=0
checkpoint_phase lsn=21552 phase=value_index_schedule slot=0 started_ns=1790110505117905000 ended_ns=1790110505125340000 elapsed_us=7435 block_gets=0 block_puts=0 deleted=0
checkpoint_phase lsn=21552 phase=value_index_schedule slot=0 started_ns=1790110505125352000 ended_ns=1790110505135369417 elapsed_us=10017 block_gets=0 block_puts=0 deleted=0
checkpoint_phase lsn=21552 phase=value_index_schedule slot=0 started_ns=1790110505135392000 ended_ns=1790110505141836208 elapsed_us=6444 block_gets=0 block_puts=0 deleted=0
checkpoint_phase lsn=21552 phase=value_index_schedule slot=0 started_ns=1790110505141852000 ended_ns=1790110505154429792 elapsed_us=12577 block_gets=2 block_puts=0 deleted=0
checkpoint_phase lsn=21552 phase=value_index_schedule slot=0 started_ns=1790110505154459000 ended_ns=1790110505154489667 elapsed_us=30 block_gets=0 block_puts=0 deleted=0
checkpoint_phase lsn=21552 phase=value_index_schedule slot=0 started_ns=1790110505154560000 ended_ns=1790110505154581833 elapsed_us=21 block_gets=0 block_puts=0 deleted=0
checkpoint_phase lsn=21552 phase=value_index_schedule slot=0 started_ns=1790110505154597000 ended_ns=1790110505159362625 elapsed_us=4765 block_gets=0 block_puts=1 deleted=0
checkpoint_phase lsn=21552 phase=value_index_schedule slot=0 started_ns=1790110505159380000 ended_ns=1790110505174077000 elapsed_us=14697 block_gets=0 block_puts=4 deleted=0
checkpoint_phase lsn=21552 phase=value_index_schedule slot=0 started_ns=1790110505174095000 ended_ns=1790110505203428333 elapsed_us=29333 block_gets=8 block_puts=0 deleted=0
checkpoint_phase lsn=21552 phase=value_index_schedule slot=0 started_ns=1790110505203445000 ended_ns=1790110505227265667 elapsed_us=23820 block_gets=8 block_puts=0 deleted=0
checkpoint_phase lsn=21552 phase=value_index_schedule slot=0 started_ns=1790110505227279000 ended_ns=1790110505252154625 elapsed_us=24875 block_gets=8 block_puts=0 deleted=0
checkpoint_phase lsn=21552 phase=value_index_schedule slot=0 started_ns=1790110505252169000 ended_ns=1790110505275584709 elapsed_us=23415 block_gets=8 block_puts=0 deleted=0
checkpoint_phase lsn=21552 phase=value_index_schedule slot=0 started_ns=1790110505275600000 ended_ns=1790110505299108666 elapsed_us=23508 block_gets=8 block_puts=0 deleted=0
checkpoint_phase lsn=21552 phase=value_index_schedule slot=0 started_ns=1790110505299124000 ended_ns=1790110505324726375 elapsed_us=25602 block_gets=8 block_puts=0 deleted=0
checkpoint_phase lsn=21552 phase=value_index_schedule slot=0 started_ns=1790110505324743000 ended_ns=1790110505347386791 elapsed_us=22643 block_gets=8 block_puts=0 deleted=0
checkpoint_phase lsn=21552 phase=value_index_schedule slot=0 started_ns=1790110505347404000 ended_ns=1790110505373809792 elapsed_us=26405 block_gets=8 block_puts=0 deleted=0
checkpoint_phase lsn=21552 phase=value_index_schedule slot=0 started_ns=1790110505373828000 ended_ns=1790110505400283333 elapsed_us=26455 block_gets=8 block_puts=0 deleted=0
checkpoint_phase lsn=21552 phase=value_index_schedule slot=0 started_ns=1790110505400305000 ended_ns=1790110505426257208 elapsed_us=25952 block_gets=8 block_puts=0 deleted=0
checkpoint_phase lsn=21552 phase=value_index_schedule slot=0 started_ns=1790110505426274000 ended_ns=1790110505451440292 elapsed_us=25166 block_gets=8 block_puts=0 deleted=0
checkpoint_phase lsn=21552 phase=value_index_schedule slot=0 started_ns=1790110505451456000 ended_ns=1790110505474196791 elapsed_us=22740 block_gets=8 block_puts=0 deleted=0
checkpoint_phase lsn=21552 phase=value_index_schedule slot=0 started_ns=1790110505474212000 ended_ns=1790110505497647083 elapsed_us=23435 block_gets=8 block_puts=0 deleted=0
checkpoint_phase lsn=21552 phase=value_index_schedule slot=0 started_ns=1790110505497667000 ended_ns=1790110505522912750 elapsed_us=25245 block_gets=8 block_puts=0 deleted=0
checkpoint_phase lsn=21552 phase=value_index_schedule slot=0 started_ns=1790110505522929000 ended_ns=1790110505549329917 elapsed_us=26400 block_gets=8 block_puts=0 deleted=0
checkpoint_phase lsn=21552 phase=value_index_schedule slot=0 started_ns=1790110505549345000 ended_ns=1790110505572883083 elapsed_us=23538 block_gets=8 block_puts=0 deleted=0
checkpoint_phase lsn=21552 phase=value_index_schedule slot=0 started_ns=1790110505572897000 ended_ns=1790110505597166167 elapsed_us=24269 block_gets=8 block_puts=0 deleted=0
checkpoint_phase lsn=21552 phase=value_index_schedule slot=0 started_ns=1790110505597198000 ended_ns=1790110505620661250 elapsed_us=23463 block_gets=8 block_puts=0 deleted=0
checkpoint_phase lsn=21552 phase=value_index_schedule slot=0 started_ns=1790110505620677000 ended_ns=1790110505649750667 elapsed_us=29073 block_gets=8 block_puts=0 deleted=0
checkpoint_phase lsn=21552 phase=value_index_schedule slot=0 started_ns=1790110505649766000 ended_ns=1790110505674790500 elapsed_us=25024 block_gets=8 block_puts=0 deleted=0
checkpoint_phase lsn=21552 phase=value_index_schedule slot=0 started_ns=1790110505674828000 ended_ns=1790110505698449250 elapsed_us=23621 block_gets=8 block_puts=0 deleted=0
checkpoint_phase lsn=21552 phase=value_index_schedule slot=0 started_ns=1790110505698475000 ended_ns=1790110505725379584 elapsed_us=26904 block_gets=8 block_puts=0 deleted=0
checkpoint_phase lsn=21552 phase=value_index_schedule slot=0 started_ns=1790110505725396000 ended_ns=1790110505750768750 elapsed_us=25372 block_gets=8 block_puts=0 deleted=0
checkpoint_phase lsn=21552 phase=value_index_schedule slot=0 started_ns=1790110505750785000 ended_ns=1790110505776582917 elapsed_us=25797 block_gets=8 block_puts=0 deleted=0
checkpoint_phase lsn=21552 phase=value_index_schedule slot=0 started_ns=1790110505776598000 ended_ns=1790110505804624500 elapsed_us=28026 block_gets=8 block_puts=0 deleted=0
checkpoint_phase lsn=21552 phase=value_index_schedule slot=0 started_ns=1790110505804640000 ended_ns=1790110505832059708 elapsed_us=27419 block_gets=8 block_puts=0 deleted=0
checkpoint_phase lsn=21552 phase=value_index_schedule slot=0 started_ns=1790110505832079000 ended_ns=1790110505854428208 elapsed_us=22349 block_gets=8 block_puts=0 deleted=0
checkpoint_phase lsn=21552 phase=value_index_schedule slot=0 started_ns=1790110505854447000 ended_ns=1790110505875911542 elapsed_us=21464 block_gets=8 block_puts=0 deleted=0
checkpoint_phase lsn=21552 phase=value_index_schedule slot=0 started_ns=1790110505875931000 ended_ns=1790110505881233667 elapsed_us=5302 block_gets=1 block_puts=0 deleted=0
checkpoint_phase lsn=21552 phase=value_index_schedule slot=0 started_ns=1790110505881252000 ended_ns=1790110505881279708 elapsed_us=27 block_gets=0 block_puts=0 deleted=0
checkpoint_phase lsn=21552 phase=value_index_schedule slot=0 started_ns=1790110505881291000 ended_ns=1790110505881312792 elapsed_us=21 block_gets=0 block_puts=0 deleted=0
checkpoint_phase lsn=21552 phase=value_index_schedule slot=0 started_ns=1790110505881317000 ended_ns=1790110505884909750 elapsed_us=3592 block_gets=0 block_puts=1 deleted=0
checkpoint_phase lsn=21552 phase=value_index_schedule slot=0 started_ns=1790110505884927000 ended_ns=1790110505897742958 elapsed_us=12815 block_gets=0 block_puts=4 deleted=0
checkpoint_phase lsn=21552 phase=value_index_schedule slot=0 started_ns=1790110505897760000 ended_ns=1790110505898552125 elapsed_us=792 block_gets=0 block_puts=0 deleted=0
checkpoint_phase lsn=21552 phase=value_index_schedule slot=0 started_ns=1790110505898558000 ended_ns=1790110505898763541 elapsed_us=205 block_gets=0 block_puts=0 deleted=0
checkpoint_phase lsn=21552 phase=value_index_schedule slot=0 started_ns=1790110505898770000 ended_ns=1790110505898967583 elapsed_us=197 block_gets=0 block_puts=0 deleted=0
checkpoint_phase lsn=21552 phase=value_index_schedule slot=0 started_ns=1790110505898973000 ended_ns=1790110505904287916 elapsed_us=5314 block_gets=0 block_puts=1 deleted=0
checkpoint_phase lsn=21552 phase=value_index_schedule slot=0 started_ns=1790110505904308000 ended_ns=1790110505904673042 elapsed_us=365 block_gets=0 block_puts=0 deleted=0
checkpoint_phase lsn=21552 phase=value_index_schedule slot=0 started_ns=1790110505904685000 ended_ns=1790110505905063167 elapsed_us=378 block_gets=0 block_puts=0 deleted=0
checkpoint_phase lsn=21552 phase=value_index_schedule slot=0 started_ns=1790110505905082000 ended_ns=1790110505909028625 elapsed_us=3946 block_gets=0 block_puts=1 deleted=0
checkpoint_phase lsn=21552 phase=value_index_schedule slot=0 started_ns=1790110505909055000 ended_ns=1790110505909340000 elapsed_us=285 block_gets=0 block_puts=0 deleted=0
checkpoint_phase lsn=21552 phase=value_index_schedule slot=0 started_ns=1790110505909353000 ended_ns=1790110505923808334 elapsed_us=14455 block_gets=0 block_puts=4 deleted=0
checkpoint_phase lsn=21552 phase=value_index_schedule slot=0 started_ns=1790110505923826000 ended_ns=1790110505931774750 elapsed_us=7948 block_gets=0 block_puts=0 deleted=0
checkpoint_phase lsn=21552 phase=value_index_schedule slot=0 started_ns=1790110505931793000 ended_ns=1790110505939416208 elapsed_us=7623 block_gets=0 block_puts=0 deleted=0
checkpoint_phase lsn=21552 phase=value_index_schedule slot=0 started_ns=1790110505939472000 ended_ns=1790110505946478834 elapsed_us=7006 block_gets=0 block_puts=0 deleted=0
checkpoint_phase lsn=21552 phase=value_index_schedule slot=0 started_ns=1790110505946501000 ended_ns=1790110505946528416 elapsed_us=27 block_gets=0 block_puts=0 deleted=0
checkpoint_phase lsn=21552 phase=value_index_schedule slot=0 started_ns=1790110505946536000 ended_ns=1790110505946557334 elapsed_us=21 block_gets=0 block_puts=0 deleted=0
checkpoint_phase lsn=21552 phase=value_index_schedule slot=0 started_ns=1790110505946565000 ended_ns=1790110505951116375 elapsed_us=4551 block_gets=0 block_puts=1 deleted=0
checkpoint_phase lsn=21552 phase=value_index_schedule slot=0 started_ns=1790110505951130000 ended_ns=1790110505964758875 elapsed_us=13628 block_gets=0 block_puts=4 deleted=0
checkpoint_phase lsn=21552 phase=value_index_schedule slot=0 started_ns=1790110505964786000 ended_ns=1790110505964786292 elapsed_us=0 block_gets=0 block_puts=0 deleted=0
checkpoint_phase lsn=21552 phase=value_index_schedule slot=0 started_ns=1790110505964797000 ended_ns=1790110505965581583 elapsed_us=784 block_gets=0 block_puts=0 deleted=0
checkpoint_phase lsn=21552 phase=value_index_schedule slot=0 started_ns=1790110505965598000 ended_ns=1790110505965990958 elapsed_us=392 block_gets=0 block_puts=0 deleted=0
checkpoint_phase lsn=21552 phase=value_index_schedule slot=0 started_ns=1790110505966002000 ended_ns=1790110505966381833 elapsed_us=379 block_gets=0 block_puts=0 deleted=0
checkpoint_phase lsn=21552 phase=value_index_schedule slot=0 started_ns=1790110505966388000 ended_ns=1790110505972279292 elapsed_us=5891 block_gets=0 block_puts=1 deleted=0
checkpoint_phase lsn=21552 phase=value_index_schedule slot=0 started_ns=1790110505972294000 ended_ns=1790110505972693667 elapsed_us=399 block_gets=0 block_puts=0 deleted=0
checkpoint_phase lsn=21552 phase=value_index_schedule slot=0 started_ns=1790110505972700000 ended_ns=1790110505973098083 elapsed_us=398 block_gets=0 block_puts=0 deleted=0
checkpoint_phase lsn=21552 phase=value_index_schedule slot=0 started_ns=1790110505973107000 ended_ns=1790110505978685167 elapsed_us=5578 block_gets=0 block_puts=1 deleted=0
checkpoint_phase lsn=21552 phase=value_index_schedule slot=0 started_ns=1790110505978699000 ended_ns=1790110505978992334 elapsed_us=293 block_gets=0 block_puts=0 deleted=0
checkpoint_phase lsn=21552 phase=value_index_schedule slot=0 started_ns=1790110505978999000 ended_ns=1790110505979035583 elapsed_us=36 block_gets=0 block_puts=0 deleted=0
checkpoint_phase lsn=21552 phase=value_index_schedule slot=0 started_ns=1790110505979040000 ended_ns=1790110505983262666 elapsed_us=4222 block_gets=0 block_puts=1 deleted=0
checkpoint_phase lsn=21552 phase=value_index_schedule slot=0 started_ns=1790110505983285000 ended_ns=1790110505983325208 elapsed_us=40 block_gets=0 block_puts=0 deleted=0
checkpoint_phase lsn=21552 phase=value_index_schedule slot=0 started_ns=1790110505983334000 ended_ns=1790110505998593000 elapsed_us=15259 block_gets=0 block_puts=4 deleted=0
checkpoint_phase lsn=21552 phase=value_index_schedule slot=0 started_ns=1790110505998613000 ended_ns=1790110505998613208 elapsed_us=0 block_gets=0 block_puts=0 deleted=0
checkpoint_phase lsn=21552 phase=value_index_write slot=0 started_ns=1790110505998618000 ended_ns=1790110506003421167 elapsed_us=4803 block_gets=0 block_puts=1 deleted=0
checkpoint_phase lsn=21552 phase=value_index_write slot=0 started_ns=1790110506003440000 ended_ns=1790110506003907875 elapsed_us=467 block_gets=0 block_puts=0 deleted=0
checkpoint_phase lsn=21552 phase=value_index_write slot=0 started_ns=1790110506003916000 ended_ns=1790110506004529167 elapsed_us=613 block_gets=0 block_puts=0 deleted=0
checkpoint_phase lsn=21552 phase=value_index_write slot=0 started_ns=1790110506004538000 ended_ns=1790110506004964875 elapsed_us=426 block_gets=0 block_puts=0 deleted=0
checkpoint_phase lsn=21552 phase=value_index_write slot=0 started_ns=1790110506004972000 ended_ns=1790110506005393625 elapsed_us=421 block_gets=0 block_puts=0 deleted=0
checkpoint_phase lsn=21552 phase=value_index_write slot=0 started_ns=1790110506005426000 ended_ns=1790110506006013125 elapsed_us=587 block_gets=0 block_puts=0 deleted=0
checkpoint_phase lsn=21552 phase=value_index_write slot=0 started_ns=1790110506006020000 ended_ns=1790110506006437667 elapsed_us=417 block_gets=0 block_puts=0 deleted=0
checkpoint_phase lsn=21552 phase=value_index_write slot=0 started_ns=1790110506006443000 ended_ns=1790110506006859459 elapsed_us=416 block_gets=0 block_puts=0 deleted=0
checkpoint_phase lsn=21552 phase=value_index_write slot=0 started_ns=1790110506006864000 ended_ns=1790110506011186584 elapsed_us=4322 block_gets=0 block_puts=1 deleted=0
checkpoint_phase lsn=21552 phase=value_index_write slot=0 started_ns=1790110506011199000 ended_ns=1790110506015358708 elapsed_us=4159 block_gets=0 block_puts=1 deleted=0
checkpoint_phase lsn=21552 phase=row_sst_delta slot=0 started_ns=1790110506015382000 ended_ns=1790110506044878041 elapsed_us=29496 block_gets=0 block_puts=4 deleted=0
checkpoint_phase lsn=21552 phase=manifest slot=-1 started_ns=1790110506044897000 ended_ns=1790110506048388500 elapsed_us=3491 block_gets=0 block_puts=0 deleted=0
checkpoint_phase lsn=21552 phase=local_cleanup slot=-1 started_ns=1790110506048422000 ended_ns=1790110506048560875 elapsed_us=138 block_gets=0 block_puts=0 deleted=0
checkpoint_phase lsn=21552 phase=commit_prune slot=-1 started_ns=1790110506048578000 ended_ns=1790110506123039250 elapsed_us=74461 block_gets=0 block_puts=0 deleted=2
checkpoint_phase lsn=21552 phase=legacy_gc slot=-1 started_ns=1790110506123052000 ended_ns=1790110506155100042 elapsed_us=32048 block_gets=0 block_puts=0 deleted=0
checkpoint_phase lsn=21552 phase=gc_keep slot=-1 started_ns=1790110506155116000 ended_ns=1790110506156325000 elapsed_us=1209 block_gets=0 block_puts=0 deleted=0
checkpoint_phase lsn=21552 phase=gc_list slot=-1 started_ns=1790110506156331000 ended_ns=1790110506269822334 elapsed_us=113491 block_gets=0 block_puts=0 deleted=0
checkpoint_phase lsn=21552 phase=gc_delete slot=-1 started_ns=1790110506269846000 ended_ns=1790110506315164791 elapsed_us=45318 block_gets=0 block_puts=0 deleted=16
checkpoint_phase lsn=21552 phase=gc_delete slot=-1 started_ns=1790110506315183000 ended_ns=1790110506361761250 elapsed_us=46578 block_gets=0 block_puts=0 deleted=16
checkpoint_phase lsn=21552 phase=gc_delete slot=-1 started_ns=1790110506361777000 ended_ns=1790110506406358750 elapsed_us=44581 block_gets=0 block_puts=0 deleted=16
checkpoint_phase lsn=21552 phase=gc_delete slot=-1 started_ns=1790110506406381000 ended_ns=1790110506453871167 elapsed_us=47490 block_gets=0 block_puts=0 deleted=16
checkpoint_phase lsn=21552 phase=gc_delete slot=-1 started_ns=1790110506453885000 ended_ns=1790110506500149125 elapsed_us=46264 block_gets=0 block_puts=0 deleted=16
checkpoint_phase lsn=21552 phase=gc_delete slot=-1 started_ns=1790110506500169000 ended_ns=1790110506509206792 elapsed_us=9037 block_gets=0 block_puts=0 deleted=3
checkpoint_phase lsn=21552 phase=row_merge_schedule slot=0 started_ns=1790110506515830000 ended_ns=1790110506538889833 elapsed_us=23059 block_gets=8 block_puts=0 deleted=0
checkpoint_phase lsn=21552 phase=row_merge_schedule slot=0 started_ns=1790110506544878000 ended_ns=1790110506566954208 elapsed_us=22076 block_gets=7 block_puts=0 deleted=0
checkpoint_phase lsn=21552 phase=row_merge_schedule slot=0 started_ns=1790110506567023000 ended_ns=1790110506590783291 elapsed_us=23760 block_gets=6 block_puts=0 deleted=0
checkpoint_phase lsn=21552 phase=row_merge_schedule slot=0 started_ns=1790110506590831000 ended_ns=1790110506590933416 elapsed_us=102 block_gets=0 block_puts=0 deleted=0
checkpoint_phase lsn=21552 phase=row_merge_schedule slot=0 started_ns=1790110506590948000 ended_ns=1790110506591186250 elapsed_us=238 block_gets=0 block_puts=0 deleted=0
checkpoint_phase lsn=21552 phase=row_merge_schedule slot=0 started_ns=1790110506591232000 ended_ns=1790110506591424833 elapsed_us=192 block_gets=0 block_puts=0 deleted=0
checkpoint_phase lsn=21552 phase=row_merge_schedule slot=0 started_ns=1790110506591464000 ended_ns=1790110506591583416 elapsed_us=119 block_gets=0 block_puts=0 deleted=0
checkpoint_phase lsn=21552 phase=row_merge_schedule slot=0 started_ns=1790110506591594000 ended_ns=1790110506591691375 elapsed_us=97 block_gets=0 block_puts=0 deleted=0
checkpoint_phase lsn=21552 phase=row_merge_schedule slot=0 started_ns=1790110506591700000 ended_ns=1790110506591796583 elapsed_us=96 block_gets=0 block_puts=0 deleted=0
checkpoint_phase lsn=21552 phase=row_merge_schedule slot=0 started_ns=1790110506591805000 ended_ns=1790110506591899375 elapsed_us=94 block_gets=0 block_puts=0 deleted=0
checkpoint_phase lsn=21552 phase=row_merge_schedule slot=0 started_ns=1790110506591906000 ended_ns=1790110506592015833 elapsed_us=109 block_gets=0 block_puts=0 deleted=0
checkpoint_phase lsn=21552 phase=row_merge_schedule slot=0 started_ns=1790110506592030000 ended_ns=1790110506592126792 elapsed_us=96 block_gets=0 block_puts=0 deleted=0
checkpoint_phase lsn=21552 phase=row_merge_schedule slot=0 started_ns=1790110506592134000 ended_ns=1790110506592230916 elapsed_us=96 block_gets=0 block_puts=0 deleted=0
checkpoint_phase lsn=21552 phase=row_merge_schedule slot=0 started_ns=1790110506592238000 ended_ns=1790110506592334042 elapsed_us=96 block_gets=0 block_puts=0 deleted=0
checkpoint_phase lsn=21552 phase=row_merge_schedule slot=0 started_ns=1790110506592343000 ended_ns=1790110506592444542 elapsed_us=101 block_gets=0 block_puts=0 deleted=0
checkpoint_phase lsn=21552 phase=row_merge_schedule slot=0 started_ns=1790110506592450000 ended_ns=1790110506592543459 elapsed_us=93 block_gets=0 block_puts=0 deleted=0
checkpoint_phase lsn=21552 phase=row_merge_schedule slot=0 started_ns=1790110506592551000 ended_ns=1790110506592645125 elapsed_us=94 block_gets=0 block_puts=0 deleted=0
checkpoint_phase lsn=21552 phase=row_merge_schedule slot=0 started_ns=1790110506592655000 ended_ns=1790110506592749041 elapsed_us=94 block_gets=0 block_puts=0 deleted=0
checkpoint_phase lsn=21552 phase=row_merge_schedule slot=0 started_ns=1790110506592754000 ended_ns=1790110506592848875 elapsed_us=94 block_gets=0 block_puts=0 deleted=0
checkpoint_phase lsn=21552 phase=row_merge_schedule slot=0 started_ns=1790110506592852000 ended_ns=1790110506592946292 elapsed_us=94 block_gets=0 block_puts=0 deleted=0
checkpoint_phase lsn=21552 phase=row_merge_schedule slot=0 started_ns=1790110506592951000 ended_ns=1790110506593054500 elapsed_us=103 block_gets=0 block_puts=0 deleted=0
checkpoint_phase lsn=21552 phase=row_merge_schedule slot=0 started_ns=1790110506593059000 ended_ns=1790110506593152583 elapsed_us=93 block_gets=0 block_puts=0 deleted=0
checkpoint_phase lsn=21552 phase=row_merge_schedule slot=0 started_ns=1790110506593161000 ended_ns=1790110506593253375 elapsed_us=92 block_gets=0 block_puts=0 deleted=0
checkpoint_phase lsn=21552 phase=row_merge_schedule slot=0 started_ns=1790110506593260000 ended_ns=1790110506593352625 elapsed_us=92 block_gets=0 block_puts=0 deleted=0
checkpoint_phase lsn=21552 phase=row_merge_schedule slot=0 started_ns=1790110506593362000 ended_ns=1790110506593455334 elapsed_us=93 block_gets=0 block_puts=0 deleted=0
checkpoint_phase lsn=21552 phase=row_merge_schedule slot=0 started_ns=1790110506593461000 ended_ns=1790110506593556167 elapsed_us=95 block_gets=0 block_puts=0 deleted=0
checkpoint_phase lsn=21552 phase=row_merge_schedule slot=0 started_ns=1790110506593565000 ended_ns=1790110506593660125 elapsed_us=95 block_gets=0 block_puts=0 deleted=0
checkpoint_phase lsn=21552 phase=row_merge_schedule slot=0 started_ns=1790110506593667000 ended_ns=1790110506593761542 elapsed_us=94 block_gets=0 block_puts=0 deleted=0
checkpoint_phase lsn=21552 phase=row_merge_schedule slot=0 started_ns=1790110506593767000 ended_ns=1790110506593862500 elapsed_us=95 block_gets=0 block_puts=0 deleted=0
checkpoint_phase lsn=21552 phase=row_merge_schedule slot=0 started_ns=1790110506593868000 ended_ns=1790110506593964958 elapsed_us=96 block_gets=0 block_puts=0 deleted=0
checkpoint_phase lsn=21552 phase=row_merge_schedule slot=0 started_ns=1790110506594003000 ended_ns=1790110506594103208 elapsed_us=100 block_gets=0 block_puts=0 deleted=0
checkpoint_phase lsn=21552 phase=row_merge_schedule slot=0 started_ns=1790110506594111000 ended_ns=1790110506594271333 elapsed_us=160 block_gets=0 block_puts=0 deleted=0
checkpoint_phase lsn=21552 phase=row_merge_schedule slot=0 started_ns=1790110506594289000 ended_ns=1790110506594392125 elapsed_us=103 block_gets=0 block_puts=0 deleted=0
checkpoint_phase lsn=21552 phase=row_merge_schedule slot=0 started_ns=1790110506594402000 ended_ns=1790110506594455167 elapsed_us=53 block_gets=0 block_puts=0 deleted=0
checkpoint_phase lsn=21552 phase=row_merge_schedule slot=0 started_ns=1790110506594463000 ended_ns=1790110506598441875 elapsed_us=3978 block_gets=1 block_puts=0 deleted=0
checkpoint_phase lsn=21552 phase=row_merge_schedule slot=0 started_ns=1790110506598458000 ended_ns=1790110506599028042 elapsed_us=570 block_gets=0 block_puts=0 deleted=0
checkpoint_phase lsn=21552 phase=row_merge_schedule slot=0 started_ns=1790110506599038000 ended_ns=1790110506599360167 elapsed_us=322 block_gets=0 block_puts=0 deleted=0
checkpoint_phase lsn=21552 phase=row_merge_write slot=0 started_ns=1790110506599369000 ended_ns=1790110506626735584 elapsed_us=27366 block_gets=0 block_puts=5 deleted=0
checkpoint_phase lsn=21552 phase=row_merge_write slot=0 started_ns=1790110506626753000 ended_ns=1790110506643571250 elapsed_us=16818 block_gets=0 block_puts=4 deleted=0
checkpoint_phase lsn=21552 phase=row_merge_write slot=0 started_ns=1790110506643599000 ended_ns=1790110506661056583 elapsed_us=17457 block_gets=0 block_puts=4 deleted=0
checkpoint_phase lsn=21552 phase=row_merge_write slot=0 started_ns=1790110506661074000 ended_ns=1790110506680937959 elapsed_us=19863 block_gets=0 block_puts=4 deleted=0
checkpoint_phase lsn=21552 phase=row_merge_write slot=0 started_ns=1790110506680961000 ended_ns=1790110506699098417 elapsed_us=18137 block_gets=0 block_puts=4 deleted=0
checkpoint_phase lsn=21552 phase=row_merge_write slot=0 started_ns=1790110506699149000 ended_ns=1790110506716496375 elapsed_us=17347 block_gets=0 block_puts=4 deleted=0
checkpoint_phase lsn=21552 phase=row_merge_write slot=0 started_ns=1790110506716513000 ended_ns=1790110506734669125 elapsed_us=18156 block_gets=0 block_puts=4 deleted=0
checkpoint_phase lsn=21552 phase=row_merge_write slot=0 started_ns=1790110506734684000 ended_ns=1790110506751659750 elapsed_us=16975 block_gets=0 block_puts=4 deleted=0
checkpoint_phase lsn=21552 phase=row_merge_write slot=0 started_ns=1790110506751675000 ended_ns=1790110506768112084 elapsed_us=16437 block_gets=0 block_puts=4 deleted=0
checkpoint_phase lsn=21552 phase=row_merge_write slot=0 started_ns=1790110506768131000 ended_ns=1790110506807375708 elapsed_us=39244 block_gets=0 block_puts=5 deleted=0
checkpoint_phase lsn=21552 phase=row_merge_write slot=0 started_ns=1790110506808206000 ended_ns=1790110506811046625 elapsed_us=2840 block_gets=0 block_puts=0 deleted=0
checkpoint_phase lsn=21552 phase=row_merge_write slot=0 started_ns=1790110506811068000 ended_ns=1790110506813927958 elapsed_us=2859 block_gets=0 block_puts=0 deleted=0
checkpoint_phase lsn=21552 phase=row_merge_write slot=0 started_ns=1790110506814612000 ended_ns=1790110506817455792 elapsed_us=2843 block_gets=0 block_puts=0 deleted=0
checkpoint_phase lsn=21552 phase=row_merge_write slot=0 started_ns=1790110506831334000 ended_ns=1790110506834215292 elapsed_us=2881 block_gets=0 block_puts=0 deleted=0
checkpoint_phase lsn=21552 phase=row_merge_write slot=0 started_ns=1790110506835689000 ended_ns=1790110506838604541 elapsed_us=2915 block_gets=0 block_puts=0 deleted=0
checkpoint_phase lsn=21552 phase=row_merge_write slot=0 started_ns=1790110506838630000 ended_ns=1790110506841471583 elapsed_us=2841 block_gets=0 block_puts=0 deleted=0
checkpoint_phase lsn=21552 phase=row_merge_write slot=0 started_ns=1790110506841490000 ended_ns=1790110506844334250 elapsed_us=2844 block_gets=0 block_puts=0 deleted=0
checkpoint_phase lsn=21552 phase=row_merge_write slot=0 started_ns=1790110506844351000 ended_ns=1790110506847248750 elapsed_us=2897 block_gets=0 block_puts=0 deleted=0
checkpoint_phase lsn=21552 phase=row_merge_write slot=0 started_ns=1790110506847482000 ended_ns=1790110506850449667 elapsed_us=2967 block_gets=0 block_puts=0 deleted=0
checkpoint_phase lsn=21552 phase=row_merge_write slot=0 started_ns=1790110506850475000 ended_ns=1790110506853327959 elapsed_us=2852 block_gets=0 block_puts=0 deleted=0
checkpoint_phase lsn=21552 phase=row_merge_write slot=0 started_ns=1790110506853352000 ended_ns=1790110506856717917 elapsed_us=3365 block_gets=0 block_puts=0 deleted=0
checkpoint_phase lsn=21552 phase=row_merge_write slot=0 started_ns=1790110506856763000 ended_ns=1790110506859870042 elapsed_us=3107 block_gets=0 block_puts=0 deleted=0
checkpoint_phase lsn=21552 phase=row_merge_write slot=0 started_ns=1790110506859890000 ended_ns=1790110506862900708 elapsed_us=3010 block_gets=0 block_puts=0 deleted=0
checkpoint_phase lsn=21552 phase=row_merge_write slot=0 started_ns=1790110506862919000 ended_ns=1790110506865722292 elapsed_us=2803 block_gets=0 block_puts=0 deleted=0
checkpoint_phase lsn=21552 phase=row_merge_write slot=0 started_ns=1790110506865731000 ended_ns=1790110506868559708 elapsed_us=2828 block_gets=0 block_puts=0 deleted=0
checkpoint_phase lsn=21552 phase=row_merge_write slot=0 started_ns=1790110506868568000 ended_ns=1790110506871638500 elapsed_us=3070 block_gets=0 block_puts=0 deleted=0
checkpoint_phase lsn=21552 phase=row_merge_write slot=0 started_ns=1790110506871663000 ended_ns=1790110506875725583 elapsed_us=4062 block_gets=0 block_puts=0 deleted=0
checkpoint_phase lsn=21552 phase=row_merge_write slot=0 started_ns=1790110506875753000 ended_ns=1790110506879407875 elapsed_us=3654 block_gets=0 block_puts=0 deleted=0
checkpoint_phase lsn=21552 phase=row_merge_write slot=0 started_ns=1790110506879432000 ended_ns=1790110506882909417 elapsed_us=3477 block_gets=0 block_puts=0 deleted=0
checkpoint_phase lsn=21552 phase=row_merge_write slot=0 started_ns=1790110506882926000 ended_ns=1790110506886191000 elapsed_us=3265 block_gets=0 block_puts=0 deleted=0
checkpoint_phase lsn=21552 phase=row_merge_write slot=0 started_ns=1790110506886208000 ended_ns=1790110506889473042 elapsed_us=3265 block_gets=0 block_puts=0 deleted=0
checkpoint_phase lsn=21552 phase=row_merge_write slot=0 started_ns=1790110506889483000 ended_ns=1790110506892768417 elapsed_us=3285 block_gets=0 block_puts=0 deleted=0
checkpoint_phase lsn=21552 phase=row_merge_write slot=0 started_ns=1790110506892776000 ended_ns=1790110506895595209 elapsed_us=2819 block_gets=0 block_puts=0 deleted=0
checkpoint_phase lsn=21552 phase=row_merge_write slot=0 started_ns=1790110506895603000 ended_ns=1790110506898389791 elapsed_us=2786 block_gets=0 block_puts=0 deleted=0
checkpoint_phase lsn=21552 phase=row_merge_write slot=0 started_ns=1790110506898397000 ended_ns=1790110506901156084 elapsed_us=2759 block_gets=0 block_puts=0 deleted=0
checkpoint_phase lsn=21552 phase=row_merge_write slot=0 started_ns=1790110506901162000 ended_ns=1790110506904027000 elapsed_us=2865 block_gets=0 block_puts=0 deleted=0
checkpoint_phase lsn=21552 phase=row_merge_write slot=0 started_ns=1790110506904048000 ended_ns=1790110506906857125 elapsed_us=2809 block_gets=0 block_puts=0 deleted=0
checkpoint_phase lsn=21552 phase=row_merge_write slot=0 started_ns=1790110506906866000 ended_ns=1790110506909672208 elapsed_us=2806 block_gets=0 block_puts=0 deleted=0
checkpoint_phase lsn=21552 phase=row_merge_write slot=0 started_ns=1790110506909680000 ended_ns=1790110506912508500 elapsed_us=2828 block_gets=0 block_puts=0 deleted=0
checkpoint_phase lsn=21552 phase=row_merge_write slot=0 started_ns=1790110506912525000 ended_ns=1790110506915342625 elapsed_us=2817 block_gets=0 block_puts=0 deleted=0
checkpoint_phase lsn=21552 phase=row_merge_write slot=0 started_ns=1790110506915353000 ended_ns=1790110506918176334 elapsed_us=2823 block_gets=0 block_puts=0 deleted=0
checkpoint_phase lsn=21552 phase=row_merge_write slot=0 started_ns=1790110506918188000 ended_ns=1790110506920990750 elapsed_us=2802 block_gets=0 block_puts=0 deleted=0
checkpoint_phase lsn=21552 phase=row_merge_write slot=0 started_ns=1790110506921029000 ended_ns=1790110506923857625 elapsed_us=2828 block_gets=0 block_puts=0 deleted=0
checkpoint_phase lsn=21552 phase=row_merge_write slot=0 started_ns=1790110506923869000 ended_ns=1790110506926805708 elapsed_us=2936 block_gets=0 block_puts=0 deleted=0
checkpoint_phase lsn=21552 phase=row_merge_write slot=0 started_ns=1790110506926823000 ended_ns=1790110506929593209 elapsed_us=2770 block_gets=0 block_puts=0 deleted=0
checkpoint_phase lsn=21552 phase=row_merge_write slot=0 started_ns=1790110506929601000 ended_ns=1790110506932367708 elapsed_us=2766 block_gets=0 block_puts=0 deleted=0
checkpoint_phase lsn=21552 phase=row_merge_write slot=0 started_ns=1790110506932374000 ended_ns=1790110506935182959 elapsed_us=2808 block_gets=0 block_puts=0 deleted=0
checkpoint_phase lsn=21552 phase=row_merge_write slot=0 started_ns=1790110506935192000 ended_ns=1790110506938032000 elapsed_us=2840 block_gets=0 block_puts=0 deleted=0
checkpoint_phase lsn=21552 phase=row_merge_write slot=0 started_ns=1790110506938043000 ended_ns=1790110506940837584 elapsed_us=2794 block_gets=0 block_puts=0 deleted=0
checkpoint_phase lsn=21552 phase=row_merge_write slot=0 started_ns=1790110506940848000 ended_ns=1790110506943633000 elapsed_us=2785 block_gets=0 block_puts=0 deleted=0
checkpoint_phase lsn=21552 phase=row_merge_write slot=0 started_ns=1790110506943639000 ended_ns=1790110506946428125 elapsed_us=2789 block_gets=0 block_puts=0 deleted=0
checkpoint_phase lsn=21552 phase=row_merge_write slot=0 started_ns=1790110506946434000 ended_ns=1790110506949292541 elapsed_us=2858 block_gets=0 block_puts=0 deleted=0
checkpoint_phase lsn=21552 phase=row_merge_write slot=0 started_ns=1790110506949306000 ended_ns=1790110506952082750 elapsed_us=2776 block_gets=0 block_puts=0 deleted=0
checkpoint_phase lsn=21552 phase=row_merge_write slot=0 started_ns=1790110506952095000 ended_ns=1790110506954878625 elapsed_us=2783 block_gets=0 block_puts=0 deleted=0
checkpoint_phase lsn=21552 phase=row_merge_write slot=0 started_ns=1790110506954885000 ended_ns=1790110506957763875 elapsed_us=2878 block_gets=0 block_puts=0 deleted=0
checkpoint_phase lsn=21552 phase=row_merge_write slot=0 started_ns=1790110506957775000 ended_ns=1790110506960597375 elapsed_us=2822 block_gets=0 block_puts=0 deleted=0
checkpoint_phase lsn=21552 phase=row_merge_write slot=0 started_ns=1790110506960607000 ended_ns=1790110506963440625 elapsed_us=2833 block_gets=0 block_puts=0 deleted=0
checkpoint_phase lsn=21552 phase=row_merge_write slot=0 started_ns=1790110506963453000 ended_ns=1790110506966281625 elapsed_us=2828 block_gets=0 block_puts=0 deleted=0
checkpoint_phase lsn=21552 phase=row_merge_write slot=0 started_ns=1790110506966294000 ended_ns=1790110506969176333 elapsed_us=2882 block_gets=0 block_puts=0 deleted=0
checkpoint_phase lsn=21552 phase=row_merge_write slot=0 started_ns=1790110506969202000 ended_ns=1790110506972175875 elapsed_us=2973 block_gets=0 block_puts=0 deleted=0
checkpoint_phase lsn=21552 phase=row_merge_write slot=0 started_ns=1790110506972188000 ended_ns=1790110506975107959 elapsed_us=2919 block_gets=0 block_puts=0 deleted=0
checkpoint_phase lsn=21552 phase=row_merge_write slot=0 started_ns=1790110506975121000 ended_ns=1790110506978014250 elapsed_us=2893 block_gets=0 block_puts=0 deleted=0
checkpoint_phase lsn=21552 phase=row_merge_write slot=0 started_ns=1790110506978037000 ended_ns=1790110506980903959 elapsed_us=2866 block_gets=0 block_puts=0 deleted=0
checkpoint_phase lsn=21552 phase=row_merge_write slot=0 started_ns=1790110506980918000 ended_ns=1790110506983804542 elapsed_us=2886 block_gets=0 block_puts=0 deleted=0
checkpoint_phase lsn=21552 phase=row_merge_write slot=0 started_ns=1790110506983818000 ended_ns=1790110506986689667 elapsed_us=2871 block_gets=0 block_puts=0 deleted=0
checkpoint_phase lsn=21552 phase=row_merge_write slot=0 started_ns=1790110506986718000 ended_ns=1790110506989582334 elapsed_us=2864 block_gets=0 block_puts=0 deleted=0
checkpoint_phase lsn=21552 phase=row_merge_write slot=0 started_ns=1790110506989609000 ended_ns=1790110506992491000 elapsed_us=2882 block_gets=0 block_puts=0 deleted=0
checkpoint_phase lsn=21552 phase=row_merge_write slot=0 started_ns=1790110506992523000 ended_ns=1790110506995366166 elapsed_us=2843 block_gets=0 block_puts=0 deleted=0
checkpoint_phase lsn=21552 phase=row_merge_write slot=0 started_ns=1790110506995384000 ended_ns=1790110506998229000 elapsed_us=2845 block_gets=0 block_puts=0 deleted=0
checkpoint_phase lsn=21552 phase=row_merge_write slot=0 started_ns=1790110506998243000 ended_ns=1790110507001081917 elapsed_us=2838 block_gets=0 block_puts=0 deleted=0
checkpoint_phase lsn=21552 phase=row_merge_write slot=0 started_ns=1790110507001098000 ended_ns=1790110507003945375 elapsed_us=2847 block_gets=0 block_puts=0 deleted=0
checkpoint_phase lsn=21552 phase=row_merge_write slot=0 started_ns=1790110507003955000 ended_ns=1790110507006923083 elapsed_us=2968 block_gets=0 block_puts=0 deleted=0
checkpoint_phase lsn=21552 phase=row_merge_write slot=0 started_ns=1790110507006948000 ended_ns=1790110507009774042 elapsed_us=2826 block_gets=0 block_puts=0 deleted=0
checkpoint_phase lsn=21552 phase=row_merge_write slot=0 started_ns=1790110507009795000 ended_ns=1790110507012597583 elapsed_us=2802 block_gets=0 block_puts=0 deleted=0
checkpoint_phase lsn=21552 phase=row_merge_write slot=0 started_ns=1790110507012607000 ended_ns=1790110507015402250 elapsed_us=2795 block_gets=0 block_puts=0 deleted=0
checkpoint_phase lsn=21552 phase=row_merge_write slot=0 started_ns=1790110507015414000 ended_ns=1790110507018466334 elapsed_us=3052 block_gets=0 block_puts=0 deleted=0
checkpoint_phase lsn=21552 phase=row_merge_write slot=0 started_ns=1790110507018483000 ended_ns=1790110507021273041 elapsed_us=2790 block_gets=0 block_puts=0 deleted=0
checkpoint_phase lsn=21552 phase=row_merge_write slot=0 started_ns=1790110507021278000 ended_ns=1790110507024079041 elapsed_us=2801 block_gets=0 block_puts=0 deleted=0
checkpoint_phase lsn=21552 phase=row_merge_write slot=0 started_ns=1790110507024086000 ended_ns=1790110507026936750 elapsed_us=2850 block_gets=0 block_puts=0 deleted=0
checkpoint_phase lsn=21552 phase=row_merge_write slot=0 started_ns=1790110507026958000 ended_ns=1790110507029796458 elapsed_us=2838 block_gets=0 block_puts=0 deleted=0
checkpoint_phase lsn=21552 phase=row_merge_write slot=0 started_ns=1790110507029809000 ended_ns=1790110507032651750 elapsed_us=2842 block_gets=0 block_puts=0 deleted=0
checkpoint_phase lsn=21552 phase=row_merge_write slot=0 started_ns=1790110507032660000 ended_ns=1790110507035499625 elapsed_us=2839 block_gets=0 block_puts=0 deleted=0
checkpoint_phase lsn=21552 phase=row_merge_write slot=0 started_ns=1790110507035514000 ended_ns=1790110507038326458 elapsed_us=2812 block_gets=0 block_puts=0 deleted=0
checkpoint_phase lsn=21552 phase=row_merge_write slot=0 started_ns=1790110507038332000 ended_ns=1790110507041150166 elapsed_us=2818 block_gets=0 block_puts=0 deleted=0
checkpoint_phase lsn=21552 phase=row_merge_write slot=0 started_ns=1790110507041155000 ended_ns=1790110507043989750 elapsed_us=2834 block_gets=0 block_puts=0 deleted=0
checkpoint_phase lsn=21552 phase=row_merge_write slot=0 started_ns=1790110507043998000 ended_ns=1790110507046824291 elapsed_us=2826 block_gets=0 block_puts=0 deleted=0
checkpoint_phase lsn=21552 phase=row_merge_write slot=0 started_ns=1790110507046831000 ended_ns=1790110507049638709 elapsed_us=2807 block_gets=0 block_puts=0 deleted=0
checkpoint_phase lsn=21552 phase=row_merge_write slot=0 started_ns=1790110507049652000 ended_ns=1790110507052423458 elapsed_us=2771 block_gets=0 block_puts=0 deleted=0
checkpoint_phase lsn=21552 phase=row_merge_write slot=0 started_ns=1790110507052431000 ended_ns=1790110507055199625 elapsed_us=2768 block_gets=0 block_puts=0 deleted=0
checkpoint_phase lsn=21552 phase=row_merge_write slot=0 started_ns=1790110507055205000 ended_ns=1790110507058011542 elapsed_us=2806 block_gets=0 block_puts=0 deleted=0
checkpoint_phase lsn=21552 phase=row_merge_write slot=0 started_ns=1790110507058032000 ended_ns=1790110507060858333 elapsed_us=2826 block_gets=0 block_puts=0 deleted=0
checkpoint_phase lsn=21552 phase=row_merge_write slot=0 started_ns=1790110507060900000 ended_ns=1790110507063729833 elapsed_us=2829 block_gets=0 block_puts=0 deleted=0
checkpoint_phase lsn=21552 phase=row_merge_write slot=0 started_ns=1790110507063738000 ended_ns=1790110507066597792 elapsed_us=2859 block_gets=0 block_puts=0 deleted=0
checkpoint_phase lsn=21552 phase=row_merge_write slot=0 started_ns=1790110507066612000 ended_ns=1790110507069450500 elapsed_us=2838 block_gets=0 block_puts=0 deleted=0
checkpoint_phase lsn=21552 phase=row_merge_write slot=0 started_ns=1790110507069460000 ended_ns=1790110507072276833 elapsed_us=2816 block_gets=0 block_puts=0 deleted=0
checkpoint_phase lsn=21552 phase=row_merge_write slot=0 started_ns=1790110507072285000 ended_ns=1790110507075123625 elapsed_us=2838 block_gets=0 block_puts=0 deleted=0
checkpoint_phase lsn=21552 phase=row_merge_write slot=0 started_ns=1790110507075146000 ended_ns=1790110507077951792 elapsed_us=2805 block_gets=0 block_puts=0 deleted=0
checkpoint_phase lsn=21552 phase=row_merge_write slot=0 started_ns=1790110507077962000 ended_ns=1790110507080725167 elapsed_us=2763 block_gets=0 block_puts=0 deleted=0
checkpoint_phase lsn=21552 phase=row_merge_write slot=0 started_ns=1790110507080732000 ended_ns=1790110507083491541 elapsed_us=2759 block_gets=0 block_puts=0 deleted=0
checkpoint_phase lsn=21552 phase=row_merge_write slot=0 started_ns=1790110507083497000 ended_ns=1790110507086271583 elapsed_us=2774 block_gets=0 block_puts=0 deleted=0
checkpoint_phase lsn=21552 phase=row_merge_write slot=0 started_ns=1790110507086279000 ended_ns=1790110507089087209 elapsed_us=2808 block_gets=0 block_puts=0 deleted=0
checkpoint_phase lsn=21552 phase=row_merge_write slot=0 started_ns=1790110507089109000 ended_ns=1790110507091920917 elapsed_us=2811 block_gets=0 block_puts=0 deleted=0
checkpoint_phase lsn=21552 phase=row_merge_write slot=0 started_ns=1790110507091929000 ended_ns=1790110507094762084 elapsed_us=2833 block_gets=0 block_puts=0 deleted=0
checkpoint_phase lsn=21552 phase=row_merge_write slot=0 started_ns=1790110507094770000 ended_ns=1790110507097593083 elapsed_us=2823 block_gets=0 block_puts=0 deleted=0
checkpoint_phase lsn=21552 phase=row_merge_write slot=0 started_ns=1790110507097619000 ended_ns=1790110507100433875 elapsed_us=2814 block_gets=0 block_puts=0 deleted=0
checkpoint_phase lsn=21552 phase=row_merge_write slot=0 started_ns=1790110507100445000 ended_ns=1790110507103310917 elapsed_us=2865 block_gets=0 block_puts=0 deleted=0
checkpoint_phase lsn=21552 phase=row_merge_write slot=0 started_ns=1790110507103333000 ended_ns=1790110507106168791 elapsed_us=2835 block_gets=0 block_puts=0 deleted=0
checkpoint_phase lsn=21552 phase=row_merge_write slot=0 started_ns=1790110507106182000 ended_ns=1790110507109053042 elapsed_us=2871 block_gets=0 block_puts=0 deleted=0
checkpoint_phase lsn=21552 phase=row_merge_write slot=0 started_ns=1790110507109075000 ended_ns=1790110507111939292 elapsed_us=2864 block_gets=0 block_puts=0 deleted=0
checkpoint_phase lsn=21552 phase=row_merge_write slot=0 started_ns=1790110507111953000 ended_ns=1790110507114788500 elapsed_us=2835 block_gets=0 block_puts=0 deleted=0
checkpoint_phase lsn=21552 phase=row_merge_write slot=0 started_ns=1790110507114799000 ended_ns=1790110507117669208 elapsed_us=2870 block_gets=0 block_puts=0 deleted=0
checkpoint_phase lsn=21552 phase=row_merge_write slot=0 started_ns=1790110507117689000 ended_ns=1790110507120608916 elapsed_us=2919 block_gets=0 block_puts=0 deleted=0
checkpoint_phase lsn=21552 phase=row_merge_write slot=0 started_ns=1790110507120624000 ended_ns=1790110507123543583 elapsed_us=2919 block_gets=0 block_puts=0 deleted=0
checkpoint_phase lsn=21552 phase=row_merge_write slot=0 started_ns=1790110507123557000 ended_ns=1790110507126398041 elapsed_us=2841 block_gets=0 block_puts=0 deleted=0
checkpoint_phase lsn=21552 phase=row_merge_write slot=0 started_ns=1790110507126412000 ended_ns=1790110507129281250 elapsed_us=2869 block_gets=0 block_puts=0 deleted=0
checkpoint_phase lsn=21552 phase=row_merge_write slot=0 started_ns=1790110507129343000 ended_ns=1790110507132212375 elapsed_us=2869 block_gets=0 block_puts=0 deleted=0
checkpoint_phase lsn=21552 phase=row_merge_write slot=0 started_ns=1790110507132234000 ended_ns=1790110507141943791 elapsed_us=9709 block_gets=0 block_puts=3 deleted=0
checkpoint_phase lsn=21552 phase=manifest slot=-1 started_ns=1790110507141962000 ended_ns=1790110507145767167 elapsed_us=3805 block_gets=0 block_puts=0 deleted=0
checkpoint_phase lsn=21552 phase=local_cleanup slot=-1 started_ns=1790110507145776000 ended_ns=1790110507145839958 elapsed_us=63 block_gets=0 block_puts=0 deleted=0
checkpoint_phase lsn=21552 phase=commit_prune slot=-1 started_ns=1790110507145848000 ended_ns=1790110507207198917 elapsed_us=61350 block_gets=0 block_puts=0 deleted=0
checkpoint_phase lsn=21552 phase=legacy_gc slot=-1 started_ns=1790110507207211000 ended_ns=1790110507237475042 elapsed_us=30264 block_gets=0 block_puts=0 deleted=0
checkpoint_phase lsn=21552 phase=gc_keep slot=-1 started_ns=1790110507237489000 ended_ns=1790110507238569833 elapsed_us=1080 block_gets=0 block_puts=0 deleted=0
checkpoint_phase lsn=21552 phase=gc_list slot=-1 started_ns=1790110507238580000 ended_ns=1790110507340678417 elapsed_us=102098 block_gets=0 block_puts=0 deleted=0
checkpoint_phase lsn=21552 phase=gc_delete slot=-1 started_ns=1790110507340695000 ended_ns=1790110507364978834 elapsed_us=24283 block_gets=0 block_puts=0 deleted=8
pos3ql: shutdown requested, draining
checkpoint_phase lsn=22208 phase=value_index_schedule slot=0 started_ns=1790110510488120000 ended_ns=1790110510488327792 elapsed_us=207 block_gets=0 block_puts=0 deleted=0
checkpoint_phase lsn=22208 phase=value_index_schedule slot=0 started_ns=1790110510488339000 ended_ns=1790110510488496250 elapsed_us=157 block_gets=0 block_puts=0 deleted=0
checkpoint_phase lsn=22208 phase=value_index_schedule slot=0 started_ns=1790110510488502000 ended_ns=1790110510492780041 elapsed_us=4278 block_gets=1 block_puts=0 deleted=0
checkpoint_phase lsn=22208 phase=value_index_schedule slot=0 started_ns=1790110510492801000 ended_ns=1790110510493973292 elapsed_us=1172 block_gets=0 block_puts=0 deleted=0
checkpoint_phase lsn=22208 phase=value_index_schedule slot=0 started_ns=1790110510493983000 ended_ns=1790110510495221209 elapsed_us=1238 block_gets=0 block_puts=0 deleted=0
checkpoint_phase lsn=22208 phase=value_index_schedule slot=0 started_ns=1790110510495230000 ended_ns=1790110510496355417 elapsed_us=1125 block_gets=0 block_puts=0 deleted=0
checkpoint_phase lsn=22208 phase=value_index_schedule slot=0 started_ns=1790110510496365000 ended_ns=1790110510497666542 elapsed_us=1301 block_gets=0 block_puts=0 deleted=0
checkpoint_phase lsn=22208 phase=value_index_schedule slot=0 started_ns=1790110510497675000 ended_ns=1790110510499952375 elapsed_us=2277 block_gets=0 block_puts=0 deleted=0
checkpoint_phase lsn=22208 phase=value_index_schedule slot=0 started_ns=1790110510499961000 ended_ns=1790110510499989625 elapsed_us=28 block_gets=0 block_puts=0 deleted=0
checkpoint_phase lsn=22208 phase=value_index_schedule slot=0 started_ns=1790110510499998000 ended_ns=1790110510500020500 elapsed_us=22 block_gets=0 block_puts=0 deleted=0
checkpoint_phase lsn=22208 phase=value_index_schedule slot=0 started_ns=1790110510500040000 ended_ns=1790110510500062583 elapsed_us=22 block_gets=0 block_puts=0 deleted=0
checkpoint_phase lsn=22208 phase=value_index_schedule slot=0 started_ns=1790110510500072000 ended_ns=1790110510505614834 elapsed_us=5542 block_gets=0 block_puts=1 deleted=0
checkpoint_phase lsn=22208 phase=value_index_schedule slot=0 started_ns=1790110510505627000 ended_ns=1790110510520005458 elapsed_us=14378 block_gets=0 block_puts=4 deleted=0
checkpoint_phase lsn=22208 phase=value_index_schedule slot=0 started_ns=1790110510520021000 ended_ns=1790110510521275833 elapsed_us=1254 block_gets=0 block_puts=0 deleted=0
checkpoint_phase lsn=22208 phase=value_index_schedule slot=0 started_ns=1790110510521290000 ended_ns=1790110510522545208 elapsed_us=1255 block_gets=0 block_puts=0 deleted=0
checkpoint_phase lsn=22208 phase=value_index_schedule slot=0 started_ns=1790110510522580000 ended_ns=1790110510523726166 elapsed_us=1146 block_gets=0 block_puts=0 deleted=0
checkpoint_phase lsn=22208 phase=value_index_schedule slot=0 started_ns=1790110510523735000 ended_ns=1790110510524860917 elapsed_us=1125 block_gets=0 block_puts=0 deleted=0
checkpoint_phase lsn=22208 phase=value_index_schedule slot=0 started_ns=1790110510524870000 ended_ns=1790110510525622667 elapsed_us=752 block_gets=0 block_puts=0 deleted=0
checkpoint_phase lsn=22208 phase=value_index_schedule slot=0 started_ns=1790110510525630000 ended_ns=1790110510525656833 elapsed_us=26 block_gets=0 block_puts=0 deleted=0
checkpoint_phase lsn=22208 phase=value_index_schedule slot=0 started_ns=1790110510525662000 ended_ns=1790110510525684083 elapsed_us=22 block_gets=0 block_puts=0 deleted=0
checkpoint_phase lsn=22208 phase=value_index_schedule slot=0 started_ns=1790110510525688000 ended_ns=1790110510525710083 elapsed_us=22 block_gets=0 block_puts=0 deleted=0
checkpoint_phase lsn=22208 phase=value_index_schedule slot=0 started_ns=1790110510525717000 ended_ns=1790110510530584542 elapsed_us=4867 block_gets=0 block_puts=1 deleted=0
checkpoint_phase lsn=22208 phase=value_index_schedule slot=0 started_ns=1790110510530597000 ended_ns=1790110510544012167 elapsed_us=13415 block_gets=0 block_puts=4 deleted=0
checkpoint_phase lsn=22208 phase=value_index_schedule slot=0 started_ns=1790110510544026000 ended_ns=1790110510544883125 elapsed_us=857 block_gets=0 block_puts=0 deleted=0
checkpoint_phase lsn=22208 phase=value_index_schedule slot=0 started_ns=1790110510544893000 ended_ns=1790110510544980542 elapsed_us=87 block_gets=0 block_puts=0 deleted=0
checkpoint_phase lsn=22208 phase=value_index_schedule slot=0 started_ns=1790110510544986000 ended_ns=1790110510545076250 elapsed_us=90 block_gets=0 block_puts=0 deleted=0
checkpoint_phase lsn=22208 phase=value_index_schedule slot=0 started_ns=1790110510545081000 ended_ns=1790110510545167292 elapsed_us=86 block_gets=0 block_puts=0 deleted=0
checkpoint_phase lsn=22208 phase=value_index_schedule slot=0 started_ns=1790110510545174000 ended_ns=1790110510550386750 elapsed_us=5212 block_gets=0 block_puts=1 deleted=0
checkpoint_phase lsn=22208 phase=value_index_schedule slot=0 started_ns=1790110510550398000 ended_ns=1790110510550640125 elapsed_us=242 block_gets=0 block_puts=0 deleted=0
checkpoint_phase lsn=22208 phase=value_index_schedule slot=0 started_ns=1790110510550656000 ended_ns=1790110510550871500 elapsed_us=215 block_gets=0 block_puts=0 deleted=0
checkpoint_phase lsn=22208 phase=value_index_schedule slot=0 started_ns=1790110510550879000 ended_ns=1790110510556511500 elapsed_us=5632 block_gets=0 block_puts=1 deleted=0
checkpoint_phase lsn=22208 phase=value_index_schedule slot=0 started_ns=1790110510556521000 ended_ns=1790110510556763958 elapsed_us=242 block_gets=0 block_puts=0 deleted=0
checkpoint_phase lsn=22208 phase=value_index_schedule slot=0 started_ns=1790110510556779000 ended_ns=1790110510556849584 elapsed_us=70 block_gets=0 block_puts=0 deleted=0
checkpoint_phase lsn=22208 phase=value_index_schedule slot=0 started_ns=1790110510556857000 ended_ns=1790110510571951834 elapsed_us=15094 block_gets=0 block_puts=4 deleted=0
checkpoint_phase lsn=22208 phase=value_index_schedule slot=0 started_ns=1790110510571973000 ended_ns=1790110510573113833 elapsed_us=1140 block_gets=0 block_puts=0 deleted=0
checkpoint_phase lsn=22208 phase=value_index_schedule slot=0 started_ns=1790110510573128000 ended_ns=1790110510584635500 elapsed_us=11507 block_gets=0 block_puts=4 deleted=0
checkpoint_phase lsn=22208 phase=value_index_schedule slot=0 started_ns=1790110510584650000 ended_ns=1790110510584650250 elapsed_us=0 block_gets=0 block_puts=0 deleted=0
checkpoint_phase lsn=22208 phase=value_index_schedule slot=0 started_ns=1790110510584655000 ended_ns=1790110510585427000 elapsed_us=772 block_gets=0 block_puts=0 deleted=0
checkpoint_phase lsn=22208 phase=value_index_schedule slot=0 started_ns=1790110510585434000 ended_ns=1790110510585721875 elapsed_us=287 block_gets=0 block_puts=0 deleted=0
checkpoint_phase lsn=22208 phase=value_index_schedule slot=0 started_ns=1790110510585745000 ended_ns=1790110510586051750 elapsed_us=306 block_gets=0 block_puts=0 deleted=0
checkpoint_phase lsn=22208 phase=value_index_schedule slot=0 started_ns=1790110510586067000 ended_ns=1790110510586313333 elapsed_us=246 block_gets=0 block_puts=0 deleted=0
checkpoint_phase lsn=22208 phase=value_index_schedule slot=0 started_ns=1790110510586322000 ended_ns=1790110510591872541 elapsed_us=5550 block_gets=0 block_puts=1 deleted=0
checkpoint_phase lsn=22208 phase=value_index_schedule slot=0 started_ns=1790110510591883000 ended_ns=1790110510592148166 elapsed_us=265 block_gets=0 block_puts=0 deleted=0
checkpoint_phase lsn=22208 phase=value_index_schedule slot=0 started_ns=1790110510592158000 ended_ns=1790110510592393541 elapsed_us=235 block_gets=0 block_puts=0 deleted=0
checkpoint_phase lsn=22208 phase=value_index_schedule slot=0 started_ns=1790110510592399000 ended_ns=1790110510598002459 elapsed_us=5603 block_gets=0 block_puts=1 deleted=0
checkpoint_phase lsn=22208 phase=value_index_schedule slot=0 started_ns=1790110510598012000 ended_ns=1790110510598180583 elapsed_us=168 block_gets=0 block_puts=0 deleted=0
checkpoint_phase lsn=22208 phase=value_index_schedule slot=0 started_ns=1790110510598189000 ended_ns=1790110510598351792 elapsed_us=162 block_gets=0 block_puts=0 deleted=0
checkpoint_phase lsn=22208 phase=value_index_schedule slot=0 started_ns=1790110510598357000 ended_ns=1790110510598388375 elapsed_us=31 block_gets=0 block_puts=0 deleted=0
checkpoint_phase lsn=22208 phase=value_index_schedule slot=0 started_ns=1790110510598394000 ended_ns=1790110510612678459 elapsed_us=14284 block_gets=0 block_puts=4 deleted=0
checkpoint_phase lsn=22208 phase=value_index_schedule slot=0 started_ns=1790110510612690000 ended_ns=1790110510612690250 elapsed_us=0 block_gets=0 block_puts=0 deleted=0
checkpoint_phase lsn=22208 phase=value_index_write slot=0 started_ns=1790110510612695000 ended_ns=1790110510612931375 elapsed_us=236 block_gets=0 block_puts=0 deleted=0
checkpoint_phase lsn=22208 phase=value_index_write slot=0 started_ns=1790110510612938000 ended_ns=1790110510613010541 elapsed_us=72 block_gets=0 block_puts=0 deleted=0
checkpoint_phase lsn=22208 phase=value_index_write slot=0 started_ns=1790110510613016000 ended_ns=1790110510613088417 elapsed_us=72 block_gets=0 block_puts=0 deleted=0
checkpoint_phase lsn=22208 phase=value_index_write slot=0 started_ns=1790110510613093000 ended_ns=1790110510613329833 elapsed_us=236 block_gets=0 block_puts=0 deleted=0
checkpoint_phase lsn=22208 phase=value_index_write slot=0 started_ns=1790110510613337000 ended_ns=1790110510613411167 elapsed_us=74 block_gets=0 block_puts=0 deleted=0
checkpoint_phase lsn=22208 phase=value_index_write slot=0 started_ns=1790110510613417000 ended_ns=1790110510620834208 elapsed_us=7417 block_gets=0 block_puts=1 deleted=0
checkpoint_phase lsn=22208 phase=value_index_write slot=0 started_ns=1790110510620841000 ended_ns=1790110510621048083 elapsed_us=207 block_gets=0 block_puts=0 deleted=0
checkpoint_phase lsn=22208 phase=value_index_write slot=0 started_ns=1790110510621053000 ended_ns=1790110510621126250 elapsed_us=73 block_gets=0 block_puts=0 deleted=0
checkpoint_phase lsn=22208 phase=value_index_write slot=0 started_ns=1790110510621129000 ended_ns=1790110510621202166 elapsed_us=73 block_gets=0 block_puts=0 deleted=0
checkpoint_phase lsn=22208 phase=value_index_write slot=0 started_ns=1790110510621207000 ended_ns=1790110510625543042 elapsed_us=4336 block_gets=0 block_puts=1 deleted=0
checkpoint_phase lsn=22208 phase=value_index_schedule slot=0 started_ns=1790110510625555000 ended_ns=1790110510625831583 elapsed_us=276 block_gets=0 block_puts=0 deleted=0
checkpoint_phase lsn=22208 phase=value_index_schedule slot=0 started_ns=1790110510625836000 ended_ns=1790110510625986333 elapsed_us=150 block_gets=0 block_puts=0 deleted=0
checkpoint_phase lsn=22208 phase=value_index_schedule slot=0 started_ns=1790110510625993000 ended_ns=1790110510626646250 elapsed_us=653 block_gets=0 block_puts=0 deleted=0
checkpoint_phase lsn=22208 phase=value_index_schedule slot=0 started_ns=1790110510626679000 ended_ns=1790110510628055500 elapsed_us=1376 block_gets=0 block_puts=0 deleted=0
checkpoint_phase lsn=22208 phase=value_index_schedule slot=0 started_ns=1790110510628060000 ended_ns=1790110510633840792 elapsed_us=5780 block_gets=0 block_puts=0 deleted=0
checkpoint_phase lsn=22208 phase=value_index_schedule slot=0 started_ns=1790110510633856000 ended_ns=1790110510639484958 elapsed_us=5628 block_gets=0 block_puts=0 deleted=0
checkpoint_phase lsn=22208 phase=value_index_schedule slot=0 started_ns=1790110510639504000 ended_ns=1790110510647131292 elapsed_us=7627 block_gets=0 block_puts=0 deleted=0
checkpoint_phase lsn=22208 phase=value_index_schedule slot=0 started_ns=1790110510647154000 ended_ns=1790110510647182250 elapsed_us=28 block_gets=0 block_puts=0 deleted=0
checkpoint_phase lsn=22208 phase=value_index_schedule slot=0 started_ns=1790110510647192000 ended_ns=1790110510647214083 elapsed_us=22 block_gets=0 block_puts=0 deleted=0
checkpoint_phase lsn=22208 phase=value_index_schedule slot=0 started_ns=1790110510647221000 ended_ns=1790110510657422250 elapsed_us=10201 block_gets=0 block_puts=1 deleted=0
checkpoint_phase lsn=22208 phase=value_index_schedule slot=0 started_ns=1790110510657442000 ended_ns=1790110510680876458 elapsed_us=23434 block_gets=0 block_puts=4 deleted=0
checkpoint_phase lsn=22208 phase=value_index_schedule slot=0 started_ns=1790110510680895000 ended_ns=1790110510690626333 elapsed_us=9731 block_gets=0 block_puts=0 deleted=0
checkpoint_phase lsn=22208 phase=value_index_schedule slot=0 started_ns=1790110510690683000 ended_ns=1790110510699908375 elapsed_us=9225 block_gets=0 block_puts=0 deleted=0
checkpoint_phase lsn=22208 phase=value_index_schedule slot=0 started_ns=1790110510700035000 ended_ns=1790110510707496750 elapsed_us=7461 block_gets=0 block_puts=0 deleted=0
checkpoint_phase lsn=22208 phase=value_index_schedule slot=0 started_ns=1790110510707513000 ended_ns=1790110510710587459 elapsed_us=3074 block_gets=0 block_puts=0 deleted=0
checkpoint_phase lsn=22208 phase=value_index_schedule slot=0 started_ns=1790110510710613000 ended_ns=1790110510710642041 elapsed_us=29 block_gets=0 block_puts=0 deleted=0
checkpoint_phase lsn=22208 phase=value_index_schedule slot=0 started_ns=1790110510710652000 ended_ns=1790110510710674083 elapsed_us=22 block_gets=0 block_puts=0 deleted=0
checkpoint_phase lsn=22208 phase=value_index_schedule slot=0 started_ns=1790110510710681000 ended_ns=1790110510715297666 elapsed_us=4616 block_gets=0 block_puts=1 deleted=0
checkpoint_phase lsn=22208 phase=value_index_schedule slot=0 started_ns=1790110510715316000 ended_ns=1790110510730038875 elapsed_us=14722 block_gets=0 block_puts=4 deleted=0
checkpoint_phase lsn=22208 phase=value_index_schedule slot=0 started_ns=1790110510730053000 ended_ns=1790110510730850875 elapsed_us=797 block_gets=0 block_puts=0 deleted=0
checkpoint_phase lsn=22208 phase=value_index_schedule slot=0 started_ns=1790110510730858000 ended_ns=1790110510731061625 elapsed_us=203 block_gets=0 block_puts=0 deleted=0
checkpoint_phase lsn=22208 phase=value_index_schedule slot=0 started_ns=1790110510731066000 ended_ns=1790110510731258250 elapsed_us=192 block_gets=0 block_puts=0 deleted=0
checkpoint_phase lsn=22208 phase=value_index_schedule slot=0 started_ns=1790110510731263000 ended_ns=1790110510736400125 elapsed_us=5137 block_gets=0 block_puts=1 deleted=0
checkpoint_phase lsn=22208 phase=value_index_schedule slot=0 started_ns=1790110510736413000 ended_ns=1790110510736744167 elapsed_us=331 block_gets=0 block_puts=0 deleted=0
checkpoint_phase lsn=22208 phase=value_index_schedule slot=0 started_ns=1790110510736753000 ended_ns=1790110510737088292 elapsed_us=335 block_gets=0 block_puts=0 deleted=0
checkpoint_phase lsn=22208 phase=value_index_schedule slot=0 started_ns=1790110510737099000 ended_ns=1790110510742708584 elapsed_us=5609 block_gets=0 block_puts=1 deleted=0
checkpoint_phase lsn=22208 phase=value_index_schedule slot=0 started_ns=1790110510742738000 ended_ns=1790110510743025250 elapsed_us=287 block_gets=0 block_puts=0 deleted=0
checkpoint_phase lsn=22208 phase=value_index_schedule slot=0 started_ns=1790110510743063000 ended_ns=1790110510743107292 elapsed_us=44 block_gets=0 block_puts=0 deleted=0
checkpoint_phase lsn=22208 phase=value_index_schedule slot=0 started_ns=1790110510743115000 ended_ns=1790110510757586833 elapsed_us=14471 block_gets=0 block_puts=4 deleted=0
checkpoint_phase lsn=22208 phase=value_index_schedule slot=0 started_ns=1790110510757599000 ended_ns=1790110510765066167 elapsed_us=7467 block_gets=0 block_puts=0 deleted=0
checkpoint_phase lsn=22208 phase=value_index_schedule slot=0 started_ns=1790110510765081000 ended_ns=1790110510772770750 elapsed_us=7689 block_gets=0 block_puts=0 deleted=0
checkpoint_phase lsn=22208 phase=value_index_schedule slot=0 started_ns=1790110510772790000 ended_ns=1790110510777734334 elapsed_us=4944 block_gets=0 block_puts=0 deleted=0
checkpoint_phase lsn=22208 phase=value_index_schedule slot=0 started_ns=1790110510777750000 ended_ns=1790110510777777875 elapsed_us=27 block_gets=0 block_puts=0 deleted=0
checkpoint_phase lsn=22208 phase=value_index_schedule slot=0 started_ns=1790110510777783000 ended_ns=1790110510777804959 elapsed_us=21 block_gets=0 block_puts=0 deleted=0
checkpoint_phase lsn=22208 phase=value_index_schedule slot=0 started_ns=1790110510777809000 ended_ns=1790110510791876167 elapsed_us=14067 block_gets=0 block_puts=4 deleted=0
checkpoint_phase lsn=22208 phase=value_index_schedule slot=0 started_ns=1790110510791903000 ended_ns=1790110510791903417 elapsed_us=0 block_gets=0 block_puts=0 deleted=0
checkpoint_phase lsn=22208 phase=value_index_schedule slot=0 started_ns=1790110510791924000 ended_ns=1790110510792701000 elapsed_us=777 block_gets=0 block_puts=0 deleted=0
checkpoint_phase lsn=22208 phase=value_index_schedule slot=0 started_ns=1790110510792712000 ended_ns=1790110510793093792 elapsed_us=381 block_gets=0 block_puts=0 deleted=0
checkpoint_phase lsn=22208 phase=value_index_schedule slot=0 started_ns=1790110510793105000 ended_ns=1790110510793476167 elapsed_us=371 block_gets=0 block_puts=0 deleted=0
checkpoint_phase lsn=22208 phase=value_index_schedule slot=0 started_ns=1790110510793486000 ended_ns=1790110510799340209 elapsed_us=5854 block_gets=0 block_puts=1 deleted=0
checkpoint_phase lsn=22208 phase=value_index_schedule slot=0 started_ns=1790110510799355000 ended_ns=1790110510799745958 elapsed_us=390 block_gets=0 block_puts=0 deleted=0
checkpoint_phase lsn=22208 phase=value_index_schedule slot=0 started_ns=1790110510799757000 ended_ns=1790110510800146000 elapsed_us=389 block_gets=0 block_puts=0 deleted=0
checkpoint_phase lsn=22208 phase=value_index_schedule slot=0 started_ns=1790110510800159000 ended_ns=1790110510805801250 elapsed_us=5642 block_gets=0 block_puts=1 deleted=0
checkpoint_phase lsn=22208 phase=value_index_schedule slot=0 started_ns=1790110510805822000 ended_ns=1790110510806168375 elapsed_us=346 block_gets=0 block_puts=0 deleted=0
checkpoint_phase lsn=22208 phase=value_index_schedule slot=0 started_ns=1790110510806182000 ended_ns=1790110510806326167 elapsed_us=144 block_gets=0 block_puts=0 deleted=0
checkpoint_phase lsn=22208 phase=value_index_schedule slot=0 started_ns=1790110510806337000 ended_ns=1790110510810378167 elapsed_us=4041 block_gets=0 block_puts=1 deleted=0
checkpoint_phase lsn=22208 phase=value_index_schedule slot=0 started_ns=1790110510810394000 ended_ns=1790110510810422875 elapsed_us=28 block_gets=0 block_puts=0 deleted=0
checkpoint_phase lsn=22208 phase=value_index_schedule slot=0 started_ns=1790110510810434000 ended_ns=1790110510823986000 elapsed_us=13552 block_gets=0 block_puts=4 deleted=0
checkpoint_phase lsn=22208 phase=value_index_schedule slot=0 started_ns=1790110510824003000 ended_ns=1790110510824003250 elapsed_us=0 block_gets=0 block_puts=0 deleted=0
checkpoint_phase lsn=22208 phase=value_index_write slot=0 started_ns=1790110510824015000 ended_ns=1790110510837975167 elapsed_us=13960 block_gets=0 block_puts=3 deleted=0
checkpoint_phase lsn=22208 phase=value_index_write slot=0 started_ns=1790110510838014000 ended_ns=1790110510852634875 elapsed_us=14620 block_gets=0 block_puts=4 deleted=0
checkpoint_phase lsn=22208 phase=value_index_write slot=0 started_ns=1790110510852651000 ended_ns=1790110510866165000 elapsed_us=13514 block_gets=0 block_puts=4 deleted=0
checkpoint_phase lsn=22208 phase=value_index_write slot=0 started_ns=1790110510866181000 ended_ns=1790110510877566084 elapsed_us=11385 block_gets=0 block_puts=3 deleted=0
checkpoint_phase lsn=22208 phase=value_index_write slot=0 started_ns=1790110510877580000 ended_ns=1790110510878004417 elapsed_us=424 block_gets=0 block_puts=0 deleted=0
checkpoint_phase lsn=22208 phase=value_index_write slot=0 started_ns=1790110510878010000 ended_ns=1790110510878613167 elapsed_us=603 block_gets=0 block_puts=0 deleted=0
checkpoint_phase lsn=22208 phase=value_index_write slot=0 started_ns=1790110510878626000 ended_ns=1790110510879054417 elapsed_us=428 block_gets=0 block_puts=0 deleted=0
checkpoint_phase lsn=22208 phase=value_index_write slot=0 started_ns=1790110510879061000 ended_ns=1790110510879489083 elapsed_us=428 block_gets=0 block_puts=0 deleted=0
checkpoint_phase lsn=22208 phase=value_index_write slot=0 started_ns=1790110510879493000 ended_ns=1790110510883564666 elapsed_us=4071 block_gets=0 block_puts=1 deleted=0
checkpoint_phase lsn=22208 phase=value_index_write slot=0 started_ns=1790110510883574000 ended_ns=1790110510883996042 elapsed_us=422 block_gets=0 block_puts=0 deleted=0
checkpoint_phase lsn=22208 phase=value_index_write slot=0 started_ns=1790110510883999000 ended_ns=1790110510887766834 elapsed_us=3767 block_gets=0 block_puts=1 deleted=0
checkpoint_phase lsn=22208 phase=value_index_schedule slot=0 started_ns=1790110510887781000 ended_ns=1790110510887814750 elapsed_us=33 block_gets=0 block_puts=0 deleted=0
checkpoint_phase lsn=22208 phase=value_index_schedule slot=0 started_ns=1790110510887820000 ended_ns=1790110510887978375 elapsed_us=158 block_gets=0 block_puts=0 deleted=0
checkpoint_phase lsn=22208 phase=value_index_schedule slot=0 started_ns=1790110510887983000 ended_ns=1790110510890325583 elapsed_us=2342 block_gets=0 block_puts=0 deleted=0
checkpoint_phase lsn=22208 phase=value_index_schedule slot=0 started_ns=1790110510890335000 ended_ns=1790110510897881250 elapsed_us=7546 block_gets=0 block_puts=0 deleted=0
checkpoint_phase lsn=22208 phase=value_index_schedule slot=0 started_ns=1790110510897899000 ended_ns=1790110510909702584 elapsed_us=11803 block_gets=0 block_puts=0 deleted=0
checkpoint_phase lsn=22208 phase=value_index_schedule slot=0 started_ns=1790110510909723000 ended_ns=1790110510914941708 elapsed_us=5218 block_gets=0 block_puts=0 deleted=0
checkpoint_phase lsn=22208 phase=value_index_schedule slot=0 started_ns=1790110510914954000 ended_ns=1790110510921909042 elapsed_us=6955 block_gets=0 block_puts=0 deleted=0
checkpoint_phase lsn=22208 phase=value_index_schedule slot=0 started_ns=1790110510921926000 ended_ns=1790110510921956084 elapsed_us=30 block_gets=0 block_puts=0 deleted=0
checkpoint_phase lsn=22208 phase=value_index_schedule slot=0 started_ns=1790110510921962000 ended_ns=1790110510921984000 elapsed_us=22 block_gets=0 block_puts=0 deleted=0
checkpoint_phase lsn=22208 phase=value_index_schedule slot=0 started_ns=1790110510921988000 ended_ns=1790110510926632042 elapsed_us=4644 block_gets=0 block_puts=1 deleted=0
checkpoint_phase lsn=22208 phase=value_index_schedule slot=0 started_ns=1790110510926643000 ended_ns=1790110510940905167 elapsed_us=14262 block_gets=0 block_puts=4 deleted=0
checkpoint_phase lsn=22208 phase=value_index_schedule slot=0 started_ns=1790110510940922000 ended_ns=1790110510948855167 elapsed_us=7933 block_gets=0 block_puts=0 deleted=0
checkpoint_phase lsn=22208 phase=value_index_schedule slot=0 started_ns=1790110510948867000 ended_ns=1790110510956263584 elapsed_us=7396 block_gets=0 block_puts=0 deleted=0
checkpoint_phase lsn=22208 phase=value_index_schedule slot=0 started_ns=1790110510956286000 ended_ns=1790110510958621667 elapsed_us=2335 block_gets=0 block_puts=0 deleted=0
checkpoint_phase lsn=22208 phase=value_index_schedule slot=0 started_ns=1790110510958654000 ended_ns=1790110510963778125 elapsed_us=5124 block_gets=0 block_puts=0 deleted=0
checkpoint_phase lsn=22208 phase=value_index_schedule slot=0 started_ns=1790110510963797000 ended_ns=1790110510963823458 elapsed_us=26 block_gets=0 block_puts=0 deleted=0
checkpoint_phase lsn=22208 phase=value_index_schedule slot=0 started_ns=1790110510963832000 ended_ns=1790110510963853125 elapsed_us=21 block_gets=0 block_puts=0 deleted=0
checkpoint_phase lsn=22208 phase=value_index_schedule slot=0 started_ns=1790110510963862000 ended_ns=1790110510967471042 elapsed_us=3609 block_gets=0 block_puts=1 deleted=0
checkpoint_phase lsn=22208 phase=value_index_schedule slot=0 started_ns=1790110510967483000 ended_ns=1790110510980120042 elapsed_us=12637 block_gets=0 block_puts=4 deleted=0
checkpoint_phase lsn=22208 phase=value_index_schedule slot=0 started_ns=1790110510980138000 ended_ns=1790110510980934292 elapsed_us=796 block_gets=0 block_puts=0 deleted=0
checkpoint_phase lsn=22208 phase=value_index_schedule slot=0 started_ns=1790110510980943000 ended_ns=1790110510981147458 elapsed_us=204 block_gets=0 block_puts=0 deleted=0
checkpoint_phase lsn=22208 phase=value_index_schedule slot=0 started_ns=1790110510981156000 ended_ns=1790110510981351750 elapsed_us=195 block_gets=0 block_puts=0 deleted=0
checkpoint_phase lsn=22208 phase=value_index_schedule slot=0 started_ns=1790110510981359000 ended_ns=1790110510986411667 elapsed_us=5052 block_gets=0 block_puts=1 deleted=0
checkpoint_phase lsn=22208 phase=value_index_schedule slot=0 started_ns=1790110510986431000 ended_ns=1790110510986785375 elapsed_us=354 block_gets=0 block_puts=0 deleted=0
checkpoint_phase lsn=22208 phase=value_index_schedule slot=0 started_ns=1790110510986799000 ended_ns=1790110510987144333 elapsed_us=345 block_gets=0 block_puts=0 deleted=0
checkpoint_phase lsn=22208 phase=value_index_schedule slot=0 started_ns=1790110510987150000 ended_ns=1790110510992040167 elapsed_us=4890 block_gets=0 block_puts=1 deleted=0
checkpoint_phase lsn=22208 phase=value_index_schedule slot=0 started_ns=1790110510992054000 ended_ns=1790110510992342917 elapsed_us=288 block_gets=0 block_puts=0 deleted=0
checkpoint_phase lsn=22208 phase=value_index_schedule slot=0 started_ns=1790110510992351000 ended_ns=1790110511006695791 elapsed_us=14344 block_gets=0 block_puts=4 deleted=0
checkpoint_phase lsn=22208 phase=value_index_schedule slot=0 started_ns=1790110511006716000 ended_ns=1790110511015065250 elapsed_us=8349 block_gets=0 block_puts=0 deleted=0
checkpoint_phase lsn=22208 phase=value_index_schedule slot=0 started_ns=1790110511015085000 ended_ns=1790110511023252042 elapsed_us=8167 block_gets=0 block_puts=0 deleted=0
checkpoint_phase lsn=22208 phase=value_index_schedule slot=0 started_ns=1790110511023269000 ended_ns=1790110511030569792 elapsed_us=7300 block_gets=0 block_puts=0 deleted=0
checkpoint_phase lsn=22208 phase=value_index_schedule slot=0 started_ns=1790110511030592000 ended_ns=1790110511030620458 elapsed_us=28 block_gets=0 block_puts=0 deleted=0
checkpoint_phase lsn=22208 phase=value_index_schedule slot=0 started_ns=1790110511030626000 ended_ns=1790110511030648708 elapsed_us=22 block_gets=0 block_puts=0 deleted=0
checkpoint_phase lsn=22208 phase=value_index_schedule slot=0 started_ns=1790110511030657000 ended_ns=1790110511034277750 elapsed_us=3620 block_gets=0 block_puts=1 deleted=0
checkpoint_phase lsn=22208 phase=value_index_schedule slot=0 started_ns=1790110511034293000 ended_ns=1790110511045676125 elapsed_us=11383 block_gets=0 block_puts=4 deleted=0
checkpoint_phase lsn=22208 phase=value_index_schedule slot=0 started_ns=1790110511045693000 ended_ns=1790110511045693250 elapsed_us=0 block_gets=0 block_puts=0 deleted=0
checkpoint_phase lsn=22208 phase=value_index_schedule slot=0 started_ns=1790110511045698000 ended_ns=1790110511046494666 elapsed_us=796 block_gets=0 block_puts=0 deleted=0
checkpoint_phase lsn=22208 phase=value_index_schedule slot=0 started_ns=1790110511046519000 ended_ns=1790110511046912625 elapsed_us=393 block_gets=0 block_puts=0 deleted=0
checkpoint_phase lsn=22208 phase=value_index_schedule slot=0 started_ns=1790110511046957000 ended_ns=1790110511047336666 elapsed_us=379 block_gets=0 block_puts=0 deleted=0
checkpoint_phase lsn=22208 phase=value_index_schedule slot=0 started_ns=1790110511047349000 ended_ns=1790110511052538542 elapsed_us=5189 block_gets=0 block_puts=1 deleted=0
checkpoint_phase lsn=22208 phase=value_index_schedule slot=0 started_ns=1790110511052572000 ended_ns=1790110511053338416 elapsed_us=766 block_gets=0 block_puts=0 deleted=0
checkpoint_phase lsn=22208 phase=value_index_schedule slot=0 started_ns=1790110511053382000 ended_ns=1790110511054601833 elapsed_us=1219 block_gets=0 block_puts=0 deleted=0
checkpoint_phase lsn=22208 phase=value_index_schedule slot=0 started_ns=1790110511054618000 ended_ns=1790110511059899459 elapsed_us=5281 block_gets=0 block_puts=1 deleted=0
checkpoint_phase lsn=22208 phase=value_index_schedule slot=0 started_ns=1790110511059919000 ended_ns=1790110511060602542 elapsed_us=683 block_gets=0 block_puts=0 deleted=0
checkpoint_phase lsn=22208 phase=value_index_schedule slot=0 started_ns=1790110511060622000 ended_ns=1790110511060666583 elapsed_us=44 block_gets=0 block_puts=0 deleted=0
checkpoint_phase lsn=22208 phase=value_index_schedule slot=0 started_ns=1790110511060674000 ended_ns=1790110511065093167 elapsed_us=4419 block_gets=0 block_puts=1 deleted=0
checkpoint_phase lsn=22208 phase=value_index_schedule slot=0 started_ns=1790110511065123000 ended_ns=1790110511065168542 elapsed_us=45 block_gets=0 block_puts=0 deleted=0
checkpoint_phase lsn=22208 phase=value_index_schedule slot=0 started_ns=1790110511065178000 ended_ns=1790110511081449167 elapsed_us=16271 block_gets=0 block_puts=4 deleted=0
checkpoint_phase lsn=22208 phase=value_index_schedule slot=0 started_ns=1790110511081465000 ended_ns=1790110511081465292 elapsed_us=0 block_gets=0 block_puts=0 deleted=0
checkpoint_phase lsn=22208 phase=value_index_write slot=0 started_ns=1790110511081471000 ended_ns=1790110511093573125 elapsed_us=12102 block_gets=0 block_puts=3 deleted=0
checkpoint_phase lsn=22208 phase=value_index_write slot=0 started_ns=1790110511093588000 ended_ns=1790110511107483208 elapsed_us=13895 block_gets=0 block_puts=4 deleted=0
checkpoint_phase lsn=22208 phase=value_index_write slot=0 started_ns=1790110511107498000 ended_ns=1790110511122845542 elapsed_us=15347 block_gets=0 block_puts=4 deleted=0
checkpoint_phase lsn=22208 phase=value_index_write slot=0 started_ns=1790110511122862000 ended_ns=1790110511133407458 elapsed_us=10545 block_gets=0 block_puts=3 deleted=0
checkpoint_phase lsn=22208 phase=value_index_write slot=0 started_ns=1790110511133423000 ended_ns=1790110511133906708 elapsed_us=483 block_gets=0 block_puts=0 deleted=0
checkpoint_phase lsn=22208 phase=value_index_write slot=0 started_ns=1790110511133917000 ended_ns=1790110511134572250 elapsed_us=655 block_gets=0 block_puts=0 deleted=0
checkpoint_phase lsn=22208 phase=value_index_write slot=0 started_ns=1790110511134585000 ended_ns=1790110511134996125 elapsed_us=411 block_gets=0 block_puts=0 deleted=0
checkpoint_phase lsn=22208 phase=value_index_write slot=0 started_ns=1790110511135003000 ended_ns=1790110511135424667 elapsed_us=421 block_gets=0 block_puts=0 deleted=0
checkpoint_phase lsn=22208 phase=value_index_write slot=0 started_ns=1790110511135431000 ended_ns=1790110511139501375 elapsed_us=4070 block_gets=0 block_puts=1 deleted=0
checkpoint_phase lsn=22208 phase=value_index_write slot=0 started_ns=1790110511139511000 ended_ns=1790110511139930875 elapsed_us=419 block_gets=0 block_puts=0 deleted=0
checkpoint_phase lsn=22208 phase=value_index_write slot=0 started_ns=1790110511139938000 ended_ns=1790110511143526708 elapsed_us=3588 block_gets=0 block_puts=1 deleted=0
checkpoint_phase lsn=22208 phase=row_sst_delta slot=0 started_ns=1790110511143538000 ended_ns=1790110511170566833 elapsed_us=27028 block_gets=0 block_puts=4 deleted=0
checkpoint_phase lsn=22208 phase=manifest slot=-1 started_ns=1790110511170585000 ended_ns=1790110511173926541 elapsed_us=3341 block_gets=0 block_puts=0 deleted=0
checkpoint_phase lsn=22208 phase=local_cleanup slot=-1 started_ns=1790110511173956000 ended_ns=1790110511174108541 elapsed_us=152 block_gets=0 block_puts=0 deleted=0
checkpoint_phase lsn=22208 phase=commit_prune slot=-1 started_ns=1790110511174118000 ended_ns=1790110511308346042 elapsed_us=134228 block_gets=0 block_puts=0 deleted=16
checkpoint_phase lsn=22208 phase=commit_prune slot=-1 started_ns=1790110511313437000 ended_ns=1790110511382043958 elapsed_us=68606 block_gets=0 block_puts=0 deleted=16
checkpoint_phase lsn=22208 phase=commit_prune slot=-1 started_ns=1790110511382277000 ended_ns=1790110511446798625 elapsed_us=64521 block_gets=0 block_puts=0 deleted=16
checkpoint_phase lsn=22208 phase=commit_prune slot=-1 started_ns=1790110511446813000 ended_ns=1790110511509313000 elapsed_us=62500 block_gets=0 block_puts=0 deleted=16
checkpoint_phase lsn=22208 phase=commit_prune slot=-1 started_ns=1790110511509327000 ended_ns=1790110511573038042 elapsed_us=63711 block_gets=0 block_puts=0 deleted=16
checkpoint_phase lsn=22208 phase=commit_prune slot=-1 started_ns=1790110511573281000 ended_ns=1790110511629628417 elapsed_us=56347 block_gets=0 block_puts=0 deleted=16
checkpoint_phase lsn=22208 phase=commit_prune slot=-1 started_ns=1790110511629641000 ended_ns=1790110511680713375 elapsed_us=51072 block_gets=0 block_puts=0 deleted=16
checkpoint_phase lsn=22208 phase=commit_prune slot=-1 started_ns=1790110511680727000 ended_ns=1790110511730028125 elapsed_us=49301 block_gets=0 block_puts=0 deleted=16
checkpoint_phase lsn=22208 phase=commit_prune slot=-1 started_ns=1790110511730042000 ended_ns=1790110511772051666 elapsed_us=42009 block_gets=0 block_puts=0 deleted=16
checkpoint_phase lsn=22208 phase=commit_prune slot=-1 started_ns=1790110511772067000 ended_ns=1790110511818771667 elapsed_us=46704 block_gets=0 block_puts=0 deleted=16
checkpoint_phase lsn=22208 phase=commit_prune slot=-1 started_ns=1790110511818784000 ended_ns=1790110511867154500 elapsed_us=48370 block_gets=0 block_puts=0 deleted=16
checkpoint_phase lsn=22208 phase=commit_prune slot=-1 started_ns=1790110511867170000 ended_ns=1790110511915025625 elapsed_us=47855 block_gets=0 block_puts=0 deleted=16
checkpoint_phase lsn=22208 phase=commit_prune slot=-1 started_ns=1790110511915038000 ended_ns=1790110511960969292 elapsed_us=45931 block_gets=0 block_puts=0 deleted=16
checkpoint_phase lsn=22208 phase=commit_prune slot=-1 started_ns=1790110511960986000 ended_ns=1790110512002889250 elapsed_us=41903 block_gets=0 block_puts=0 deleted=14
checkpoint_phase lsn=22208 phase=legacy_gc slot=-1 started_ns=1790110512002902000 ended_ns=1790110512034150000 elapsed_us=31248 block_gets=0 block_puts=0 deleted=0
checkpoint_phase lsn=22208 phase=gc_keep slot=-1 started_ns=1790110512034165000 ended_ns=1790110512035360542 elapsed_us=1195 block_gets=0 block_puts=0 deleted=0
checkpoint_phase lsn=22208 phase=gc_list slot=-1 started_ns=1790110512035377000 ended_ns=1790110512138597375 elapsed_us=103220 block_gets=0 block_puts=0 deleted=0
checkpoint_phase lsn=22208 phase=gc_delete slot=-1 started_ns=1790110512138619000 ended_ns=1790110512183525458 elapsed_us=44906 block_gets=0 block_puts=0 deleted=16
checkpoint_phase lsn=22208 phase=gc_delete slot=-1 started_ns=1790110512183537000 ended_ns=1790110512232421791 elapsed_us=48884 block_gets=0 block_puts=0 deleted=16
checkpoint_phase lsn=22208 phase=gc_delete slot=-1 started_ns=1790110512232438000 ended_ns=1790110512302773333 elapsed_us=70335 block_gets=0 block_puts=0 deleted=16
checkpoint_phase lsn=22208 phase=gc_delete slot=-1 started_ns=1790110512302792000 ended_ns=1790110512377036291 elapsed_us=74244 block_gets=0 block_puts=0 deleted=16
checkpoint_phase lsn=22208 phase=gc_delete slot=-1 started_ns=1790110512377055000 ended_ns=1790110512455808250 elapsed_us=78753 block_gets=0 block_puts=0 deleted=16
checkpoint_phase lsn=22208 phase=gc_delete slot=-1 started_ns=1790110512455823000 ended_ns=1790110512541912834 elapsed_us=86089 block_gets=0 block_puts=0 deleted=16
checkpoint_phase lsn=22208 phase=gc_delete slot=-1 started_ns=1790110512541929000 ended_ns=1790110512571163375 elapsed_us=29234 block_gets=0 block_puts=0 deleted=7
pos3ql: final checkpoint written
pos3ql: shutdown complete
