pos3ql starting
  listen_addr  127.0.0.1:19600
  data_dir     /var/folders/93/f1fz6s6969gbkd8m9tph1rfw0000gn/T//pos3ql-performance.8uQcGL/data-warm
memory plan:
  memtable     16 MiB
  tables       672069158 B
  block cache  32 MiB
  connections  196714304 B
  server       76836160 B
  total        995951270 B
  disk cache   2 GiB (disk, not RAM)
  temp spill   128 MiB (local ephemeral disk)
startup complete: memory frozen (946051178 B of 995951270 B budget drawn); accepting connections
checkpoint_phase lsn=2632 phase=value_index_schedule slot=0 started_ns=1790174707942545000 ended_ns=1790174707942599416 elapsed_us=54 block_gets=0 block_puts=0 deleted=0
checkpoint_phase lsn=2834 phase=value_index_schedule slot=0 started_ns=1790174708059857000 ended_ns=1790174708059860208 elapsed_us=3 block_gets=0 block_puts=0 deleted=0
checkpoint_phase lsn=3036 phase=value_index_schedule slot=0 started_ns=1790174708195558000 ended_ns=1790174708195561542 elapsed_us=3 block_gets=0 block_puts=0 deleted=0
checkpoint_phase lsn=3238 phase=value_index_schedule slot=0 started_ns=1790174708306000000 ended_ns=1790174708306003458 elapsed_us=3 block_gets=0 block_puts=0 deleted=0
checkpoint_phase lsn=3440 phase=value_index_schedule slot=0 started_ns=1790174708425045000 ended_ns=1790174708425047875 elapsed_us=2 block_gets=0 block_puts=0 deleted=0
checkpoint_phase lsn=3440 phase=value_index_schedule slot=0 started_ns=1790174708425071000 ended_ns=1790174708426249333 elapsed_us=1178 block_gets=0 block_puts=0 deleted=0
checkpoint_phase lsn=3440 phase=value_index_schedule slot=0 started_ns=1790174708426264000 ended_ns=1790174708427562625 elapsed_us=1298 block_gets=0 block_puts=0 deleted=0
checkpoint_phase lsn=3440 phase=value_index_write slot=0 started_ns=1790174708427583000 ended_ns=1790174708427668375 elapsed_us=85 block_gets=0 block_puts=0 deleted=0
checkpoint_phase lsn=3440 phase=value_index_write slot=0 started_ns=1790174708427675000 ended_ns=1790174708435363041 elapsed_us=7688 block_gets=0 block_puts=2 deleted=0
checkpoint_phase lsn=3440 phase=row_sst_full slot=0 started_ns=1790174708435379000 ended_ns=1790174710065586333 elapsed_us=1630207 block_gets=0 block_puts=231 deleted=0
checkpoint_phase lsn=3440 phase=manifest slot=-1 started_ns=1790174710065594000 ended_ns=1790174710067085875 elapsed_us=1491 block_gets=0 block_puts=0 deleted=0
checkpoint_phase lsn=3440 phase=local_cleanup slot=-1 started_ns=1790174710067138000 ended_ns=1790174710067287250 elapsed_us=149 block_gets=0 block_puts=0 deleted=0
checkpoint_phase lsn=3440 phase=commit_prune slot=-1 started_ns=1790174710206176000 ended_ns=1790174710222649791 elapsed_us=16473 block_gets=0 block_puts=0 deleted=16
checkpoint_phase lsn=3440 phase=commit_prune slot=-1 started_ns=1790174710357905000 ended_ns=1790174710368833958 elapsed_us=10928 block_gets=0 block_puts=0 deleted=16
checkpoint_phase lsn=3440 phase=commit_prune slot=-1 started_ns=1790174710530319000 ended_ns=1790174710534924834 elapsed_us=4605 block_gets=0 block_puts=0 deleted=2
checkpoint_phase lsn=3440 phase=legacy_gc slot=-1 started_ns=1790174710650479000 ended_ns=1790174710651047417 elapsed_us=568 block_gets=0 block_puts=0 deleted=0
checkpoint_phase lsn=4450 phase=gc_keep slot=-1 started_ns=1790174710783060000 ended_ns=1790174710783161375 elapsed_us=101 block_gets=0 block_puts=0 deleted=0
checkpoint_phase lsn=4450 phase=gc_list slot=-1 started_ns=1790174710783181000 ended_ns=1790174710787861208 elapsed_us=4680 block_gets=0 block_puts=0 deleted=0
checkpoint_phase lsn=4450 phase=gc_delete slot=-1 started_ns=1790174710787880000 ended_ns=1790174710787880334 elapsed_us=0 block_gets=0 block_puts=0 deleted=0
checkpoint_phase lsn=6066 phase=value_index_schedule slot=0 started_ns=1790174711828961000 ended_ns=1790174711828984666 elapsed_us=23 block_gets=0 block_puts=0 deleted=0
checkpoint_phase lsn=6268 phase=value_index_schedule slot=0 started_ns=1790174711969706000 ended_ns=1790174711969712042 elapsed_us=6 block_gets=0 block_puts=0 deleted=0
checkpoint_phase lsn=6268 phase=value_index_schedule slot=0 started_ns=1790174711969785000 ended_ns=1790174711970553375 elapsed_us=768 block_gets=0 block_puts=0 deleted=0
checkpoint_phase lsn=6470 phase=value_index_schedule slot=0 started_ns=1790174712123400000 ended_ns=1790174712123405333 elapsed_us=5 block_gets=0 block_puts=0 deleted=0
checkpoint_phase lsn=6672 phase=value_index_schedule slot=0 started_ns=1790174712269937000 ended_ns=1790174712269941833 elapsed_us=4 block_gets=0 block_puts=0 deleted=0
checkpoint_phase lsn=6874 phase=value_index_schedule slot=0 started_ns=1790174712405588000 ended_ns=1790174712405593500 elapsed_us=5 block_gets=0 block_puts=0 deleted=0
checkpoint_phase lsn=6874 phase=value_index_schedule slot=0 started_ns=1790174712405609000 ended_ns=1790174712406441292 elapsed_us=832 block_gets=0 block_puts=0 deleted=0
checkpoint_phase lsn=6874 phase=value_index_schedule slot=0 started_ns=1790174712406446000 ended_ns=1790174712407655791 elapsed_us=1209 block_gets=0 block_puts=0 deleted=0
checkpoint_phase lsn=6874 phase=value_index_write slot=0 started_ns=1790174712407705000 ended_ns=1790174712407711208 elapsed_us=6 block_gets=0 block_puts=0 deleted=0
checkpoint_phase lsn=6874 phase=value_index_write slot=0 started_ns=1790174712407718000 ended_ns=1790174712408121500 elapsed_us=403 block_gets=0 block_puts=0 deleted=0
checkpoint_phase lsn=6874 phase=value_index_write slot=0 started_ns=1790174712408125000 ended_ns=1790174712408225208 elapsed_us=100 block_gets=0 block_puts=0 deleted=0
checkpoint_phase lsn=6874 phase=value_index_write slot=0 started_ns=1790174712408227000 ended_ns=1790174712408288042 elapsed_us=61 block_gets=0 block_puts=0 deleted=0
checkpoint_phase lsn=6874 phase=value_index_write slot=0 started_ns=1790174712408290000 ended_ns=1790174712423541000 elapsed_us=15251 block_gets=0 block_puts=2 deleted=0
checkpoint_phase lsn=6874 phase=row_sst_delta slot=0 started_ns=1790174712423551000 ended_ns=1790174712500086291 elapsed_us=76535 block_gets=0 block_puts=5 deleted=0
checkpoint_phase lsn=6874 phase=manifest slot=-1 started_ns=1790174712500094000 ended_ns=1790174712506561250 elapsed_us=6467 block_gets=0 block_puts=0 deleted=0
checkpoint_phase lsn=6874 phase=local_cleanup slot=-1 started_ns=1790174712506604000 ended_ns=1790174712506775000 elapsed_us=171 block_gets=0 block_puts=0 deleted=0
checkpoint_phase lsn=6874 phase=commit_prune slot=-1 started_ns=1790174712625582000 ended_ns=1790174712705348958 elapsed_us=79766 block_gets=0 block_puts=0 deleted=16
checkpoint_phase lsn=6874 phase=commit_prune slot=-1 started_ns=1790174712869003000 ended_ns=1790174712902366083 elapsed_us=33363 block_gets=0 block_puts=0 deleted=16
checkpoint_phase lsn=6874 phase=commit_prune slot=-1 started_ns=1790174713045119000 ended_ns=1790174713049948041 elapsed_us=4829 block_gets=0 block_puts=0 deleted=2
checkpoint_phase lsn=6874 phase=legacy_gc slot=-1 started_ns=1790174713178138000 ended_ns=1790174713178802375 elapsed_us=664 block_gets=0 block_puts=0 deleted=0
checkpoint_phase lsn=7884 phase=gc_keep slot=-1 started_ns=1790174713285774000 ended_ns=1790174713285789167 elapsed_us=15 block_gets=0 block_puts=0 deleted=0
checkpoint_phase lsn=7884 phase=gc_list slot=-1 started_ns=1790174713285813000 ended_ns=1790174713290243458 elapsed_us=4430 block_gets=0 block_puts=0 deleted=0
checkpoint_phase lsn=7884 phase=gc_delete slot=-1 started_ns=1790174713290259000 ended_ns=1790174713291883333 elapsed_us=1624 block_gets=0 block_puts=0 deleted=2
checkpoint_phase lsn=9500 phase=value_index_schedule slot=0 started_ns=1790174714411047000 ended_ns=1790174714411053375 elapsed_us=6 block_gets=0 block_puts=0 deleted=0
checkpoint_phase lsn=9500 phase=value_index_schedule slot=0 started_ns=1790174714411135000 ended_ns=1790174714411926792 elapsed_us=791 block_gets=0 block_puts=0 deleted=0
checkpoint_phase lsn=9702 phase=value_index_schedule slot=0 started_ns=1790174714564495000 ended_ns=1790174714564500917 elapsed_us=5 block_gets=0 block_puts=0 deleted=0
checkpoint_phase lsn=9904 phase=value_index_schedule slot=0 started_ns=1790174714699741000 ended_ns=1790174714699745542 elapsed_us=4 block_gets=0 block_puts=0 deleted=0
checkpoint_phase lsn=10106 phase=value_index_schedule slot=0 started_ns=1790174714833882000 ended_ns=1790174714833887459 elapsed_us=5 block_gets=0 block_puts=0 deleted=0
checkpoint_phase lsn=10308 phase=value_index_schedule slot=0 started_ns=1790174714958434000 ended_ns=1790174714958439375 elapsed_us=5 block_gets=0 block_puts=0 deleted=0
checkpoint_phase lsn=10308 phase=value_index_schedule slot=0 started_ns=1790174714958459000 ended_ns=1790174714959208125 elapsed_us=749 block_gets=0 block_puts=0 deleted=0
checkpoint_phase lsn=10308 phase=value_index_schedule slot=0 started_ns=1790174714959215000 ended_ns=1790174714960423791 elapsed_us=1208 block_gets=0 block_puts=0 deleted=0
checkpoint_phase lsn=10308 phase=value_index_write slot=0 started_ns=1790174714960444000 ended_ns=1790174714960445375 elapsed_us=1 block_gets=0 block_puts=0 deleted=0
checkpoint_phase lsn=10308 phase=value_index_write slot=0 started_ns=1790174714960448000 ended_ns=1790174714960580833 elapsed_us=132 block_gets=0 block_puts=0 deleted=0
checkpoint_phase lsn=10308 phase=value_index_write slot=0 started_ns=1790174714960586000 ended_ns=1790174714960709416 elapsed_us=123 block_gets=0 block_puts=0 deleted=0
checkpoint_phase lsn=10308 phase=value_index_write slot=0 started_ns=1790174714960714000 ended_ns=1790174714960833542 elapsed_us=119 block_gets=0 block_puts=0 deleted=0
checkpoint_phase lsn=10308 phase=value_index_write slot=0 started_ns=1790174714960835000 ended_ns=1790174714960915041 elapsed_us=80 block_gets=0 block_puts=0 deleted=0
checkpoint_phase lsn=10308 phase=value_index_write slot=0 started_ns=1790174714960917000 ended_ns=1790174714970127750 elapsed_us=9210 block_gets=0 block_puts=2 deleted=0
checkpoint_phase lsn=10308 phase=row_sst_delta slot=0 started_ns=1790174714970137000 ended_ns=1790174715020478750 elapsed_us=50341 block_gets=0 block_puts=5 deleted=0
checkpoint_phase lsn=10308 phase=manifest slot=-1 started_ns=1790174715020496000 ended_ns=1790174715021762666 elapsed_us=1266 block_gets=0 block_puts=0 deleted=0
checkpoint_phase lsn=10308 phase=local_cleanup slot=-1 started_ns=1790174715021818000 ended_ns=1790174715022012291 elapsed_us=194 block_gets=0 block_puts=0 deleted=0
checkpoint_phase lsn=10308 phase=commit_prune slot=-1 started_ns=1790174715159646000 ended_ns=1790174715187738209 elapsed_us=28092 block_gets=0 block_puts=0 deleted=16
checkpoint_phase lsn=10308 phase=commit_prune slot=-1 started_ns=1790174715334684000 ended_ns=1790174715350123333 elapsed_us=15439 block_gets=0 block_puts=0 deleted=16
checkpoint_phase lsn=10308 phase=commit_prune slot=-1 started_ns=1790174715483229000 ended_ns=1790174715484346458 elapsed_us=1117 block_gets=0 block_puts=0 deleted=2
checkpoint_phase lsn=10308 phase=legacy_gc slot=-1 started_ns=1790174715635725000 ended_ns=1790174715636787291 elapsed_us=1062 block_gets=0 block_puts=0 deleted=0
checkpoint_phase lsn=11318 phase=gc_keep slot=-1 started_ns=1790174715757861000 ended_ns=1790174715757872416 elapsed_us=11 block_gets=0 block_puts=0 deleted=0
checkpoint_phase lsn=11318 phase=gc_list slot=-1 started_ns=1790174715757888000 ended_ns=1790174715760587834 elapsed_us=2699 block_gets=0 block_puts=0 deleted=0
checkpoint_phase lsn=11318 phase=gc_delete slot=-1 started_ns=1790174715760597000 ended_ns=1790174715765109000 elapsed_us=4512 block_gets=0 block_puts=0 deleted=2
checkpoint_phase lsn=12934 phase=value_index_schedule slot=0 started_ns=1790174716794352000 ended_ns=1790174716794357875 elapsed_us=5 block_gets=0 block_puts=0 deleted=0
checkpoint_phase lsn=12934 phase=value_index_schedule slot=0 started_ns=1790174716794434000 ended_ns=1790174716795170375 elapsed_us=736 block_gets=0 block_puts=0 deleted=0
checkpoint_phase lsn=13136 phase=value_index_schedule slot=0 started_ns=1790174716918171000 ended_ns=1790174716918176167 elapsed_us=5 block_gets=0 block_puts=0 deleted=0
checkpoint_phase lsn=13338 phase=value_index_schedule slot=0 started_ns=1790174717060183000 ended_ns=1790174717060188500 elapsed_us=5 block_gets=0 block_puts=0 deleted=0
checkpoint_phase lsn=13540 phase=value_index_schedule slot=0 started_ns=1790174717173548000 ended_ns=1790174717173553083 elapsed_us=5 block_gets=0 block_puts=0 deleted=0
checkpoint_phase lsn=13742 phase=value_index_schedule slot=0 started_ns=1790174717288671000 ended_ns=1790174717288676750 elapsed_us=5 block_gets=0 block_puts=0 deleted=0
checkpoint_phase lsn=13742 phase=value_index_schedule slot=0 started_ns=1790174717288691000 ended_ns=1790174717289487709 elapsed_us=796 block_gets=0 block_puts=0 deleted=0
checkpoint_phase lsn=13742 phase=value_index_schedule slot=0 started_ns=1790174717289496000 ended_ns=1790174717290733250 elapsed_us=1237 block_gets=0 block_puts=0 deleted=0
checkpoint_phase lsn=13742 phase=value_index_write slot=0 started_ns=1790174717290754000 ended_ns=1790174717290755375 elapsed_us=1 block_gets=0 block_puts=0 deleted=0
checkpoint_phase lsn=13742 phase=value_index_write slot=0 started_ns=1790174717290760000 ended_ns=1790174717290906417 elapsed_us=146 block_gets=0 block_puts=0 deleted=0
checkpoint_phase lsn=13742 phase=value_index_write slot=0 started_ns=1790174717290923000 ended_ns=1790174717291043292 elapsed_us=120 block_gets=0 block_puts=0 deleted=0
checkpoint_phase lsn=13742 phase=value_index_write slot=0 started_ns=1790174717291055000 ended_ns=1790174717291180834 elapsed_us=125 block_gets=0 block_puts=0 deleted=0
checkpoint_phase lsn=13742 phase=value_index_write slot=0 started_ns=1790174717291184000 ended_ns=1790174717291304792 elapsed_us=120 block_gets=0 block_puts=0 deleted=0
checkpoint_phase lsn=13742 phase=value_index_write slot=0 started_ns=1790174717291309000 ended_ns=1790174717291432125 elapsed_us=123 block_gets=0 block_puts=0 deleted=0
checkpoint_phase lsn=13742 phase=value_index_write slot=0 started_ns=1790174717291434000 ended_ns=1790174717291504000 elapsed_us=70 block_gets=0 block_puts=0 deleted=0
checkpoint_phase lsn=13742 phase=value_index_write slot=0 started_ns=1790174717291506000 ended_ns=1790174717302581167 elapsed_us=11075 block_gets=0 block_puts=2 deleted=0
checkpoint_phase lsn=13742 phase=row_sst_delta slot=0 started_ns=1790174717302593000 ended_ns=1790174717391978292 elapsed_us=89385 block_gets=0 block_puts=5 deleted=0
checkpoint_phase lsn=13742 phase=manifest slot=-1 started_ns=1790174717391987000 ended_ns=1790174717393566875 elapsed_us=1579 block_gets=0 block_puts=0 deleted=0
checkpoint_phase lsn=13742 phase=local_cleanup slot=-1 started_ns=1790174717393619000 ended_ns=1790174717393821583 elapsed_us=202 block_gets=0 block_puts=0 deleted=0
checkpoint_phase lsn=13742 phase=commit_prune slot=-1 started_ns=1790174717521562000 ended_ns=1790174717544921000 elapsed_us=23359 block_gets=0 block_puts=0 deleted=16
checkpoint_phase lsn=13742 phase=commit_prune slot=-1 started_ns=1790174717666207000 ended_ns=1790174717677989500 elapsed_us=11782 block_gets=0 block_puts=0 deleted=16
checkpoint_phase lsn=13742 phase=commit_prune slot=-1 started_ns=1790174717790885000 ended_ns=1790174717791958125 elapsed_us=1073 block_gets=0 block_puts=0 deleted=2
checkpoint_phase lsn=13742 phase=legacy_gc slot=-1 started_ns=1790174717932425000 ended_ns=1790174717933020958 elapsed_us=595 block_gets=0 block_puts=0 deleted=0
checkpoint_phase lsn=14752 phase=gc_keep slot=-1 started_ns=1790174718052239000 ended_ns=1790174718052250500 elapsed_us=11 block_gets=0 block_puts=0 deleted=0
checkpoint_phase lsn=14752 phase=gc_list slot=-1 started_ns=1790174718052273000 ended_ns=1790174718061656208 elapsed_us=9383 block_gets=0 block_puts=0 deleted=0
checkpoint_phase lsn=14752 phase=gc_delete slot=-1 started_ns=1790174718061668000 ended_ns=1790174718062911917 elapsed_us=1243 block_gets=0 block_puts=0 deleted=2
checkpoint_phase lsn=15156 phase=value_index_schedule slot=0 started_ns=1790174718315745000 ended_ns=1790174718315753166 elapsed_us=8 block_gets=0 block_puts=0 deleted=0
checkpoint_phase lsn=15156 phase=row_merge_schedule slot=0 started_ns=1790174718315820000 ended_ns=1790174718325351208 elapsed_us=9531 block_gets=8 block_puts=0 deleted=0
checkpoint_phase lsn=15358 phase=row_merge_schedule slot=0 started_ns=1790174718442619000 ended_ns=1790174718449035875 elapsed_us=6416 block_gets=7 block_puts=0 deleted=0
checkpoint_phase lsn=15560 phase=value_index_schedule slot=0 started_ns=1790174718564936000 ended_ns=1790174718564941959 elapsed_us=5 block_gets=0 block_puts=0 deleted=0
checkpoint_phase lsn=15560 phase=row_merge_schedule slot=0 started_ns=1790174718565031000 ended_ns=1790174718570163708 elapsed_us=5132 block_gets=7 block_puts=0 deleted=0
checkpoint_phase lsn=15762 phase=row_merge_schedule slot=0 started_ns=1790174718683460000 ended_ns=1790174718688688375 elapsed_us=5228 block_gets=7 block_puts=0 deleted=0
checkpoint_phase lsn=15964 phase=value_index_schedule slot=0 started_ns=1790174718805769000 ended_ns=1790174718805774667 elapsed_us=5 block_gets=0 block_puts=0 deleted=0
checkpoint_phase lsn=15964 phase=row_merge_schedule slot=0 started_ns=1790174718805847000 ended_ns=1790174718814225666 elapsed_us=8378 block_gets=7 block_puts=0 deleted=0
checkpoint_phase lsn=16166 phase=row_merge_schedule slot=0 started_ns=1790174718953489000 ended_ns=1790174718962305667 elapsed_us=8816 block_gets=7 block_puts=0 deleted=0
checkpoint_phase lsn=16368 phase=value_index_schedule slot=0 started_ns=1790174719098447000 ended_ns=1790174719098453167 elapsed_us=6 block_gets=0 block_puts=0 deleted=0
checkpoint_phase lsn=16368 phase=row_merge_schedule slot=0 started_ns=1790174719098520000 ended_ns=1790174719107811958 elapsed_us=9291 block_gets=7 block_puts=0 deleted=0
checkpoint_phase lsn=16570 phase=row_merge_schedule slot=0 started_ns=1790174719237181000 ended_ns=1790174719248057833 elapsed_us=10876 block_gets=7 block_puts=0 deleted=0
checkpoint_phase lsn=16772 phase=value_index_schedule slot=0 started_ns=1790174719365673000 ended_ns=1790174719365679125 elapsed_us=6 block_gets=0 block_puts=0 deleted=0
checkpoint_phase lsn=16772 phase=row_merge_schedule slot=0 started_ns=1790174719365747000 ended_ns=1790174719385806875 elapsed_us=20059 block_gets=7 block_puts=0 deleted=0
checkpoint_phase lsn=16974 phase=row_merge_schedule slot=0 started_ns=1790174719500842000 ended_ns=1790174719505930250 elapsed_us=5088 block_gets=7 block_puts=0 deleted=0
checkpoint_phase lsn=17176 phase=value_index_schedule slot=0 started_ns=1790174719621974000 ended_ns=1790174719621980000 elapsed_us=6 block_gets=0 block_puts=0 deleted=0
checkpoint_phase lsn=17176 phase=row_merge_schedule slot=0 started_ns=1790174719622000000 ended_ns=1790174719632825041 elapsed_us=10825 block_gets=7 block_puts=0 deleted=0
checkpoint_phase lsn=17176 phase=value_index_schedule slot=0 started_ns=1790174719632835000 ended_ns=1790174719633657292 elapsed_us=822 block_gets=0 block_puts=0 deleted=0
checkpoint_phase lsn=17176 phase=row_merge_schedule slot=0 started_ns=1790174719633667000 ended_ns=1790174719641277708 elapsed_us=7610 block_gets=7 block_puts=0 deleted=0
checkpoint_phase lsn=17176 phase=value_index_schedule slot=0 started_ns=1790174719641288000 ended_ns=1790174719642663500 elapsed_us=1375 block_gets=0 block_puts=0 deleted=0
checkpoint_phase lsn=17176 phase=row_merge_schedule slot=0 started_ns=1790174719642685000 ended_ns=1790174719653846833 elapsed_us=11161 block_gets=7 block_puts=0 deleted=0
checkpoint_phase lsn=17176 phase=value_index_write slot=0 started_ns=1790174719653857000 ended_ns=1790174719653860584 elapsed_us=3 block_gets=0 block_puts=0 deleted=0
checkpoint_phase lsn=17176 phase=row_merge_schedule slot=0 started_ns=1790174719653864000 ended_ns=1790174719669660708 elapsed_us=15796 block_gets=7 block_puts=0 deleted=0
checkpoint_phase lsn=17176 phase=value_index_write slot=0 started_ns=1790174719669670000 ended_ns=1790174719669820375 elapsed_us=150 block_gets=0 block_puts=0 deleted=0
checkpoint_phase lsn=17176 phase=row_merge_schedule slot=0 started_ns=1790174719669825000 ended_ns=1790174719708865084 elapsed_us=39040 block_gets=7 block_puts=0 deleted=0
checkpoint_phase lsn=17176 phase=value_index_write slot=0 started_ns=1790174719708875000 ended_ns=1790174719709003875 elapsed_us=128 block_gets=0 block_puts=0 deleted=0
checkpoint_phase lsn=17176 phase=row_merge_schedule slot=0 started_ns=1790174719709010000 ended_ns=1790174719722809958 elapsed_us=13799 block_gets=7 block_puts=0 deleted=0
checkpoint_phase lsn=17176 phase=value_index_write slot=0 started_ns=1790174719722819000 ended_ns=1790174719722944958 elapsed_us=125 block_gets=0 block_puts=0 deleted=0
checkpoint_phase lsn=17176 phase=row_merge_schedule slot=0 started_ns=1790174719722955000 ended_ns=1790174719724554875 elapsed_us=1599 block_gets=1 block_puts=0 deleted=0
checkpoint_phase lsn=17176 phase=value_index_write slot=0 started_ns=1790174719724562000 ended_ns=1790174719724687708 elapsed_us=125 block_gets=0 block_puts=0 deleted=0
checkpoint_phase lsn=17176 phase=row_merge_schedule slot=0 started_ns=1790174719724692000 ended_ns=1790174719732275834 elapsed_us=7583 block_gets=8 block_puts=0 deleted=0
checkpoint_phase lsn=17176 phase=value_index_write slot=0 started_ns=1790174719732286000 ended_ns=1790174719732410625 elapsed_us=124 block_gets=0 block_puts=0 deleted=0
checkpoint_phase lsn=17176 phase=row_merge_schedule slot=0 started_ns=1790174719732414000 ended_ns=1790174719736958333 elapsed_us=4544 block_gets=7 block_puts=0 deleted=0
checkpoint_phase lsn=17176 phase=value_index_write slot=0 started_ns=1790174719736965000 ended_ns=1790174719737089958 elapsed_us=124 block_gets=0 block_puts=0 deleted=0
checkpoint_phase lsn=17176 phase=row_merge_schedule slot=0 started_ns=1790174719737095000 ended_ns=1790174719743152625 elapsed_us=6057 block_gets=7 block_puts=0 deleted=0
checkpoint_phase lsn=17176 phase=value_index_write slot=0 started_ns=1790174719743165000 ended_ns=1790174719743287250 elapsed_us=122 block_gets=0 block_puts=0 deleted=0
checkpoint_phase lsn=17176 phase=row_merge_schedule slot=0 started_ns=1790174719743290000 ended_ns=1790174719751492209 elapsed_us=8202 block_gets=7 block_puts=0 deleted=0
checkpoint_phase lsn=17176 phase=value_index_write slot=0 started_ns=1790174719751502000 ended_ns=1790174719762087541 elapsed_us=10585 block_gets=0 block_puts=1 deleted=0
checkpoint_phase lsn=17176 phase=row_merge_schedule slot=0 started_ns=1790174719762102000 ended_ns=1790174719765864291 elapsed_us=3762 block_gets=7 block_puts=0 deleted=0
checkpoint_phase lsn=17176 phase=value_index_write slot=0 started_ns=1790174719765873000 ended_ns=1790174719769549792 elapsed_us=3676 block_gets=0 block_puts=2 deleted=0
checkpoint_phase lsn=17176 phase=row_merge_schedule slot=0 started_ns=1790174719769556000 ended_ns=1790174719773303125 elapsed_us=3747 block_gets=7 block_puts=0 deleted=0
checkpoint_phase lsn=17176 phase=row_sst_delta slot=0 started_ns=1790174719773313000 ended_ns=1790174719861775167 elapsed_us=88462 block_gets=0 block_puts=5 deleted=0
checkpoint_phase lsn=17176 phase=row_merge_schedule slot=0 started_ns=1790174719861785000 ended_ns=1790174719868085416 elapsed_us=6300 block_gets=7 block_puts=0 deleted=0
checkpoint_phase lsn=17176 phase=manifest slot=-1 started_ns=1790174719868098000 ended_ns=1790174719870145917 elapsed_us=2047 block_gets=0 block_puts=0 deleted=0
checkpoint_phase lsn=17176 phase=local_cleanup slot=-1 started_ns=1790174719870195000 ended_ns=1790174719870721250 elapsed_us=526 block_gets=0 block_puts=0 deleted=0
checkpoint_phase lsn=17176 phase=commit_prune slot=-1 started_ns=1790174720009546000 ended_ns=1790174720025798375 elapsed_us=16252 block_gets=0 block_puts=0 deleted=16
checkpoint_phase lsn=17176 phase=commit_prune slot=-1 started_ns=1790174720156605000 ended_ns=1790174720167265333 elapsed_us=10660 block_gets=0 block_puts=0 deleted=16
checkpoint_phase lsn=17176 phase=commit_prune slot=-1 started_ns=1790174720274635000 ended_ns=1790174720277587291 elapsed_us=2952 block_gets=0 block_puts=0 deleted=2
checkpoint_phase lsn=17176 phase=legacy_gc slot=-1 started_ns=1790174720403077000 ended_ns=1790174720403864292 elapsed_us=787 block_gets=0 block_puts=0 deleted=0
checkpoint_phase lsn=18186 phase=gc_keep slot=-1 started_ns=1790174720544756000 ended_ns=1790174720544828333 elapsed_us=72 block_gets=0 block_puts=0 deleted=0
checkpoint_phase lsn=18186 phase=gc_list slot=-1 started_ns=1790174720544846000 ended_ns=1790174720551069917 elapsed_us=6223 block_gets=0 block_puts=0 deleted=0
checkpoint_phase lsn=18186 phase=gc_delete slot=-1 started_ns=1790174720551084000 ended_ns=1790174720555087416 elapsed_us=4003 block_gets=0 block_puts=0 deleted=2
checkpoint_phase lsn=18388 phase=row_merge_schedule slot=0 started_ns=1790174720691318000 ended_ns=1790174720713950875 elapsed_us=22632 block_gets=7 block_puts=0 deleted=0
checkpoint_phase lsn=18590 phase=value_index_schedule slot=0 started_ns=1790174720840846000 ended_ns=1790174720840852500 elapsed_us=6 block_gets=0 block_puts=0 deleted=0
checkpoint_phase lsn=18590 phase=row_merge_schedule slot=0 started_ns=1790174720840910000 ended_ns=1790174720847208292 elapsed_us=6298 block_gets=7 block_puts=0 deleted=0
checkpoint_phase lsn=18792 phase=row_merge_schedule slot=0 started_ns=1790174720981362000 ended_ns=1790174720987235792 elapsed_us=5873 block_gets=7 block_puts=0 deleted=0
checkpoint_phase lsn=18994 phase=value_index_schedule slot=0 started_ns=1790174721125012000 ended_ns=1790174721125018208 elapsed_us=6 block_gets=0 block_puts=0 deleted=0
checkpoint_phase lsn=18994 phase=row_merge_schedule slot=0 started_ns=1790174721125082000 ended_ns=1790174721130237625 elapsed_us=5155 block_gets=7 block_puts=0 deleted=0
checkpoint_phase lsn=19196 phase=row_merge_schedule slot=0 started_ns=1790174721259180000 ended_ns=1790174721263987834 elapsed_us=4807 block_gets=7 block_puts=0 deleted=0
checkpoint_phase lsn=19398 phase=value_index_schedule slot=0 started_ns=1790174721379344000 ended_ns=1790174721379350416 elapsed_us=6 block_gets=0 block_puts=0 deleted=0
checkpoint_phase lsn=19398 phase=row_merge_schedule slot=0 started_ns=1790174721379428000 ended_ns=1790174721385505292 elapsed_us=6077 block_gets=7 block_puts=0 deleted=0
checkpoint_phase lsn=19600 phase=row_merge_schedule slot=0 started_ns=1790174721513301000 ended_ns=1790174721518960708 elapsed_us=5659 block_gets=7 block_puts=0 deleted=0
checkpoint_phase lsn=19802 phase=value_index_schedule slot=0 started_ns=1790174721633489000 ended_ns=1790174721633495000 elapsed_us=6 block_gets=0 block_puts=0 deleted=0
checkpoint_phase lsn=19802 phase=row_merge_schedule slot=0 started_ns=1790174721633560000 ended_ns=1790174721640140125 elapsed_us=6580 block_gets=7 block_puts=0 deleted=0
checkpoint_phase lsn=20004 phase=row_merge_schedule slot=0 started_ns=1790174721758694000 ended_ns=1790174721765727333 elapsed_us=7033 block_gets=7 block_puts=0 deleted=0
checkpoint_phase lsn=20206 phase=value_index_schedule slot=0 started_ns=1790174721887869000 ended_ns=1790174721887875125 elapsed_us=6 block_gets=0 block_puts=0 deleted=0
checkpoint_phase lsn=20206 phase=row_merge_schedule slot=0 started_ns=1790174721887939000 ended_ns=1790174721888606250 elapsed_us=667 block_gets=1 block_puts=0 deleted=0
checkpoint_phase lsn=20212 phase=row_merge_write slot=0 started_ns=1790174722867875000 ended_ns=1790174722870781500 elapsed_us=2906 block_gets=0 block_puts=0 deleted=0
checkpoint_phase lsn=20218 phase=value_index_schedule slot=0 started_ns=1790174723221201000 ended_ns=1790174723221289833 elapsed_us=88 block_gets=0 block_puts=0 deleted=0
checkpoint_phase lsn=20224 phase=row_merge_write slot=0 started_ns=1790174723746465000 ended_ns=1790174723749351959 elapsed_us=2886 block_gets=0 block_puts=0 deleted=0
checkpoint_phase lsn=20230 phase=row_merge_write slot=0 started_ns=1790174724297688000 ended_ns=1790174724300560916 elapsed_us=2872 block_gets=0 block_puts=0 deleted=0
checkpoint_phase lsn=20236 phase=value_index_schedule slot=0 started_ns=1790174724916564000 ended_ns=1790174724916652500 elapsed_us=88 block_gets=0 block_puts=0 deleted=0
checkpoint_phase lsn=20242 phase=row_merge_write slot=0 started_ns=1790174725529435000 ended_ns=1790174725532320750 elapsed_us=2885 block_gets=0 block_puts=0 deleted=0
checkpoint_phase lsn=20248 phase=row_merge_write slot=0 started_ns=1790174726212819000 ended_ns=1790174726215682875 elapsed_us=2863 block_gets=0 block_puts=0 deleted=0
checkpoint_phase lsn=20254 phase=value_index_schedule slot=0 started_ns=1790174726963545000 ended_ns=1790174726963634125 elapsed_us=89 block_gets=0 block_puts=0 deleted=0
checkpoint_phase lsn=20260 phase=row_merge_write slot=0 started_ns=1790174727729252000 ended_ns=1790174727732123875 elapsed_us=2871 block_gets=0 block_puts=0 deleted=0
checkpoint_phase lsn=20266 phase=row_merge_write slot=0 started_ns=1790174728496269000 ended_ns=1790174728499167541 elapsed_us=2898 block_gets=0 block_puts=0 deleted=0
checkpoint_phase lsn=20272 phase=value_index_schedule slot=0 started_ns=1790174729268042000 ended_ns=1790174729268131250 elapsed_us=89 block_gets=0 block_puts=0 deleted=0
checkpoint_phase lsn=20278 phase=row_merge_write slot=0 started_ns=1790174730055253000 ended_ns=1790174730058145292 elapsed_us=2892 block_gets=0 block_puts=0 deleted=0
checkpoint_phase lsn=20284 phase=row_merge_write slot=0 started_ns=1790174730904649000 ended_ns=1790174730907507208 elapsed_us=2858 block_gets=0 block_puts=0 deleted=0
checkpoint_phase lsn=20290 phase=value_index_schedule slot=0 started_ns=1790174731824082000 ended_ns=1790174731824169750 elapsed_us=87 block_gets=0 block_puts=0 deleted=0
checkpoint_phase lsn=20296 phase=row_merge_write slot=0 started_ns=1790174732761181000 ended_ns=1790174732764056625 elapsed_us=2875 block_gets=0 block_puts=0 deleted=0
checkpoint_phase lsn=20302 phase=row_merge_write slot=0 started_ns=1790174733762452000 ended_ns=1790174733765284625 elapsed_us=2832 block_gets=0 block_puts=0 deleted=0
checkpoint_phase lsn=20308 phase=value_index_schedule slot=0 started_ns=1790174734760609000 ended_ns=1790174734760612667 elapsed_us=3 block_gets=0 block_puts=0 deleted=0
checkpoint_phase lsn=20308 phase=row_merge_write slot=0 started_ns=1790174734760677000 ended_ns=1790174734763559542 elapsed_us=2882 block_gets=0 block_puts=0 deleted=0
checkpoint_phase lsn=20308 phase=value_index_schedule slot=0 started_ns=1790174735024052000 ended_ns=1790174735024852666 elapsed_us=800 block_gets=0 block_puts=0 deleted=0
checkpoint_phase lsn=20312 phase=row_merge_write slot=0 started_ns=1790174735024901000 ended_ns=1790174735027747209 elapsed_us=2846 block_gets=0 block_puts=0 deleted=0
checkpoint_phase lsn=20308 phase=value_index_schedule slot=0 started_ns=1790174735027755000 ended_ns=1790174735028960708 elapsed_us=1205 block_gets=0 block_puts=0 deleted=0
checkpoint_phase lsn=20312 phase=row_merge_write slot=0 started_ns=1790174735028967000 ended_ns=1790174735031727583 elapsed_us=2760 block_gets=0 block_puts=0 deleted=0
checkpoint_phase lsn=20308 phase=value_index_schedule slot=0 started_ns=1790174735031733000 ended_ns=1790174735032849667 elapsed_us=1116 block_gets=0 block_puts=0 deleted=0
checkpoint_phase lsn=20312 phase=row_merge_write slot=0 started_ns=1790174735032853000 ended_ns=1790174735035644541 elapsed_us=2791 block_gets=0 block_puts=0 deleted=0
checkpoint_phase lsn=20308 phase=value_index_schedule slot=0 started_ns=1790174735035659000 ended_ns=1790174735038183083 elapsed_us=2524 block_gets=0 block_puts=0 deleted=0
checkpoint_phase lsn=20312 phase=row_merge_write slot=0 started_ns=1790174735038187000 ended_ns=1790174735040929167 elapsed_us=2742 block_gets=0 block_puts=0 deleted=0
checkpoint_phase lsn=20308 phase=value_index_schedule slot=0 started_ns=1790174735040933000 ended_ns=1790174735044261833 elapsed_us=3328 block_gets=0 block_puts=0 deleted=0
checkpoint_phase lsn=20312 phase=row_merge_write slot=0 started_ns=1790174735044273000 ended_ns=1790174735047061791 elapsed_us=2788 block_gets=0 block_puts=0 deleted=0
checkpoint_phase lsn=20308 phase=value_index_schedule slot=0 started_ns=1790174735047066000 ended_ns=1790174735047093833 elapsed_us=27 block_gets=0 block_puts=0 deleted=0
checkpoint_phase lsn=20312 phase=row_merge_write slot=0 started_ns=1790174735047097000 ended_ns=1790174735049910500 elapsed_us=2813 block_gets=0 block_puts=0 deleted=0
checkpoint_phase lsn=20308 phase=value_index_schedule slot=0 started_ns=1790174735049916000 ended_ns=1790174735049946167 elapsed_us=30 block_gets=0 block_puts=0 deleted=0
checkpoint_phase lsn=20312 phase=row_merge_write slot=0 started_ns=1790174735049949000 ended_ns=1790174735052768208 elapsed_us=2819 block_gets=0 block_puts=0 deleted=0
checkpoint_phase lsn=20308 phase=value_index_schedule slot=0 started_ns=1790174735052774000 ended_ns=1790174735052811083 elapsed_us=37 block_gets=0 block_puts=0 deleted=0
checkpoint_phase lsn=20312 phase=row_merge_write slot=0 started_ns=1790174735052826000 ended_ns=1790174735055649542 elapsed_us=2823 block_gets=0 block_puts=0 deleted=0
checkpoint_phase lsn=20308 phase=value_index_schedule slot=0 started_ns=1790174735055655000 ended_ns=1790174735066162000 elapsed_us=10507 block_gets=0 block_puts=1 deleted=0
checkpoint_phase lsn=20312 phase=row_merge_write slot=0 started_ns=1790174735066173000 ended_ns=1790174735069006208 elapsed_us=2833 block_gets=0 block_puts=0 deleted=0
checkpoint_phase lsn=20308 phase=value_index_schedule slot=0 started_ns=1790174735069019000 ended_ns=1790174735074724542 elapsed_us=5705 block_gets=0 block_puts=4 deleted=0
checkpoint_phase lsn=20312 phase=row_merge_write slot=0 started_ns=1790174735074732000 ended_ns=1790174735077566375 elapsed_us=2834 block_gets=0 block_puts=0 deleted=0
checkpoint_phase lsn=20308 phase=value_index_schedule slot=0 started_ns=1790174735077574000 ended_ns=1790174735080414459 elapsed_us=2840 block_gets=0 block_puts=0 deleted=0
checkpoint_phase lsn=20312 phase=row_merge_write slot=0 started_ns=1790174735080425000 ended_ns=1790174735083247584 elapsed_us=2822 block_gets=0 block_puts=0 deleted=0
checkpoint_phase lsn=20308 phase=value_index_schedule slot=0 started_ns=1790174735083253000 ended_ns=1790174735086062667 elapsed_us=2809 block_gets=0 block_puts=0 deleted=0
checkpoint_phase lsn=20312 phase=row_merge_write slot=0 started_ns=1790174735086068000 ended_ns=1790174735088926459 elapsed_us=2858 block_gets=0 block_puts=0 deleted=0
checkpoint_phase lsn=20308 phase=value_index_schedule slot=0 started_ns=1790174735088932000 ended_ns=1790174735091718750 elapsed_us=2786 block_gets=0 block_puts=0 deleted=0
checkpoint_phase lsn=20312 phase=row_merge_write slot=0 started_ns=1790174735091724000 ended_ns=1790174735094536666 elapsed_us=2812 block_gets=0 block_puts=0 deleted=0
checkpoint_phase lsn=20308 phase=value_index_schedule slot=0 started_ns=1790174735094542000 ended_ns=1790174735097329709 elapsed_us=2787 block_gets=0 block_puts=0 deleted=0
checkpoint_phase lsn=20312 phase=row_merge_write slot=0 started_ns=1790174735097338000 ended_ns=1790174735100170083 elapsed_us=2832 block_gets=0 block_puts=0 deleted=0
checkpoint_phase lsn=20308 phase=value_index_schedule slot=0 started_ns=1790174735100178000 ended_ns=1790174735101550000 elapsed_us=1372 block_gets=0 block_puts=0 deleted=0
checkpoint_phase lsn=20312 phase=row_merge_write slot=0 started_ns=1790174735101556000 ended_ns=1790174735104440458 elapsed_us=2884 block_gets=0 block_puts=0 deleted=0
checkpoint_phase lsn=20308 phase=value_index_schedule slot=0 started_ns=1790174735104445000 ended_ns=1790174735104473166 elapsed_us=28 block_gets=0 block_puts=0 deleted=0
checkpoint_phase lsn=20312 phase=row_merge_write slot=0 started_ns=1790174735104478000 ended_ns=1790174735107321708 elapsed_us=2843 block_gets=0 block_puts=0 deleted=0
checkpoint_phase lsn=20308 phase=value_index_schedule slot=0 started_ns=1790174735107327000 ended_ns=1790174735107353708 elapsed_us=26 block_gets=0 block_puts=0 deleted=0
checkpoint_phase lsn=20312 phase=row_merge_write slot=0 started_ns=1790174735107358000 ended_ns=1790174735110168708 elapsed_us=2810 block_gets=0 block_puts=0 deleted=0
checkpoint_phase lsn=20308 phase=value_index_schedule slot=0 started_ns=1790174735110173000 ended_ns=1790174735110196209 elapsed_us=23 block_gets=0 block_puts=0 deleted=0
checkpoint_phase lsn=20312 phase=row_merge_write slot=0 started_ns=1790174735110201000 ended_ns=1790174735113005000 elapsed_us=2804 block_gets=0 block_puts=0 deleted=0
checkpoint_phase lsn=20308 phase=value_index_schedule slot=0 started_ns=1790174735113009000 ended_ns=1790174735118658459 elapsed_us=5649 block_gets=0 block_puts=1 deleted=0
checkpoint_phase lsn=20312 phase=row_merge_write slot=0 started_ns=1790174735118666000 ended_ns=1790174735121481125 elapsed_us=2815 block_gets=0 block_puts=0 deleted=0
checkpoint_phase lsn=20308 phase=value_index_schedule slot=0 started_ns=1790174735121485000 ended_ns=1790174735130031208 elapsed_us=8546 block_gets=0 block_puts=4 deleted=0
checkpoint_phase lsn=20312 phase=row_merge_write slot=0 started_ns=1790174735130043000 ended_ns=1790174735132874084 elapsed_us=2831 block_gets=0 block_puts=0 deleted=0
checkpoint_phase lsn=20308 phase=value_index_schedule slot=0 started_ns=1790174735132880000 ended_ns=1790174735133617292 elapsed_us=737 block_gets=0 block_puts=0 deleted=0
checkpoint_phase lsn=20312 phase=row_merge_write slot=0 started_ns=1790174735133623000 ended_ns=1790174735136439708 elapsed_us=2816 block_gets=0 block_puts=0 deleted=0
checkpoint_phase lsn=20308 phase=value_index_schedule slot=0 started_ns=1790174735136445000 ended_ns=1790174735136541875 elapsed_us=96 block_gets=0 block_puts=0 deleted=0
checkpoint_phase lsn=20312 phase=row_merge_write slot=0 started_ns=1790174735136547000 ended_ns=1790174735139360916 elapsed_us=2813 block_gets=0 block_puts=0 deleted=0
checkpoint_phase lsn=20308 phase=value_index_schedule slot=0 started_ns=1790174735139365000 ended_ns=1790174735139449292 elapsed_us=84 block_gets=0 block_puts=0 deleted=0
checkpoint_phase lsn=20312 phase=row_merge_write slot=0 started_ns=1790174735139452000 ended_ns=1790174735142276458 elapsed_us=2824 block_gets=0 block_puts=0 deleted=0
checkpoint_phase lsn=20308 phase=value_index_schedule slot=0 started_ns=1790174735142280000 ended_ns=1790174735142471875 elapsed_us=191 block_gets=0 block_puts=0 deleted=0
checkpoint_phase lsn=20312 phase=row_merge_write slot=0 started_ns=1790174735142474000 ended_ns=1790174735145259250 elapsed_us=2785 block_gets=0 block_puts=0 deleted=0
checkpoint_phase lsn=20308 phase=value_index_schedule slot=0 started_ns=1790174735145263000 ended_ns=1790174735158563833 elapsed_us=13300 block_gets=0 block_puts=1 deleted=0
checkpoint_phase lsn=20312 phase=row_merge_write slot=0 started_ns=1790174735158570000 ended_ns=1790174735161369208 elapsed_us=2799 block_gets=0 block_puts=0 deleted=0
checkpoint_phase lsn=20308 phase=value_index_schedule slot=0 started_ns=1790174735161372000 ended_ns=1790174735161560833 elapsed_us=188 block_gets=0 block_puts=0 deleted=0
checkpoint_phase lsn=20312 phase=row_merge_write slot=0 started_ns=1790174735161563000 ended_ns=1790174735164352292 elapsed_us=2789 block_gets=0 block_puts=0 deleted=0
checkpoint_phase lsn=20308 phase=value_index_schedule slot=0 started_ns=1790174735164355000 ended_ns=1790174735164541500 elapsed_us=186 block_gets=0 block_puts=0 deleted=0
checkpoint_phase lsn=20312 phase=row_merge_write slot=0 started_ns=1790174735164544000 ended_ns=1790174735167335125 elapsed_us=2791 block_gets=0 block_puts=0 deleted=0
checkpoint_phase lsn=20308 phase=value_index_schedule slot=0 started_ns=1790174735167337000 ended_ns=1790174735183173875 elapsed_us=15836 block_gets=0 block_puts=1 deleted=0
checkpoint_phase lsn=20312 phase=row_merge_write slot=0 started_ns=1790174735183178000 ended_ns=1790174735185971875 elapsed_us=2793 block_gets=0 block_puts=0 deleted=0
checkpoint_phase lsn=20308 phase=value_index_schedule slot=0 started_ns=1790174735185977000 ended_ns=1790174735186257125 elapsed_us=280 block_gets=0 block_puts=0 deleted=0
checkpoint_phase lsn=20312 phase=row_merge_write slot=0 started_ns=1790174735186261000 ended_ns=1790174735189060250 elapsed_us=2799 block_gets=0 block_puts=0 deleted=0
checkpoint_phase lsn=20308 phase=value_index_schedule slot=0 started_ns=1790174735189064000 ended_ns=1790174735189095750 elapsed_us=31 block_gets=0 block_puts=0 deleted=0
checkpoint_phase lsn=20312 phase=row_merge_write slot=0 started_ns=1790174735189099000 ended_ns=1790174735191914250 elapsed_us=2815 block_gets=0 block_puts=0 deleted=0
checkpoint_phase lsn=20308 phase=value_index_schedule slot=0 started_ns=1790174735191919000 ended_ns=1790174735201417458 elapsed_us=9498 block_gets=0 block_puts=4 deleted=0
checkpoint_phase lsn=20312 phase=row_merge_write slot=0 started_ns=1790174735201424000 ended_ns=1790174735204248959 elapsed_us=2824 block_gets=0 block_puts=0 deleted=0
checkpoint_phase lsn=20308 phase=value_index_schedule slot=0 started_ns=1790174735204256000 ended_ns=1790174735206934875 elapsed_us=2678 block_gets=0 block_puts=0 deleted=0
checkpoint_phase lsn=20312 phase=row_merge_write slot=0 started_ns=1790174735206946000 ended_ns=1790174735209764792 elapsed_us=2818 block_gets=0 block_puts=0 deleted=0
checkpoint_phase lsn=20308 phase=value_index_schedule slot=0 started_ns=1790174735209770000 ended_ns=1790174735218100583 elapsed_us=8330 block_gets=0 block_puts=4 deleted=0
checkpoint_phase lsn=20312 phase=row_merge_write slot=0 started_ns=1790174735218109000 ended_ns=1790174735220948709 elapsed_us=2839 block_gets=0 block_puts=0 deleted=0
checkpoint_phase lsn=20308 phase=value_index_schedule slot=0 started_ns=1790174735220955000 ended_ns=1790174735220955375 elapsed_us=0 block_gets=0 block_puts=0 deleted=0
checkpoint_phase lsn=20312 phase=row_merge_write slot=0 started_ns=1790174735220958000 ended_ns=1790174735223776083 elapsed_us=2818 block_gets=0 block_puts=0 deleted=0
checkpoint_phase lsn=20308 phase=value_index_schedule slot=0 started_ns=1790174735223789000 ended_ns=1790174735223966042 elapsed_us=177 block_gets=0 block_puts=0 deleted=0
checkpoint_phase lsn=20312 phase=row_merge_write slot=0 started_ns=1790174735223976000 ended_ns=1790174735226787167 elapsed_us=2811 block_gets=0 block_puts=0 deleted=0
checkpoint_phase lsn=20308 phase=value_index_schedule slot=0 started_ns=1790174735226792000 ended_ns=1790174735227037834 elapsed_us=245 block_gets=0 block_puts=0 deleted=0
checkpoint_phase lsn=20312 phase=row_merge_write slot=0 started_ns=1790174735227041000 ended_ns=1790174735229935292 elapsed_us=2894 block_gets=0 block_puts=0 deleted=0
checkpoint_phase lsn=20308 phase=value_index_schedule slot=0 started_ns=1790174735229942000 ended_ns=1790174735230160000 elapsed_us=218 block_gets=0 block_puts=0 deleted=0
checkpoint_phase lsn=20312 phase=row_merge_write slot=0 started_ns=1790174735230167000 ended_ns=1790174735233014208 elapsed_us=2847 block_gets=0 block_puts=0 deleted=0
checkpoint_phase lsn=20308 phase=value_index_schedule slot=0 started_ns=1790174735233020000 ended_ns=1790174735233242417 elapsed_us=222 block_gets=0 block_puts=0 deleted=0
checkpoint_phase lsn=20312 phase=row_merge_write slot=0 started_ns=1790174735233247000 ended_ns=1790174735236115625 elapsed_us=2868 block_gets=0 block_puts=0 deleted=0
checkpoint_phase lsn=20308 phase=value_index_schedule slot=0 started_ns=1790174735236122000 ended_ns=1790174735241325709 elapsed_us=5203 block_gets=0 block_puts=1 deleted=0
checkpoint_phase lsn=20312 phase=row_merge_write slot=0 started_ns=1790174735241344000 ended_ns=1790174735244318000 elapsed_us=2974 block_gets=0 block_puts=0 deleted=0
checkpoint_phase lsn=20308 phase=value_index_schedule slot=0 started_ns=1790174735244328000 ended_ns=1790174735244532625 elapsed_us=204 block_gets=0 block_puts=0 deleted=0
checkpoint_phase lsn=20312 phase=row_merge_write slot=0 started_ns=1790174735244538000 ended_ns=1790174735247359333 elapsed_us=2821 block_gets=0 block_puts=0 deleted=0
checkpoint_phase lsn=20308 phase=value_index_schedule slot=0 started_ns=1790174735247370000 ended_ns=1790174735247570208 elapsed_us=200 block_gets=0 block_puts=0 deleted=0
checkpoint_phase lsn=20312 phase=row_merge_write slot=0 started_ns=1790174735247573000 ended_ns=1790174735250403334 elapsed_us=2830 block_gets=0 block_puts=0 deleted=0
checkpoint_phase lsn=20308 phase=value_index_schedule slot=0 started_ns=1790174735250412000 ended_ns=1790174735254723875 elapsed_us=4311 block_gets=0 block_puts=1 deleted=0
checkpoint_phase lsn=20312 phase=row_merge_write slot=0 started_ns=1790174735254739000 ended_ns=1790174735257569625 elapsed_us=2830 block_gets=0 block_puts=0 deleted=0
checkpoint_phase lsn=20308 phase=value_index_schedule slot=0 started_ns=1790174735257581000 ended_ns=1790174735257747792 elapsed_us=166 block_gets=0 block_puts=0 deleted=0
checkpoint_phase lsn=20312 phase=row_merge_write slot=0 started_ns=1790174735257750000 ended_ns=1790174735260556875 elapsed_us=2806 block_gets=0 block_puts=0 deleted=0
checkpoint_phase lsn=20308 phase=value_index_schedule slot=0 started_ns=1790174735260564000 ended_ns=1790174735260695292 elapsed_us=131 block_gets=0 block_puts=0 deleted=0
checkpoint_phase lsn=20312 phase=row_merge_write slot=0 started_ns=1790174735260713000 ended_ns=1790174735263533666 elapsed_us=2820 block_gets=0 block_puts=0 deleted=0
checkpoint_phase lsn=20308 phase=value_index_schedule slot=0 started_ns=1790174735263543000 ended_ns=1790174735263668208 elapsed_us=125 block_gets=0 block_puts=0 deleted=0
checkpoint_phase lsn=20312 phase=row_merge_write slot=0 started_ns=1790174735263673000 ended_ns=1790174735265583792 elapsed_us=1910 block_gets=0 block_puts=0 deleted=0
checkpoint_phase lsn=20308 phase=value_index_schedule slot=0 started_ns=1790174735265591000 ended_ns=1790174735275516583 elapsed_us=9925 block_gets=0 block_puts=4 deleted=0
checkpoint_phase lsn=20312 phase=row_merge_write slot=0 started_ns=1790174735275526000 ended_ns=1790174735315049250 elapsed_us=39523 block_gets=0 block_puts=5 deleted=0
checkpoint_phase lsn=20308 phase=value_index_schedule slot=0 started_ns=1790174735315058000 ended_ns=1790174735315058333 elapsed_us=0 block_gets=0 block_puts=0 deleted=0
checkpoint_phase lsn=20312 phase=row_merge_write slot=0 started_ns=1790174735315061000 ended_ns=1790174735340531958 elapsed_us=25470 block_gets=0 block_puts=4 deleted=0
checkpoint_phase lsn=20308 phase=value_index_write slot=0 started_ns=1790174735340543000 ended_ns=1790174735340750792 elapsed_us=207 block_gets=0 block_puts=0 deleted=0
checkpoint_phase lsn=20312 phase=row_merge_write slot=0 started_ns=1790174735340757000 ended_ns=1790174735359380417 elapsed_us=18623 block_gets=0 block_puts=4 deleted=0
checkpoint_phase lsn=20308 phase=value_index_write slot=0 started_ns=1790174735359388000 ended_ns=1790174735359464583 elapsed_us=76 block_gets=0 block_puts=0 deleted=0
checkpoint_phase lsn=20312 phase=row_merge_write slot=0 started_ns=1790174735359468000 ended_ns=1790174735376982875 elapsed_us=17514 block_gets=0 block_puts=4 deleted=0
checkpoint_phase lsn=20308 phase=value_index_write slot=0 started_ns=1790174735376994000 ended_ns=1790174735377082250 elapsed_us=88 block_gets=0 block_puts=0 deleted=0
checkpoint_phase lsn=20312 phase=row_merge_write slot=0 started_ns=1790174735377085000 ended_ns=1790174735390541375 elapsed_us=13456 block_gets=0 block_puts=4 deleted=0
checkpoint_phase lsn=20308 phase=value_index_write slot=0 started_ns=1790174735390552000 ended_ns=1790174735390753625 elapsed_us=201 block_gets=0 block_puts=0 deleted=0
checkpoint_phase lsn=20312 phase=row_merge_write slot=0 started_ns=1790174735390759000 ended_ns=1790174735408656917 elapsed_us=17897 block_gets=0 block_puts=4 deleted=0
checkpoint_phase lsn=20308 phase=value_index_write slot=0 started_ns=1790174735408666000 ended_ns=1790174735408744459 elapsed_us=78 block_gets=0 block_puts=0 deleted=0
checkpoint_phase lsn=20312 phase=row_merge_write slot=0 started_ns=1790174735408748000 ended_ns=1790174735420869542 elapsed_us=12121 block_gets=0 block_puts=4 deleted=0
checkpoint_phase lsn=20308 phase=value_index_write slot=0 started_ns=1790174735420878000 ended_ns=1790174735429404333 elapsed_us=8526 block_gets=0 block_puts=1 deleted=0
checkpoint_phase lsn=20312 phase=row_merge_write slot=0 started_ns=1790174735429414000 ended_ns=1790174735457797375 elapsed_us=28383 block_gets=0 block_puts=4 deleted=0
checkpoint_phase lsn=20308 phase=value_index_write slot=0 started_ns=1790174735457805000 ended_ns=1790174735458008041 elapsed_us=203 block_gets=0 block_puts=0 deleted=0
checkpoint_phase lsn=20312 phase=row_merge_write slot=0 started_ns=1790174735458012000 ended_ns=1790174735483916667 elapsed_us=25904 block_gets=0 block_puts=4 deleted=0
checkpoint_phase lsn=20308 phase=value_index_write slot=0 started_ns=1790174735483924000 ended_ns=1790174735484000500 elapsed_us=76 block_gets=0 block_puts=0 deleted=0
checkpoint_phase lsn=20312 phase=row_merge_write slot=0 started_ns=1790174735484006000 ended_ns=1790174735499567583 elapsed_us=15561 block_gets=0 block_puts=4 deleted=0
checkpoint_phase lsn=20308 phase=value_index_write slot=0 started_ns=1790174735499576000 ended_ns=1790174735499651666 elapsed_us=75 block_gets=0 block_puts=0 deleted=0
checkpoint_phase lsn=20312 phase=row_merge_write slot=0 started_ns=1790174735499655000 ended_ns=1790174735513021667 elapsed_us=13366 block_gets=0 block_puts=4 deleted=0
checkpoint_phase lsn=20308 phase=value_index_write slot=0 started_ns=1790174735513035000 ended_ns=1790174735523035500 elapsed_us=10000 block_gets=0 block_puts=2 deleted=0
checkpoint_phase lsn=20312 phase=row_merge_write slot=0 started_ns=1790174735523043000 ended_ns=1790174735536732417 elapsed_us=13689 block_gets=0 block_puts=4 deleted=0
checkpoint_phase lsn=20312 phase=value_index_schedule slot=0 started_ns=1790174735536741000 ended_ns=1790174735536744625 elapsed_us=3 block_gets=0 block_puts=0 deleted=0
checkpoint_phase lsn=20312 phase=row_merge_write slot=0 started_ns=1790174735536748000 ended_ns=1790174735550531291 elapsed_us=13783 block_gets=0 block_puts=4 deleted=0
checkpoint_phase lsn=20312 phase=value_index_schedule slot=0 started_ns=1790174735550540000 ended_ns=1790174735551338250 elapsed_us=798 block_gets=0 block_puts=0 deleted=0
checkpoint_phase lsn=20312 phase=row_merge_write slot=0 started_ns=1790174735551345000 ended_ns=1790174735567026250 elapsed_us=15681 block_gets=0 block_puts=4 deleted=0
checkpoint_phase lsn=20312 phase=value_index_schedule slot=0 started_ns=1790174735567036000 ended_ns=1790174735568277417 elapsed_us=1241 block_gets=0 block_puts=0 deleted=0
checkpoint_phase lsn=20312 phase=row_merge_write slot=0 started_ns=1790174735568285000 ended_ns=1790174735591751375 elapsed_us=23466 block_gets=0 block_puts=4 deleted=0
checkpoint_phase lsn=20312 phase=value_index_schedule slot=0 started_ns=1790174735591761000 ended_ns=1790174735592863916 elapsed_us=1102 block_gets=0 block_puts=0 deleted=0
checkpoint_phase lsn=20312 phase=row_merge_write slot=0 started_ns=1790174735592869000 ended_ns=1790174735625842958 elapsed_us=32973 block_gets=0 block_puts=4 deleted=0
checkpoint_phase lsn=20312 phase=value_index_schedule slot=0 started_ns=1790174735625854000 ended_ns=1790174735628376834 elapsed_us=2522 block_gets=0 block_puts=0 deleted=0
checkpoint_phase lsn=20312 phase=row_merge_write slot=0 started_ns=1790174735628386000 ended_ns=1790174735649376833 elapsed_us=20990 block_gets=0 block_puts=4 deleted=0
checkpoint_phase lsn=20312 phase=value_index_schedule slot=0 started_ns=1790174735649388000 ended_ns=1790174735652210458 elapsed_us=2822 block_gets=0 block_puts=0 deleted=0
checkpoint_phase lsn=20312 phase=row_merge_write slot=0 started_ns=1790174735652216000 ended_ns=1790174735670380250 elapsed_us=18164 block_gets=0 block_puts=4 deleted=0
checkpoint_phase lsn=20312 phase=value_index_schedule slot=0 started_ns=1790174735670392000 ended_ns=1790174735674586833 elapsed_us=4194 block_gets=0 block_puts=0 deleted=0
checkpoint_phase lsn=20312 phase=row_merge_write slot=0 started_ns=1790174735674597000 ended_ns=1790174735690040667 elapsed_us=15443 block_gets=0 block_puts=4 deleted=0
checkpoint_phase lsn=20312 phase=value_index_schedule slot=0 started_ns=1790174735690052000 ended_ns=1790174735690085791 elapsed_us=33 block_gets=0 block_puts=0 deleted=0
checkpoint_phase lsn=20312 phase=row_merge_write slot=0 started_ns=1790174735690089000 ended_ns=1790174735706782833 elapsed_us=16693 block_gets=0 block_puts=4 deleted=0
checkpoint_phase lsn=20312 phase=value_index_schedule slot=0 started_ns=1790174735706794000 ended_ns=1790174735706827333 elapsed_us=33 block_gets=0 block_puts=0 deleted=0
checkpoint_phase lsn=20312 phase=row_merge_write slot=0 started_ns=1790174735706831000 ended_ns=1790174735731606666 elapsed_us=24775 block_gets=0 block_puts=4 deleted=0
checkpoint_phase lsn=20312 phase=value_index_schedule slot=0 started_ns=1790174735731615000 ended_ns=1790174735731651958 elapsed_us=36 block_gets=0 block_puts=0 deleted=0
checkpoint_phase lsn=20312 phase=row_merge_write slot=0 started_ns=1790174735731655000 ended_ns=1790174735767842666 elapsed_us=36187 block_gets=0 block_puts=4 deleted=0
checkpoint_phase lsn=20312 phase=value_index_schedule slot=0 started_ns=1790174735767852000 ended_ns=1790174735773127167 elapsed_us=5275 block_gets=0 block_puts=1 deleted=0
checkpoint_phase lsn=20312 phase=row_merge_write slot=0 started_ns=1790174735773143000 ended_ns=1790174735791470250 elapsed_us=18327 block_gets=0 block_puts=4 deleted=0
checkpoint_phase lsn=20312 phase=value_index_schedule slot=0 started_ns=1790174735791489000 ended_ns=1790174735791539541 elapsed_us=50 block_gets=0 block_puts=0 deleted=0
checkpoint_phase lsn=20312 phase=row_merge_write slot=0 started_ns=1790174735791544000 ended_ns=1790174735813652542 elapsed_us=22108 block_gets=0 block_puts=4 deleted=0
checkpoint_phase lsn=20312 phase=value_index_schedule slot=0 started_ns=1790174735813664000 ended_ns=1790174735820486041 elapsed_us=6822 block_gets=0 block_puts=4 deleted=0
checkpoint_phase lsn=20312 phase=row_merge_write slot=0 started_ns=1790174735820507000 ended_ns=1790174735837287208 elapsed_us=16780 block_gets=0 block_puts=4 deleted=0
checkpoint_phase lsn=20312 phase=value_index_schedule slot=0 started_ns=1790174735837300000 ended_ns=1790174735840076125 elapsed_us=2776 block_gets=0 block_puts=0 deleted=0
checkpoint_phase lsn=20312 phase=row_merge_write slot=0 started_ns=1790174735840083000 ended_ns=1790174735852536084 elapsed_us=12453 block_gets=0 block_puts=4 deleted=0
checkpoint_phase lsn=20312 phase=value_index_schedule slot=0 started_ns=1790174735852547000 ended_ns=1790174735855356875 elapsed_us=2809 block_gets=0 block_puts=0 deleted=0
checkpoint_phase lsn=20312 phase=row_merge_write slot=0 started_ns=1790174735855367000 ended_ns=1790174735880924459 elapsed_us=25557 block_gets=0 block_puts=4 deleted=0
checkpoint_phase lsn=20312 phase=value_index_schedule slot=0 started_ns=1790174735880935000 ended_ns=1790174735883682667 elapsed_us=2747 block_gets=0 block_puts=0 deleted=0
checkpoint_phase lsn=20312 phase=row_merge_write slot=0 started_ns=1790174735883693000 ended_ns=1790174735922611625 elapsed_us=38918 block_gets=0 block_puts=4 deleted=0
checkpoint_phase lsn=20312 phase=value_index_schedule slot=0 started_ns=1790174735922624000 ended_ns=1790174735925401083 elapsed_us=2777 block_gets=0 block_puts=0 deleted=0
checkpoint_phase lsn=20312 phase=row_merge_write slot=0 started_ns=1790174735925408000 ended_ns=1790174735946483750 elapsed_us=21075 block_gets=0 block_puts=4 deleted=0
checkpoint_phase lsn=20312 phase=value_index_schedule slot=0 started_ns=1790174735946495000 ended_ns=1790174735947615625 elapsed_us=1120 block_gets=0 block_puts=0 deleted=0
checkpoint_phase lsn=20312 phase=row_merge_write slot=0 started_ns=1790174735947622000 ended_ns=1790174735963271917 elapsed_us=15649 block_gets=0 block_puts=4 deleted=0
checkpoint_phase lsn=20312 phase=value_index_schedule slot=0 started_ns=1790174735963286000 ended_ns=1790174735963318834 elapsed_us=32 block_gets=0 block_puts=0 deleted=0
checkpoint_phase lsn=20312 phase=row_merge_write slot=0 started_ns=1790174735963326000 ended_ns=1790174735979796625 elapsed_us=16470 block_gets=0 block_puts=4 deleted=0
checkpoint_phase lsn=20312 phase=value_index_schedule slot=0 started_ns=1790174735979807000 ended_ns=1790174735979845500 elapsed_us=38 block_gets=0 block_puts=0 deleted=0
checkpoint_phase lsn=20312 phase=row_merge_write slot=0 started_ns=1790174735979848000 ended_ns=1790174735997594167 elapsed_us=17746 block_gets=0 block_puts=4 deleted=0
checkpoint_phase lsn=20312 phase=value_index_schedule slot=0 started_ns=1790174735997605000 ended_ns=1790174735997645125 elapsed_us=40 block_gets=0 block_puts=0 deleted=0
checkpoint_phase lsn=20312 phase=row_merge_write slot=0 started_ns=1790174735997648000 ended_ns=1790174736025936250 elapsed_us=28288 block_gets=0 block_puts=4 deleted=0
checkpoint_phase lsn=20312 phase=value_index_schedule slot=0 started_ns=1790174736025948000 ended_ns=1790174736048620209 elapsed_us=22672 block_gets=0 block_puts=1 deleted=0
checkpoint_phase lsn=20312 phase=row_merge_write slot=0 started_ns=1790174736048628000 ended_ns=1790174736074877750 elapsed_us=26249 block_gets=0 block_puts=4 deleted=0
checkpoint_phase lsn=20312 phase=value_index_schedule slot=0 started_ns=1790174736074888000 ended_ns=1790174736081120333 elapsed_us=6232 block_gets=0 block_puts=4 deleted=0
checkpoint_phase lsn=20312 phase=row_merge_write slot=0 started_ns=1790174736081128000 ended_ns=1790174736104242917 elapsed_us=23114 block_gets=0 block_puts=4 deleted=0
checkpoint_phase lsn=20312 phase=value_index_schedule slot=0 started_ns=1790174736104264000 ended_ns=1790174736105225500 elapsed_us=961 block_gets=0 block_puts=0 deleted=0
checkpoint_phase lsn=20312 phase=row_merge_write slot=0 started_ns=1790174736105233000 ended_ns=1790174736122324667 elapsed_us=17091 block_gets=0 block_puts=4 deleted=0
checkpoint_phase lsn=20312 phase=value_index_schedule slot=0 started_ns=1790174736122341000 ended_ns=1790174736122486458 elapsed_us=145 block_gets=0 block_puts=0 deleted=0
checkpoint_phase lsn=20312 phase=row_merge_write slot=0 started_ns=1790174736122493000 ended_ns=1790174736144120916 elapsed_us=21627 block_gets=0 block_puts=4 deleted=0
checkpoint_phase lsn=20312 phase=value_index_schedule slot=0 started_ns=1790174736144135000 ended_ns=1790174736144273791 elapsed_us=138 block_gets=0 block_puts=0 deleted=0
checkpoint_phase lsn=20312 phase=row_merge_write slot=0 started_ns=1790174736144279000 ended_ns=1790174736160850542 elapsed_us=16571 block_gets=0 block_puts=4 deleted=0
checkpoint_phase lsn=20312 phase=value_index_schedule slot=0 started_ns=1790174736160860000 ended_ns=1790174736160997959 elapsed_us=137 block_gets=0 block_puts=0 deleted=0
checkpoint_phase lsn=20312 phase=row_merge_write slot=0 started_ns=1790174736161010000 ended_ns=1790174736183515208 elapsed_us=22505 block_gets=0 block_puts=4 deleted=0
checkpoint_phase lsn=20312 phase=value_index_schedule slot=0 started_ns=1790174736183527000 ended_ns=1790174736190938834 elapsed_us=7411 block_gets=0 block_puts=1 deleted=0
checkpoint_phase lsn=20312 phase=row_merge_write slot=0 started_ns=1790174736190962000 ended_ns=1790174736211375000 elapsed_us=20413 block_gets=0 block_puts=4 deleted=0
checkpoint_phase lsn=20312 phase=value_index_schedule slot=0 started_ns=1790174736211391000 ended_ns=1790174736211664708 elapsed_us=273 block_gets=0 block_puts=0 deleted=0
checkpoint_phase lsn=20312 phase=row_merge_write slot=0 started_ns=1790174736211670000 ended_ns=1790174736230821958 elapsed_us=19151 block_gets=0 block_puts=4 deleted=0
checkpoint_phase lsn=20312 phase=value_index_schedule slot=0 started_ns=1790174736230833000 ended_ns=1790174736231110125 elapsed_us=277 block_gets=0 block_puts=0 deleted=0
checkpoint_phase lsn=20312 phase=row_merge_write slot=0 started_ns=1790174736231116000 ended_ns=1790174736250823250 elapsed_us=19707 block_gets=0 block_puts=4 deleted=0
checkpoint_phase lsn=20312 phase=value_index_schedule slot=0 started_ns=1790174736250836000 ended_ns=1790174736251027583 elapsed_us=191 block_gets=0 block_puts=0 deleted=0
checkpoint_phase lsn=20312 phase=row_merge_write slot=0 started_ns=1790174736251033000 ended_ns=1790174736276391916 elapsed_us=25358 block_gets=0 block_puts=4 deleted=0
checkpoint_phase lsn=20312 phase=value_index_schedule slot=0 started_ns=1790174736276404000 ended_ns=1790174736285048958 elapsed_us=8644 block_gets=0 block_puts=1 deleted=0
checkpoint_phase lsn=20312 phase=row_merge_write slot=0 started_ns=1790174736285061000 ended_ns=1790174736306168209 elapsed_us=21107 block_gets=0 block_puts=4 deleted=0
checkpoint_phase lsn=20312 phase=value_index_schedule slot=0 started_ns=1790174736306185000 ended_ns=1790174736306313417 elapsed_us=128 block_gets=0 block_puts=0 deleted=0
checkpoint_phase lsn=20312 phase=row_merge_write slot=0 started_ns=1790174736306319000 ended_ns=1790174736324073875 elapsed_us=17754 block_gets=0 block_puts=4 deleted=0
checkpoint_phase lsn=20312 phase=value_index_schedule slot=0 started_ns=1790174736324085000 ended_ns=1790174736324150792 elapsed_us=65 block_gets=0 block_puts=0 deleted=0
checkpoint_phase lsn=20312 phase=row_merge_write slot=0 started_ns=1790174736324159000 ended_ns=1790174736348593584 elapsed_us=24434 block_gets=0 block_puts=4 deleted=0
checkpoint_phase lsn=20312 phase=value_index_schedule slot=0 started_ns=1790174736348606000 ended_ns=1790174736384789625 elapsed_us=36183 block_gets=0 block_puts=4 deleted=0
checkpoint_phase lsn=20312 phase=row_merge_write slot=0 started_ns=1790174736384803000 ended_ns=1790174736413061333 elapsed_us=28258 block_gets=0 block_puts=4 deleted=0
checkpoint_phase lsn=20312 phase=value_index_schedule slot=0 started_ns=1790174736413078000 ended_ns=1790174736413078416 elapsed_us=0 block_gets=0 block_puts=0 deleted=0
checkpoint_phase lsn=20312 phase=row_merge_write slot=0 started_ns=1790174736413083000 ended_ns=1790174736431132000 elapsed_us=18049 block_gets=0 block_puts=4 deleted=0
checkpoint_phase lsn=20312 phase=value_index_write slot=0 started_ns=1790174736431146000 ended_ns=1790174736431481000 elapsed_us=335 block_gets=0 block_puts=0 deleted=0
checkpoint_phase lsn=20312 phase=row_merge_write slot=0 started_ns=1790174736431488000 ended_ns=1790174736448507084 elapsed_us=17019 block_gets=0 block_puts=4 deleted=0
checkpoint_phase lsn=20312 phase=value_index_write slot=0 started_ns=1790174736448519000 ended_ns=1790174736448645125 elapsed_us=126 block_gets=0 block_puts=0 deleted=0
checkpoint_phase lsn=20312 phase=row_merge_write slot=0 started_ns=1790174736448649000 ended_ns=1790174736466707917 elapsed_us=18058 block_gets=0 block_puts=4 deleted=0
checkpoint_phase lsn=20312 phase=value_index_write slot=0 started_ns=1790174736466721000 ended_ns=1790174736466849875 elapsed_us=128 block_gets=0 block_puts=0 deleted=0
checkpoint_phase lsn=20312 phase=row_merge_write slot=0 started_ns=1790174736466856000 ended_ns=1790174736492813417 elapsed_us=25957 block_gets=0 block_puts=4 deleted=0
checkpoint_phase lsn=20312 phase=value_index_write slot=0 started_ns=1790174736492826000 ended_ns=1790174736493128833 elapsed_us=302 block_gets=0 block_puts=0 deleted=0
checkpoint_phase lsn=20312 phase=row_merge_write slot=0 started_ns=1790174736493140000 ended_ns=1790174736513288083 elapsed_us=20148 block_gets=0 block_puts=4 deleted=0
checkpoint_phase lsn=20312 phase=value_index_write slot=0 started_ns=1790174736513302000 ended_ns=1790174736513419125 elapsed_us=117 block_gets=0 block_puts=0 deleted=0
checkpoint_phase lsn=20312 phase=row_merge_write slot=0 started_ns=1790174736513424000 ended_ns=1790174736531838084 elapsed_us=18414 block_gets=0 block_puts=4 deleted=0
checkpoint_phase lsn=20312 phase=value_index_write slot=0 started_ns=1790174736531849000 ended_ns=1790174736531930000 elapsed_us=81 block_gets=0 block_puts=0 deleted=0
checkpoint_phase lsn=20312 phase=row_merge_write slot=0 started_ns=1790174736531935000 ended_ns=1790174736550283000 elapsed_us=18348 block_gets=0 block_puts=4 deleted=0
checkpoint_phase lsn=20312 phase=value_index_write slot=0 started_ns=1790174736550297000 ended_ns=1790174736550435916 elapsed_us=138 block_gets=0 block_puts=0 deleted=0
checkpoint_phase lsn=20312 phase=row_merge_write slot=0 started_ns=1790174736550441000 ended_ns=1790174736569442250 elapsed_us=19001 block_gets=0 block_puts=4 deleted=0
checkpoint_phase lsn=20312 phase=value_index_write slot=0 started_ns=1790174736569453000 ended_ns=1790174736578297458 elapsed_us=8844 block_gets=0 block_puts=1 deleted=0
checkpoint_phase lsn=20312 phase=row_merge_write slot=0 started_ns=1790174736578315000 ended_ns=1790174736599850542 elapsed_us=21535 block_gets=0 block_puts=4 deleted=0
checkpoint_phase lsn=20312 phase=value_index_write slot=0 started_ns=1790174736599861000 ended_ns=1790174736599981709 elapsed_us=120 block_gets=0 block_puts=0 deleted=0
checkpoint_phase lsn=20312 phase=row_merge_write slot=0 started_ns=1790174736599985000 ended_ns=1790174736643967375 elapsed_us=43982 block_gets=0 block_puts=6 deleted=0
checkpoint_phase lsn=20312 phase=value_index_write slot=0 started_ns=1790174736643978000 ended_ns=1790174736655811041 elapsed_us=11833 block_gets=0 block_puts=2 deleted=0
checkpoint_phase lsn=20312 phase=value_index_schedule slot=0 started_ns=1790174736655826000 ended_ns=1790174736655830792 elapsed_us=4 block_gets=0 block_puts=0 deleted=0
checkpoint_phase lsn=20312 phase=value_index_schedule slot=0 started_ns=1790174736655839000 ended_ns=1790174736656890625 elapsed_us=1051 block_gets=0 block_puts=0 deleted=0
checkpoint_phase lsn=20312 phase=value_index_schedule slot=0 started_ns=1790174736656899000 ended_ns=1790174736658799542 elapsed_us=1900 block_gets=0 block_puts=0 deleted=0
checkpoint_phase lsn=20312 phase=value_index_schedule slot=0 started_ns=1790174736658819000 ended_ns=1790174736660492583 elapsed_us=1673 block_gets=0 block_puts=0 deleted=0
checkpoint_phase lsn=20312 phase=value_index_schedule slot=0 started_ns=1790174736660502000 ended_ns=1790174736664321333 elapsed_us=3819 block_gets=0 block_puts=0 deleted=0
checkpoint_phase lsn=20312 phase=value_index_schedule slot=0 started_ns=1790174736664329000 ended_ns=1790174736668387750 elapsed_us=4058 block_gets=0 block_puts=0 deleted=0
checkpoint_phase lsn=20312 phase=value_index_schedule slot=0 started_ns=1790174736668398000 ended_ns=1790174736674045750 elapsed_us=5647 block_gets=0 block_puts=0 deleted=0
checkpoint_phase lsn=20312 phase=value_index_schedule slot=0 started_ns=1790174736674072000 ended_ns=1790174736674113042 elapsed_us=41 block_gets=0 block_puts=0 deleted=0
checkpoint_phase lsn=20312 phase=value_index_schedule slot=0 started_ns=1790174736674125000 ended_ns=1790174736674158750 elapsed_us=33 block_gets=0 block_puts=0 deleted=0
checkpoint_phase lsn=20312 phase=value_index_schedule slot=0 started_ns=1790174736674164000 ended_ns=1790174736674198250 elapsed_us=34 block_gets=0 block_puts=0 deleted=0
checkpoint_phase lsn=20312 phase=value_index_schedule slot=0 started_ns=1790174736674202000 ended_ns=1790174736684707042 elapsed_us=10505 block_gets=0 block_puts=1 deleted=0
checkpoint_phase lsn=20312 phase=value_index_schedule slot=0 started_ns=1790174736684730000 ended_ns=1790174736684778917 elapsed_us=48 block_gets=0 block_puts=0 deleted=0
checkpoint_phase lsn=20312 phase=value_index_schedule slot=0 started_ns=1790174736684785000 ended_ns=1790174736696498834 elapsed_us=11713 block_gets=0 block_puts=4 deleted=0
checkpoint_phase lsn=20312 phase=value_index_schedule slot=0 started_ns=1790174736696524000 ended_ns=1790174736700258500 elapsed_us=3734 block_gets=0 block_puts=0 deleted=0
checkpoint_phase lsn=20312 phase=value_index_schedule slot=0 started_ns=1790174736700270000 ended_ns=1790174736703878666 elapsed_us=3608 block_gets=0 block_puts=0 deleted=0
checkpoint_phase lsn=20312 phase=value_index_schedule slot=0 started_ns=1790174736703887000 ended_ns=1790174736707456958 elapsed_us=3569 block_gets=0 block_puts=0 deleted=0
checkpoint_phase lsn=20312 phase=value_index_schedule slot=0 started_ns=1790174736707466000 ended_ns=1790174736710763458 elapsed_us=3297 block_gets=0 block_puts=0 deleted=0
checkpoint_phase lsn=20312 phase=value_index_schedule slot=0 started_ns=1790174736710773000 ended_ns=1790174736712066167 elapsed_us=1293 block_gets=0 block_puts=0 deleted=0
checkpoint_phase lsn=20312 phase=value_index_schedule slot=0 started_ns=1790174736712072000 ended_ns=1790174736712106667 elapsed_us=34 block_gets=0 block_puts=0 deleted=0
checkpoint_phase lsn=20312 phase=value_index_schedule slot=0 started_ns=1790174736712110000 ended_ns=1790174736712137667 elapsed_us=27 block_gets=0 block_puts=0 deleted=0
checkpoint_phase lsn=20312 phase=value_index_schedule slot=0 started_ns=1790174736712141000 ended_ns=1790174736712168708 elapsed_us=27 block_gets=0 block_puts=0 deleted=0
checkpoint_phase lsn=20312 phase=value_index_schedule slot=0 started_ns=1790174736712171000 ended_ns=1790174736715786458 elapsed_us=3615 block_gets=0 block_puts=1 deleted=0
checkpoint_phase lsn=20312 phase=value_index_schedule slot=0 started_ns=1790174736715807000 ended_ns=1790174736719953958 elapsed_us=4146 block_gets=0 block_puts=4 deleted=0
checkpoint_phase lsn=20312 phase=value_index_schedule slot=0 started_ns=1790174736719967000 ended_ns=1790174736720677166 elapsed_us=710 block_gets=0 block_puts=0 deleted=0
checkpoint_phase lsn=20312 phase=value_index_schedule slot=0 started_ns=1790174736720682000 ended_ns=1790174736720772209 elapsed_us=90 block_gets=0 block_puts=0 deleted=0
checkpoint_phase lsn=20312 phase=value_index_schedule slot=0 started_ns=1790174736720777000 ended_ns=1790174736720857375 elapsed_us=80 block_gets=0 block_puts=0 deleted=0
checkpoint_phase lsn=20312 phase=value_index_schedule slot=0 started_ns=1790174736720862000 ended_ns=1790174736720942667 elapsed_us=80 block_gets=0 block_puts=0 deleted=0
checkpoint_phase lsn=20312 phase=value_index_schedule slot=0 started_ns=1790174736720956000 ended_ns=1790174736725216334 elapsed_us=4260 block_gets=0 block_puts=1 deleted=0
checkpoint_phase lsn=20312 phase=value_index_schedule slot=0 started_ns=1790174736725237000 ended_ns=1790174736725417916 elapsed_us=180 block_gets=0 block_puts=0 deleted=0
checkpoint_phase lsn=20312 phase=value_index_schedule slot=0 started_ns=1790174736725424000 ended_ns=1790174736725600208 elapsed_us=176 block_gets=0 block_puts=0 deleted=0
checkpoint_phase lsn=20312 phase=value_index_schedule slot=0 started_ns=1790174736725607000 ended_ns=1790174736725783250 elapsed_us=176 block_gets=0 block_puts=0 deleted=0
checkpoint_phase lsn=20312 phase=value_index_schedule slot=0 started_ns=1790174736725787000 ended_ns=1790174736729150375 elapsed_us=3363 block_gets=0 block_puts=1 deleted=0
checkpoint_phase lsn=20312 phase=value_index_schedule slot=0 started_ns=1790174736729159000 ended_ns=1790174736729224042 elapsed_us=65 block_gets=0 block_puts=0 deleted=0
checkpoint_phase lsn=20312 phase=value_index_schedule slot=0 started_ns=1790174736729229000 ended_ns=1790174736729260584 elapsed_us=31 block_gets=0 block_puts=0 deleted=0
checkpoint_phase lsn=20312 phase=value_index_schedule slot=0 started_ns=1790174736729263000 ended_ns=1790174736736692875 elapsed_us=7429 block_gets=0 block_puts=4 deleted=0
checkpoint_phase lsn=20312 phase=value_index_schedule slot=0 started_ns=1790174736736713000 ended_ns=1790174736736713083 elapsed_us=0 block_gets=0 block_puts=0 deleted=0
checkpoint_phase lsn=20312 phase=value_index_write slot=0 started_ns=1790174736736717000 ended_ns=1790174736736916708 elapsed_us=199 block_gets=0 block_puts=0 deleted=0
checkpoint_phase lsn=20312 phase=value_index_write slot=0 started_ns=1790174736736920000 ended_ns=1790174736736994125 elapsed_us=74 block_gets=0 block_puts=0 deleted=0
checkpoint_phase lsn=20312 phase=value_index_write slot=0 started_ns=1790174736736996000 ended_ns=1790174736737071875 elapsed_us=75 block_gets=0 block_puts=0 deleted=0
checkpoint_phase lsn=20312 phase=value_index_write slot=0 started_ns=1790174736737074000 ended_ns=1790174736737267666 elapsed_us=193 block_gets=0 block_puts=0 deleted=0
checkpoint_phase lsn=20312 phase=value_index_write slot=0 started_ns=1790174736737272000 ended_ns=1790174736737346458 elapsed_us=74 block_gets=0 block_puts=0 deleted=0
checkpoint_phase lsn=20312 phase=value_index_write slot=0 started_ns=1790174736737349000 ended_ns=1790174736737423625 elapsed_us=74 block_gets=0 block_puts=0 deleted=0
checkpoint_phase lsn=20312 phase=value_index_write slot=0 started_ns=1790174736737427000 ended_ns=1790174736737502542 elapsed_us=75 block_gets=0 block_puts=0 deleted=0
checkpoint_phase lsn=20312 phase=value_index_write slot=0 started_ns=1790174736737505000 ended_ns=1790174736749094500 elapsed_us=11589 block_gets=0 block_puts=1 deleted=0
checkpoint_phase lsn=20312 phase=value_index_write slot=0 started_ns=1790174736749119000 ended_ns=1790174736749194000 elapsed_us=75 block_gets=0 block_puts=0 deleted=0
checkpoint_phase lsn=20312 phase=value_index_write slot=0 started_ns=1790174736749198000 ended_ns=1790174736756791125 elapsed_us=7593 block_gets=0 block_puts=2 deleted=0
checkpoint_phase lsn=20312 phase=value_index_schedule slot=0 started_ns=1790174736756811000 ended_ns=1790174736756814750 elapsed_us=3 block_gets=0 block_puts=0 deleted=0
checkpoint_phase lsn=20312 phase=value_index_schedule slot=0 started_ns=1790174736756818000 ended_ns=1790174736757637208 elapsed_us=819 block_gets=0 block_puts=0 deleted=0
checkpoint_phase lsn=20312 phase=value_index_schedule slot=0 started_ns=1790174736757644000 ended_ns=1790174736758926250 elapsed_us=1282 block_gets=0 block_puts=0 deleted=0
checkpoint_phase lsn=20312 phase=value_index_schedule slot=0 started_ns=1790174736758939000 ended_ns=1790174736760053166 elapsed_us=1114 block_gets=0 block_puts=0 deleted=0
checkpoint_phase lsn=20312 phase=value_index_schedule slot=0 started_ns=1790174736760058000 ended_ns=1790174736762669625 elapsed_us=2611 block_gets=0 block_puts=0 deleted=0
checkpoint_phase lsn=20312 phase=value_index_schedule slot=0 started_ns=1790174736762677000 ended_ns=1790174736769830708 elapsed_us=7153 block_gets=0 block_puts=0 deleted=0
checkpoint_phase lsn=20312 phase=value_index_schedule slot=0 started_ns=1790174736769847000 ended_ns=1790174736769877042 elapsed_us=30 block_gets=0 block_puts=0 deleted=0
checkpoint_phase lsn=20312 phase=value_index_schedule slot=0 started_ns=1790174736769884000 ended_ns=1790174736769906791 elapsed_us=22 block_gets=0 block_puts=0 deleted=0
checkpoint_phase lsn=20312 phase=value_index_schedule slot=0 started_ns=1790174736769909000 ended_ns=1790174736769932042 elapsed_us=23 block_gets=0 block_puts=0 deleted=0
checkpoint_phase lsn=20312 phase=value_index_schedule slot=0 started_ns=1790174736769936000 ended_ns=1790174736775456417 elapsed_us=5520 block_gets=0 block_puts=1 deleted=0
checkpoint_phase lsn=20312 phase=value_index_schedule slot=0 started_ns=1790174736775469000 ended_ns=1790174736789180250 elapsed_us=13711 block_gets=0 block_puts=4 deleted=0
checkpoint_phase lsn=20312 phase=value_index_schedule slot=0 started_ns=1790174736789196000 ended_ns=1790174736792288917 elapsed_us=3092 block_gets=0 block_puts=0 deleted=0
checkpoint_phase lsn=20312 phase=value_index_schedule slot=0 started_ns=1790174736792295000 ended_ns=1790174736795436625 elapsed_us=3141 block_gets=0 block_puts=0 deleted=0
checkpoint_phase lsn=20312 phase=value_index_schedule slot=0 started_ns=1790174736795440000 ended_ns=1790174736798465583 elapsed_us=3025 block_gets=0 block_puts=0 deleted=0
checkpoint_phase lsn=20312 phase=value_index_schedule slot=0 started_ns=1790174736798472000 ended_ns=1790174736801440667 elapsed_us=2968 block_gets=0 block_puts=0 deleted=0
checkpoint_phase lsn=20312 phase=value_index_schedule slot=0 started_ns=1790174736801444000 ended_ns=1790174736802995541 elapsed_us=1551 block_gets=0 block_puts=0 deleted=0
checkpoint_phase lsn=20312 phase=value_index_schedule slot=0 started_ns=1790174736802998000 ended_ns=1790174736803027792 elapsed_us=29 block_gets=0 block_puts=0 deleted=0
checkpoint_phase lsn=20312 phase=value_index_schedule slot=0 started_ns=1790174736803031000 ended_ns=1790174736803055542 elapsed_us=24 block_gets=0 block_puts=0 deleted=0
checkpoint_phase lsn=20312 phase=value_index_schedule slot=0 started_ns=1790174736803058000 ended_ns=1790174736803082916 elapsed_us=24 block_gets=0 block_puts=0 deleted=0
checkpoint_phase lsn=20312 phase=value_index_schedule slot=0 started_ns=1790174736803085000 ended_ns=1790174736816046417 elapsed_us=12961 block_gets=0 block_puts=1 deleted=0
checkpoint_phase lsn=20312 phase=value_index_schedule slot=0 started_ns=1790174736816054000 ended_ns=1790174736832441625 elapsed_us=16387 block_gets=0 block_puts=4 deleted=0
checkpoint_phase lsn=20312 phase=value_index_schedule slot=0 started_ns=1790174736832452000 ended_ns=1790174736833074542 elapsed_us=622 block_gets=0 block_puts=0 deleted=0
checkpoint_phase lsn=20312 phase=value_index_schedule slot=0 started_ns=1790174736833078000 ended_ns=1790174736833250083 elapsed_us=172 block_gets=0 block_puts=0 deleted=0
checkpoint_phase lsn=20312 phase=value_index_schedule slot=0 started_ns=1790174736833253000 ended_ns=1790174736833416417 elapsed_us=163 block_gets=0 block_puts=0 deleted=0
checkpoint_phase lsn=20312 phase=value_index_schedule slot=0 started_ns=1790174736833418000 ended_ns=1790174736833684041 elapsed_us=266 block_gets=0 block_puts=0 deleted=0
checkpoint_phase lsn=20312 phase=value_index_schedule slot=0 started_ns=1790174736833687000 ended_ns=1790174736841741084 elapsed_us=8054 block_gets=0 block_puts=1 deleted=0
checkpoint_phase lsn=20312 phase=value_index_schedule slot=0 started_ns=1790174736841751000 ended_ns=1790174736842036458 elapsed_us=285 block_gets=0 block_puts=0 deleted=0
checkpoint_phase lsn=20312 phase=value_index_schedule slot=0 started_ns=1790174736842040000 ended_ns=1790174736842326000 elapsed_us=286 block_gets=0 block_puts=0 deleted=0
checkpoint_phase lsn=20312 phase=value_index_schedule slot=0 started_ns=1790174736842329000 ended_ns=1790174736853046458 elapsed_us=10717 block_gets=0 block_puts=1 deleted=0
checkpoint_phase lsn=20312 phase=value_index_schedule slot=0 started_ns=1790174736853063000 ended_ns=1790174736853336834 elapsed_us=273 block_gets=0 block_puts=0 deleted=0
checkpoint_phase lsn=20312 phase=value_index_schedule slot=0 started_ns=1790174736853342000 ended_ns=1790174736853375583 elapsed_us=33 block_gets=0 block_puts=0 deleted=0
checkpoint_phase lsn=20312 phase=value_index_schedule slot=0 started_ns=1790174736853379000 ended_ns=1790174736864064167 elapsed_us=10685 block_gets=0 block_puts=4 deleted=0
checkpoint_phase lsn=20312 phase=value_index_schedule slot=0 started_ns=1790174736864075000 ended_ns=1790174736867219959 elapsed_us=3144 block_gets=0 block_puts=0 deleted=0
checkpoint_phase lsn=20312 phase=value_index_schedule slot=0 started_ns=1790174736867227000 ended_ns=1790174736867562083 elapsed_us=335 block_gets=0 block_puts=0 deleted=0
checkpoint_phase lsn=20312 phase=value_index_schedule slot=0 started_ns=1790174736867573000 ended_ns=1790174736867603750 elapsed_us=30 block_gets=0 block_puts=0 deleted=0
checkpoint_phase lsn=20312 phase=value_index_schedule slot=0 started_ns=1790174736867609000 ended_ns=1790174736876792042 elapsed_us=9183 block_gets=0 block_puts=4 deleted=0
checkpoint_phase lsn=20312 phase=value_index_schedule slot=0 started_ns=1790174736876804000 ended_ns=1790174736876804292 elapsed_us=0 block_gets=0 block_puts=0 deleted=0
checkpoint_phase lsn=20312 phase=value_index_schedule slot=0 started_ns=1790174736876808000 ended_ns=1790174736877006208 elapsed_us=198 block_gets=0 block_puts=0 deleted=0
checkpoint_phase lsn=20312 phase=value_index_schedule slot=0 started_ns=1790174736877009000 ended_ns=1790174736877337625 elapsed_us=328 block_gets=0 block_puts=0 deleted=0
checkpoint_phase lsn=20312 phase=value_index_schedule slot=0 started_ns=1790174736877342000 ended_ns=1790174736877660791 elapsed_us=318 block_gets=0 block_puts=0 deleted=0
checkpoint_phase lsn=20312 phase=value_index_schedule slot=0 started_ns=1790174736877667000 ended_ns=1790174736877984833 elapsed_us=317 block_gets=0 block_puts=0 deleted=0
checkpoint_phase lsn=20312 phase=value_index_schedule slot=0 started_ns=1790174736877987000 ended_ns=1790174736881495375 elapsed_us=3508 block_gets=0 block_puts=1 deleted=0
checkpoint_phase lsn=20312 phase=value_index_schedule slot=0 started_ns=1790174736881513000 ended_ns=1790174736881829959 elapsed_us=316 block_gets=0 block_puts=0 deleted=0
checkpoint_phase lsn=20312 phase=value_index_schedule slot=0 started_ns=1790174736881844000 ended_ns=1790174736882158125 elapsed_us=314 block_gets=0 block_puts=0 deleted=0
checkpoint_phase lsn=20312 phase=value_index_schedule slot=0 started_ns=1790174736882165000 ended_ns=1790174736885343458 elapsed_us=3178 block_gets=0 block_puts=1 deleted=0
checkpoint_phase lsn=20312 phase=value_index_schedule slot=0 started_ns=1790174736885359000 ended_ns=1790174736885627916 elapsed_us=268 block_gets=0 block_puts=0 deleted=0
checkpoint_phase lsn=20312 phase=value_index_schedule slot=0 started_ns=1790174736885632000 ended_ns=1790174736885799333 elapsed_us=167 block_gets=0 block_puts=0 deleted=0
checkpoint_phase lsn=20312 phase=value_index_schedule slot=0 started_ns=1790174736885804000 ended_ns=1790174736889102458 elapsed_us=3298 block_gets=0 block_puts=1 deleted=0
checkpoint_phase lsn=20312 phase=value_index_schedule slot=0 started_ns=1790174736889109000 ended_ns=1790174736892836833 elapsed_us=3727 block_gets=0 block_puts=4 deleted=0
checkpoint_phase lsn=20312 phase=value_index_schedule slot=0 started_ns=1790174736892846000 ended_ns=1790174736892846166 elapsed_us=0 block_gets=0 block_puts=0 deleted=0
checkpoint_phase lsn=20312 phase=value_index_write slot=0 started_ns=1790174736892850000 ended_ns=1790174736893167500 elapsed_us=317 block_gets=0 block_puts=0 deleted=0
checkpoint_phase lsn=20312 phase=value_index_write slot=0 started_ns=1790174736893170000 ended_ns=1790174736893340584 elapsed_us=170 block_gets=0 block_puts=0 deleted=0
checkpoint_phase lsn=20312 phase=value_index_write slot=0 started_ns=1790174736893346000 ended_ns=1790174736893516750 elapsed_us=170 block_gets=0 block_puts=0 deleted=0
checkpoint_phase lsn=20312 phase=value_index_write slot=0 started_ns=1790174736893521000 ended_ns=1790174736893829583 elapsed_us=308 block_gets=0 block_puts=0 deleted=0
checkpoint_phase lsn=20312 phase=value_index_write slot=0 started_ns=1790174736893834000 ended_ns=1790174736894000000 elapsed_us=166 block_gets=0 block_puts=0 deleted=0
checkpoint_phase lsn=20312 phase=value_index_write slot=0 started_ns=1790174736894005000 ended_ns=1790174736902865875 elapsed_us=8860 block_gets=0 block_puts=1 deleted=0
checkpoint_phase lsn=20312 phase=value_index_write slot=0 started_ns=1790174736902876000 ended_ns=1790174736903192042 elapsed_us=316 block_gets=0 block_puts=0 deleted=0
checkpoint_phase lsn=20312 phase=value_index_write slot=0 started_ns=1790174736903195000 ended_ns=1790174736903369959 elapsed_us=174 block_gets=0 block_puts=0 deleted=0
checkpoint_phase lsn=20312 phase=value_index_write slot=0 started_ns=1790174736903372000 ended_ns=1790174736903546708 elapsed_us=174 block_gets=0 block_puts=0 deleted=0
checkpoint_phase lsn=20312 phase=value_index_write slot=0 started_ns=1790174736903549000 ended_ns=1790174736914958709 elapsed_us=11409 block_gets=0 block_puts=2 deleted=0
checkpoint_phase lsn=20312 phase=value_index_schedule slot=0 started_ns=1790174736914972000 ended_ns=1790174736914975958 elapsed_us=3 block_gets=0 block_puts=0 deleted=0
checkpoint_phase lsn=20312 phase=value_index_schedule slot=0 started_ns=1790174736914980000 ended_ns=1790174736915827792 elapsed_us=847 block_gets=0 block_puts=0 deleted=0
checkpoint_phase lsn=20312 phase=value_index_schedule slot=0 started_ns=1790174736915835000 ended_ns=1790174736917191583 elapsed_us=1356 block_gets=0 block_puts=0 deleted=0
checkpoint_phase lsn=20312 phase=value_index_schedule slot=0 started_ns=1790174736917200000 ended_ns=1790174736918414084 elapsed_us=1214 block_gets=0 block_puts=0 deleted=0
checkpoint_phase lsn=20312 phase=value_index_schedule slot=0 started_ns=1790174736918420000 ended_ns=1790174736921196000 elapsed_us=2776 block_gets=0 block_puts=0 deleted=0
checkpoint_phase lsn=20312 phase=value_index_schedule slot=0 started_ns=1790174736921203000 ended_ns=1790174736931252458 elapsed_us=10049 block_gets=0 block_puts=0 deleted=0
checkpoint_phase lsn=20312 phase=value_index_schedule slot=0 started_ns=1790174736931266000 ended_ns=1790174736931298166 elapsed_us=32 block_gets=0 block_puts=0 deleted=0
checkpoint_phase lsn=20312 phase=value_index_schedule slot=0 started_ns=1790174736931302000 ended_ns=1790174736931325125 elapsed_us=23 block_gets=0 block_puts=0 deleted=0
checkpoint_phase lsn=20312 phase=value_index_schedule slot=0 started_ns=1790174736931328000 ended_ns=1790174736931352292 elapsed_us=24 block_gets=0 block_puts=0 deleted=0
checkpoint_phase lsn=20312 phase=value_index_schedule slot=0 started_ns=1790174736931358000 ended_ns=1790174736936792167 elapsed_us=5434 block_gets=0 block_puts=1 deleted=0
checkpoint_phase lsn=20312 phase=value_index_schedule slot=0 started_ns=1790174736936805000 ended_ns=1790174736944843209 elapsed_us=8038 block_gets=0 block_puts=4 deleted=0
checkpoint_phase lsn=20312 phase=value_index_schedule slot=0 started_ns=1790174736944857000 ended_ns=1790174736947796084 elapsed_us=2939 block_gets=0 block_puts=0 deleted=0
checkpoint_phase lsn=20312 phase=value_index_schedule slot=0 started_ns=1790174736947809000 ended_ns=1790174736950641250 elapsed_us=2832 block_gets=0 block_puts=0 deleted=0
checkpoint_phase lsn=20312 phase=value_index_schedule slot=0 started_ns=1790174736950649000 ended_ns=1790174736953468792 elapsed_us=2819 block_gets=0 block_puts=0 deleted=0
checkpoint_phase lsn=20312 phase=value_index_schedule slot=0 started_ns=1790174736953476000 ended_ns=1790174736956274917 elapsed_us=2798 block_gets=0 block_puts=0 deleted=0
checkpoint_phase lsn=20312 phase=value_index_schedule slot=0 started_ns=1790174736956282000 ended_ns=1790174736957829084 elapsed_us=1547 block_gets=0 block_puts=0 deleted=0
checkpoint_phase lsn=20312 phase=value_index_schedule slot=0 started_ns=1790174736957835000 ended_ns=1790174736957864583 elapsed_us=29 block_gets=0 block_puts=0 deleted=0
checkpoint_phase lsn=20312 phase=value_index_schedule slot=0 started_ns=1790174736957867000 ended_ns=1790174736957890416 elapsed_us=23 block_gets=0 block_puts=0 deleted=0
checkpoint_phase lsn=20312 phase=value_index_schedule slot=0 started_ns=1790174736957893000 ended_ns=1790174736957916084 elapsed_us=23 block_gets=0 block_puts=0 deleted=0
checkpoint_phase lsn=20312 phase=value_index_schedule slot=0 started_ns=1790174736957921000 ended_ns=1790174736961151708 elapsed_us=3230 block_gets=0 block_puts=1 deleted=0
checkpoint_phase lsn=20312 phase=value_index_schedule slot=0 started_ns=1790174736961160000 ended_ns=1790174736965740708 elapsed_us=4580 block_gets=0 block_puts=4 deleted=0
checkpoint_phase lsn=20312 phase=value_index_schedule slot=0 started_ns=1790174736965750000 ended_ns=1790174736966324875 elapsed_us=574 block_gets=0 block_puts=0 deleted=0
checkpoint_phase lsn=20312 phase=value_index_schedule slot=0 started_ns=1790174736966329000 ended_ns=1790174736966539375 elapsed_us=210 block_gets=0 block_puts=0 deleted=0
checkpoint_phase lsn=20312 phase=value_index_schedule slot=0 started_ns=1790174736966542000 ended_ns=1790174736966740291 elapsed_us=198 block_gets=0 block_puts=0 deleted=0
checkpoint_phase lsn=20312 phase=value_index_schedule slot=0 started_ns=1790174736966743000 ended_ns=1790174736967032666 elapsed_us=289 block_gets=0 block_puts=0 deleted=0
checkpoint_phase lsn=20312 phase=value_index_schedule slot=0 started_ns=1790174736967035000 ended_ns=1790174736971259500 elapsed_us=4224 block_gets=0 block_puts=1 deleted=0
checkpoint_phase lsn=20312 phase=value_index_schedule slot=0 started_ns=1790174736971266000 ended_ns=1790174736971564084 elapsed_us=298 block_gets=0 block_puts=0 deleted=0
checkpoint_phase lsn=20312 phase=value_index_schedule slot=0 started_ns=1790174736971567000 ended_ns=1790174736971864291 elapsed_us=297 block_gets=0 block_puts=0 deleted=0
checkpoint_phase lsn=20312 phase=value_index_schedule slot=0 started_ns=1790174736971866000 ended_ns=1790174736975258959 elapsed_us=3392 block_gets=0 block_puts=1 deleted=0
checkpoint_phase lsn=20312 phase=value_index_schedule slot=0 started_ns=1790174736975265000 ended_ns=1790174736975506917 elapsed_us=241 block_gets=0 block_puts=0 deleted=0
checkpoint_phase lsn=20312 phase=value_index_schedule slot=0 started_ns=1790174736975511000 ended_ns=1790174736975538625 elapsed_us=27 block_gets=0 block_puts=0 deleted=0
checkpoint_phase lsn=20312 phase=value_index_schedule slot=0 started_ns=1790174736975541000 ended_ns=1790174737007146500 elapsed_us=31605 block_gets=0 block_puts=4 deleted=0
checkpoint_phase lsn=20312 phase=value_index_schedule slot=0 started_ns=1790174737007153000 ended_ns=1790174737010269250 elapsed_us=3116 block_gets=0 block_puts=0 deleted=0
checkpoint_phase lsn=20312 phase=value_index_schedule slot=0 started_ns=1790174737010276000 ended_ns=1790174737010857750 elapsed_us=581 block_gets=0 block_puts=0 deleted=0
checkpoint_phase lsn=20312 phase=value_index_schedule slot=0 started_ns=1790174737010862000 ended_ns=1790174737010890875 elapsed_us=28 block_gets=0 block_puts=0 deleted=0
checkpoint_phase lsn=20312 phase=value_index_schedule slot=0 started_ns=1790174737010896000 ended_ns=1790174737026110083 elapsed_us=15214 block_gets=0 block_puts=4 deleted=0
checkpoint_phase lsn=20312 phase=value_index_schedule slot=0 started_ns=1790174737026118000 ended_ns=1790174737026118292 elapsed_us=0 block_gets=0 block_puts=0 deleted=0
checkpoint_phase lsn=20312 phase=value_index_schedule slot=0 started_ns=1790174737026121000 ended_ns=1790174737026322958 elapsed_us=201 block_gets=0 block_puts=0 deleted=0
checkpoint_phase lsn=20312 phase=value_index_schedule slot=0 started_ns=1790174737026325000 ended_ns=1790174737026728917 elapsed_us=403 block_gets=0 block_puts=0 deleted=0
checkpoint_phase lsn=20312 phase=value_index_schedule slot=0 started_ns=1790174737026733000 ended_ns=1790174737027130375 elapsed_us=397 block_gets=0 block_puts=0 deleted=0
checkpoint_phase lsn=20312 phase=value_index_schedule slot=0 started_ns=1790174737027136000 ended_ns=1790174737027529917 elapsed_us=393 block_gets=0 block_puts=0 deleted=0
checkpoint_phase lsn=20312 phase=value_index_schedule slot=0 started_ns=1790174737027533000 ended_ns=1790174737032958417 elapsed_us=5425 block_gets=0 block_puts=1 deleted=0
checkpoint_phase lsn=20312 phase=value_index_schedule slot=0 started_ns=1790174737032971000 ended_ns=1790174737033354250 elapsed_us=383 block_gets=0 block_puts=0 deleted=0
checkpoint_phase lsn=20312 phase=value_index_schedule slot=0 started_ns=1790174737033360000 ended_ns=1790174737033741459 elapsed_us=381 block_gets=0 block_puts=0 deleted=0
checkpoint_phase lsn=20312 phase=value_index_schedule slot=0 started_ns=1790174737033745000 ended_ns=1790174737041041166 elapsed_us=7296 block_gets=0 block_puts=1 deleted=0
checkpoint_phase lsn=20312 phase=value_index_schedule slot=0 started_ns=1790174737041068000 ended_ns=1790174737041419083 elapsed_us=351 block_gets=0 block_puts=0 deleted=0
checkpoint_phase lsn=20312 phase=value_index_schedule slot=0 started_ns=1790174737041426000 ended_ns=1790174737041620625 elapsed_us=194 block_gets=0 block_puts=0 deleted=0
checkpoint_phase lsn=20312 phase=value_index_schedule slot=0 started_ns=1790174737041629000 ended_ns=1790174737047460083 elapsed_us=5831 block_gets=0 block_puts=1 deleted=0
checkpoint_phase lsn=20312 phase=value_index_schedule slot=0 started_ns=1790174737047471000 ended_ns=1790174737062679041 elapsed_us=15208 block_gets=0 block_puts=4 deleted=0
checkpoint_phase lsn=20312 phase=value_index_schedule slot=0 started_ns=1790174737062690000 ended_ns=1790174737062690417 elapsed_us=0 block_gets=0 block_puts=0 deleted=0
checkpoint_phase lsn=20312 phase=value_index_write slot=0 started_ns=1790174737062695000 ended_ns=1790174737069711208 elapsed_us=7016 block_gets=0 block_puts=4 deleted=0
checkpoint_phase lsn=20312 phase=value_index_write slot=0 started_ns=1790174737069723000 ended_ns=1790174737075481625 elapsed_us=5758 block_gets=0 block_puts=4 deleted=0
checkpoint_phase lsn=20312 phase=value_index_write slot=0 started_ns=1790174737075493000 ended_ns=1790174737080975750 elapsed_us=5482 block_gets=0 block_puts=4 deleted=0
checkpoint_phase lsn=20312 phase=value_index_write slot=0 started_ns=1790174737080985000 ended_ns=1790174737086230875 elapsed_us=5245 block_gets=0 block_puts=4 deleted=0
checkpoint_phase lsn=20312 phase=value_index_write slot=0 started_ns=1790174737086240000 ended_ns=1790174737091903208 elapsed_us=5663 block_gets=0 block_puts=4 deleted=0
checkpoint_phase lsn=20312 phase=value_index_write slot=0 started_ns=1790174737091913000 ended_ns=1790174737097509208 elapsed_us=5596 block_gets=0 block_puts=4 deleted=0
checkpoint_phase lsn=20312 phase=value_index_write slot=0 started_ns=1790174737097520000 ended_ns=1790174737103030875 elapsed_us=5510 block_gets=0 block_puts=4 deleted=0
checkpoint_phase lsn=20312 phase=value_index_write slot=0 started_ns=1790174737103042000 ended_ns=1790174737107619541 elapsed_us=4577 block_gets=0 block_puts=4 deleted=0
checkpoint_phase lsn=20312 phase=value_index_write slot=0 started_ns=1790174737107630000 ended_ns=1790174737115051250 elapsed_us=7421 block_gets=0 block_puts=4 deleted=0
checkpoint_phase lsn=20312 phase=value_index_write slot=0 started_ns=1790174737115063000 ended_ns=1790174737122821917 elapsed_us=7758 block_gets=0 block_puts=4 deleted=0
checkpoint_phase lsn=20312 phase=value_index_write slot=0 started_ns=1790174737122831000 ended_ns=1790174737129106958 elapsed_us=6275 block_gets=0 block_puts=4 deleted=0
checkpoint_phase lsn=20312 phase=value_index_write slot=0 started_ns=1790174737129118000 ended_ns=1790174737135508542 elapsed_us=6390 block_gets=0 block_puts=4 deleted=0
checkpoint_phase lsn=20312 phase=value_index_write slot=0 started_ns=1790174737135516000 ended_ns=1790174737142719250 elapsed_us=7203 block_gets=0 block_puts=4 deleted=0
checkpoint_phase lsn=20312 phase=value_index_write slot=0 started_ns=1790174737142731000 ended_ns=1790174737148733209 elapsed_us=6002 block_gets=0 block_puts=4 deleted=0
checkpoint_phase lsn=20312 phase=value_index_write slot=0 started_ns=1790174737148743000 ended_ns=1790174737160228917 elapsed_us=11485 block_gets=0 block_puts=5 deleted=0
checkpoint_phase lsn=20312 phase=value_index_schedule slot=0 started_ns=1790174737160243000 ended_ns=1790174737160247083 elapsed_us=4 block_gets=0 block_puts=0 deleted=0
checkpoint_phase lsn=20312 phase=value_index_schedule slot=0 started_ns=1790174737160252000 ended_ns=1790174737161160792 elapsed_us=908 block_gets=0 block_puts=0 deleted=0
checkpoint_phase lsn=20312 phase=value_index_schedule slot=0 started_ns=1790174737161168000 ended_ns=1790174737162951125 elapsed_us=1783 block_gets=0 block_puts=0 deleted=0
checkpoint_phase lsn=20312 phase=value_index_schedule slot=0 started_ns=1790174737162962000 ended_ns=1790174737164498541 elapsed_us=1536 block_gets=0 block_puts=0 deleted=0
checkpoint_phase lsn=20312 phase=value_index_schedule slot=0 started_ns=1790174737164505000 ended_ns=1790174737178181292 elapsed_us=13676 block_gets=0 block_puts=0 deleted=0
checkpoint_phase lsn=20312 phase=value_index_schedule slot=0 started_ns=1790174737178189000 ended_ns=1790174737178220208 elapsed_us=31 block_gets=0 block_puts=0 deleted=0
checkpoint_phase lsn=20312 phase=value_index_schedule slot=0 started_ns=1790174737178225000 ended_ns=1790174737178250000 elapsed_us=25 block_gets=0 block_puts=0 deleted=0
checkpoint_phase lsn=20312 phase=value_index_schedule slot=0 started_ns=1790174737178255000 ended_ns=1790174737187459084 elapsed_us=9204 block_gets=0 block_puts=1 deleted=0
checkpoint_phase lsn=20312 phase=value_index_schedule slot=0 started_ns=1790174737187469000 ended_ns=1790174737205527708 elapsed_us=18058 block_gets=0 block_puts=4 deleted=0
checkpoint_phase lsn=20312 phase=value_index_schedule slot=0 started_ns=1790174737205534000 ended_ns=1790174737209083916 elapsed_us=3549 block_gets=0 block_puts=0 deleted=0
checkpoint_phase lsn=20312 phase=value_index_schedule slot=0 started_ns=1790174737209089000 ended_ns=1790174737212424750 elapsed_us=3335 block_gets=0 block_puts=0 deleted=0
checkpoint_phase lsn=20312 phase=value_index_schedule slot=0 started_ns=1790174737212431000 ended_ns=1790174737215703917 elapsed_us=3272 block_gets=0 block_puts=0 deleted=0
checkpoint_phase lsn=20312 phase=value_index_schedule slot=0 started_ns=1790174737215709000 ended_ns=1790174737217951791 elapsed_us=2242 block_gets=0 block_puts=0 deleted=0
checkpoint_phase lsn=20312 phase=value_index_schedule slot=0 started_ns=1790174737217957000 ended_ns=1790174737217984333 elapsed_us=27 block_gets=0 block_puts=0 deleted=0
checkpoint_phase lsn=20312 phase=value_index_schedule slot=0 started_ns=1790174737217989000 ended_ns=1790174737218012959 elapsed_us=23 block_gets=0 block_puts=0 deleted=0
checkpoint_phase lsn=20312 phase=value_index_schedule slot=0 started_ns=1790174737218019000 ended_ns=1790174737226827042 elapsed_us=8808 block_gets=0 block_puts=1 deleted=0
checkpoint_phase lsn=20312 phase=value_index_schedule slot=0 started_ns=1790174737226840000 ended_ns=1790174737240135625 elapsed_us=13295 block_gets=0 block_puts=4 deleted=0
checkpoint_phase lsn=20312 phase=value_index_schedule slot=0 started_ns=1790174737240147000 ended_ns=1790174737240973083 elapsed_us=826 block_gets=0 block_puts=0 deleted=0
checkpoint_phase lsn=20312 phase=value_index_schedule slot=0 started_ns=1790174737240979000 ended_ns=1790174737241326750 elapsed_us=347 block_gets=0 block_puts=0 deleted=0
checkpoint_phase lsn=20312 phase=value_index_schedule slot=0 started_ns=1790174737241333000 ended_ns=1790174737241830875 elapsed_us=497 block_gets=0 block_puts=0 deleted=0
checkpoint_phase lsn=20312 phase=value_index_schedule slot=0 started_ns=1790174737241836000 ended_ns=1790174737247659375 elapsed_us=5823 block_gets=0 block_puts=1 deleted=0
checkpoint_phase lsn=20312 phase=value_index_schedule slot=0 started_ns=1790174737247668000 ended_ns=1790174737248170542 elapsed_us=502 block_gets=0 block_puts=0 deleted=0
checkpoint_phase lsn=20312 phase=value_index_schedule slot=0 started_ns=1790174737248176000 ended_ns=1790174737248715167 elapsed_us=539 block_gets=0 block_puts=0 deleted=0
checkpoint_phase lsn=20312 phase=value_index_schedule slot=0 started_ns=1790174737248723000 ended_ns=1790174737255420833 elapsed_us=6697 block_gets=0 block_puts=1 deleted=0
checkpoint_phase lsn=20312 phase=value_index_schedule slot=0 started_ns=1790174737255429000 ended_ns=1790174737255613125 elapsed_us=184 block_gets=0 block_puts=0 deleted=0
checkpoint_phase lsn=20312 phase=value_index_schedule slot=0 started_ns=1790174737255618000 ended_ns=1790174737263470416 elapsed_us=7852 block_gets=0 block_puts=4 deleted=0
checkpoint_phase lsn=20312 phase=value_index_schedule slot=0 started_ns=1790174737263486000 ended_ns=1790174737266390917 elapsed_us=2904 block_gets=0 block_puts=0 deleted=0
checkpoint_phase lsn=20312 phase=value_index_schedule slot=0 started_ns=1790174737266405000 ended_ns=1790174737269252333 elapsed_us=2847 block_gets=0 block_puts=0 deleted=0
checkpoint_phase lsn=20312 phase=value_index_schedule slot=0 started_ns=1790174737269261000 ended_ns=1790174737272675541 elapsed_us=3414 block_gets=0 block_puts=0 deleted=0
checkpoint_phase lsn=20312 phase=value_index_schedule slot=0 started_ns=1790174737272687000 ended_ns=1790174737272715292 elapsed_us=28 block_gets=0 block_puts=0 deleted=0
checkpoint_phase lsn=20312 phase=value_index_schedule slot=0 started_ns=1790174737272719000 ended_ns=1790174737272740417 elapsed_us=21 block_gets=0 block_puts=0 deleted=0
checkpoint_phase lsn=20312 phase=value_index_schedule slot=0 started_ns=1790174737272744000 ended_ns=1790174737276894791 elapsed_us=4150 block_gets=0 block_puts=1 deleted=0
checkpoint_phase lsn=20312 phase=value_index_schedule slot=0 started_ns=1790174737276907000 ended_ns=1790174737283643417 elapsed_us=6736 block_gets=0 block_puts=4 deleted=0
checkpoint_phase lsn=20312 phase=value_index_schedule slot=0 started_ns=1790174737283653000 ended_ns=1790174737283653292 elapsed_us=0 block_gets=0 block_puts=0 deleted=0
checkpoint_phase lsn=20312 phase=value_index_schedule slot=0 started_ns=1790174737283656000 ended_ns=1790174737284433167 elapsed_us=777 block_gets=0 block_puts=0 deleted=0
checkpoint_phase lsn=20312 phase=value_index_schedule slot=0 started_ns=1790174737284437000 ended_ns=1790174737284924333 elapsed_us=487 block_gets=0 block_puts=0 deleted=0
checkpoint_phase lsn=20312 phase=value_index_schedule slot=0 started_ns=1790174737284935000 ended_ns=1790174737285403917 elapsed_us=468 block_gets=0 block_puts=0 deleted=0
checkpoint_phase lsn=20312 phase=value_index_schedule slot=0 started_ns=1790174737285409000 ended_ns=1790174737291802625 elapsed_us=6393 block_gets=0 block_puts=1 deleted=0
checkpoint_phase lsn=20312 phase=value_index_schedule slot=0 started_ns=1790174737291821000 ended_ns=1790174737292304791 elapsed_us=483 block_gets=0 block_puts=0 deleted=0
checkpoint_phase lsn=20312 phase=value_index_schedule slot=0 started_ns=1790174737292311000 ended_ns=1790174737292787958 elapsed_us=476 block_gets=0 block_puts=0 deleted=0
checkpoint_phase lsn=20312 phase=value_index_schedule slot=0 started_ns=1790174737292793000 ended_ns=1790174737297461250 elapsed_us=4668 block_gets=0 block_puts=1 deleted=0
checkpoint_phase lsn=20312 phase=value_index_schedule slot=0 started_ns=1790174737297472000 ended_ns=1790174737297792917 elapsed_us=320 block_gets=0 block_puts=0 deleted=0
checkpoint_phase lsn=20312 phase=value_index_schedule slot=0 started_ns=1790174737297798000 ended_ns=1790174737298118459 elapsed_us=320 block_gets=0 block_puts=0 deleted=0
checkpoint_phase lsn=20312 phase=value_index_schedule slot=0 started_ns=1790174737298124000 ended_ns=1790174737303035375 elapsed_us=4911 block_gets=0 block_puts=1 deleted=0
checkpoint_phase lsn=20312 phase=value_index_schedule slot=0 started_ns=1790174737303047000 ended_ns=1790174737303155250 elapsed_us=108 block_gets=0 block_puts=0 deleted=0
checkpoint_phase lsn=20312 phase=value_index_schedule slot=0 started_ns=1790174737303161000 ended_ns=1790174737308420584 elapsed_us=5259 block_gets=0 block_puts=4 deleted=0
checkpoint_phase lsn=20312 phase=value_index_schedule slot=0 started_ns=1790174737308430000 ended_ns=1790174737308430416 elapsed_us=0 block_gets=0 block_puts=0 deleted=0
checkpoint_phase lsn=20312 phase=value_index_write slot=0 started_ns=1790174737308436000 ended_ns=1790174737341313208 elapsed_us=32877 block_gets=0 block_puts=4 deleted=0
checkpoint_phase lsn=20312 phase=value_index_write slot=0 started_ns=1790174737341324000 ended_ns=1790174737366985917 elapsed_us=25661 block_gets=0 block_puts=4 deleted=0
checkpoint_phase lsn=20312 phase=value_index_write slot=0 started_ns=1790174737366997000 ended_ns=1790174737377504791 elapsed_us=10507 block_gets=0 block_puts=4 deleted=0
checkpoint_phase lsn=20312 phase=value_index_write slot=0 started_ns=1790174737377516000 ended_ns=1790174737385919000 elapsed_us=8403 block_gets=0 block_puts=4 deleted=0
checkpoint_phase lsn=20312 phase=value_index_write slot=0 started_ns=1790174737385931000 ended_ns=1790174737392392875 elapsed_us=6461 block_gets=0 block_puts=4 deleted=0
checkpoint_phase lsn=20312 phase=value_index_write slot=0 started_ns=1790174737392403000 ended_ns=1790174737397755458 elapsed_us=5352 block_gets=0 block_puts=4 deleted=0
checkpoint_phase lsn=20312 phase=value_index_write slot=0 started_ns=1790174737397767000 ended_ns=1790174737402888000 elapsed_us=5121 block_gets=0 block_puts=4 deleted=0
checkpoint_phase lsn=20312 phase=value_index_write slot=0 started_ns=1790174737402898000 ended_ns=1790174737409529208 elapsed_us=6631 block_gets=0 block_puts=4 deleted=0
checkpoint_phase lsn=20312 phase=value_index_write slot=0 started_ns=1790174737409541000 ended_ns=1790174737414319000 elapsed_us=4778 block_gets=0 block_puts=4 deleted=0
checkpoint_phase lsn=20312 phase=value_index_write slot=0 started_ns=1790174737414328000 ended_ns=1790174737420401584 elapsed_us=6073 block_gets=0 block_puts=4 deleted=0
checkpoint_phase lsn=20312 phase=value_index_write slot=0 started_ns=1790174737420412000 ended_ns=1790174737426026583 elapsed_us=5614 block_gets=0 block_puts=4 deleted=0
checkpoint_phase lsn=20312 phase=value_index_write slot=0 started_ns=1790174737426036000 ended_ns=1790174737431123333 elapsed_us=5087 block_gets=0 block_puts=4 deleted=0
checkpoint_phase lsn=20312 phase=value_index_write slot=0 started_ns=1790174737431135000 ended_ns=1790174737436315292 elapsed_us=5180 block_gets=0 block_puts=4 deleted=0
checkpoint_phase lsn=20312 phase=value_index_write slot=0 started_ns=1790174737436327000 ended_ns=1790174737441300833 elapsed_us=4973 block_gets=0 block_puts=4 deleted=0
checkpoint_phase lsn=20312 phase=value_index_write slot=0 started_ns=1790174737441310000 ended_ns=1790174737446365458 elapsed_us=5055 block_gets=0 block_puts=4 deleted=0
checkpoint_phase lsn=20312 phase=value_index_write slot=0 started_ns=1790174737446382000 ended_ns=1790174737452352625 elapsed_us=5970 block_gets=0 block_puts=4 deleted=0
checkpoint_phase lsn=20312 phase=value_index_write slot=0 started_ns=1790174737452363000 ended_ns=1790174737457798458 elapsed_us=5435 block_gets=0 block_puts=4 deleted=0
checkpoint_phase lsn=20312 phase=value_index_write slot=0 started_ns=1790174737457806000 ended_ns=1790174737465425042 elapsed_us=7619 block_gets=0 block_puts=4 deleted=0
checkpoint_phase lsn=20312 phase=value_index_write slot=0 started_ns=1790174737465435000 ended_ns=1790174737472674625 elapsed_us=7239 block_gets=0 block_puts=4 deleted=0
checkpoint_phase lsn=20312 phase=value_index_write slot=0 started_ns=1790174737472685000 ended_ns=1790174737480602584 elapsed_us=7917 block_gets=0 block_puts=6 deleted=0
checkpoint_phase lsn=20312 phase=value_index_schedule slot=0 started_ns=1790174737480614000 ended_ns=1790174737480617375 elapsed_us=3 block_gets=0 block_puts=0 deleted=0
checkpoint_phase lsn=20312 phase=value_index_schedule slot=0 started_ns=1790174737480622000 ended_ns=1790174737481412167 elapsed_us=790 block_gets=0 block_puts=0 deleted=0
checkpoint_phase lsn=20312 phase=value_index_schedule slot=0 started_ns=1790174737481418000 ended_ns=1790174737482724709 elapsed_us=1306 block_gets=0 block_puts=0 deleted=0
checkpoint_phase lsn=20312 phase=value_index_schedule slot=0 started_ns=1790174737482734000 ended_ns=1790174737483881333 elapsed_us=1147 block_gets=0 block_puts=0 deleted=0
checkpoint_phase lsn=20312 phase=value_index_schedule slot=0 started_ns=1790174737483889000 ended_ns=1790174737486488125 elapsed_us=2599 block_gets=0 block_puts=0 deleted=0
checkpoint_phase lsn=20312 phase=value_index_schedule slot=0 started_ns=1790174737486496000 ended_ns=1790174737490505166 elapsed_us=4009 block_gets=0 block_puts=0 deleted=0
checkpoint_phase lsn=20312 phase=value_index_schedule slot=0 started_ns=1790174737490513000 ended_ns=1790174737490543291 elapsed_us=30 block_gets=0 block_puts=0 deleted=0
checkpoint_phase lsn=20312 phase=value_index_schedule slot=0 started_ns=1790174737490549000 ended_ns=1790174737490572375 elapsed_us=23 block_gets=0 block_puts=0 deleted=0
checkpoint_phase lsn=20312 phase=value_index_schedule slot=0 started_ns=1790174737490575000 ended_ns=1790174737490601500 elapsed_us=26 block_gets=0 block_puts=0 deleted=0
checkpoint_phase lsn=20312 phase=value_index_schedule slot=0 started_ns=1790174737490605000 ended_ns=1790174737497145959 elapsed_us=6540 block_gets=0 block_puts=1 deleted=0
checkpoint_phase lsn=20312 phase=value_index_schedule slot=0 started_ns=1790174737497160000 ended_ns=1790174737512996125 elapsed_us=15836 block_gets=0 block_puts=4 deleted=0
checkpoint_phase lsn=20312 phase=value_index_schedule slot=0 started_ns=1790174737513013000 ended_ns=1790174737516441792 elapsed_us=3428 block_gets=0 block_puts=0 deleted=0
checkpoint_phase lsn=20312 phase=value_index_schedule slot=0 started_ns=1790174737516448000 ended_ns=1790174737519753209 elapsed_us=3305 block_gets=0 block_puts=0 deleted=0
checkpoint_phase lsn=20312 phase=value_index_schedule slot=0 started_ns=1790174737519759000 ended_ns=1790174737522909833 elapsed_us=3150 block_gets=0 block_puts=0 deleted=0
checkpoint_phase lsn=20312 phase=value_index_schedule slot=0 started_ns=1790174737522915000 ended_ns=1790174737526031750 elapsed_us=3116 block_gets=0 block_puts=0 deleted=0
checkpoint_phase lsn=20312 phase=value_index_schedule slot=0 started_ns=1790174737526037000 ended_ns=1790174737526923250 elapsed_us=886 block_gets=0 block_puts=0 deleted=0
checkpoint_phase lsn=20312 phase=value_index_schedule slot=0 started_ns=1790174737526929000 ended_ns=1790174737526958833 elapsed_us=29 block_gets=0 block_puts=0 deleted=0
checkpoint_phase lsn=20312 phase=value_index_schedule slot=0 started_ns=1790174737526962000 ended_ns=1790174737526987292 elapsed_us=25 block_gets=0 block_puts=0 deleted=0
checkpoint_phase lsn=20312 phase=value_index_schedule slot=0 started_ns=1790174737526990000 ended_ns=1790174737527015291 elapsed_us=25 block_gets=0 block_puts=0 deleted=0
checkpoint_phase lsn=20312 phase=value_index_schedule slot=0 started_ns=1790174737527019000 ended_ns=1790174737537230750 elapsed_us=10211 block_gets=0 block_puts=1 deleted=0
checkpoint_phase lsn=20312 phase=value_index_schedule slot=0 started_ns=1790174737537238000 ended_ns=1790174737559074833 elapsed_us=21836 block_gets=0 block_puts=4 deleted=0
checkpoint_phase lsn=20312 phase=value_index_schedule slot=0 started_ns=1790174737559085000 ended_ns=1790174737559945958 elapsed_us=860 block_gets=0 block_puts=0 deleted=0
checkpoint_phase lsn=20312 phase=value_index_schedule slot=0 started_ns=1790174737559954000 ended_ns=1790174737560097000 elapsed_us=143 block_gets=0 block_puts=0 deleted=0
checkpoint_phase lsn=20312 phase=value_index_schedule slot=0 started_ns=1790174737560103000 ended_ns=1790174737560235375 elapsed_us=132 block_gets=0 block_puts=0 deleted=0
checkpoint_phase lsn=20312 phase=value_index_schedule slot=0 started_ns=1790174737560238000 ended_ns=1790174737560496750 elapsed_us=258 block_gets=0 block_puts=0 deleted=0
checkpoint_phase lsn=20312 phase=value_index_schedule slot=0 started_ns=1790174737560501000 ended_ns=1790174737566119333 elapsed_us=5618 block_gets=0 block_puts=1 deleted=0
checkpoint_phase lsn=20312 phase=value_index_schedule slot=0 started_ns=1790174737566131000 ended_ns=1790174737566388125 elapsed_us=257 block_gets=0 block_puts=0 deleted=0
checkpoint_phase lsn=20312 phase=value_index_schedule slot=0 started_ns=1790174737566394000 ended_ns=1790174737566692834 elapsed_us=298 block_gets=0 block_puts=0 deleted=0
checkpoint_phase lsn=20312 phase=value_index_schedule slot=0 started_ns=1790174737566700000 ended_ns=1790174737572827083 elapsed_us=6127 block_gets=0 block_puts=1 deleted=0
checkpoint_phase lsn=20312 phase=value_index_schedule slot=0 started_ns=1790174737572842000 ended_ns=1790174737573092083 elapsed_us=250 block_gets=0 block_puts=0 deleted=0
checkpoint_phase lsn=20312 phase=value_index_schedule slot=0 started_ns=1790174737573100000 ended_ns=1790174737573121500 elapsed_us=21 block_gets=0 block_puts=0 deleted=0
checkpoint_phase lsn=20312 phase=value_index_schedule slot=0 started_ns=1790174737573127000 ended_ns=1790174737580318167 elapsed_us=7191 block_gets=0 block_puts=4 deleted=0
checkpoint_phase lsn=20312 phase=value_index_schedule slot=0 started_ns=1790174737580328000 ended_ns=1790174737583610333 elapsed_us=3282 block_gets=0 block_puts=0 deleted=0
checkpoint_phase lsn=20312 phase=value_index_schedule slot=0 started_ns=1790174737583619000 ended_ns=1790174737584975250 elapsed_us=1356 block_gets=0 block_puts=0 deleted=0
checkpoint_phase lsn=20312 phase=value_index_schedule slot=0 started_ns=1790174737584982000 ended_ns=1790174737585015125 elapsed_us=33 block_gets=0 block_puts=0 deleted=0
checkpoint_phase lsn=20312 phase=value_index_schedule slot=0 started_ns=1790174737585022000 ended_ns=1790174737591977834 elapsed_us=6955 block_gets=0 block_puts=4 deleted=0
checkpoint_phase lsn=20312 phase=value_index_schedule slot=0 started_ns=1790174737591990000 ended_ns=1790174737591990291 elapsed_us=0 block_gets=0 block_puts=0 deleted=0
checkpoint_phase lsn=20312 phase=value_index_schedule slot=0 started_ns=1790174737591994000 ended_ns=1790174737592229792 elapsed_us=235 block_gets=0 block_puts=0 deleted=0
checkpoint_phase lsn=20312 phase=value_index_schedule slot=0 started_ns=1790174737592236000 ended_ns=1790174737592540375 elapsed_us=304 block_gets=0 block_puts=0 deleted=0
checkpoint_phase lsn=20312 phase=value_index_schedule slot=0 started_ns=1790174737592544000 ended_ns=1790174737592834959 elapsed_us=290 block_gets=0 block_puts=0 deleted=0
checkpoint_phase lsn=20312 phase=value_index_schedule slot=0 started_ns=1790174737592842000 ended_ns=1790174737593133500 elapsed_us=291 block_gets=0 block_puts=0 deleted=0
checkpoint_phase lsn=20312 phase=value_index_schedule slot=0 started_ns=1790174737593139000 ended_ns=1790174737597727125 elapsed_us=4588 block_gets=0 block_puts=1 deleted=0
checkpoint_phase lsn=20312 phase=value_index_schedule slot=0 started_ns=1790174737597746000 ended_ns=1790174737598039250 elapsed_us=293 block_gets=0 block_puts=0 deleted=0
checkpoint_phase lsn=20312 phase=value_index_schedule slot=0 started_ns=1790174737598046000 ended_ns=1790174737598332708 elapsed_us=286 block_gets=0 block_puts=0 deleted=0
checkpoint_phase lsn=20312 phase=value_index_schedule slot=0 started_ns=1790174737598339000 ended_ns=1790174737602668291 elapsed_us=4329 block_gets=0 block_puts=1 deleted=0
checkpoint_phase lsn=20312 phase=value_index_schedule slot=0 started_ns=1790174737602692000 ended_ns=1790174737602819292 elapsed_us=127 block_gets=0 block_puts=0 deleted=0
checkpoint_phase lsn=20312 phase=value_index_schedule slot=0 started_ns=1790174737602827000 ended_ns=1790174737602990958 elapsed_us=163 block_gets=0 block_puts=0 deleted=0
checkpoint_phase lsn=20312 phase=value_index_schedule slot=0 started_ns=1790174737602995000 ended_ns=1790174737607875208 elapsed_us=4880 block_gets=0 block_puts=1 deleted=0
checkpoint_phase lsn=20312 phase=value_index_schedule slot=0 started_ns=1790174737607888000 ended_ns=1790174737612628583 elapsed_us=4740 block_gets=0 block_puts=4 deleted=0
checkpoint_phase lsn=20312 phase=value_index_schedule slot=0 started_ns=1790174737612640000 ended_ns=1790174737612640250 elapsed_us=0 block_gets=0 block_puts=0 deleted=0
checkpoint_phase lsn=20312 phase=value_index_write slot=0 started_ns=1790174737612645000 ended_ns=1790174737617169917 elapsed_us=4524 block_gets=0 block_puts=4 deleted=0
checkpoint_phase lsn=20312 phase=value_index_write slot=0 started_ns=1790174737617182000 ended_ns=1790174737622131292 elapsed_us=4949 block_gets=0 block_puts=4 deleted=0
checkpoint_phase lsn=20312 phase=value_index_write slot=0 started_ns=1790174737622145000 ended_ns=1790174737632913917 elapsed_us=10768 block_gets=0 block_puts=4 deleted=0
checkpoint_phase lsn=20312 phase=value_index_write slot=0 started_ns=1790174737632926000 ended_ns=1790174737642348958 elapsed_us=9422 block_gets=0 block_puts=4 deleted=0
checkpoint_phase lsn=20312 phase=value_index_write slot=0 started_ns=1790174737642362000 ended_ns=1790174737648037750 elapsed_us=5675 block_gets=0 block_puts=4 deleted=0
checkpoint_phase lsn=20312 phase=value_index_write slot=0 started_ns=1790174737648048000 ended_ns=1790174737654534542 elapsed_us=6486 block_gets=0 block_puts=4 deleted=0
checkpoint_phase lsn=20312 phase=value_index_write slot=0 started_ns=1790174737654547000 ended_ns=1790174737660533000 elapsed_us=5986 block_gets=0 block_puts=4 deleted=0
checkpoint_phase lsn=20312 phase=value_index_write slot=0 started_ns=1790174737660543000 ended_ns=1790174737664812000 elapsed_us=4269 block_gets=0 block_puts=4 deleted=0
checkpoint_phase lsn=20312 phase=value_index_write slot=0 started_ns=1790174737664821000 ended_ns=1790174737668803708 elapsed_us=3982 block_gets=0 block_puts=4 deleted=0
checkpoint_phase lsn=20312 phase=value_index_write slot=0 started_ns=1790174737668813000 ended_ns=1790174737672898166 elapsed_us=4085 block_gets=0 block_puts=4 deleted=0
checkpoint_phase lsn=20312 phase=value_index_write slot=0 started_ns=1790174737672909000 ended_ns=1790174737678654416 elapsed_us=5745 block_gets=0 block_puts=4 deleted=0
checkpoint_phase lsn=20312 phase=value_index_write slot=0 started_ns=1790174737678664000 ended_ns=1790174737682756417 elapsed_us=4092 block_gets=0 block_puts=4 deleted=0
checkpoint_phase lsn=20312 phase=value_index_write slot=0 started_ns=1790174737682764000 ended_ns=1790174737686346209 elapsed_us=3582 block_gets=0 block_puts=4 deleted=0
checkpoint_phase lsn=20312 phase=value_index_write slot=0 started_ns=1790174737686353000 ended_ns=1790174737690098125 elapsed_us=3745 block_gets=0 block_puts=4 deleted=0
checkpoint_phase lsn=20312 phase=value_index_write slot=0 started_ns=1790174737690106000 ended_ns=1790174737694096333 elapsed_us=3990 block_gets=0 block_puts=4 deleted=0
checkpoint_phase lsn=20312 phase=value_index_write slot=0 started_ns=1790174737694103000 ended_ns=1790174737703996750 elapsed_us=9893 block_gets=0 block_puts=3 deleted=0
checkpoint_phase lsn=20312 phase=value_index_schedule slot=0 started_ns=1790174737704008000 ended_ns=1790174737704012083 elapsed_us=4 block_gets=0 block_puts=0 deleted=0
checkpoint_phase lsn=20312 phase=value_index_schedule slot=0 started_ns=1790174737704017000 ended_ns=1790174737704794709 elapsed_us=777 block_gets=0 block_puts=0 deleted=0
checkpoint_phase lsn=20312 phase=value_index_schedule slot=0 started_ns=1790174737704799000 ended_ns=1790174737706202000 elapsed_us=1403 block_gets=0 block_puts=0 deleted=0
checkpoint_phase lsn=20312 phase=value_index_schedule slot=0 started_ns=1790174737706208000 ended_ns=1790174737707501458 elapsed_us=1293 block_gets=0 block_puts=0 deleted=0
checkpoint_phase lsn=20312 phase=value_index_schedule slot=0 started_ns=1790174737707506000 ended_ns=1790174737715299000 elapsed_us=7793 block_gets=0 block_puts=0 deleted=0
checkpoint_phase lsn=20312 phase=value_index_schedule slot=0 started_ns=1790174737715305000 ended_ns=1790174737715331250 elapsed_us=26 block_gets=0 block_puts=0 deleted=0
checkpoint_phase lsn=20312 phase=value_index_schedule slot=0 started_ns=1790174737715334000 ended_ns=1790174737715355500 elapsed_us=21 block_gets=0 block_puts=0 deleted=0
checkpoint_phase lsn=20312 phase=value_index_schedule slot=0 started_ns=1790174737715360000 ended_ns=1790174737728036500 elapsed_us=12676 block_gets=0 block_puts=1 deleted=0
checkpoint_phase lsn=20312 phase=value_index_schedule slot=0 started_ns=1790174737728041000 ended_ns=1790174737754354834 elapsed_us=26313 block_gets=0 block_puts=4 deleted=0
checkpoint_phase lsn=20312 phase=value_index_schedule slot=0 started_ns=1790174737754368000 ended_ns=1790174737757443625 elapsed_us=3075 block_gets=0 block_puts=0 deleted=0
checkpoint_phase lsn=20312 phase=value_index_schedule slot=0 started_ns=1790174737757453000 ended_ns=1790174737760491792 elapsed_us=3038 block_gets=0 block_puts=0 deleted=0
checkpoint_phase lsn=20312 phase=value_index_schedule slot=0 started_ns=1790174737760500000 ended_ns=1790174737763545500 elapsed_us=3045 block_gets=0 block_puts=0 deleted=0
checkpoint_phase lsn=20312 phase=value_index_schedule slot=0 started_ns=1790174737763554000 ended_ns=1790174737765591917 elapsed_us=2037 block_gets=0 block_puts=0 deleted=0
checkpoint_phase lsn=20312 phase=value_index_schedule slot=0 started_ns=1790174737765599000 ended_ns=1790174737765628166 elapsed_us=29 block_gets=0 block_puts=0 deleted=0
checkpoint_phase lsn=20312 phase=value_index_schedule slot=0 started_ns=1790174737765634000 ended_ns=1790174737765657250 elapsed_us=23 block_gets=0 block_puts=0 deleted=0
checkpoint_phase lsn=20312 phase=value_index_schedule slot=0 started_ns=1790174737765662000 ended_ns=1790174737769816167 elapsed_us=4154 block_gets=0 block_puts=1 deleted=0
checkpoint_phase lsn=20312 phase=value_index_schedule slot=0 started_ns=1790174737769829000 ended_ns=1790174737776787958 elapsed_us=6958 block_gets=0 block_puts=4 deleted=0
checkpoint_phase lsn=20312 phase=value_index_schedule slot=0 started_ns=1790174737776799000 ended_ns=1790174737777455292 elapsed_us=656 block_gets=0 block_puts=0 deleted=0
checkpoint_phase lsn=20312 phase=value_index_schedule slot=0 started_ns=1790174737777465000 ended_ns=1790174737777681417 elapsed_us=216 block_gets=0 block_puts=0 deleted=0
checkpoint_phase lsn=20312 phase=value_index_schedule slot=0 started_ns=1790174737777687000 ended_ns=1790174737777890084 elapsed_us=203 block_gets=0 block_puts=0 deleted=0
checkpoint_phase lsn=20312 phase=value_index_schedule slot=0 started_ns=1790174737777895000 ended_ns=1790174737782812458 elapsed_us=4917 block_gets=0 block_puts=1 deleted=0
checkpoint_phase lsn=20312 phase=value_index_schedule slot=0 started_ns=1790174737782826000 ended_ns=1790174737783164792 elapsed_us=338 block_gets=0 block_puts=0 deleted=0
checkpoint_phase lsn=20312 phase=value_index_schedule slot=0 started_ns=1790174737783173000 ended_ns=1790174737783543208 elapsed_us=370 block_gets=0 block_puts=0 deleted=0
checkpoint_phase lsn=20312 phase=value_index_schedule slot=0 started_ns=1790174737783551000 ended_ns=1790174737786954833 elapsed_us=3403 block_gets=0 block_puts=1 deleted=0
checkpoint_phase lsn=20312 phase=value_index_schedule slot=0 started_ns=1790174737786962000 ended_ns=1790174737787139250 elapsed_us=177 block_gets=0 block_puts=0 deleted=0
checkpoint_phase lsn=20312 phase=value_index_schedule slot=0 started_ns=1790174737787146000 ended_ns=1790174737787151500 elapsed_us=5 block_gets=0 block_puts=0 deleted=0
checkpoint_phase lsn=20312 phase=value_index_schedule slot=0 started_ns=1790174737787158000 ended_ns=1790174737793828792 elapsed_us=6670 block_gets=0 block_puts=4 deleted=0
checkpoint_phase lsn=20312 phase=value_index_schedule slot=0 started_ns=1790174737793837000 ended_ns=1790174737796782625 elapsed_us=2945 block_gets=0 block_puts=0 deleted=0
checkpoint_phase lsn=20312 phase=value_index_schedule slot=0 started_ns=1790174737796788000 ended_ns=1790174737799647500 elapsed_us=2859 block_gets=0 block_puts=0 deleted=0
checkpoint_phase lsn=20312 phase=value_index_schedule slot=0 started_ns=1790174737799652000 ended_ns=1790174737802111834 elapsed_us=2459 block_gets=0 block_puts=0 deleted=0
checkpoint_phase lsn=20312 phase=value_index_schedule slot=0 started_ns=1790174737802117000 ended_ns=1790174737802144292 elapsed_us=27 block_gets=0 block_puts=0 deleted=0
checkpoint_phase lsn=20312 phase=value_index_schedule slot=0 started_ns=1790174737802148000 ended_ns=1790174737802170375 elapsed_us=22 block_gets=0 block_puts=0 deleted=0
checkpoint_phase lsn=20312 phase=value_index_schedule slot=0 started_ns=1790174737802177000 ended_ns=1790174737846721667 elapsed_us=44544 block_gets=0 block_puts=4 deleted=0
checkpoint_phase lsn=20312 phase=value_index_schedule slot=0 started_ns=1790174737846736000 ended_ns=1790174737846736333 elapsed_us=0 block_gets=0 block_puts=0 deleted=0
checkpoint_phase lsn=20312 phase=value_index_schedule slot=0 started_ns=1790174737846741000 ended_ns=1790174737847487458 elapsed_us=746 block_gets=0 block_puts=0 deleted=0
checkpoint_phase lsn=20312 phase=value_index_schedule slot=0 started_ns=1790174737847493000 ended_ns=1790174737847891667 elapsed_us=398 block_gets=0 block_puts=0 deleted=0
checkpoint_phase lsn=20312 phase=value_index_schedule slot=0 started_ns=1790174737847896000 ended_ns=1790174737848280625 elapsed_us=384 block_gets=0 block_puts=0 deleted=0
checkpoint_phase lsn=20312 phase=value_index_schedule slot=0 started_ns=1790174737848286000 ended_ns=1790174737854474708 elapsed_us=6188 block_gets=0 block_puts=1 deleted=0
checkpoint_phase lsn=20312 phase=value_index_schedule slot=0 started_ns=1790174737854494000 ended_ns=1790174737854880666 elapsed_us=386 block_gets=0 block_puts=0 deleted=0
checkpoint_phase lsn=20312 phase=value_index_schedule slot=0 started_ns=1790174737854890000 ended_ns=1790174737855269791 elapsed_us=379 block_gets=0 block_puts=0 deleted=0
checkpoint_phase lsn=20312 phase=value_index_schedule slot=0 started_ns=1790174737855276000 ended_ns=1790174737863487667 elapsed_us=8211 block_gets=0 block_puts=1 deleted=0
checkpoint_phase lsn=20312 phase=value_index_schedule slot=0 started_ns=1790174737863508000 ended_ns=1790174737863729750 elapsed_us=221 block_gets=0 block_puts=0 deleted=0
checkpoint_phase lsn=20312 phase=value_index_schedule slot=0 started_ns=1790174737863739000 ended_ns=1790174737863965333 elapsed_us=226 block_gets=0 block_puts=0 deleted=0
checkpoint_phase lsn=20312 phase=value_index_schedule slot=0 started_ns=1790174737863972000 ended_ns=1790174737871315292 elapsed_us=7343 block_gets=0 block_puts=1 deleted=0
checkpoint_phase lsn=20312 phase=value_index_schedule slot=0 started_ns=1790174737871329000 ended_ns=1790174737871452417 elapsed_us=123 block_gets=0 block_puts=0 deleted=0
checkpoint_phase lsn=20312 phase=value_index_schedule slot=0 started_ns=1790174737871458000 ended_ns=1790174737880070417 elapsed_us=8612 block_gets=0 block_puts=4 deleted=0
checkpoint_phase lsn=20312 phase=value_index_schedule slot=0 started_ns=1790174737880083000 ended_ns=1790174737880083250 elapsed_us=0 block_gets=0 block_puts=0 deleted=0
checkpoint_phase lsn=20312 phase=value_index_write slot=0 started_ns=1790174737880088000 ended_ns=1790174737885851292 elapsed_us=5763 block_gets=0 block_puts=3 deleted=0
checkpoint_phase lsn=20312 phase=value_index_write slot=0 started_ns=1790174737885861000 ended_ns=1790174737893599167 elapsed_us=7738 block_gets=0 block_puts=4 deleted=0
checkpoint_phase lsn=20312 phase=value_index_write slot=0 started_ns=1790174737893609000 ended_ns=1790174737901496125 elapsed_us=7887 block_gets=0 block_puts=4 deleted=0
checkpoint_phase lsn=20312 phase=value_index_write slot=0 started_ns=1790174737901509000 ended_ns=1790174737911109541 elapsed_us=9600 block_gets=0 block_puts=4 deleted=0
checkpoint_phase lsn=20312 phase=value_index_write slot=0 started_ns=1790174737911121000 ended_ns=1790174737924789666 elapsed_us=13668 block_gets=0 block_puts=4 deleted=0
checkpoint_phase lsn=20312 phase=value_index_write slot=0 started_ns=1790174737924805000 ended_ns=1790174737935988834 elapsed_us=11183 block_gets=0 block_puts=4 deleted=0
checkpoint_phase lsn=20312 phase=value_index_write slot=0 started_ns=1790174737936001000 ended_ns=1790174737946979000 elapsed_us=10978 block_gets=0 block_puts=4 deleted=0
checkpoint_phase lsn=20312 phase=value_index_write slot=0 started_ns=1790174737946993000 ended_ns=1790174737959716834 elapsed_us=12723 block_gets=0 block_puts=4 deleted=0
checkpoint_phase lsn=20312 phase=value_index_write slot=0 started_ns=1790174737959728000 ended_ns=1790174737966577167 elapsed_us=6849 block_gets=0 block_puts=4 deleted=0
checkpoint_phase lsn=20312 phase=value_index_write slot=0 started_ns=1790174737966590000 ended_ns=1790174737973856709 elapsed_us=7266 block_gets=0 block_puts=4 deleted=0
checkpoint_phase lsn=20312 phase=value_index_write slot=0 started_ns=1790174737973870000 ended_ns=1790174737980763583 elapsed_us=6893 block_gets=0 block_puts=4 deleted=0
checkpoint_phase lsn=20312 phase=value_index_schedule slot=0 started_ns=1790174737980778000 ended_ns=1790174737980782458 elapsed_us=4 block_gets=0 block_puts=0 deleted=0
checkpoint_phase lsn=20312 phase=value_index_schedule slot=0 started_ns=1790174737980788000 ended_ns=1790174737981776333 elapsed_us=988 block_gets=0 block_puts=0 deleted=0
checkpoint_phase lsn=20312 phase=value_index_schedule slot=0 started_ns=1790174737981788000 ended_ns=1790174737987980500 elapsed_us=6192 block_gets=8 block_puts=0 deleted=0
checkpoint_phase lsn=20312 phase=value_index_schedule slot=0 started_ns=1790174737987990000 ended_ns=1790174737993065750 elapsed_us=5075 block_gets=8 block_puts=0 deleted=0
checkpoint_phase lsn=20312 phase=value_index_schedule slot=0 started_ns=1790174737993075000 ended_ns=1790174737999185792 elapsed_us=6110 block_gets=8 block_puts=0 deleted=0
checkpoint_phase lsn=20312 phase=value_index_schedule slot=0 started_ns=1790174737999197000 ended_ns=1790174738003050667 elapsed_us=3853 block_gets=8 block_puts=0 deleted=0
checkpoint_phase lsn=20312 phase=value_index_schedule slot=0 started_ns=1790174738003059000 ended_ns=1790174738007491917 elapsed_us=4432 block_gets=8 block_puts=0 deleted=0
checkpoint_phase lsn=20312 phase=value_index_schedule slot=0 started_ns=1790174738007502000 ended_ns=1790174738011257750 elapsed_us=3755 block_gets=8 block_puts=0 deleted=0
checkpoint_phase lsn=20312 phase=value_index_schedule slot=0 started_ns=1790174738011265000 ended_ns=1790174738015473250 elapsed_us=4208 block_gets=8 block_puts=0 deleted=0
checkpoint_phase lsn=20312 phase=value_index_schedule slot=0 started_ns=1790174738015482000 ended_ns=1790174738020424375 elapsed_us=4942 block_gets=8 block_puts=0 deleted=0
checkpoint_phase lsn=20312 phase=value_index_schedule slot=0 started_ns=1790174738020432000 ended_ns=1790174738025202292 elapsed_us=4770 block_gets=8 block_puts=0 deleted=0
checkpoint_phase lsn=20312 phase=value_index_schedule slot=0 started_ns=1790174738025210000 ended_ns=1790174738028963958 elapsed_us=3753 block_gets=8 block_puts=0 deleted=0
checkpoint_phase lsn=20312 phase=value_index_schedule slot=0 started_ns=1790174738028971000 ended_ns=1790174738033346417 elapsed_us=4375 block_gets=8 block_puts=0 deleted=0
checkpoint_phase lsn=20312 phase=value_index_schedule slot=0 started_ns=1790174738033354000 ended_ns=1790174738051421958 elapsed_us=18067 block_gets=8 block_puts=0 deleted=0
checkpoint_phase lsn=20312 phase=value_index_schedule slot=0 started_ns=1790174738051431000 ended_ns=1790174738078257500 elapsed_us=26826 block_gets=8 block_puts=0 deleted=0
checkpoint_phase lsn=20312 phase=value_index_schedule slot=0 started_ns=1790174738078265000 ended_ns=1790174738087841916 elapsed_us=9576 block_gets=8 block_puts=0 deleted=0
checkpoint_phase lsn=20312 phase=value_index_schedule slot=0 started_ns=1790174738087851000 ended_ns=1790174738092229542 elapsed_us=4378 block_gets=2 block_puts=0 deleted=0
checkpoint_phase lsn=20312 phase=value_index_schedule slot=0 started_ns=1790174738092240000 ended_ns=1790174738095370125 elapsed_us=3130 block_gets=0 block_puts=0 deleted=0
checkpoint_phase lsn=20312 phase=value_index_schedule slot=0 started_ns=1790174738095377000 ended_ns=1790174738096288375 elapsed_us=911 block_gets=0 block_puts=0 deleted=0
checkpoint_phase lsn=20312 phase=value_index_schedule slot=0 started_ns=1790174738096296000 ended_ns=1790174738096326333 elapsed_us=30 block_gets=0 block_puts=0 deleted=0
checkpoint_phase lsn=20312 phase=value_index_schedule slot=0 started_ns=1790174738096333000 ended_ns=1790174738096357292 elapsed_us=24 block_gets=0 block_puts=0 deleted=0
checkpoint_phase lsn=20312 phase=value_index_schedule slot=0 started_ns=1790174738096364000 ended_ns=1790174738096388459 elapsed_us=24 block_gets=0 block_puts=0 deleted=0
checkpoint_phase lsn=20312 phase=value_index_schedule slot=0 started_ns=1790174738096393000 ended_ns=1790174738102915833 elapsed_us=6522 block_gets=0 block_puts=1 deleted=0
checkpoint_phase lsn=20312 phase=value_index_schedule slot=0 started_ns=1790174738102930000 ended_ns=1790174738102969417 elapsed_us=39 block_gets=0 block_puts=0 deleted=0
checkpoint_phase lsn=20312 phase=value_index_schedule slot=0 started_ns=1790174738102976000 ended_ns=1790174738108963417 elapsed_us=5987 block_gets=0 block_puts=4 deleted=0
checkpoint_phase lsn=20312 phase=value_index_schedule slot=0 started_ns=1790174738108974000 ended_ns=1790174738112131000 elapsed_us=3157 block_gets=0 block_puts=0 deleted=0
checkpoint_phase lsn=20312 phase=value_index_schedule slot=0 started_ns=1790174738112140000 ended_ns=1790174738115224375 elapsed_us=3084 block_gets=0 block_puts=0 deleted=0
checkpoint_phase lsn=20312 phase=value_index_schedule slot=0 started_ns=1790174738115233000 ended_ns=1790174738118200833 elapsed_us=2967 block_gets=0 block_puts=0 deleted=0
checkpoint_phase lsn=20312 phase=value_index_schedule slot=0 started_ns=1790174738118206000 ended_ns=1790174738121105750 elapsed_us=2899 block_gets=0 block_puts=0 deleted=0
checkpoint_phase lsn=20312 phase=value_index_schedule slot=0 started_ns=1790174738121111000 ended_ns=1790174738123074583 elapsed_us=1963 block_gets=0 block_puts=0 deleted=0
checkpoint_phase lsn=20312 phase=value_index_schedule slot=0 started_ns=1790174738123080000 ended_ns=1790174738123107583 elapsed_us=27 block_gets=0 block_puts=0 deleted=0
checkpoint_phase lsn=20312 phase=value_index_schedule slot=0 started_ns=1790174738123113000 ended_ns=1790174738123136708 elapsed_us=23 block_gets=0 block_puts=0 deleted=0
checkpoint_phase lsn=20312 phase=value_index_schedule slot=0 started_ns=1790174738123141000 ended_ns=1790174738123164000 elapsed_us=23 block_gets=0 block_puts=0 deleted=0
checkpoint_phase lsn=20312 phase=value_index_schedule slot=0 started_ns=1790174738123167000 ended_ns=1790174738128413459 elapsed_us=5246 block_gets=0 block_puts=1 deleted=0
checkpoint_phase lsn=20312 phase=value_index_schedule slot=0 started_ns=1790174738128424000 ended_ns=1790174738143241750 elapsed_us=14817 block_gets=0 block_puts=4 deleted=0
checkpoint_phase lsn=20312 phase=value_index_schedule slot=0 started_ns=1790174738143250000 ended_ns=1790174738144127500 elapsed_us=877 block_gets=0 block_puts=0 deleted=0
checkpoint_phase lsn=20312 phase=value_index_schedule slot=0 started_ns=1790174738144132000 ended_ns=1790174738144307292 elapsed_us=175 block_gets=0 block_puts=0 deleted=0
checkpoint_phase lsn=20312 phase=value_index_schedule slot=0 started_ns=1790174738144313000 ended_ns=1790174738144477084 elapsed_us=164 block_gets=0 block_puts=0 deleted=0
checkpoint_phase lsn=20312 phase=value_index_schedule slot=0 started_ns=1790174738144481000 ended_ns=1790174738144644750 elapsed_us=163 block_gets=0 block_puts=0 deleted=0
checkpoint_phase lsn=20312 phase=value_index_schedule slot=0 started_ns=1790174738144649000 ended_ns=1790174738159170709 elapsed_us=14521 block_gets=0 block_puts=1 deleted=0
checkpoint_phase lsn=20312 phase=value_index_schedule slot=0 started_ns=1790174738159176000 ended_ns=1790174738159349833 elapsed_us=173 block_gets=0 block_puts=0 deleted=0
checkpoint_phase lsn=20312 phase=value_index_schedule slot=0 started_ns=1790174738159355000 ended_ns=1790174738159525875 elapsed_us=170 block_gets=0 block_puts=0 deleted=0
checkpoint_phase lsn=20312 phase=value_index_schedule slot=0 started_ns=1790174738159530000 ended_ns=1790174738160009042 elapsed_us=479 block_gets=0 block_puts=0 deleted=0
checkpoint_phase lsn=20312 phase=value_index_schedule slot=0 started_ns=1790174738160013000 ended_ns=1790174738170449875 elapsed_us=10436 block_gets=0 block_puts=1 deleted=0
checkpoint_phase lsn=20312 phase=value_index_schedule slot=0 started_ns=1790174738170455000 ended_ns=1790174738170540750 elapsed_us=85 block_gets=0 block_puts=0 deleted=0
checkpoint_phase lsn=20312 phase=value_index_schedule slot=0 started_ns=1790174738170545000 ended_ns=1790174738170618042 elapsed_us=73 block_gets=0 block_puts=0 deleted=0
checkpoint_phase lsn=20312 phase=value_index_schedule slot=0 started_ns=1790174738170629000 ended_ns=1790174738188483958 elapsed_us=17854 block_gets=0 block_puts=4 deleted=0
checkpoint_phase lsn=20312 phase=value_index_schedule slot=0 started_ns=1790174738188497000 ended_ns=1790174738188497458 elapsed_us=0 block_gets=0 block_puts=0 deleted=0
checkpoint_phase lsn=20312 phase=value_index_write slot=0 started_ns=1790174738188504000 ended_ns=1790174738195486250 elapsed_us=6982 block_gets=0 block_puts=4 deleted=0
checkpoint_phase lsn=20312 phase=value_index_write slot=0 started_ns=1790174738195498000 ended_ns=1790174738207287750 elapsed_us=11789 block_gets=0 block_puts=4 deleted=0
checkpoint_phase lsn=20312 phase=value_index_write slot=0 started_ns=1790174738207300000 ended_ns=1790174738215073750 elapsed_us=7773 block_gets=0 block_puts=4 deleted=0
checkpoint_phase lsn=20312 phase=value_index_write slot=0 started_ns=1790174738215085000 ended_ns=1790174738222622875 elapsed_us=7537 block_gets=0 block_puts=4 deleted=0
checkpoint_phase lsn=20312 phase=value_index_write slot=0 started_ns=1790174738222636000 ended_ns=1790174738232657708 elapsed_us=10021 block_gets=0 block_puts=4 deleted=0
checkpoint_phase lsn=20312 phase=value_index_write slot=0 started_ns=1790174738232671000 ended_ns=1790174738239842167 elapsed_us=7171 block_gets=0 block_puts=4 deleted=0
checkpoint_phase lsn=20312 phase=value_index_write slot=0 started_ns=1790174738239854000 ended_ns=1790174738245273417 elapsed_us=5419 block_gets=0 block_puts=4 deleted=0
checkpoint_phase lsn=20312 phase=value_index_write slot=0 started_ns=1790174738245283000 ended_ns=1790174738253547750 elapsed_us=8264 block_gets=0 block_puts=4 deleted=0
checkpoint_phase lsn=20312 phase=value_index_write slot=0 started_ns=1790174738253559000 ended_ns=1790174738258496750 elapsed_us=4937 block_gets=0 block_puts=4 deleted=0
checkpoint_phase lsn=20312 phase=value_index_write slot=0 started_ns=1790174738258506000 ended_ns=1790174738262835917 elapsed_us=4329 block_gets=0 block_puts=4 deleted=0
checkpoint_phase lsn=20312 phase=value_index_write slot=0 started_ns=1790174738262845000 ended_ns=1790174738268084583 elapsed_us=5239 block_gets=0 block_puts=4 deleted=0
checkpoint_phase lsn=20312 phase=value_index_write slot=0 started_ns=1790174738268096000 ended_ns=1790174738274393417 elapsed_us=6297 block_gets=0 block_puts=5 deleted=0
checkpoint_phase lsn=20312 phase=value_index_schedule slot=0 started_ns=1790174738274411000 ended_ns=1790174738274414542 elapsed_us=3 block_gets=0 block_puts=0 deleted=0
checkpoint_phase lsn=20312 phase=value_index_schedule slot=0 started_ns=1790174738274420000 ended_ns=1790174738275278541 elapsed_us=858 block_gets=0 block_puts=0 deleted=0
checkpoint_phase lsn=20312 phase=value_index_schedule slot=0 started_ns=1790174738275287000 ended_ns=1790174738280426209 elapsed_us=5139 block_gets=8 block_puts=0 deleted=0
checkpoint_phase lsn=20312 phase=value_index_schedule slot=0 started_ns=1790174738280437000 ended_ns=1790174738284050125 elapsed_us=3613 block_gets=8 block_puts=0 deleted=0
checkpoint_phase lsn=20312 phase=value_index_schedule slot=0 started_ns=1790174738284058000 ended_ns=1790174738287960417 elapsed_us=3902 block_gets=8 block_puts=0 deleted=0
checkpoint_phase lsn=20312 phase=value_index_schedule slot=0 started_ns=1790174738287970000 ended_ns=1790174738292591084 elapsed_us=4621 block_gets=8 block_puts=0 deleted=0
checkpoint_phase lsn=20312 phase=value_index_schedule slot=0 started_ns=1790174738292601000 ended_ns=1790174738296494416 elapsed_us=3893 block_gets=8 block_puts=0 deleted=0
checkpoint_phase lsn=20312 phase=value_index_schedule slot=0 started_ns=1790174738296504000 ended_ns=1790174738301870167 elapsed_us=5366 block_gets=8 block_puts=0 deleted=0
checkpoint_phase lsn=20312 phase=value_index_schedule slot=0 started_ns=1790174738301879000 ended_ns=1790174738305807875 elapsed_us=3928 block_gets=8 block_puts=0 deleted=0
checkpoint_phase lsn=20312 phase=value_index_schedule slot=0 started_ns=1790174738305817000 ended_ns=1790174738309841500 elapsed_us=4024 block_gets=8 block_puts=0 deleted=0
checkpoint_phase lsn=20312 phase=value_index_schedule slot=0 started_ns=1790174738309851000 ended_ns=1790174738315573625 elapsed_us=5722 block_gets=8 block_puts=0 deleted=0
checkpoint_phase lsn=20312 phase=value_index_schedule slot=0 started_ns=1790174738315581000 ended_ns=1790174738319096875 elapsed_us=3515 block_gets=8 block_puts=0 deleted=0
checkpoint_phase lsn=20312 phase=value_index_schedule slot=0 started_ns=1790174738319105000 ended_ns=1790174738324354042 elapsed_us=5249 block_gets=8 block_puts=0 deleted=0
checkpoint_phase lsn=20312 phase=value_index_schedule slot=0 started_ns=1790174738324363000 ended_ns=1790174738362752042 elapsed_us=38389 block_gets=8 block_puts=0 deleted=0
checkpoint_phase lsn=20312 phase=value_index_schedule slot=0 started_ns=1790174738362762000 ended_ns=1790174738376514084 elapsed_us=13752 block_gets=8 block_puts=0 deleted=0
checkpoint_phase lsn=20312 phase=value_index_schedule slot=0 started_ns=1790174738376523000 ended_ns=1790174738381202000 elapsed_us=4679 block_gets=8 block_puts=0 deleted=0
checkpoint_phase lsn=20312 phase=value_index_schedule slot=0 started_ns=1790174738381209000 ended_ns=1790174738385888333 elapsed_us=4679 block_gets=2 block_puts=0 deleted=0
checkpoint_phase lsn=20312 phase=value_index_schedule slot=0 started_ns=1790174738385901000 ended_ns=1790174738389163417 elapsed_us=3262 block_gets=0 block_puts=0 deleted=0
checkpoint_phase lsn=20312 phase=value_index_schedule slot=0 started_ns=1790174738389174000 ended_ns=1790174738390140000 elapsed_us=966 block_gets=0 block_puts=0 deleted=0
checkpoint_phase lsn=20312 phase=value_index_schedule slot=0 started_ns=1790174738390149000 ended_ns=1790174738390179959 elapsed_us=30 block_gets=0 block_puts=0 deleted=0
checkpoint_phase lsn=20312 phase=value_index_schedule slot=0 started_ns=1790174738390184000 ended_ns=1790174738390209291 elapsed_us=25 block_gets=0 block_puts=0 deleted=0
checkpoint_phase lsn=20312 phase=value_index_schedule slot=0 started_ns=1790174738390214000 ended_ns=1790174738390239041 elapsed_us=25 block_gets=0 block_puts=0 deleted=0
checkpoint_phase lsn=20312 phase=value_index_schedule slot=0 started_ns=1790174738390243000 ended_ns=1790174738397274458 elapsed_us=7031 block_gets=0 block_puts=1 deleted=0
checkpoint_phase lsn=20312 phase=value_index_schedule slot=0 started_ns=1790174738397290000 ended_ns=1790174738397320084 elapsed_us=30 block_gets=0 block_puts=0 deleted=0
checkpoint_phase lsn=20312 phase=value_index_schedule slot=0 started_ns=1790174738397327000 ended_ns=1790174738405602042 elapsed_us=8275 block_gets=0 block_puts=4 deleted=0
checkpoint_phase lsn=20312 phase=value_index_schedule slot=0 started_ns=1790174738405616000 ended_ns=1790174738408907792 elapsed_us=3291 block_gets=0 block_puts=0 deleted=0
checkpoint_phase lsn=20312 phase=value_index_schedule slot=0 started_ns=1790174738408919000 ended_ns=1790174738412022625 elapsed_us=3103 block_gets=0 block_puts=0 deleted=0
checkpoint_phase lsn=20312 phase=value_index_schedule slot=0 started_ns=1790174738412032000 ended_ns=1790174738415092916 elapsed_us=3060 block_gets=0 block_puts=0 deleted=0
checkpoint_phase lsn=20312 phase=value_index_schedule slot=0 started_ns=1790174738415101000 ended_ns=1790174738418053500 elapsed_us=2952 block_gets=0 block_puts=0 deleted=0
checkpoint_phase lsn=20312 phase=value_index_schedule slot=0 started_ns=1790174738418062000 ended_ns=1790174738420105292 elapsed_us=2043 block_gets=0 block_puts=0 deleted=0
checkpoint_phase lsn=20312 phase=value_index_schedule slot=0 started_ns=1790174738420120000 ended_ns=1790174738420149125 elapsed_us=29 block_gets=0 block_puts=0 deleted=0
checkpoint_phase lsn=20312 phase=value_index_schedule slot=0 started_ns=1790174738420154000 ended_ns=1790174738420177291 elapsed_us=23 block_gets=0 block_puts=0 deleted=0
checkpoint_phase lsn=20312 phase=value_index_schedule slot=0 started_ns=1790174738420181000 ended_ns=1790174738420204250 elapsed_us=23 block_gets=0 block_puts=0 deleted=0
checkpoint_phase lsn=20312 phase=value_index_schedule slot=0 started_ns=1790174738420208000 ended_ns=1790174738427330750 elapsed_us=7122 block_gets=0 block_puts=1 deleted=0
checkpoint_phase lsn=20312 phase=value_index_schedule slot=0 started_ns=1790174738427343000 ended_ns=1790174738432037333 elapsed_us=4694 block_gets=0 block_puts=4 deleted=0
checkpoint_phase lsn=20312 phase=value_index_schedule slot=0 started_ns=1790174738432051000 ended_ns=1790174738432740542 elapsed_us=689 block_gets=0 block_puts=0 deleted=0
checkpoint_phase lsn=20312 phase=value_index_schedule slot=0 started_ns=1790174738432749000 ended_ns=1790174738432883750 elapsed_us=134 block_gets=0 block_puts=0 deleted=0
checkpoint_phase lsn=20312 phase=value_index_schedule slot=0 started_ns=1790174738432890000 ended_ns=1790174738433015833 elapsed_us=125 block_gets=0 block_puts=0 deleted=0
checkpoint_phase lsn=20312 phase=value_index_schedule slot=0 started_ns=1790174738433024000 ended_ns=1790174738433156083 elapsed_us=132 block_gets=0 block_puts=0 deleted=0
checkpoint_phase lsn=20312 phase=value_index_schedule slot=0 started_ns=1790174738433164000 ended_ns=1790174738438121042 elapsed_us=4957 block_gets=0 block_puts=1 deleted=0
checkpoint_phase lsn=20312 phase=value_index_schedule slot=0 started_ns=1790174738438131000 ended_ns=1790174738438262584 elapsed_us=131 block_gets=0 block_puts=0 deleted=0
checkpoint_phase lsn=20312 phase=value_index_schedule slot=0 started_ns=1790174738438269000 ended_ns=1790174738438398042 elapsed_us=129 block_gets=0 block_puts=0 deleted=0
checkpoint_phase lsn=20312 phase=value_index_schedule slot=0 started_ns=1790174738438405000 ended_ns=1790174738438770833 elapsed_us=365 block_gets=0 block_puts=0 deleted=0
checkpoint_phase lsn=20312 phase=value_index_schedule slot=0 started_ns=1790174738438775000 ended_ns=1790174738443230750 elapsed_us=4455 block_gets=0 block_puts=1 deleted=0
checkpoint_phase lsn=20312 phase=value_index_schedule slot=0 started_ns=1790174738443243000 ended_ns=1790174738443394584 elapsed_us=151 block_gets=0 block_puts=0 deleted=0
checkpoint_phase lsn=20312 phase=value_index_schedule slot=0 started_ns=1790174738443403000 ended_ns=1790174738443455500 elapsed_us=52 block_gets=0 block_puts=0 deleted=0
checkpoint_phase lsn=20312 phase=value_index_schedule slot=0 started_ns=1790174738443459000 ended_ns=1790174738448419000 elapsed_us=4960 block_gets=0 block_puts=4 deleted=0
checkpoint_phase lsn=20312 phase=value_index_schedule slot=0 started_ns=1790174738448429000 ended_ns=1790174738448429416 elapsed_us=0 block_gets=0 block_puts=0 deleted=0
checkpoint_phase lsn=20312 phase=value_index_write slot=0 started_ns=1790174738448434000 ended_ns=1790174738452707625 elapsed_us=4273 block_gets=0 block_puts=4 deleted=0
checkpoint_phase lsn=20312 phase=value_index_write slot=0 started_ns=1790174738452716000 ended_ns=1790174738456589167 elapsed_us=3873 block_gets=0 block_puts=4 deleted=0
checkpoint_phase lsn=20312 phase=value_index_write slot=0 started_ns=1790174738456596000 ended_ns=1790174738460318250 elapsed_us=3722 block_gets=0 block_puts=4 deleted=0
checkpoint_phase lsn=20312 phase=value_index_write slot=0 started_ns=1790174738460326000 ended_ns=1790174738465420542 elapsed_us=5094 block_gets=0 block_puts=4 deleted=0
checkpoint_phase lsn=20312 phase=value_index_write slot=0 started_ns=1790174738465433000 ended_ns=1790174738469942583 elapsed_us=4509 block_gets=0 block_puts=4 deleted=0
checkpoint_phase lsn=20312 phase=value_index_write slot=0 started_ns=1790174738469953000 ended_ns=1790174738473816125 elapsed_us=3863 block_gets=0 block_puts=4 deleted=0
checkpoint_phase lsn=20312 phase=value_index_write slot=0 started_ns=1790174738473829000 ended_ns=1790174738480438250 elapsed_us=6609 block_gets=0 block_puts=4 deleted=0
checkpoint_phase lsn=20312 phase=value_index_write slot=0 started_ns=1790174738480449000 ended_ns=1790174738485181834 elapsed_us=4732 block_gets=0 block_puts=4 deleted=0
checkpoint_phase lsn=20312 phase=value_index_write slot=0 started_ns=1790174738485191000 ended_ns=1790174738489700333 elapsed_us=4509 block_gets=0 block_puts=4 deleted=0
checkpoint_phase lsn=20312 phase=value_index_write slot=0 started_ns=1790174738489710000 ended_ns=1790174738497364084 elapsed_us=7654 block_gets=0 block_puts=4 deleted=0
checkpoint_phase lsn=20312 phase=value_index_write slot=0 started_ns=1790174738497379000 ended_ns=1790174738504890083 elapsed_us=7511 block_gets=0 block_puts=4 deleted=0
checkpoint_phase lsn=20312 phase=value_index_write slot=0 started_ns=1790174738504903000 ended_ns=1790174738511227416 elapsed_us=6324 block_gets=0 block_puts=5 deleted=0
checkpoint_phase lsn=20312 phase=value_index_schedule slot=0 started_ns=1790174738511242000 ended_ns=1790174738511245541 elapsed_us=3 block_gets=0 block_puts=0 deleted=0
checkpoint_phase lsn=20312 phase=value_index_schedule slot=0 started_ns=1790174738511251000 ended_ns=1790174738512058125 elapsed_us=807 block_gets=0 block_puts=0 deleted=0
checkpoint_phase lsn=20312 phase=value_index_schedule slot=0 started_ns=1790174738512066000 ended_ns=1790174738525219375 elapsed_us=13153 block_gets=8 block_puts=0 deleted=0
checkpoint_phase lsn=20312 phase=value_index_schedule slot=0 started_ns=1790174738525234000 ended_ns=1790174738569553542 elapsed_us=44319 block_gets=8 block_puts=0 deleted=0
checkpoint_phase lsn=20312 phase=value_index_schedule slot=0 started_ns=1790174738569572000 ended_ns=1790174738576117625 elapsed_us=6545 block_gets=8 block_puts=0 deleted=0
checkpoint_phase lsn=20312 phase=value_index_schedule slot=0 started_ns=1790174738576132000 ended_ns=1790174738589271667 elapsed_us=13139 block_gets=8 block_puts=0 deleted=0
checkpoint_phase lsn=20312 phase=value_index_schedule slot=0 started_ns=1790174738589285000 ended_ns=1790174738595741292 elapsed_us=6456 block_gets=8 block_puts=0 deleted=0
checkpoint_phase lsn=20312 phase=value_index_schedule slot=0 started_ns=1790174738595753000 ended_ns=1790174738600837125 elapsed_us=5084 block_gets=8 block_puts=0 deleted=0
checkpoint_phase lsn=20312 phase=value_index_schedule slot=0 started_ns=1790174738600848000 ended_ns=1790174738610284625 elapsed_us=9436 block_gets=8 block_puts=0 deleted=0
checkpoint_phase lsn=20312 phase=value_index_schedule slot=0 started_ns=1790174738610297000 ended_ns=1790174738617712750 elapsed_us=7415 block_gets=8 block_puts=0 deleted=0
checkpoint_phase lsn=20312 phase=value_index_schedule slot=0 started_ns=1790174738617724000 ended_ns=1790174738621912959 elapsed_us=4188 block_gets=8 block_puts=0 deleted=0
checkpoint_phase lsn=20312 phase=value_index_schedule slot=0 started_ns=1790174738621923000 ended_ns=1790174738629342667 elapsed_us=7419 block_gets=8 block_puts=0 deleted=0
checkpoint_phase lsn=20312 phase=value_index_schedule slot=0 started_ns=1790174738629351000 ended_ns=1790174738634720791 elapsed_us=5369 block_gets=8 block_puts=0 deleted=0
checkpoint_phase lsn=20312 phase=value_index_schedule slot=0 started_ns=1790174738634730000 ended_ns=1790174738647635250 elapsed_us=12905 block_gets=8 block_puts=0 deleted=0
checkpoint_phase lsn=20312 phase=value_index_schedule slot=0 started_ns=1790174738647649000 ended_ns=1790174738657373458 elapsed_us=9724 block_gets=8 block_puts=0 deleted=0
checkpoint_phase lsn=20312 phase=value_index_schedule slot=0 started_ns=1790174738657385000 ended_ns=1790174738665068000 elapsed_us=7683 block_gets=8 block_puts=0 deleted=0
checkpoint_phase lsn=20312 phase=value_index_schedule slot=0 started_ns=1790174738665081000 ended_ns=1790174738669092042 elapsed_us=4011 block_gets=2 block_puts=0 deleted=0
checkpoint_phase lsn=20312 phase=value_index_schedule slot=0 started_ns=1790174738669107000 ended_ns=1790174738669137708 elapsed_us=30 block_gets=0 block_puts=0 deleted=0
checkpoint_phase lsn=20312 phase=value_index_schedule slot=0 started_ns=1790174738669151000 ended_ns=1790174738669172417 elapsed_us=21 block_gets=0 block_puts=0 deleted=0
checkpoint_phase lsn=20312 phase=value_index_schedule slot=0 started_ns=1790174738669177000 ended_ns=1790174738669198459 elapsed_us=21 block_gets=0 block_puts=0 deleted=0
checkpoint_phase lsn=20312 phase=value_index_schedule slot=0 started_ns=1790174738669205000 ended_ns=1790174738673193500 elapsed_us=3988 block_gets=0 block_puts=1 deleted=0
checkpoint_phase lsn=20312 phase=value_index_schedule slot=0 started_ns=1790174738673206000 ended_ns=1790174738679431125 elapsed_us=6225 block_gets=0 block_puts=4 deleted=0
checkpoint_phase lsn=20312 phase=value_index_schedule slot=0 started_ns=1790174738679444000 ended_ns=1790174738682329208 elapsed_us=2885 block_gets=0 block_puts=0 deleted=0
checkpoint_phase lsn=20312 phase=value_index_schedule slot=0 started_ns=1790174738682339000 ended_ns=1790174738685161250 elapsed_us=2822 block_gets=0 block_puts=0 deleted=0
checkpoint_phase lsn=20312 phase=value_index_schedule slot=0 started_ns=1790174738685168000 ended_ns=1790174738687980792 elapsed_us=2812 block_gets=0 block_puts=0 deleted=0
checkpoint_phase lsn=20312 phase=value_index_schedule slot=0 started_ns=1790174738687988000 ended_ns=1790174738690802500 elapsed_us=2814 block_gets=0 block_puts=0 deleted=0
checkpoint_phase lsn=20312 phase=value_index_schedule slot=0 started_ns=1790174738690811000 ended_ns=1790174738690837875 elapsed_us=26 block_gets=0 block_puts=0 deleted=0
checkpoint_phase lsn=20312 phase=value_index_schedule slot=0 started_ns=1790174738690844000 ended_ns=1790174738690865166 elapsed_us=21 block_gets=0 block_puts=0 deleted=0
checkpoint_phase lsn=20312 phase=value_index_schedule slot=0 started_ns=1790174738690869000 ended_ns=1790174738690890083 elapsed_us=21 block_gets=0 block_puts=0 deleted=0
checkpoint_phase lsn=20312 phase=value_index_schedule slot=0 started_ns=1790174738690897000 ended_ns=1790174738695394959 elapsed_us=4497 block_gets=0 block_puts=1 deleted=0
checkpoint_phase lsn=20312 phase=value_index_schedule slot=0 started_ns=1790174738695407000 ended_ns=1790174738701719958 elapsed_us=6312 block_gets=0 block_puts=4 deleted=0
checkpoint_phase lsn=20312 phase=value_index_schedule slot=0 started_ns=1790174738701732000 ended_ns=1790174738702318125 elapsed_us=586 block_gets=0 block_puts=0 deleted=0
checkpoint_phase lsn=20312 phase=value_index_schedule slot=0 started_ns=1790174738702325000 ended_ns=1790174738702388833 elapsed_us=63 block_gets=0 block_puts=0 deleted=0
checkpoint_phase lsn=20312 phase=value_index_schedule slot=0 started_ns=1790174738702393000 ended_ns=1790174738702441291 elapsed_us=48 block_gets=0 block_puts=0 deleted=0
checkpoint_phase lsn=20312 phase=value_index_schedule slot=0 started_ns=1790174738702445000 ended_ns=1790174738702573708 elapsed_us=128 block_gets=0 block_puts=0 deleted=0
checkpoint_phase lsn=20312 phase=value_index_schedule slot=0 started_ns=1790174738702578000 ended_ns=1790174738706404875 elapsed_us=3826 block_gets=0 block_puts=1 deleted=0
checkpoint_phase lsn=20312 phase=value_index_schedule slot=0 started_ns=1790174738706419000 ended_ns=1790174738706550209 elapsed_us=131 block_gets=0 block_puts=0 deleted=0
checkpoint_phase lsn=20312 phase=value_index_schedule slot=0 started_ns=1790174738706556000 ended_ns=1790174738706709416 elapsed_us=153 block_gets=0 block_puts=0 deleted=0
checkpoint_phase lsn=20312 phase=value_index_schedule slot=0 started_ns=1790174738706716000 ended_ns=1790174738710130875 elapsed_us=3414 block_gets=0 block_puts=1 deleted=0
checkpoint_phase lsn=20312 phase=value_index_schedule slot=0 started_ns=1790174738710140000 ended_ns=1790174738710315708 elapsed_us=175 block_gets=0 block_puts=0 deleted=0
checkpoint_phase lsn=20312 phase=value_index_schedule slot=0 started_ns=1790174738710322000 ended_ns=1790174738710326542 elapsed_us=4 block_gets=0 block_puts=0 deleted=0
checkpoint_phase lsn=20312 phase=value_index_schedule slot=0 started_ns=1790174738710331000 ended_ns=1790174738718137334 elapsed_us=7806 block_gets=0 block_puts=4 deleted=0
checkpoint_phase lsn=20312 phase=value_index_schedule slot=0 started_ns=1790174738718149000 ended_ns=1790174738720992708 elapsed_us=2843 block_gets=0 block_puts=0 deleted=0
checkpoint_phase lsn=20312 phase=value_index_schedule slot=0 started_ns=1790174738721003000 ended_ns=1790174738723150875 elapsed_us=2147 block_gets=0 block_puts=0 deleted=0
checkpoint_phase lsn=20312 phase=value_index_schedule slot=0 started_ns=1790174738723163000 ended_ns=1790174738723190875 elapsed_us=27 block_gets=0 block_puts=0 deleted=0
checkpoint_phase lsn=20312 phase=value_index_schedule slot=0 started_ns=1790174738723196000 ended_ns=1790174738731129709 elapsed_us=7933 block_gets=0 block_puts=4 deleted=0
checkpoint_phase lsn=20312 phase=value_index_schedule slot=0 started_ns=1790174738731142000 ended_ns=1790174738731142500 elapsed_us=0 block_gets=0 block_puts=0 deleted=0
checkpoint_phase lsn=20312 phase=value_index_schedule slot=0 started_ns=1790174738731146000 ended_ns=1790174738731687917 elapsed_us=541 block_gets=0 block_puts=0 deleted=0
checkpoint_phase lsn=20312 phase=value_index_schedule slot=0 started_ns=1790174738731696000 ended_ns=1790174738731852209 elapsed_us=156 block_gets=0 block_puts=0 deleted=0
checkpoint_phase lsn=20312 phase=value_index_schedule slot=0 started_ns=1790174738731859000 ended_ns=1790174738732001708 elapsed_us=142 block_gets=0 block_puts=0 deleted=0
checkpoint_phase lsn=20312 phase=value_index_schedule slot=0 started_ns=1790174738732008000 ended_ns=1790174738732150250 elapsed_us=142 block_gets=0 block_puts=0 deleted=0
checkpoint_phase lsn=20312 phase=value_index_schedule slot=0 started_ns=1790174738732155000 ended_ns=1790174738736372542 elapsed_us=4217 block_gets=0 block_puts=1 deleted=0
checkpoint_phase lsn=20312 phase=value_index_schedule slot=0 started_ns=1790174738736392000 ended_ns=1790174738736529875 elapsed_us=137 block_gets=0 block_puts=0 deleted=0
checkpoint_phase lsn=20312 phase=value_index_schedule slot=0 started_ns=1790174738736536000 ended_ns=1790174738736672208 elapsed_us=136 block_gets=0 block_puts=0 deleted=0
checkpoint_phase lsn=20312 phase=value_index_schedule slot=0 started_ns=1790174738736679000 ended_ns=1790174738739830542 elapsed_us=3151 block_gets=0 block_puts=1 deleted=0
checkpoint_phase lsn=20312 phase=value_index_schedule slot=0 started_ns=1790174738739854000 ended_ns=1790174738739902417 elapsed_us=48 block_gets=0 block_puts=0 deleted=0
checkpoint_phase lsn=20312 phase=value_index_schedule slot=0 started_ns=1790174738739910000 ended_ns=1790174738740001458 elapsed_us=91 block_gets=0 block_puts=0 deleted=0
checkpoint_phase lsn=20312 phase=value_index_schedule slot=0 started_ns=1790174738740006000 ended_ns=1790174738744044458 elapsed_us=4038 block_gets=0 block_puts=1 deleted=0
checkpoint_phase lsn=20312 phase=value_index_schedule slot=0 started_ns=1790174738744059000 ended_ns=1790174738748690375 elapsed_us=4631 block_gets=0 block_puts=4 deleted=0
checkpoint_phase lsn=20312 phase=value_index_schedule slot=0 started_ns=1790174738748700000 ended_ns=1790174738748700292 elapsed_us=0 block_gets=0 block_puts=0 deleted=0
checkpoint_phase lsn=20312 phase=value_index_write slot=0 started_ns=1790174738748706000 ended_ns=1790174738754719041 elapsed_us=6013 block_gets=0 block_puts=4 deleted=0
checkpoint_phase lsn=20312 phase=value_index_write slot=0 started_ns=1790174738754732000 ended_ns=1790174738758613333 elapsed_us=3881 block_gets=0 block_puts=4 deleted=0
checkpoint_phase lsn=20312 phase=value_index_write slot=0 started_ns=1790174738758623000 ended_ns=1790174738773284417 elapsed_us=14661 block_gets=0 block_puts=4 deleted=0
checkpoint_phase lsn=20312 phase=value_index_write slot=0 started_ns=1790174738773293000 ended_ns=1790174738790028750 elapsed_us=16735 block_gets=0 block_puts=4 deleted=0
checkpoint_phase lsn=20312 phase=value_index_write slot=0 started_ns=1790174738790034000 ended_ns=1790174738810030083 elapsed_us=19996 block_gets=0 block_puts=4 deleted=0
checkpoint_phase lsn=20312 phase=value_index_write slot=0 started_ns=1790174738810038000 ended_ns=1790174738815446791 elapsed_us=5408 block_gets=0 block_puts=4 deleted=0
checkpoint_phase lsn=20312 phase=value_index_write slot=0 started_ns=1790174738815457000 ended_ns=1790174738819216625 elapsed_us=3759 block_gets=0 block_puts=4 deleted=0
checkpoint_phase lsn=20312 phase=value_index_write slot=0 started_ns=1790174738819226000 ended_ns=1790174738824148916 elapsed_us=4922 block_gets=0 block_puts=4 deleted=0
checkpoint_phase lsn=20312 phase=value_index_write slot=0 started_ns=1790174738824163000 ended_ns=1790174738830943833 elapsed_us=6780 block_gets=0 block_puts=4 deleted=0
checkpoint_phase lsn=20312 phase=value_index_write slot=0 started_ns=1790174738830962000 ended_ns=1790174738836209125 elapsed_us=5247 block_gets=0 block_puts=4 deleted=0
checkpoint_phase lsn=20312 phase=value_index_write slot=0 started_ns=1790174738836220000 ended_ns=1790174738846337458 elapsed_us=10117 block_gets=0 block_puts=4 deleted=0
checkpoint_phase lsn=20312 phase=value_index_write slot=0 started_ns=1790174738846351000 ended_ns=1790174738851038250 elapsed_us=4687 block_gets=0 block_puts=4 deleted=0
checkpoint_phase lsn=20312 phase=value_index_write slot=0 started_ns=1790174738851050000 ended_ns=1790174738857945125 elapsed_us=6895 block_gets=0 block_puts=4 deleted=0
checkpoint_phase lsn=20312 phase=value_index_write slot=0 started_ns=1790174738857955000 ended_ns=1790174738861508708 elapsed_us=3553 block_gets=0 block_puts=4 deleted=0
checkpoint_phase lsn=20312 phase=value_index_write slot=0 started_ns=1790174738861519000 ended_ns=1790174738866275333 elapsed_us=4756 block_gets=0 block_puts=4 deleted=0
checkpoint_phase lsn=20312 phase=value_index_write slot=0 started_ns=1790174738866288000 ended_ns=1790174738869855000 elapsed_us=3567 block_gets=0 block_puts=4 deleted=0
checkpoint_phase lsn=20312 phase=value_index_write slot=0 started_ns=1790174738869865000 ended_ns=1790174738873717917 elapsed_us=3852 block_gets=0 block_puts=4 deleted=0
checkpoint_phase lsn=20312 phase=value_index_write slot=0 started_ns=1790174738873730000 ended_ns=1790174738877020166 elapsed_us=3290 block_gets=0 block_puts=4 deleted=0
checkpoint_phase lsn=20312 phase=value_index_write slot=0 started_ns=1790174738877030000 ended_ns=1790174738881502791 elapsed_us=4472 block_gets=0 block_puts=4 deleted=0
checkpoint_phase lsn=20312 phase=value_index_write slot=0 started_ns=1790174738881513000 ended_ns=1790174738886134584 elapsed_us=4621 block_gets=0 block_puts=4 deleted=0
checkpoint_phase lsn=20312 phase=value_index_write slot=0 started_ns=1790174738886143000 ended_ns=1790174738893555750 elapsed_us=7412 block_gets=0 block_puts=4 deleted=0
checkpoint_phase lsn=20312 phase=value_index_write slot=0 started_ns=1790174738893567000 ended_ns=1790174738902601333 elapsed_us=9034 block_gets=0 block_puts=4 deleted=0
checkpoint_phase lsn=20312 phase=value_index_write slot=0 started_ns=1790174738902616000 ended_ns=1790174738909574125 elapsed_us=6958 block_gets=0 block_puts=4 deleted=0
checkpoint_phase lsn=20312 phase=value_index_write slot=0 started_ns=1790174738909587000 ended_ns=1790174738916320375 elapsed_us=6733 block_gets=0 block_puts=4 deleted=0
checkpoint_phase lsn=20312 phase=value_index_write slot=0 started_ns=1790174738916331000 ended_ns=1790174738924050708 elapsed_us=7719 block_gets=0 block_puts=4 deleted=0
checkpoint_phase lsn=20312 phase=value_index_write slot=0 started_ns=1790174738924063000 ended_ns=1790174738930940958 elapsed_us=6877 block_gets=0 block_puts=4 deleted=0
checkpoint_phase lsn=20312 phase=value_index_write slot=0 started_ns=1790174738930956000 ended_ns=1790174738939542292 elapsed_us=8586 block_gets=0 block_puts=4 deleted=0
checkpoint_phase lsn=20312 phase=value_index_write slot=0 started_ns=1790174738939560000 ended_ns=1790174738944458250 elapsed_us=4898 block_gets=0 block_puts=4 deleted=0
checkpoint_phase lsn=20312 phase=value_index_write slot=0 started_ns=1790174738944469000 ended_ns=1790174738948556792 elapsed_us=4087 block_gets=0 block_puts=4 deleted=0
checkpoint_phase lsn=20312 phase=value_index_write slot=0 started_ns=1790174738948566000 ended_ns=1790174738951724791 elapsed_us=3158 block_gets=0 block_puts=4 deleted=0
checkpoint_phase lsn=20312 phase=value_index_write slot=0 started_ns=1790174738951734000 ended_ns=1790174738954594750 elapsed_us=2860 block_gets=0 block_puts=4 deleted=0
checkpoint_phase lsn=20312 phase=value_index_write slot=0 started_ns=1790174738954605000 ended_ns=1790174738958988167 elapsed_us=4383 block_gets=0 block_puts=4 deleted=0
checkpoint_phase lsn=20312 phase=value_index_write slot=0 started_ns=1790174738958997000 ended_ns=1790174738964052666 elapsed_us=5055 block_gets=0 block_puts=5 deleted=0
checkpoint_phase lsn=20312 phase=value_index_write slot=0 started_ns=1790174738964068000 ended_ns=1790174738968757458 elapsed_us=4689 block_gets=0 block_puts=4 deleted=0
checkpoint_phase lsn=20312 phase=value_index_write slot=0 started_ns=1790174738968766000 ended_ns=1790174738972579792 elapsed_us=3813 block_gets=0 block_puts=4 deleted=0
checkpoint_phase lsn=20312 phase=value_index_write slot=0 started_ns=1790174738972589000 ended_ns=1790174738975774500 elapsed_us=3185 block_gets=0 block_puts=4 deleted=0
checkpoint_phase lsn=20312 phase=value_index_write slot=0 started_ns=1790174738975785000 ended_ns=1790174738978922500 elapsed_us=3137 block_gets=0 block_puts=4 deleted=0
checkpoint_phase lsn=20312 phase=value_index_write slot=0 started_ns=1790174738978934000 ended_ns=1790174738985230542 elapsed_us=6296 block_gets=0 block_puts=4 deleted=0
checkpoint_phase lsn=20312 phase=value_index_write slot=0 started_ns=1790174738985240000 ended_ns=1790174738990797375 elapsed_us=5557 block_gets=0 block_puts=4 deleted=0
checkpoint_phase lsn=20312 phase=value_index_write slot=0 started_ns=1790174738990808000 ended_ns=1790174738993933209 elapsed_us=3125 block_gets=0 block_puts=4 deleted=0
checkpoint_phase lsn=20312 phase=value_index_write slot=0 started_ns=1790174738993942000 ended_ns=1790174738999714750 elapsed_us=5772 block_gets=0 block_puts=5 deleted=0
checkpoint_phase lsn=20312 phase=value_index_write slot=0 started_ns=1790174738999729000 ended_ns=1790174739004593500 elapsed_us=4864 block_gets=0 block_puts=4 deleted=0
checkpoint_phase lsn=20312 phase=value_index_write slot=0 started_ns=1790174739004604000 ended_ns=1790174739008054417 elapsed_us=3450 block_gets=0 block_puts=4 deleted=0
checkpoint_phase lsn=20312 phase=value_index_write slot=0 started_ns=1790174739008066000 ended_ns=1790174739011779959 elapsed_us=3713 block_gets=0 block_puts=4 deleted=0
checkpoint_phase lsn=20312 phase=value_index_write slot=0 started_ns=1790174739011790000 ended_ns=1790174739015536000 elapsed_us=3746 block_gets=0 block_puts=4 deleted=0
checkpoint_phase lsn=20312 phase=value_index_write slot=0 started_ns=1790174739015543000 ended_ns=1790174739019039334 elapsed_us=3496 block_gets=0 block_puts=4 deleted=0
checkpoint_phase lsn=20312 phase=value_index_write slot=0 started_ns=1790174739019049000 ended_ns=1790174739022698542 elapsed_us=3649 block_gets=0 block_puts=4 deleted=0
checkpoint_phase lsn=20312 phase=value_index_write slot=0 started_ns=1790174739022706000 ended_ns=1790174739026603750 elapsed_us=3897 block_gets=0 block_puts=4 deleted=0
checkpoint_phase lsn=20312 phase=value_index_write slot=0 started_ns=1790174739026612000 ended_ns=1790174739030895250 elapsed_us=4283 block_gets=0 block_puts=5 deleted=0
checkpoint_phase lsn=20312 phase=value_index_write slot=0 started_ns=1790174739030907000 ended_ns=1790174739034623958 elapsed_us=3716 block_gets=0 block_puts=4 deleted=0
checkpoint_phase lsn=20312 phase=value_index_write slot=0 started_ns=1790174739034632000 ended_ns=1790174739038086458 elapsed_us=3454 block_gets=0 block_puts=4 deleted=0
checkpoint_phase lsn=20312 phase=value_index_write slot=0 started_ns=1790174739038095000 ended_ns=1790174739041744250 elapsed_us=3649 block_gets=0 block_puts=4 deleted=0
checkpoint_phase lsn=20312 phase=value_index_write slot=0 started_ns=1790174739041756000 ended_ns=1790174739045080917 elapsed_us=3324 block_gets=0 block_puts=4 deleted=0
checkpoint_phase lsn=20312 phase=value_index_write slot=0 started_ns=1790174739045090000 ended_ns=1790174739048560958 elapsed_us=3470 block_gets=0 block_puts=4 deleted=0
checkpoint_phase lsn=20312 phase=value_index_write slot=0 started_ns=1790174739048569000 ended_ns=1790174739051805208 elapsed_us=3236 block_gets=0 block_puts=4 deleted=0
checkpoint_phase lsn=20312 phase=value_index_write slot=0 started_ns=1790174739051814000 ended_ns=1790174739055314083 elapsed_us=3500 block_gets=0 block_puts=4 deleted=0
checkpoint_phase lsn=20312 phase=value_index_write slot=0 started_ns=1790174739055322000 ended_ns=1790174739063335584 elapsed_us=8013 block_gets=0 block_puts=5 deleted=0
checkpoint_phase lsn=20312 phase=value_index_write slot=0 started_ns=1790174739063345000 ended_ns=1790174739068354250 elapsed_us=5009 block_gets=0 block_puts=4 deleted=0
checkpoint_phase lsn=20312 phase=value_index_write slot=0 started_ns=1790174739068371000 ended_ns=1790174739071912917 elapsed_us=3541 block_gets=0 block_puts=4 deleted=0
checkpoint_phase lsn=20312 phase=value_index_write slot=0 started_ns=1790174739071920000 ended_ns=1790174739075007250 elapsed_us=3087 block_gets=0 block_puts=4 deleted=0
checkpoint_phase lsn=20312 phase=value_index_write slot=0 started_ns=1790174739075015000 ended_ns=1790174739078009958 elapsed_us=2994 block_gets=0 block_puts=4 deleted=0
checkpoint_phase lsn=20312 phase=value_index_write slot=0 started_ns=1790174739078018000 ended_ns=1790174739080500708 elapsed_us=2482 block_gets=0 block_puts=4 deleted=0
checkpoint_phase lsn=20312 phase=value_index_write slot=0 started_ns=1790174739080508000 ended_ns=1790174739083093083 elapsed_us=2585 block_gets=0 block_puts=4 deleted=0
checkpoint_phase lsn=20312 phase=value_index_write slot=0 started_ns=1790174739083100000 ended_ns=1790174739085768000 elapsed_us=2668 block_gets=0 block_puts=4 deleted=0
checkpoint_phase lsn=20312 phase=value_index_write slot=0 started_ns=1790174739085774000 ended_ns=1790174739089022541 elapsed_us=3248 block_gets=0 block_puts=5 deleted=0
checkpoint_phase lsn=20312 phase=value_index_write slot=0 started_ns=1790174739089030000 ended_ns=1790174739092073250 elapsed_us=3043 block_gets=0 block_puts=4 deleted=0
checkpoint_phase lsn=20312 phase=value_index_write slot=0 started_ns=1790174739092081000 ended_ns=1790174739100497291 elapsed_us=8416 block_gets=0 block_puts=4 deleted=0
checkpoint_phase lsn=20312 phase=value_index_write slot=0 started_ns=1790174739100510000 ended_ns=1790174739131834208 elapsed_us=31324 block_gets=0 block_puts=4 deleted=0
checkpoint_phase lsn=20312 phase=value_index_write slot=0 started_ns=1790174739131842000 ended_ns=1790174739146916792 elapsed_us=15074 block_gets=0 block_puts=4 deleted=0
checkpoint_phase lsn=20312 phase=value_index_write slot=0 started_ns=1790174739146928000 ended_ns=1790174739150389542 elapsed_us=3461 block_gets=0 block_puts=4 deleted=0
checkpoint_phase lsn=20312 phase=value_index_write slot=0 started_ns=1790174739150400000 ended_ns=1790174739155044791 elapsed_us=4644 block_gets=0 block_puts=4 deleted=0
checkpoint_phase lsn=20312 phase=value_index_write slot=0 started_ns=1790174739155055000 ended_ns=1790174739158658917 elapsed_us=3603 block_gets=0 block_puts=4 deleted=0
checkpoint_phase lsn=20312 phase=value_index_write slot=0 started_ns=1790174739158670000 ended_ns=1790174739164004666 elapsed_us=5334 block_gets=0 block_puts=5 deleted=0
checkpoint_phase lsn=20312 phase=value_index_write slot=0 started_ns=1790174739164016000 ended_ns=1790174739167608917 elapsed_us=3592 block_gets=0 block_puts=4 deleted=0
checkpoint_phase lsn=20312 phase=value_index_write slot=0 started_ns=1790174739167618000 ended_ns=1790174739171382541 elapsed_us=3764 block_gets=0 block_puts=4 deleted=0
checkpoint_phase lsn=20312 phase=value_index_write slot=0 started_ns=1790174739171394000 ended_ns=1790174739175256833 elapsed_us=3862 block_gets=0 block_puts=4 deleted=0
checkpoint_phase lsn=20312 phase=value_index_write slot=0 started_ns=1790174739175266000 ended_ns=1790174739178958125 elapsed_us=3692 block_gets=0 block_puts=4 deleted=0
checkpoint_phase lsn=20312 phase=value_index_write slot=0 started_ns=1790174739178967000 ended_ns=1790174739182518375 elapsed_us=3551 block_gets=0 block_puts=4 deleted=0
checkpoint_phase lsn=20312 phase=value_index_write slot=0 started_ns=1790174739182526000 ended_ns=1790174739187102375 elapsed_us=4576 block_gets=0 block_puts=4 deleted=0
checkpoint_phase lsn=20312 phase=value_index_write slot=0 started_ns=1790174739187112000 ended_ns=1790174739196550542 elapsed_us=9438 block_gets=0 block_puts=4 deleted=0
checkpoint_phase lsn=20312 phase=value_index_write slot=0 started_ns=1790174739196561000 ended_ns=1790174739202626000 elapsed_us=6065 block_gets=0 block_puts=5 deleted=0
checkpoint_phase lsn=20312 phase=value_index_write slot=0 started_ns=1790174739202636000 ended_ns=1790174739210774958 elapsed_us=8138 block_gets=0 block_puts=4 deleted=0
checkpoint_phase lsn=20312 phase=value_index_write slot=0 started_ns=1790174739210788000 ended_ns=1790174739217512500 elapsed_us=6724 block_gets=0 block_puts=4 deleted=0
checkpoint_phase lsn=20312 phase=value_index_write slot=0 started_ns=1790174739217525000 ended_ns=1790174739221955875 elapsed_us=4430 block_gets=0 block_puts=4 deleted=0
checkpoint_phase lsn=20312 phase=value_index_write slot=0 started_ns=1790174739221966000 ended_ns=1790174739227579542 elapsed_us=5613 block_gets=0 block_puts=4 deleted=0
checkpoint_phase lsn=20312 phase=value_index_write slot=0 started_ns=1790174739227588000 ended_ns=1790174739230829208 elapsed_us=3241 block_gets=0 block_puts=4 deleted=0
checkpoint_phase lsn=20312 phase=value_index_write slot=0 started_ns=1790174739230839000 ended_ns=1790174739233584417 elapsed_us=2745 block_gets=0 block_puts=4 deleted=0
checkpoint_phase lsn=20312 phase=value_index_write slot=0 started_ns=1790174739233592000 ended_ns=1790174739236632583 elapsed_us=3040 block_gets=0 block_puts=4 deleted=0
checkpoint_phase lsn=20312 phase=value_index_write slot=0 started_ns=1790174739236641000 ended_ns=1790174739240481625 elapsed_us=3840 block_gets=0 block_puts=5 deleted=0
checkpoint_phase lsn=20312 phase=value_index_write slot=0 started_ns=1790174739240493000 ended_ns=1790174739248542250 elapsed_us=8049 block_gets=0 block_puts=4 deleted=0
checkpoint_phase lsn=20312 phase=value_index_write slot=0 started_ns=1790174739248554000 ended_ns=1790174739254088584 elapsed_us=5534 block_gets=0 block_puts=4 deleted=0
checkpoint_phase lsn=20312 phase=value_index_write slot=0 started_ns=1790174739254099000 ended_ns=1790174739261423917 elapsed_us=7324 block_gets=0 block_puts=4 deleted=0
checkpoint_phase lsn=20312 phase=value_index_write slot=0 started_ns=1790174739261436000 ended_ns=1790174739266566959 elapsed_us=5130 block_gets=0 block_puts=4 deleted=0
checkpoint_phase lsn=20312 phase=value_index_write slot=0 started_ns=1790174739266578000 ended_ns=1790174739275333042 elapsed_us=8755 block_gets=0 block_puts=4 deleted=0
checkpoint_phase lsn=20312 phase=value_index_write slot=0 started_ns=1790174739275345000 ended_ns=1790174739282119500 elapsed_us=6774 block_gets=0 block_puts=4 deleted=0
checkpoint_phase lsn=20312 phase=value_index_write slot=0 started_ns=1790174739282130000 ended_ns=1790174739286532375 elapsed_us=4402 block_gets=0 block_puts=4 deleted=0
checkpoint_phase lsn=20312 phase=value_index_write slot=0 started_ns=1790174739286541000 ended_ns=1790174739291007959 elapsed_us=4466 block_gets=0 block_puts=5 deleted=0
checkpoint_phase lsn=20312 phase=value_index_write slot=0 started_ns=1790174739291020000 ended_ns=1790174739294796667 elapsed_us=3776 block_gets=0 block_puts=4 deleted=0
checkpoint_phase lsn=20312 phase=value_index_write slot=0 started_ns=1790174739294804000 ended_ns=1790174739299048500 elapsed_us=4244 block_gets=0 block_puts=4 deleted=0
checkpoint_phase lsn=20312 phase=value_index_write slot=0 started_ns=1790174739299057000 ended_ns=1790174739302481375 elapsed_us=3424 block_gets=0 block_puts=4 deleted=0
checkpoint_phase lsn=20312 phase=value_index_write slot=0 started_ns=1790174739302492000 ended_ns=1790174739305814250 elapsed_us=3322 block_gets=0 block_puts=4 deleted=0
checkpoint_phase lsn=20312 phase=value_index_write slot=0 started_ns=1790174739305826000 ended_ns=1790174739309572000 elapsed_us=3746 block_gets=0 block_puts=4 deleted=0
checkpoint_phase lsn=20312 phase=value_index_write slot=0 started_ns=1790174739309581000 ended_ns=1790174739312733250 elapsed_us=3152 block_gets=0 block_puts=4 deleted=0
checkpoint_phase lsn=20312 phase=value_index_write slot=0 started_ns=1790174739312741000 ended_ns=1790174739315814584 elapsed_us=3073 block_gets=0 block_puts=4 deleted=0
checkpoint_phase lsn=20312 phase=value_index_write slot=0 started_ns=1790174739315822000 ended_ns=1790174739320984958 elapsed_us=5162 block_gets=0 block_puts=5 deleted=0
checkpoint_phase lsn=20312 phase=value_index_write slot=0 started_ns=1790174739320995000 ended_ns=1790174739326053042 elapsed_us=5058 block_gets=0 block_puts=4 deleted=0
checkpoint_phase lsn=20312 phase=value_index_write slot=0 started_ns=1790174739326064000 ended_ns=1790174739329856333 elapsed_us=3792 block_gets=0 block_puts=4 deleted=0
checkpoint_phase lsn=20312 phase=value_index_write slot=0 started_ns=1790174739329866000 ended_ns=1790174739334055584 elapsed_us=4189 block_gets=0 block_puts=4 deleted=0
checkpoint_phase lsn=20312 phase=value_index_write slot=0 started_ns=1790174739334066000 ended_ns=1790174739337721708 elapsed_us=3655 block_gets=0 block_puts=4 deleted=0
checkpoint_phase lsn=20312 phase=value_index_write slot=0 started_ns=1790174739337731000 ended_ns=1790174739341109292 elapsed_us=3378 block_gets=0 block_puts=4 deleted=0
checkpoint_phase lsn=20312 phase=value_index_write slot=0 started_ns=1790174739341119000 ended_ns=1790174739345267042 elapsed_us=4148 block_gets=0 block_puts=4 deleted=0
checkpoint_phase lsn=20312 phase=value_index_write slot=0 started_ns=1790174739345276000 ended_ns=1790174739351354083 elapsed_us=6078 block_gets=0 block_puts=4 deleted=0
checkpoint_phase lsn=20312 phase=value_index_write slot=0 started_ns=1790174739351365000 ended_ns=1790174739362032125 elapsed_us=10667 block_gets=0 block_puts=5 deleted=0
checkpoint_phase lsn=20312 phase=value_index_write slot=0 started_ns=1790174739362043000 ended_ns=1790174739365994916 elapsed_us=3951 block_gets=0 block_puts=4 deleted=0
checkpoint_phase lsn=20312 phase=value_index_write slot=0 started_ns=1790174739366008000 ended_ns=1790174739371093500 elapsed_us=5085 block_gets=0 block_puts=4 deleted=0
checkpoint_phase lsn=20312 phase=value_index_write slot=0 started_ns=1790174739371107000 ended_ns=1790174739375704500 elapsed_us=4597 block_gets=0 block_puts=4 deleted=0
checkpoint_phase lsn=20312 phase=value_index_write slot=0 started_ns=1790174739375715000 ended_ns=1790174739382109416 elapsed_us=6394 block_gets=0 block_puts=4 deleted=0
checkpoint_phase lsn=20312 phase=value_index_write slot=0 started_ns=1790174739382119000 ended_ns=1790174739387404125 elapsed_us=5285 block_gets=0 block_puts=4 deleted=0
checkpoint_phase lsn=20312 phase=value_index_write slot=0 started_ns=1790174739387415000 ended_ns=1790174739391828375 elapsed_us=4413 block_gets=0 block_puts=4 deleted=0
checkpoint_phase lsn=20312 phase=value_index_write slot=0 started_ns=1790174739391840000 ended_ns=1790174739395447583 elapsed_us=3607 block_gets=0 block_puts=4 deleted=0
checkpoint_phase lsn=20312 phase=value_index_write slot=0 started_ns=1790174739395457000 ended_ns=1790174739400307000 elapsed_us=4850 block_gets=0 block_puts=5 deleted=0
checkpoint_phase lsn=20312 phase=value_index_write slot=0 started_ns=1790174739400317000 ended_ns=1790174739403312000 elapsed_us=2995 block_gets=0 block_puts=4 deleted=0
checkpoint_phase lsn=20312 phase=value_index_write slot=0 started_ns=1790174739403320000 ended_ns=1790174739406017750 elapsed_us=2697 block_gets=0 block_puts=4 deleted=0
checkpoint_phase lsn=20312 phase=value_index_write slot=0 started_ns=1790174739406028000 ended_ns=1790174739410088208 elapsed_us=4060 block_gets=0 block_puts=4 deleted=0
checkpoint_phase lsn=20312 phase=value_index_write slot=0 started_ns=1790174739410096000 ended_ns=1790174739413503625 elapsed_us=3407 block_gets=0 block_puts=4 deleted=0
checkpoint_phase lsn=20312 phase=value_index_write slot=0 started_ns=1790174739413511000 ended_ns=1790174739417231917 elapsed_us=3720 block_gets=0 block_puts=4 deleted=0
checkpoint_phase lsn=20312 phase=value_index_write slot=0 started_ns=1790174739417239000 ended_ns=1790174739420722500 elapsed_us=3483 block_gets=0 block_puts=4 deleted=0
checkpoint_phase lsn=20312 phase=value_index_write slot=0 started_ns=1790174739420731000 ended_ns=1790174739423687959 elapsed_us=2956 block_gets=0 block_puts=4 deleted=0
checkpoint_phase lsn=20312 phase=value_index_write slot=0 started_ns=1790174739423695000 ended_ns=1790174739428354291 elapsed_us=4659 block_gets=0 block_puts=5 deleted=0
checkpoint_phase lsn=20312 phase=value_index_write slot=0 started_ns=1790174739428362000 ended_ns=1790174739431784042 elapsed_us=3422 block_gets=0 block_puts=4 deleted=0
checkpoint_phase lsn=20312 phase=value_index_write slot=0 started_ns=1790174739431796000 ended_ns=1790174739435417458 elapsed_us=3621 block_gets=0 block_puts=4 deleted=0
checkpoint_phase lsn=20312 phase=value_index_write slot=0 started_ns=1790174739435427000 ended_ns=1790174739445834834 elapsed_us=10407 block_gets=0 block_puts=5 deleted=0
checkpoint_phase lsn=20312 phase=value_index_schedule slot=0 started_ns=1790174739445850000 ended_ns=1790174739445853709 elapsed_us=3 block_gets=0 block_puts=0 deleted=0
checkpoint_phase lsn=20312 phase=value_index_schedule slot=0 started_ns=1790174739445859000 ended_ns=1790174739446732042 elapsed_us=873 block_gets=0 block_puts=0 deleted=0
checkpoint_phase lsn=20312 phase=value_index_schedule slot=0 started_ns=1790174739446740000 ended_ns=1790174739453885125 elapsed_us=7145 block_gets=8 block_puts=0 deleted=0
checkpoint_phase lsn=20312 phase=value_index_schedule slot=0 started_ns=1790174739453898000 ended_ns=1790174739462456167 elapsed_us=8558 block_gets=8 block_puts=0 deleted=0
checkpoint_phase lsn=20312 phase=value_index_schedule slot=0 started_ns=1790174739462469000 ended_ns=1790174739466629584 elapsed_us=4160 block_gets=3 block_puts=0 deleted=0
checkpoint_phase lsn=20312 phase=value_index_schedule slot=0 started_ns=1790174739466644000 ended_ns=1790174739466677958 elapsed_us=33 block_gets=0 block_puts=0 deleted=0
checkpoint_phase lsn=20312 phase=value_index_schedule slot=0 started_ns=1790174739466685000 ended_ns=1790174739466713417 elapsed_us=28 block_gets=0 block_puts=0 deleted=0
checkpoint_phase lsn=20312 phase=value_index_schedule slot=0 started_ns=1790174739466719000 ended_ns=1790174739466747167 elapsed_us=28 block_gets=0 block_puts=0 deleted=0
checkpoint_phase lsn=20312 phase=value_index_schedule slot=0 started_ns=1790174739466753000 ended_ns=1790174739471752666 elapsed_us=4999 block_gets=0 block_puts=1 deleted=0
checkpoint_phase lsn=20312 phase=value_index_schedule slot=0 started_ns=1790174739471765000 ended_ns=1790174739471807000 elapsed_us=42 block_gets=0 block_puts=0 deleted=0
checkpoint_phase lsn=20312 phase=value_index_schedule slot=0 started_ns=1790174739471814000 ended_ns=1790174739480359042 elapsed_us=8545 block_gets=0 block_puts=4 deleted=0
checkpoint_phase lsn=20312 phase=value_index_schedule slot=0 started_ns=1790174739480373000 ended_ns=1790174739485779584 elapsed_us=5406 block_gets=8 block_puts=0 deleted=0
checkpoint_phase lsn=20312 phase=value_index_schedule slot=0 started_ns=1790174739485788000 ended_ns=1790174739489580000 elapsed_us=3792 block_gets=8 block_puts=0 deleted=0
checkpoint_phase lsn=20312 phase=value_index_schedule slot=0 started_ns=1790174739489590000 ended_ns=1790174739493823167 elapsed_us=4233 block_gets=8 block_puts=0 deleted=0
checkpoint_phase lsn=20312 phase=value_index_schedule slot=0 started_ns=1790174739493832000 ended_ns=1790174739498297708 elapsed_us=4465 block_gets=8 block_puts=0 deleted=0
checkpoint_phase lsn=20312 phase=value_index_schedule slot=0 started_ns=1790174739498309000 ended_ns=1790174739502770541 elapsed_us=4461 block_gets=8 block_puts=0 deleted=0
checkpoint_phase lsn=20312 phase=value_index_schedule slot=0 started_ns=1790174739502779000 ended_ns=1790174739506638583 elapsed_us=3859 block_gets=8 block_puts=0 deleted=0
checkpoint_phase lsn=20312 phase=value_index_schedule slot=0 started_ns=1790174739506650000 ended_ns=1790174739510434708 elapsed_us=3784 block_gets=8 block_puts=0 deleted=0
checkpoint_phase lsn=20312 phase=value_index_schedule slot=0 started_ns=1790174739510444000 ended_ns=1790174739514434250 elapsed_us=3990 block_gets=8 block_puts=0 deleted=0
checkpoint_phase lsn=20312 phase=value_index_schedule slot=0 started_ns=1790174739514443000 ended_ns=1790174739518855041 elapsed_us=4412 block_gets=8 block_puts=0 deleted=0
checkpoint_phase lsn=20312 phase=value_index_schedule slot=0 started_ns=1790174739518866000 ended_ns=1790174739522835000 elapsed_us=3969 block_gets=8 block_puts=0 deleted=0
checkpoint_phase lsn=20312 phase=value_index_schedule slot=0 started_ns=1790174739522844000 ended_ns=1790174739531925833 elapsed_us=9081 block_gets=8 block_puts=0 deleted=0
checkpoint_phase lsn=20312 phase=value_index_schedule slot=0 started_ns=1790174739531940000 ended_ns=1790174739553568458 elapsed_us=21628 block_gets=7 block_puts=0 deleted=0
checkpoint_phase lsn=20312 phase=value_index_schedule slot=0 started_ns=1790174739553577000 ended_ns=1790174739553607875 elapsed_us=30 block_gets=0 block_puts=0 deleted=0
checkpoint_phase lsn=20312 phase=value_index_schedule slot=0 started_ns=1790174739553613000 ended_ns=1790174739553638292 elapsed_us=25 block_gets=0 block_puts=0 deleted=0
checkpoint_phase lsn=20312 phase=value_index_schedule slot=0 started_ns=1790174739553643000 ended_ns=1790174739553668125 elapsed_us=25 block_gets=0 block_puts=0 deleted=0
checkpoint_phase lsn=20312 phase=value_index_schedule slot=0 started_ns=1790174739553673000 ended_ns=1790174739569882958 elapsed_us=16209 block_gets=0 block_puts=1 deleted=0
checkpoint_phase lsn=20312 phase=value_index_schedule slot=0 started_ns=1790174739569891000 ended_ns=1790174739569918292 elapsed_us=27 block_gets=0 block_puts=0 deleted=0
checkpoint_phase lsn=20312 phase=value_index_schedule slot=0 started_ns=1790174739569926000 ended_ns=1790174739587893375 elapsed_us=17967 block_gets=0 block_puts=4 deleted=0
checkpoint_phase lsn=20312 phase=value_index_schedule slot=0 started_ns=1790174739587914000 ended_ns=1790174739588813750 elapsed_us=899 block_gets=0 block_puts=0 deleted=0
checkpoint_phase lsn=20312 phase=value_index_schedule slot=0 started_ns=1790174739588824000 ended_ns=1790174739589009209 elapsed_us=185 block_gets=0 block_puts=0 deleted=0
checkpoint_phase lsn=20312 phase=value_index_schedule slot=0 started_ns=1790174739589016000 ended_ns=1790174739589192042 elapsed_us=176 block_gets=0 block_puts=0 deleted=0
checkpoint_phase lsn=20312 phase=value_index_schedule slot=0 started_ns=1790174739589198000 ended_ns=1790174739589370833 elapsed_us=172 block_gets=0 block_puts=0 deleted=0
checkpoint_phase lsn=20312 phase=value_index_schedule slot=0 started_ns=1790174739589377000 ended_ns=1790174739600942250 elapsed_us=11565 block_gets=0 block_puts=1 deleted=0
checkpoint_phase lsn=20312 phase=value_index_schedule slot=0 started_ns=1790174739600962000 ended_ns=1790174739601160541 elapsed_us=198 block_gets=0 block_puts=0 deleted=0
checkpoint_phase lsn=20312 phase=value_index_schedule slot=0 started_ns=1790174739601170000 ended_ns=1790174739601358958 elapsed_us=188 block_gets=0 block_puts=0 deleted=0
checkpoint_phase lsn=20312 phase=value_index_schedule slot=0 started_ns=1790174739601366000 ended_ns=1790174739601556041 elapsed_us=190 block_gets=0 block_puts=0 deleted=0
checkpoint_phase lsn=20312 phase=value_index_schedule slot=0 started_ns=1790174739601562000 ended_ns=1790174739610600292 elapsed_us=9038 block_gets=0 block_puts=1 deleted=0
checkpoint_phase lsn=20312 phase=value_index_schedule slot=0 started_ns=1790174739610620000 ended_ns=1790174739610727459 elapsed_us=107 block_gets=0 block_puts=0 deleted=0
checkpoint_phase lsn=20312 phase=value_index_schedule slot=0 started_ns=1790174739610736000 ended_ns=1790174739610838542 elapsed_us=102 block_gets=0 block_puts=0 deleted=0
checkpoint_phase lsn=20312 phase=value_index_schedule slot=0 started_ns=1790174739610847000 ended_ns=1790174739610920875 elapsed_us=73 block_gets=0 block_puts=0 deleted=0
checkpoint_phase lsn=20312 phase=value_index_schedule slot=0 started_ns=1790174739610929000 ended_ns=1790174739627908042 elapsed_us=16979 block_gets=0 block_puts=4 deleted=0
checkpoint_phase lsn=20312 phase=value_index_schedule slot=0 started_ns=1790174739627922000 ended_ns=1790174739631894416 elapsed_us=3972 block_gets=0 block_puts=0 deleted=0
checkpoint_phase lsn=20312 phase=value_index_schedule slot=0 started_ns=1790174739631907000 ended_ns=1790174739635407292 elapsed_us=3500 block_gets=0 block_puts=0 deleted=0
checkpoint_phase lsn=20312 phase=value_index_schedule slot=0 started_ns=1790174739635419000 ended_ns=1790174739635452917 elapsed_us=33 block_gets=0 block_puts=0 deleted=0
checkpoint_phase lsn=20312 phase=value_index_schedule slot=0 started_ns=1790174739635463000 ended_ns=1790174739635491166 elapsed_us=28 block_gets=0 block_puts=0 deleted=0
checkpoint_phase lsn=20312 phase=value_index_schedule slot=0 started_ns=1790174739635501000 ended_ns=1790174739635529084 elapsed_us=28 block_gets=0 block_puts=0 deleted=0
checkpoint_phase lsn=20312 phase=value_index_schedule slot=0 started_ns=1790174739635539000 ended_ns=1790174739642624958 elapsed_us=7085 block_gets=0 block_puts=1 deleted=0
checkpoint_phase lsn=20312 phase=value_index_schedule slot=0 started_ns=1790174739642646000 ended_ns=1790174739642681084 elapsed_us=35 block_gets=0 block_puts=0 deleted=0
checkpoint_phase lsn=20312 phase=value_index_schedule slot=0 started_ns=1790174739642691000 ended_ns=1790174739651980375 elapsed_us=9289 block_gets=0 block_puts=4 deleted=0
checkpoint_phase lsn=20312 phase=value_index_schedule slot=0 started_ns=1790174739651992000 ended_ns=1790174739655651000 elapsed_us=3659 block_gets=0 block_puts=0 deleted=0
checkpoint_phase lsn=20312 phase=value_index_schedule slot=0 started_ns=1790174739655661000 ended_ns=1790174739658787000 elapsed_us=3126 block_gets=0 block_puts=0 deleted=0
checkpoint_phase lsn=20312 phase=value_index_schedule slot=0 started_ns=1790174739658796000 ended_ns=1790174739658829959 elapsed_us=33 block_gets=0 block_puts=0 deleted=0
checkpoint_phase lsn=20312 phase=value_index_schedule slot=0 started_ns=1790174739658836000 ended_ns=1790174739658862334 elapsed_us=26 block_gets=0 block_puts=0 deleted=0
checkpoint_phase lsn=20312 phase=value_index_schedule slot=0 started_ns=1790174739658868000 ended_ns=1790174739658894375 elapsed_us=26 block_gets=0 block_puts=0 deleted=0
checkpoint_phase lsn=20312 phase=value_index_schedule slot=0 started_ns=1790174739658899000 ended_ns=1790174739669179083 elapsed_us=10280 block_gets=0 block_puts=1 deleted=0
checkpoint_phase lsn=20312 phase=value_index_schedule slot=0 started_ns=1790174739669196000 ended_ns=1790174739669231708 elapsed_us=35 block_gets=0 block_puts=0 deleted=0
checkpoint_phase lsn=20312 phase=value_index_schedule slot=0 started_ns=1790174739669240000 ended_ns=1790174739681515125 elapsed_us=12275 block_gets=0 block_puts=4 deleted=0
checkpoint_phase lsn=20312 phase=value_index_schedule slot=0 started_ns=1790174739681531000 ended_ns=1790174739682231042 elapsed_us=700 block_gets=0 block_puts=0 deleted=0
checkpoint_phase lsn=20312 phase=value_index_schedule slot=0 started_ns=1790174739682239000 ended_ns=1790174739682384083 elapsed_us=145 block_gets=0 block_puts=0 deleted=0
checkpoint_phase lsn=20312 phase=value_index_schedule slot=0 started_ns=1790174739682390000 ended_ns=1790174739682521500 elapsed_us=131 block_gets=0 block_puts=0 deleted=0
checkpoint_phase lsn=20312 phase=value_index_schedule slot=0 started_ns=1790174739682528000 ended_ns=1790174739682658917 elapsed_us=130 block_gets=0 block_puts=0 deleted=0
checkpoint_phase lsn=20312 phase=value_index_schedule slot=0 started_ns=1790174739682664000 ended_ns=1790174739686527792 elapsed_us=3863 block_gets=0 block_puts=1 deleted=0
checkpoint_phase lsn=20312 phase=value_index_schedule slot=0 started_ns=1790174739686538000 ended_ns=1790174739686669167 elapsed_us=131 block_gets=0 block_puts=0 deleted=0
checkpoint_phase lsn=20312 phase=value_index_schedule slot=0 started_ns=1790174739686675000 ended_ns=1790174739686805750 elapsed_us=130 block_gets=0 block_puts=0 deleted=0
checkpoint_phase lsn=20312 phase=value_index_schedule slot=0 started_ns=1790174739686811000 ended_ns=1790174739686939042 elapsed_us=128 block_gets=0 block_puts=0 deleted=0
checkpoint_phase lsn=20312 phase=value_index_schedule slot=0 started_ns=1790174739686943000 ended_ns=1790174739695943834 elapsed_us=9000 block_gets=0 block_puts=1 deleted=0
checkpoint_phase lsn=20312 phase=value_index_schedule slot=0 started_ns=1790174739695957000 ended_ns=1790174739696041334 elapsed_us=84 block_gets=0 block_puts=0 deleted=0
checkpoint_phase lsn=20312 phase=value_index_schedule slot=0 started_ns=1790174739696047000 ended_ns=1790174739696129542 elapsed_us=82 block_gets=0 block_puts=0 deleted=0
checkpoint_phase lsn=20312 phase=value_index_schedule slot=0 started_ns=1790174739696137000 ended_ns=1790174739696197708 elapsed_us=60 block_gets=0 block_puts=0 deleted=0
checkpoint_phase lsn=20312 phase=value_index_schedule slot=0 started_ns=1790174739696205000 ended_ns=1790174739704300792 elapsed_us=8095 block_gets=0 block_puts=4 deleted=0
checkpoint_phase lsn=20312 phase=value_index_schedule slot=0 started_ns=1790174739704315000 ended_ns=1790174739705010292 elapsed_us=695 block_gets=0 block_puts=0 deleted=0
checkpoint_phase lsn=20312 phase=value_index_schedule slot=0 started_ns=1790174739705018000 ended_ns=1790174739705157583 elapsed_us=139 block_gets=0 block_puts=0 deleted=0
checkpoint_phase lsn=20312 phase=value_index_schedule slot=0 started_ns=1790174739705164000 ended_ns=1790174739705292583 elapsed_us=128 block_gets=0 block_puts=0 deleted=0
checkpoint_phase lsn=20312 phase=value_index_schedule slot=0 started_ns=1790174739705299000 ended_ns=1790174739705428917 elapsed_us=129 block_gets=0 block_puts=0 deleted=0
checkpoint_phase lsn=20312 phase=value_index_schedule slot=0 started_ns=1790174739705434000 ended_ns=1790174739712081042 elapsed_us=6647 block_gets=0 block_puts=1 deleted=0
checkpoint_phase lsn=20312 phase=value_index_schedule slot=0 started_ns=1790174739712094000 ended_ns=1790174739712226792 elapsed_us=132 block_gets=0 block_puts=0 deleted=0
checkpoint_phase lsn=20312 phase=value_index_schedule slot=0 started_ns=1790174739712236000 ended_ns=1790174739712365042 elapsed_us=129 block_gets=0 block_puts=0 deleted=0
checkpoint_phase lsn=20312 phase=value_index_schedule slot=0 started_ns=1790174739712373000 ended_ns=1790174739712500500 elapsed_us=127 block_gets=0 block_puts=0 deleted=0
checkpoint_phase lsn=20312 phase=value_index_schedule slot=0 started_ns=1790174739712507000 ended_ns=1790174739717938667 elapsed_us=5431 block_gets=0 block_puts=1 deleted=0
checkpoint_phase lsn=20312 phase=value_index_schedule slot=0 started_ns=1790174739717949000 ended_ns=1790174739718660875 elapsed_us=711 block_gets=0 block_puts=0 deleted=0
checkpoint_phase lsn=20312 phase=value_index_schedule slot=0 started_ns=1790174739718670000 ended_ns=1790174739718801209 elapsed_us=131 block_gets=0 block_puts=0 deleted=0
checkpoint_phase lsn=20312 phase=value_index_schedule slot=0 started_ns=1790174739718807000 ended_ns=1790174739718939000 elapsed_us=132 block_gets=0 block_puts=0 deleted=0
checkpoint_phase lsn=20312 phase=value_index_schedule slot=0 started_ns=1790174739718947000 ended_ns=1790174739724038583 elapsed_us=5091 block_gets=0 block_puts=1 deleted=0
checkpoint_phase lsn=20312 phase=value_index_schedule slot=0 started_ns=1790174739724050000 ended_ns=1790174739724094875 elapsed_us=44 block_gets=0 block_puts=0 deleted=0
checkpoint_phase lsn=20312 phase=value_index_schedule slot=0 started_ns=1790174739724104000 ended_ns=1790174739724240167 elapsed_us=136 block_gets=0 block_puts=0 deleted=0
checkpoint_phase lsn=20312 phase=value_index_schedule slot=0 started_ns=1790174739724247000 ended_ns=1790174739729029500 elapsed_us=4782 block_gets=0 block_puts=1 deleted=0
checkpoint_phase lsn=20312 phase=value_index_schedule slot=0 started_ns=1790174739729041000 ended_ns=1790174739729145459 elapsed_us=104 block_gets=0 block_puts=0 deleted=0
checkpoint_phase lsn=20312 phase=value_index_schedule slot=0 started_ns=1790174739729150000 ended_ns=1790174739729259083 elapsed_us=109 block_gets=0 block_puts=0 deleted=0
checkpoint_phase lsn=20312 phase=value_index_schedule slot=0 started_ns=1790174739729264000 ended_ns=1790174739729371333 elapsed_us=107 block_gets=0 block_puts=0 deleted=0
checkpoint_phase lsn=20312 phase=value_index_schedule slot=0 started_ns=1790174739729376000 ended_ns=1790174739734041000 elapsed_us=4665 block_gets=0 block_puts=1 deleted=0
checkpoint_phase lsn=20312 phase=value_index_schedule slot=0 started_ns=1790174739734051000 ended_ns=1790174739734161709 elapsed_us=110 block_gets=0 block_puts=0 deleted=0
checkpoint_phase lsn=20312 phase=value_index_schedule slot=0 started_ns=1790174739734168000 ended_ns=1790174739734273791 elapsed_us=105 block_gets=0 block_puts=0 deleted=0
checkpoint_phase lsn=20312 phase=value_index_schedule slot=0 started_ns=1790174739734282000 ended_ns=1790174739746959958 elapsed_us=12677 block_gets=0 block_puts=4 deleted=0
checkpoint_phase lsn=20312 phase=value_index_schedule slot=0 started_ns=1790174739746974000 ended_ns=1790174739749834792 elapsed_us=2860 block_gets=0 block_puts=0 deleted=0
checkpoint_phase lsn=20312 phase=value_index_schedule slot=0 started_ns=1790174739749845000 ended_ns=1790174739752466458 elapsed_us=2621 block_gets=0 block_puts=0 deleted=0
checkpoint_phase lsn=20312 phase=value_index_schedule slot=0 started_ns=1790174739752481000 ended_ns=1790174739752510584 elapsed_us=29 block_gets=0 block_puts=0 deleted=0
checkpoint_phase lsn=20312 phase=value_index_schedule slot=0 started_ns=1790174739752518000 ended_ns=1790174739752540625 elapsed_us=22 block_gets=0 block_puts=0 deleted=0
checkpoint_phase lsn=20312 phase=value_index_schedule slot=0 started_ns=1790174739752548000 ended_ns=1790174739752570542 elapsed_us=22 block_gets=0 block_puts=0 deleted=0
checkpoint_phase lsn=20312 phase=value_index_schedule slot=0 started_ns=1790174739752575000 ended_ns=1790174739756462292 elapsed_us=3887 block_gets=0 block_puts=1 deleted=0
checkpoint_phase lsn=20312 phase=value_index_schedule slot=0 started_ns=1790174739756473000 ended_ns=1790174739756498792 elapsed_us=25 block_gets=0 block_puts=0 deleted=0
checkpoint_phase lsn=20312 phase=value_index_schedule slot=0 started_ns=1790174739756505000 ended_ns=1790174739762869083 elapsed_us=6364 block_gets=0 block_puts=4 deleted=0
checkpoint_phase lsn=20312 phase=value_index_schedule slot=0 started_ns=1790174739762881000 ended_ns=1790174739765793167 elapsed_us=2912 block_gets=0 block_puts=0 deleted=0
checkpoint_phase lsn=20312 phase=value_index_schedule slot=0 started_ns=1790174739765808000 ended_ns=1790174739766263958 elapsed_us=455 block_gets=0 block_puts=0 deleted=0
checkpoint_phase lsn=20312 phase=value_index_schedule slot=0 started_ns=1790174739766275000 ended_ns=1790174739766302125 elapsed_us=27 block_gets=0 block_puts=0 deleted=0
checkpoint_phase lsn=20312 phase=value_index_schedule slot=0 started_ns=1790174739766307000 ended_ns=1790174739766329208 elapsed_us=22 block_gets=0 block_puts=0 deleted=0
checkpoint_phase lsn=20312 phase=value_index_schedule slot=0 started_ns=1790174739766333000 ended_ns=1790174739766355250 elapsed_us=22 block_gets=0 block_puts=0 deleted=0
checkpoint_phase lsn=20312 phase=value_index_schedule slot=0 started_ns=1790174739766360000 ended_ns=1790174739774249166 elapsed_us=7889 block_gets=0 block_puts=4 deleted=0
checkpoint_phase lsn=20312 phase=value_index_schedule slot=0 started_ns=1790174739774264000 ended_ns=1790174739774438458 elapsed_us=174 block_gets=0 block_puts=0 deleted=0
checkpoint_phase lsn=20312 phase=value_index_schedule slot=0 started_ns=1790174739774445000 ended_ns=1790174739774579708 elapsed_us=134 block_gets=0 block_puts=0 deleted=0
checkpoint_phase lsn=20312 phase=value_index_schedule slot=0 started_ns=1790174739774586000 ended_ns=1790174739774709625 elapsed_us=123 block_gets=0 block_puts=0 deleted=0
checkpoint_phase lsn=20312 phase=value_index_schedule slot=0 started_ns=1790174739774715000 ended_ns=1790174739774843375 elapsed_us=128 block_gets=0 block_puts=0 deleted=0
checkpoint_phase lsn=20312 phase=value_index_schedule slot=0 started_ns=1790174739774848000 ended_ns=1790174739781073208 elapsed_us=6225 block_gets=0 block_puts=1 deleted=0
checkpoint_phase lsn=20312 phase=value_index_schedule slot=0 started_ns=1790174739781085000 ended_ns=1790174739781203625 elapsed_us=118 block_gets=0 block_puts=0 deleted=0
checkpoint_phase lsn=20312 phase=value_index_schedule slot=0 started_ns=1790174739781209000 ended_ns=1790174739781323583 elapsed_us=114 block_gets=0 block_puts=0 deleted=0
checkpoint_phase lsn=20312 phase=value_index_schedule slot=0 started_ns=1790174739781331000 ended_ns=1790174739781479666 elapsed_us=148 block_gets=0 block_puts=0 deleted=0
checkpoint_phase lsn=20312 phase=value_index_schedule slot=0 started_ns=1790174739781484000 ended_ns=1790174739787265000 elapsed_us=5781 block_gets=0 block_puts=1 deleted=0
checkpoint_phase lsn=20312 phase=value_index_schedule slot=0 started_ns=1790174739787289000 ended_ns=1790174739787383167 elapsed_us=94 block_gets=0 block_puts=0 deleted=0
checkpoint_phase lsn=20312 phase=value_index_schedule slot=0 started_ns=1790174739787389000 ended_ns=1790174739795676083 elapsed_us=8287 block_gets=0 block_puts=4 deleted=0
checkpoint_phase lsn=20312 phase=value_index_schedule slot=0 started_ns=1790174739795688000 ended_ns=1790174739795688416 elapsed_us=0 block_gets=0 block_puts=0 deleted=0
checkpoint_phase lsn=20312 phase=value_index_schedule slot=0 started_ns=1790174739795693000 ended_ns=1790174739796383084 elapsed_us=690 block_gets=0 block_puts=0 deleted=0
checkpoint_phase lsn=20312 phase=value_index_schedule slot=0 started_ns=1790174739796389000 ended_ns=1790174739796541541 elapsed_us=152 block_gets=0 block_puts=0 deleted=0
checkpoint_phase lsn=20312 phase=value_index_schedule slot=0 started_ns=1790174739796546000 ended_ns=1790174739796680667 elapsed_us=134 block_gets=0 block_puts=0 deleted=0
checkpoint_phase lsn=20312 phase=value_index_schedule slot=0 started_ns=1790174739796687000 ended_ns=1790174739796820916 elapsed_us=133 block_gets=0 block_puts=0 deleted=0
checkpoint_phase lsn=20312 phase=value_index_schedule slot=0 started_ns=1790174739796826000 ended_ns=1790174739801554916 elapsed_us=4728 block_gets=0 block_puts=1 deleted=0
checkpoint_phase lsn=20312 phase=value_index_schedule slot=0 started_ns=1790174739801564000 ended_ns=1790174739801698083 elapsed_us=134 block_gets=0 block_puts=0 deleted=0
checkpoint_phase lsn=20312 phase=value_index_schedule slot=0 started_ns=1790174739801703000 ended_ns=1790174739802406042 elapsed_us=703 block_gets=0 block_puts=0 deleted=0
checkpoint_phase lsn=20312 phase=value_index_schedule slot=0 started_ns=1790174739802418000 ended_ns=1790174739802544833 elapsed_us=126 block_gets=0 block_puts=0 deleted=0
checkpoint_phase lsn=20312 phase=value_index_schedule slot=0 started_ns=1790174739802551000 ended_ns=1790174739806652417 elapsed_us=4101 block_gets=0 block_puts=1 deleted=0
checkpoint_phase lsn=20312 phase=value_index_schedule slot=0 started_ns=1790174739806665000 ended_ns=1790174739806792125 elapsed_us=127 block_gets=0 block_puts=0 deleted=0
checkpoint_phase lsn=20312 phase=value_index_schedule slot=0 started_ns=1790174739806797000 ended_ns=1790174739806923708 elapsed_us=126 block_gets=0 block_puts=0 deleted=0
checkpoint_phase lsn=20312 phase=value_index_schedule slot=0 started_ns=1790174739806928000 ended_ns=1790174739807620375 elapsed_us=692 block_gets=0 block_puts=0 deleted=0
checkpoint_phase lsn=20312 phase=value_index_schedule slot=0 started_ns=1790174739807628000 ended_ns=1790174739812012750 elapsed_us=4384 block_gets=0 block_puts=1 deleted=0
checkpoint_phase lsn=20312 phase=value_index_schedule slot=0 started_ns=1790174739812026000 ended_ns=1790174739812247542 elapsed_us=221 block_gets=0 block_puts=0 deleted=0
checkpoint_phase lsn=20312 phase=value_index_schedule slot=0 started_ns=1790174739812256000 ended_ns=1790174739812382458 elapsed_us=126 block_gets=0 block_puts=0 deleted=0
checkpoint_phase lsn=20312 phase=value_index_schedule slot=0 started_ns=1790174739812390000 ended_ns=1790174739817350792 elapsed_us=4960 block_gets=0 block_puts=1 deleted=0
checkpoint_phase lsn=20312 phase=value_index_schedule slot=0 started_ns=1790174739817361000 ended_ns=1790174739818058250 elapsed_us=697 block_gets=0 block_puts=0 deleted=0
checkpoint_phase lsn=20312 phase=value_index_schedule slot=0 started_ns=1790174739818067000 ended_ns=1790174739818191292 elapsed_us=124 block_gets=0 block_puts=0 deleted=0
checkpoint_phase lsn=20312 phase=value_index_schedule slot=0 started_ns=1790174739818198000 ended_ns=1790174739818320959 elapsed_us=122 block_gets=0 block_puts=0 deleted=0
checkpoint_phase lsn=20312 phase=value_index_schedule slot=0 started_ns=1790174739818328000 ended_ns=1790174739824161208 elapsed_us=5833 block_gets=0 block_puts=1 deleted=0
checkpoint_phase lsn=20312 phase=value_index_schedule slot=0 started_ns=1790174739824172000 ended_ns=1790174739824301625 elapsed_us=129 block_gets=0 block_puts=0 deleted=0
checkpoint_phase lsn=20312 phase=value_index_schedule slot=0 started_ns=1790174739824313000 ended_ns=1790174739825007000 elapsed_us=694 block_gets=0 block_puts=0 deleted=0
checkpoint_phase lsn=20312 phase=value_index_schedule slot=0 started_ns=1790174739825015000 ended_ns=1790174739825138584 elapsed_us=123 block_gets=0 block_puts=0 deleted=0
checkpoint_phase lsn=20312 phase=value_index_schedule slot=0 started_ns=1790174739825145000 ended_ns=1790174739830061042 elapsed_us=4916 block_gets=0 block_puts=1 deleted=0
checkpoint_phase lsn=20312 phase=value_index_schedule slot=0 started_ns=1790174739830076000 ended_ns=1790174739830202333 elapsed_us=126 block_gets=0 block_puts=0 deleted=0
checkpoint_phase lsn=20312 phase=value_index_schedule slot=0 started_ns=1790174739830209000 ended_ns=1790174739830358666 elapsed_us=149 block_gets=0 block_puts=0 deleted=0
checkpoint_phase lsn=20312 phase=value_index_schedule slot=0 started_ns=1790174739830364000 ended_ns=1790174739837220042 elapsed_us=6856 block_gets=0 block_puts=1 deleted=0
checkpoint_phase lsn=20312 phase=value_index_schedule slot=0 started_ns=1790174739837232000 ended_ns=1790174739837726291 elapsed_us=494 block_gets=0 block_puts=0 deleted=0
checkpoint_phase lsn=20312 phase=value_index_schedule slot=0 started_ns=1790174739837734000 ended_ns=1790174739837825666 elapsed_us=91 block_gets=0 block_puts=0 deleted=0
checkpoint_phase lsn=20312 phase=value_index_schedule slot=0 started_ns=1790174739837832000 ended_ns=1790174739837922083 elapsed_us=90 block_gets=0 block_puts=0 deleted=0
checkpoint_phase lsn=20312 phase=value_index_schedule slot=0 started_ns=1790174739837929000 ended_ns=1790174739837993916 elapsed_us=64 block_gets=0 block_puts=0 deleted=0
checkpoint_phase lsn=20312 phase=value_index_schedule slot=0 started_ns=1790174739838001000 ended_ns=1790174739849334334 elapsed_us=11333 block_gets=0 block_puts=4 deleted=0
checkpoint_phase lsn=20312 phase=value_index_schedule slot=0 started_ns=1790174739849348000 ended_ns=1790174739849348375 elapsed_us=0 block_gets=0 block_puts=0 deleted=0
checkpoint_phase lsn=20312 phase=value_index_write slot=0 started_ns=1790174739849355000 ended_ns=1790174739855301625 elapsed_us=5946 block_gets=0 block_puts=4 deleted=0
checkpoint_phase lsn=20312 phase=value_index_write slot=0 started_ns=1790174739855312000 ended_ns=1790174739863379625 elapsed_us=8067 block_gets=0 block_puts=4 deleted=0
checkpoint_phase lsn=20312 phase=value_index_write slot=0 started_ns=1790174739863396000 ended_ns=1790174739894031458 elapsed_us=30635 block_gets=0 block_puts=4 deleted=0
checkpoint_phase lsn=20312 phase=value_index_write slot=0 started_ns=1790174739894045000 ended_ns=1790174739920351875 elapsed_us=26306 block_gets=0 block_puts=4 deleted=0
checkpoint_phase lsn=20312 phase=value_index_write slot=0 started_ns=1790174739920365000 ended_ns=1790174739926751084 elapsed_us=6386 block_gets=0 block_puts=4 deleted=0
checkpoint_phase lsn=20312 phase=value_index_write slot=0 started_ns=1790174739926764000 ended_ns=1790174739932690541 elapsed_us=5926 block_gets=0 block_puts=4 deleted=0
checkpoint_phase lsn=20312 phase=value_index_write slot=0 started_ns=1790174739932708000 ended_ns=1790174739940498667 elapsed_us=7790 block_gets=0 block_puts=4 deleted=0
checkpoint_phase lsn=20312 phase=value_index_write slot=0 started_ns=1790174739940512000 ended_ns=1790174739947812500 elapsed_us=7300 block_gets=0 block_puts=4 deleted=0
checkpoint_phase lsn=20312 phase=value_index_write slot=0 started_ns=1790174739947826000 ended_ns=1790174739957319041 elapsed_us=9493 block_gets=0 block_puts=4 deleted=0
checkpoint_phase lsn=20312 phase=value_index_write slot=0 started_ns=1790174739957332000 ended_ns=1790174739962816625 elapsed_us=5484 block_gets=0 block_puts=4 deleted=0
checkpoint_phase lsn=20312 phase=value_index_write slot=0 started_ns=1790174739962830000 ended_ns=1790174739968810584 elapsed_us=5980 block_gets=0 block_puts=4 deleted=0
checkpoint_phase lsn=20312 phase=value_index_write slot=0 started_ns=1790174739968824000 ended_ns=1790174739975037417 elapsed_us=6213 block_gets=0 block_puts=4 deleted=0
checkpoint_phase lsn=20312 phase=value_index_write slot=0 started_ns=1790174739975049000 ended_ns=1790174739982655792 elapsed_us=7606 block_gets=0 block_puts=4 deleted=0
checkpoint_phase lsn=20312 phase=value_index_write slot=0 started_ns=1790174739982670000 ended_ns=1790174739987680250 elapsed_us=5010 block_gets=0 block_puts=4 deleted=0
checkpoint_phase lsn=20312 phase=value_index_write slot=0 started_ns=1790174739987691000 ended_ns=1790174739991591416 elapsed_us=3900 block_gets=0 block_puts=4 deleted=0
checkpoint_phase lsn=20312 phase=value_index_write slot=0 started_ns=1790174739991602000 ended_ns=1790174739996777458 elapsed_us=5175 block_gets=0 block_puts=4 deleted=0
checkpoint_phase lsn=20312 phase=value_index_write slot=0 started_ns=1790174739996791000 ended_ns=1790174740001961667 elapsed_us=5170 block_gets=0 block_puts=4 deleted=0
checkpoint_phase lsn=20312 phase=value_index_write slot=0 started_ns=1790174740001971000 ended_ns=1790174740006645083 elapsed_us=4674 block_gets=0 block_puts=4 deleted=0
checkpoint_phase lsn=20312 phase=value_index_write slot=0 started_ns=1790174740006659000 ended_ns=1790174740011560917 elapsed_us=4901 block_gets=0 block_puts=4 deleted=0
checkpoint_phase lsn=20312 phase=value_index_write slot=0 started_ns=1790174740011570000 ended_ns=1790174740015829959 elapsed_us=4259 block_gets=0 block_puts=4 deleted=0
checkpoint_phase lsn=20312 phase=value_index_write slot=0 started_ns=1790174740015838000 ended_ns=1790174740022984584 elapsed_us=7146 block_gets=0 block_puts=4 deleted=0
checkpoint_phase lsn=20312 phase=value_index_write slot=0 started_ns=1790174740022995000 ended_ns=1790174740032235250 elapsed_us=9240 block_gets=0 block_puts=4 deleted=0
checkpoint_phase lsn=20312 phase=value_index_write slot=0 started_ns=1790174740032249000 ended_ns=1790174740038988291 elapsed_us=6739 block_gets=0 block_puts=4 deleted=0
checkpoint_phase lsn=20312 phase=value_index_write slot=0 started_ns=1790174740038999000 ended_ns=1790174740047035917 elapsed_us=8036 block_gets=0 block_puts=4 deleted=0
checkpoint_phase lsn=20312 phase=value_index_write slot=0 started_ns=1790174740047049000 ended_ns=1790174740052654041 elapsed_us=5605 block_gets=0 block_puts=4 deleted=0
checkpoint_phase lsn=20312 phase=value_index_write slot=0 started_ns=1790174740052666000 ended_ns=1790174740061370500 elapsed_us=8704 block_gets=0 block_puts=4 deleted=0
checkpoint_phase lsn=20312 phase=value_index_write slot=0 started_ns=1790174740061379000 ended_ns=1790174740065993834 elapsed_us=4614 block_gets=0 block_puts=4 deleted=0
checkpoint_phase lsn=20312 phase=value_index_write slot=0 started_ns=1790174740066004000 ended_ns=1790174740070552250 elapsed_us=4548 block_gets=0 block_puts=4 deleted=0
checkpoint_phase lsn=20312 phase=value_index_write slot=0 started_ns=1790174740070563000 ended_ns=1790174740074696709 elapsed_us=4133 block_gets=0 block_puts=4 deleted=0
checkpoint_phase lsn=20312 phase=value_index_write slot=0 started_ns=1790174740074709000 ended_ns=1790174740079047250 elapsed_us=4338 block_gets=0 block_puts=4 deleted=0
checkpoint_phase lsn=20312 phase=value_index_write slot=0 started_ns=1790174740079056000 ended_ns=1790174740083222625 elapsed_us=4166 block_gets=0 block_puts=4 deleted=0
checkpoint_phase lsn=20312 phase=value_index_write slot=0 started_ns=1790174740083234000 ended_ns=1790174740087397833 elapsed_us=4163 block_gets=0 block_puts=4 deleted=0
checkpoint_phase lsn=20312 phase=value_index_write slot=0 started_ns=1790174740087408000 ended_ns=1790174740096502625 elapsed_us=9094 block_gets=0 block_puts=5 deleted=0
checkpoint_phase lsn=20312 phase=value_index_write slot=0 started_ns=1790174740096516000 ended_ns=1790174740103477709 elapsed_us=6961 block_gets=0 block_puts=4 deleted=0
checkpoint_phase lsn=20312 phase=value_index_write slot=0 started_ns=1790174740103490000 ended_ns=1790174740118640458 elapsed_us=15150 block_gets=0 block_puts=5 deleted=0
checkpoint_phase lsn=20312 phase=value_index_schedule slot=0 started_ns=1790174740118664000 ended_ns=1790174740118668875 elapsed_us=4 block_gets=0 block_puts=0 deleted=0
checkpoint_phase lsn=20312 phase=value_index_schedule slot=0 started_ns=1790174740118676000 ended_ns=1790174740119586958 elapsed_us=910 block_gets=0 block_puts=0 deleted=0
checkpoint_phase lsn=20312 phase=value_index_schedule slot=0 started_ns=1790174740119595000 ended_ns=1790174740150329084 elapsed_us=30734 block_gets=8 block_puts=0 deleted=0
checkpoint_phase lsn=20312 phase=value_index_schedule slot=0 started_ns=1790174740150341000 ended_ns=1790174740161018167 elapsed_us=10677 block_gets=8 block_puts=0 deleted=0
checkpoint_phase lsn=20312 phase=value_index_schedule slot=0 started_ns=1790174740161030000 ended_ns=1790174740163986333 elapsed_us=2956 block_gets=3 block_puts=0 deleted=0
checkpoint_phase lsn=20312 phase=value_index_schedule slot=0 started_ns=1790174740164000000 ended_ns=1790174740164034625 elapsed_us=34 block_gets=0 block_puts=0 deleted=0
checkpoint_phase lsn=20312 phase=value_index_schedule slot=0 started_ns=1790174740164043000 ended_ns=1790174740164071208 elapsed_us=28 block_gets=0 block_puts=0 deleted=0
checkpoint_phase lsn=20312 phase=value_index_schedule slot=0 started_ns=1790174740164078000 ended_ns=1790174740164106209 elapsed_us=28 block_gets=0 block_puts=0 deleted=0
checkpoint_phase lsn=20312 phase=value_index_schedule slot=0 started_ns=1790174740164112000 ended_ns=1790174740168602500 elapsed_us=4490 block_gets=0 block_puts=1 deleted=0
checkpoint_phase lsn=20312 phase=value_index_schedule slot=0 started_ns=1790174740168614000 ended_ns=1790174740168648709 elapsed_us=34 block_gets=0 block_puts=0 deleted=0
checkpoint_phase lsn=20312 phase=value_index_schedule slot=0 started_ns=1790174740168655000 ended_ns=1790174740175014375 elapsed_us=6359 block_gets=0 block_puts=4 deleted=0
checkpoint_phase lsn=20312 phase=value_index_schedule slot=0 started_ns=1790174740175031000 ended_ns=1790174740180577625 elapsed_us=5546 block_gets=8 block_puts=0 deleted=0
checkpoint_phase lsn=20312 phase=value_index_schedule slot=0 started_ns=1790174740180591000 ended_ns=1790174740186884000 elapsed_us=6293 block_gets=8 block_puts=0 deleted=0
checkpoint_phase lsn=20312 phase=value_index_schedule slot=0 started_ns=1790174740186897000 ended_ns=1790174740197899291 elapsed_us=11002 block_gets=8 block_puts=0 deleted=0
checkpoint_phase lsn=20312 phase=value_index_schedule slot=0 started_ns=1790174740197920000 ended_ns=1790174740203264667 elapsed_us=5344 block_gets=8 block_puts=0 deleted=0
checkpoint_phase lsn=20312 phase=value_index_schedule slot=0 started_ns=1790174740203277000 ended_ns=1790174740209190208 elapsed_us=5913 block_gets=8 block_puts=0 deleted=0
checkpoint_phase lsn=20312 phase=value_index_schedule slot=0 started_ns=1790174740209206000 ended_ns=1790174740219095208 elapsed_us=9889 block_gets=8 block_puts=0 deleted=0
checkpoint_phase lsn=20312 phase=value_index_schedule slot=0 started_ns=1790174740219112000 ended_ns=1790174740225554375 elapsed_us=6442 block_gets=8 block_puts=0 deleted=0
checkpoint_phase lsn=20312 phase=value_index_schedule slot=0 started_ns=1790174740225567000 ended_ns=1790174740236301541 elapsed_us=10734 block_gets=8 block_puts=0 deleted=0
checkpoint_phase lsn=20312 phase=value_index_schedule slot=0 started_ns=1790174740236317000 ended_ns=1790174740242846750 elapsed_us=6529 block_gets=8 block_puts=0 deleted=0
checkpoint_phase lsn=20312 phase=value_index_schedule slot=0 started_ns=1790174740242862000 ended_ns=1790174740250853625 elapsed_us=7991 block_gets=8 block_puts=0 deleted=0
checkpoint_phase lsn=20312 phase=value_index_schedule slot=0 started_ns=1790174740250868000 ended_ns=1790174740308875625 elapsed_us=58007 block_gets=8 block_puts=0 deleted=0
checkpoint_phase lsn=20312 phase=value_index_schedule slot=0 started_ns=1790174740308898000 ended_ns=1790174740321466167 elapsed_us=12568 block_gets=7 block_puts=0 deleted=0
checkpoint_phase lsn=20312 phase=value_index_schedule slot=0 started_ns=1790174740321488000 ended_ns=1790174740321537167 elapsed_us=49 block_gets=0 block_puts=0 deleted=0
checkpoint_phase lsn=20312 phase=value_index_schedule slot=0 started_ns=1790174740321553000 ended_ns=1790174740321598625 elapsed_us=45 block_gets=0 block_puts=0 deleted=0
checkpoint_phase lsn=20312 phase=value_index_schedule slot=0 started_ns=1790174740321610000 ended_ns=1790174740321652000 elapsed_us=42 block_gets=0 block_puts=0 deleted=0
checkpoint_phase lsn=20312 phase=value_index_schedule slot=0 started_ns=1790174740321665000 ended_ns=1790174740329140542 elapsed_us=7475 block_gets=0 block_puts=1 deleted=0
checkpoint_phase lsn=20312 phase=value_index_schedule slot=0 started_ns=1790174740329159000 ended_ns=1790174740329200959 elapsed_us=41 block_gets=0 block_puts=0 deleted=0
checkpoint_phase lsn=20312 phase=value_index_schedule slot=0 started_ns=1790174740329213000 ended_ns=1790174740337761084 elapsed_us=8548 block_gets=0 block_puts=4 deleted=0
checkpoint_phase lsn=20312 phase=value_index_schedule slot=0 started_ns=1790174740337779000 ended_ns=1790174740338921750 elapsed_us=1142 block_gets=0 block_puts=0 deleted=0
checkpoint_phase lsn=20312 phase=value_index_schedule slot=0 started_ns=1790174740338937000 ended_ns=1790174740339229750 elapsed_us=292 block_gets=0 block_puts=0 deleted=0
checkpoint_phase lsn=20312 phase=value_index_schedule slot=0 started_ns=1790174740339243000 ended_ns=1790174740339521792 elapsed_us=278 block_gets=0 block_puts=0 deleted=0
checkpoint_phase lsn=20312 phase=value_index_schedule slot=0 started_ns=1790174740339536000 ended_ns=1790174740339819375 elapsed_us=283 block_gets=0 block_puts=0 deleted=0
checkpoint_phase lsn=20312 phase=value_index_schedule slot=0 started_ns=1790174740339833000 ended_ns=1790174740346270750 elapsed_us=6437 block_gets=0 block_puts=1 deleted=0
checkpoint_phase lsn=20312 phase=value_index_schedule slot=0 started_ns=1790174740346285000 ended_ns=1790174740346564625 elapsed_us=279 block_gets=0 block_puts=0 deleted=0
checkpoint_phase lsn=20312 phase=value_index_schedule slot=0 started_ns=1790174740346577000 ended_ns=1790174740346847208 elapsed_us=270 block_gets=0 block_puts=0 deleted=0
checkpoint_phase lsn=20312 phase=value_index_schedule slot=0 started_ns=1790174740346862000 ended_ns=1790174740347139000 elapsed_us=277 block_gets=0 block_puts=0 deleted=0
checkpoint_phase lsn=20312 phase=value_index_schedule slot=0 started_ns=1790174740347151000 ended_ns=1790174740356318333 elapsed_us=9167 block_gets=0 block_puts=1 deleted=0
checkpoint_phase lsn=20312 phase=value_index_schedule slot=0 started_ns=1790174740356338000 ended_ns=1790174740356496250 elapsed_us=158 block_gets=0 block_puts=0 deleted=0
checkpoint_phase lsn=20312 phase=value_index_schedule slot=0 started_ns=1790174740356509000 ended_ns=1790174740356666083 elapsed_us=157 block_gets=0 block_puts=0 deleted=0
checkpoint_phase lsn=20312 phase=value_index_schedule slot=0 started_ns=1790174740356681000 ended_ns=1790174740356794959 elapsed_us=113 block_gets=0 block_puts=0 deleted=0
checkpoint_phase lsn=20312 phase=value_index_schedule slot=0 started_ns=1790174740356807000 ended_ns=1790174740366692542 elapsed_us=9885 block_gets=0 block_puts=4 deleted=0
checkpoint_phase lsn=20312 phase=value_index_schedule slot=0 started_ns=1790174740366722000 ended_ns=1790174740372442792 elapsed_us=5720 block_gets=0 block_puts=0 deleted=0
checkpoint_phase lsn=20312 phase=value_index_schedule slot=0 started_ns=1790174740372469000 ended_ns=1790174740378426500 elapsed_us=5957 block_gets=0 block_puts=0 deleted=0
checkpoint_phase lsn=20312 phase=value_index_schedule slot=0 started_ns=1790174740378454000 ended_ns=1790174740378494083 elapsed_us=40 block_gets=0 block_puts=0 deleted=0
checkpoint_phase lsn=20312 phase=value_index_schedule slot=0 started_ns=1790174740378506000 ended_ns=1790174740378539875 elapsed_us=33 block_gets=0 block_puts=0 deleted=0
checkpoint_phase lsn=20312 phase=value_index_schedule slot=0 started_ns=1790174740378550000 ended_ns=1790174740378583667 elapsed_us=33 block_gets=0 block_puts=0 deleted=0
checkpoint_phase lsn=20312 phase=value_index_schedule slot=0 started_ns=1790174740378593000 ended_ns=1790174740386268917 elapsed_us=7675 block_gets=0 block_puts=1 deleted=0
checkpoint_phase lsn=20312 phase=value_index_schedule slot=0 started_ns=1790174740386286000 ended_ns=1790174740386322084 elapsed_us=36 block_gets=0 block_puts=0 deleted=0
checkpoint_phase lsn=20312 phase=value_index_schedule slot=0 started_ns=1790174740386332000 ended_ns=1790174740395697709 elapsed_us=9365 block_gets=0 block_puts=4 deleted=0
checkpoint_phase lsn=20312 phase=value_index_schedule slot=0 started_ns=1790174740395713000 ended_ns=1790174740401560958 elapsed_us=5847 block_gets=0 block_puts=0 deleted=0
checkpoint_phase lsn=20312 phase=value_index_schedule slot=0 started_ns=1790174740401585000 ended_ns=1790174740405040583 elapsed_us=3455 block_gets=0 block_puts=0 deleted=0
checkpoint_phase lsn=20312 phase=value_index_schedule slot=0 started_ns=1790174740405058000 ended_ns=1790174740405090417 elapsed_us=32 block_gets=0 block_puts=0 deleted=0
checkpoint_phase lsn=20312 phase=value_index_schedule slot=0 started_ns=1790174740405099000 ended_ns=1790174740405124334 elapsed_us=25 block_gets=0 block_puts=0 deleted=0
checkpoint_phase lsn=20312 phase=value_index_schedule slot=0 started_ns=1790174740405134000 ended_ns=1790174740405162750 elapsed_us=28 block_gets=0 block_puts=0 deleted=0
checkpoint_phase lsn=20312 phase=value_index_schedule slot=0 started_ns=1790174740405171000 ended_ns=1790174740408850584 elapsed_us=3679 block_gets=0 block_puts=1 deleted=0
checkpoint_phase lsn=20312 phase=value_index_schedule slot=0 started_ns=1790174740408864000 ended_ns=1790174740408888208 elapsed_us=24 block_gets=0 block_puts=0 deleted=0
checkpoint_phase lsn=20312 phase=value_index_schedule slot=0 started_ns=1790174740408897000 ended_ns=1790174740438591208 elapsed_us=29694 block_gets=0 block_puts=4 deleted=0
checkpoint_phase lsn=20312 phase=value_index_schedule slot=0 started_ns=1790174740438613000 ended_ns=1790174740439179917 elapsed_us=566 block_gets=0 block_puts=0 deleted=0
checkpoint_phase lsn=20312 phase=value_index_schedule slot=0 started_ns=1790174740439191000 ended_ns=1790174740439337792 elapsed_us=146 block_gets=0 block_puts=0 deleted=0
checkpoint_phase lsn=20312 phase=value_index_schedule slot=0 started_ns=1790174740439344000 ended_ns=1790174740439478458 elapsed_us=134 block_gets=0 block_puts=0 deleted=0
checkpoint_phase lsn=20312 phase=value_index_schedule slot=0 started_ns=1790174740439485000 ended_ns=1790174740439618625 elapsed_us=133 block_gets=0 block_puts=0 deleted=0
checkpoint_phase lsn=20312 phase=value_index_schedule slot=0 started_ns=1790174740439626000 ended_ns=1790174740442564500 elapsed_us=2938 block_gets=0 block_puts=1 deleted=0
checkpoint_phase lsn=20312 phase=value_index_schedule slot=0 started_ns=1790174740442576000 ended_ns=1790174740442717333 elapsed_us=141 block_gets=0 block_puts=0 deleted=0
checkpoint_phase lsn=20312 phase=value_index_schedule slot=0 started_ns=1790174740442729000 ended_ns=1790174740442868542 elapsed_us=139 block_gets=0 block_puts=0 deleted=0
checkpoint_phase lsn=20312 phase=value_index_schedule slot=0 started_ns=1790174740442878000 ended_ns=1790174740443016625 elapsed_us=138 block_gets=0 block_puts=0 deleted=0
checkpoint_phase lsn=20312 phase=value_index_schedule slot=0 started_ns=1790174740443026000 ended_ns=1790174740447011459 elapsed_us=3985 block_gets=0 block_puts=1 deleted=0
checkpoint_phase lsn=20312 phase=value_index_schedule slot=0 started_ns=1790174740447030000 ended_ns=1790174740447122250 elapsed_us=92 block_gets=0 block_puts=0 deleted=0
checkpoint_phase lsn=20312 phase=value_index_schedule slot=0 started_ns=1790174740447129000 ended_ns=1790174740447220250 elapsed_us=91 block_gets=0 block_puts=0 deleted=0
checkpoint_phase lsn=20312 phase=value_index_schedule slot=0 started_ns=1790174740447230000 ended_ns=1790174740447299875 elapsed_us=69 block_gets=0 block_puts=0 deleted=0
checkpoint_phase lsn=20312 phase=value_index_schedule slot=0 started_ns=1790174740447306000 ended_ns=1790174740452430167 elapsed_us=5124 block_gets=0 block_puts=4 deleted=0
checkpoint_phase lsn=20312 phase=value_index_schedule slot=0 started_ns=1790174740452442000 ended_ns=1790174740452997459 elapsed_us=555 block_gets=0 block_puts=0 deleted=0
checkpoint_phase lsn=20312 phase=value_index_schedule slot=0 started_ns=1790174740453008000 ended_ns=1790174740453162833 elapsed_us=154 block_gets=0 block_puts=0 deleted=0
checkpoint_phase lsn=20312 phase=value_index_schedule slot=0 started_ns=1790174740453170000 ended_ns=1790174740453316334 elapsed_us=146 block_gets=0 block_puts=0 deleted=0
checkpoint_phase lsn=20312 phase=value_index_schedule slot=0 started_ns=1790174740453325000 ended_ns=1790174740453470666 elapsed_us=145 block_gets=0 block_puts=0 deleted=0
checkpoint_phase lsn=20312 phase=value_index_schedule slot=0 started_ns=1790174740453479000 ended_ns=1790174740456710209 elapsed_us=3231 block_gets=0 block_puts=1 deleted=0
checkpoint_phase lsn=20312 phase=value_index_schedule slot=0 started_ns=1790174740456723000 ended_ns=1790174740456874792 elapsed_us=151 block_gets=0 block_puts=0 deleted=0
checkpoint_phase lsn=20312 phase=value_index_schedule slot=0 started_ns=1790174740456883000 ended_ns=1790174740457031917 elapsed_us=148 block_gets=0 block_puts=0 deleted=0
checkpoint_phase lsn=20312 phase=value_index_schedule slot=0 started_ns=1790174740457039000 ended_ns=1790174740457185083 elapsed_us=146 block_gets=0 block_puts=0 deleted=0
checkpoint_phase lsn=20312 phase=value_index_schedule slot=0 started_ns=1790174740457192000 ended_ns=1790174740461451084 elapsed_us=4259 block_gets=0 block_puts=1 deleted=0
checkpoint_phase lsn=20312 phase=value_index_schedule slot=0 started_ns=1790174740461465000 ended_ns=1790174740462152250 elapsed_us=687 block_gets=0 block_puts=0 deleted=0
checkpoint_phase lsn=20312 phase=value_index_schedule slot=0 started_ns=1790174740462162000 ended_ns=1790174740462294583 elapsed_us=132 block_gets=0 block_puts=0 deleted=0
checkpoint_phase lsn=20312 phase=value_index_schedule slot=0 started_ns=1790174740462304000 ended_ns=1790174740462436083 elapsed_us=132 block_gets=0 block_puts=0 deleted=0
checkpoint_phase lsn=20312 phase=value_index_schedule slot=0 started_ns=1790174740462445000 ended_ns=1790174740468570209 elapsed_us=6125 block_gets=0 block_puts=1 deleted=0
checkpoint_phase lsn=20312 phase=value_index_schedule slot=0 started_ns=1790174740468594000 ended_ns=1790174740468638917 elapsed_us=44 block_gets=0 block_puts=0 deleted=0
checkpoint_phase lsn=20312 phase=value_index_schedule slot=0 started_ns=1790174740468646000 ended_ns=1790174740468785333 elapsed_us=139 block_gets=0 block_puts=0 deleted=0
checkpoint_phase lsn=20312 phase=value_index_schedule slot=0 started_ns=1790174740468795000 ended_ns=1790174740474053417 elapsed_us=5258 block_gets=0 block_puts=1 deleted=0
checkpoint_phase lsn=20312 phase=value_index_schedule slot=0 started_ns=1790174740474069000 ended_ns=1790174740474190500 elapsed_us=121 block_gets=0 block_puts=0 deleted=0
checkpoint_phase lsn=20312 phase=value_index_schedule slot=0 started_ns=1790174740474197000 ended_ns=1790174740474315708 elapsed_us=118 block_gets=0 block_puts=0 deleted=0
checkpoint_phase lsn=20312 phase=value_index_schedule slot=0 started_ns=1790174740474327000 ended_ns=1790174740474446208 elapsed_us=119 block_gets=0 block_puts=0 deleted=0
checkpoint_phase lsn=20312 phase=value_index_schedule slot=0 started_ns=1790174740474454000 ended_ns=1790174740477712959 elapsed_us=3258 block_gets=0 block_puts=1 deleted=0
checkpoint_phase lsn=20312 phase=value_index_schedule slot=0 started_ns=1790174740477727000 ended_ns=1790174740477848625 elapsed_us=121 block_gets=0 block_puts=0 deleted=0
checkpoint_phase lsn=20312 phase=value_index_schedule slot=0 started_ns=1790174740477858000 ended_ns=1790174740477973500 elapsed_us=115 block_gets=0 block_puts=0 deleted=0
checkpoint_phase lsn=20312 phase=value_index_schedule slot=0 started_ns=1790174740477982000 ended_ns=1790174740490181750 elapsed_us=12199 block_gets=0 block_puts=4 deleted=0
checkpoint_phase lsn=20312 phase=value_index_schedule slot=0 started_ns=1790174740490199000 ended_ns=1790174740493763041 elapsed_us=3564 block_gets=0 block_puts=0 deleted=0
checkpoint_phase lsn=20312 phase=value_index_schedule slot=0 started_ns=1790174740493778000 ended_ns=1790174740496996875 elapsed_us=3218 block_gets=0 block_puts=0 deleted=0
checkpoint_phase lsn=20312 phase=value_index_schedule slot=0 started_ns=1790174740497011000 ended_ns=1790174740497044917 elapsed_us=33 block_gets=0 block_puts=0 deleted=0
checkpoint_phase lsn=20312 phase=value_index_schedule slot=0 started_ns=1790174740497053000 ended_ns=1790174740497079500 elapsed_us=26 block_gets=0 block_puts=0 deleted=0
checkpoint_phase lsn=20312 phase=value_index_schedule slot=0 started_ns=1790174740497086000 ended_ns=1790174740497112750 elapsed_us=26 block_gets=0 block_puts=0 deleted=0
checkpoint_phase lsn=20312 phase=value_index_schedule slot=0 started_ns=1790174740497121000 ended_ns=1790174740502961833 elapsed_us=5840 block_gets=0 block_puts=1 deleted=0
checkpoint_phase lsn=20312 phase=value_index_schedule slot=0 started_ns=1790174740502975000 ended_ns=1790174740503000875 elapsed_us=25 block_gets=0 block_puts=0 deleted=0
checkpoint_phase lsn=20312 phase=value_index_schedule slot=0 started_ns=1790174740503008000 ended_ns=1790174740510924209 elapsed_us=7916 block_gets=0 block_puts=4 deleted=0
checkpoint_phase lsn=20312 phase=value_index_schedule slot=0 started_ns=1790174740510940000 ended_ns=1790174740513820833 elapsed_us=2880 block_gets=0 block_puts=0 deleted=0
checkpoint_phase lsn=20312 phase=value_index_schedule slot=0 started_ns=1790174740513834000 ended_ns=1790174740514303291 elapsed_us=469 block_gets=0 block_puts=0 deleted=0
checkpoint_phase lsn=20312 phase=value_index_schedule slot=0 started_ns=1790174740514313000 ended_ns=1790174740514342875 elapsed_us=29 block_gets=0 block_puts=0 deleted=0
checkpoint_phase lsn=20312 phase=value_index_schedule slot=0 started_ns=1790174740514350000 ended_ns=1790174740514372417 elapsed_us=22 block_gets=0 block_puts=0 deleted=0
checkpoint_phase lsn=20312 phase=value_index_schedule slot=0 started_ns=1790174740514378000 ended_ns=1790174740514400334 elapsed_us=22 block_gets=0 block_puts=0 deleted=0
checkpoint_phase lsn=20312 phase=value_index_schedule slot=0 started_ns=1790174740514406000 ended_ns=1790174740524191250 elapsed_us=9785 block_gets=0 block_puts=4 deleted=0
checkpoint_phase lsn=20312 phase=value_index_schedule slot=0 started_ns=1790174740524207000 ended_ns=1790174740524395333 elapsed_us=188 block_gets=0 block_puts=0 deleted=0
checkpoint_phase lsn=20312 phase=value_index_schedule slot=0 started_ns=1790174740524405000 ended_ns=1790174740524543917 elapsed_us=138 block_gets=0 block_puts=0 deleted=0
checkpoint_phase lsn=20312 phase=value_index_schedule slot=0 started_ns=1790174740524553000 ended_ns=1790174740524682666 elapsed_us=129 block_gets=0 block_puts=0 deleted=0
checkpoint_phase lsn=20312 phase=value_index_schedule slot=0 started_ns=1790174740524691000 ended_ns=1790174740524819334 elapsed_us=128 block_gets=0 block_puts=0 deleted=0
checkpoint_phase lsn=20312 phase=value_index_schedule slot=0 started_ns=1790174740524828000 ended_ns=1790174740529909625 elapsed_us=5081 block_gets=0 block_puts=1 deleted=0
checkpoint_phase lsn=20312 phase=value_index_schedule slot=0 started_ns=1790174740529923000 ended_ns=1790174740530055708 elapsed_us=132 block_gets=0 block_puts=0 deleted=0
checkpoint_phase lsn=20312 phase=value_index_schedule slot=0 started_ns=1790174740530064000 ended_ns=1790174740530229917 elapsed_us=165 block_gets=0 block_puts=0 deleted=0
checkpoint_phase lsn=20312 phase=value_index_schedule slot=0 started_ns=1790174740530237000 ended_ns=1790174740530365125 elapsed_us=128 block_gets=0 block_puts=0 deleted=0
checkpoint_phase lsn=20312 phase=value_index_schedule slot=0 started_ns=1790174740530373000 ended_ns=1790174740533673500 elapsed_us=3300 block_gets=0 block_puts=1 deleted=0
checkpoint_phase lsn=20312 phase=value_index_schedule slot=0 started_ns=1790174740533688000 ended_ns=1790174740533800084 elapsed_us=112 block_gets=0 block_puts=0 deleted=0
checkpoint_phase lsn=20312 phase=value_index_schedule slot=0 started_ns=1790174740533810000 ended_ns=1790174740538439375 elapsed_us=4629 block_gets=0 block_puts=4 deleted=0
checkpoint_phase lsn=20312 phase=value_index_schedule slot=0 started_ns=1790174740538460000 ended_ns=1790174740538460292 elapsed_us=0 block_gets=0 block_puts=0 deleted=0
checkpoint_phase lsn=20312 phase=value_index_schedule slot=0 started_ns=1790174740538469000 ended_ns=1790174740539154583 elapsed_us=685 block_gets=0 block_puts=0 deleted=0
checkpoint_phase lsn=20312 phase=value_index_schedule slot=0 started_ns=1790174740539172000 ended_ns=1790174740539438167 elapsed_us=266 block_gets=0 block_puts=0 deleted=0
checkpoint_phase lsn=20312 phase=value_index_schedule slot=0 started_ns=1790174740539453000 ended_ns=1790174740539688542 elapsed_us=235 block_gets=0 block_puts=0 deleted=0
checkpoint_phase lsn=20312 phase=value_index_schedule slot=0 started_ns=1790174740539703000 ended_ns=1790174740539937375 elapsed_us=234 block_gets=0 block_puts=0 deleted=0
checkpoint_phase lsn=20312 phase=value_index_schedule slot=0 started_ns=1790174740539948000 ended_ns=1790174740548409250 elapsed_us=8461 block_gets=0 block_puts=1 deleted=0
checkpoint_phase lsn=20312 phase=value_index_schedule slot=0 started_ns=1790174740548460000 ended_ns=1790174740548651500 elapsed_us=191 block_gets=0 block_puts=0 deleted=0
checkpoint_phase lsn=20312 phase=value_index_schedule slot=0 started_ns=1790174740548666000 ended_ns=1790174740549331209 elapsed_us=665 block_gets=0 block_puts=0 deleted=0
checkpoint_phase lsn=20312 phase=value_index_schedule slot=0 started_ns=1790174740549341000 ended_ns=1790174740549529000 elapsed_us=188 block_gets=0 block_puts=0 deleted=0
checkpoint_phase lsn=20312 phase=value_index_schedule slot=0 started_ns=1790174740549537000 ended_ns=1790174740552507875 elapsed_us=2970 block_gets=0 block_puts=1 deleted=0
checkpoint_phase lsn=20312 phase=value_index_schedule slot=0 started_ns=1790174740552522000 ended_ns=1790174740552682125 elapsed_us=160 block_gets=0 block_puts=0 deleted=0
checkpoint_phase lsn=20312 phase=value_index_schedule slot=0 started_ns=1790174740552692000 ended_ns=1790174740552848375 elapsed_us=156 block_gets=0 block_puts=0 deleted=0
checkpoint_phase lsn=20312 phase=value_index_schedule slot=0 started_ns=1790174740552856000 ended_ns=1790174740553579750 elapsed_us=723 block_gets=0 block_puts=0 deleted=0
checkpoint_phase lsn=20312 phase=value_index_schedule slot=0 started_ns=1790174740554123000 ended_ns=1790174740561725875 elapsed_us=7602 block_gets=0 block_puts=1 deleted=0
checkpoint_phase lsn=20312 phase=value_index_schedule slot=0 started_ns=1790174740565441000 ended_ns=1790174740565789708 elapsed_us=348 block_gets=0 block_puts=0 deleted=0
checkpoint_phase lsn=20312 phase=value_index_schedule slot=0 started_ns=1790174740565806000 ended_ns=1790174740565981583 elapsed_us=175 block_gets=0 block_puts=0 deleted=0
checkpoint_phase lsn=20312 phase=value_index_schedule slot=0 started_ns=1790174740565996000 ended_ns=1790174740572652583 elapsed_us=6656 block_gets=0 block_puts=1 deleted=0
checkpoint_phase lsn=20312 phase=value_index_schedule slot=0 started_ns=1790174740572698000 ended_ns=1790174740573608375 elapsed_us=910 block_gets=0 block_puts=0 deleted=0
checkpoint_phase lsn=20312 phase=value_index_schedule slot=0 started_ns=1790174740573626000 ended_ns=1790174740573812792 elapsed_us=186 block_gets=0 block_puts=0 deleted=0
checkpoint_phase lsn=20312 phase=value_index_schedule slot=0 started_ns=1790174740573825000 ended_ns=1790174740574009084 elapsed_us=184 block_gets=0 block_puts=0 deleted=0
checkpoint_phase lsn=20312 phase=value_index_schedule slot=0 started_ns=1790174740574021000 ended_ns=1790174740578506167 elapsed_us=4485 block_gets=0 block_puts=1 deleted=0
checkpoint_phase lsn=20312 phase=value_index_schedule slot=0 started_ns=1790174740578531000 ended_ns=1790174740578734625 elapsed_us=203 block_gets=0 block_puts=0 deleted=0
checkpoint_phase lsn=20312 phase=value_index_schedule slot=0 started_ns=1790174740578748000 ended_ns=1790174740579476625 elapsed_us=728 block_gets=0 block_puts=0 deleted=0
checkpoint_phase lsn=20312 phase=value_index_schedule slot=0 started_ns=1790174740579486000 ended_ns=1790174740579705875 elapsed_us=219 block_gets=0 block_puts=0 deleted=0
checkpoint_phase lsn=20312 phase=value_index_schedule slot=0 started_ns=1790174740579714000 ended_ns=1790174740584043458 elapsed_us=4329 block_gets=0 block_puts=1 deleted=0
checkpoint_phase lsn=20312 phase=value_index_schedule slot=0 started_ns=1790174740584058000 ended_ns=1790174740584284084 elapsed_us=226 block_gets=0 block_puts=0 deleted=0
checkpoint_phase lsn=20312 phase=value_index_schedule slot=0 started_ns=1790174740584301000 ended_ns=1790174740584516083 elapsed_us=215 block_gets=0 block_puts=0 deleted=0
checkpoint_phase lsn=20312 phase=value_index_schedule slot=0 started_ns=1790174740584525000 ended_ns=1790174740587985417 elapsed_us=3460 block_gets=0 block_puts=1 deleted=0
checkpoint_phase lsn=20312 phase=value_index_schedule slot=0 started_ns=1790174740587998000 ended_ns=1790174740588396792 elapsed_us=398 block_gets=0 block_puts=0 deleted=0
checkpoint_phase lsn=20312 phase=value_index_schedule slot=0 started_ns=1790174740588405000 ended_ns=1790174740588519959 elapsed_us=114 block_gets=0 block_puts=0 deleted=0
checkpoint_phase lsn=20312 phase=value_index_schedule slot=0 started_ns=1790174740588526000 ended_ns=1790174740588636709 elapsed_us=110 block_gets=0 block_puts=0 deleted=0
checkpoint_phase lsn=20312 phase=value_index_schedule slot=0 started_ns=1790174740588644000 ended_ns=1790174740588730417 elapsed_us=86 block_gets=0 block_puts=0 deleted=0
checkpoint_phase lsn=20312 phase=value_index_schedule slot=0 started_ns=1790174740588738000 ended_ns=1790174740596719250 elapsed_us=7981 block_gets=0 block_puts=4 deleted=0
checkpoint_phase lsn=20312 phase=value_index_schedule slot=0 started_ns=1790174740596736000 ended_ns=1790174740596736584 elapsed_us=0 block_gets=0 block_puts=0 deleted=0
checkpoint_phase lsn=20312 phase=value_index_write slot=0 started_ns=1790174740596743000 ended_ns=1790174740601001083 elapsed_us=4258 block_gets=0 block_puts=4 deleted=0
checkpoint_phase lsn=20312 phase=value_index_write slot=0 started_ns=1790174740601015000 ended_ns=1790174740604950000 elapsed_us=3935 block_gets=0 block_puts=4 deleted=0
checkpoint_phase lsn=20312 phase=value_index_write slot=0 started_ns=1790174740604963000 ended_ns=1790174740608623459 elapsed_us=3660 block_gets=0 block_puts=4 deleted=0
checkpoint_phase lsn=20312 phase=value_index_write slot=0 started_ns=1790174740608638000 ended_ns=1790174740613534459 elapsed_us=4896 block_gets=0 block_puts=4 deleted=0
checkpoint_phase lsn=20312 phase=value_index_write slot=0 started_ns=1790174740613550000 ended_ns=1790174740620636750 elapsed_us=7086 block_gets=0 block_puts=4 deleted=0
checkpoint_phase lsn=20312 phase=value_index_write slot=0 started_ns=1790174740620652000 ended_ns=1790174740630503542 elapsed_us=9851 block_gets=0 block_puts=4 deleted=0
checkpoint_phase lsn=20312 phase=value_index_write slot=0 started_ns=1790174740630527000 ended_ns=1790174740636071292 elapsed_us=5544 block_gets=0 block_puts=4 deleted=0
checkpoint_phase lsn=20312 phase=value_index_write slot=0 started_ns=1790174740636087000 ended_ns=1790174740642754791 elapsed_us=6667 block_gets=0 block_puts=4 deleted=0
checkpoint_phase lsn=20312 phase=value_index_write slot=0 started_ns=1790174740642770000 ended_ns=1790174740648251125 elapsed_us=5481 block_gets=0 block_puts=4 deleted=0
checkpoint_phase lsn=20312 phase=value_index_write slot=0 started_ns=1790174740648270000 ended_ns=1790174740653852958 elapsed_us=5582 block_gets=0 block_puts=4 deleted=0
checkpoint_phase lsn=20312 phase=value_index_write slot=0 started_ns=1790174740653872000 ended_ns=1790174740659429667 elapsed_us=5557 block_gets=0 block_puts=4 deleted=0
checkpoint_phase lsn=20312 phase=value_index_write slot=0 started_ns=1790174740659448000 ended_ns=1790174740664769750 elapsed_us=5321 block_gets=0 block_puts=4 deleted=0
checkpoint_phase lsn=20312 phase=value_index_write slot=0 started_ns=1790174740664792000 ended_ns=1790174740669861250 elapsed_us=5069 block_gets=0 block_puts=4 deleted=0
checkpoint_phase lsn=20312 phase=value_index_write slot=0 started_ns=1790174740669889000 ended_ns=1790174740675676750 elapsed_us=5787 block_gets=0 block_puts=4 deleted=0
checkpoint_phase lsn=20312 phase=value_index_write slot=0 started_ns=1790174740675714000 ended_ns=1790174740681029167 elapsed_us=5315 block_gets=0 block_puts=4 deleted=0
checkpoint_phase lsn=20312 phase=value_index_write slot=0 started_ns=1790174740681053000 ended_ns=1790174740685820667 elapsed_us=4767 block_gets=0 block_puts=4 deleted=0
checkpoint_phase lsn=20312 phase=value_index_write slot=0 started_ns=1790174740685852000 ended_ns=1790174740690278750 elapsed_us=4426 block_gets=0 block_puts=4 deleted=0
checkpoint_phase lsn=20312 phase=value_index_write slot=0 started_ns=1790174740690302000 ended_ns=1790174740695367417 elapsed_us=5065 block_gets=0 block_puts=4 deleted=0
checkpoint_phase lsn=20312 phase=value_index_write slot=0 started_ns=1790174740695392000 ended_ns=1790174740701000166 elapsed_us=5608 block_gets=0 block_puts=4 deleted=0
checkpoint_phase lsn=20312 phase=value_index_write slot=0 started_ns=1790174740701021000 ended_ns=1790174740705902583 elapsed_us=4881 block_gets=0 block_puts=4 deleted=0
checkpoint_phase lsn=20312 phase=value_index_write slot=0 started_ns=1790174740705938000 ended_ns=1790174740715757250 elapsed_us=9819 block_gets=0 block_puts=4 deleted=0
checkpoint_phase lsn=20312 phase=value_index_write slot=0 started_ns=1790174740715789000 ended_ns=1790174740722139875 elapsed_us=6350 block_gets=0 block_puts=4 deleted=0
checkpoint_phase lsn=20312 phase=value_index_write slot=0 started_ns=1790174740722169000 ended_ns=1790174740736095584 elapsed_us=13926 block_gets=0 block_puts=4 deleted=0
checkpoint_phase lsn=20312 phase=value_index_write slot=0 started_ns=1790174740736133000 ended_ns=1790174740782789709 elapsed_us=46656 block_gets=0 block_puts=4 deleted=0
checkpoint_phase lsn=20312 phase=value_index_write slot=0 started_ns=1790174740782813000 ended_ns=1790174740796581500 elapsed_us=13768 block_gets=0 block_puts=4 deleted=0
checkpoint_phase lsn=20312 phase=value_index_write slot=0 started_ns=1790174740796609000 ended_ns=1790174740809446792 elapsed_us=12837 block_gets=0 block_puts=4 deleted=0
checkpoint_phase lsn=20312 phase=value_index_write slot=0 started_ns=1790174740809471000 ended_ns=1790174740818574667 elapsed_us=9103 block_gets=0 block_puts=4 deleted=0
checkpoint_phase lsn=20312 phase=value_index_write slot=0 started_ns=1790174740818595000 ended_ns=1790174740827010917 elapsed_us=8415 block_gets=0 block_puts=4 deleted=0
checkpoint_phase lsn=20312 phase=value_index_write slot=0 started_ns=1790174740827030000 ended_ns=1790174740833750042 elapsed_us=6720 block_gets=0 block_puts=4 deleted=0
checkpoint_phase lsn=20312 phase=value_index_write slot=0 started_ns=1790174740833772000 ended_ns=1790174740841779875 elapsed_us=8007 block_gets=0 block_puts=4 deleted=0
checkpoint_phase lsn=20312 phase=value_index_write slot=0 started_ns=1790174740841801000 ended_ns=1790174740847953666 elapsed_us=6152 block_gets=0 block_puts=4 deleted=0
checkpoint_phase lsn=20312 phase=value_index_write slot=0 started_ns=1790174740847969000 ended_ns=1790174740855404042 elapsed_us=7435 block_gets=0 block_puts=4 deleted=0
checkpoint_phase lsn=20312 phase=value_index_write slot=0 started_ns=1790174740855424000 ended_ns=1790174740861715208 elapsed_us=6291 block_gets=0 block_puts=5 deleted=0
checkpoint_phase lsn=20312 phase=value_index_write slot=0 started_ns=1790174740861730000 ended_ns=1790174740869157583 elapsed_us=7427 block_gets=0 block_puts=4 deleted=0
checkpoint_phase lsn=20312 phase=value_index_write slot=0 started_ns=1790174740869178000 ended_ns=1790174740876294958 elapsed_us=7116 block_gets=0 block_puts=5 deleted=0
checkpoint_phase lsn=20312 phase=value_index_schedule slot=0 started_ns=1790174740876326000 ended_ns=1790174740876330709 elapsed_us=4 block_gets=0 block_puts=0 deleted=0
checkpoint_phase lsn=20312 phase=value_index_schedule slot=0 started_ns=1790174740876343000 ended_ns=1790174740877315292 elapsed_us=972 block_gets=0 block_puts=0 deleted=0
checkpoint_phase lsn=20312 phase=value_index_schedule slot=0 started_ns=1790174740877327000 ended_ns=1790174740888804833 elapsed_us=11477 block_gets=8 block_puts=0 deleted=0
checkpoint_phase lsn=20312 phase=value_index_schedule slot=0 started_ns=1790174740888829000 ended_ns=1790174740896944959 elapsed_us=8115 block_gets=8 block_puts=0 deleted=0
checkpoint_phase lsn=20312 phase=value_index_schedule slot=0 started_ns=1790174740896965000 ended_ns=1790174740906904750 elapsed_us=9939 block_gets=8 block_puts=0 deleted=0
checkpoint_phase lsn=20312 phase=value_index_schedule slot=0 started_ns=1790174740906926000 ended_ns=1790174740914858334 elapsed_us=7932 block_gets=8 block_puts=0 deleted=0
checkpoint_phase lsn=20312 phase=value_index_schedule slot=0 started_ns=1790174740914878000 ended_ns=1790174740922851709 elapsed_us=7973 block_gets=8 block_puts=0 deleted=0
checkpoint_phase lsn=20312 phase=value_index_schedule slot=0 started_ns=1790174740922873000 ended_ns=1790174740931695958 elapsed_us=8822 block_gets=8 block_puts=0 deleted=0
checkpoint_phase lsn=20312 phase=value_index_schedule slot=0 started_ns=1790174740931717000 ended_ns=1790174740940081125 elapsed_us=8364 block_gets=8 block_puts=0 deleted=0
checkpoint_phase lsn=20312 phase=value_index_schedule slot=0 started_ns=1790174740940101000 ended_ns=1790174740946430334 elapsed_us=6329 block_gets=8 block_puts=0 deleted=0
checkpoint_phase lsn=20312 phase=value_index_schedule slot=0 started_ns=1790174740946447000 ended_ns=1790174740952323333 elapsed_us=5876 block_gets=8 block_puts=0 deleted=0
checkpoint_phase lsn=20312 phase=value_index_schedule slot=0 started_ns=1790174740952341000 ended_ns=1790174740955926834 elapsed_us=3585 block_gets=8 block_puts=0 deleted=0
checkpoint_phase lsn=20312 phase=value_index_schedule slot=0 started_ns=1790174740955938000 ended_ns=1790174740962804916 elapsed_us=6866 block_gets=8 block_puts=0 deleted=0
checkpoint_phase lsn=20312 phase=value_index_schedule slot=0 started_ns=1790174740962823000 ended_ns=1790174740970630792 elapsed_us=7807 block_gets=8 block_puts=0 deleted=0
checkpoint_phase lsn=20312 phase=value_index_schedule slot=0 started_ns=1790174740970651000 ended_ns=1790174740979075916 elapsed_us=8424 block_gets=8 block_puts=0 deleted=0
checkpoint_phase lsn=20312 phase=value_index_schedule slot=0 started_ns=1790174740979097000 ended_ns=1790174740983828958 elapsed_us=4731 block_gets=8 block_puts=0 deleted=0
checkpoint_phase lsn=20312 phase=value_index_schedule slot=0 started_ns=1790174740983847000 ended_ns=1790174740989507208 elapsed_us=5660 block_gets=2 block_puts=0 deleted=0
checkpoint_phase lsn=20312 phase=value_index_schedule slot=0 started_ns=1790174740989528000 ended_ns=1790174740993153959 elapsed_us=3625 block_gets=0 block_puts=0 deleted=0
checkpoint_phase lsn=20312 phase=value_index_schedule slot=0 started_ns=1790174740993170000 ended_ns=1790174740993212000 elapsed_us=42 block_gets=0 block_puts=0 deleted=0
checkpoint_phase lsn=20312 phase=value_index_schedule slot=0 started_ns=1790174740993223000 ended_ns=1790174740993258542 elapsed_us=35 block_gets=0 block_puts=0 deleted=0
checkpoint_phase lsn=20312 phase=value_index_schedule slot=0 started_ns=1790174740993271000 ended_ns=1790174740993306458 elapsed_us=35 block_gets=0 block_puts=0 deleted=0
checkpoint_phase lsn=20312 phase=value_index_schedule slot=0 started_ns=1790174740993316000 ended_ns=1790174740996860708 elapsed_us=3544 block_gets=0 block_puts=1 deleted=0
checkpoint_phase lsn=20312 phase=value_index_schedule slot=0 started_ns=1790174740996879000 ended_ns=1790174741004392291 elapsed_us=7513 block_gets=0 block_puts=4 deleted=0
checkpoint_phase lsn=20312 phase=value_index_schedule slot=0 started_ns=1790174741004411000 ended_ns=1790174741007706041 elapsed_us=3295 block_gets=0 block_puts=0 deleted=0
checkpoint_phase lsn=20312 phase=value_index_schedule slot=0 started_ns=1790174741007719000 ended_ns=1790174741010538625 elapsed_us=2819 block_gets=0 block_puts=0 deleted=0
checkpoint_phase lsn=20312 phase=value_index_schedule slot=0 started_ns=1790174741010549000 ended_ns=1790174741013610000 elapsed_us=3061 block_gets=0 block_puts=0 deleted=0
checkpoint_phase lsn=20312 phase=value_index_schedule slot=0 started_ns=1790174741013626000 ended_ns=1790174741016750375 elapsed_us=3124 block_gets=0 block_puts=0 deleted=0
checkpoint_phase lsn=20312 phase=value_index_schedule slot=0 started_ns=1790174741016761000 ended_ns=1790174741019053625 elapsed_us=2292 block_gets=0 block_puts=0 deleted=0
checkpoint_phase lsn=20312 phase=value_index_schedule slot=0 started_ns=1790174741019066000 ended_ns=1790174741019102583 elapsed_us=36 block_gets=0 block_puts=0 deleted=0
checkpoint_phase lsn=20312 phase=value_index_schedule slot=0 started_ns=1790174741019110000 ended_ns=1790174741019140125 elapsed_us=30 block_gets=0 block_puts=0 deleted=0
checkpoint_phase lsn=20312 phase=value_index_schedule slot=0 started_ns=1790174741019149000 ended_ns=1790174741019179084 elapsed_us=30 block_gets=0 block_puts=0 deleted=0
checkpoint_phase lsn=20312 phase=value_index_schedule slot=0 started_ns=1790174741019187000 ended_ns=1790174741024615459 elapsed_us=5428 block_gets=0 block_puts=1 deleted=0
checkpoint_phase lsn=20312 phase=value_index_schedule slot=0 started_ns=1790174741024639000 ended_ns=1790174741035300250 elapsed_us=10661 block_gets=0 block_puts=4 deleted=0
checkpoint_phase lsn=20312 phase=value_index_schedule slot=0 started_ns=1790174741035318000 ended_ns=1790174741035923875 elapsed_us=605 block_gets=0 block_puts=0 deleted=0
checkpoint_phase lsn=20312 phase=value_index_schedule slot=0 started_ns=1790174741035937000 ended_ns=1790174741036014458 elapsed_us=77 block_gets=0 block_puts=0 deleted=0
checkpoint_phase lsn=20312 phase=value_index_schedule slot=0 started_ns=1790174741036023000 ended_ns=1790174741036089750 elapsed_us=66 block_gets=0 block_puts=0 deleted=0
checkpoint_phase lsn=20312 phase=value_index_schedule slot=0 started_ns=1790174741036098000 ended_ns=1790174741036165333 elapsed_us=67 block_gets=0 block_puts=0 deleted=0
checkpoint_phase lsn=20312 phase=value_index_schedule slot=0 started_ns=1790174741036175000 ended_ns=1790174741039703125 elapsed_us=3528 block_gets=0 block_puts=1 deleted=0
checkpoint_phase lsn=20312 phase=value_index_schedule slot=0 started_ns=1790174741039722000 ended_ns=1790174741039887625 elapsed_us=165 block_gets=0 block_puts=0 deleted=0
checkpoint_phase lsn=20312 phase=value_index_schedule slot=0 started_ns=1790174741039900000 ended_ns=1790174741040062834 elapsed_us=162 block_gets=0 block_puts=0 deleted=0
checkpoint_phase lsn=20312 phase=value_index_schedule slot=0 started_ns=1790174741040071000 ended_ns=1790174741043649250 elapsed_us=3578 block_gets=0 block_puts=1 deleted=0
checkpoint_phase lsn=20312 phase=value_index_schedule slot=0 started_ns=1790174741043667000 ended_ns=1790174741043772500 elapsed_us=105 block_gets=0 block_puts=0 deleted=0
checkpoint_phase lsn=20312 phase=value_index_schedule slot=0 started_ns=1790174741043786000 ended_ns=1790174741044009333 elapsed_us=223 block_gets=0 block_puts=0 deleted=0
checkpoint_phase lsn=20312 phase=value_index_schedule slot=0 started_ns=1790174741044021000 ended_ns=1790174741044043084 elapsed_us=22 block_gets=0 block_puts=0 deleted=0
checkpoint_phase lsn=20312 phase=value_index_schedule slot=0 started_ns=1790174741044053000 ended_ns=1790174741052443250 elapsed_us=8390 block_gets=0 block_puts=4 deleted=0
checkpoint_phase lsn=20312 phase=value_index_schedule slot=0 started_ns=1790174741052459000 ended_ns=1790174741054160083 elapsed_us=1701 block_gets=0 block_puts=0 deleted=0
checkpoint_phase lsn=20312 phase=value_index_schedule slot=0 started_ns=1790174741054177000 ended_ns=1790174741060652042 elapsed_us=6475 block_gets=0 block_puts=4 deleted=0
checkpoint_phase lsn=20312 phase=value_index_schedule slot=0 started_ns=1790174741060672000 ended_ns=1790174741060672291 elapsed_us=0 block_gets=0 block_puts=0 deleted=0
checkpoint_phase lsn=20312 phase=value_index_schedule slot=0 started_ns=1790174741060686000 ended_ns=1790174741060868708 elapsed_us=182 block_gets=0 block_puts=0 deleted=0
checkpoint_phase lsn=20312 phase=value_index_schedule slot=0 started_ns=1790174741060886000 ended_ns=1790174741061114959 elapsed_us=228 block_gets=0 block_puts=0 deleted=0
checkpoint_phase lsn=20312 phase=value_index_schedule slot=0 started_ns=1790174741061127000 ended_ns=1790174741061349584 elapsed_us=222 block_gets=0 block_puts=0 deleted=0
checkpoint_phase lsn=20312 phase=value_index_schedule slot=0 started_ns=1790174741061364000 ended_ns=1790174741061579792 elapsed_us=215 block_gets=0 block_puts=0 deleted=0
checkpoint_phase lsn=20312 phase=value_index_schedule slot=0 started_ns=1790174741061588000 ended_ns=1790174741065307834 elapsed_us=3719 block_gets=0 block_puts=1 deleted=0
checkpoint_phase lsn=20312 phase=value_index_schedule slot=0 started_ns=1790174741065333000 ended_ns=1790174741065560167 elapsed_us=227 block_gets=0 block_puts=0 deleted=0
checkpoint_phase lsn=20312 phase=value_index_schedule slot=0 started_ns=1790174741065577000 ended_ns=1790174741065813042 elapsed_us=236 block_gets=0 block_puts=0 deleted=0
checkpoint_phase lsn=20312 phase=value_index_schedule slot=0 started_ns=1790174741065825000 ended_ns=1790174741069535666 elapsed_us=3710 block_gets=0 block_puts=1 deleted=0
checkpoint_phase lsn=20312 phase=value_index_schedule slot=0 started_ns=1790174741069567000 ended_ns=1790174741069701125 elapsed_us=134 block_gets=0 block_puts=0 deleted=0
checkpoint_phase lsn=20312 phase=value_index_schedule slot=0 started_ns=1790174741069714000 ended_ns=1790174741069834333 elapsed_us=120 block_gets=0 block_puts=0 deleted=0
checkpoint_phase lsn=20312 phase=value_index_schedule slot=0 started_ns=1790174741069842000 ended_ns=1790174741069948875 elapsed_us=106 block_gets=0 block_puts=0 deleted=0
checkpoint_phase lsn=20312 phase=value_index_schedule slot=0 started_ns=1790174741069958000 ended_ns=1790174741081880250 elapsed_us=11922 block_gets=0 block_puts=4 deleted=0
checkpoint_phase lsn=20312 phase=value_index_schedule slot=0 started_ns=1790174741081899000 ended_ns=1790174741081899333 elapsed_us=0 block_gets=0 block_puts=0 deleted=0
checkpoint_phase lsn=20312 phase=value_index_write slot=0 started_ns=1790174741081908000 ended_ns=1790174741082074750 elapsed_us=166 block_gets=0 block_puts=0 deleted=0
checkpoint_phase lsn=20312 phase=value_index_write slot=0 started_ns=1790174741082090000 ended_ns=1790174741082137125 elapsed_us=47 block_gets=0 block_puts=0 deleted=0
checkpoint_phase lsn=20312 phase=value_index_write slot=0 started_ns=1790174741082146000 ended_ns=1790174741082193667 elapsed_us=47 block_gets=0 block_puts=0 deleted=0
checkpoint_phase lsn=20312 phase=value_index_write slot=0 started_ns=1790174741082199000 ended_ns=1790174741082355000 elapsed_us=156 block_gets=0 block_puts=0 deleted=0
checkpoint_phase lsn=20312 phase=value_index_write slot=0 started_ns=1790174741082364000 ended_ns=1790174741082412167 elapsed_us=48 block_gets=0 block_puts=0 deleted=0
checkpoint_phase lsn=20312 phase=value_index_write slot=0 started_ns=1790174741082420000 ended_ns=1790174741092341250 elapsed_us=9921 block_gets=0 block_puts=1 deleted=0
checkpoint_phase lsn=20312 phase=value_index_write slot=0 started_ns=1790174741092362000 ended_ns=1790174741092562875 elapsed_us=200 block_gets=0 block_puts=0 deleted=0
checkpoint_phase lsn=20312 phase=value_index_write slot=0 started_ns=1790174741092576000 ended_ns=1790174741092644667 elapsed_us=68 block_gets=0 block_puts=0 deleted=0
checkpoint_phase lsn=20312 phase=value_index_write slot=0 started_ns=1790174741092657000 ended_ns=1790174741092724500 elapsed_us=67 block_gets=0 block_puts=0 deleted=0
checkpoint_phase lsn=20312 phase=value_index_write slot=0 started_ns=1790174741092735000 ended_ns=1790174741106760459 elapsed_us=14025 block_gets=0 block_puts=2 deleted=0
checkpoint_phase lsn=20312 phase=value_index_schedule slot=0 started_ns=1790174741106793000 ended_ns=1790174741106797125 elapsed_us=4 block_gets=0 block_puts=0 deleted=0
checkpoint_phase lsn=20312 phase=value_index_schedule slot=0 started_ns=1790174741106812000 ended_ns=1790174741107749292 elapsed_us=937 block_gets=0 block_puts=0 deleted=0
checkpoint_phase lsn=20312 phase=value_index_schedule slot=0 started_ns=1790174741107764000 ended_ns=1790174741113869083 elapsed_us=6105 block_gets=8 block_puts=0 deleted=0
checkpoint_phase lsn=20312 phase=value_index_schedule slot=0 started_ns=1790174741113888000 ended_ns=1790174741124718250 elapsed_us=10830 block_gets=8 block_puts=0 deleted=0
checkpoint_phase lsn=20312 phase=value_index_schedule slot=0 started_ns=1790174741124744000 ended_ns=1790174741150913209 elapsed_us=26169 block_gets=8 block_puts=0 deleted=0
checkpoint_phase lsn=20312 phase=value_index_schedule slot=0 started_ns=1790174741150929000 ended_ns=1790174741174616250 elapsed_us=23687 block_gets=8 block_puts=0 deleted=0
checkpoint_phase lsn=20312 phase=value_index_schedule slot=0 started_ns=1790174741174638000 ended_ns=1790174741185880958 elapsed_us=11242 block_gets=8 block_puts=0 deleted=0
checkpoint_phase lsn=20312 phase=value_index_schedule slot=0 started_ns=1790174741185903000 ended_ns=1790174741197116000 elapsed_us=11213 block_gets=8 block_puts=0 deleted=0
checkpoint_phase lsn=20312 phase=value_index_schedule slot=0 started_ns=1790174741197141000 ended_ns=1790174741204792583 elapsed_us=7651 block_gets=8 block_puts=0 deleted=0
checkpoint_phase lsn=20312 phase=value_index_schedule slot=0 started_ns=1790174741204813000 ended_ns=1790174741213542250 elapsed_us=8729 block_gets=8 block_puts=0 deleted=0
checkpoint_phase lsn=20312 phase=value_index_schedule slot=0 started_ns=1790174741213566000 ended_ns=1790174741220090166 elapsed_us=6524 block_gets=8 block_puts=0 deleted=0
checkpoint_phase lsn=20312 phase=value_index_schedule slot=0 started_ns=1790174741220108000 ended_ns=1790174741227674334 elapsed_us=7566 block_gets=8 block_puts=0 deleted=0
checkpoint_phase lsn=20312 phase=value_index_schedule slot=0 started_ns=1790174741227694000 ended_ns=1790174741233786292 elapsed_us=6092 block_gets=8 block_puts=0 deleted=0
checkpoint_phase lsn=20312 phase=value_index_schedule slot=0 started_ns=1790174741233807000 ended_ns=1790174741240037125 elapsed_us=6230 block_gets=8 block_puts=0 deleted=0
checkpoint_phase lsn=20312 phase=value_index_schedule slot=0 started_ns=1790174741240059000 ended_ns=1790174741246467542 elapsed_us=6408 block_gets=8 block_puts=0 deleted=0
checkpoint_phase lsn=20312 phase=value_index_schedule slot=0 started_ns=1790174741246485000 ended_ns=1790174741252349792 elapsed_us=5864 block_gets=8 block_puts=0 deleted=0
checkpoint_phase lsn=20312 phase=value_index_schedule slot=0 started_ns=1790174741252362000 ended_ns=1790174741256375125 elapsed_us=4013 block_gets=2 block_puts=0 deleted=0
checkpoint_phase lsn=20312 phase=value_index_schedule slot=0 started_ns=1790174741256390000 ended_ns=1790174741266620542 elapsed_us=10230 block_gets=0 block_puts=0 deleted=0
checkpoint_phase lsn=20312 phase=value_index_schedule slot=0 started_ns=1790174741266658000 ended_ns=1790174741266698541 elapsed_us=40 block_gets=0 block_puts=0 deleted=0
checkpoint_phase lsn=20312 phase=value_index_schedule slot=0 started_ns=1790174741266711000 ended_ns=1790174741266745292 elapsed_us=34 block_gets=0 block_puts=0 deleted=0
checkpoint_phase lsn=20312 phase=value_index_schedule slot=0 started_ns=1790174741266757000 ended_ns=1790174741266792542 elapsed_us=35 block_gets=0 block_puts=0 deleted=0
checkpoint_phase lsn=20312 phase=value_index_schedule slot=0 started_ns=1790174741266803000 ended_ns=1790174741274420958 elapsed_us=7617 block_gets=0 block_puts=1 deleted=0
checkpoint_phase lsn=20312 phase=value_index_schedule slot=0 started_ns=1790174741274439000 ended_ns=1790174741282326292 elapsed_us=7887 block_gets=0 block_puts=4 deleted=0
checkpoint_phase lsn=20312 phase=value_index_schedule slot=0 started_ns=1790174741282347000 ended_ns=1790174741286626583 elapsed_us=4279 block_gets=0 block_puts=0 deleted=0
checkpoint_phase lsn=20312 phase=value_index_schedule slot=0 started_ns=1790174741286644000 ended_ns=1790174741290731583 elapsed_us=4087 block_gets=0 block_puts=0 deleted=0
checkpoint_phase lsn=20312 phase=value_index_schedule slot=0 started_ns=1790174741290748000 ended_ns=1790174741294636833 elapsed_us=3888 block_gets=0 block_puts=0 deleted=0
checkpoint_phase lsn=20312 phase=value_index_schedule slot=0 started_ns=1790174741294652000 ended_ns=1790174741298198583 elapsed_us=3546 block_gets=0 block_puts=0 deleted=0
checkpoint_phase lsn=20312 phase=value_index_schedule slot=0 started_ns=1790174741298215000 ended_ns=1790174741300178791 elapsed_us=1963 block_gets=0 block_puts=0 deleted=0
checkpoint_phase lsn=20312 phase=value_index_schedule slot=0 started_ns=1790174741300191000 ended_ns=1790174741300226125 elapsed_us=35 block_gets=0 block_puts=0 deleted=0
checkpoint_phase lsn=20312 phase=value_index_schedule slot=0 started_ns=1790174741300235000 ended_ns=1790174741300264083 elapsed_us=29 block_gets=0 block_puts=0 deleted=0
checkpoint_phase lsn=20312 phase=value_index_schedule slot=0 started_ns=1790174741300273000 ended_ns=1790174741300302125 elapsed_us=29 block_gets=0 block_puts=0 deleted=0
checkpoint_phase lsn=20312 phase=value_index_schedule slot=0 started_ns=1790174741300310000 ended_ns=1790174741307462000 elapsed_us=7152 block_gets=0 block_puts=1 deleted=0
checkpoint_phase lsn=20312 phase=value_index_schedule slot=0 started_ns=1790174741307484000 ended_ns=1790174741317310750 elapsed_us=9826 block_gets=0 block_puts=4 deleted=0
checkpoint_phase lsn=20312 phase=value_index_schedule slot=0 started_ns=1790174741317327000 ended_ns=1790174741317908167 elapsed_us=581 block_gets=0 block_puts=0 deleted=0
checkpoint_phase lsn=20312 phase=value_index_schedule slot=0 started_ns=1790174741317918000 ended_ns=1790174741318141167 elapsed_us=223 block_gets=0 block_puts=0 deleted=0
checkpoint_phase lsn=20312 phase=value_index_schedule slot=0 started_ns=1790174741318151000 ended_ns=1790174741318375208 elapsed_us=224 block_gets=0 block_puts=0 deleted=0
checkpoint_phase lsn=20312 phase=value_index_schedule slot=0 started_ns=1790174741318385000 ended_ns=1790174741318700167 elapsed_us=315 block_gets=0 block_puts=0 deleted=0
checkpoint_phase lsn=20312 phase=value_index_schedule slot=0 started_ns=1790174741318709000 ended_ns=1790174741322621958 elapsed_us=3912 block_gets=0 block_puts=1 deleted=0
checkpoint_phase lsn=20312 phase=value_index_schedule slot=0 started_ns=1790174741322637000 ended_ns=1790174741322982791 elapsed_us=345 block_gets=0 block_puts=0 deleted=0
checkpoint_phase lsn=20312 phase=value_index_schedule slot=0 started_ns=1790174741322998000 ended_ns=1790174741323342666 elapsed_us=344 block_gets=0 block_puts=0 deleted=0
checkpoint_phase lsn=20312 phase=value_index_schedule slot=0 started_ns=1790174741323359000 ended_ns=1790174741327440959 elapsed_us=4081 block_gets=0 block_puts=1 deleted=0
checkpoint_phase lsn=20312 phase=value_index_schedule slot=0 started_ns=1790174741327456000 ended_ns=1790174741327757208 elapsed_us=301 block_gets=0 block_puts=0 deleted=0
checkpoint_phase lsn=20312 phase=value_index_schedule slot=0 started_ns=1790174741327770000 ended_ns=1790174741327803125 elapsed_us=33 block_gets=0 block_puts=0 deleted=0
checkpoint_phase lsn=20312 phase=value_index_schedule slot=0 started_ns=1790174741327816000 ended_ns=1790174741334858791 elapsed_us=7042 block_gets=0 block_puts=4 deleted=0
checkpoint_phase lsn=20312 phase=value_index_schedule slot=0 started_ns=1790174741334877000 ended_ns=1790174741338436250 elapsed_us=3559 block_gets=0 block_puts=0 deleted=0
checkpoint_phase lsn=20312 phase=value_index_schedule slot=0 started_ns=1790174741338449000 ended_ns=1790174741339300000 elapsed_us=851 block_gets=0 block_puts=0 deleted=0
checkpoint_phase lsn=20312 phase=value_index_schedule slot=0 started_ns=1790174741339317000 ended_ns=1790174741339351833 elapsed_us=34 block_gets=0 block_puts=0 deleted=0
checkpoint_phase lsn=20312 phase=value_index_schedule slot=0 started_ns=1790174741339361000 ended_ns=1790174741346122417 elapsed_us=6761 block_gets=0 block_puts=4 deleted=0
checkpoint_phase lsn=20312 phase=value_index_schedule slot=0 started_ns=1790174741346139000 ended_ns=1790174741346139458 elapsed_us=0 block_gets=0 block_puts=0 deleted=0
checkpoint_phase lsn=20312 phase=value_index_schedule slot=0 started_ns=1790174741346148000 ended_ns=1790174741346327958 elapsed_us=179 block_gets=0 block_puts=0 deleted=0
checkpoint_phase lsn=20312 phase=value_index_schedule slot=0 started_ns=1790174741346335000 ended_ns=1790174741346679083 elapsed_us=344 block_gets=0 block_puts=0 deleted=0
checkpoint_phase lsn=20312 phase=value_index_schedule slot=0 started_ns=1790174741346703000 ended_ns=1790174741347034292 elapsed_us=331 block_gets=0 block_puts=0 deleted=0
checkpoint_phase lsn=20312 phase=value_index_schedule slot=0 started_ns=1790174741347044000 ended_ns=1790174741347378583 elapsed_us=334 block_gets=0 block_puts=0 deleted=0
checkpoint_phase lsn=20312 phase=value_index_schedule slot=0 started_ns=1790174741347385000 ended_ns=1790174741350894041 elapsed_us=3509 block_gets=0 block_puts=1 deleted=0
checkpoint_phase lsn=20312 phase=value_index_schedule slot=0 started_ns=1790174741350913000 ended_ns=1790174741351239416 elapsed_us=326 block_gets=0 block_puts=0 deleted=0
checkpoint_phase lsn=20312 phase=value_index_schedule slot=0 started_ns=1790174741351248000 ended_ns=1790174741351581333 elapsed_us=333 block_gets=0 block_puts=0 deleted=0
checkpoint_phase lsn=20312 phase=value_index_schedule slot=0 started_ns=1790174741351591000 ended_ns=1790174741355966541 elapsed_us=4375 block_gets=0 block_puts=1 deleted=0
checkpoint_phase lsn=20312 phase=value_index_schedule slot=0 started_ns=1790174741355989000 ended_ns=1790174741356295375 elapsed_us=306 block_gets=0 block_puts=0 deleted=0
checkpoint_phase lsn=20312 phase=value_index_schedule slot=0 started_ns=1790174741356304000 ended_ns=1790174741356474083 elapsed_us=170 block_gets=0 block_puts=0 deleted=0
checkpoint_phase lsn=20312 phase=value_index_schedule slot=0 started_ns=1790174741356484000 ended_ns=1790174741360228166 elapsed_us=3744 block_gets=0 block_puts=1 deleted=0
checkpoint_phase lsn=20312 phase=value_index_schedule slot=0 started_ns=1790174741360243000 ended_ns=1790174741365640291 elapsed_us=5397 block_gets=0 block_puts=4 deleted=0
checkpoint_phase lsn=20312 phase=value_index_schedule slot=0 started_ns=1790174741365659000 ended_ns=1790174741365659292 elapsed_us=0 block_gets=0 block_puts=0 deleted=0
checkpoint_phase lsn=20312 phase=value_index_write slot=0 started_ns=1790174741365670000 ended_ns=1790174741373058833 elapsed_us=7388 block_gets=0 block_puts=4 deleted=0
checkpoint_phase lsn=20312 phase=value_index_write slot=0 started_ns=1790174741373079000 ended_ns=1790174741378380250 elapsed_us=5301 block_gets=0 block_puts=4 deleted=0
checkpoint_phase lsn=20312 phase=value_index_write slot=0 started_ns=1790174741378393000 ended_ns=1790174741383566000 elapsed_us=5173 block_gets=0 block_puts=4 deleted=0
checkpoint_phase lsn=20312 phase=value_index_write slot=0 started_ns=1790174741383578000 ended_ns=1790174741389740083 elapsed_us=6162 block_gets=0 block_puts=4 deleted=0
checkpoint_phase lsn=20312 phase=value_index_write slot=0 started_ns=1790174741389754000 ended_ns=1790174741396867209 elapsed_us=7113 block_gets=0 block_puts=4 deleted=0
checkpoint_phase lsn=20312 phase=value_index_write slot=0 started_ns=1790174741396886000 ended_ns=1790174741402346292 elapsed_us=5460 block_gets=0 block_puts=4 deleted=0
checkpoint_phase lsn=20312 phase=value_index_write slot=0 started_ns=1790174741402361000 ended_ns=1790174741433952459 elapsed_us=31591 block_gets=0 block_puts=4 deleted=0
checkpoint_phase lsn=20312 phase=value_index_write slot=0 started_ns=1790174741433969000 ended_ns=1790174741456482375 elapsed_us=22513 block_gets=0 block_puts=4 deleted=0
checkpoint_phase lsn=20312 phase=value_index_write slot=0 started_ns=1790174741456498000 ended_ns=1790174741462575959 elapsed_us=6077 block_gets=0 block_puts=4 deleted=0
checkpoint_phase lsn=20312 phase=value_index_write slot=0 started_ns=1790174741462590000 ended_ns=1790174741470758041 elapsed_us=8168 block_gets=0 block_puts=4 deleted=0
checkpoint_phase lsn=20312 phase=value_index_write slot=0 started_ns=1790174741470775000 ended_ns=1790174741477467375 elapsed_us=6692 block_gets=0 block_puts=4 deleted=0
checkpoint_phase lsn=20312 phase=value_index_write slot=0 started_ns=1790174741477481000 ended_ns=1790174741483023417 elapsed_us=5542 block_gets=0 block_puts=4 deleted=0
checkpoint_phase lsn=20312 phase=value_index_write slot=0 started_ns=1790174741483035000 ended_ns=1790174741487196083 elapsed_us=4161 block_gets=0 block_puts=4 deleted=0
checkpoint_phase lsn=20312 phase=value_index_write slot=0 started_ns=1790174741487209000 ended_ns=1790174741491019375 elapsed_us=3810 block_gets=0 block_puts=4 deleted=0
checkpoint_phase lsn=20312 phase=value_index_write slot=0 started_ns=1790174741491033000 ended_ns=1790174741496427125 elapsed_us=5394 block_gets=0 block_puts=6 deleted=0
checkpoint_phase lsn=20312 phase=value_index_schedule slot=0 started_ns=1790174741496449000 ended_ns=1790174741496452625 elapsed_us=3 block_gets=0 block_puts=0 deleted=0
checkpoint_phase lsn=20312 phase=value_index_schedule slot=0 started_ns=1790174741496461000 ended_ns=1790174741497316209 elapsed_us=855 block_gets=0 block_puts=0 deleted=0
checkpoint_phase lsn=20312 phase=value_index_schedule slot=0 started_ns=1790174741497329000 ended_ns=1790174741502494792 elapsed_us=5165 block_gets=8 block_puts=0 deleted=0
checkpoint_phase lsn=20312 phase=value_index_schedule slot=0 started_ns=1790174741502507000 ended_ns=1790174741505863875 elapsed_us=3356 block_gets=8 block_puts=0 deleted=0
checkpoint_phase lsn=20312 phase=value_index_schedule slot=0 started_ns=1790174741505876000 ended_ns=1790174741511683959 elapsed_us=5807 block_gets=8 block_puts=0 deleted=0
checkpoint_phase lsn=20312 phase=value_index_schedule slot=0 started_ns=1790174741511696000 ended_ns=1790174741515646542 elapsed_us=3950 block_gets=8 block_puts=0 deleted=0
checkpoint_phase lsn=20312 phase=value_index_schedule slot=0 started_ns=1790174741515659000 ended_ns=1790174741518996041 elapsed_us=3337 block_gets=8 block_puts=0 deleted=0
checkpoint_phase lsn=20312 phase=value_index_schedule slot=0 started_ns=1790174741519009000 ended_ns=1790174741523362458 elapsed_us=4353 block_gets=8 block_puts=0 deleted=0
checkpoint_phase lsn=20312 phase=value_index_schedule slot=0 started_ns=1790174741523376000 ended_ns=1790174741528721958 elapsed_us=5345 block_gets=8 block_puts=0 deleted=0
checkpoint_phase lsn=20312 phase=value_index_schedule slot=0 started_ns=1790174741528737000 ended_ns=1790174741533130167 elapsed_us=4393 block_gets=8 block_puts=0 deleted=0
checkpoint_phase lsn=20312 phase=value_index_schedule slot=0 started_ns=1790174741533144000 ended_ns=1790174741539386959 elapsed_us=6242 block_gets=8 block_puts=0 deleted=0
checkpoint_phase lsn=20312 phase=value_index_schedule slot=0 started_ns=1790174741539407000 ended_ns=1790174741545637042 elapsed_us=6230 block_gets=8 block_puts=0 deleted=0
checkpoint_phase lsn=20312 phase=value_index_schedule slot=0 started_ns=1790174741545653000 ended_ns=1790174741559283250 elapsed_us=13630 block_gets=8 block_puts=0 deleted=0
checkpoint_phase lsn=20312 phase=value_index_schedule slot=0 started_ns=1790174741559297000 ended_ns=1790174741594337084 elapsed_us=35040 block_gets=8 block_puts=0 deleted=0
checkpoint_phase lsn=20312 phase=value_index_schedule slot=0 started_ns=1790174741594348000 ended_ns=1790174741608871542 elapsed_us=14523 block_gets=8 block_puts=0 deleted=0
checkpoint_phase lsn=20312 phase=value_index_schedule slot=0 started_ns=1790174741608897000 ended_ns=1790174741613780792 elapsed_us=4883 block_gets=8 block_puts=0 deleted=0
checkpoint_phase lsn=20312 phase=value_index_schedule slot=0 started_ns=1790174741613796000 ended_ns=1790174741618405208 elapsed_us=4609 block_gets=2 block_puts=0 deleted=0
checkpoint_phase lsn=20312 phase=value_index_schedule slot=0 started_ns=1790174741618425000 ended_ns=1790174741622825458 elapsed_us=4400 block_gets=0 block_puts=0 deleted=0
checkpoint_phase lsn=20312 phase=value_index_schedule slot=0 started_ns=1790174741622845000 ended_ns=1790174741622878875 elapsed_us=33 block_gets=0 block_puts=0 deleted=0
checkpoint_phase lsn=20312 phase=value_index_schedule slot=0 started_ns=1790174741622888000 ended_ns=1790174741622918625 elapsed_us=30 block_gets=0 block_puts=0 deleted=0
checkpoint_phase lsn=20312 phase=value_index_schedule slot=0 started_ns=1790174741622929000 ended_ns=1790174741622960583 elapsed_us=31 block_gets=0 block_puts=0 deleted=0
checkpoint_phase lsn=20312 phase=value_index_schedule slot=0 started_ns=1790174741622969000 ended_ns=1790174741631416208 elapsed_us=8447 block_gets=0 block_puts=1 deleted=0
checkpoint_phase lsn=20312 phase=value_index_schedule slot=0 started_ns=1790174741631434000 ended_ns=1790174741640988833 elapsed_us=9554 block_gets=0 block_puts=4 deleted=0
checkpoint_phase lsn=20312 phase=value_index_schedule slot=0 started_ns=1790174741641009000 ended_ns=1790174741644178834 elapsed_us=3169 block_gets=0 block_puts=0 deleted=0
checkpoint_phase lsn=20312 phase=value_index_schedule slot=0 started_ns=1790174741644195000 ended_ns=1790174741647296750 elapsed_us=3101 block_gets=0 block_puts=0 deleted=0
checkpoint_phase lsn=20312 phase=value_index_schedule slot=0 started_ns=1790174741647309000 ended_ns=1790174741650341041 elapsed_us=3032 block_gets=0 block_puts=0 deleted=0
checkpoint_phase lsn=20312 phase=value_index_schedule slot=0 started_ns=1790174741650352000 ended_ns=1790174741653388584 elapsed_us=3036 block_gets=0 block_puts=0 deleted=0
checkpoint_phase lsn=20312 phase=value_index_schedule slot=0 started_ns=1790174741653400000 ended_ns=1790174741654302292 elapsed_us=902 block_gets=0 block_puts=0 deleted=0
checkpoint_phase lsn=20312 phase=value_index_schedule slot=0 started_ns=1790174741654321000 ended_ns=1790174741654351084 elapsed_us=30 block_gets=0 block_puts=0 deleted=0
checkpoint_phase lsn=20312 phase=value_index_schedule slot=0 started_ns=1790174741654364000 ended_ns=1790174741654391833 elapsed_us=27 block_gets=0 block_puts=0 deleted=0
checkpoint_phase lsn=20312 phase=value_index_schedule slot=0 started_ns=1790174741654400000 ended_ns=1790174741654428000 elapsed_us=28 block_gets=0 block_puts=0 deleted=0
checkpoint_phase lsn=20312 phase=value_index_schedule slot=0 started_ns=1790174741654437000 ended_ns=1790174741660899250 elapsed_us=6462 block_gets=0 block_puts=1 deleted=0
checkpoint_phase lsn=20312 phase=value_index_schedule slot=0 started_ns=1790174741660916000 ended_ns=1790174741667736083 elapsed_us=6820 block_gets=0 block_puts=4 deleted=0
checkpoint_phase lsn=20312 phase=value_index_schedule slot=0 started_ns=1790174741667755000 ended_ns=1790174741668534542 elapsed_us=779 block_gets=0 block_puts=0 deleted=0
checkpoint_phase lsn=20312 phase=value_index_schedule slot=0 started_ns=1790174741668551000 ended_ns=1790174741668672500 elapsed_us=121 block_gets=0 block_puts=0 deleted=0
checkpoint_phase lsn=20312 phase=value_index_schedule slot=0 started_ns=1790174741668682000 ended_ns=1790174741668792625 elapsed_us=110 block_gets=0 block_puts=0 deleted=0
checkpoint_phase lsn=20312 phase=value_index_schedule slot=0 started_ns=1790174741668803000 ended_ns=1790174741669020083 elapsed_us=217 block_gets=0 block_puts=0 deleted=0
checkpoint_phase lsn=20312 phase=value_index_schedule slot=0 started_ns=1790174741669029000 ended_ns=1790174741672908750 elapsed_us=3879 block_gets=0 block_puts=1 deleted=0
checkpoint_phase lsn=20312 phase=value_index_schedule slot=0 started_ns=1790174741672925000 ended_ns=1790174741673152333 elapsed_us=227 block_gets=0 block_puts=0 deleted=0
checkpoint_phase lsn=20312 phase=value_index_schedule slot=0 started_ns=1790174741673164000 ended_ns=1790174741673432250 elapsed_us=268 block_gets=0 block_puts=0 deleted=0
checkpoint_phase lsn=20312 phase=value_index_schedule slot=0 started_ns=1790174741673442000 ended_ns=1790174741677672000 elapsed_us=4230 block_gets=0 block_puts=1 deleted=0
checkpoint_phase lsn=20312 phase=value_index_schedule slot=0 started_ns=1790174741677686000 ended_ns=1790174741677905000 elapsed_us=219 block_gets=0 block_puts=0 deleted=0
checkpoint_phase lsn=20312 phase=value_index_schedule slot=0 started_ns=1790174741677915000 ended_ns=1790174741677934166 elapsed_us=19 block_gets=0 block_puts=0 deleted=0
checkpoint_phase lsn=20312 phase=value_index_schedule slot=0 started_ns=1790174741677943000 ended_ns=1790174741685929291 elapsed_us=7986 block_gets=0 block_puts=4 deleted=0
checkpoint_phase lsn=20312 phase=value_index_schedule slot=0 started_ns=1790174741685945000 ended_ns=1790174741689000083 elapsed_us=3055 block_gets=0 block_puts=0 deleted=0
checkpoint_phase lsn=20312 phase=value_index_schedule slot=0 started_ns=1790174741689011000 ended_ns=1790174741690249625 elapsed_us=1238 block_gets=0 block_puts=0 deleted=0
checkpoint_phase lsn=20312 phase=value_index_schedule slot=0 started_ns=1790174741690262000 ended_ns=1790174741690293541 elapsed_us=31 block_gets=0 block_puts=0 deleted=0
checkpoint_phase lsn=20312 phase=value_index_schedule slot=0 started_ns=1790174741690305000 ended_ns=1790174741695543000 elapsed_us=5238 block_gets=0 block_puts=4 deleted=0
checkpoint_phase lsn=20312 phase=value_index_schedule slot=0 started_ns=1790174741695560000 ended_ns=1790174741695560292 elapsed_us=0 block_gets=0 block_puts=0 deleted=0
checkpoint_phase lsn=20312 phase=value_index_schedule slot=0 started_ns=1790174741695568000 ended_ns=1790174741695778167 elapsed_us=210 block_gets=0 block_puts=0 deleted=0
checkpoint_phase lsn=20312 phase=value_index_schedule slot=0 started_ns=1790174741695785000 ended_ns=1790174741696047083 elapsed_us=262 block_gets=0 block_puts=0 deleted=0
checkpoint_phase lsn=20312 phase=value_index_schedule slot=0 started_ns=1790174741696058000 ended_ns=1790174741696314667 elapsed_us=256 block_gets=0 block_puts=0 deleted=0
checkpoint_phase lsn=20312 phase=value_index_schedule slot=0 started_ns=1790174741696324000 ended_ns=1790174741696574291 elapsed_us=250 block_gets=0 block_puts=0 deleted=0
checkpoint_phase lsn=20312 phase=value_index_schedule slot=0 started_ns=1790174741696581000 ended_ns=1790174741720466875 elapsed_us=23885 block_gets=0 block_puts=1 deleted=0
checkpoint_phase lsn=20312 phase=value_index_schedule slot=0 started_ns=1790174741720493000 ended_ns=1790174741720826000 elapsed_us=333 block_gets=0 block_puts=0 deleted=0
checkpoint_phase lsn=20312 phase=value_index_schedule slot=0 started_ns=1790174741720836000 ended_ns=1790174741721133042 elapsed_us=297 block_gets=0 block_puts=0 deleted=0
checkpoint_phase lsn=20312 phase=value_index_schedule slot=0 started_ns=1790174741721141000 ended_ns=1790174741743667875 elapsed_us=22526 block_gets=0 block_puts=1 deleted=0
checkpoint_phase lsn=20312 phase=value_index_schedule slot=0 started_ns=1790174741743696000 ended_ns=1790174741743990125 elapsed_us=294 block_gets=0 block_puts=0 deleted=0
checkpoint_phase lsn=20312 phase=value_index_schedule slot=0 started_ns=1790174741744012000 ended_ns=1790174741744371666 elapsed_us=359 block_gets=0 block_puts=0 deleted=0
checkpoint_phase lsn=20312 phase=value_index_schedule slot=0 started_ns=1790174741744391000 ended_ns=1790174741753545625 elapsed_us=9154 block_gets=0 block_puts=1 deleted=0
checkpoint_phase lsn=20312 phase=value_index_schedule slot=0 started_ns=1790174741753566000 ended_ns=1790174741768684250 elapsed_us=15118 block_gets=0 block_puts=4 deleted=0
checkpoint_phase lsn=20312 phase=value_index_schedule slot=0 started_ns=1790174741768705000 ended_ns=1790174741768705333 elapsed_us=0 block_gets=0 block_puts=0 deleted=0
checkpoint_phase lsn=20312 phase=value_index_write slot=0 started_ns=1790174741768720000 ended_ns=1790174741777020042 elapsed_us=8300 block_gets=0 block_puts=4 deleted=0
checkpoint_phase lsn=20312 phase=value_index_write slot=0 started_ns=1790174741777037000 ended_ns=1790174741783991584 elapsed_us=6954 block_gets=0 block_puts=4 deleted=0
checkpoint_phase lsn=20312 phase=value_index_write slot=0 started_ns=1790174741784012000 ended_ns=1790174741793665125 elapsed_us=9653 block_gets=0 block_puts=4 deleted=0
checkpoint_phase lsn=20312 phase=value_index_write slot=0 started_ns=1790174741793684000 ended_ns=1790174741800611083 elapsed_us=6927 block_gets=0 block_puts=4 deleted=0
checkpoint_phase lsn=20312 phase=value_index_write slot=0 started_ns=1790174741800630000 ended_ns=1790174741805994208 elapsed_us=5364 block_gets=0 block_puts=4 deleted=0
checkpoint_phase lsn=20312 phase=value_index_write slot=0 started_ns=1790174741806014000 ended_ns=1790174741812409916 elapsed_us=6395 block_gets=0 block_puts=4 deleted=0
checkpoint_phase lsn=20312 phase=value_index_write slot=0 started_ns=1790174741812428000 ended_ns=1790174741817553417 elapsed_us=5125 block_gets=0 block_puts=4 deleted=0
checkpoint_phase lsn=20312 phase=value_index_write slot=0 started_ns=1790174741817571000 ended_ns=1790174741822685083 elapsed_us=5114 block_gets=0 block_puts=4 deleted=0
checkpoint_phase lsn=20312 phase=value_index_write slot=0 started_ns=1790174741822701000 ended_ns=1790174741837081833 elapsed_us=14380 block_gets=0 block_puts=4 deleted=0
checkpoint_phase lsn=20312 phase=value_index_write slot=0 started_ns=1790174741837102000 ended_ns=1790174741843048625 elapsed_us=5946 block_gets=0 block_puts=4 deleted=0
checkpoint_phase lsn=20312 phase=value_index_write slot=0 started_ns=1790174741843065000 ended_ns=1790174741846630208 elapsed_us=3565 block_gets=0 block_puts=4 deleted=0
checkpoint_phase lsn=20312 phase=value_index_write slot=0 started_ns=1790174741846647000 ended_ns=1790174741850827917 elapsed_us=4180 block_gets=0 block_puts=4 deleted=0
checkpoint_phase lsn=20312 phase=value_index_write slot=0 started_ns=1790174741850844000 ended_ns=1790174741854903458 elapsed_us=4059 block_gets=0 block_puts=4 deleted=0
checkpoint_phase lsn=20312 phase=value_index_write slot=0 started_ns=1790174741854919000 ended_ns=1790174741858899959 elapsed_us=3980 block_gets=0 block_puts=4 deleted=0
checkpoint_phase lsn=20312 phase=value_index_write slot=0 started_ns=1790174741858914000 ended_ns=1790174741863237917 elapsed_us=4323 block_gets=0 block_puts=4 deleted=0
checkpoint_phase lsn=20312 phase=value_index_write slot=0 started_ns=1790174741863253000 ended_ns=1790174741866019041 elapsed_us=2766 block_gets=0 block_puts=3 deleted=0
checkpoint_phase lsn=20312 phase=value_index_schedule slot=0 started_ns=1790174741866050000 ended_ns=1790174741866054084 elapsed_us=4 block_gets=0 block_puts=0 deleted=0
checkpoint_phase lsn=20312 phase=value_index_schedule slot=0 started_ns=1790174741866066000 ended_ns=1790174741866974875 elapsed_us=908 block_gets=0 block_puts=0 deleted=0
checkpoint_phase lsn=20312 phase=value_index_schedule slot=0 started_ns=1790174741866987000 ended_ns=1790174741872839709 elapsed_us=5852 block_gets=8 block_puts=0 deleted=0
checkpoint_phase lsn=20312 phase=value_index_schedule slot=0 started_ns=1790174741872856000 ended_ns=1790174741877540625 elapsed_us=4684 block_gets=8 block_puts=0 deleted=0
checkpoint_phase lsn=20312 phase=value_index_schedule slot=0 started_ns=1790174741877556000 ended_ns=1790174741882927417 elapsed_us=5371 block_gets=8 block_puts=0 deleted=0
checkpoint_phase lsn=20312 phase=value_index_schedule slot=0 started_ns=1790174741882941000 ended_ns=1790174741892436291 elapsed_us=9495 block_gets=8 block_puts=0 deleted=0
checkpoint_phase lsn=20312 phase=value_index_schedule slot=0 started_ns=1790174741892463000 ended_ns=1790174741914899334 elapsed_us=22436 block_gets=8 block_puts=0 deleted=0
checkpoint_phase lsn=20312 phase=value_index_schedule slot=0 started_ns=1790174741914914000 ended_ns=1790174741933905167 elapsed_us=18991 block_gets=8 block_puts=0 deleted=0
checkpoint_phase lsn=20312 phase=value_index_schedule slot=0 started_ns=1790174741933921000 ended_ns=1790174741943086917 elapsed_us=9165 block_gets=8 block_puts=0 deleted=0
checkpoint_phase lsn=20312 phase=value_index_schedule slot=0 started_ns=1790174741943105000 ended_ns=1790174741949982208 elapsed_us=6877 block_gets=8 block_puts=0 deleted=0
checkpoint_phase lsn=20312 phase=value_index_schedule slot=0 started_ns=1790174741949999000 ended_ns=1790174741956341750 elapsed_us=6342 block_gets=8 block_puts=0 deleted=0
checkpoint_phase lsn=20312 phase=value_index_schedule slot=0 started_ns=1790174741956360000 ended_ns=1790174741963318667 elapsed_us=6958 block_gets=8 block_puts=0 deleted=0
checkpoint_phase lsn=20312 phase=value_index_schedule slot=0 started_ns=1790174741963335000 ended_ns=1790174741970231083 elapsed_us=6896 block_gets=8 block_puts=0 deleted=0
checkpoint_phase lsn=20312 phase=value_index_schedule slot=0 started_ns=1790174741970249000 ended_ns=1790174741978807375 elapsed_us=8558 block_gets=8 block_puts=0 deleted=0
checkpoint_phase lsn=20312 phase=value_index_schedule slot=0 started_ns=1790174741978826000 ended_ns=1790174741986299500 elapsed_us=7473 block_gets=8 block_puts=0 deleted=0
checkpoint_phase lsn=20312 phase=value_index_schedule slot=0 started_ns=1790174741986317000 ended_ns=1790174741993152458 elapsed_us=6835 block_gets=8 block_puts=0 deleted=0
checkpoint_phase lsn=20312 phase=value_index_schedule slot=0 started_ns=1790174741993170000 ended_ns=1790174742003889541 elapsed_us=10719 block_gets=2 block_puts=0 deleted=0
checkpoint_phase lsn=20312 phase=value_index_schedule slot=0 started_ns=1790174742003913000 ended_ns=1790174742003944917 elapsed_us=31 block_gets=0 block_puts=0 deleted=0
checkpoint_phase lsn=20312 phase=value_index_schedule slot=0 started_ns=1790174742003957000 ended_ns=1790174742003982917 elapsed_us=25 block_gets=0 block_puts=0 deleted=0
checkpoint_phase lsn=20312 phase=value_index_schedule slot=0 started_ns=1790174742003995000 ended_ns=1790174742007904417 elapsed_us=3909 block_gets=0 block_puts=1 deleted=0
checkpoint_phase lsn=20312 phase=value_index_schedule slot=0 started_ns=1790174742007922000 ended_ns=1790174742013409166 elapsed_us=5487 block_gets=0 block_puts=4 deleted=0
checkpoint_phase lsn=20312 phase=value_index_schedule slot=0 started_ns=1790174742013426000 ended_ns=1790174742016833291 elapsed_us=3407 block_gets=0 block_puts=0 deleted=0
checkpoint_phase lsn=20312 phase=value_index_schedule slot=0 started_ns=1790174742016852000 ended_ns=1790174742019970916 elapsed_us=3118 block_gets=0 block_puts=0 deleted=0
checkpoint_phase lsn=20312 phase=value_index_schedule slot=0 started_ns=1790174742019987000 ended_ns=1790174742022827500 elapsed_us=2840 block_gets=0 block_puts=0 deleted=0
checkpoint_phase lsn=20312 phase=value_index_schedule slot=0 started_ns=1790174742022840000 ended_ns=1790174742024705625 elapsed_us=1865 block_gets=0 block_puts=0 deleted=0
checkpoint_phase lsn=20312 phase=value_index_schedule slot=0 started_ns=1790174742024717000 ended_ns=1790174742024744000 elapsed_us=27 block_gets=0 block_puts=0 deleted=0
checkpoint_phase lsn=20312 phase=value_index_schedule slot=0 started_ns=1790174742024752000 ended_ns=1790174742024773625 elapsed_us=21 block_gets=0 block_puts=0 deleted=0
checkpoint_phase lsn=20312 phase=value_index_schedule slot=0 started_ns=1790174742024781000 ended_ns=1790174742034133667 elapsed_us=9352 block_gets=0 block_puts=1 deleted=0
checkpoint_phase lsn=20312 phase=value_index_schedule slot=0 started_ns=1790174742034152000 ended_ns=1790174742038892000 elapsed_us=4740 block_gets=0 block_puts=4 deleted=0
checkpoint_phase lsn=20312 phase=value_index_schedule slot=0 started_ns=1790174742038906000 ended_ns=1790174742039549084 elapsed_us=643 block_gets=0 block_puts=0 deleted=0
checkpoint_phase lsn=20312 phase=value_index_schedule slot=0 started_ns=1790174742039560000 ended_ns=1790174742039769584 elapsed_us=209 block_gets=0 block_puts=0 deleted=0
checkpoint_phase lsn=20312 phase=value_index_schedule slot=0 started_ns=1790174742039780000 ended_ns=1790174742039978583 elapsed_us=198 block_gets=0 block_puts=0 deleted=0
checkpoint_phase lsn=20312 phase=value_index_schedule slot=0 started_ns=1790174742039989000 ended_ns=1790174742043380291 elapsed_us=3391 block_gets=0 block_puts=1 deleted=0
checkpoint_phase lsn=20312 phase=value_index_schedule slot=0 started_ns=1790174742043395000 ended_ns=1790174742043730792 elapsed_us=335 block_gets=0 block_puts=0 deleted=0
checkpoint_phase lsn=20312 phase=value_index_schedule slot=0 started_ns=1790174742043741000 ended_ns=1790174742044108541 elapsed_us=367 block_gets=0 block_puts=0 deleted=0
checkpoint_phase lsn=20312 phase=value_index_schedule slot=0 started_ns=1790174742044117000 ended_ns=1790174742047328542 elapsed_us=3211 block_gets=0 block_puts=1 deleted=0
checkpoint_phase lsn=20312 phase=value_index_schedule slot=0 started_ns=1790174742047340000 ended_ns=1790174742047513833 elapsed_us=173 block_gets=0 block_puts=0 deleted=0
checkpoint_phase lsn=20312 phase=value_index_schedule slot=0 started_ns=1790174742047525000 ended_ns=1790174742056061541 elapsed_us=8536 block_gets=0 block_puts=4 deleted=0
checkpoint_phase lsn=20312 phase=value_index_schedule slot=0 started_ns=1790174742056078000 ended_ns=1790174742059023917 elapsed_us=2945 block_gets=0 block_puts=0 deleted=0
checkpoint_phase lsn=20312 phase=value_index_schedule slot=0 started_ns=1790174742059036000 ended_ns=1790174742061915000 elapsed_us=2879 block_gets=0 block_puts=0 deleted=0
checkpoint_phase lsn=20312 phase=value_index_schedule slot=0 started_ns=1790174742061927000 ended_ns=1790174742064646333 elapsed_us=2719 block_gets=0 block_puts=0 deleted=0
checkpoint_phase lsn=20312 phase=value_index_schedule slot=0 started_ns=1790174742064657000 ended_ns=1790174742064683750 elapsed_us=26 block_gets=0 block_puts=0 deleted=0
checkpoint_phase lsn=20312 phase=value_index_schedule slot=0 started_ns=1790174742064692000 ended_ns=1790174742064713584 elapsed_us=21 block_gets=0 block_puts=0 deleted=0
checkpoint_phase lsn=20312 phase=value_index_schedule slot=0 started_ns=1790174742064722000 ended_ns=1790174742068582375 elapsed_us=3860 block_gets=0 block_puts=1 deleted=0
checkpoint_phase lsn=20312 phase=value_index_schedule slot=0 started_ns=1790174742068597000 ended_ns=1790174742073459125 elapsed_us=4862 block_gets=0 block_puts=4 deleted=0
checkpoint_phase lsn=20312 phase=value_index_schedule slot=0 started_ns=1790174742073479000 ended_ns=1790174742073479250 elapsed_us=0 block_gets=0 block_puts=0 deleted=0
checkpoint_phase lsn=20312 phase=value_index_schedule slot=0 started_ns=1790174742073488000 ended_ns=1790174742074139917 elapsed_us=651 block_gets=0 block_puts=0 deleted=0
checkpoint_phase lsn=20312 phase=value_index_schedule slot=0 started_ns=1790174742074152000 ended_ns=1790174742074507459 elapsed_us=355 block_gets=0 block_puts=0 deleted=0
checkpoint_phase lsn=20312 phase=value_index_schedule slot=0 started_ns=1790174742074518000 ended_ns=1790174742074863500 elapsed_us=345 block_gets=0 block_puts=0 deleted=0
checkpoint_phase lsn=20312 phase=value_index_schedule slot=0 started_ns=1790174742074874000 ended_ns=1790174742078500125 elapsed_us=3626 block_gets=0 block_puts=1 deleted=0
checkpoint_phase lsn=20312 phase=value_index_schedule slot=0 started_ns=1790174742078517000 ended_ns=1790174742078859667 elapsed_us=342 block_gets=0 block_puts=0 deleted=0
checkpoint_phase lsn=20312 phase=value_index_schedule slot=0 started_ns=1790174742078871000 ended_ns=1790174742079204958 elapsed_us=333 block_gets=0 block_puts=0 deleted=0
checkpoint_phase lsn=20312 phase=value_index_schedule slot=0 started_ns=1790174742079215000 ended_ns=1790174742082714416 elapsed_us=3499 block_gets=0 block_puts=1 deleted=0
checkpoint_phase lsn=20312 phase=value_index_schedule slot=0 started_ns=1790174742082731000 ended_ns=1790174742082926833 elapsed_us=195 block_gets=0 block_puts=0 deleted=0
checkpoint_phase lsn=20312 phase=value_index_schedule slot=0 started_ns=1790174742082938000 ended_ns=1790174742083134375 elapsed_us=196 block_gets=0 block_puts=0 deleted=0
checkpoint_phase lsn=20312 phase=value_index_schedule slot=0 started_ns=1790174742083144000 ended_ns=1790174742094822917 elapsed_us=11678 block_gets=0 block_puts=1 deleted=0
checkpoint_phase lsn=20312 phase=value_index_schedule slot=0 started_ns=1790174742094834000 ended_ns=1790174742094934125 elapsed_us=100 block_gets=0 block_puts=0 deleted=0
checkpoint_phase lsn=20312 phase=value_index_schedule slot=0 started_ns=1790174742094943000 ended_ns=1790174742130943583 elapsed_us=36000 block_gets=0 block_puts=4 deleted=0
checkpoint_phase lsn=20312 phase=value_index_schedule slot=0 started_ns=1790174742130964000 ended_ns=1790174742130964542 elapsed_us=0 block_gets=0 block_puts=0 deleted=0
checkpoint_phase lsn=20312 phase=value_index_write slot=0 started_ns=1790174742130976000 ended_ns=1790174742141112917 elapsed_us=10136 block_gets=0 block_puts=3 deleted=0
checkpoint_phase lsn=20312 phase=value_index_write slot=0 started_ns=1790174742141135000 ended_ns=1790174742154938167 elapsed_us=13803 block_gets=0 block_puts=4 deleted=0
checkpoint_phase lsn=20312 phase=value_index_write slot=0 started_ns=1790174742154958000 ended_ns=1790174742169901583 elapsed_us=14943 block_gets=0 block_puts=4 deleted=0
checkpoint_phase lsn=20312 phase=value_index_write slot=0 started_ns=1790174742169921000 ended_ns=1790174742177538458 elapsed_us=7617 block_gets=0 block_puts=4 deleted=0
checkpoint_phase lsn=20312 phase=value_index_write slot=0 started_ns=1790174742177561000 ended_ns=1790174742189760583 elapsed_us=12199 block_gets=0 block_puts=4 deleted=0
checkpoint_phase lsn=20312 phase=value_index_write slot=0 started_ns=1790174742189779000 ended_ns=1790174742196524459 elapsed_us=6745 block_gets=0 block_puts=4 deleted=0
checkpoint_phase lsn=20312 phase=value_index_write slot=0 started_ns=1790174742196545000 ended_ns=1790174742210099250 elapsed_us=13554 block_gets=0 block_puts=4 deleted=0
checkpoint_phase lsn=20312 phase=value_index_write slot=0 started_ns=1790174742210119000 ended_ns=1790174742220133875 elapsed_us=10014 block_gets=0 block_puts=4 deleted=0
checkpoint_phase lsn=20312 phase=value_index_write slot=0 started_ns=1790174742220153000 ended_ns=1790174742231652250 elapsed_us=11499 block_gets=0 block_puts=4 deleted=0
checkpoint_phase lsn=20312 phase=value_index_write slot=0 started_ns=1790174742231674000 ended_ns=1790174742246553459 elapsed_us=14879 block_gets=0 block_puts=4 deleted=0
checkpoint_phase lsn=20312 phase=value_index_write slot=0 started_ns=1790174742246577000 ended_ns=1790174742255511542 elapsed_us=8934 block_gets=0 block_puts=5 deleted=0
checkpoint_phase lsn=20312 phase=row_sst_delta slot=0 started_ns=1790174742255544000 ended_ns=1790174742301412333 elapsed_us=45868 block_gets=0 block_puts=5 deleted=0
checkpoint_phase lsn=20312 phase=manifest slot=-1 started_ns=1790174742301428000 ended_ns=1790174742302808750 elapsed_us=1380 block_gets=0 block_puts=0 deleted=0
checkpoint_phase lsn=20312 phase=local_cleanup slot=-1 started_ns=1790174742302848000 ended_ns=1790174742302989583 elapsed_us=141 block_gets=0 block_puts=0 deleted=0
checkpoint_phase lsn=20312 phase=commit_prune slot=-1 started_ns=1790174742302994000 ended_ns=1790174742326832542 elapsed_us=23838 block_gets=0 block_puts=0 deleted=16
checkpoint_phase lsn=20312 phase=commit_prune slot=-1 started_ns=1790174742326853000 ended_ns=1790174742376855292 elapsed_us=50002 block_gets=0 block_puts=0 deleted=16
checkpoint_phase lsn=20312 phase=commit_prune slot=-1 started_ns=1790174742376875000 ended_ns=1790174742390537750 elapsed_us=13662 block_gets=0 block_puts=0 deleted=16
checkpoint_phase lsn=20312 phase=commit_prune slot=-1 started_ns=1790174742390564000 ended_ns=1790174742401769166 elapsed_us=11205 block_gets=0 block_puts=0 deleted=16
checkpoint_phase lsn=20312 phase=commit_prune slot=-1 started_ns=1790174742401785000 ended_ns=1790174742402703750 elapsed_us=918 block_gets=0 block_puts=0 deleted=2
checkpoint_phase lsn=20312 phase=legacy_gc slot=-1 started_ns=1790174742402714000 ended_ns=1790174742403321875 elapsed_us=607 block_gets=0 block_puts=0 deleted=0
checkpoint_phase lsn=20312 phase=gc_keep slot=-1 started_ns=1790174742403339000 ended_ns=1790174742404553750 elapsed_us=1214 block_gets=0 block_puts=0 deleted=0
checkpoint_phase lsn=20312 phase=gc_list slot=-1 started_ns=1790174742404560000 ended_ns=1790174742431677500 elapsed_us=27117 block_gets=0 block_puts=0 deleted=0
checkpoint_phase lsn=20312 phase=gc_delete slot=-1 started_ns=1790174742431692000 ended_ns=1790174742442375042 elapsed_us=10683 block_gets=0 block_puts=0 deleted=16
checkpoint_phase lsn=20312 phase=gc_delete slot=-1 started_ns=1790174742442386000 ended_ns=1790174742454284750 elapsed_us=11898 block_gets=0 block_puts=0 deleted=16
checkpoint_phase lsn=20312 phase=gc_delete slot=-1 started_ns=1790174742454294000 ended_ns=1790174742470010334 elapsed_us=15716 block_gets=0 block_puts=0 deleted=16
checkpoint_phase lsn=20312 phase=gc_delete slot=-1 started_ns=1790174742470021000 ended_ns=1790174742521378958 elapsed_us=51357 block_gets=0 block_puts=0 deleted=16
checkpoint_phase lsn=20312 phase=gc_delete slot=-1 started_ns=1790174742521395000 ended_ns=1790174742545455459 elapsed_us=24060 block_gets=0 block_puts=0 deleted=16
checkpoint_phase lsn=20312 phase=gc_delete slot=-1 started_ns=1790174742545473000 ended_ns=1790174742562562709 elapsed_us=17089 block_gets=0 block_puts=0 deleted=16
checkpoint_phase lsn=20312 phase=gc_delete slot=-1 started_ns=1790174742562574000 ended_ns=1790174742572975459 elapsed_us=10401 block_gets=0 block_puts=0 deleted=16
checkpoint_phase lsn=20312 phase=gc_delete slot=-1 started_ns=1790174742572993000 ended_ns=1790174742581451625 elapsed_us=8458 block_gets=0 block_puts=0 deleted=16
checkpoint_phase lsn=20312 phase=gc_delete slot=-1 started_ns=1790174742581466000 ended_ns=1790174742590177083 elapsed_us=8711 block_gets=0 block_puts=0 deleted=16
checkpoint_phase lsn=20312 phase=gc_delete slot=-1 started_ns=1790174742590195000 ended_ns=1790174742599496667 elapsed_us=9301 block_gets=0 block_puts=0 deleted=16
checkpoint_phase lsn=20312 phase=gc_delete slot=-1 started_ns=1790174742599519000 ended_ns=1790174742608865750 elapsed_us=9346 block_gets=0 block_puts=0 deleted=16
checkpoint_phase lsn=20312 phase=gc_delete slot=-1 started_ns=1790174742608888000 ended_ns=1790174742617976125 elapsed_us=9088 block_gets=0 block_puts=0 deleted=16
checkpoint_phase lsn=20312 phase=gc_delete slot=-1 started_ns=1790174742617991000 ended_ns=1790174742627055375 elapsed_us=9064 block_gets=0 block_puts=0 deleted=16
checkpoint_phase lsn=20312 phase=gc_delete slot=-1 started_ns=1790174742627070000 ended_ns=1790174742636754334 elapsed_us=9684 block_gets=0 block_puts=0 deleted=16
checkpoint_phase lsn=20312 phase=gc_delete slot=-1 started_ns=1790174742636774000 ended_ns=1790174742646324667 elapsed_us=9550 block_gets=0 block_puts=0 deleted=16
checkpoint_phase lsn=20312 phase=gc_delete slot=-1 started_ns=1790174742646344000 ended_ns=1790174742655035417 elapsed_us=8691 block_gets=0 block_puts=0 deleted=16
checkpoint_phase lsn=20312 phase=gc_delete slot=-1 started_ns=1790174742655059000 ended_ns=1790174742662888792 elapsed_us=7829 block_gets=0 block_puts=0 deleted=16
checkpoint_phase lsn=20312 phase=gc_delete slot=-1 started_ns=1790174742662906000 ended_ns=1790174742670939208 elapsed_us=8033 block_gets=0 block_puts=0 deleted=16
checkpoint_phase lsn=20312 phase=gc_delete slot=-1 started_ns=1790174742670954000 ended_ns=1790174742679441375 elapsed_us=8487 block_gets=0 block_puts=0 deleted=16
checkpoint_phase lsn=20312 phase=gc_delete slot=-1 started_ns=1790174742679450000 ended_ns=1790174742688357333 elapsed_us=8907 block_gets=0 block_puts=0 deleted=16
checkpoint_phase lsn=20312 phase=gc_delete slot=-1 started_ns=1790174742688373000 ended_ns=1790174742696689917 elapsed_us=8316 block_gets=0 block_puts=0 deleted=16
checkpoint_phase lsn=20312 phase=gc_delete slot=-1 started_ns=1790174742696706000 ended_ns=1790174742705407500 elapsed_us=8701 block_gets=0 block_puts=0 deleted=16
checkpoint_phase lsn=20312 phase=gc_delete slot=-1 started_ns=1790174742705425000 ended_ns=1790174742716642917 elapsed_us=11217 block_gets=0 block_puts=0 deleted=16
checkpoint_phase lsn=20312 phase=gc_delete slot=-1 started_ns=1790174742716659000 ended_ns=1790174742728044333 elapsed_us=11385 block_gets=0 block_puts=0 deleted=16
checkpoint_phase lsn=20312 phase=gc_delete slot=-1 started_ns=1790174742728062000 ended_ns=1790174742739373625 elapsed_us=11311 block_gets=0 block_puts=0 deleted=16
checkpoint_phase lsn=20312 phase=gc_delete slot=-1 started_ns=1790174742739396000 ended_ns=1790174742751009333 elapsed_us=11613 block_gets=0 block_puts=0 deleted=16
checkpoint_phase lsn=20312 phase=gc_delete slot=-1 started_ns=1790174742751023000 ended_ns=1790174742760437125 elapsed_us=9414 block_gets=0 block_puts=0 deleted=10
checkpoint_phase lsn=20312 phase=row_merge_schedule slot=0 started_ns=1790174742760635000 ended_ns=1790174742761184583 elapsed_us=549 block_gets=0 block_puts=0 deleted=0
checkpoint_phase lsn=20312 phase=row_merge_schedule slot=0 started_ns=1790174742761308000 ended_ns=1790174742761736584 elapsed_us=428 block_gets=0 block_puts=0 deleted=0
checkpoint_phase lsn=20312 phase=row_merge_schedule slot=0 started_ns=1790174742761867000 ended_ns=1790174742762284333 elapsed_us=417 block_gets=0 block_puts=0 deleted=0
checkpoint_phase lsn=20312 phase=row_merge_schedule slot=0 started_ns=1790174742764779000 ended_ns=1790174742765175458 elapsed_us=396 block_gets=0 block_puts=0 deleted=0
checkpoint_phase lsn=20312 phase=row_merge_schedule slot=0 started_ns=1790174742765262000 ended_ns=1790174742765644833 elapsed_us=382 block_gets=0 block_puts=0 deleted=0
checkpoint_phase lsn=20312 phase=row_merge_schedule slot=0 started_ns=1790174742765754000 ended_ns=1790174742766132917 elapsed_us=378 block_gets=0 block_puts=0 deleted=0
checkpoint_phase lsn=20312 phase=row_merge_schedule slot=0 started_ns=1790174742766615000 ended_ns=1790174742767001500 elapsed_us=386 block_gets=0 block_puts=0 deleted=0
checkpoint_phase lsn=20312 phase=row_merge_schedule slot=0 started_ns=1790174742767067000 ended_ns=1790174742767449500 elapsed_us=382 block_gets=0 block_puts=0 deleted=0
checkpoint_phase lsn=20312 phase=row_merge_schedule slot=0 started_ns=1790174742767512000 ended_ns=1790174742767900459 elapsed_us=388 block_gets=0 block_puts=0 deleted=0
checkpoint_phase lsn=20312 phase=row_merge_schedule slot=0 started_ns=1790174742767962000 ended_ns=1790174742768339667 elapsed_us=377 block_gets=0 block_puts=0 deleted=0
checkpoint_phase lsn=20312 phase=row_merge_schedule slot=0 started_ns=1790174742768409000 ended_ns=1790174742768719208 elapsed_us=310 block_gets=0 block_puts=0 deleted=0
checkpoint_phase lsn=20312 phase=row_merge_schedule slot=0 started_ns=1790174742768773000 ended_ns=1790174742769031500 elapsed_us=258 block_gets=0 block_puts=0 deleted=0
checkpoint_phase lsn=20312 phase=row_merge_schedule slot=0 started_ns=1790174742769084000 ended_ns=1790174742769355792 elapsed_us=271 block_gets=0 block_puts=0 deleted=0
checkpoint_phase lsn=20312 phase=row_merge_schedule slot=0 started_ns=1790174742769410000 ended_ns=1790174742769669833 elapsed_us=259 block_gets=0 block_puts=0 deleted=0
checkpoint_phase lsn=20312 phase=row_merge_schedule slot=0 started_ns=1790174742769721000 ended_ns=1790174742769978125 elapsed_us=257 block_gets=0 block_puts=0 deleted=0
checkpoint_phase lsn=20312 phase=row_merge_schedule slot=0 started_ns=1790174742770029000 ended_ns=1790174742770299958 elapsed_us=270 block_gets=0 block_puts=0 deleted=0
checkpoint_phase lsn=20312 phase=row_merge_schedule slot=0 started_ns=1790174742770365000 ended_ns=1790174742770451458 elapsed_us=86 block_gets=0 block_puts=0 deleted=0
checkpoint_phase lsn=20312 phase=row_merge_schedule slot=0 started_ns=1790174742770521000 ended_ns=1790174742778543416 elapsed_us=8022 block_gets=8 block_puts=0 deleted=0
checkpoint_phase lsn=20312 phase=row_merge_schedule slot=0 started_ns=1790174742781086000 ended_ns=1790174742789358542 elapsed_us=8272 block_gets=7 block_puts=0 deleted=0
checkpoint_phase lsn=20312 phase=row_merge_schedule slot=0 started_ns=1790174742791423000 ended_ns=1790174742795859500 elapsed_us=4436 block_gets=7 block_puts=0 deleted=0
checkpoint_phase lsn=20312 phase=row_merge_schedule slot=0 started_ns=1790174742797893000 ended_ns=1790174742803382875 elapsed_us=5489 block_gets=7 block_puts=0 deleted=0
checkpoint_phase lsn=20312 phase=row_merge_schedule slot=0 started_ns=1790174742805386000 ended_ns=1790174742815882458 elapsed_us=10496 block_gets=7 block_puts=0 deleted=0
checkpoint_phase lsn=20312 phase=row_merge_schedule slot=0 started_ns=1790174742818180000 ended_ns=1790174742835283042 elapsed_us=17103 block_gets=7 block_puts=0 deleted=0
checkpoint_phase lsn=20312 phase=row_merge_schedule slot=0 started_ns=1790174742837540000 ended_ns=1790174742853425667 elapsed_us=15885 block_gets=7 block_puts=0 deleted=0
checkpoint_phase lsn=20312 phase=row_merge_schedule slot=0 started_ns=1790174742855660000 ended_ns=1790174742861509917 elapsed_us=5849 block_gets=7 block_puts=0 deleted=0
checkpoint_phase lsn=20312 phase=row_merge_schedule slot=0 started_ns=1790174742863712000 ended_ns=1790174742868664666 elapsed_us=4952 block_gets=7 block_puts=0 deleted=0
checkpoint_phase lsn=20312 phase=row_merge_schedule slot=0 started_ns=1790174742870806000 ended_ns=1790174742877073958 elapsed_us=6267 block_gets=7 block_puts=0 deleted=0
checkpoint_phase lsn=20312 phase=row_merge_schedule slot=0 started_ns=1790174742879190000 ended_ns=1790174742886502458 elapsed_us=7312 block_gets=7 block_puts=0 deleted=0
checkpoint_phase lsn=20312 phase=row_merge_schedule slot=0 started_ns=1790174742888587000 ended_ns=1790174742894393458 elapsed_us=5806 block_gets=7 block_puts=0 deleted=0
checkpoint_phase lsn=20312 phase=row_merge_schedule slot=0 started_ns=1790174742896427000 ended_ns=1790174742903461417 elapsed_us=7034 block_gets=7 block_puts=0 deleted=0
checkpoint_phase lsn=20312 phase=row_merge_schedule slot=0 started_ns=1790174742905503000 ended_ns=1790174742913923208 elapsed_us=8420 block_gets=7 block_puts=0 deleted=0
checkpoint_phase lsn=20312 phase=row_merge_schedule slot=0 started_ns=1790174742915935000 ended_ns=1790174742919337667 elapsed_us=3402 block_gets=1 block_puts=0 deleted=0
checkpoint_phase lsn=20312 phase=row_merge_write slot=0 started_ns=1790174742921319000 ended_ns=1790174742941688750 elapsed_us=20369 block_gets=0 block_puts=5 deleted=0
checkpoint_phase lsn=20312 phase=row_merge_write slot=0 started_ns=1790174742943857000 ended_ns=1790174742983615583 elapsed_us=39758 block_gets=0 block_puts=4 deleted=0
checkpoint_phase lsn=20312 phase=row_merge_write slot=0 started_ns=1790174742985715000 ended_ns=1790174743011952042 elapsed_us=26237 block_gets=0 block_puts=4 deleted=0
checkpoint_phase lsn=20312 phase=row_merge_write slot=0 started_ns=1790174743014019000 ended_ns=1790174743038730750 elapsed_us=24711 block_gets=0 block_puts=4 deleted=0
checkpoint_phase lsn=20312 phase=row_merge_write slot=0 started_ns=1790174743040760000 ended_ns=1790174743054893917 elapsed_us=14133 block_gets=0 block_puts=4 deleted=0
checkpoint_phase lsn=20312 phase=row_merge_write slot=0 started_ns=1790174743057099000 ended_ns=1790174743072308833 elapsed_us=15209 block_gets=0 block_puts=4 deleted=0
checkpoint_phase lsn=20312 phase=row_merge_write slot=0 started_ns=1790174743074468000 ended_ns=1790174743088951792 elapsed_us=14483 block_gets=0 block_puts=4 deleted=0
checkpoint_phase lsn=20312 phase=row_merge_write slot=0 started_ns=1790174743090984000 ended_ns=1790174743119226375 elapsed_us=28242 block_gets=0 block_puts=4 deleted=0
checkpoint_phase lsn=20312 phase=row_merge_write slot=0 started_ns=1790174743121288000 ended_ns=1790174743156530667 elapsed_us=35242 block_gets=0 block_puts=4 deleted=0
checkpoint_phase lsn=20312 phase=row_merge_write slot=0 started_ns=1790174743158766000 ended_ns=1790174743174878541 elapsed_us=16112 block_gets=0 block_puts=4 deleted=0
checkpoint_phase lsn=20312 phase=row_merge_write slot=0 started_ns=1790174743176945000 ended_ns=1790174743191349125 elapsed_us=14404 block_gets=0 block_puts=4 deleted=0
checkpoint_phase lsn=20312 phase=row_merge_write slot=0 started_ns=1790174743193377000 ended_ns=1790174743209052667 elapsed_us=15675 block_gets=0 block_puts=4 deleted=0
checkpoint_phase lsn=20312 phase=row_merge_write slot=0 started_ns=1790174743211102000 ended_ns=1790174743228438500 elapsed_us=17336 block_gets=0 block_puts=4 deleted=0
checkpoint_phase lsn=20312 phase=row_merge_write slot=0 started_ns=1790174743230492000 ended_ns=1790174743244405250 elapsed_us=13913 block_gets=0 block_puts=4 deleted=0
checkpoint_phase lsn=20312 phase=row_merge_write slot=0 started_ns=1790174743246399000 ended_ns=1790174743282127625 elapsed_us=35728 block_gets=0 block_puts=4 deleted=0
checkpoint_phase lsn=20312 phase=row_merge_write slot=0 started_ns=1790174743284126000 ended_ns=1790174743309256167 elapsed_us=25130 block_gets=0 block_puts=4 deleted=0
checkpoint_phase lsn=20312 phase=row_merge_write slot=0 started_ns=1790174743311312000 ended_ns=1790174743334492500 elapsed_us=23180 block_gets=0 block_puts=4 deleted=0
checkpoint_phase lsn=20312 phase=row_merge_write slot=0 started_ns=1790174743336798000 ended_ns=1790174743356506709 elapsed_us=19708 block_gets=0 block_puts=4 deleted=0
checkpoint_phase lsn=20312 phase=row_merge_write slot=0 started_ns=1790174743358633000 ended_ns=1790174743372020500 elapsed_us=13387 block_gets=0 block_puts=4 deleted=0
checkpoint_phase lsn=20312 phase=row_merge_write slot=0 started_ns=1790174743374146000 ended_ns=1790174743409509041 elapsed_us=35363 block_gets=0 block_puts=4 deleted=0
checkpoint_phase lsn=20312 phase=row_merge_write slot=0 started_ns=1790174743411520000 ended_ns=1790174743442395792 elapsed_us=30875 block_gets=0 block_puts=4 deleted=0
checkpoint_phase lsn=20312 phase=row_merge_write slot=0 started_ns=1790174743444423000 ended_ns=1790174743462812917 elapsed_us=18389 block_gets=0 block_puts=4 deleted=0
checkpoint_phase lsn=20312 phase=row_merge_write slot=0 started_ns=1790174743464865000 ended_ns=1790174743480323208 elapsed_us=15458 block_gets=0 block_puts=4 deleted=0
checkpoint_phase lsn=20312 phase=row_merge_write slot=0 started_ns=1790174743482348000 ended_ns=1790174743503147916 elapsed_us=20799 block_gets=0 block_puts=4 deleted=0
checkpoint_phase lsn=20312 phase=row_merge_write slot=0 started_ns=1790174743505315000 ended_ns=1790174743525249000 elapsed_us=19934 block_gets=0 block_puts=4 deleted=0
checkpoint_phase lsn=20312 phase=row_merge_write slot=0 started_ns=1790174743527288000 ended_ns=1790174743554400166 elapsed_us=27112 block_gets=0 block_puts=4 deleted=0
checkpoint_phase lsn=20312 phase=row_merge_write slot=0 started_ns=1790174743556587000 ended_ns=1790174743596514542 elapsed_us=39927 block_gets=0 block_puts=4 deleted=0
checkpoint_phase lsn=20312 phase=row_merge_write slot=0 started_ns=1790174743598752000 ended_ns=1790174743624432208 elapsed_us=25680 block_gets=0 block_puts=4 deleted=0
checkpoint_phase lsn=20312 phase=row_merge_write slot=0 started_ns=1790174743626703000 ended_ns=1790174743649640375 elapsed_us=22937 block_gets=0 block_puts=4 deleted=0
checkpoint_phase lsn=20312 phase=row_merge_write slot=0 started_ns=1790174743651678000 ended_ns=1790174743667254750 elapsed_us=15576 block_gets=0 block_puts=4 deleted=0
checkpoint_phase lsn=20312 phase=row_merge_write slot=0 started_ns=1790174743669340000 ended_ns=1790174743695511708 elapsed_us=26171 block_gets=0 block_puts=4 deleted=0
checkpoint_phase lsn=20312 phase=row_merge_write slot=0 started_ns=1790174743697518000 ended_ns=1790174743729435583 elapsed_us=31917 block_gets=0 block_puts=4 deleted=0
checkpoint_phase lsn=20312 phase=row_merge_write slot=0 started_ns=1790174743731483000 ended_ns=1790174743748090250 elapsed_us=16607 block_gets=0 block_puts=4 deleted=0
checkpoint_phase lsn=20312 phase=row_merge_write slot=0 started_ns=1790174743750133000 ended_ns=1790174743766660958 elapsed_us=16527 block_gets=0 block_puts=4 deleted=0
checkpoint_phase lsn=20312 phase=row_merge_write slot=0 started_ns=1790174743768774000 ended_ns=1790174743783741708 elapsed_us=14967 block_gets=0 block_puts=4 deleted=0
checkpoint_phase lsn=20312 phase=row_merge_write slot=0 started_ns=1790174743785837000 ended_ns=1790174743807919292 elapsed_us=22082 block_gets=0 block_puts=4 deleted=0
checkpoint_phase lsn=20312 phase=row_merge_write slot=0 started_ns=1790174743810176000 ended_ns=1790174743823933125 elapsed_us=13757 block_gets=0 block_puts=4 deleted=0
checkpoint_phase lsn=20312 phase=row_merge_write slot=0 started_ns=1790174743825961000 ended_ns=1790174743842123875 elapsed_us=16162 block_gets=0 block_puts=4 deleted=0
checkpoint_phase lsn=20312 phase=row_merge_write slot=0 started_ns=1790174743844153000 ended_ns=1790174743862620958 elapsed_us=18467 block_gets=0 block_puts=4 deleted=0
checkpoint_phase lsn=20312 phase=row_merge_write slot=0 started_ns=1790174743864710000 ended_ns=1790174743886465333 elapsed_us=21755 block_gets=0 block_puts=4 deleted=0
checkpoint_phase lsn=20312 phase=row_merge_write slot=0 started_ns=1790174743888479000 ended_ns=1790174743917822542 elapsed_us=29343 block_gets=0 block_puts=4 deleted=0
checkpoint_phase lsn=20312 phase=row_merge_write slot=0 started_ns=1790174743919840000 ended_ns=1790174743938319542 elapsed_us=18479 block_gets=0 block_puts=4 deleted=0
checkpoint_phase lsn=20312 phase=row_merge_write slot=0 started_ns=1790174743940385000 ended_ns=1790174743962507083 elapsed_us=22122 block_gets=0 block_puts=4 deleted=0
checkpoint_phase lsn=20312 phase=row_merge_write slot=0 started_ns=1790174743964554000 ended_ns=1790174744010885875 elapsed_us=46331 block_gets=0 block_puts=4 deleted=0
checkpoint_phase lsn=20312 phase=row_merge_write slot=0 started_ns=1790174744012920000 ended_ns=1790174744036955209 elapsed_us=24035 block_gets=0 block_puts=4 deleted=0
checkpoint_phase lsn=20312 phase=row_merge_write slot=0 started_ns=1790174744039006000 ended_ns=1790174744059834667 elapsed_us=20828 block_gets=0 block_puts=4 deleted=0
checkpoint_phase lsn=20312 phase=row_merge_write slot=0 started_ns=1790174744061874000 ended_ns=1790174744090772750 elapsed_us=28898 block_gets=0 block_puts=4 deleted=0
checkpoint_phase lsn=20312 phase=row_merge_write slot=0 started_ns=1790174744092813000 ended_ns=1790174744114630250 elapsed_us=21817 block_gets=0 block_puts=4 deleted=0
checkpoint_phase lsn=20312 phase=row_merge_write slot=0 started_ns=1790174744116657000 ended_ns=1790174744136333458 elapsed_us=19676 block_gets=0 block_puts=4 deleted=0
checkpoint_phase lsn=20312 phase=row_merge_write slot=0 started_ns=1790174744138369000 ended_ns=1790174744158039542 elapsed_us=19670 block_gets=0 block_puts=4 deleted=0
checkpoint_phase lsn=20312 phase=row_merge_write slot=0 started_ns=1790174744160261000 ended_ns=1790174744199028708 elapsed_us=38767 block_gets=0 block_puts=4 deleted=0
checkpoint_phase lsn=20312 phase=row_merge_write slot=0 started_ns=1790174744201032000 ended_ns=1790174744233861291 elapsed_us=32829 block_gets=0 block_puts=4 deleted=0
checkpoint_phase lsn=20312 phase=row_merge_write slot=0 started_ns=1790174744235910000 ended_ns=1790174744252427041 elapsed_us=16517 block_gets=0 block_puts=4 deleted=0
checkpoint_phase lsn=20312 phase=row_merge_write slot=0 started_ns=1790174744254476000 ended_ns=1790174744269073250 elapsed_us=14597 block_gets=0 block_puts=4 deleted=0
checkpoint_phase lsn=20312 phase=row_merge_write slot=0 started_ns=1790174744271133000 ended_ns=1790174744287572333 elapsed_us=16439 block_gets=0 block_puts=4 deleted=0
checkpoint_phase lsn=20312 phase=row_merge_write slot=0 started_ns=1790174744289632000 ended_ns=1790174744315115083 elapsed_us=25483 block_gets=0 block_puts=4 deleted=0
checkpoint_phase lsn=20312 phase=row_merge_write slot=0 started_ns=1790174744317135000 ended_ns=1790174744352805458 elapsed_us=35670 block_gets=0 block_puts=4 deleted=0
checkpoint_phase lsn=20312 phase=row_merge_write slot=0 started_ns=1790174744354880000 ended_ns=1790174744376254333 elapsed_us=21374 block_gets=0 block_puts=4 deleted=0
checkpoint_phase lsn=20312 phase=row_merge_write slot=0 started_ns=1790174744378380000 ended_ns=1790174744403378916 elapsed_us=24998 block_gets=0 block_puts=4 deleted=0
checkpoint_phase lsn=20312 phase=row_merge_write slot=0 started_ns=1790174744405445000 ended_ns=1790174744433408292 elapsed_us=27963 block_gets=0 block_puts=4 deleted=0
checkpoint_phase lsn=20312 phase=row_merge_write slot=0 started_ns=1790174744435464000 ended_ns=1790174744461409792 elapsed_us=25945 block_gets=0 block_puts=4 deleted=0
checkpoint_phase lsn=20312 phase=row_merge_write slot=0 started_ns=1790174744463465000 ended_ns=1790174744496686291 elapsed_us=33221 block_gets=0 block_puts=4 deleted=0
checkpoint_phase lsn=20312 phase=row_merge_write slot=0 started_ns=1790174744498762000 ended_ns=1790174744520313917 elapsed_us=21551 block_gets=0 block_puts=4 deleted=0
checkpoint_phase lsn=20312 phase=row_merge_write slot=0 started_ns=1790174744522368000 ended_ns=1790174744542748375 elapsed_us=20380 block_gets=0 block_puts=4 deleted=0
checkpoint_phase lsn=20312 phase=row_merge_write slot=0 started_ns=1790174744544802000 ended_ns=1790174744580424791 elapsed_us=35622 block_gets=0 block_puts=4 deleted=0
checkpoint_phase lsn=20312 phase=row_merge_write slot=0 started_ns=1790174744582539000 ended_ns=1790174744614221833 elapsed_us=31682 block_gets=0 block_puts=4 deleted=0
checkpoint_phase lsn=20312 phase=row_merge_write slot=0 started_ns=1790174744616313000 ended_ns=1790174744637756250 elapsed_us=21443 block_gets=0 block_puts=4 deleted=0
checkpoint_phase lsn=20312 phase=row_merge_write slot=0 started_ns=1790174744639869000 ended_ns=1790174744659403959 elapsed_us=19534 block_gets=0 block_puts=4 deleted=0
checkpoint_phase lsn=20312 phase=row_merge_write slot=0 started_ns=1790174744661504000 ended_ns=1790174744680519875 elapsed_us=19015 block_gets=0 block_puts=4 deleted=0
checkpoint_phase lsn=20312 phase=row_merge_write slot=0 started_ns=1790174744682582000 ended_ns=1790174744717224500 elapsed_us=34642 block_gets=0 block_puts=4 deleted=0
checkpoint_phase lsn=20312 phase=row_merge_write slot=0 started_ns=1790174744719273000 ended_ns=1790174744748207000 elapsed_us=28934 block_gets=0 block_puts=4 deleted=0
checkpoint_phase lsn=20312 phase=row_merge_write slot=0 started_ns=1790174744750255000 ended_ns=1790174744769532000 elapsed_us=19277 block_gets=0 block_puts=4 deleted=0
checkpoint_phase lsn=20312 phase=row_merge_write slot=0 started_ns=1790174744771590000 ended_ns=1790174744796890375 elapsed_us=25300 block_gets=0 block_puts=4 deleted=0
checkpoint_phase lsn=20312 phase=row_merge_write slot=0 started_ns=1790174744798976000 ended_ns=1790174744824643917 elapsed_us=25667 block_gets=0 block_puts=4 deleted=0
checkpoint_phase lsn=20312 phase=row_merge_write slot=0 started_ns=1790174744826709000 ended_ns=1790174744849390834 elapsed_us=22681 block_gets=0 block_puts=4 deleted=0
checkpoint_phase lsn=20312 phase=row_merge_write slot=0 started_ns=1790174744851624000 ended_ns=1790174744867931584 elapsed_us=16307 block_gets=0 block_puts=4 deleted=0
checkpoint_phase lsn=20312 phase=row_merge_write slot=0 started_ns=1790174744870012000 ended_ns=1790174744885280083 elapsed_us=15268 block_gets=0 block_puts=4 deleted=0
checkpoint_phase lsn=20312 phase=row_merge_write slot=0 started_ns=1790174744887295000 ended_ns=1790174744924834833 elapsed_us=37539 block_gets=0 block_puts=4 deleted=0
checkpoint_phase lsn=20312 phase=row_merge_write slot=0 started_ns=1790174744926938000 ended_ns=1790174744952166375 elapsed_us=25228 block_gets=0 block_puts=4 deleted=0
checkpoint_phase lsn=20312 phase=row_merge_write slot=0 started_ns=1790174744954209000 ended_ns=1790174744971307541 elapsed_us=17098 block_gets=0 block_puts=4 deleted=0
checkpoint_phase lsn=20312 phase=row_merge_write slot=0 started_ns=1790174744973421000 ended_ns=1790174744987798000 elapsed_us=14377 block_gets=0 block_puts=4 deleted=0
checkpoint_phase lsn=20312 phase=row_merge_write slot=0 started_ns=1790174744990000000 ended_ns=1790174745008669916 elapsed_us=18669 block_gets=0 block_puts=4 deleted=0
checkpoint_phase lsn=20312 phase=row_merge_write slot=0 started_ns=1790174745010747000 ended_ns=1790174745024516958 elapsed_us=13769 block_gets=0 block_puts=4 deleted=0
checkpoint_phase lsn=20312 phase=row_merge_write slot=0 started_ns=1790174745026579000 ended_ns=1790174745064477125 elapsed_us=37898 block_gets=0 block_puts=4 deleted=0
checkpoint_phase lsn=20312 phase=row_merge_write slot=0 started_ns=1790174745066442000 ended_ns=1790174745090427208 elapsed_us=23985 block_gets=0 block_puts=4 deleted=0
checkpoint_phase lsn=20312 phase=row_merge_write slot=0 started_ns=1790174745092515000 ended_ns=1790174745110028125 elapsed_us=17513 block_gets=0 block_puts=4 deleted=0
checkpoint_phase lsn=20312 phase=row_merge_write slot=0 started_ns=1790174745110130000 ended_ns=1790174745128101917 elapsed_us=17971 block_gets=0 block_puts=4 deleted=0
checkpoint_phase lsn=20312 phase=row_merge_write slot=0 started_ns=1790174745128236000 ended_ns=1790174745157321708 elapsed_us=29085 block_gets=0 block_puts=4 deleted=0
checkpoint_phase lsn=20312 phase=row_merge_write slot=0 started_ns=1790174745157558000 ended_ns=1790174745183088917 elapsed_us=25530 block_gets=0 block_puts=4 deleted=0
checkpoint_phase lsn=20312 phase=row_merge_write slot=0 started_ns=1790174745183176000 ended_ns=1790174745207642750 elapsed_us=24466 block_gets=0 block_puts=4 deleted=0
checkpoint_phase lsn=20312 phase=row_merge_write slot=0 started_ns=1790174745207976000 ended_ns=1790174745232337500 elapsed_us=24361 block_gets=0 block_puts=4 deleted=0
checkpoint_phase lsn=20312 phase=row_merge_write slot=0 started_ns=1790174745232414000 ended_ns=1790174745249745250 elapsed_us=17331 block_gets=0 block_puts=4 deleted=0
checkpoint_phase lsn=20312 phase=row_merge_write slot=0 started_ns=1790174745249871000 ended_ns=1790174745270129083 elapsed_us=20258 block_gets=0 block_puts=4 deleted=0
checkpoint_phase lsn=20312 phase=row_merge_write slot=0 started_ns=1790174745271839000 ended_ns=1790174745291510334 elapsed_us=19671 block_gets=0 block_puts=4 deleted=0
checkpoint_phase lsn=20312 phase=row_merge_write slot=0 started_ns=1790174745291616000 ended_ns=1790174745314464750 elapsed_us=22848 block_gets=0 block_puts=4 deleted=0
checkpoint_phase lsn=20312 phase=row_merge_write slot=0 started_ns=1790174745314600000 ended_ns=1790174745339001750 elapsed_us=24401 block_gets=0 block_puts=4 deleted=0
checkpoint_phase lsn=20312 phase=row_merge_write slot=0 started_ns=1790174745342258000 ended_ns=1790174745376341292 elapsed_us=34083 block_gets=0 block_puts=4 deleted=0
checkpoint_phase lsn=20312 phase=row_merge_write slot=0 started_ns=1790174745376456000 ended_ns=1790174745419756834 elapsed_us=43300 block_gets=0 block_puts=4 deleted=0
checkpoint_phase lsn=20312 phase=row_merge_write slot=0 started_ns=1790174745419891000 ended_ns=1790174745447115000 elapsed_us=27224 block_gets=0 block_puts=4 deleted=0
checkpoint_phase lsn=20312 phase=row_merge_write slot=0 started_ns=1790174745447207000 ended_ns=1790174745464128541 elapsed_us=16921 block_gets=0 block_puts=4 deleted=0
checkpoint_phase lsn=20312 phase=row_merge_write slot=0 started_ns=1790174745464264000 ended_ns=1790174745484462458 elapsed_us=20198 block_gets=0 block_puts=4 deleted=0
checkpoint_phase lsn=20312 phase=row_merge_write slot=0 started_ns=1790174745484546000 ended_ns=1790174745500565167 elapsed_us=16019 block_gets=0 block_puts=4 deleted=0
checkpoint_phase lsn=20312 phase=row_merge_write slot=0 started_ns=1790174745500706000 ended_ns=1790174745517906250 elapsed_us=17200 block_gets=0 block_puts=4 deleted=0
checkpoint_phase lsn=20312 phase=row_merge_write slot=0 started_ns=1790174745517994000 ended_ns=1790174745530245083 elapsed_us=12251 block_gets=0 block_puts=4 deleted=0
checkpoint_phase lsn=20312 phase=row_merge_write slot=0 started_ns=1790174745530397000 ended_ns=1790174745548258250 elapsed_us=17861 block_gets=0 block_puts=4 deleted=0
checkpoint_phase lsn=20312 phase=row_merge_write slot=0 started_ns=1790174745548503000 ended_ns=1790174745565763333 elapsed_us=17260 block_gets=0 block_puts=4 deleted=0
checkpoint_phase lsn=20328 phase=value_index_schedule slot=0 started_ns=1790174745616136000 ended_ns=1790174745616224375 elapsed_us=88 block_gets=0 block_puts=0 deleted=0
checkpoint_phase lsn=20328 phase=row_merge_write slot=0 started_ns=1790174745616290000 ended_ns=1790174745635907750 elapsed_us=19617 block_gets=0 block_puts=6 deleted=0
checkpoint_phase lsn=20328 phase=value_index_schedule slot=0 started_ns=1790174745642023000 ended_ns=1790174745642062375 elapsed_us=39 block_gets=0 block_puts=0 deleted=0
checkpoint_phase lsn=20328 phase=value_index_write slot=0 started_ns=1790174745642126000 ended_ns=1790174745642130167 elapsed_us=4 block_gets=0 block_puts=0 deleted=0
checkpoint_phase lsn=20328 phase=value_index_write slot=0 started_ns=1790174745642284000 ended_ns=1790174745643591000 elapsed_us=1307 block_gets=0 block_puts=0 deleted=0
checkpoint_phase lsn=20328 phase=value_index_write slot=0 started_ns=1790174745649886000 ended_ns=1790174745649963792 elapsed_us=77 block_gets=0 block_puts=0 deleted=0
checkpoint_phase lsn=20328 phase=value_index_write slot=0 started_ns=1790174745650019000 ended_ns=1790174745650090667 elapsed_us=71 block_gets=0 block_puts=0 deleted=0
checkpoint_phase lsn=20328 phase=value_index_write slot=0 started_ns=1790174745650153000 ended_ns=1790174745650232834 elapsed_us=79 block_gets=0 block_puts=0 deleted=0
checkpoint_phase lsn=20328 phase=value_index_write slot=0 started_ns=1790174745650313000 ended_ns=1790174745650386375 elapsed_us=73 block_gets=0 block_puts=0 deleted=0
checkpoint_phase lsn=20328 phase=value_index_write slot=0 started_ns=1790174745652356000 ended_ns=1790174745665143208 elapsed_us=12787 block_gets=0 block_puts=1 deleted=0
checkpoint_phase lsn=20328 phase=value_index_write slot=0 started_ns=1790174745672163000 ended_ns=1790174745672237417 elapsed_us=74 block_gets=0 block_puts=0 deleted=0
checkpoint_phase lsn=20328 phase=value_index_write slot=0 started_ns=1790174745672323000 ended_ns=1790174745672396875 elapsed_us=73 block_gets=0 block_puts=0 deleted=0
checkpoint_phase lsn=20328 phase=value_index_write slot=0 started_ns=1790174745672509000 ended_ns=1790174745672607334 elapsed_us=98 block_gets=0 block_puts=0 deleted=0
checkpoint_phase lsn=20328 phase=value_index_write slot=0 started_ns=1790174745672681000 ended_ns=1790174745680540250 elapsed_us=7859 block_gets=0 block_puts=1 deleted=0
checkpoint_phase lsn=20332 phase=value_index_schedule slot=0 started_ns=1790174745706578000 ended_ns=1790174745706584875 elapsed_us=6 block_gets=0 block_puts=0 deleted=0
checkpoint_phase lsn=20332 phase=value_index_schedule slot=0 started_ns=1790174745706751000 ended_ns=1790174745706794291 elapsed_us=43 block_gets=0 block_puts=0 deleted=0
checkpoint_phase lsn=20332 phase=value_index_write slot=0 started_ns=1790174745708833000 ended_ns=1790174745708835333 elapsed_us=2 block_gets=0 block_puts=0 deleted=0
checkpoint_phase lsn=20344 phase=value_index_schedule slot=0 started_ns=1790174745750060000 ended_ns=1790174745750066000 elapsed_us=6 block_gets=0 block_puts=0 deleted=0
checkpoint_phase lsn=20344 phase=value_index_schedule slot=0 started_ns=1790174745754141000 ended_ns=1790174745754185958 elapsed_us=44 block_gets=0 block_puts=0 deleted=0
checkpoint_phase lsn=20344 phase=value_index_write slot=0 started_ns=1790174745756174000 ended_ns=1790174745756176542 elapsed_us=2 block_gets=0 block_puts=0 deleted=0
checkpoint_phase lsn=20344 phase=value_index_write slot=0 started_ns=1790174745761270000 ended_ns=1790174745761365458 elapsed_us=95 block_gets=0 block_puts=0 deleted=0
checkpoint_phase lsn=20344 phase=value_index_write slot=0 started_ns=1790174745763354000 ended_ns=1790174745763428917 elapsed_us=74 block_gets=0 block_puts=0 deleted=0
checkpoint_phase lsn=20344 phase=value_index_write slot=0 started_ns=1790174745766150000 ended_ns=1790174745766226625 elapsed_us=76 block_gets=0 block_puts=0 deleted=0
checkpoint_phase lsn=20348 phase=value_index_schedule slot=0 started_ns=1790174745798774000 ended_ns=1790174745798779583 elapsed_us=5 block_gets=0 block_puts=0 deleted=0
checkpoint_phase lsn=20348 phase=value_index_schedule slot=0 started_ns=1790174745802031000 ended_ns=1790174745802076333 elapsed_us=45 block_gets=0 block_puts=0 deleted=0
checkpoint_phase lsn=20360 phase=value_index_schedule slot=0 started_ns=1790174745847053000 ended_ns=1790174745847059375 elapsed_us=6 block_gets=0 block_puts=0 deleted=0
checkpoint_phase lsn=20360 phase=value_index_schedule slot=0 started_ns=1790174745849812000 ended_ns=1790174745849860208 elapsed_us=48 block_gets=0 block_puts=0 deleted=0
checkpoint_phase lsn=20360 phase=value_index_write slot=0 started_ns=1790174745853122000 ended_ns=1790174745853124291 elapsed_us=2 block_gets=0 block_puts=0 deleted=0
checkpoint_phase lsn=20360 phase=value_index_write slot=0 started_ns=1790174745855807000 ended_ns=1790174745855906500 elapsed_us=99 block_gets=0 block_puts=0 deleted=0
checkpoint_phase lsn=20360 phase=value_index_write slot=0 started_ns=1790174745859329000 ended_ns=1790174745859408917 elapsed_us=79 block_gets=0 block_puts=0 deleted=0
checkpoint_phase lsn=20360 phase=value_index_write slot=0 started_ns=1790174745862104000 ended_ns=1790174745862178167 elapsed_us=74 block_gets=0 block_puts=0 deleted=0
checkpoint_phase lsn=20364 phase=value_index_schedule slot=0 started_ns=1790174745892302000 ended_ns=1790174745892307500 elapsed_us=5 block_gets=0 block_puts=0 deleted=0
checkpoint_phase lsn=20364 phase=value_index_schedule slot=0 started_ns=1790174745895573000 ended_ns=1790174745895620750 elapsed_us=47 block_gets=0 block_puts=0 deleted=0
checkpoint_phase lsn=20376 phase=value_index_schedule slot=0 started_ns=1790174745949469000 ended_ns=1790174745949475458 elapsed_us=6 block_gets=0 block_puts=0 deleted=0
checkpoint_phase lsn=20376 phase=value_index_schedule slot=0 started_ns=1790174745952286000 ended_ns=1790174745952338959 elapsed_us=52 block_gets=0 block_puts=0 deleted=0
checkpoint_phase lsn=20376 phase=value_index_write slot=0 started_ns=1790174745955657000 ended_ns=1790174745955659042 elapsed_us=2 block_gets=0 block_puts=0 deleted=0
checkpoint_phase lsn=20376 phase=value_index_write slot=0 started_ns=1790174745958341000 ended_ns=1790174745958434417 elapsed_us=93 block_gets=0 block_puts=0 deleted=0
checkpoint_phase lsn=20376 phase=value_index_write slot=0 started_ns=1790174745965651000 ended_ns=1790174745965725542 elapsed_us=74 block_gets=0 block_puts=0 deleted=0
checkpoint_phase lsn=20376 phase=value_index_write slot=0 started_ns=1790174745965797000 ended_ns=1790174745965868458 elapsed_us=71 block_gets=0 block_puts=0 deleted=0
checkpoint_phase lsn=20376 phase=value_index_write slot=0 started_ns=1790174745965929000 ended_ns=1790174745966001875 elapsed_us=72 block_gets=0 block_puts=0 deleted=0
checkpoint_phase lsn=20376 phase=value_index_write slot=0 started_ns=1790174745966061000 ended_ns=1790174745966132416 elapsed_us=71 block_gets=0 block_puts=0 deleted=0
checkpoint_phase lsn=20376 phase=value_index_write slot=0 started_ns=1790174745970160000 ended_ns=1790174745982061709 elapsed_us=11901 block_gets=0 block_puts=1 deleted=0
checkpoint_phase lsn=20388 phase=value_index_schedule slot=0 started_ns=1790174746018180000 ended_ns=1790174746018186125 elapsed_us=6 block_gets=0 block_puts=0 deleted=0
checkpoint_phase lsn=20388 phase=value_index_schedule slot=0 started_ns=1790174746018266000 ended_ns=1790174746018320875 elapsed_us=54 block_gets=0 block_puts=0 deleted=0
checkpoint_phase lsn=20388 phase=value_index_write slot=0 started_ns=1790174746018379000 ended_ns=1790174746018380875 elapsed_us=1 block_gets=0 block_puts=0 deleted=0
checkpoint_phase lsn=20388 phase=value_index_write slot=0 started_ns=1790174746020447000 ended_ns=1790174746020538917 elapsed_us=91 block_gets=0 block_puts=0 deleted=0
checkpoint_phase lsn=20392 phase=value_index_schedule slot=0 started_ns=1790174746045024000 ended_ns=1790174746045029833 elapsed_us=5 block_gets=0 block_puts=0 deleted=0
checkpoint_phase lsn=20392 phase=value_index_schedule slot=0 started_ns=1790174746045113000 ended_ns=1790174746045169417 elapsed_us=56 block_gets=0 block_puts=0 deleted=0
checkpoint_phase lsn=20392 phase=value_index_write slot=0 started_ns=1790174746045240000 ended_ns=1790174746045241625 elapsed_us=1 block_gets=0 block_puts=0 deleted=0
checkpoint_phase lsn=20392 phase=value_index_write slot=0 started_ns=1790174746045318000 ended_ns=1790174746045451917 elapsed_us=133 block_gets=0 block_puts=0 deleted=0
checkpoint_phase lsn=20392 phase=value_index_write slot=0 started_ns=1790174746050655000 ended_ns=1790174746050725000 elapsed_us=70 block_gets=0 block_puts=0 deleted=0
checkpoint_phase lsn=20392 phase=value_index_write slot=0 started_ns=1790174746052077000 ended_ns=1790174746052152416 elapsed_us=75 block_gets=0 block_puts=0 deleted=0
checkpoint_phase lsn=20392 phase=value_index_write slot=0 started_ns=1790174746058083000 ended_ns=1790174746058153666 elapsed_us=70 block_gets=0 block_puts=0 deleted=0
checkpoint_phase lsn=20392 phase=value_index_write slot=0 started_ns=1790174746058203000 ended_ns=1790174746058270834 elapsed_us=67 block_gets=0 block_puts=0 deleted=0
checkpoint_phase lsn=20392 phase=value_index_write slot=0 started_ns=1790174746058314000 ended_ns=1790174746077125042 elapsed_us=18811 block_gets=0 block_puts=1 deleted=0
checkpoint_phase lsn=20396 phase=value_index_schedule slot=0 started_ns=1790174746097332000 ended_ns=1790174746097337750 elapsed_us=5 block_gets=0 block_puts=0 deleted=0
checkpoint_phase lsn=20396 phase=value_index_schedule slot=0 started_ns=1790174746097404000 ended_ns=1790174746097460167 elapsed_us=56 block_gets=0 block_puts=0 deleted=0
checkpoint_phase lsn=20396 phase=value_index_write slot=0 started_ns=1790174746097509000 ended_ns=1790174746097510208 elapsed_us=1 block_gets=0 block_puts=0 deleted=0
checkpoint_phase lsn=20396 phase=value_index_write slot=0 started_ns=1790174746097555000 ended_ns=1790174746097650292 elapsed_us=95 block_gets=0 block_puts=0 deleted=0
checkpoint_phase lsn=20404 phase=value_index_schedule slot=0 started_ns=1790174746130235000 ended_ns=1790174746130242334 elapsed_us=7 block_gets=0 block_puts=0 deleted=0
checkpoint_phase lsn=20408 phase=value_index_schedule slot=0 started_ns=1790174746153529000 ended_ns=1790174746153535250 elapsed_us=6 block_gets=0 block_puts=0 deleted=0
checkpoint_phase lsn=20408 phase=value_index_schedule slot=0 started_ns=1790174746158181000 ended_ns=1790174746158239083 elapsed_us=58 block_gets=0 block_puts=0 deleted=0
checkpoint_phase lsn=20408 phase=value_index_write slot=0 started_ns=1790174746159577000 ended_ns=1790174746159578500 elapsed_us=1 block_gets=0 block_puts=0 deleted=0
checkpoint_phase lsn=20408 phase=value_index_write slot=0 started_ns=1790174746164292000 ended_ns=1790174746164401834 elapsed_us=109 block_gets=0 block_puts=0 deleted=0
checkpoint_phase lsn=20412 phase=value_index_schedule slot=0 started_ns=1790174746184758000 ended_ns=1790174746184763500 elapsed_us=5 block_gets=0 block_puts=0 deleted=0
checkpoint_phase lsn=20412 phase=value_index_schedule slot=0 started_ns=1790174746188652000 ended_ns=1790174746188711292 elapsed_us=59 block_gets=0 block_puts=0 deleted=0
checkpoint_phase lsn=20420 phase=value_index_schedule slot=0 started_ns=1790174746224740000 ended_ns=1790174746224745959 elapsed_us=5 block_gets=0 block_puts=0 deleted=0
checkpoint_phase lsn=20424 phase=value_index_schedule slot=0 started_ns=1790174746245072000 ended_ns=1790174746245077625 elapsed_us=5 block_gets=0 block_puts=0 deleted=0
checkpoint_phase lsn=20424 phase=value_index_schedule slot=0 started_ns=1790174746248664000 ended_ns=1790174746248730625 elapsed_us=66 block_gets=0 block_puts=0 deleted=0
checkpoint_phase lsn=20424 phase=value_index_write slot=0 started_ns=1790174746252112000 ended_ns=1790174746252114875 elapsed_us=2 block_gets=0 block_puts=0 deleted=0
checkpoint_phase lsn=20424 phase=value_index_write slot=0 started_ns=1790174746254845000 ended_ns=1790174746254949000 elapsed_us=104 block_gets=0 block_puts=0 deleted=0
checkpoint_phase lsn=20428 phase=value_index_schedule slot=0 started_ns=1790174746274590000 ended_ns=1790174746274595875 elapsed_us=5 block_gets=0 block_puts=0 deleted=0
checkpoint_phase lsn=20428 phase=value_index_schedule slot=0 started_ns=1790174746278271000 ended_ns=1790174746278336958 elapsed_us=65 block_gets=0 block_puts=0 deleted=0
checkpoint_phase lsn=20436 phase=value_index_schedule slot=0 started_ns=1790174746327480000 ended_ns=1790174746327486583 elapsed_us=6 block_gets=0 block_puts=0 deleted=0
checkpoint_phase lsn=20440 phase=value_index_schedule slot=0 started_ns=1790174746348241000 ended_ns=1790174746348246250 elapsed_us=5 block_gets=0 block_puts=0 deleted=0
checkpoint_phase lsn=20440 phase=value_index_schedule slot=0 started_ns=1790174746351618000 ended_ns=1790174746351689500 elapsed_us=71 block_gets=0 block_puts=0 deleted=0
checkpoint_phase lsn=20440 phase=value_index_write slot=0 started_ns=1790174746355098000 ended_ns=1790174746355100459 elapsed_us=2 block_gets=0 block_puts=0 deleted=0
checkpoint_phase lsn=20440 phase=value_index_write slot=0 started_ns=1790174746357947000 ended_ns=1790174746358051541 elapsed_us=104 block_gets=0 block_puts=0 deleted=0
checkpoint_phase lsn=20444 phase=value_index_schedule slot=0 started_ns=1790174746380586000 ended_ns=1790174746380591750 elapsed_us=5 block_gets=0 block_puts=0 deleted=0
checkpoint_phase lsn=20444 phase=value_index_schedule slot=0 started_ns=1790174746383853000 ended_ns=1790174746383922750 elapsed_us=69 block_gets=0 block_puts=0 deleted=0
checkpoint_phase lsn=20452 phase=value_index_schedule slot=0 started_ns=1790174746450400000 ended_ns=1790174746450406458 elapsed_us=6 block_gets=0 block_puts=0 deleted=0
checkpoint_phase lsn=20456 phase=value_index_schedule slot=0 started_ns=1790174746472113000 ended_ns=1790174746472118334 elapsed_us=5 block_gets=0 block_puts=0 deleted=0
checkpoint_phase lsn=20456 phase=value_index_schedule slot=0 started_ns=1790174746475036000 ended_ns=1790174746475112084 elapsed_us=76 block_gets=0 block_puts=0 deleted=0
checkpoint_phase lsn=20456 phase=value_index_write slot=0 started_ns=1790174746478453000 ended_ns=1790174746478455625 elapsed_us=2 block_gets=0 block_puts=0 deleted=0
checkpoint_phase lsn=20456 phase=value_index_write slot=0 started_ns=1790174746481275000 ended_ns=1790174746481383500 elapsed_us=108 block_gets=0 block_puts=0 deleted=0
checkpoint_phase lsn=20460 phase=value_index_schedule slot=0 started_ns=1790174746507575000 ended_ns=1790174746507581042 elapsed_us=6 block_gets=0 block_puts=0 deleted=0
checkpoint_phase lsn=20460 phase=value_index_schedule slot=0 started_ns=1790174746513075000 ended_ns=1790174746513148292 elapsed_us=73 block_gets=0 block_puts=0 deleted=0
checkpoint_phase lsn=20472 phase=value_index_schedule slot=0 started_ns=1790174746551065000 ended_ns=1790174746551071375 elapsed_us=6 block_gets=0 block_puts=0 deleted=0
checkpoint_phase lsn=20472 phase=value_index_schedule slot=0 started_ns=1790174746552628000 ended_ns=1790174746552705833 elapsed_us=77 block_gets=0 block_puts=0 deleted=0
checkpoint_phase lsn=20472 phase=value_index_write slot=0 started_ns=1790174746557375000 ended_ns=1790174746557377834 elapsed_us=2 block_gets=0 block_puts=0 deleted=0
checkpoint_phase lsn=20472 phase=value_index_write slot=0 started_ns=1790174746558771000 ended_ns=1790174746558886333 elapsed_us=115 block_gets=0 block_puts=0 deleted=0
checkpoint_phase lsn=20472 phase=value_index_write slot=0 started_ns=1790174746564941000 ended_ns=1790174746565013000 elapsed_us=72 block_gets=0 block_puts=0 deleted=0
checkpoint_phase lsn=20472 phase=value_index_write slot=0 started_ns=1790174746565082000 ended_ns=1790174746565152750 elapsed_us=70 block_gets=0 block_puts=0 deleted=0
checkpoint_phase lsn=20472 phase=value_index_write slot=0 started_ns=1790174746565206000 ended_ns=1790174746565274250 elapsed_us=68 block_gets=0 block_puts=0 deleted=0
checkpoint_phase lsn=20472 phase=value_index_write slot=0 started_ns=1790174746565366000 ended_ns=1790174746565496667 elapsed_us=130 block_gets=0 block_puts=0 deleted=0
checkpoint_phase lsn=20476 phase=value_index_schedule slot=0 started_ns=1790174746581312000 ended_ns=1790174746581317542 elapsed_us=5 block_gets=0 block_puts=0 deleted=0
checkpoint_phase lsn=20476 phase=value_index_schedule slot=0 started_ns=1790174746584596000 ended_ns=1790174746584677541 elapsed_us=81 block_gets=0 block_puts=0 deleted=0
checkpoint_phase lsn=20484 phase=value_index_schedule slot=0 started_ns=1790174746617680000 ended_ns=1790174746617686541 elapsed_us=6 block_gets=0 block_puts=0 deleted=0
checkpoint_phase lsn=20488 phase=value_index_schedule slot=0 started_ns=1790174746654153000 ended_ns=1790174746654158666 elapsed_us=5 block_gets=0 block_puts=0 deleted=0
checkpoint_phase lsn=20488 phase=value_index_schedule slot=0 started_ns=1790174746657443000 ended_ns=1790174746657524042 elapsed_us=81 block_gets=0 block_puts=0 deleted=0
checkpoint_phase lsn=20488 phase=value_index_write slot=0 started_ns=1790174746660993000 ended_ns=1790174746660994959 elapsed_us=1 block_gets=0 block_puts=0 deleted=0
checkpoint_phase lsn=20488 phase=value_index_write slot=0 started_ns=1790174746663655000 ended_ns=1790174746663774250 elapsed_us=119 block_gets=0 block_puts=0 deleted=0
checkpoint_phase lsn=20492 phase=value_index_schedule slot=0 started_ns=1790174746696399000 ended_ns=1790174746696404250 elapsed_us=5 block_gets=0 block_puts=0 deleted=0
checkpoint_phase lsn=20492 phase=value_index_schedule slot=0 started_ns=1790174746699781000 ended_ns=1790174746699860667 elapsed_us=79 block_gets=0 block_puts=0 deleted=0
checkpoint_phase lsn=20500 phase=value_index_schedule slot=0 started_ns=1790174746745893000 ended_ns=1790174746745899834 elapsed_us=6 block_gets=0 block_puts=0 deleted=0
checkpoint_phase lsn=20504 phase=value_index_schedule slot=0 started_ns=1790174746763478000 ended_ns=1790174746763484000 elapsed_us=6 block_gets=0 block_puts=0 deleted=0
checkpoint_phase lsn=20504 phase=value_index_schedule slot=0 started_ns=1790174746769506000 ended_ns=1790174746769592916 elapsed_us=86 block_gets=0 block_puts=0 deleted=0
checkpoint_phase lsn=20504 phase=value_index_write slot=0 started_ns=1790174746769656000 ended_ns=1790174746769658083 elapsed_us=2 block_gets=0 block_puts=0 deleted=0
checkpoint_phase lsn=20504 phase=value_index_write slot=0 started_ns=1790174746769713000 ended_ns=1790174746769832250 elapsed_us=119 block_gets=0 block_puts=0 deleted=0
checkpoint_phase lsn=20504 phase=value_index_write slot=0 started_ns=1790174746769885000 ended_ns=1790174746769953667 elapsed_us=68 block_gets=0 block_puts=0 deleted=0
checkpoint_phase lsn=20504 phase=value_index_write slot=0 started_ns=1790174746770003000 ended_ns=1790174746770073958 elapsed_us=70 block_gets=0 block_puts=0 deleted=0
checkpoint_phase lsn=20504 phase=value_index_write slot=0 started_ns=1790174746770130000 ended_ns=1790174746770198875 elapsed_us=68 block_gets=0 block_puts=0 deleted=0
checkpoint_phase lsn=20504 phase=value_index_write slot=0 started_ns=1790174746770291000 ended_ns=1790174746770497000 elapsed_us=206 block_gets=0 block_puts=0 deleted=0
checkpoint_phase lsn=20508 phase=value_index_schedule slot=0 started_ns=1790174746790173000 ended_ns=1790174746790178334 elapsed_us=5 block_gets=0 block_puts=0 deleted=0
checkpoint_phase lsn=20508 phase=value_index_schedule slot=0 started_ns=1790174746793457000 ended_ns=1790174746793541166 elapsed_us=84 block_gets=0 block_puts=0 deleted=0
checkpoint_phase lsn=20508 phase=value_index_write slot=0 started_ns=1790174746798863000 ended_ns=1790174746798865375 elapsed_us=2 block_gets=0 block_puts=0 deleted=0
checkpoint_phase lsn=20516 phase=value_index_schedule slot=0 started_ns=1790174746841275000 ended_ns=1790174746841281750 elapsed_us=6 block_gets=0 block_puts=0 deleted=0
checkpoint_phase lsn=20516 phase=value_index_schedule slot=0 started_ns=1790174746843614000 ended_ns=1790174746843706542 elapsed_us=92 block_gets=0 block_puts=0 deleted=0
checkpoint_phase lsn=20520 phase=value_index_schedule slot=0 started_ns=1790174746874481000 ended_ns=1790174746874492958 elapsed_us=11 block_gets=0 block_puts=0 deleted=0
checkpoint_phase lsn=20520 phase=value_index_schedule slot=0 started_ns=1790174746876214000 ended_ns=1790174746876383292 elapsed_us=169 block_gets=0 block_puts=0 deleted=0
checkpoint_phase lsn=20524 phase=value_index_schedule slot=0 started_ns=1790174746908120000 ended_ns=1790174746908127625 elapsed_us=7 block_gets=0 block_puts=0 deleted=0
checkpoint_phase lsn=20524 phase=value_index_schedule slot=0 started_ns=1790174746908193000 ended_ns=1790174746908288666 elapsed_us=95 block_gets=0 block_puts=0 deleted=0
checkpoint_phase lsn=20524 phase=value_index_write slot=0 started_ns=1790174746908345000 ended_ns=1790174746908346916 elapsed_us=1 block_gets=0 block_puts=0 deleted=0
checkpoint_phase lsn=20524 phase=value_index_write slot=0 started_ns=1790174746910591000 ended_ns=1790174746910718375 elapsed_us=127 block_gets=0 block_puts=0 deleted=0
checkpoint_phase lsn=20524 phase=value_index_write slot=0 started_ns=1790174746917613000 ended_ns=1790174746917700208 elapsed_us=87 block_gets=0 block_puts=0 deleted=0
checkpoint_phase lsn=20524 phase=value_index_write slot=0 started_ns=1790174746917776000 ended_ns=1790174746917858167 elapsed_us=82 block_gets=0 block_puts=0 deleted=0
checkpoint_phase lsn=20524 phase=value_index_write slot=0 started_ns=1790174746917917000 ended_ns=1790174746917988375 elapsed_us=71 block_gets=0 block_puts=0 deleted=0
checkpoint_phase lsn=20524 phase=value_index_write slot=0 started_ns=1790174746918044000 ended_ns=1790174746918114000 elapsed_us=70 block_gets=0 block_puts=0 deleted=0
checkpoint_phase lsn=20524 phase=value_index_write slot=0 started_ns=1790174746919525000 ended_ns=1790174746942131500 elapsed_us=22606 block_gets=0 block_puts=1 deleted=0
checkpoint_phase lsn=20532 phase=value_index_schedule slot=0 started_ns=1790174746966255000 ended_ns=1790174746966261458 elapsed_us=6 block_gets=0 block_puts=0 deleted=0
checkpoint_phase lsn=20532 phase=value_index_schedule slot=0 started_ns=1790174746966320000 ended_ns=1790174746966519041 elapsed_us=199 block_gets=0 block_puts=0 deleted=0
checkpoint_phase lsn=20532 phase=value_index_write slot=0 started_ns=1790174746969391000 ended_ns=1790174746969392917 elapsed_us=1 block_gets=0 block_puts=0 deleted=0
checkpoint_phase lsn=20536 phase=value_index_schedule slot=0 started_ns=1790174746988661000 ended_ns=1790174746988666584 elapsed_us=5 block_gets=0 block_puts=0 deleted=0
checkpoint_phase lsn=20540 phase=value_index_schedule slot=0 started_ns=1790174747011119000 ended_ns=1790174747011124334 elapsed_us=5 block_gets=0 block_puts=0 deleted=0
checkpoint_phase lsn=20540 phase=value_index_schedule slot=0 started_ns=1790174747014794000 ended_ns=1790174747014893167 elapsed_us=99 block_gets=0 block_puts=0 deleted=0
checkpoint_phase lsn=20540 phase=value_index_write slot=0 started_ns=1790174747017719000 ended_ns=1790174747017721958 elapsed_us=2 block_gets=0 block_puts=0 deleted=0
checkpoint_phase lsn=20540 phase=value_index_write slot=0 started_ns=1790174747021115000 ended_ns=1790174747021355875 elapsed_us=240 block_gets=0 block_puts=0 deleted=0
checkpoint_phase lsn=20548 phase=value_index_schedule slot=0 started_ns=1790174747051796000 ended_ns=1790174747051801625 elapsed_us=5 block_gets=0 block_puts=0 deleted=0
checkpoint_phase lsn=20548 phase=value_index_schedule slot=0 started_ns=1790174747051862000 ended_ns=1790174747051961750 elapsed_us=99 block_gets=0 block_puts=0 deleted=0
checkpoint_phase lsn=20548 phase=value_index_write slot=0 started_ns=1790174747052024000 ended_ns=1790174747052025250 elapsed_us=1 block_gets=0 block_puts=0 deleted=0
checkpoint_phase lsn=20548 phase=value_index_write slot=0 started_ns=1790174747055421000 ended_ns=1790174747055543583 elapsed_us=122 block_gets=0 block_puts=0 deleted=0
checkpoint_phase lsn=20556 phase=value_index_schedule slot=0 started_ns=1790174747094320000 ended_ns=1790174747094326791 elapsed_us=6 block_gets=0 block_puts=0 deleted=0
checkpoint_phase lsn=20556 phase=value_index_schedule slot=0 started_ns=1790174747097225000 ended_ns=1790174747097335333 elapsed_us=110 block_gets=0 block_puts=0 deleted=0
checkpoint_phase lsn=20556 phase=value_index_write slot=0 started_ns=1790174747101548000 ended_ns=1790174747101550708 elapsed_us=2 block_gets=0 block_puts=0 deleted=0
checkpoint_phase lsn=20556 phase=value_index_write slot=0 started_ns=1790174747104303000 ended_ns=1790174747104428458 elapsed_us=125 block_gets=0 block_puts=0 deleted=0
checkpoint_phase lsn=20556 phase=value_index_write slot=0 started_ns=1790174747108550000 ended_ns=1790174747108636208 elapsed_us=86 block_gets=0 block_puts=0 deleted=0
checkpoint_phase lsn=20556 phase=value_index_write slot=0 started_ns=1790174747111432000 ended_ns=1790174747111508958 elapsed_us=76 block_gets=0 block_puts=0 deleted=0
checkpoint_phase lsn=20564 phase=value_index_schedule slot=0 started_ns=1790174747164071000 ended_ns=1790174747164077125 elapsed_us=6 block_gets=0 block_puts=0 deleted=0
checkpoint_phase lsn=20564 phase=value_index_schedule slot=0 started_ns=1790174747167626000 ended_ns=1790174747167727500 elapsed_us=101 block_gets=0 block_puts=0 deleted=0
checkpoint_phase lsn=20572 phase=value_index_schedule slot=0 started_ns=1790174747206602000 ended_ns=1790174747206608250 elapsed_us=6 block_gets=0 block_puts=0 deleted=0
checkpoint_phase lsn=20572 phase=value_index_schedule slot=0 started_ns=1790174747210908000 ended_ns=1790174747211013166 elapsed_us=105 block_gets=0 block_puts=0 deleted=0
checkpoint_phase lsn=20572 phase=value_index_write slot=0 started_ns=1790174747214364000 ended_ns=1790174747214366125 elapsed_us=2 block_gets=0 block_puts=0 deleted=0
checkpoint_phase lsn=20572 phase=value_index_write slot=0 started_ns=1790174747217091000 ended_ns=1790174747217232125 elapsed_us=141 block_gets=0 block_puts=0 deleted=0
checkpoint_phase lsn=20576 phase=value_index_schedule slot=0 started_ns=1790174747235744000 ended_ns=1790174747235749625 elapsed_us=5 block_gets=0 block_puts=0 deleted=0
checkpoint_phase lsn=20576 phase=value_index_schedule slot=0 started_ns=1790174747235891000 ended_ns=1790174747236006459 elapsed_us=115 block_gets=0 block_puts=0 deleted=0
checkpoint_phase lsn=20576 phase=value_index_write slot=0 started_ns=1790174747236119000 ended_ns=1790174747236122709 elapsed_us=3 block_gets=0 block_puts=0 deleted=0
checkpoint_phase lsn=20576 phase=value_index_write slot=0 started_ns=1790174747236203000 ended_ns=1790174747236504000 elapsed_us=301 block_gets=0 block_puts=0 deleted=0
checkpoint_phase lsn=20576 phase=value_index_write slot=0 started_ns=1790174747241866000 ended_ns=1790174747241957541 elapsed_us=91 block_gets=0 block_puts=0 deleted=0
checkpoint_phase lsn=20584 phase=value_index_schedule slot=0 started_ns=1790174747280952000 ended_ns=1790174747280958166 elapsed_us=6 block_gets=0 block_puts=0 deleted=0
checkpoint_phase lsn=20584 phase=value_index_schedule slot=0 started_ns=1790174747282652000 ended_ns=1790174747282754000 elapsed_us=102 block_gets=0 block_puts=0 deleted=0
checkpoint_phase lsn=20588 phase=value_index_schedule slot=0 started_ns=1790174747306124000 ended_ns=1790174747306129375 elapsed_us=5 block_gets=0 block_puts=0 deleted=0
checkpoint_phase lsn=20588 phase=value_index_schedule slot=0 started_ns=1790174747310765000 ended_ns=1790174747310869334 elapsed_us=104 block_gets=0 block_puts=0 deleted=0
checkpoint_phase lsn=20588 phase=value_index_write slot=0 started_ns=1790174747312227000 ended_ns=1790174747312229042 elapsed_us=2 block_gets=0 block_puts=0 deleted=0
checkpoint_phase lsn=20592 phase=value_index_schedule slot=0 started_ns=1790174747341086000 ended_ns=1790174747341090958 elapsed_us=4 block_gets=0 block_puts=0 deleted=0
checkpoint_phase lsn=20592 phase=value_index_schedule slot=0 started_ns=1790174747345700000 ended_ns=1790174747345807125 elapsed_us=107 block_gets=0 block_puts=0 deleted=0
checkpoint_phase lsn=20600 phase=value_index_schedule slot=0 started_ns=1790174747379233000 ended_ns=1790174747379239084 elapsed_us=6 block_gets=0 block_puts=0 deleted=0
checkpoint_phase lsn=20600 phase=value_index_schedule slot=0 started_ns=1790174747380675000 ended_ns=1790174747380777958 elapsed_us=102 block_gets=0 block_puts=0 deleted=0
checkpoint_phase lsn=20604 phase=value_index_schedule slot=0 started_ns=1790174747398287000 ended_ns=1790174747398292834 elapsed_us=5 block_gets=0 block_puts=0 deleted=0
checkpoint_phase lsn=20604 phase=value_index_schedule slot=0 started_ns=1790174747398367000 ended_ns=1790174747398472834 elapsed_us=105 block_gets=0 block_puts=0 deleted=0
checkpoint_phase lsn=20604 phase=value_index_write slot=0 started_ns=1790174747401832000 ended_ns=1790174747401834166 elapsed_us=2 block_gets=0 block_puts=0 deleted=0
checkpoint_phase lsn=20604 phase=value_index_write slot=0 started_ns=1790174747405087000 ended_ns=1790174747405214167 elapsed_us=127 block_gets=0 block_puts=0 deleted=0
checkpoint_phase lsn=20604 phase=value_index_write slot=0 started_ns=1790174747408499000 ended_ns=1790174747408596458 elapsed_us=97 block_gets=0 block_puts=0 deleted=0
checkpoint_phase lsn=20608 phase=value_index_schedule slot=0 started_ns=1790174747426155000 ended_ns=1790174747426161000 elapsed_us=6 block_gets=0 block_puts=0 deleted=0
checkpoint_phase lsn=20616 phase=value_index_schedule slot=0 started_ns=1790174747467341000 ended_ns=1790174747467347542 elapsed_us=6 block_gets=0 block_puts=0 deleted=0
checkpoint_phase lsn=20616 phase=value_index_schedule slot=0 started_ns=1790174747470108000 ended_ns=1790174747470232916 elapsed_us=124 block_gets=0 block_puts=0 deleted=0
checkpoint_phase lsn=20620 phase=value_index_schedule slot=0 started_ns=1790174747494522000 ended_ns=1790174747494527625 elapsed_us=5 block_gets=0 block_puts=0 deleted=0
checkpoint_phase lsn=20620 phase=value_index_schedule slot=0 started_ns=1790174747494602000 ended_ns=1790174747494719625 elapsed_us=117 block_gets=0 block_puts=0 deleted=0
checkpoint_phase lsn=20620 phase=value_index_write slot=0 started_ns=1790174747494833000 ended_ns=1790174747494834875 elapsed_us=1 block_gets=0 block_puts=0 deleted=0
checkpoint_phase lsn=20620 phase=value_index_write slot=0 started_ns=1790174747494884000 ended_ns=1790174747495142291 elapsed_us=258 block_gets=0 block_puts=0 deleted=0
checkpoint_phase lsn=20620 phase=value_index_write slot=0 started_ns=1790174747497220000 ended_ns=1790174747497322084 elapsed_us=102 block_gets=0 block_puts=0 deleted=0
checkpoint_phase lsn=20620 phase=value_index_write slot=0 started_ns=1790174747503281000 ended_ns=1790174747503352792 elapsed_us=71 block_gets=0 block_puts=0 deleted=0
checkpoint_phase lsn=20620 phase=value_index_write slot=0 started_ns=1790174747503408000 ended_ns=1790174747503478834 elapsed_us=70 block_gets=0 block_puts=0 deleted=0
checkpoint_phase lsn=20620 phase=value_index_write slot=0 started_ns=1790174747503534000 ended_ns=1790174747503605292 elapsed_us=71 block_gets=0 block_puts=0 deleted=0
checkpoint_phase lsn=20620 phase=value_index_write slot=0 started_ns=1790174747504987000 ended_ns=1790174747524592584 elapsed_us=19605 block_gets=0 block_puts=1 deleted=0
checkpoint_phase lsn=20624 phase=value_index_schedule slot=0 started_ns=1790174747550280000 ended_ns=1790174747550285542 elapsed_us=5 block_gets=0 block_puts=0 deleted=0
checkpoint_phase lsn=20624 phase=value_index_schedule slot=0 started_ns=1790174747550341000 ended_ns=1790174747550457750 elapsed_us=116 block_gets=0 block_puts=0 deleted=0
checkpoint_phase lsn=20624 phase=value_index_write slot=0 started_ns=1790174747551911000 ended_ns=1790174747551913209 elapsed_us=2 block_gets=0 block_puts=0 deleted=0
checkpoint_phase lsn=20632 phase=value_index_schedule slot=0 started_ns=1790174747579755000 ended_ns=1790174747579761417 elapsed_us=6 block_gets=0 block_puts=0 deleted=0
checkpoint_phase lsn=20632 phase=value_index_schedule slot=0 started_ns=1790174747579822000 ended_ns=1790174747579939417 elapsed_us=117 block_gets=0 block_puts=0 deleted=0
checkpoint_phase lsn=20632 phase=value_index_write slot=0 started_ns=1790174747580005000 ended_ns=1790174747580006583 elapsed_us=1 block_gets=0 block_puts=0 deleted=0
checkpoint_phase lsn=20632 phase=value_index_write slot=0 started_ns=1790174747582808000 ended_ns=1790174747582934625 elapsed_us=126 block_gets=0 block_puts=0 deleted=0
checkpoint_phase lsn=20636 phase=value_index_schedule slot=0 started_ns=1790174747616585000 ended_ns=1790174747616592792 elapsed_us=7 block_gets=0 block_puts=0 deleted=0
checkpoint_phase lsn=20636 phase=value_index_schedule slot=0 started_ns=1790174747616642000 ended_ns=1790174747616770167 elapsed_us=128 block_gets=0 block_puts=0 deleted=0
checkpoint_phase lsn=20640 phase=value_index_schedule slot=0 started_ns=1790174747642072000 ended_ns=1790174747642077875 elapsed_us=5 block_gets=0 block_puts=0 deleted=0
checkpoint_phase lsn=20648 phase=value_index_schedule slot=0 started_ns=1790174747669606000 ended_ns=1790174747669611250 elapsed_us=5 block_gets=0 block_puts=0 deleted=0
checkpoint_phase lsn=20648 phase=value_index_schedule slot=0 started_ns=1790174747669675000 ended_ns=1790174747669794334 elapsed_us=119 block_gets=0 block_puts=0 deleted=0
checkpoint_phase lsn=20648 phase=value_index_write slot=0 started_ns=1790174747677577000 ended_ns=1790174747677579166 elapsed_us=2 block_gets=0 block_puts=0 deleted=0
checkpoint_phase lsn=20648 phase=value_index_write slot=0 started_ns=1790174747678935000 ended_ns=1790174747679062000 elapsed_us=127 block_gets=0 block_puts=0 deleted=0
checkpoint_phase lsn=20648 phase=value_index_write slot=0 started_ns=1790174747689516000 ended_ns=1790174747689623416 elapsed_us=107 block_gets=0 block_puts=0 deleted=0
checkpoint_phase lsn=20648 phase=value_index_write slot=0 started_ns=1790174747689691000 ended_ns=1790174747689788083 elapsed_us=97 block_gets=0 block_puts=0 deleted=0
checkpoint_phase lsn=20664 phase=value_index_schedule slot=0 started_ns=1790174747744407000 ended_ns=1790174747744412875 elapsed_us=5 block_gets=0 block_puts=0 deleted=0
checkpoint_phase lsn=20664 phase=value_index_schedule slot=0 started_ns=1790174747752408000 ended_ns=1790174747752530083 elapsed_us=122 block_gets=0 block_puts=0 deleted=0
checkpoint_phase lsn=20664 phase=value_index_write slot=0 started_ns=1790174747763031000 ended_ns=1790174747763033250 elapsed_us=2 block_gets=0 block_puts=0 deleted=0
checkpoint_phase lsn=20664 phase=value_index_write slot=0 started_ns=1790174747774567000 ended_ns=1790174747774710000 elapsed_us=143 block_gets=0 block_puts=0 deleted=0
checkpoint_phase lsn=20664 phase=value_index_write slot=0 started_ns=1790174747774777000 ended_ns=1790174747774897709 elapsed_us=120 block_gets=0 block_puts=0 deleted=0
checkpoint_phase lsn=20680 phase=value_index_schedule slot=0 started_ns=1790174747817222000 ended_ns=1790174747817228333 elapsed_us=6 block_gets=0 block_puts=0 deleted=0
checkpoint_phase lsn=20680 phase=value_index_schedule slot=0 started_ns=1790174747825033000 ended_ns=1790174747825165791 elapsed_us=132 block_gets=0 block_puts=0 deleted=0
checkpoint_phase lsn=20680 phase=value_index_write slot=0 started_ns=1790174747825236000 ended_ns=1790174747825238542 elapsed_us=2 block_gets=0 block_puts=0 deleted=0
checkpoint_phase lsn=20680 phase=value_index_write slot=0 started_ns=1790174747825289000 ended_ns=1790174747825436750 elapsed_us=147 block_gets=0 block_puts=0 deleted=0
checkpoint_phase lsn=20680 phase=value_index_write slot=0 started_ns=1790174747835049000 ended_ns=1790174747835165333 elapsed_us=116 block_gets=0 block_puts=0 deleted=0
checkpoint_phase lsn=20680 phase=value_index_write slot=0 started_ns=1790174747835223000 ended_ns=1790174747835293958 elapsed_us=70 block_gets=0 block_puts=0 deleted=0
checkpoint_phase lsn=20680 phase=value_index_write slot=0 started_ns=1790174747847398000 ended_ns=1790174747847469583 elapsed_us=71 block_gets=0 block_puts=0 deleted=0
checkpoint_phase lsn=20680 phase=value_index_write slot=0 started_ns=1790174747847530000 ended_ns=1790174747847601292 elapsed_us=71 block_gets=0 block_puts=0 deleted=0
checkpoint_phase lsn=20680 phase=value_index_write slot=0 started_ns=1790174747847663000 ended_ns=1790174747870943542 elapsed_us=23280 block_gets=0 block_puts=1 deleted=0
checkpoint_phase lsn=20680 phase=value_index_write slot=0 started_ns=1790174747885508000 ended_ns=1790174747885582625 elapsed_us=74 block_gets=0 block_puts=0 deleted=0
checkpoint_phase lsn=20696 phase=value_index_schedule slot=0 started_ns=1790174747939079000 ended_ns=1790174747939086542 elapsed_us=7 block_gets=0 block_puts=0 deleted=0
checkpoint_phase lsn=20696 phase=value_index_schedule slot=0 started_ns=1790174747947441000 ended_ns=1790174747947569500 elapsed_us=128 block_gets=0 block_puts=0 deleted=0
checkpoint_phase lsn=20696 phase=value_index_write slot=0 started_ns=1790174747947640000 ended_ns=1790174747947641834 elapsed_us=1 block_gets=0 block_puts=0 deleted=0
checkpoint_phase lsn=20696 phase=value_index_write slot=0 started_ns=1790174747947706000 ended_ns=1790174747947834000 elapsed_us=128 block_gets=0 block_puts=0 deleted=0
checkpoint_phase lsn=20696 phase=value_index_write slot=0 started_ns=1790174747955892000 ended_ns=1790174747956011833 elapsed_us=119 block_gets=0 block_puts=0 deleted=0
checkpoint_phase lsn=20696 phase=value_index_write slot=0 started_ns=1790174747956080000 ended_ns=1790174747956151500 elapsed_us=71 block_gets=0 block_puts=0 deleted=0
checkpoint_phase lsn=20696 phase=value_index_write slot=0 started_ns=1790174747956211000 ended_ns=1790174747956282000 elapsed_us=71 block_gets=0 block_puts=0 deleted=0
checkpoint_phase lsn=20696 phase=value_index_write slot=0 started_ns=1790174747963904000 ended_ns=1790174747963976208 elapsed_us=72 block_gets=0 block_puts=0 deleted=0
checkpoint_phase lsn=20696 phase=value_index_write slot=0 started_ns=1790174747964041000 ended_ns=1790174747985243834 elapsed_us=21202 block_gets=0 block_puts=1 deleted=0
checkpoint_phase lsn=20696 phase=value_index_write slot=0 started_ns=1790174747995281000 ended_ns=1790174747995352000 elapsed_us=71 block_gets=0 block_puts=0 deleted=0
checkpoint_phase lsn=20696 phase=value_index_write slot=0 started_ns=1790174747995421000 ended_ns=1790174747995493000 elapsed_us=72 block_gets=0 block_puts=0 deleted=0
checkpoint_phase lsn=20696 phase=value_index_write slot=0 started_ns=1790174747995544000 ended_ns=1790174747995623000 elapsed_us=79 block_gets=0 block_puts=0 deleted=0
checkpoint_phase lsn=20712 phase=value_index_schedule slot=0 started_ns=1790174748051937000 ended_ns=1790174748051943209 elapsed_us=6 block_gets=0 block_puts=0 deleted=0
checkpoint_phase lsn=20712 phase=value_index_schedule slot=0 started_ns=1790174748060992000 ended_ns=1790174748061129625 elapsed_us=137 block_gets=0 block_puts=0 deleted=0
checkpoint_phase lsn=20712 phase=value_index_write slot=0 started_ns=1790174748072887000 ended_ns=1790174748072889916 elapsed_us=2 block_gets=0 block_puts=0 deleted=0
checkpoint_phase lsn=20712 phase=value_index_write slot=0 started_ns=1790174748072965000 ended_ns=1790174748073093791 elapsed_us=128 block_gets=0 block_puts=0 deleted=0
checkpoint_phase lsn=20712 phase=value_index_write slot=0 started_ns=1790174748073180000 ended_ns=1790174748073299250 elapsed_us=119 block_gets=0 block_puts=0 deleted=0
checkpoint_phase lsn=20712 phase=value_index_write slot=0 started_ns=1790174748079840000 ended_ns=1790174748079913750 elapsed_us=73 block_gets=0 block_puts=0 deleted=0
checkpoint_phase lsn=20716 phase=value_index_schedule slot=0 started_ns=1790174748099988000 ended_ns=1790174748099993584 elapsed_us=5 block_gets=0 block_puts=0 deleted=0
checkpoint_phase lsn=20716 phase=value_index_schedule slot=0 started_ns=1790174748100050000 ended_ns=1790174748100181500 elapsed_us=131 block_gets=0 block_puts=0 deleted=0
checkpoint_phase lsn=20724 phase=value_index_schedule slot=0 started_ns=1790174748164546000 ended_ns=1790174748164552042 elapsed_us=6 block_gets=0 block_puts=0 deleted=0
checkpoint_phase lsn=20724 phase=value_index_schedule slot=0 started_ns=1790174748164616000 ended_ns=1790174748164760708 elapsed_us=144 block_gets=0 block_puts=0 deleted=0
checkpoint_phase lsn=20724 phase=value_index_write slot=0 started_ns=1790174748164826000 ended_ns=1790174748164827208 elapsed_us=1 block_gets=0 block_puts=0 deleted=0
checkpoint_phase lsn=20724 phase=value_index_write slot=0 started_ns=1790174748166279000 ended_ns=1790174748166406333 elapsed_us=127 block_gets=0 block_puts=0 deleted=0
checkpoint_phase lsn=20728 phase=value_index_schedule slot=0 started_ns=1790174748191402000 ended_ns=1790174748191408083 elapsed_us=6 block_gets=0 block_puts=0 deleted=0
checkpoint_phase lsn=20728 phase=value_index_schedule slot=0 started_ns=1790174748191460000 ended_ns=1790174748191610250 elapsed_us=150 block_gets=0 block_puts=0 deleted=0
checkpoint_phase lsn=20728 phase=value_index_write slot=0 started_ns=1790174748193088000 ended_ns=1790174748193089750 elapsed_us=1 block_gets=0 block_puts=0 deleted=0
checkpoint_phase lsn=20728 phase=value_index_write slot=0 started_ns=1790174748199924000 ended_ns=1790174748200052666 elapsed_us=128 block_gets=0 block_puts=0 deleted=0
checkpoint_phase lsn=20728 phase=value_index_write slot=0 started_ns=1790174748210368000 ended_ns=1790174748210490416 elapsed_us=122 block_gets=0 block_puts=0 deleted=0
checkpoint_phase lsn=20744 phase=value_index_schedule slot=0 started_ns=1790174748262386000 ended_ns=1790174748262392375 elapsed_us=6 block_gets=0 block_puts=0 deleted=0
checkpoint_phase lsn=20744 phase=value_index_schedule slot=0 started_ns=1790174748271765000 ended_ns=1790174748271906167 elapsed_us=141 block_gets=0 block_puts=0 deleted=0
checkpoint_phase lsn=20744 phase=value_index_write slot=0 started_ns=1790174748271977000 ended_ns=1790174748271979250 elapsed_us=2 block_gets=0 block_puts=0 deleted=0
checkpoint_phase lsn=20744 phase=value_index_write slot=0 started_ns=1790174748272032000 ended_ns=1790174748272156959 elapsed_us=124 block_gets=0 block_puts=0 deleted=0
checkpoint_phase lsn=20744 phase=value_index_write slot=0 started_ns=1790174748281668000 ended_ns=1790174748281796250 elapsed_us=128 block_gets=0 block_puts=0 deleted=0
checkpoint_phase lsn=20744 phase=value_index_write slot=0 started_ns=1790174748281864000 ended_ns=1790174748281952959 elapsed_us=88 block_gets=0 block_puts=0 deleted=0
checkpoint_phase lsn=20744 phase=value_index_write slot=0 started_ns=1790174748290514000 ended_ns=1790174748290587334 elapsed_us=73 block_gets=0 block_puts=0 deleted=0
checkpoint_phase lsn=20744 phase=value_index_write slot=0 started_ns=1790174748290654000 ended_ns=1790174748290722208 elapsed_us=68 block_gets=0 block_puts=0 deleted=0
checkpoint_phase lsn=20744 phase=value_index_write slot=0 started_ns=1790174748290781000 ended_ns=1790174748320613167 elapsed_us=29832 block_gets=0 block_puts=1 deleted=0
checkpoint_phase lsn=20744 phase=value_index_write slot=0 started_ns=1790174748329376000 ended_ns=1790174748329449125 elapsed_us=73 block_gets=0 block_puts=0 deleted=0
checkpoint_phase lsn=20744 phase=value_index_write slot=0 started_ns=1790174748329524000 ended_ns=1790174748329595541 elapsed_us=71 block_gets=0 block_puts=0 deleted=0
checkpoint_phase lsn=20744 phase=value_index_write slot=0 started_ns=1790174748329650000 ended_ns=1790174748329719500 elapsed_us=69 block_gets=0 block_puts=0 deleted=0
checkpoint_phase lsn=20760 phase=value_index_schedule slot=0 started_ns=1790174748375729000 ended_ns=1790174748375740625 elapsed_us=11 block_gets=0 block_puts=0 deleted=0
checkpoint_phase lsn=20760 phase=value_index_schedule slot=0 started_ns=1790174748375860000 ended_ns=1790174748376021708 elapsed_us=161 block_gets=0 block_puts=0 deleted=0
checkpoint_phase lsn=20760 phase=value_index_write slot=0 started_ns=1790174748387873000 ended_ns=1790174748387875375 elapsed_us=2 block_gets=0 block_puts=0 deleted=0
checkpoint_phase lsn=20760 phase=value_index_write slot=0 started_ns=1790174748397796000 ended_ns=1790174748397924750 elapsed_us=128 block_gets=0 block_puts=0 deleted=0
checkpoint_phase lsn=20760 phase=value_index_write slot=0 started_ns=1790174748409742000 ended_ns=1790174748409863083 elapsed_us=121 block_gets=0 block_puts=0 deleted=0
checkpoint_phase lsn=20760 phase=value_index_write slot=0 started_ns=1790174748409921000 ended_ns=1790174748410005500 elapsed_us=84 block_gets=0 block_puts=0 deleted=0
checkpoint_phase lsn=20776 phase=value_index_schedule slot=0 started_ns=1790174748463215000 ended_ns=1790174748463220916 elapsed_us=5 block_gets=0 block_puts=0 deleted=0
checkpoint_phase lsn=20776 phase=value_index_schedule slot=0 started_ns=1790174748470939000 ended_ns=1790174748471092584 elapsed_us=153 block_gets=0 block_puts=0 deleted=0
checkpoint_phase lsn=20776 phase=value_index_write slot=0 started_ns=1790174748471157000 ended_ns=1790174748471159417 elapsed_us=2 block_gets=0 block_puts=0 deleted=0
checkpoint_phase lsn=20776 phase=value_index_write slot=0 started_ns=1790174748471213000 ended_ns=1790174748471341459 elapsed_us=128 block_gets=0 block_puts=0 deleted=0
checkpoint_phase lsn=20776 phase=value_index_write slot=0 started_ns=1790174748478663000 ended_ns=1790174748478787667 elapsed_us=124 block_gets=0 block_puts=0 deleted=0
checkpoint_phase lsn=20776 phase=value_index_write slot=0 started_ns=1790174748478873000 ended_ns=1790174748478976833 elapsed_us=103 block_gets=0 block_puts=0 deleted=0
checkpoint_phase lsn=20776 phase=value_index_write slot=0 started_ns=1790174748489250000 ended_ns=1790174748489321875 elapsed_us=71 block_gets=0 block_puts=0 deleted=0
checkpoint_phase lsn=20776 phase=value_index_write slot=0 started_ns=1790174748489388000 ended_ns=1790174748489458625 elapsed_us=70 block_gets=0 block_puts=0 deleted=0
checkpoint_phase lsn=20776 phase=value_index_write slot=0 started_ns=1790174748498025000 ended_ns=1790174748509251625 elapsed_us=11226 block_gets=0 block_puts=1 deleted=0
checkpoint_phase lsn=20792 phase=value_index_schedule slot=0 started_ns=1790174748559870000 ended_ns=1790174748559875625 elapsed_us=5 block_gets=0 block_puts=0 deleted=0
checkpoint_phase lsn=20792 phase=value_index_schedule slot=0 started_ns=1790174748559930000 ended_ns=1790174748560086750 elapsed_us=156 block_gets=0 block_puts=0 deleted=0
checkpoint_phase lsn=20792 phase=value_index_write slot=0 started_ns=1790174748569939000 ended_ns=1790174748569941375 elapsed_us=2 block_gets=0 block_puts=0 deleted=0
checkpoint_phase lsn=20792 phase=value_index_write slot=0 started_ns=1790174748570017000 ended_ns=1790174748570145625 elapsed_us=128 block_gets=0 block_puts=0 deleted=0
checkpoint_phase lsn=20792 phase=value_index_write slot=0 started_ns=1790174748570192000 ended_ns=1790174748570309833 elapsed_us=117 block_gets=0 block_puts=0 deleted=0
checkpoint_phase lsn=20792 phase=value_index_write slot=0 started_ns=1790174748580017000 ended_ns=1790174748580111792 elapsed_us=94 block_gets=0 block_puts=0 deleted=0
checkpoint_phase lsn=20792 phase=value_index_write slot=0 started_ns=1790174748580186000 ended_ns=1790174748580257542 elapsed_us=71 block_gets=0 block_puts=0 deleted=0
checkpoint_phase lsn=20792 phase=value_index_write slot=0 started_ns=1790174748580314000 ended_ns=1790174748580383375 elapsed_us=69 block_gets=0 block_puts=0 deleted=0
checkpoint_phase lsn=20792 phase=value_index_write slot=0 started_ns=1790174748580430000 ended_ns=1790174748601340542 elapsed_us=20910 block_gets=0 block_puts=1 deleted=0
checkpoint_phase lsn=20792 phase=value_index_write slot=0 started_ns=1790174748610032000 ended_ns=1790174748610103959 elapsed_us=71 block_gets=0 block_puts=0 deleted=0
checkpoint_phase lsn=20792 phase=value_index_write slot=0 started_ns=1790174748610162000 ended_ns=1790174748610233583 elapsed_us=71 block_gets=0 block_puts=0 deleted=0
checkpoint_phase lsn=20792 phase=value_index_write slot=0 started_ns=1790174748610298000 ended_ns=1790174748610368792 elapsed_us=70 block_gets=0 block_puts=0 deleted=0
checkpoint_phase lsn=20792 phase=value_index_write slot=0 started_ns=1790174748610433000 ended_ns=1790174748617198292 elapsed_us=6765 block_gets=0 block_puts=1 deleted=0
checkpoint_phase lsn=20792 phase=value_index_schedule slot=0 started_ns=1790174748624696000 ended_ns=1790174748624755458 elapsed_us=59 block_gets=0 block_puts=0 deleted=0
checkpoint_phase lsn=20792 phase=value_index_schedule slot=0 started_ns=1790174748624822000 ended_ns=1790174748625091625 elapsed_us=269 block_gets=0 block_puts=0 deleted=0
checkpoint_phase lsn=20792 phase=value_index_write slot=0 started_ns=1790174748625167000 ended_ns=1790174748632650375 elapsed_us=7483 block_gets=0 block_puts=3 deleted=0
checkpoint_phase lsn=20808 phase=value_index_schedule slot=0 started_ns=1790174748686232000 ended_ns=1790174748686237542 elapsed_us=5 block_gets=0 block_puts=0 deleted=0
checkpoint_phase lsn=20808 phase=value_index_schedule slot=0 started_ns=1790174748686293000 ended_ns=1790174748686448792 elapsed_us=155 block_gets=0 block_puts=0 deleted=0
checkpoint_phase lsn=20808 phase=value_index_write slot=0 started_ns=1790174748699352000 ended_ns=1790174748699354250 elapsed_us=2 block_gets=0 block_puts=0 deleted=0
checkpoint_phase lsn=20808 phase=value_index_write slot=0 started_ns=1790174748710214000 ended_ns=1790174748710344041 elapsed_us=130 block_gets=0 block_puts=0 deleted=0
checkpoint_phase lsn=20808 phase=value_index_write slot=0 started_ns=1790174748724967000 ended_ns=1790174748725092375 elapsed_us=125 block_gets=0 block_puts=0 deleted=0
checkpoint_phase lsn=20808 phase=value_index_write slot=0 started_ns=1790174748725161000 ended_ns=1790174748725255750 elapsed_us=94 block_gets=0 block_puts=0 deleted=0
checkpoint_phase lsn=20824 phase=value_index_schedule slot=0 started_ns=1790174748783413000 ended_ns=1790174748783419459 elapsed_us=6 block_gets=0 block_puts=0 deleted=0
checkpoint_phase lsn=20824 phase=value_index_schedule slot=0 started_ns=1790174748790433000 ended_ns=1790174748790599792 elapsed_us=166 block_gets=0 block_puts=0 deleted=0
checkpoint_phase lsn=20824 phase=value_index_write slot=0 started_ns=1790174748790674000 ended_ns=1790174748790676042 elapsed_us=2 block_gets=0 block_puts=0 deleted=0
checkpoint_phase lsn=20824 phase=value_index_write slot=0 started_ns=1790174748790777000 ended_ns=1790174748791018209 elapsed_us=241 block_gets=0 block_puts=0 deleted=0
checkpoint_phase lsn=20824 phase=value_index_write slot=0 started_ns=1790174748798818000 ended_ns=1790174748798941500 elapsed_us=123 block_gets=0 block_puts=0 deleted=0
checkpoint_phase lsn=20824 phase=value_index_write slot=0 started_ns=1790174748799008000 ended_ns=1790174748799110000 elapsed_us=102 block_gets=0 block_puts=0 deleted=0
checkpoint_phase lsn=20824 phase=value_index_write slot=0 started_ns=1790174748812954000 ended_ns=1790174748813027333 elapsed_us=73 block_gets=0 block_puts=0 deleted=0
checkpoint_phase lsn=20824 phase=value_index_write slot=0 started_ns=1790174748813089000 ended_ns=1790174748813160667 elapsed_us=71 block_gets=0 block_puts=0 deleted=0
checkpoint_phase lsn=20824 phase=value_index_write slot=0 started_ns=1790174748813215000 ended_ns=1790174748847521792 elapsed_us=34306 block_gets=0 block_puts=1 deleted=0
checkpoint_phase lsn=20824 phase=value_index_write slot=0 started_ns=1790174748856084000 ended_ns=1790174748856155542 elapsed_us=71 block_gets=0 block_puts=0 deleted=0
checkpoint_phase lsn=20840 phase=value_index_schedule slot=0 started_ns=1790174748902571000 ended_ns=1790174748902576958 elapsed_us=5 block_gets=0 block_puts=0 deleted=0
checkpoint_phase lsn=20840 phase=value_index_schedule slot=0 started_ns=1790174748910035000 ended_ns=1790174748910203875 elapsed_us=168 block_gets=0 block_puts=0 deleted=0
checkpoint_phase lsn=20840 phase=value_index_write slot=0 started_ns=1790174748910270000 ended_ns=1790174748910272083 elapsed_us=2 block_gets=0 block_puts=0 deleted=0
checkpoint_phase lsn=20840 phase=value_index_write slot=0 started_ns=1790174748910322000 ended_ns=1790174748910448583 elapsed_us=126 block_gets=0 block_puts=0 deleted=0
checkpoint_phase lsn=20840 phase=value_index_write slot=0 started_ns=1790174748918976000 ended_ns=1790174748919101833 elapsed_us=125 block_gets=0 block_puts=0 deleted=0
checkpoint_phase lsn=20840 phase=value_index_write slot=0 started_ns=1790174748919172000 ended_ns=1790174748919276916 elapsed_us=104 block_gets=0 block_puts=0 deleted=0
checkpoint_phase lsn=20840 phase=value_index_write slot=0 started_ns=1790174748919540000 ended_ns=1790174748919613583 elapsed_us=73 block_gets=0 block_puts=0 deleted=0
checkpoint_phase lsn=20840 phase=value_index_write slot=0 started_ns=1790174748929706000 ended_ns=1790174748929781750 elapsed_us=75 block_gets=0 block_puts=0 deleted=0
checkpoint_phase lsn=20840 phase=value_index_write slot=0 started_ns=1790174748929847000 ended_ns=1790174748945684459 elapsed_us=15837 block_gets=0 block_puts=1 deleted=0
checkpoint_phase lsn=20840 phase=value_index_write slot=0 started_ns=1790174748954328000 ended_ns=1790174748954401333 elapsed_us=73 block_gets=0 block_puts=0 deleted=0
checkpoint_phase lsn=20840 phase=value_index_write slot=0 started_ns=1790174748954457000 ended_ns=1790174748954527334 elapsed_us=70 block_gets=0 block_puts=0 deleted=0
checkpoint_phase lsn=20840 phase=value_index_write slot=0 started_ns=1790174748954586000 ended_ns=1790174748954657833 elapsed_us=71 block_gets=0 block_puts=0 deleted=0
checkpoint_phase lsn=20856 phase=value_index_schedule slot=0 started_ns=1790174749016841000 ended_ns=1790174749016847458 elapsed_us=6 block_gets=0 block_puts=0 deleted=0
checkpoint_phase lsn=20856 phase=value_index_schedule slot=0 started_ns=1790174749025063000 ended_ns=1790174749025231375 elapsed_us=168 block_gets=0 block_puts=0 deleted=0
checkpoint_phase lsn=20856 phase=value_index_write slot=0 started_ns=1790174749037082000 ended_ns=1790174749037084542 elapsed_us=2 block_gets=0 block_puts=0 deleted=0
checkpoint_phase lsn=20856 phase=value_index_write slot=0 started_ns=1790174749043437000 ended_ns=1790174749043565833 elapsed_us=128 block_gets=0 block_puts=0 deleted=0
checkpoint_phase lsn=20856 phase=value_index_write slot=0 started_ns=1790174749044958000 ended_ns=1790174749045084709 elapsed_us=126 block_gets=0 block_puts=0 deleted=0
checkpoint_phase lsn=20864 phase=value_index_schedule slot=0 started_ns=1790174749071635000 ended_ns=1790174749071640542 elapsed_us=5 block_gets=0 block_puts=0 deleted=0
checkpoint_phase lsn=20864 phase=value_index_schedule slot=0 started_ns=1790174749071710000 ended_ns=1790174749071885833 elapsed_us=175 block_gets=0 block_puts=0 deleted=0
checkpoint_phase lsn=20864 phase=value_index_write slot=0 started_ns=1790174749071957000 ended_ns=1790174749071958875 elapsed_us=1 block_gets=0 block_puts=0 deleted=0
checkpoint_phase lsn=20872 phase=value_index_schedule slot=0 started_ns=1790174749114694000 ended_ns=1790174749114700042 elapsed_us=6 block_gets=0 block_puts=0 deleted=0
checkpoint_phase lsn=20872 phase=value_index_schedule slot=0 started_ns=1790174749114763000 ended_ns=1790174749114935459 elapsed_us=172 block_gets=0 block_puts=0 deleted=0
checkpoint_phase lsn=20872 phase=value_index_write slot=0 started_ns=1790174749117706000 ended_ns=1790174749117707542 elapsed_us=1 block_gets=0 block_puts=0 deleted=0
checkpoint_phase lsn=20872 phase=value_index_write slot=0 started_ns=1790174749127760000 ended_ns=1790174749127893541 elapsed_us=133 block_gets=0 block_puts=0 deleted=0
checkpoint_phase lsn=20872 phase=value_index_write slot=0 started_ns=1790174749127949000 ended_ns=1790174749128077083 elapsed_us=128 block_gets=0 block_puts=0 deleted=0
checkpoint_phase lsn=20872 phase=value_index_write slot=0 started_ns=1790174749138393000 ended_ns=1790174749138511625 elapsed_us=118 block_gets=0 block_puts=0 deleted=0
checkpoint_phase lsn=20872 phase=value_index_write slot=0 started_ns=1790174749138576000 ended_ns=1790174749138647208 elapsed_us=71 block_gets=0 block_puts=0 deleted=0
checkpoint_phase lsn=20872 phase=value_index_write slot=0 started_ns=1790174749147872000 ended_ns=1790174749147944791 elapsed_us=72 block_gets=0 block_puts=0 deleted=0
checkpoint_phase lsn=20888 phase=value_index_schedule slot=0 started_ns=1790174749215409000 ended_ns=1790174749215414917 elapsed_us=5 block_gets=0 block_puts=0 deleted=0
checkpoint_phase lsn=20888 phase=value_index_schedule slot=0 started_ns=1790174749223425000 ended_ns=1790174749223594208 elapsed_us=169 block_gets=0 block_puts=0 deleted=0
checkpoint_phase lsn=20888 phase=value_index_write slot=0 started_ns=1790174749223667000 ended_ns=1790174749223669375 elapsed_us=2 block_gets=0 block_puts=0 deleted=0
checkpoint_phase lsn=20888 phase=value_index_write slot=0 started_ns=1790174749223724000 ended_ns=1790174749223852167 elapsed_us=128 block_gets=0 block_puts=0 deleted=0
checkpoint_phase lsn=20888 phase=value_index_write slot=0 started_ns=1790174749223903000 ended_ns=1790174749224024792 elapsed_us=121 block_gets=0 block_puts=0 deleted=0
checkpoint_phase lsn=20888 phase=value_index_write slot=0 started_ns=1790174749236678000 ended_ns=1790174749236800250 elapsed_us=122 block_gets=0 block_puts=0 deleted=0
checkpoint_phase lsn=20888 phase=value_index_write slot=0 started_ns=1790174749236877000 ended_ns=1790174749236949125 elapsed_us=72 block_gets=0 block_puts=0 deleted=0
checkpoint_phase lsn=20888 phase=value_index_write slot=0 started_ns=1790174749237008000 ended_ns=1790174749237078958 elapsed_us=70 block_gets=0 block_puts=0 deleted=0
checkpoint_phase lsn=20888 phase=value_index_write slot=0 started_ns=1790174749237125000 ended_ns=1790174749249770667 elapsed_us=12645 block_gets=0 block_puts=1 deleted=0
checkpoint_phase lsn=20888 phase=value_index_write slot=0 started_ns=1790174749257151000 ended_ns=1790174749257226125 elapsed_us=75 block_gets=0 block_puts=0 deleted=0
checkpoint_phase lsn=20888 phase=value_index_write slot=0 started_ns=1790174749257290000 ended_ns=1790174749257362041 elapsed_us=72 block_gets=0 block_puts=0 deleted=0
checkpoint_phase lsn=20888 phase=value_index_write slot=0 started_ns=1790174749257417000 ended_ns=1790174749257488791 elapsed_us=71 block_gets=0 block_puts=0 deleted=0
checkpoint_phase lsn=20888 phase=value_index_write slot=0 started_ns=1790174749257550000 ended_ns=1790174749262148334 elapsed_us=4598 block_gets=0 block_puts=1 deleted=0
checkpoint_phase lsn=20888 phase=value_index_schedule slot=0 started_ns=1790174749269394000 ended_ns=1790174749269405084 elapsed_us=11 block_gets=0 block_puts=0 deleted=0
checkpoint_phase lsn=20888 phase=value_index_schedule slot=0 started_ns=1790174749269478000 ended_ns=1790174749269780792 elapsed_us=302 block_gets=0 block_puts=0 deleted=0
checkpoint_phase lsn=20904 phase=value_index_schedule slot=0 started_ns=1790174749327416000 ended_ns=1790174749327422666 elapsed_us=6 block_gets=0 block_puts=0 deleted=0
checkpoint_phase lsn=20904 phase=value_index_schedule slot=0 started_ns=1790174749337558000 ended_ns=1790174749337748875 elapsed_us=190 block_gets=0 block_puts=0 deleted=0
checkpoint_phase lsn=20904 phase=value_index_write slot=0 started_ns=1790174749344377000 ended_ns=1790174749344379666 elapsed_us=2 block_gets=0 block_puts=0 deleted=0
checkpoint_phase lsn=20904 phase=value_index_write slot=0 started_ns=1790174749352151000 ended_ns=1790174749352282708 elapsed_us=131 block_gets=0 block_puts=0 deleted=0
checkpoint_phase lsn=20904 phase=value_index_write slot=0 started_ns=1790174749352350000 ended_ns=1790174749352477458 elapsed_us=127 block_gets=0 block_puts=0 deleted=0
checkpoint_phase lsn=20904 phase=value_index_write slot=0 started_ns=1790174749362782000 ended_ns=1790174749362908875 elapsed_us=126 block_gets=0 block_puts=0 deleted=0
checkpoint_phase lsn=20904 phase=value_index_write slot=0 started_ns=1790174749362988000 ended_ns=1790174749363061583 elapsed_us=73 block_gets=0 block_puts=0 deleted=0
checkpoint_phase lsn=20920 phase=value_index_schedule slot=0 started_ns=1790174749409233000 ended_ns=1790174749409239708 elapsed_us=6 block_gets=0 block_puts=0 deleted=0
checkpoint_phase lsn=20920 phase=value_index_schedule slot=0 started_ns=1790174749417173000 ended_ns=1790174749417488291 elapsed_us=315 block_gets=0 block_puts=0 deleted=0
checkpoint_phase lsn=20920 phase=value_index_write slot=0 started_ns=1790174749417561000 ended_ns=1790174749417563000 elapsed_us=2 block_gets=0 block_puts=0 deleted=0
checkpoint_phase lsn=20920 phase=value_index_write slot=0 started_ns=1790174749417627000 ended_ns=1790174749417753333 elapsed_us=126 block_gets=0 block_puts=0 deleted=0
checkpoint_phase lsn=20920 phase=value_index_write slot=0 started_ns=1790174749417810000 ended_ns=1790174749417935042 elapsed_us=125 block_gets=0 block_puts=0 deleted=0
checkpoint_phase lsn=20920 phase=value_index_write slot=0 started_ns=1790174749425380000 ended_ns=1790174749425508834 elapsed_us=128 block_gets=0 block_puts=0 deleted=0
checkpoint_phase lsn=20920 phase=value_index_write slot=0 started_ns=1790174749425570000 ended_ns=1790174749425647917 elapsed_us=77 block_gets=0 block_puts=0 deleted=0
checkpoint_phase lsn=20920 phase=value_index_write slot=0 started_ns=1790174749425713000 ended_ns=1790174749425784083 elapsed_us=71 block_gets=0 block_puts=0 deleted=0
checkpoint_phase lsn=20920 phase=value_index_write slot=0 started_ns=1790174749436838000 ended_ns=1790174749463681542 elapsed_us=26843 block_gets=0 block_puts=1 deleted=0
checkpoint_phase lsn=20928 phase=value_index_schedule slot=0 started_ns=1790174749496991000 ended_ns=1790174749496998500 elapsed_us=7 block_gets=0 block_puts=0 deleted=0
checkpoint_phase lsn=20928 phase=value_index_schedule slot=0 started_ns=1790174749497074000 ended_ns=1790174749497287500 elapsed_us=213 block_gets=0 block_puts=0 deleted=0
checkpoint_phase lsn=20936 phase=value_index_schedule slot=0 started_ns=1790174749521179000 ended_ns=1790174749521184292 elapsed_us=5 block_gets=0 block_puts=0 deleted=0
checkpoint_phase lsn=20936 phase=value_index_schedule slot=0 started_ns=1790174749521244000 ended_ns=1790174749521439250 elapsed_us=195 block_gets=0 block_puts=0 deleted=0
checkpoint_phase lsn=20936 phase=value_index_write slot=0 started_ns=1790174749531488000 ended_ns=1790174749531491167 elapsed_us=3 block_gets=0 block_puts=0 deleted=0
checkpoint_phase lsn=20936 phase=value_index_write slot=0 started_ns=1790174749531604000 ended_ns=1790174749531735666 elapsed_us=131 block_gets=0 block_puts=0 deleted=0
checkpoint_phase lsn=20936 phase=value_index_write slot=0 started_ns=1790174749531803000 ended_ns=1790174749531929625 elapsed_us=126 block_gets=0 block_puts=0 deleted=0
checkpoint_phase lsn=20936 phase=value_index_write slot=0 started_ns=1790174749531986000 ended_ns=1790174749532107583 elapsed_us=121 block_gets=0 block_puts=0 deleted=0
checkpoint_phase lsn=20936 phase=value_index_write slot=0 started_ns=1790174749540178000 ended_ns=1790174749540261958 elapsed_us=83 block_gets=0 block_puts=0 deleted=0
checkpoint_phase lsn=20936 phase=value_index_write slot=0 started_ns=1790174749540337000 ended_ns=1790174749540411708 elapsed_us=74 block_gets=0 block_puts=0 deleted=0
checkpoint_phase lsn=20936 phase=value_index_write slot=0 started_ns=1790174749540478000 ended_ns=1790174749551423042 elapsed_us=10945 block_gets=0 block_puts=1 deleted=0
checkpoint_phase lsn=20936 phase=value_index_write slot=0 started_ns=1790174749558569000 ended_ns=1790174749558643334 elapsed_us=74 block_gets=0 block_puts=0 deleted=0
checkpoint_phase lsn=20936 phase=value_index_write slot=0 started_ns=1790174749558701000 ended_ns=1790174749558771584 elapsed_us=70 block_gets=0 block_puts=0 deleted=0
checkpoint_phase lsn=20936 phase=value_index_write slot=0 started_ns=1790174749558820000 ended_ns=1790174749558890584 elapsed_us=70 block_gets=0 block_puts=0 deleted=0
checkpoint_phase lsn=20936 phase=value_index_write slot=0 started_ns=1790174749558951000 ended_ns=1790174749564699625 elapsed_us=5748 block_gets=0 block_puts=1 deleted=0
checkpoint_phase lsn=20952 phase=value_index_schedule slot=0 started_ns=1790174749617865000 ended_ns=1790174749617872083 elapsed_us=7 block_gets=0 block_puts=0 deleted=0
checkpoint_phase lsn=20952 phase=value_index_schedule slot=0 started_ns=1790174749617931000 ended_ns=1790174749618130708 elapsed_us=199 block_gets=0 block_puts=0 deleted=0
checkpoint_phase lsn=20952 phase=value_index_write slot=0 started_ns=1790174749627217000 ended_ns=1790174749627219542 elapsed_us=2 block_gets=0 block_puts=0 deleted=0
checkpoint_phase lsn=20952 phase=value_index_write slot=0 started_ns=1790174749639138000 ended_ns=1790174749639269667 elapsed_us=131 block_gets=0 block_puts=0 deleted=0
checkpoint_phase lsn=20952 phase=value_index_write slot=0 started_ns=1790174749643690000 ended_ns=1790174749643817333 elapsed_us=127 block_gets=0 block_puts=0 deleted=0
checkpoint_phase lsn=20952 phase=value_index_write slot=0 started_ns=1790174749654028000 ended_ns=1790174749654155167 elapsed_us=127 block_gets=0 block_puts=0 deleted=0
checkpoint_phase lsn=20952 phase=value_index_write slot=0 started_ns=1790174749654450000 ended_ns=1790174749654538917 elapsed_us=88 block_gets=0 block_puts=0 deleted=0
checkpoint_phase lsn=20968 phase=value_index_schedule slot=0 started_ns=1790174749691992000 ended_ns=1790174749691999042 elapsed_us=7 block_gets=0 block_puts=0 deleted=0
checkpoint_phase lsn=20968 phase=value_index_schedule slot=0 started_ns=1790174749692556000 ended_ns=1790174749692789084 elapsed_us=233 block_gets=0 block_puts=0 deleted=0
checkpoint_phase lsn=20968 phase=value_index_write slot=0 started_ns=1790174749693724000 ended_ns=1790174749693726292 elapsed_us=2 block_gets=0 block_puts=0 deleted=0
checkpoint_phase lsn=20968 phase=value_index_write slot=0 started_ns=1790174749693792000 ended_ns=1790174749693923125 elapsed_us=131 block_gets=0 block_puts=0 deleted=0
checkpoint_phase lsn=20968 phase=value_index_write slot=0 started_ns=1790174749693978000 ended_ns=1790174749694100000 elapsed_us=122 block_gets=0 block_puts=0 deleted=0
checkpoint_phase lsn=20968 phase=value_index_write slot=0 started_ns=1790174749695021000 ended_ns=1790174749695144416 elapsed_us=123 block_gets=0 block_puts=0 deleted=0
checkpoint_phase lsn=20968 phase=value_index_write slot=0 started_ns=1790174749695206000 ended_ns=1790174749695303000 elapsed_us=97 block_gets=0 block_puts=0 deleted=0
checkpoint_phase lsn=20968 phase=value_index_write slot=0 started_ns=1790174749695758000 ended_ns=1790174749695860209 elapsed_us=102 block_gets=0 block_puts=0 deleted=0
checkpoint_phase lsn=20972 phase=value_index_schedule slot=0 started_ns=1790174749715592000 ended_ns=1790174749715597958 elapsed_us=5 block_gets=0 block_puts=0 deleted=0
checkpoint_phase lsn=20972 phase=value_index_schedule slot=0 started_ns=1790174749715678000 ended_ns=1790174749716029167 elapsed_us=351 block_gets=0 block_puts=0 deleted=0
checkpoint_phase lsn=20980 phase=value_index_schedule slot=0 started_ns=1790174749736491000 ended_ns=1790174749736497041 elapsed_us=6 block_gets=0 block_puts=0 deleted=0
checkpoint_phase lsn=20980 phase=value_index_schedule slot=0 started_ns=1790174749736824000 ended_ns=1790174749737021917 elapsed_us=197 block_gets=0 block_puts=0 deleted=0
checkpoint_phase lsn=20984 phase=value_index_schedule slot=0 started_ns=1790174749749989000 ended_ns=1790174749749995000 elapsed_us=6 block_gets=0 block_puts=0 deleted=0
checkpoint_phase lsn=20984 phase=value_index_schedule slot=0 started_ns=1790174749750058000 ended_ns=1790174749750263458 elapsed_us=205 block_gets=0 block_puts=0 deleted=0
checkpoint_phase lsn=20984 phase=value_index_write slot=0 started_ns=1790174749750741000 ended_ns=1790174749750742666 elapsed_us=1 block_gets=0 block_puts=0 deleted=0
checkpoint_phase lsn=20984 phase=value_index_write slot=0 started_ns=1790174749751116000 ended_ns=1790174749751244750 elapsed_us=128 block_gets=0 block_puts=0 deleted=0
checkpoint_phase lsn=20984 phase=value_index_write slot=0 started_ns=1790174749751902000 ended_ns=1790174749752025791 elapsed_us=123 block_gets=0 block_puts=0 deleted=0
checkpoint_phase lsn=20984 phase=value_index_write slot=0 started_ns=1790174749752087000 ended_ns=1790174749752211959 elapsed_us=124 block_gets=0 block_puts=0 deleted=0
checkpoint_phase lsn=20992 phase=value_index_schedule slot=0 started_ns=1790174749769957000 ended_ns=1790174749769962708 elapsed_us=5 block_gets=0 block_puts=0 deleted=0
checkpoint_phase lsn=20992 phase=value_index_schedule slot=0 started_ns=1790174749770033000 ended_ns=1790174749770247875 elapsed_us=214 block_gets=0 block_puts=0 deleted=0
checkpoint_phase lsn=20996 phase=value_index_schedule slot=0 started_ns=1790174749783497000 ended_ns=1790174749783503083 elapsed_us=6 block_gets=0 block_puts=0 deleted=0
checkpoint_phase lsn=20996 phase=value_index_schedule slot=0 started_ns=1790174749783573000 ended_ns=1790174749783784125 elapsed_us=211 block_gets=0 block_puts=0 deleted=0
checkpoint_phase lsn=20996 phase=value_index_write slot=0 started_ns=1790174749784088000 ended_ns=1790174749784089500 elapsed_us=1 block_gets=0 block_puts=0 deleted=0
checkpoint_phase lsn=21000 phase=value_index_schedule slot=0 started_ns=1790174749793814000 ended_ns=1790174749793818500 elapsed_us=4 block_gets=0 block_puts=0 deleted=0
checkpoint_phase lsn=21000 phase=value_index_schedule slot=0 started_ns=1790174749794403000 ended_ns=1790174749794605459 elapsed_us=202 block_gets=0 block_puts=0 deleted=0
checkpoint_phase lsn=21000 phase=value_index_write slot=0 started_ns=1790174749795284000 ended_ns=1790174749795285167 elapsed_us=1 block_gets=0 block_puts=0 deleted=0
checkpoint_phase lsn=21000 phase=value_index_write slot=0 started_ns=1790174749795334000 ended_ns=1790174749795461209 elapsed_us=127 block_gets=0 block_puts=0 deleted=0
checkpoint_phase lsn=21000 phase=value_index_write slot=0 started_ns=1790174749795519000 ended_ns=1790174749795642250 elapsed_us=123 block_gets=0 block_puts=0 deleted=0
checkpoint_phase lsn=21008 phase=value_index_schedule slot=0 started_ns=1790174749812194000 ended_ns=1790174749812200167 elapsed_us=6 block_gets=0 block_puts=0 deleted=0
checkpoint_phase lsn=21008 phase=value_index_schedule slot=0 started_ns=1790174749812271000 ended_ns=1790174749812487709 elapsed_us=216 block_gets=0 block_puts=0 deleted=0
checkpoint_phase lsn=21008 phase=value_index_write slot=0 started_ns=1790174749813133000 ended_ns=1790174749813134416 elapsed_us=1 block_gets=0 block_puts=0 deleted=0
checkpoint_phase lsn=21016 phase=value_index_schedule slot=0 started_ns=1790174749857425000 ended_ns=1790174749857431208 elapsed_us=6 block_gets=0 block_puts=0 deleted=0
checkpoint_phase lsn=21016 phase=value_index_schedule slot=0 started_ns=1790174749857731000 ended_ns=1790174749857937500 elapsed_us=206 block_gets=0 block_puts=0 deleted=0
checkpoint_phase lsn=21016 phase=value_index_write slot=0 started_ns=1790174749858671000 ended_ns=1790174749858672334 elapsed_us=1 block_gets=0 block_puts=0 deleted=0
checkpoint_phase lsn=21016 phase=value_index_write slot=0 started_ns=1790174749858734000 ended_ns=1790174749858863416 elapsed_us=129 block_gets=0 block_puts=0 deleted=0
checkpoint_phase lsn=21016 phase=value_index_write slot=0 started_ns=1790174749858931000 ended_ns=1790174749859064833 elapsed_us=133 block_gets=0 block_puts=0 deleted=0
checkpoint_phase lsn=21016 phase=value_index_write slot=0 started_ns=1790174749859806000 ended_ns=1790174749859942292 elapsed_us=136 block_gets=0 block_puts=0 deleted=0
checkpoint_phase lsn=21016 phase=value_index_write slot=0 started_ns=1790174749859994000 ended_ns=1790174749860107750 elapsed_us=113 block_gets=0 block_puts=0 deleted=0
checkpoint_phase lsn=21024 phase=value_index_schedule slot=0 started_ns=1790174749875785000 ended_ns=1790174749875790834 elapsed_us=5 block_gets=0 block_puts=0 deleted=0
checkpoint_phase lsn=21024 phase=value_index_schedule slot=0 started_ns=1790174749875876000 ended_ns=1790174749876093708 elapsed_us=217 block_gets=0 block_puts=0 deleted=0
checkpoint_phase lsn=21028 phase=value_index_schedule slot=0 started_ns=1790174749887040000 ended_ns=1790174749887046167 elapsed_us=6 block_gets=0 block_puts=0 deleted=0
checkpoint_phase lsn=21028 phase=value_index_schedule slot=0 started_ns=1790174749887115000 ended_ns=1790174749887335834 elapsed_us=220 block_gets=0 block_puts=0 deleted=0
checkpoint_phase lsn=21032 phase=value_index_schedule slot=0 started_ns=1790174749896884000 ended_ns=1790174749896890875 elapsed_us=6 block_gets=0 block_puts=0 deleted=0
checkpoint_phase lsn=21032 phase=value_index_schedule slot=0 started_ns=1790174749896962000 ended_ns=1790174749897198833 elapsed_us=236 block_gets=0 block_puts=0 deleted=0
checkpoint_phase lsn=21032 phase=value_index_write slot=0 started_ns=1790174749897264000 ended_ns=1790174749897265541 elapsed_us=1 block_gets=0 block_puts=0 deleted=0
checkpoint_phase lsn=21032 phase=value_index_write slot=0 started_ns=1790174749897310000 ended_ns=1790174749897443167 elapsed_us=133 block_gets=0 block_puts=0 deleted=0
checkpoint_phase lsn=21032 phase=value_index_write slot=0 started_ns=1790174749897492000 ended_ns=1790174749897615667 elapsed_us=123 block_gets=0 block_puts=0 deleted=0
checkpoint_phase lsn=21032 phase=value_index_write slot=0 started_ns=1790174749897665000 ended_ns=1790174749897789375 elapsed_us=124 block_gets=0 block_puts=0 deleted=0
checkpoint_phase lsn=21032 phase=value_index_write slot=0 started_ns=1790174749897843000 ended_ns=1790174749897948459 elapsed_us=105 block_gets=0 block_puts=0 deleted=0
checkpoint_phase lsn=21032 phase=value_index_write slot=0 started_ns=1790174749897998000 ended_ns=1790174749898069458 elapsed_us=71 block_gets=0 block_puts=0 deleted=0
checkpoint_phase lsn=21032 phase=value_index_write slot=0 started_ns=1790174749898139000 ended_ns=1790174749917069875 elapsed_us=18930 block_gets=0 block_puts=1 deleted=0
checkpoint_phase lsn=21032 phase=value_index_write slot=0 started_ns=1790174749917887000 ended_ns=1790174749917959542 elapsed_us=72 block_gets=0 block_puts=0 deleted=0
checkpoint_phase lsn=21032 phase=value_index_write slot=0 started_ns=1790174749918014000 ended_ns=1790174749918083834 elapsed_us=69 block_gets=0 block_puts=0 deleted=0
checkpoint_phase lsn=21032 phase=value_index_write slot=0 started_ns=1790174749918292000 ended_ns=1790174749918363125 elapsed_us=71 block_gets=0 block_puts=0 deleted=0
checkpoint_phase lsn=21036 phase=value_index_schedule slot=0 started_ns=1790174749951684000 ended_ns=1790174749951690000 elapsed_us=6 block_gets=0 block_puts=0 deleted=0
checkpoint_phase lsn=21036 phase=value_index_schedule slot=0 started_ns=1790174749952048000 ended_ns=1790174749952254875 elapsed_us=206 block_gets=0 block_puts=0 deleted=0
checkpoint_phase lsn=21040 phase=value_index_schedule slot=0 started_ns=1790174749965974000 ended_ns=1790174749965979792 elapsed_us=5 block_gets=0 block_puts=0 deleted=0
checkpoint_phase lsn=21040 phase=value_index_schedule slot=0 started_ns=1790174749966042000 ended_ns=1790174749966271208 elapsed_us=229 block_gets=0 block_puts=0 deleted=0
checkpoint_phase lsn=21040 phase=value_index_write slot=0 started_ns=1790174749966576000 ended_ns=1790174749966577875 elapsed_us=1 block_gets=0 block_puts=0 deleted=0
checkpoint_phase lsn=21044 phase=value_index_schedule slot=0 started_ns=1790174749976457000 ended_ns=1790174749976462208 elapsed_us=5 block_gets=0 block_puts=0 deleted=0
checkpoint_phase lsn=21048 phase=value_index_schedule slot=0 started_ns=1790174749988996000 ended_ns=1790174749989001291 elapsed_us=5 block_gets=0 block_puts=0 deleted=0
checkpoint_phase lsn=21048 phase=value_index_schedule slot=0 started_ns=1790174749989069000 ended_ns=1790174749989308917 elapsed_us=239 block_gets=0 block_puts=0 deleted=0
checkpoint_phase lsn=21052 phase=value_index_schedule slot=0 started_ns=1790174750009597000 ended_ns=1790174750009603292 elapsed_us=6 block_gets=0 block_puts=0 deleted=0
checkpoint_phase lsn=21052 phase=value_index_schedule slot=0 started_ns=1790174750009674000 ended_ns=1790174750009901458 elapsed_us=227 block_gets=0 block_puts=0 deleted=0
checkpoint_phase lsn=21052 phase=value_index_write slot=0 started_ns=1790174750010221000 ended_ns=1790174750010222834 elapsed_us=1 block_gets=0 block_puts=0 deleted=0
checkpoint_phase lsn=21056 phase=value_index_schedule slot=0 started_ns=1790174750023885000 ended_ns=1790174750023890041 elapsed_us=5 block_gets=0 block_puts=0 deleted=0
checkpoint_phase lsn=21056 phase=value_index_schedule slot=0 started_ns=1790174750024435000 ended_ns=1790174750024654959 elapsed_us=219 block_gets=0 block_puts=0 deleted=0
checkpoint_phase lsn=21060 phase=value_index_schedule slot=0 started_ns=1790174750034946000 ended_ns=1790174750034951625 elapsed_us=5 block_gets=0 block_puts=0 deleted=0
checkpoint_phase lsn=21060 phase=value_index_schedule slot=0 started_ns=1790174750035027000 ended_ns=1790174750035256583 elapsed_us=229 block_gets=0 block_puts=0 deleted=0
checkpoint_phase lsn=21060 phase=value_index_write slot=0 started_ns=1790174750035775000 ended_ns=1790174750035776834 elapsed_us=1 block_gets=0 block_puts=0 deleted=0
checkpoint_phase lsn=21064 phase=value_index_schedule slot=0 started_ns=1790174750047210000 ended_ns=1790174750047214958 elapsed_us=4 block_gets=0 block_puts=0 deleted=0
checkpoint_phase lsn=21072 phase=value_index_schedule slot=0 started_ns=1790174750085363000 ended_ns=1790174750085368750 elapsed_us=5 block_gets=0 block_puts=0 deleted=0
checkpoint_phase lsn=21072 phase=value_index_schedule slot=0 started_ns=1790174750085825000 ended_ns=1790174750086059125 elapsed_us=234 block_gets=0 block_puts=0 deleted=0
checkpoint_phase lsn=21072 phase=value_index_write slot=0 started_ns=1790174750086595000 ended_ns=1790174750086596500 elapsed_us=1 block_gets=0 block_puts=0 deleted=0
checkpoint_phase lsn=21072 phase=value_index_write slot=0 started_ns=1790174750086791000 ended_ns=1790174750086921125 elapsed_us=130 block_gets=0 block_puts=0 deleted=0
checkpoint_phase lsn=21072 phase=value_index_write slot=0 started_ns=1790174750087132000 ended_ns=1790174750087251666 elapsed_us=119 block_gets=0 block_puts=0 deleted=0
checkpoint_phase lsn=21076 phase=value_index_schedule slot=0 started_ns=1790174750105508000 ended_ns=1790174750105514125 elapsed_us=6 block_gets=0 block_puts=0 deleted=0
checkpoint_phase lsn=21076 phase=value_index_schedule slot=0 started_ns=1790174750105581000 ended_ns=1790174750105827709 elapsed_us=246 block_gets=0 block_puts=0 deleted=0
checkpoint_phase lsn=21076 phase=value_index_write slot=0 started_ns=1790174750105909000 ended_ns=1790174750105911250 elapsed_us=2 block_gets=0 block_puts=0 deleted=0
checkpoint_phase lsn=21076 phase=value_index_write slot=0 started_ns=1790174750106202000 ended_ns=1790174750106327833 elapsed_us=125 block_gets=0 block_puts=0 deleted=0
checkpoint_phase lsn=21084 phase=value_index_schedule slot=0 started_ns=1790174750120194000 ended_ns=1790174750120199208 elapsed_us=5 block_gets=0 block_puts=0 deleted=0
checkpoint_phase lsn=21084 phase=value_index_schedule slot=0 started_ns=1790174750120588000 ended_ns=1790174750120822500 elapsed_us=234 block_gets=0 block_puts=0 deleted=0
checkpoint_phase lsn=21084 phase=value_index_write slot=0 started_ns=1790174750120886000 ended_ns=1790174750120888000 elapsed_us=2 block_gets=0 block_puts=0 deleted=0
checkpoint_phase lsn=21084 phase=value_index_write slot=0 started_ns=1790174750120948000 ended_ns=1790174750121075375 elapsed_us=127 block_gets=0 block_puts=0 deleted=0
checkpoint_phase lsn=21084 phase=value_index_write slot=0 started_ns=1790174750121130000 ended_ns=1790174750121249583 elapsed_us=119 block_gets=0 block_puts=0 deleted=0
checkpoint_phase lsn=21084 phase=value_index_write slot=0 started_ns=1790174750121339000 ended_ns=1790174750121464083 elapsed_us=125 block_gets=0 block_puts=0 deleted=0
checkpoint_phase lsn=21084 phase=value_index_write slot=0 started_ns=1790174750121688000 ended_ns=1790174750121810167 elapsed_us=122 block_gets=0 block_puts=0 deleted=0
checkpoint_phase lsn=21088 phase=value_index_schedule slot=0 started_ns=1790174750136839000 ended_ns=1790174750136843875 elapsed_us=4 block_gets=0 block_puts=0 deleted=0
checkpoint_phase lsn=21088 phase=value_index_schedule slot=0 started_ns=1790174750136914000 ended_ns=1790174750137150000 elapsed_us=236 block_gets=0 block_puts=0 deleted=0
checkpoint_phase lsn=21088 phase=value_index_write slot=0 started_ns=1790174750137700000 ended_ns=1790174750137701750 elapsed_us=1 block_gets=0 block_puts=0 deleted=0
checkpoint_phase lsn=21092 phase=value_index_schedule slot=0 started_ns=1790174750147228000 ended_ns=1790174750147233166 elapsed_us=5 block_gets=0 block_puts=0 deleted=0
checkpoint_phase lsn=21100 phase=value_index_schedule slot=0 started_ns=1790174750180847000 ended_ns=1790174750180852750 elapsed_us=5 block_gets=0 block_puts=0 deleted=0
checkpoint_phase lsn=21100 phase=value_index_schedule slot=0 started_ns=1790174750181294000 ended_ns=1790174750181524667 elapsed_us=230 block_gets=0 block_puts=0 deleted=0
checkpoint_phase lsn=21100 phase=value_index_write slot=0 started_ns=1790174750182194000 ended_ns=1790174750182195583 elapsed_us=1 block_gets=0 block_puts=0 deleted=0
checkpoint_phase lsn=21100 phase=value_index_write slot=0 started_ns=1790174750182258000 ended_ns=1790174750182389833 elapsed_us=131 block_gets=0 block_puts=0 deleted=0
checkpoint_phase lsn=21100 phase=value_index_write slot=0 started_ns=1790174750182456000 ended_ns=1790174750182578417 elapsed_us=122 block_gets=0 block_puts=0 deleted=0
checkpoint_phase lsn=21104 phase=value_index_schedule slot=0 started_ns=1790174750199985000 ended_ns=1790174750199990708 elapsed_us=5 block_gets=0 block_puts=0 deleted=0
checkpoint_phase lsn=21108 phase=value_index_schedule slot=0 started_ns=1790174750211655000 ended_ns=1790174750211659375 elapsed_us=4 block_gets=0 block_puts=0 deleted=0
checkpoint_phase lsn=21108 phase=value_index_schedule slot=0 started_ns=1790174750212029000 ended_ns=1790174750212261792 elapsed_us=232 block_gets=0 block_puts=0 deleted=0
checkpoint_phase lsn=21112 phase=value_index_schedule slot=0 started_ns=1790174750221755000 ended_ns=1790174750221760375 elapsed_us=5 block_gets=0 block_puts=0 deleted=0
checkpoint_phase lsn=21112 phase=value_index_schedule slot=0 started_ns=1790174750221832000 ended_ns=1790174750222079459 elapsed_us=247 block_gets=0 block_puts=0 deleted=0
checkpoint_phase lsn=21116 phase=value_index_schedule slot=0 started_ns=1790174750232438000 ended_ns=1790174750232443666 elapsed_us=5 block_gets=0 block_puts=0 deleted=0
checkpoint_phase lsn=21116 phase=value_index_schedule slot=0 started_ns=1790174750232515000 ended_ns=1790174750232763000 elapsed_us=248 block_gets=0 block_puts=0 deleted=0
checkpoint_phase lsn=21116 phase=value_index_write slot=0 started_ns=1790174750232824000 ended_ns=1790174750232825709 elapsed_us=1 block_gets=0 block_puts=0 deleted=0
checkpoint_phase lsn=21116 phase=value_index_write slot=0 started_ns=1790174750232874000 ended_ns=1790174750233002375 elapsed_us=128 block_gets=0 block_puts=0 deleted=0
checkpoint_phase lsn=21116 phase=value_index_write slot=0 started_ns=1790174750233054000 ended_ns=1790174750233177792 elapsed_us=123 block_gets=0 block_puts=0 deleted=0
checkpoint_phase lsn=21116 phase=value_index_write slot=0 started_ns=1790174750233232000 ended_ns=1790174750233355125 elapsed_us=123 block_gets=0 block_puts=0 deleted=0
checkpoint_phase lsn=21116 phase=value_index_write slot=0 started_ns=1790174750233838000 ended_ns=1790174750233959459 elapsed_us=121 block_gets=0 block_puts=0 deleted=0
checkpoint_phase lsn=21124 phase=value_index_schedule slot=0 started_ns=1790174750247778000 ended_ns=1790174750247783791 elapsed_us=5 block_gets=0 block_puts=0 deleted=0
checkpoint_phase lsn=21124 phase=value_index_schedule slot=0 started_ns=1790174750247845000 ended_ns=1790174750248088750 elapsed_us=243 block_gets=0 block_puts=0 deleted=0
checkpoint_phase lsn=21124 phase=value_index_write slot=0 started_ns=1790174750248374000 ended_ns=1790174750248375291 elapsed_us=1 block_gets=0 block_puts=0 deleted=0
checkpoint_phase lsn=21124 phase=value_index_write slot=0 started_ns=1790174750248921000 ended_ns=1790174750249053459 elapsed_us=132 block_gets=0 block_puts=0 deleted=0
checkpoint_phase lsn=21124 phase=value_index_write slot=0 started_ns=1790174750249809000 ended_ns=1790174750249930333 elapsed_us=121 block_gets=0 block_puts=0 deleted=0
checkpoint_phase lsn=21124 phase=value_index_write slot=0 started_ns=1790174750249989000 ended_ns=1790174750250116167 elapsed_us=127 block_gets=0 block_puts=0 deleted=0
checkpoint_phase lsn=21132 phase=value_index_schedule slot=0 started_ns=1790174750264948000 ended_ns=1790174750264953834 elapsed_us=5 block_gets=0 block_puts=0 deleted=0
checkpoint_phase lsn=21132 phase=value_index_schedule slot=0 started_ns=1790174750265029000 ended_ns=1790174750265281083 elapsed_us=252 block_gets=0 block_puts=0 deleted=0
checkpoint_phase lsn=21132 phase=value_index_write slot=0 started_ns=1790174750266153000 ended_ns=1790174750266155083 elapsed_us=2 block_gets=0 block_puts=0 deleted=0
checkpoint_phase lsn=21132 phase=value_index_write slot=0 started_ns=1790174750266217000 ended_ns=1790174750266346292 elapsed_us=129 block_gets=0 block_puts=0 deleted=0
checkpoint_phase lsn=21132 phase=value_index_write slot=0 started_ns=1790174750266406000 ended_ns=1790174750266531833 elapsed_us=125 block_gets=0 block_puts=0 deleted=0
checkpoint_phase lsn=21140 phase=value_index_schedule slot=0 started_ns=1790174750287379000 ended_ns=1790174750287384292 elapsed_us=5 block_gets=0 block_puts=0 deleted=0
checkpoint_phase lsn=21140 phase=value_index_schedule slot=0 started_ns=1790174750287450000 ended_ns=1790174750287707459 elapsed_us=257 block_gets=0 block_puts=0 deleted=0
checkpoint_phase lsn=21140 phase=value_index_write slot=0 started_ns=1790174750288602000 ended_ns=1790174750288603834 elapsed_us=1 block_gets=0 block_puts=0 deleted=0
checkpoint_phase lsn=21140 phase=value_index_write slot=0 started_ns=1790174750288666000 ended_ns=1790174750288795584 elapsed_us=129 block_gets=0 block_puts=0 deleted=0
checkpoint_phase lsn=21140 phase=value_index_write slot=0 started_ns=1790174750288861000 ended_ns=1790174750288984750 elapsed_us=123 block_gets=0 block_puts=0 deleted=0
checkpoint_phase lsn=21140 phase=value_index_write slot=0 started_ns=1790174750289765000 ended_ns=1790174750289893750 elapsed_us=128 block_gets=0 block_puts=0 deleted=0
checkpoint_phase lsn=21140 phase=value_index_write slot=0 started_ns=1790174750289953000 ended_ns=1790174750290085084 elapsed_us=132 block_gets=0 block_puts=0 deleted=0
checkpoint_phase lsn=21148 phase=value_index_schedule slot=0 started_ns=1790174750324312000 ended_ns=1790174750324317750 elapsed_us=5 block_gets=0 block_puts=0 deleted=0
checkpoint_phase lsn=21148 phase=value_index_schedule slot=0 started_ns=1790174750324372000 ended_ns=1790174750324619459 elapsed_us=247 block_gets=0 block_puts=0 deleted=0
checkpoint_phase lsn=21148 phase=value_index_write slot=0 started_ns=1790174750325463000 ended_ns=1790174750325464417 elapsed_us=1 block_gets=0 block_puts=0 deleted=0
checkpoint_phase lsn=21148 phase=value_index_write slot=0 started_ns=1790174750325518000 ended_ns=1790174750325646334 elapsed_us=128 block_gets=0 block_puts=0 deleted=0
checkpoint_phase lsn=21148 phase=value_index_write slot=0 started_ns=1790174750325849000 ended_ns=1790174750325968583 elapsed_us=119 block_gets=0 block_puts=0 deleted=0
checkpoint_phase lsn=21156 phase=value_index_schedule slot=0 started_ns=1790174750346052000 ended_ns=1790174750346058209 elapsed_us=6 block_gets=0 block_puts=0 deleted=0
checkpoint_phase lsn=21156 phase=value_index_schedule slot=0 started_ns=1790174750346129000 ended_ns=1790174750346380667 elapsed_us=251 block_gets=0 block_puts=0 deleted=0
checkpoint_phase lsn=21156 phase=value_index_write slot=0 started_ns=1790174750347170000 ended_ns=1790174750347171292 elapsed_us=1 block_gets=0 block_puts=0 deleted=0
checkpoint_phase lsn=21156 phase=value_index_write slot=0 started_ns=1790174750347236000 ended_ns=1790174750347362917 elapsed_us=126 block_gets=0 block_puts=0 deleted=0
checkpoint_phase lsn=21156 phase=value_index_write slot=0 started_ns=1790174750347413000 ended_ns=1790174750347533042 elapsed_us=120 block_gets=0 block_puts=0 deleted=0
checkpoint_phase lsn=21160 phase=value_index_schedule slot=0 started_ns=1790174750358923000 ended_ns=1790174750358928333 elapsed_us=5 block_gets=0 block_puts=0 deleted=0
checkpoint_phase lsn=21160 phase=value_index_schedule slot=0 started_ns=1790174750359001000 ended_ns=1790174750359259583 elapsed_us=258 block_gets=0 block_puts=0 deleted=0
checkpoint_phase lsn=21164 phase=value_index_schedule slot=0 started_ns=1790174750370205000 ended_ns=1790174750370211250 elapsed_us=6 block_gets=0 block_puts=0 deleted=0
checkpoint_phase lsn=21164 phase=value_index_schedule slot=0 started_ns=1790174750370279000 ended_ns=1790174750370535708 elapsed_us=256 block_gets=0 block_puts=0 deleted=0
checkpoint_phase lsn=21164 phase=value_index_write slot=0 started_ns=1790174750371007000 ended_ns=1790174750371008375 elapsed_us=1 block_gets=0 block_puts=0 deleted=0
checkpoint_phase lsn=21164 phase=value_index_write slot=0 started_ns=1790174750371361000 ended_ns=1790174750371491083 elapsed_us=130 block_gets=0 block_puts=0 deleted=0
checkpoint_phase lsn=21172 phase=value_index_schedule slot=0 started_ns=1790174750386854000 ended_ns=1790174750386859708 elapsed_us=5 block_gets=0 block_puts=0 deleted=0
checkpoint_phase lsn=21172 phase=value_index_schedule slot=0 started_ns=1790174750386922000 ended_ns=1790174750387180625 elapsed_us=258 block_gets=0 block_puts=0 deleted=0
checkpoint_phase lsn=21172 phase=value_index_write slot=0 started_ns=1790174750387956000 ended_ns=1790174750387957458 elapsed_us=1 block_gets=0 block_puts=0 deleted=0
checkpoint_phase lsn=21172 phase=value_index_write slot=0 started_ns=1790174750388013000 ended_ns=1790174750388140166 elapsed_us=127 block_gets=0 block_puts=0 deleted=0
checkpoint_phase lsn=21172 phase=value_index_write slot=0 started_ns=1790174750388199000 ended_ns=1790174750388324458 elapsed_us=125 block_gets=0 block_puts=0 deleted=0
checkpoint_phase lsn=21172 phase=value_index_write slot=0 started_ns=1790174750388776000 ended_ns=1790174750388896625 elapsed_us=120 block_gets=0 block_puts=0 deleted=0
checkpoint_phase lsn=21180 phase=value_index_schedule slot=0 started_ns=1790174750405139000 ended_ns=1790174750405144500 elapsed_us=5 block_gets=0 block_puts=0 deleted=0
checkpoint_phase lsn=21180 phase=value_index_schedule slot=0 started_ns=1790174750405216000 ended_ns=1790174750405472541 elapsed_us=256 block_gets=0 block_puts=0 deleted=0
checkpoint_phase lsn=21180 phase=value_index_write slot=0 started_ns=1790174750406313000 ended_ns=1790174750406314750 elapsed_us=1 block_gets=0 block_puts=0 deleted=0
checkpoint_phase lsn=21180 phase=value_index_write slot=0 started_ns=1790174750406381000 ended_ns=1790174750406508166 elapsed_us=127 block_gets=0 block_puts=0 deleted=0
checkpoint_phase lsn=21180 phase=value_index_write slot=0 started_ns=1790174750406570000 ended_ns=1790174750406694541 elapsed_us=124 block_gets=0 block_puts=0 deleted=0
checkpoint_phase lsn=21184 phase=value_index_schedule slot=0 started_ns=1790174750420188000 ended_ns=1790174750420192959 elapsed_us=4 block_gets=0 block_puts=0 deleted=0
checkpoint_phase lsn=21184 phase=value_index_schedule slot=0 started_ns=1790174750420735000 ended_ns=1790174750420989541 elapsed_us=254 block_gets=0 block_puts=0 deleted=0
checkpoint_phase lsn=21188 phase=value_index_schedule slot=0 started_ns=1790174750433785000 ended_ns=1790174750433790375 elapsed_us=5 block_gets=0 block_puts=0 deleted=0
checkpoint_phase lsn=21188 phase=value_index_schedule slot=0 started_ns=1790174750433856000 ended_ns=1790174750434116875 elapsed_us=260 block_gets=0 block_puts=0 deleted=0
checkpoint_phase lsn=21196 phase=value_index_schedule slot=0 started_ns=1790174750479649000 ended_ns=1790174750479655209 elapsed_us=6 block_gets=0 block_puts=0 deleted=0
checkpoint_phase lsn=21196 phase=value_index_schedule slot=0 started_ns=1790174750480133000 ended_ns=1790174750480401625 elapsed_us=268 block_gets=0 block_puts=0 deleted=0
checkpoint_phase lsn=21196 phase=value_index_write slot=0 started_ns=1790174750480643000 ended_ns=1790174750480644458 elapsed_us=1 block_gets=0 block_puts=0 deleted=0
checkpoint_phase lsn=21196 phase=value_index_write slot=0 started_ns=1790174750480706000 ended_ns=1790174750480834500 elapsed_us=128 block_gets=0 block_puts=0 deleted=0
checkpoint_phase lsn=21196 phase=value_index_write slot=0 started_ns=1790174750481255000 ended_ns=1790174750481370166 elapsed_us=115 block_gets=0 block_puts=0 deleted=0
checkpoint_phase lsn=21200 phase=value_index_schedule slot=0 started_ns=1790174750493134000 ended_ns=1790174750493139333 elapsed_us=5 block_gets=0 block_puts=0 deleted=0
checkpoint_phase lsn=21200 phase=value_index_schedule slot=0 started_ns=1790174750493209000 ended_ns=1790174750493472667 elapsed_us=263 block_gets=0 block_puts=0 deleted=0
checkpoint_phase lsn=21200 phase=value_index_write slot=0 started_ns=1790174750494280000 ended_ns=1790174750494281833 elapsed_us=1 block_gets=0 block_puts=0 deleted=0
checkpoint_phase lsn=21200 phase=value_index_write slot=0 started_ns=1790174750494347000 ended_ns=1790174750494479833 elapsed_us=132 block_gets=0 block_puts=0 deleted=0
checkpoint_phase lsn=21200 phase=value_index_write slot=0 started_ns=1790174750494545000 ended_ns=1790174750494668375 elapsed_us=123 block_gets=0 block_puts=0 deleted=0
checkpoint_phase lsn=21208 phase=value_index_schedule slot=0 started_ns=1790174750509018000 ended_ns=1790174750509023750 elapsed_us=5 block_gets=0 block_puts=0 deleted=0
checkpoint_phase lsn=21208 phase=value_index_schedule slot=0 started_ns=1790174750509086000 ended_ns=1790174750509352208 elapsed_us=266 block_gets=0 block_puts=0 deleted=0
checkpoint_phase lsn=21212 phase=value_index_schedule slot=0 started_ns=1790174750519839000 ended_ns=1790174750519844250 elapsed_us=5 block_gets=0 block_puts=0 deleted=0
checkpoint_phase lsn=21212 phase=value_index_schedule slot=0 started_ns=1790174750519919000 ended_ns=1790174750520186291 elapsed_us=267 block_gets=0 block_puts=0 deleted=0
checkpoint_phase lsn=21212 phase=value_index_write slot=0 started_ns=1790174750521000000 ended_ns=1790174750521001834 elapsed_us=1 block_gets=0 block_puts=0 deleted=0
checkpoint_phase lsn=21212 phase=value_index_write slot=0 started_ns=1790174750521065000 ended_ns=1790174750521198416 elapsed_us=133 block_gets=0 block_puts=0 deleted=0
checkpoint_phase lsn=21212 phase=value_index_write slot=0 started_ns=1790174750521614000 ended_ns=1790174750521738709 elapsed_us=124 block_gets=0 block_puts=0 deleted=0
checkpoint_phase lsn=21216 phase=value_index_schedule slot=0 started_ns=1790174750531522000 ended_ns=1790174750531527291 elapsed_us=5 block_gets=0 block_puts=0 deleted=0
checkpoint_phase lsn=21216 phase=value_index_schedule slot=0 started_ns=1790174750531582000 ended_ns=1790174750531848333 elapsed_us=266 block_gets=0 block_puts=0 deleted=0
checkpoint_phase lsn=21220 phase=value_index_schedule slot=0 started_ns=1790174750543335000 ended_ns=1790174750543340667 elapsed_us=5 block_gets=0 block_puts=0 deleted=0
checkpoint_phase lsn=21220 phase=value_index_schedule slot=0 started_ns=1790174750543406000 ended_ns=1790174750543669042 elapsed_us=263 block_gets=0 block_puts=0 deleted=0
checkpoint_phase lsn=21228 phase=value_index_schedule slot=0 started_ns=1790174750558317000 ended_ns=1790174750558323250 elapsed_us=6 block_gets=0 block_puts=0 deleted=0
checkpoint_phase lsn=21228 phase=value_index_schedule slot=0 started_ns=1790174750558395000 ended_ns=1790174750558667667 elapsed_us=272 block_gets=0 block_puts=0 deleted=0
checkpoint_phase lsn=21228 phase=value_index_write slot=0 started_ns=1790174750559164000 ended_ns=1790174750559165500 elapsed_us=1 block_gets=0 block_puts=0 deleted=0
checkpoint_phase lsn=21228 phase=value_index_write slot=0 started_ns=1790174750559525000 ended_ns=1790174750559654125 elapsed_us=129 block_gets=0 block_puts=0 deleted=0
checkpoint_phase lsn=21228 phase=value_index_write slot=0 started_ns=1790174750560323000 ended_ns=1790174750560446208 elapsed_us=123 block_gets=0 block_puts=0 deleted=0
checkpoint_phase lsn=21228 phase=value_index_write slot=0 started_ns=1790174750560499000 ended_ns=1790174750560621208 elapsed_us=122 block_gets=0 block_puts=0 deleted=0
checkpoint_phase lsn=21232 phase=value_index_schedule slot=0 started_ns=1790174750570562000 ended_ns=1790174750570567708 elapsed_us=5 block_gets=0 block_puts=0 deleted=0
checkpoint_phase lsn=21232 phase=value_index_schedule slot=0 started_ns=1790174750570627000 ended_ns=1790174750570899125 elapsed_us=272 block_gets=0 block_puts=0 deleted=0
checkpoint_phase lsn=21232 phase=value_index_write slot=0 started_ns=1790174750570951000 ended_ns=1790174750570952541 elapsed_us=1 block_gets=0 block_puts=0 deleted=0
checkpoint_phase lsn=21232 phase=value_index_write slot=0 started_ns=1790174750570997000 ended_ns=1790174750571122958 elapsed_us=125 block_gets=0 block_puts=0 deleted=0
checkpoint_phase lsn=21232 phase=value_index_write slot=0 started_ns=1790174750571167000 ended_ns=1790174750571285583 elapsed_us=118 block_gets=0 block_puts=0 deleted=0
checkpoint_phase lsn=21232 phase=value_index_write slot=0 started_ns=1790174750571336000 ended_ns=1790174750571454792 elapsed_us=118 block_gets=0 block_puts=0 deleted=0
checkpoint_phase lsn=21232 phase=value_index_write slot=0 started_ns=1790174750571511000 ended_ns=1790174750571635333 elapsed_us=124 block_gets=0 block_puts=0 deleted=0
checkpoint_phase lsn=21232 phase=value_index_write slot=0 started_ns=1790174750571700000 ended_ns=1790174750571809166 elapsed_us=109 block_gets=0 block_puts=0 deleted=0
checkpoint_phase lsn=21232 phase=value_index_write slot=0 started_ns=1790174750572124000 ended_ns=1790174750584332541 elapsed_us=12208 block_gets=0 block_puts=1 deleted=0
checkpoint_phase lsn=21236 phase=value_index_schedule slot=0 started_ns=1790174750603612000 ended_ns=1790174750603618167 elapsed_us=6 block_gets=0 block_puts=0 deleted=0
checkpoint_phase lsn=21236 phase=value_index_schedule slot=0 started_ns=1790174750603690000 ended_ns=1790174750603970333 elapsed_us=280 block_gets=0 block_puts=0 deleted=0
checkpoint_phase lsn=21236 phase=value_index_write slot=0 started_ns=1790174750604037000 ended_ns=1790174750604038708 elapsed_us=1 block_gets=0 block_puts=0 deleted=0
checkpoint_phase lsn=21236 phase=value_index_write slot=0 started_ns=1790174750604091000 ended_ns=1790174750604219125 elapsed_us=128 block_gets=0 block_puts=0 deleted=0
checkpoint_phase lsn=21236 phase=value_index_write slot=0 started_ns=1790174750604264000 ended_ns=1790174750604384500 elapsed_us=120 block_gets=0 block_puts=0 deleted=0
checkpoint_phase lsn=21236 phase=value_index_write slot=0 started_ns=1790174750604430000 ended_ns=1790174750604549792 elapsed_us=119 block_gets=0 block_puts=0 deleted=0
checkpoint_phase lsn=21236 phase=value_index_write slot=0 started_ns=1790174750604597000 ended_ns=1790174750604716750 elapsed_us=119 block_gets=0 block_puts=0 deleted=0
checkpoint_phase lsn=21236 phase=value_index_write slot=0 started_ns=1790174750604777000 ended_ns=1790174750604886500 elapsed_us=109 block_gets=0 block_puts=0 deleted=0
checkpoint_phase lsn=21244 phase=value_index_schedule slot=0 started_ns=1790174750635473000 ended_ns=1790174750635479042 elapsed_us=6 block_gets=0 block_puts=0 deleted=0
checkpoint_phase lsn=21244 phase=value_index_schedule slot=0 started_ns=1790174750635785000 ended_ns=1790174750636059916 elapsed_us=274 block_gets=0 block_puts=0 deleted=0
checkpoint_phase lsn=21244 phase=value_index_write slot=0 started_ns=1790174750636796000 ended_ns=1790174750636797458 elapsed_us=1 block_gets=0 block_puts=0 deleted=0
checkpoint_phase lsn=21244 phase=value_index_write slot=0 started_ns=1790174750636866000 ended_ns=1790174750636996666 elapsed_us=130 block_gets=0 block_puts=0 deleted=0
checkpoint_phase lsn=21244 phase=value_index_write slot=0 started_ns=1790174750637278000 ended_ns=1790174750637399208 elapsed_us=121 block_gets=0 block_puts=0 deleted=0
checkpoint_phase lsn=21248 phase=value_index_schedule slot=0 started_ns=1790174750648985000 ended_ns=1790174750648990750 elapsed_us=5 block_gets=0 block_puts=0 deleted=0
checkpoint_phase lsn=21248 phase=value_index_schedule slot=0 started_ns=1790174750649059000 ended_ns=1790174750649337667 elapsed_us=278 block_gets=0 block_puts=0 deleted=0
checkpoint_phase lsn=21248 phase=value_index_write slot=0 started_ns=1790174750649407000 ended_ns=1790174750649408917 elapsed_us=1 block_gets=0 block_puts=0 deleted=0
checkpoint_phase lsn=21248 phase=value_index_write slot=0 started_ns=1790174750649473000 ended_ns=1790174750649601625 elapsed_us=128 block_gets=0 block_puts=0 deleted=0
checkpoint_phase lsn=21248 phase=value_index_write slot=0 started_ns=1790174750650385000 ended_ns=1790174750650507792 elapsed_us=122 block_gets=0 block_puts=0 deleted=0
checkpoint_phase lsn=21248 phase=value_index_write slot=0 started_ns=1790174750650576000 ended_ns=1790174750650703083 elapsed_us=127 block_gets=0 block_puts=0 deleted=0
checkpoint_phase lsn=21260 phase=value_index_schedule slot=0 started_ns=1790174750680687000 ended_ns=1790174750680692709 elapsed_us=5 block_gets=0 block_puts=0 deleted=0
checkpoint_phase lsn=21260 phase=value_index_schedule slot=0 started_ns=1790174750681338000 ended_ns=1790174750681614458 elapsed_us=276 block_gets=0 block_puts=0 deleted=0
checkpoint_phase lsn=21260 phase=value_index_write slot=0 started_ns=1790174750682306000 ended_ns=1790174750682307959 elapsed_us=1 block_gets=0 block_puts=0 deleted=0
checkpoint_phase lsn=21260 phase=value_index_write slot=0 started_ns=1790174750682374000 ended_ns=1790174750682504750 elapsed_us=130 block_gets=0 block_puts=0 deleted=0
checkpoint_phase lsn=21260 phase=value_index_write slot=0 started_ns=1790174750682564000 ended_ns=1790174750682685083 elapsed_us=121 block_gets=0 block_puts=0 deleted=0
checkpoint_phase lsn=21264 phase=value_index_schedule slot=0 started_ns=1790174750691608000 ended_ns=1790174750691613833 elapsed_us=5 block_gets=0 block_puts=0 deleted=0
checkpoint_phase lsn=21264 phase=value_index_schedule slot=0 started_ns=1790174750691767000 ended_ns=1790174750692400083 elapsed_us=633 block_gets=0 block_puts=0 deleted=0
checkpoint_phase lsn=21264 phase=value_index_write slot=0 started_ns=1790174750692517000 ended_ns=1790174750692519125 elapsed_us=2 block_gets=0 block_puts=0 deleted=0
checkpoint_phase lsn=21264 phase=value_index_write slot=0 started_ns=1790174750692584000 ended_ns=1790174750692716792 elapsed_us=132 block_gets=0 block_puts=0 deleted=0
checkpoint_phase lsn=21264 phase=value_index_write slot=0 started_ns=1790174750693029000 ended_ns=1790174750693149708 elapsed_us=120 block_gets=0 block_puts=0 deleted=0
checkpoint_phase lsn=21264 phase=value_index_write slot=0 started_ns=1790174750693199000 ended_ns=1790174750693319625 elapsed_us=120 block_gets=0 block_puts=0 deleted=0
checkpoint_phase lsn=21264 phase=value_index_write slot=0 started_ns=1790174750693369000 ended_ns=1790174750693488750 elapsed_us=119 block_gets=0 block_puts=0 deleted=0
checkpoint_phase lsn=21264 phase=value_index_write slot=0 started_ns=1790174750693538000 ended_ns=1790174750693654167 elapsed_us=116 block_gets=0 block_puts=0 deleted=0
checkpoint_phase lsn=21264 phase=value_index_write slot=0 started_ns=1790174750693708000 ended_ns=1790174750704501666 elapsed_us=10793 block_gets=0 block_puts=1 deleted=0
checkpoint_phase lsn=21264 phase=value_index_write slot=0 started_ns=1790174750705345000 ended_ns=1790174750705415625 elapsed_us=70 block_gets=0 block_puts=0 deleted=0
checkpoint_phase lsn=21264 phase=value_index_write slot=0 started_ns=1790174750705472000 ended_ns=1790174750705541750 elapsed_us=69 block_gets=0 block_puts=0 deleted=0
checkpoint_phase lsn=21264 phase=value_index_write slot=0 started_ns=1790174750705600000 ended_ns=1790174750705673792 elapsed_us=73 block_gets=0 block_puts=0 deleted=0
checkpoint_phase lsn=21264 phase=value_index_write slot=0 started_ns=1790174750705962000 ended_ns=1790174750709613000 elapsed_us=3651 block_gets=0 block_puts=1 deleted=0
checkpoint_phase lsn=21272 phase=value_index_schedule slot=0 started_ns=1790174750724124000 ended_ns=1790174750724130166 elapsed_us=6 block_gets=0 block_puts=0 deleted=0
checkpoint_phase lsn=21272 phase=value_index_schedule slot=0 started_ns=1790174750724200000 ended_ns=1790174750724489125 elapsed_us=289 block_gets=0 block_puts=0 deleted=0
checkpoint_phase lsn=21280 phase=value_index_schedule slot=0 started_ns=1790174750749559000 ended_ns=1790174750749564125 elapsed_us=5 block_gets=0 block_puts=0 deleted=0
checkpoint_phase lsn=21280 phase=value_index_schedule slot=0 started_ns=1790174750749639000 ended_ns=1790174750749924041 elapsed_us=285 block_gets=0 block_puts=0 deleted=0
checkpoint_phase lsn=21280 phase=value_index_write slot=0 started_ns=1790174750750674000 ended_ns=1790174750750675750 elapsed_us=1 block_gets=0 block_puts=0 deleted=0
checkpoint_phase lsn=21280 phase=value_index_write slot=0 started_ns=1790174750750734000 ended_ns=1790174750750871292 elapsed_us=137 block_gets=0 block_puts=0 deleted=0
checkpoint_phase lsn=21280 phase=value_index_write slot=0 started_ns=1790174750750924000 ended_ns=1790174750751049334 elapsed_us=125 block_gets=0 block_puts=0 deleted=0
checkpoint_phase lsn=21280 phase=value_index_write slot=0 started_ns=1790174750751855000 ended_ns=1790174750751975458 elapsed_us=120 block_gets=0 block_puts=0 deleted=0
checkpoint_phase lsn=21280 phase=value_index_write slot=0 started_ns=1790174750752032000 ended_ns=1790174750752155709 elapsed_us=123 block_gets=0 block_puts=0 deleted=0
checkpoint_phase lsn=21280 phase=value_index_write slot=0 started_ns=1790174750752378000 ended_ns=1790174750752499917 elapsed_us=121 block_gets=0 block_puts=0 deleted=0
checkpoint_phase lsn=21280 phase=value_index_write slot=0 started_ns=1790174750752545000 ended_ns=1790174750772575250 elapsed_us=20030 block_gets=0 block_puts=1 deleted=0
checkpoint_phase lsn=21280 phase=value_index_write slot=0 started_ns=1790174750773429000 ended_ns=1790174750773499833 elapsed_us=70 block_gets=0 block_puts=0 deleted=0
checkpoint_phase lsn=21280 phase=value_index_write slot=0 started_ns=1790174750773567000 ended_ns=1790174750773645541 elapsed_us=78 block_gets=0 block_puts=0 deleted=0
checkpoint_phase lsn=21280 phase=value_index_write slot=0 started_ns=1790174750773712000 ended_ns=1790174750773782459 elapsed_us=70 block_gets=0 block_puts=0 deleted=0
checkpoint_phase lsn=21292 phase=value_index_schedule slot=0 started_ns=1790174750812121000 ended_ns=1790174750812127542 elapsed_us=6 block_gets=0 block_puts=0 deleted=0
checkpoint_phase lsn=21292 phase=value_index_schedule slot=0 started_ns=1790174750812488000 ended_ns=1790174750812776750 elapsed_us=288 block_gets=0 block_puts=0 deleted=0
checkpoint_phase lsn=21296 phase=value_index_schedule slot=0 started_ns=1790174750827126000 ended_ns=1790174750827131458 elapsed_us=5 block_gets=0 block_puts=0 deleted=0
checkpoint_phase lsn=21296 phase=value_index_schedule slot=0 started_ns=1790174750827193000 ended_ns=1790174750827490708 elapsed_us=297 block_gets=0 block_puts=0 deleted=0
checkpoint_phase lsn=21296 phase=value_index_write slot=0 started_ns=1790174750828340000 ended_ns=1790174750828341834 elapsed_us=1 block_gets=0 block_puts=0 deleted=0
checkpoint_phase lsn=21296 phase=value_index_write slot=0 started_ns=1790174750828403000 ended_ns=1790174750828534375 elapsed_us=131 block_gets=0 block_puts=0 deleted=0
checkpoint_phase lsn=21296 phase=value_index_write slot=0 started_ns=1790174750828591000 ended_ns=1790174750828712750 elapsed_us=121 block_gets=0 block_puts=0 deleted=0
checkpoint_phase lsn=21296 phase=value_index_write slot=0 started_ns=1790174750829438000 ended_ns=1790174750829560667 elapsed_us=122 block_gets=0 block_puts=0 deleted=0
checkpoint_phase lsn=21296 phase=value_index_write slot=0 started_ns=1790174750829612000 ended_ns=1790174750829735417 elapsed_us=123 block_gets=0 block_puts=0 deleted=0
checkpoint_phase lsn=21296 phase=value_index_write slot=0 started_ns=1790174750829781000 ended_ns=1790174750829901792 elapsed_us=120 block_gets=0 block_puts=0 deleted=0
checkpoint_phase lsn=21296 phase=value_index_write slot=0 started_ns=1790174750829951000 ended_ns=1790174750840742750 elapsed_us=10791 block_gets=0 block_puts=1 deleted=0
checkpoint_phase lsn=21300 phase=value_index_schedule slot=0 started_ns=1790174750850497000 ended_ns=1790174750850503042 elapsed_us=6 block_gets=0 block_puts=0 deleted=0
checkpoint_phase lsn=21300 phase=value_index_schedule slot=0 started_ns=1790174750850559000 ended_ns=1790174750850860959 elapsed_us=301 block_gets=0 block_puts=0 deleted=0
checkpoint_phase lsn=21300 phase=value_index_write slot=0 started_ns=1790174750851187000 ended_ns=1790174750851188583 elapsed_us=1 block_gets=0 block_puts=0 deleted=0
checkpoint_phase lsn=21308 phase=value_index_schedule slot=0 started_ns=1790174750865927000 ended_ns=1790174750865932417 elapsed_us=5 block_gets=0 block_puts=0 deleted=0
checkpoint_phase lsn=21312 phase=value_index_schedule slot=0 started_ns=1790174750881324000 ended_ns=1790174750881329000 elapsed_us=5 block_gets=0 block_puts=0 deleted=0
checkpoint_phase lsn=21312 phase=value_index_schedule slot=0 started_ns=1790174750881854000 ended_ns=1790174750882158458 elapsed_us=304 block_gets=0 block_puts=0 deleted=0
checkpoint_phase lsn=21312 phase=value_index_write slot=0 started_ns=1790174750882839000 ended_ns=1790174750882840875 elapsed_us=1 block_gets=0 block_puts=0 deleted=0
checkpoint_phase lsn=21312 phase=value_index_write slot=0 started_ns=1790174750882900000 ended_ns=1790174750883029083 elapsed_us=129 block_gets=0 block_puts=0 deleted=0
checkpoint_phase lsn=21312 phase=value_index_write slot=0 started_ns=1790174750883090000 ended_ns=1790174750883218209 elapsed_us=128 block_gets=0 block_puts=0 deleted=0
checkpoint_phase lsn=21316 phase=value_index_schedule slot=0 started_ns=1790174750896471000 ended_ns=1790174750896477375 elapsed_us=6 block_gets=0 block_puts=0 deleted=0
checkpoint_phase lsn=21316 phase=value_index_schedule slot=0 started_ns=1790174750896546000 ended_ns=1790174750896860167 elapsed_us=314 block_gets=0 block_puts=0 deleted=0
checkpoint_phase lsn=21324 phase=value_index_schedule slot=0 started_ns=1790174750912862000 ended_ns=1790174750912868458 elapsed_us=6 block_gets=0 block_puts=0 deleted=0
checkpoint_phase lsn=21324 phase=value_index_schedule slot=0 started_ns=1790174750912938000 ended_ns=1790174750913237500 elapsed_us=299 block_gets=0 block_puts=0 deleted=0
checkpoint_phase lsn=21328 phase=value_index_schedule slot=0 started_ns=1790174750932417000 ended_ns=1790174750932423125 elapsed_us=6 block_gets=0 block_puts=0 deleted=0
checkpoint_phase lsn=21328 phase=value_index_schedule slot=0 started_ns=1790174750932488000 ended_ns=1790174750932781209 elapsed_us=293 block_gets=0 block_puts=0 deleted=0
checkpoint_phase lsn=21328 phase=value_index_write slot=0 started_ns=1790174750933563000 ended_ns=1790174750933564375 elapsed_us=1 block_gets=0 block_puts=0 deleted=0
checkpoint_phase lsn=21328 phase=value_index_write slot=0 started_ns=1790174750933613000 ended_ns=1790174750933741292 elapsed_us=128 block_gets=0 block_puts=0 deleted=0
checkpoint_phase lsn=21328 phase=value_index_write slot=0 started_ns=1790174750933802000 ended_ns=1790174750933938292 elapsed_us=136 block_gets=0 block_puts=0 deleted=0
checkpoint_phase lsn=21328 phase=value_index_write slot=0 started_ns=1790174750934349000 ended_ns=1790174750934473250 elapsed_us=124 block_gets=0 block_puts=0 deleted=0
checkpoint_phase lsn=21332 phase=value_index_schedule slot=0 started_ns=1790174750955941000 ended_ns=1790174750955946833 elapsed_us=5 block_gets=0 block_puts=0 deleted=0
checkpoint_phase lsn=21332 phase=value_index_schedule slot=0 started_ns=1790174750956026000 ended_ns=1790174750956325875 elapsed_us=299 block_gets=0 block_puts=0 deleted=0
checkpoint_phase lsn=21336 phase=value_index_schedule slot=0 started_ns=1790174750974934000 ended_ns=1790174750974939875 elapsed_us=5 block_gets=0 block_puts=0 deleted=0
checkpoint_phase lsn=21336 phase=value_index_schedule slot=0 started_ns=1790174750975001000 ended_ns=1790174750975303000 elapsed_us=302 block_gets=0 block_puts=0 deleted=0
checkpoint_phase lsn=21340 phase=value_index_schedule slot=0 started_ns=1790174750989820000 ended_ns=1790174750989825958 elapsed_us=5 block_gets=0 block_puts=0 deleted=0
checkpoint_phase lsn=21340 phase=value_index_schedule slot=0 started_ns=1790174750989894000 ended_ns=1790174750990194458 elapsed_us=300 block_gets=0 block_puts=0 deleted=0
checkpoint_phase lsn=21344 phase=value_index_schedule slot=0 started_ns=1790174751003796000 ended_ns=1790174751003801250 elapsed_us=5 block_gets=0 block_puts=0 deleted=0
checkpoint_phase lsn=21344 phase=value_index_schedule slot=0 started_ns=1790174751004012000 ended_ns=1790174751004319250 elapsed_us=307 block_gets=0 block_puts=0 deleted=0
checkpoint_phase lsn=21344 phase=value_index_write slot=0 started_ns=1790174751005032000 ended_ns=1790174751005033958 elapsed_us=1 block_gets=0 block_puts=0 deleted=0
checkpoint_phase lsn=21344 phase=value_index_write slot=0 started_ns=1790174751005098000 ended_ns=1790174751005230750 elapsed_us=132 block_gets=0 block_puts=0 deleted=0
checkpoint_phase lsn=21348 phase=value_index_schedule slot=0 started_ns=1790174751018098000 ended_ns=1790174751018103625 elapsed_us=5 block_gets=0 block_puts=0 deleted=0
checkpoint_phase lsn=21348 phase=value_index_schedule slot=0 started_ns=1790174751018328000 ended_ns=1790174751018627083 elapsed_us=299 block_gets=0 block_puts=0 deleted=0
checkpoint_phase lsn=21352 phase=value_index_schedule slot=0 started_ns=1790174751029139000 ended_ns=1790174751029144792 elapsed_us=5 block_gets=0 block_puts=0 deleted=0
checkpoint_phase lsn=21352 phase=value_index_schedule slot=0 started_ns=1790174751029205000 ended_ns=1790174751029504750 elapsed_us=299 block_gets=0 block_puts=0 deleted=0
checkpoint_phase lsn=21360 phase=value_index_schedule slot=0 started_ns=1790174751043530000 ended_ns=1790174751043535708 elapsed_us=5 block_gets=0 block_puts=0 deleted=0
checkpoint_phase lsn=21360 phase=value_index_schedule slot=0 started_ns=1790174751043610000 ended_ns=1790174751043914875 elapsed_us=304 block_gets=0 block_puts=0 deleted=0
checkpoint_phase lsn=21360 phase=value_index_write slot=0 started_ns=1790174751044711000 ended_ns=1790174751044712583 elapsed_us=1 block_gets=0 block_puts=0 deleted=0
checkpoint_phase lsn=21360 phase=value_index_write slot=0 started_ns=1790174751044772000 ended_ns=1790174751044904584 elapsed_us=132 block_gets=0 block_puts=0 deleted=0
checkpoint_phase lsn=21360 phase=value_index_write slot=0 started_ns=1790174751044957000 ended_ns=1790174751045079750 elapsed_us=122 block_gets=0 block_puts=0 deleted=0
checkpoint_phase lsn=21364 phase=value_index_schedule slot=0 started_ns=1790174751053478000 ended_ns=1790174751053484125 elapsed_us=6 block_gets=0 block_puts=0 deleted=0
checkpoint_phase lsn=21364 phase=value_index_schedule slot=0 started_ns=1790174751053550000 ended_ns=1790174751053861125 elapsed_us=311 block_gets=0 block_puts=0 deleted=0
checkpoint_phase lsn=21364 phase=value_index_write slot=0 started_ns=1790174751054664000 ended_ns=1790174751054665417 elapsed_us=1 block_gets=0 block_puts=0 deleted=0
checkpoint_phase lsn=21364 phase=value_index_write slot=0 started_ns=1790174751054723000 ended_ns=1790174751054853625 elapsed_us=130 block_gets=0 block_puts=0 deleted=0
checkpoint_phase lsn=21364 phase=value_index_write slot=0 started_ns=1790174751055100000 ended_ns=1790174751055224792 elapsed_us=124 block_gets=0 block_puts=0 deleted=0
checkpoint_phase lsn=21372 phase=value_index_schedule slot=0 started_ns=1790174751072277000 ended_ns=1790174751072282459 elapsed_us=5 block_gets=0 block_puts=0 deleted=0
checkpoint_phase lsn=21372 phase=value_index_schedule slot=0 started_ns=1790174751072347000 ended_ns=1790174751072712000 elapsed_us=365 block_gets=0 block_puts=0 deleted=0
checkpoint_phase lsn=21376 phase=value_index_schedule slot=0 started_ns=1790174751085931000 ended_ns=1790174751085936250 elapsed_us=5 block_gets=0 block_puts=0 deleted=0
checkpoint_phase lsn=21376 phase=value_index_schedule slot=0 started_ns=1790174751085995000 ended_ns=1790174751086305667 elapsed_us=310 block_gets=0 block_puts=0 deleted=0
checkpoint_phase lsn=21376 phase=value_index_write slot=0 started_ns=1790174751086593000 ended_ns=1790174751086594417 elapsed_us=1 block_gets=0 block_puts=0 deleted=0
checkpoint_phase lsn=21376 phase=value_index_write slot=0 started_ns=1790174751087121000 ended_ns=1790174751087252333 elapsed_us=131 block_gets=0 block_puts=0 deleted=0
checkpoint_phase lsn=21376 phase=value_index_write slot=0 started_ns=1790174751087444000 ended_ns=1790174751087569417 elapsed_us=125 block_gets=0 block_puts=0 deleted=0
checkpoint_phase lsn=21380 phase=value_index_schedule slot=0 started_ns=1790174751106170000 ended_ns=1790174751106175792 elapsed_us=5 block_gets=0 block_puts=0 deleted=0
checkpoint_phase lsn=21380 phase=value_index_schedule slot=0 started_ns=1790174751106240000 ended_ns=1790174751106544375 elapsed_us=304 block_gets=0 block_puts=0 deleted=0
checkpoint_phase lsn=21384 phase=value_index_schedule slot=0 started_ns=1790174751120248000 ended_ns=1790174751120253917 elapsed_us=5 block_gets=0 block_puts=0 deleted=0
checkpoint_phase lsn=21384 phase=value_index_schedule slot=0 started_ns=1790174751120319000 ended_ns=1790174751120627833 elapsed_us=308 block_gets=0 block_puts=0 deleted=0
checkpoint_phase lsn=21388 phase=value_index_schedule slot=0 started_ns=1790174751132824000 ended_ns=1790174751132829334 elapsed_us=5 block_gets=0 block_puts=0 deleted=0
checkpoint_phase lsn=21388 phase=value_index_schedule slot=0 started_ns=1790174751132891000 ended_ns=1790174751133202750 elapsed_us=311 block_gets=0 block_puts=0 deleted=0
checkpoint_phase lsn=21392 phase=value_index_schedule slot=0 started_ns=1790174751145876000 ended_ns=1790174751145881833 elapsed_us=5 block_gets=0 block_puts=0 deleted=0
checkpoint_phase lsn=21392 phase=value_index_schedule slot=0 started_ns=1790174751145953000 ended_ns=1790174751146274167 elapsed_us=321 block_gets=0 block_puts=0 deleted=0
checkpoint_phase lsn=21392 phase=value_index_write slot=0 started_ns=1790174751147084000 ended_ns=1790174751147085500 elapsed_us=1 block_gets=0 block_puts=0 deleted=0
checkpoint_phase lsn=21392 phase=value_index_write slot=0 started_ns=1790174751147150000 ended_ns=1790174751147281125 elapsed_us=131 block_gets=0 block_puts=0 deleted=0
checkpoint_phase lsn=21392 phase=value_index_write slot=0 started_ns=1790174751147528000 ended_ns=1790174751147650917 elapsed_us=122 block_gets=0 block_puts=0 deleted=0
checkpoint_phase lsn=21400 phase=value_index_schedule slot=0 started_ns=1790174751165206000 ended_ns=1790174751165212333 elapsed_us=6 block_gets=0 block_puts=0 deleted=0
checkpoint_phase lsn=21400 phase=value_index_schedule slot=0 started_ns=1790174751165875000 ended_ns=1790174751166193625 elapsed_us=318 block_gets=0 block_puts=0 deleted=0
checkpoint_phase lsn=21404 phase=value_index_schedule slot=0 started_ns=1790174751178369000 ended_ns=1790174751178374375 elapsed_us=5 block_gets=0 block_puts=0 deleted=0
checkpoint_phase lsn=21404 phase=value_index_schedule slot=0 started_ns=1790174751178443000 ended_ns=1790174751178766416 elapsed_us=323 block_gets=0 block_puts=0 deleted=0
checkpoint_phase lsn=21408 phase=value_index_schedule slot=0 started_ns=1790174751189023000 ended_ns=1790174751189028209 elapsed_us=5 block_gets=0 block_puts=0 deleted=0
checkpoint_phase lsn=21408 phase=value_index_schedule slot=0 started_ns=1790174751189096000 ended_ns=1790174751189416375 elapsed_us=320 block_gets=0 block_puts=0 deleted=0
checkpoint_phase lsn=21408 phase=value_index_write slot=0 started_ns=1790174751190196000 ended_ns=1790174751190197333 elapsed_us=1 block_gets=0 block_puts=0 deleted=0
checkpoint_phase lsn=21408 phase=value_index_write slot=0 started_ns=1790174751190261000 ended_ns=1790174751190392375 elapsed_us=131 block_gets=0 block_puts=0 deleted=0
checkpoint_phase lsn=21408 phase=value_index_write slot=0 started_ns=1790174751190456000 ended_ns=1790174751190580208 elapsed_us=124 block_gets=0 block_puts=0 deleted=0
checkpoint_phase lsn=21412 phase=value_index_schedule slot=0 started_ns=1790174751200259000 ended_ns=1790174751200264542 elapsed_us=5 block_gets=0 block_puts=0 deleted=0
checkpoint_phase lsn=21412 phase=value_index_schedule slot=0 started_ns=1790174751200339000 ended_ns=1790174751200659750 elapsed_us=320 block_gets=0 block_puts=0 deleted=0
checkpoint_phase lsn=21416 phase=value_index_schedule slot=0 started_ns=1790174751212329000 ended_ns=1790174751212334916 elapsed_us=5 block_gets=0 block_puts=0 deleted=0
checkpoint_phase lsn=21416 phase=value_index_schedule slot=0 started_ns=1790174751212403000 ended_ns=1790174751212722458 elapsed_us=319 block_gets=0 block_puts=0 deleted=0
checkpoint_phase lsn=21420 phase=value_index_schedule slot=0 started_ns=1790174751235462000 ended_ns=1790174751235468208 elapsed_us=6 block_gets=0 block_puts=0 deleted=0
checkpoint_phase lsn=21420 phase=value_index_schedule slot=0 started_ns=1790174751235532000 ended_ns=1790174751235859416 elapsed_us=327 block_gets=0 block_puts=0 deleted=0
checkpoint_phase lsn=21424 phase=value_index_schedule slot=0 started_ns=1790174751254082000 ended_ns=1790174751254088250 elapsed_us=6 block_gets=0 block_puts=0 deleted=0
checkpoint_phase lsn=21424 phase=value_index_schedule slot=0 started_ns=1790174751254147000 ended_ns=1790174751254466542 elapsed_us=319 block_gets=0 block_puts=0 deleted=0
checkpoint_phase lsn=21424 phase=value_index_write slot=0 started_ns=1790174751255225000 ended_ns=1790174751255226292 elapsed_us=1 block_gets=0 block_puts=0 deleted=0
checkpoint_phase lsn=21424 phase=value_index_write slot=0 started_ns=1790174751255282000 ended_ns=1790174751255410083 elapsed_us=128 block_gets=0 block_puts=0 deleted=0
checkpoint_phase lsn=21424 phase=value_index_write slot=0 started_ns=1790174751255464000 ended_ns=1790174751255588042 elapsed_us=124 block_gets=0 block_puts=0 deleted=0
checkpoint_phase lsn=21428 phase=value_index_schedule slot=0 started_ns=1790174751268696000 ended_ns=1790174751268700875 elapsed_us=4 block_gets=0 block_puts=0 deleted=0
checkpoint_phase lsn=21428 phase=value_index_schedule slot=0 started_ns=1790174751269067000 ended_ns=1790174751269376208 elapsed_us=309 block_gets=0 block_puts=0 deleted=0
checkpoint_phase lsn=21436 phase=value_index_schedule slot=0 started_ns=1790174751285947000 ended_ns=1790174751285953042 elapsed_us=6 block_gets=0 block_puts=0 deleted=0
checkpoint_phase lsn=21436 phase=value_index_schedule slot=0 started_ns=1790174751286025000 ended_ns=1790174751286346291 elapsed_us=321 block_gets=0 block_puts=0 deleted=0
checkpoint_phase lsn=21436 phase=value_index_write slot=0 started_ns=1790174751287110000 ended_ns=1790174751287111750 elapsed_us=1 block_gets=0 block_puts=0 deleted=0
checkpoint_phase lsn=21436 phase=value_index_write slot=0 started_ns=1790174751287176000 ended_ns=1790174751287311167 elapsed_us=135 block_gets=0 block_puts=0 deleted=0
checkpoint_phase lsn=21436 phase=value_index_write slot=0 started_ns=1790174751287592000 ended_ns=1790174751287713875 elapsed_us=121 block_gets=0 block_puts=0 deleted=0
checkpoint_phase lsn=21444 phase=value_index_schedule slot=0 started_ns=1790174751302875000 ended_ns=1790174751302880209 elapsed_us=5 block_gets=0 block_puts=0 deleted=0
checkpoint_phase lsn=21444 phase=value_index_schedule slot=0 started_ns=1790174751302947000 ended_ns=1790174751303282917 elapsed_us=335 block_gets=0 block_puts=0 deleted=0
checkpoint_phase lsn=21444 phase=value_index_write slot=0 started_ns=1790174751304097000 ended_ns=1790174751304098875 elapsed_us=1 block_gets=0 block_puts=0 deleted=0
checkpoint_phase lsn=21444 phase=value_index_write slot=0 started_ns=1790174751304157000 ended_ns=1790174751304287083 elapsed_us=130 block_gets=0 block_puts=0 deleted=0
checkpoint_phase lsn=21444 phase=value_index_write slot=0 started_ns=1790174751304648000 ended_ns=1790174751304774334 elapsed_us=126 block_gets=0 block_puts=0 deleted=0
checkpoint_phase lsn=21448 phase=value_index_schedule slot=0 started_ns=1790174751321573000 ended_ns=1790174751321577916 elapsed_us=4 block_gets=0 block_puts=0 deleted=0
checkpoint_phase lsn=21448 phase=value_index_schedule slot=0 started_ns=1790174751321649000 ended_ns=1790174751321987209 elapsed_us=338 block_gets=0 block_puts=0 deleted=0
checkpoint_phase lsn=21452 phase=value_index_schedule slot=0 started_ns=1790174751330998000 ended_ns=1790174751331003958 elapsed_us=5 block_gets=0 block_puts=0 deleted=0
checkpoint_phase lsn=21452 phase=value_index_schedule slot=0 started_ns=1790174751331067000 ended_ns=1790174751331393250 elapsed_us=326 block_gets=0 block_puts=0 deleted=0
checkpoint_phase lsn=21456 phase=value_index_schedule slot=0 started_ns=1790174751341750000 ended_ns=1790174751341755459 elapsed_us=5 block_gets=0 block_puts=0 deleted=0
checkpoint_phase lsn=21456 phase=value_index_schedule slot=0 started_ns=1790174751341824000 ended_ns=1790174751342168000 elapsed_us=344 block_gets=0 block_puts=0 deleted=0
checkpoint_phase lsn=21460 phase=value_index_schedule slot=0 started_ns=1790174751350684000 ended_ns=1790174751350689291 elapsed_us=5 block_gets=0 block_puts=0 deleted=0
checkpoint_phase lsn=21460 phase=value_index_schedule slot=0 started_ns=1790174751350756000 ended_ns=1790174751351082041 elapsed_us=326 block_gets=0 block_puts=0 deleted=0
checkpoint_phase lsn=21460 phase=value_index_write slot=0 started_ns=1790174751351845000 ended_ns=1790174751351846709 elapsed_us=1 block_gets=0 block_puts=0 deleted=0
checkpoint_phase lsn=21460 phase=value_index_write slot=0 started_ns=1790174751352234000 ended_ns=1790174751352365792 elapsed_us=131 block_gets=0 block_puts=0 deleted=0
checkpoint_phase lsn=21460 phase=value_index_write slot=0 started_ns=1790174751352621000 ended_ns=1790174751352746958 elapsed_us=125 block_gets=0 block_puts=0 deleted=0
checkpoint_phase lsn=21464 phase=value_index_schedule slot=0 started_ns=1790174751369831000 ended_ns=1790174751369837083 elapsed_us=6 block_gets=0 block_puts=0 deleted=0
checkpoint_phase lsn=21464 phase=value_index_schedule slot=0 started_ns=1790174751369907000 ended_ns=1790174751370241958 elapsed_us=334 block_gets=0 block_puts=0 deleted=0
checkpoint_phase lsn=21472 phase=value_index_schedule slot=0 started_ns=1790174751404308000 ended_ns=1790174751404313833 elapsed_us=5 block_gets=0 block_puts=0 deleted=0
checkpoint_phase lsn=21472 phase=value_index_schedule slot=0 started_ns=1790174751404772000 ended_ns=1790174751405108584 elapsed_us=336 block_gets=0 block_puts=0 deleted=0
checkpoint_phase lsn=21472 phase=value_index_write slot=0 started_ns=1790174751405827000 ended_ns=1790174751405830083 elapsed_us=3 block_gets=0 block_puts=0 deleted=0
checkpoint_phase lsn=21472 phase=value_index_write slot=0 started_ns=1790174751405900000 ended_ns=1790174751406044708 elapsed_us=144 block_gets=0 block_puts=0 deleted=0
checkpoint_phase lsn=21472 phase=value_index_write slot=0 started_ns=1790174751406103000 ended_ns=1790174751406232667 elapsed_us=129 block_gets=0 block_puts=0 deleted=0
checkpoint_phase lsn=21476 phase=value_index_schedule slot=0 started_ns=1790174751420631000 ended_ns=1790174751420636959 elapsed_us=5 block_gets=0 block_puts=0 deleted=0
checkpoint_phase lsn=21476 phase=value_index_schedule slot=0 started_ns=1790174751420713000 ended_ns=1790174751421061083 elapsed_us=348 block_gets=0 block_puts=0 deleted=0
checkpoint_phase lsn=21480 phase=value_index_schedule slot=0 started_ns=1790174751440055000 ended_ns=1790174751440061333 elapsed_us=6 block_gets=0 block_puts=0 deleted=0
checkpoint_phase lsn=21480 phase=value_index_schedule slot=0 started_ns=1790174751440123000 ended_ns=1790174751440461292 elapsed_us=338 block_gets=0 block_puts=0 deleted=0
checkpoint_phase lsn=21484 phase=value_index_schedule slot=0 started_ns=1790174751452958000 ended_ns=1790174751452963667 elapsed_us=5 block_gets=0 block_puts=0 deleted=0
checkpoint_phase lsn=21484 phase=value_index_schedule slot=0 started_ns=1790174751453032000 ended_ns=1790174751453382792 elapsed_us=350 block_gets=0 block_puts=0 deleted=0
checkpoint_phase lsn=21484 phase=value_index_write slot=0 started_ns=1790174751453688000 ended_ns=1790174751453689750 elapsed_us=1 block_gets=0 block_puts=0 deleted=0
checkpoint_phase lsn=21488 phase=value_index_schedule slot=0 started_ns=1790174751466928000 ended_ns=1790174751466933209 elapsed_us=5 block_gets=0 block_puts=0 deleted=0
checkpoint_phase lsn=21488 phase=value_index_schedule slot=0 started_ns=1790174751467006000 ended_ns=1790174751467359917 elapsed_us=353 block_gets=0 block_puts=0 deleted=0
checkpoint_phase lsn=21488 phase=value_index_write slot=0 started_ns=1790174751468141000 ended_ns=1790174751468143083 elapsed_us=2 block_gets=0 block_puts=0 deleted=0
checkpoint_phase lsn=21488 phase=value_index_write slot=0 started_ns=1790174751468201000 ended_ns=1790174751468331792 elapsed_us=130 block_gets=0 block_puts=0 deleted=0
checkpoint_phase lsn=21488 phase=value_index_write slot=0 started_ns=1790174751468546000 ended_ns=1790174751468668375 elapsed_us=122 block_gets=0 block_puts=0 deleted=0
checkpoint_phase lsn=21492 phase=value_index_schedule slot=0 started_ns=1790174751482736000 ended_ns=1790174751482742709 elapsed_us=6 block_gets=0 block_puts=0 deleted=0
checkpoint_phase lsn=21492 phase=value_index_schedule slot=0 started_ns=1790174751482804000 ended_ns=1790174751483194167 elapsed_us=390 block_gets=0 block_puts=0 deleted=0
checkpoint_phase lsn=21492 phase=value_index_write slot=0 started_ns=1790174751483499000 ended_ns=1790174751483501042 elapsed_us=2 block_gets=0 block_puts=0 deleted=0
checkpoint_phase lsn=21500 phase=value_index_schedule slot=0 started_ns=1790174751497697000 ended_ns=1790174751497702333 elapsed_us=5 block_gets=0 block_puts=0 deleted=0
checkpoint_phase lsn=21504 phase=value_index_schedule slot=0 started_ns=1790174751520859000 ended_ns=1790174751520864541 elapsed_us=5 block_gets=0 block_puts=0 deleted=0
checkpoint_phase lsn=21504 phase=value_index_schedule slot=0 started_ns=1790174751520931000 ended_ns=1790174751521265958 elapsed_us=334 block_gets=0 block_puts=0 deleted=0
checkpoint_phase lsn=21504 phase=value_index_write slot=0 started_ns=1790174751522031000 ended_ns=1790174751522032417 elapsed_us=1 block_gets=0 block_puts=0 deleted=0
checkpoint_phase lsn=21504 phase=value_index_write slot=0 started_ns=1790174751522083000 ended_ns=1790174751522216541 elapsed_us=133 block_gets=0 block_puts=0 deleted=0
checkpoint_phase lsn=21504 phase=value_index_write slot=0 started_ns=1790174751522269000 ended_ns=1790174751522392958 elapsed_us=123 block_gets=0 block_puts=0 deleted=0
checkpoint_phase lsn=21508 phase=value_index_schedule slot=0 started_ns=1790174751546528000 ended_ns=1790174751546533041 elapsed_us=5 block_gets=0 block_puts=0 deleted=0
checkpoint_phase lsn=21508 phase=value_index_schedule slot=0 started_ns=1790174751546591000 ended_ns=1790174751546927083 elapsed_us=336 block_gets=0 block_puts=0 deleted=0
checkpoint_phase lsn=21508 phase=value_index_write slot=0 started_ns=1790174751547670000 ended_ns=1790174751547671333 elapsed_us=1 block_gets=0 block_puts=0 deleted=0
checkpoint_phase lsn=21508 phase=value_index_write slot=0 started_ns=1790174751547731000 ended_ns=1790174751547861500 elapsed_us=130 block_gets=0 block_puts=0 deleted=0
checkpoint_phase lsn=21508 phase=value_index_write slot=0 started_ns=1790174751548243000 ended_ns=1790174751548368375 elapsed_us=125 block_gets=0 block_puts=0 deleted=0
checkpoint_phase lsn=21520 phase=value_index_schedule slot=0 started_ns=1790174751573461000 ended_ns=1790174751573467167 elapsed_us=6 block_gets=0 block_puts=0 deleted=0
checkpoint_phase lsn=21520 phase=value_index_schedule slot=0 started_ns=1790174751573537000 ended_ns=1790174751573900542 elapsed_us=363 block_gets=0 block_puts=0 deleted=0
checkpoint_phase lsn=21520 phase=value_index_write slot=0 started_ns=1790174751574720000 ended_ns=1790174751574722083 elapsed_us=2 block_gets=0 block_puts=0 deleted=0
checkpoint_phase lsn=21520 phase=value_index_write slot=0 started_ns=1790174751574784000 ended_ns=1790174751574915917 elapsed_us=131 block_gets=0 block_puts=0 deleted=0
checkpoint_phase lsn=21520 phase=value_index_write slot=0 started_ns=1790174751574979000 ended_ns=1790174751575105666 elapsed_us=126 block_gets=0 block_puts=0 deleted=0
checkpoint_phase lsn=21524 phase=value_index_schedule slot=0 started_ns=1790174751593030000 ended_ns=1790174751593035084 elapsed_us=5 block_gets=0 block_puts=0 deleted=0
checkpoint_phase lsn=21524 phase=value_index_schedule slot=0 started_ns=1790174751593443000 ended_ns=1790174751593788125 elapsed_us=345 block_gets=0 block_puts=0 deleted=0
checkpoint_phase lsn=21524 phase=value_index_write slot=0 started_ns=1790174751594473000 ended_ns=1790174751594474542 elapsed_us=1 block_gets=0 block_puts=0 deleted=0
checkpoint_phase lsn=21524 phase=value_index_write slot=0 started_ns=1790174751594537000 ended_ns=1790174751594677875 elapsed_us=140 block_gets=0 block_puts=0 deleted=0
checkpoint_phase lsn=21524 phase=value_index_write slot=0 started_ns=1790174751594735000 ended_ns=1790174751594857417 elapsed_us=122 block_gets=0 block_puts=0 deleted=0
checkpoint_phase lsn=21528 phase=value_index_schedule slot=0 started_ns=1790174751608029000 ended_ns=1790174751608034750 elapsed_us=5 block_gets=0 block_puts=0 deleted=0
checkpoint_phase lsn=21528 phase=value_index_schedule slot=0 started_ns=1790174751608099000 ended_ns=1790174751608560333 elapsed_us=461 block_gets=0 block_puts=0 deleted=0
checkpoint_phase lsn=21528 phase=value_index_write slot=0 started_ns=1790174751608647000 ended_ns=1790174751608649083 elapsed_us=2 block_gets=0 block_puts=0 deleted=0
checkpoint_phase lsn=21528 phase=value_index_write slot=0 started_ns=1790174751608722000 ended_ns=1790174751608856000 elapsed_us=134 block_gets=0 block_puts=0 deleted=0
checkpoint_phase lsn=21536 phase=value_index_schedule slot=0 started_ns=1790174751634601000 ended_ns=1790174751634606959 elapsed_us=5 block_gets=0 block_puts=0 deleted=0
checkpoint_phase lsn=21536 phase=value_index_schedule slot=0 started_ns=1790174751635099000 ended_ns=1790174751635458417 elapsed_us=359 block_gets=0 block_puts=0 deleted=0
checkpoint_phase lsn=21540 phase=value_index_schedule slot=0 started_ns=1790174751649882000 ended_ns=1790174751649894125 elapsed_us=12 block_gets=0 block_puts=0 deleted=0
checkpoint_phase lsn=21540 phase=value_index_schedule slot=0 started_ns=1790174751650069000 ended_ns=1790174751650453959 elapsed_us=384 block_gets=0 block_puts=0 deleted=0
checkpoint_phase lsn=21540 phase=value_index_write slot=0 started_ns=1790174751651185000 ended_ns=1790174751651187041 elapsed_us=2 block_gets=0 block_puts=0 deleted=0
checkpoint_phase lsn=21540 phase=value_index_write slot=0 started_ns=1790174751651420000 ended_ns=1790174751651551875 elapsed_us=131 block_gets=0 block_puts=0 deleted=0
checkpoint_phase lsn=21544 phase=value_index_schedule slot=0 started_ns=1790174751669464000 ended_ns=1790174751669469875 elapsed_us=5 block_gets=0 block_puts=0 deleted=0
checkpoint_phase lsn=21544 phase=value_index_schedule slot=0 started_ns=1790174751669534000 ended_ns=1790174751670054084 elapsed_us=520 block_gets=0 block_puts=0 deleted=0
checkpoint_phase lsn=21548 phase=value_index_schedule slot=0 started_ns=1790174751684208000 ended_ns=1790174751684214209 elapsed_us=6 block_gets=0 block_puts=0 deleted=0
checkpoint_phase lsn=21548 phase=value_index_schedule slot=0 started_ns=1790174751684282000 ended_ns=1790174751684649667 elapsed_us=367 block_gets=0 block_puts=0 deleted=0
checkpoint_phase lsn=21552 phase=value_index_schedule slot=0 started_ns=1790174751708587000 ended_ns=1790174751708593083 elapsed_us=6 block_gets=0 block_puts=0 deleted=0
checkpoint_phase lsn=21552 phase=value_index_schedule slot=0 started_ns=1790174751708657000 ended_ns=1790174751709012875 elapsed_us=355 block_gets=0 block_puts=0 deleted=0
checkpoint_phase lsn=21556 phase=value_index_schedule slot=0 started_ns=1790174751732809000 ended_ns=1790174751732814333 elapsed_us=5 block_gets=0 block_puts=0 deleted=0
checkpoint_phase lsn=21556 phase=value_index_schedule slot=0 started_ns=1790174751733390000 ended_ns=1790174751733753042 elapsed_us=363 block_gets=0 block_puts=0 deleted=0
checkpoint_phase lsn=21560 phase=value_index_schedule slot=0 started_ns=1790174751746917000 ended_ns=1790174751746923417 elapsed_us=6 block_gets=0 block_puts=0 deleted=0
checkpoint_phase lsn=21560 phase=value_index_schedule slot=0 started_ns=1790174751747001000 ended_ns=1790174751747463375 elapsed_us=462 block_gets=0 block_puts=0 deleted=0
checkpoint_phase lsn=21560 phase=value_index_write slot=0 started_ns=1790174751748252000 ended_ns=1790174751748253500 elapsed_us=1 block_gets=0 block_puts=0 deleted=0
checkpoint_phase lsn=21560 phase=value_index_write slot=0 started_ns=1790174751748315000 ended_ns=1790174751748443666 elapsed_us=128 block_gets=0 block_puts=0 deleted=0
checkpoint_phase lsn=21560 phase=value_index_write slot=0 started_ns=1790174751748563000 ended_ns=1790174751748730042 elapsed_us=167 block_gets=0 block_puts=0 deleted=0
checkpoint_phase lsn=21568 phase=value_index_schedule slot=0 started_ns=1790174751768754000 ended_ns=1790174751768759834 elapsed_us=5 block_gets=0 block_puts=0 deleted=0
checkpoint_phase lsn=21568 phase=value_index_schedule slot=0 started_ns=1790174751768826000 ended_ns=1790174751769187292 elapsed_us=361 block_gets=0 block_puts=0 deleted=0
checkpoint_phase lsn=21572 phase=value_index_schedule slot=0 started_ns=1790174751781015000 ended_ns=1790174751781021750 elapsed_us=6 block_gets=0 block_puts=0 deleted=0
checkpoint_phase lsn=21572 phase=value_index_schedule slot=0 started_ns=1790174751781094000 ended_ns=1790174751781457625 elapsed_us=363 block_gets=0 block_puts=0 deleted=0
checkpoint_phase lsn=21572 phase=value_index_write slot=0 started_ns=1790174751782282000 ended_ns=1790174751782283750 elapsed_us=1 block_gets=0 block_puts=0 deleted=0
checkpoint_phase lsn=21572 phase=value_index_write slot=0 started_ns=1790174751782345000 ended_ns=1790174751782477083 elapsed_us=132 block_gets=0 block_puts=0 deleted=0
checkpoint_phase lsn=21572 phase=value_index_write slot=0 started_ns=1790174751782539000 ended_ns=1790174751782663542 elapsed_us=124 block_gets=0 block_puts=0 deleted=0
checkpoint_phase lsn=21572 phase=value_index_write slot=0 started_ns=1790174751783265000 ended_ns=1790174751783391125 elapsed_us=126 block_gets=0 block_puts=0 deleted=0
checkpoint_phase lsn=21572 phase=value_index_write slot=0 started_ns=1790174751783492000 ended_ns=1790174751783618833 elapsed_us=126 block_gets=0 block_puts=0 deleted=0
checkpoint_phase lsn=21576 phase=value_index_schedule slot=0 started_ns=1790174751796459000 ended_ns=1790174751796464792 elapsed_us=5 block_gets=0 block_puts=0 deleted=0
checkpoint_phase lsn=21576 phase=value_index_schedule slot=0 started_ns=1790174751796524000 ended_ns=1790174751796897916 elapsed_us=373 block_gets=0 block_puts=0 deleted=0
checkpoint_phase lsn=21584 phase=value_index_schedule slot=0 started_ns=1790174751814704000 ended_ns=1790174751814710250 elapsed_us=6 block_gets=0 block_puts=0 deleted=0
checkpoint_phase lsn=21584 phase=value_index_schedule slot=0 started_ns=1790174751814772000 ended_ns=1790174751815140542 elapsed_us=368 block_gets=0 block_puts=0 deleted=0
checkpoint_phase lsn=21588 phase=value_index_schedule slot=0 started_ns=1790174751829178000 ended_ns=1790174751829183917 elapsed_us=5 block_gets=0 block_puts=0 deleted=0
checkpoint_phase lsn=21588 phase=value_index_schedule slot=0 started_ns=1790174751829256000 ended_ns=1790174751829626625 elapsed_us=370 block_gets=0 block_puts=0 deleted=0
checkpoint_phase lsn=21588 phase=value_index_write slot=0 started_ns=1790174751830481000 ended_ns=1790174751830483250 elapsed_us=2 block_gets=0 block_puts=0 deleted=0
checkpoint_phase lsn=21588 phase=value_index_write slot=0 started_ns=1790174751830549000 ended_ns=1790174751830682917 elapsed_us=133 block_gets=0 block_puts=0 deleted=0
checkpoint_phase lsn=21588 phase=value_index_write slot=0 started_ns=1790174751830745000 ended_ns=1790174751830871792 elapsed_us=126 block_gets=0 block_puts=0 deleted=0
checkpoint_phase lsn=21588 phase=value_index_write slot=0 started_ns=1790174751831623000 ended_ns=1790174751831745958 elapsed_us=122 block_gets=0 block_puts=0 deleted=0
checkpoint_phase lsn=21588 phase=value_index_write slot=0 started_ns=1790174751831808000 ended_ns=1790174751831931417 elapsed_us=123 block_gets=0 block_puts=0 deleted=0
checkpoint_phase lsn=21592 phase=value_index_schedule slot=0 started_ns=1790174751843444000 ended_ns=1790174751843449416 elapsed_us=5 block_gets=0 block_puts=0 deleted=0
checkpoint_phase lsn=21592 phase=value_index_schedule slot=0 started_ns=1790174751843685000 ended_ns=1790174751844056125 elapsed_us=371 block_gets=0 block_puts=0 deleted=0
checkpoint_phase lsn=21600 phase=value_index_schedule slot=0 started_ns=1790174751858248000 ended_ns=1790174751858254125 elapsed_us=6 block_gets=0 block_puts=0 deleted=0
checkpoint_phase lsn=21600 phase=value_index_schedule slot=0 started_ns=1790174751858328000 ended_ns=1790174751858710916 elapsed_us=382 block_gets=0 block_puts=0 deleted=0
checkpoint_phase lsn=21600 phase=value_index_write slot=0 started_ns=1790174751858780000 ended_ns=1790174751858781625 elapsed_us=1 block_gets=0 block_puts=0 deleted=0
checkpoint_phase lsn=21600 phase=value_index_write slot=0 started_ns=1790174751858834000 ended_ns=1790174751858962375 elapsed_us=128 block_gets=0 block_puts=0 deleted=0
checkpoint_phase lsn=21600 phase=value_index_write slot=0 started_ns=1790174751859017000 ended_ns=1790174751859147958 elapsed_us=130 block_gets=0 block_puts=0 deleted=0
checkpoint_phase lsn=21604 phase=value_index_schedule slot=0 started_ns=1790174751873369000 ended_ns=1790174751873375333 elapsed_us=6 block_gets=0 block_puts=0 deleted=0
checkpoint_phase lsn=21604 phase=value_index_schedule slot=0 started_ns=1790174751873439000 ended_ns=1790174751873811250 elapsed_us=372 block_gets=0 block_puts=0 deleted=0
checkpoint_phase lsn=21604 phase=value_index_write slot=0 started_ns=1790174751874600000 ended_ns=1790174751874601708 elapsed_us=1 block_gets=0 block_puts=0 deleted=0
checkpoint_phase lsn=21604 phase=value_index_write slot=0 started_ns=1790174751874654000 ended_ns=1790174751874785334 elapsed_us=131 block_gets=0 block_puts=0 deleted=0
checkpoint_phase lsn=21608 phase=value_index_schedule slot=0 started_ns=1790174751886082000 ended_ns=1790174751886087500 elapsed_us=5 block_gets=0 block_puts=0 deleted=0
checkpoint_phase lsn=21608 phase=value_index_schedule slot=0 started_ns=1790174751886316000 ended_ns=1790174751886684792 elapsed_us=368 block_gets=0 block_puts=0 deleted=0
checkpoint_phase lsn=21608 phase=value_index_write slot=0 started_ns=1790174751887365000 ended_ns=1790174751887366750 elapsed_us=1 block_gets=0 block_puts=0 deleted=0
checkpoint_phase lsn=21608 phase=value_index_write slot=0 started_ns=1790174751887421000 ended_ns=1790174751887551042 elapsed_us=130 block_gets=0 block_puts=0 deleted=0
checkpoint_phase lsn=21608 phase=value_index_write slot=0 started_ns=1790174751887603000 ended_ns=1790174751887725709 elapsed_us=122 block_gets=0 block_puts=0 deleted=0
checkpoint_phase lsn=21616 phase=value_index_schedule slot=0 started_ns=1790174751913840000 ended_ns=1790174751913845458 elapsed_us=5 block_gets=0 block_puts=0 deleted=0
checkpoint_phase lsn=21616 phase=value_index_schedule slot=0 started_ns=1790174751913910000 ended_ns=1790174751914285375 elapsed_us=375 block_gets=0 block_puts=0 deleted=0
checkpoint_phase lsn=21616 phase=value_index_write slot=0 started_ns=1790174751914347000 ended_ns=1790174751914348709 elapsed_us=1 block_gets=0 block_puts=0 deleted=0
checkpoint_phase lsn=21616 phase=value_index_write slot=0 started_ns=1790174751914651000 ended_ns=1790174751914781334 elapsed_us=130 block_gets=0 block_puts=0 deleted=0
checkpoint_phase lsn=21620 phase=value_index_schedule slot=0 started_ns=1790174751934926000 ended_ns=1790174751934931750 elapsed_us=5 block_gets=0 block_puts=0 deleted=0
checkpoint_phase lsn=21620 phase=value_index_schedule slot=0 started_ns=1790174751935001000 ended_ns=1790174751935386875 elapsed_us=385 block_gets=0 block_puts=0 deleted=0
checkpoint_phase lsn=21620 phase=value_index_write slot=0 started_ns=1790174751936004000 ended_ns=1790174751936005458 elapsed_us=1 block_gets=0 block_puts=0 deleted=0
checkpoint_phase lsn=21624 phase=value_index_schedule slot=0 started_ns=1790174751949833000 ended_ns=1790174751949837875 elapsed_us=4 block_gets=0 block_puts=0 deleted=0
checkpoint_phase lsn=21624 phase=value_index_schedule slot=0 started_ns=1790174751950061000 ended_ns=1790174751950469041 elapsed_us=408 block_gets=0 block_puts=0 deleted=0
checkpoint_phase lsn=21628 phase=value_index_schedule slot=0 started_ns=1790174751964811000 ended_ns=1790174751964816666 elapsed_us=5 block_gets=0 block_puts=0 deleted=0
checkpoint_phase lsn=21628 phase=value_index_schedule slot=0 started_ns=1790174751964883000 ended_ns=1790174751965258459 elapsed_us=375 block_gets=0 block_puts=0 deleted=0
checkpoint_phase lsn=21632 phase=value_index_schedule slot=0 started_ns=1790174751978456000 ended_ns=1790174751978462000 elapsed_us=6 block_gets=0 block_puts=0 deleted=0
checkpoint_phase lsn=21632 phase=value_index_schedule slot=0 started_ns=1790174751978527000 ended_ns=1790174751978907542 elapsed_us=380 block_gets=0 block_puts=0 deleted=0
checkpoint_phase lsn=21636 phase=value_index_schedule slot=0 started_ns=1790174751987278000 ended_ns=1790174751987283791 elapsed_us=5 block_gets=0 block_puts=0 deleted=0
checkpoint_phase lsn=21636 phase=value_index_schedule slot=0 started_ns=1790174751987352000 ended_ns=1790174751987742000 elapsed_us=390 block_gets=0 block_puts=0 deleted=0
checkpoint_phase lsn=21640 phase=value_index_schedule slot=0 started_ns=1790174751996982000 ended_ns=1790174751996988500 elapsed_us=6 block_gets=0 block_puts=0 deleted=0
checkpoint_phase lsn=21640 phase=value_index_schedule slot=0 started_ns=1790174751997053000 ended_ns=1790174751997453000 elapsed_us=400 block_gets=0 block_puts=0 deleted=0
checkpoint_phase lsn=21640 phase=value_index_write slot=0 started_ns=1790174751997508000 ended_ns=1790174751997509542 elapsed_us=1 block_gets=0 block_puts=0 deleted=0
checkpoint_phase lsn=21640 phase=value_index_write slot=0 started_ns=1790174751997556000 ended_ns=1790174751997684542 elapsed_us=128 block_gets=0 block_puts=0 deleted=0
checkpoint_phase lsn=21640 phase=value_index_write slot=0 started_ns=1790174751997741000 ended_ns=1790174751997864459 elapsed_us=123 block_gets=0 block_puts=0 deleted=0
checkpoint_phase lsn=21640 phase=value_index_write slot=0 started_ns=1790174751997930000 ended_ns=1790174751998057208 elapsed_us=127 block_gets=0 block_puts=0 deleted=0
checkpoint_phase lsn=21640 phase=value_index_write slot=0 started_ns=1790174751998888000 ended_ns=1790174751999013292 elapsed_us=125 block_gets=0 block_puts=0 deleted=0
checkpoint_phase lsn=21640 phase=value_index_write slot=0 started_ns=1790174751999243000 ended_ns=1790174751999369042 elapsed_us=126 block_gets=0 block_puts=0 deleted=0
checkpoint_phase lsn=21644 phase=value_index_schedule slot=0 started_ns=1790174752011900000 ended_ns=1790174752011905500 elapsed_us=5 block_gets=0 block_puts=0 deleted=0
checkpoint_phase lsn=21644 phase=value_index_schedule slot=0 started_ns=1790174752011963000 ended_ns=1790174752012357458 elapsed_us=394 block_gets=0 block_puts=0 deleted=0
checkpoint_phase lsn=21644 phase=value_index_write slot=0 started_ns=1790174752012413000 ended_ns=1790174752012414333 elapsed_us=1 block_gets=0 block_puts=0 deleted=0
checkpoint_phase lsn=21644 phase=value_index_write slot=0 started_ns=1790174752012458000 ended_ns=1790174752012589125 elapsed_us=131 block_gets=0 block_puts=0 deleted=0
checkpoint_phase lsn=21644 phase=value_index_write slot=0 started_ns=1790174752012650000 ended_ns=1790174752012776291 elapsed_us=126 block_gets=0 block_puts=0 deleted=0
checkpoint_phase lsn=21644 phase=value_index_write slot=0 started_ns=1790174752012839000 ended_ns=1790174752012966292 elapsed_us=127 block_gets=0 block_puts=0 deleted=0
checkpoint_phase lsn=21644 phase=value_index_write slot=0 started_ns=1790174752013029000 ended_ns=1790174752013155917 elapsed_us=126 block_gets=0 block_puts=0 deleted=0
checkpoint_phase lsn=21644 phase=value_index_write slot=0 started_ns=1790174752013219000 ended_ns=1790174752013340875 elapsed_us=121 block_gets=0 block_puts=0 deleted=0
checkpoint_phase lsn=21648 phase=value_index_schedule slot=0 started_ns=1790174752025997000 ended_ns=1790174752026003292 elapsed_us=6 block_gets=0 block_puts=0 deleted=0
checkpoint_phase lsn=21648 phase=value_index_schedule slot=0 started_ns=1790174752026080000 ended_ns=1790174752026467750 elapsed_us=387 block_gets=0 block_puts=0 deleted=0
checkpoint_phase lsn=21656 phase=value_index_schedule slot=0 started_ns=1790174752052819000 ended_ns=1790174752052824292 elapsed_us=5 block_gets=0 block_puts=0 deleted=0
checkpoint_phase lsn=21656 phase=value_index_schedule slot=0 started_ns=1790174752052898000 ended_ns=1790174752053270667 elapsed_us=372 block_gets=0 block_puts=0 deleted=0
checkpoint_phase lsn=21656 phase=value_index_write slot=0 started_ns=1790174752054027000 ended_ns=1790174752054028500 elapsed_us=1 block_gets=0 block_puts=0 deleted=0
checkpoint_phase lsn=21656 phase=value_index_write slot=0 started_ns=1790174752054093000 ended_ns=1790174752054234041 elapsed_us=141 block_gets=0 block_puts=0 deleted=0
checkpoint_phase lsn=21656 phase=value_index_write slot=0 started_ns=1790174752054292000 ended_ns=1790174752054415000 elapsed_us=123 block_gets=0 block_puts=0 deleted=0
checkpoint_phase lsn=21656 phase=value_index_write slot=0 started_ns=1790174752055065000 ended_ns=1790174752055204500 elapsed_us=139 block_gets=0 block_puts=0 deleted=0
checkpoint_phase lsn=21656 phase=value_index_write slot=0 started_ns=1790174752055263000 ended_ns=1790174752055391125 elapsed_us=128 block_gets=0 block_puts=0 deleted=0
checkpoint_phase lsn=21660 phase=value_index_schedule slot=0 started_ns=1790174752077140000 ended_ns=1790174752077144834 elapsed_us=4 block_gets=0 block_puts=0 deleted=0
checkpoint_phase lsn=21664 phase=value_index_schedule slot=0 started_ns=1790174752087081000 ended_ns=1790174752087086500 elapsed_us=5 block_gets=0 block_puts=0 deleted=0
checkpoint_phase lsn=21672 phase=value_index_schedule slot=0 started_ns=1790174752101031000 ended_ns=1790174752101035750 elapsed_us=4 block_gets=0 block_puts=0 deleted=0
checkpoint_phase lsn=21672 phase=value_index_schedule slot=0 started_ns=1790174752101097000 ended_ns=1790174752101507834 elapsed_us=410 block_gets=0 block_puts=0 deleted=0
checkpoint_phase lsn=21672 phase=value_index_write slot=0 started_ns=1790174752102131000 ended_ns=1790174752102132500 elapsed_us=1 block_gets=0 block_puts=0 deleted=0
checkpoint_phase lsn=21672 phase=value_index_write slot=0 started_ns=1790174752102198000 ended_ns=1790174752102328791 elapsed_us=130 block_gets=0 block_puts=0 deleted=0
checkpoint_phase lsn=21672 phase=value_index_write slot=0 started_ns=1790174752102607000 ended_ns=1790174752102731125 elapsed_us=124 block_gets=0 block_puts=0 deleted=0
checkpoint_phase lsn=21672 phase=value_index_write slot=0 started_ns=1790174752103438000 ended_ns=1790174752103563042 elapsed_us=125 block_gets=0 block_puts=0 deleted=0
checkpoint_phase lsn=21672 phase=value_index_write slot=0 started_ns=1790174752103620000 ended_ns=1790174752103747417 elapsed_us=127 block_gets=0 block_puts=0 deleted=0
checkpoint_phase lsn=21672 phase=value_index_write slot=0 started_ns=1790174752103967000 ended_ns=1790174752104091666 elapsed_us=124 block_gets=0 block_puts=0 deleted=0
checkpoint_phase lsn=21676 phase=value_index_schedule slot=0 started_ns=1790174752116523000 ended_ns=1790174752116528583 elapsed_us=5 block_gets=0 block_puts=0 deleted=0
checkpoint_phase lsn=21676 phase=value_index_schedule slot=0 started_ns=1790174752116598000 ended_ns=1790174752117000625 elapsed_us=402 block_gets=0 block_puts=0 deleted=0
checkpoint_phase lsn=21684 phase=value_index_schedule slot=0 started_ns=1790174752137622000 ended_ns=1790174752137628125 elapsed_us=6 block_gets=0 block_puts=0 deleted=0
checkpoint_phase lsn=21684 phase=value_index_schedule slot=0 started_ns=1790174752137693000 ended_ns=1790174752138090125 elapsed_us=397 block_gets=0 block_puts=0 deleted=0
checkpoint_phase lsn=21688 phase=value_index_schedule slot=0 started_ns=1790174752154638000 ended_ns=1790174752154643708 elapsed_us=5 block_gets=0 block_puts=0 deleted=0
checkpoint_phase lsn=21688 phase=value_index_schedule slot=0 started_ns=1790174752154715000 ended_ns=1790174752155117584 elapsed_us=402 block_gets=0 block_puts=0 deleted=0
checkpoint_phase lsn=21688 phase=value_index_write slot=0 started_ns=1790174752155886000 ended_ns=1790174752155887583 elapsed_us=1 block_gets=0 block_puts=0 deleted=0
checkpoint_phase lsn=21688 phase=value_index_write slot=0 started_ns=1790174752155943000 ended_ns=1790174752156078500 elapsed_us=135 block_gets=0 block_puts=0 deleted=0
checkpoint_phase lsn=21688 phase=value_index_write slot=0 started_ns=1790174752156279000 ended_ns=1790174752156402041 elapsed_us=123 block_gets=0 block_puts=0 deleted=0
checkpoint_phase lsn=21688 phase=value_index_write slot=0 started_ns=1790174752156911000 ended_ns=1790174752157034834 elapsed_us=123 block_gets=0 block_puts=0 deleted=0
checkpoint_phase lsn=21688 phase=value_index_write slot=0 started_ns=1790174752157219000 ended_ns=1790174752157650333 elapsed_us=431 block_gets=0 block_puts=0 deleted=0
checkpoint_phase lsn=21688 phase=value_index_write slot=0 started_ns=1790174752157741000 ended_ns=1790174752157868917 elapsed_us=127 block_gets=0 block_puts=0 deleted=0
checkpoint_phase lsn=21692 phase=value_index_schedule slot=0 started_ns=1790174752178904000 ended_ns=1790174752178909333 elapsed_us=5 block_gets=0 block_puts=0 deleted=0
checkpoint_phase lsn=21700 phase=value_index_schedule slot=0 started_ns=1790174752203685000 ended_ns=1790174752203691459 elapsed_us=6 block_gets=0 block_puts=0 deleted=0
checkpoint_phase lsn=21700 phase=value_index_schedule slot=0 started_ns=1790174752204159000 ended_ns=1790174752204561500 elapsed_us=402 block_gets=0 block_puts=0 deleted=0
checkpoint_phase lsn=21704 phase=value_index_schedule slot=0 started_ns=1790174752219467000 ended_ns=1790174752219472917 elapsed_us=5 block_gets=0 block_puts=0 deleted=0
checkpoint_phase lsn=21704 phase=value_index_schedule slot=0 started_ns=1790174752219544000 ended_ns=1790174752219953292 elapsed_us=409 block_gets=0 block_puts=0 deleted=0
checkpoint_phase lsn=21704 phase=value_index_write slot=0 started_ns=1790174752220764000 ended_ns=1790174752220765833 elapsed_us=1 block_gets=0 block_puts=0 deleted=0
checkpoint_phase lsn=21704 phase=value_index_write slot=0 started_ns=1790174752220829000 ended_ns=1790174752220961541 elapsed_us=132 block_gets=0 block_puts=0 deleted=0
checkpoint_phase lsn=21704 phase=value_index_write slot=0 started_ns=1790174752221025000 ended_ns=1790174752221149542 elapsed_us=124 block_gets=0 block_puts=0 deleted=0
checkpoint_phase lsn=21708 phase=value_index_schedule slot=0 started_ns=1790174752231773000 ended_ns=1790174752231779250 elapsed_us=6 block_gets=0 block_puts=0 deleted=0
checkpoint_phase lsn=21708 phase=value_index_schedule slot=0 started_ns=1790174752231850000 ended_ns=1790174752232238750 elapsed_us=388 block_gets=0 block_puts=0 deleted=0
checkpoint_phase lsn=21712 phase=value_index_schedule slot=0 started_ns=1790174752242306000 ended_ns=1790174752242312541 elapsed_us=6 block_gets=0 block_puts=0 deleted=0
checkpoint_phase lsn=21712 phase=value_index_schedule slot=0 started_ns=1790174752242381000 ended_ns=1790174752242797000 elapsed_us=416 block_gets=0 block_puts=0 deleted=0
checkpoint_phase lsn=21716 phase=value_index_schedule slot=0 started_ns=1790174752256038000 ended_ns=1790174752256043166 elapsed_us=5 block_gets=0 block_puts=0 deleted=0
checkpoint_phase lsn=21720 phase=value_index_schedule slot=0 started_ns=1790174752265732000 ended_ns=1790174752265736708 elapsed_us=4 block_gets=0 block_puts=0 deleted=0
checkpoint_phase lsn=21720 phase=value_index_schedule slot=0 started_ns=1790174752266296000 ended_ns=1790174752266700042 elapsed_us=404 block_gets=0 block_puts=0 deleted=0
checkpoint_phase lsn=21720 phase=value_index_write slot=0 started_ns=1790174752267397000 ended_ns=1790174752267398750 elapsed_us=1 block_gets=0 block_puts=0 deleted=0
checkpoint_phase lsn=21720 phase=value_index_write slot=0 started_ns=1790174752267549000 ended_ns=1790174752267678750 elapsed_us=129 block_gets=0 block_puts=0 deleted=0
checkpoint_phase lsn=21720 phase=value_index_write slot=0 started_ns=1790174752267972000 ended_ns=1790174752268094875 elapsed_us=122 block_gets=0 block_puts=0 deleted=0
checkpoint_phase lsn=21728 phase=value_index_schedule slot=0 started_ns=1790174752292085000 ended_ns=1790174752292092083 elapsed_us=7 block_gets=0 block_puts=0 deleted=0
checkpoint_phase lsn=21728 phase=value_index_schedule slot=0 started_ns=1790174752292160000 ended_ns=1790174752292561625 elapsed_us=401 block_gets=0 block_puts=0 deleted=0
checkpoint_phase lsn=21736 phase=value_index_schedule slot=0 started_ns=1790174752329744000 ended_ns=1790174752329750750 elapsed_us=6 block_gets=0 block_puts=0 deleted=0
checkpoint_phase lsn=21736 phase=value_index_schedule slot=0 started_ns=1790174752330429000 ended_ns=1790174752330841959 elapsed_us=412 block_gets=0 block_puts=0 deleted=0
checkpoint_phase lsn=21736 phase=value_index_write slot=0 started_ns=1790174752331537000 ended_ns=1790174752331538708 elapsed_us=1 block_gets=0 block_puts=0 deleted=0
checkpoint_phase lsn=21736 phase=value_index_write slot=0 started_ns=1790174752331604000 ended_ns=1790174752331736833 elapsed_us=132 block_gets=0 block_puts=0 deleted=0
checkpoint_phase lsn=21736 phase=value_index_write slot=0 started_ns=1790174752332016000 ended_ns=1790174752332140000 elapsed_us=124 block_gets=0 block_puts=0 deleted=0
checkpoint_phase lsn=21736 phase=value_index_write slot=0 started_ns=1790174752332829000 ended_ns=1790174752332951708 elapsed_us=122 block_gets=0 block_puts=0 deleted=0
checkpoint_phase lsn=21748 phase=value_index_schedule slot=0 started_ns=1790174752357218000 ended_ns=1790174752357224125 elapsed_us=6 block_gets=0 block_puts=0 deleted=0
checkpoint_phase lsn=21748 phase=value_index_schedule slot=0 started_ns=1790174752357536000 ended_ns=1790174752357945250 elapsed_us=409 block_gets=0 block_puts=0 deleted=0
checkpoint_phase lsn=21748 phase=value_index_write slot=0 started_ns=1790174752358662000 ended_ns=1790174752358663709 elapsed_us=1 block_gets=0 block_puts=0 deleted=0
checkpoint_phase lsn=21748 phase=value_index_write slot=0 started_ns=1790174752358720000 ended_ns=1790174752358851833 elapsed_us=131 block_gets=0 block_puts=0 deleted=0
checkpoint_phase lsn=21748 phase=value_index_write slot=0 started_ns=1790174752358900000 ended_ns=1790174752359025125 elapsed_us=125 block_gets=0 block_puts=0 deleted=0
checkpoint_phase lsn=21752 phase=value_index_schedule slot=0 started_ns=1790174752370395000 ended_ns=1790174752370400292 elapsed_us=5 block_gets=0 block_puts=0 deleted=0
checkpoint_phase lsn=21752 phase=value_index_schedule slot=0 started_ns=1790174752370472000 ended_ns=1790174752370887375 elapsed_us=415 block_gets=0 block_puts=0 deleted=0
checkpoint_phase lsn=21752 phase=value_index_write slot=0 started_ns=1790174752371671000 ended_ns=1790174752371672708 elapsed_us=1 block_gets=0 block_puts=0 deleted=0
checkpoint_phase lsn=21752 phase=value_index_write slot=0 started_ns=1790174752371728000 ended_ns=1790174752371857625 elapsed_us=129 block_gets=0 block_puts=0 deleted=0
checkpoint_phase lsn=21752 phase=value_index_write slot=0 started_ns=1790174752371923000 ended_ns=1790174752372054333 elapsed_us=131 block_gets=0 block_puts=0 deleted=0
checkpoint_phase lsn=21756 phase=value_index_schedule slot=0 started_ns=1790174752394139000 ended_ns=1790174752394144000 elapsed_us=5 block_gets=0 block_puts=0 deleted=0
checkpoint_phase lsn=21756 phase=value_index_schedule slot=0 started_ns=1790174752394519000 ended_ns=1790174752394948417 elapsed_us=429 block_gets=0 block_puts=0 deleted=0
checkpoint_phase lsn=21764 phase=value_index_schedule slot=0 started_ns=1790174752410630000 ended_ns=1790174752410637208 elapsed_us=7 block_gets=0 block_puts=0 deleted=0
checkpoint_phase lsn=21764 phase=value_index_schedule slot=0 started_ns=1790174752410704000 ended_ns=1790174752411119916 elapsed_us=415 block_gets=0 block_puts=0 deleted=0
checkpoint_phase lsn=21768 phase=value_index_schedule slot=0 started_ns=1790174752426229000 ended_ns=1790174752426235458 elapsed_us=6 block_gets=0 block_puts=0 deleted=0
checkpoint_phase lsn=21768 phase=value_index_schedule slot=0 started_ns=1790174752426307000 ended_ns=1790174752426752458 elapsed_us=445 block_gets=0 block_puts=0 deleted=0
checkpoint_phase lsn=21768 phase=value_index_write slot=0 started_ns=1790174752427592000 ended_ns=1790174752427594083 elapsed_us=2 block_gets=0 block_puts=0 deleted=0
checkpoint_phase lsn=21768 phase=value_index_write slot=0 started_ns=1790174752427659000 ended_ns=1790174752427790625 elapsed_us=131 block_gets=0 block_puts=0 deleted=0
checkpoint_phase lsn=21772 phase=value_index_schedule slot=0 started_ns=1790174752437049000 ended_ns=1790174752437054000 elapsed_us=5 block_gets=0 block_puts=0 deleted=0
checkpoint_phase lsn=21772 phase=value_index_schedule slot=0 started_ns=1790174752437283000 ended_ns=1790174752437705417 elapsed_us=422 block_gets=0 block_puts=0 deleted=0
checkpoint_phase lsn=21772 phase=value_index_write slot=0 started_ns=1790174752438393000 ended_ns=1790174752438394250 elapsed_us=1 block_gets=0 block_puts=0 deleted=0
checkpoint_phase lsn=21772 phase=value_index_write slot=0 started_ns=1790174752438452000 ended_ns=1790174752438582209 elapsed_us=130 block_gets=0 block_puts=0 deleted=0
checkpoint_phase lsn=21772 phase=value_index_write slot=0 started_ns=1790174752438638000 ended_ns=1790174752438763000 elapsed_us=125 block_gets=0 block_puts=0 deleted=0
checkpoint_phase lsn=21772 phase=value_index_write slot=0 started_ns=1790174752438809000 ended_ns=1790174752438934583 elapsed_us=125 block_gets=0 block_puts=0 deleted=0
checkpoint_phase lsn=21772 phase=value_index_write slot=0 started_ns=1790174752438978000 ended_ns=1790174752439102250 elapsed_us=124 block_gets=0 block_puts=0 deleted=0
checkpoint_phase lsn=21772 phase=value_index_write slot=0 started_ns=1790174752439158000 ended_ns=1790174752439281167 elapsed_us=123 block_gets=0 block_puts=0 deleted=0
checkpoint_phase lsn=21772 phase=value_index_write slot=0 started_ns=1790174752439344000 ended_ns=1790174752450203750 elapsed_us=10859 block_gets=0 block_puts=1 deleted=0
checkpoint_phase lsn=21780 phase=value_index_schedule slot=0 started_ns=1790174752463973000 ended_ns=1790174752463978625 elapsed_us=5 block_gets=0 block_puts=0 deleted=0
checkpoint_phase lsn=21780 phase=value_index_schedule slot=0 started_ns=1790174752464046000 ended_ns=1790174752464472083 elapsed_us=426 block_gets=0 block_puts=0 deleted=0
checkpoint_phase lsn=21784 phase=value_index_schedule slot=0 started_ns=1790174752489081000 ended_ns=1790174752489086958 elapsed_us=5 block_gets=0 block_puts=0 deleted=0
checkpoint_phase lsn=21784 phase=value_index_schedule slot=0 started_ns=1790174752489155000 ended_ns=1790174752489570750 elapsed_us=415 block_gets=0 block_puts=0 deleted=0
checkpoint_phase lsn=21788 phase=value_index_schedule slot=0 started_ns=1790174752517786000 ended_ns=1790174752517792833 elapsed_us=6 block_gets=0 block_puts=0 deleted=0
checkpoint_phase lsn=21788 phase=value_index_schedule slot=0 started_ns=1790174752517867000 ended_ns=1790174752518292709 elapsed_us=425 block_gets=0 block_puts=0 deleted=0
checkpoint_phase lsn=21788 phase=value_index_write slot=0 started_ns=1790174752519123000 ended_ns=1790174752519125084 elapsed_us=2 block_gets=0 block_puts=0 deleted=0
checkpoint_phase lsn=21788 phase=value_index_write slot=0 started_ns=1790174752519343000 ended_ns=1790174752519542250 elapsed_us=199 block_gets=0 block_puts=0 deleted=0
checkpoint_phase lsn=21788 phase=value_index_write slot=0 started_ns=1790174752520038000 ended_ns=1790174752520165541 elapsed_us=127 block_gets=0 block_puts=0 deleted=0
checkpoint_phase lsn=21788 phase=value_index_write slot=0 started_ns=1790174752520863000 ended_ns=1790174752520990625 elapsed_us=127 block_gets=0 block_puts=0 deleted=0
checkpoint_phase lsn=21788 phase=value_index_write slot=0 started_ns=1790174752521055000 ended_ns=1790174752521182083 elapsed_us=127 block_gets=0 block_puts=0 deleted=0
checkpoint_phase lsn=21800 phase=value_index_schedule slot=0 started_ns=1790174752545687000 ended_ns=1790174752545693583 elapsed_us=6 block_gets=0 block_puts=0 deleted=0
checkpoint_phase lsn=21804 phase=value_index_schedule slot=0 started_ns=1790174752557610000 ended_ns=1790174752557614792 elapsed_us=4 block_gets=0 block_puts=0 deleted=0
checkpoint_phase lsn=21804 phase=value_index_schedule slot=0 started_ns=1790174752558004000 ended_ns=1790174752558434583 elapsed_us=430 block_gets=0 block_puts=0 deleted=0
checkpoint_phase lsn=21804 phase=value_index_write slot=0 started_ns=1790174752559121000 ended_ns=1790174752559122416 elapsed_us=1 block_gets=0 block_puts=0 deleted=0
checkpoint_phase lsn=21804 phase=value_index_write slot=0 started_ns=1790174752559187000 ended_ns=1790174752559318333 elapsed_us=131 block_gets=0 block_puts=0 deleted=0
checkpoint_phase lsn=21804 phase=value_index_write slot=0 started_ns=1790174752559383000 ended_ns=1790174752559506250 elapsed_us=123 block_gets=0 block_puts=0 deleted=0
checkpoint_phase lsn=21804 phase=value_index_write slot=0 started_ns=1790174752560125000 ended_ns=1790174752560247459 elapsed_us=122 block_gets=0 block_puts=0 deleted=0
checkpoint_phase lsn=21804 phase=value_index_write slot=0 started_ns=1790174752560767000 ended_ns=1790174752560890792 elapsed_us=123 block_gets=0 block_puts=0 deleted=0
checkpoint_phase lsn=21816 phase=value_index_schedule slot=0 started_ns=1790174752588216000 ended_ns=1790174752588222208 elapsed_us=6 block_gets=0 block_puts=0 deleted=0
checkpoint_phase lsn=21820 phase=value_index_schedule slot=0 started_ns=1790174752596358000 ended_ns=1790174752596362292 elapsed_us=4 block_gets=0 block_puts=0 deleted=0
checkpoint_phase lsn=21820 phase=value_index_schedule slot=0 started_ns=1790174752597068000 ended_ns=1790174752597505958 elapsed_us=437 block_gets=0 block_puts=0 deleted=0
checkpoint_phase lsn=21820 phase=value_index_write slot=0 started_ns=1790174752598209000 ended_ns=1790174752598210625 elapsed_us=1 block_gets=0 block_puts=0 deleted=0
checkpoint_phase lsn=21820 phase=value_index_write slot=0 started_ns=1790174752598264000 ended_ns=1790174752598396292 elapsed_us=132 block_gets=0 block_puts=0 deleted=0
checkpoint_phase lsn=21820 phase=value_index_write slot=0 started_ns=1790174752598446000 ended_ns=1790174752598571166 elapsed_us=125 block_gets=0 block_puts=0 deleted=0
checkpoint_phase lsn=21820 phase=value_index_write slot=0 started_ns=1790174752598618000 ended_ns=1790174752598741042 elapsed_us=123 block_gets=0 block_puts=0 deleted=0
checkpoint_phase lsn=21820 phase=value_index_write slot=0 started_ns=1790174752598789000 ended_ns=1790174752598911333 elapsed_us=122 block_gets=0 block_puts=0 deleted=0
checkpoint_phase lsn=21820 phase=value_index_write slot=0 started_ns=1790174752598960000 ended_ns=1790174752599082958 elapsed_us=122 block_gets=0 block_puts=0 deleted=0
checkpoint_phase lsn=21820 phase=value_index_write slot=0 started_ns=1790174752599145000 ended_ns=1790174752607877959 elapsed_us=8732 block_gets=0 block_puts=1 deleted=0
checkpoint_phase lsn=21820 phase=value_index_write slot=0 started_ns=1790174752608751000 ended_ns=1790174752608879292 elapsed_us=128 block_gets=0 block_puts=0 deleted=0
checkpoint_phase lsn=21820 phase=value_index_write slot=0 started_ns=1790174752608949000 ended_ns=1790174752609077375 elapsed_us=128 block_gets=0 block_puts=0 deleted=0
checkpoint_phase lsn=21832 phase=value_index_schedule slot=0 started_ns=1790174752642661000 ended_ns=1790174752642666917 elapsed_us=5 block_gets=0 block_puts=0 deleted=0
checkpoint_phase lsn=21832 phase=value_index_schedule slot=0 started_ns=1790174752642741000 ended_ns=1790174752643171750 elapsed_us=430 block_gets=0 block_puts=0 deleted=0
checkpoint_phase lsn=21832 phase=value_index_write slot=0 started_ns=1790174752643245000 ended_ns=1790174752643246500 elapsed_us=1 block_gets=0 block_puts=0 deleted=0
checkpoint_phase lsn=21832 phase=value_index_write slot=0 started_ns=1790174752643296000 ended_ns=1790174752643426125 elapsed_us=130 block_gets=0 block_puts=0 deleted=0
checkpoint_phase lsn=21832 phase=value_index_write slot=0 started_ns=1790174752643472000 ended_ns=1790174752643595625 elapsed_us=123 block_gets=0 block_puts=0 deleted=0
checkpoint_phase lsn=21832 phase=value_index_write slot=0 started_ns=1790174752643642000 ended_ns=1790174752643765000 elapsed_us=123 block_gets=0 block_puts=0 deleted=0
checkpoint_phase lsn=21832 phase=value_index_write slot=0 started_ns=1790174752644039000 ended_ns=1790174752644162375 elapsed_us=123 block_gets=0 block_puts=0 deleted=0
checkpoint_phase lsn=21836 phase=value_index_schedule slot=0 started_ns=1790174752662782000 ended_ns=1790174752662787667 elapsed_us=5 block_gets=0 block_puts=0 deleted=0
checkpoint_phase lsn=21836 phase=value_index_schedule slot=0 started_ns=1790174752662859000 ended_ns=1790174752663307459 elapsed_us=448 block_gets=0 block_puts=0 deleted=0
checkpoint_phase lsn=21836 phase=value_index_write slot=0 started_ns=1790174752664103000 ended_ns=1790174752664104833 elapsed_us=1 block_gets=0 block_puts=0 deleted=0
checkpoint_phase lsn=21836 phase=value_index_write slot=0 started_ns=1790174752664156000 ended_ns=1790174752664289417 elapsed_us=133 block_gets=0 block_puts=0 deleted=0
checkpoint_phase lsn=21836 phase=value_index_write slot=0 started_ns=1790174752664447000 ended_ns=1790174752664573041 elapsed_us=126 block_gets=0 block_puts=0 deleted=0
checkpoint_phase lsn=21836 phase=value_index_write slot=0 started_ns=1790174752664826000 ended_ns=1790174752664950333 elapsed_us=124 block_gets=0 block_puts=0 deleted=0
checkpoint_phase lsn=21836 phase=value_index_write slot=0 started_ns=1790174752665068000 ended_ns=1790174752665268333 elapsed_us=200 block_gets=0 block_puts=0 deleted=0
checkpoint_phase lsn=21836 phase=value_index_write slot=0 started_ns=1790174752665327000 ended_ns=1790174752665451250 elapsed_us=124 block_gets=0 block_puts=0 deleted=0
checkpoint_phase lsn=21836 phase=value_index_write slot=0 started_ns=1790174752665507000 ended_ns=1790174752673918833 elapsed_us=8411 block_gets=0 block_puts=1 deleted=0
checkpoint_phase lsn=21836 phase=value_index_write slot=0 started_ns=1790174752674768000 ended_ns=1790174752674894834 elapsed_us=126 block_gets=0 block_puts=0 deleted=0
checkpoint_phase lsn=21836 phase=value_index_write slot=0 started_ns=1790174752674951000 ended_ns=1790174752675076458 elapsed_us=125 block_gets=0 block_puts=0 deleted=0
checkpoint_phase lsn=21836 phase=value_index_write slot=0 started_ns=1790174752675289000 ended_ns=1790174752675363709 elapsed_us=74 block_gets=0 block_puts=0 deleted=0
checkpoint_phase lsn=21844 phase=value_index_schedule slot=0 started_ns=1790174752694048000 ended_ns=1790174752694054000 elapsed_us=6 block_gets=0 block_puts=0 deleted=0
checkpoint_phase lsn=21844 phase=value_index_schedule slot=0 started_ns=1790174752694116000 ended_ns=1790174752694569875 elapsed_us=453 block_gets=0 block_puts=0 deleted=0
checkpoint_phase lsn=21852 phase=value_index_schedule slot=0 started_ns=1790174752716155000 ended_ns=1790174752716161125 elapsed_us=6 block_gets=0 block_puts=0 deleted=0
checkpoint_phase lsn=21852 phase=value_index_schedule slot=0 started_ns=1790174752716229000 ended_ns=1790174752716658250 elapsed_us=429 block_gets=0 block_puts=0 deleted=0
checkpoint_phase lsn=21852 phase=value_index_write slot=0 started_ns=1790174752717408000 ended_ns=1790174752717409500 elapsed_us=1 block_gets=0 block_puts=0 deleted=0
checkpoint_phase lsn=21852 phase=value_index_write slot=0 started_ns=1790174752717461000 ended_ns=1790174752717603500 elapsed_us=142 block_gets=0 block_puts=0 deleted=0
checkpoint_phase lsn=21852 phase=value_index_write slot=0 started_ns=1790174752717803000 ended_ns=1790174752717920875 elapsed_us=117 block_gets=0 block_puts=0 deleted=0
checkpoint_phase lsn=21852 phase=value_index_write slot=0 started_ns=1790174752718544000 ended_ns=1790174752718670750 elapsed_us=126 block_gets=0 block_puts=0 deleted=0
checkpoint_phase lsn=21852 phase=value_index_write slot=0 started_ns=1790174752718718000 ended_ns=1790174752718840500 elapsed_us=122 block_gets=0 block_puts=0 deleted=0
checkpoint_phase lsn=21852 phase=value_index_write slot=0 started_ns=1790174752719039000 ended_ns=1790174752719157125 elapsed_us=118 block_gets=0 block_puts=0 deleted=0
checkpoint_phase lsn=21856 phase=value_index_schedule slot=0 started_ns=1790174752735556000 ended_ns=1790174752735561542 elapsed_us=5 block_gets=0 block_puts=0 deleted=0
checkpoint_phase lsn=21856 phase=value_index_schedule slot=0 started_ns=1790174752735641000 ended_ns=1790174752736067292 elapsed_us=426 block_gets=0 block_puts=0 deleted=0
checkpoint_phase lsn=21864 phase=value_index_schedule slot=0 started_ns=1790174752758783000 ended_ns=1790174752758788667 elapsed_us=5 block_gets=0 block_puts=0 deleted=0
checkpoint_phase lsn=21864 phase=value_index_schedule slot=0 started_ns=1790174752758858000 ended_ns=1790174752759317291 elapsed_us=459 block_gets=0 block_puts=0 deleted=0
checkpoint_phase lsn=21868 phase=value_index_schedule slot=0 started_ns=1790174752772746000 ended_ns=1790174752772752000 elapsed_us=6 block_gets=0 block_puts=0 deleted=0
checkpoint_phase lsn=21868 phase=value_index_schedule slot=0 started_ns=1790174752772819000 ended_ns=1790174752773292459 elapsed_us=473 block_gets=0 block_puts=0 deleted=0
checkpoint_phase lsn=21868 phase=value_index_write slot=0 started_ns=1790174752774143000 ended_ns=1790174752774144875 elapsed_us=1 block_gets=0 block_puts=0 deleted=0
checkpoint_phase lsn=21868 phase=value_index_write slot=0 started_ns=1790174752774198000 ended_ns=1790174752774327583 elapsed_us=129 block_gets=0 block_puts=0 deleted=0
checkpoint_phase lsn=21868 phase=value_index_write slot=0 started_ns=1790174752774960000 ended_ns=1790174752775090833 elapsed_us=130 block_gets=0 block_puts=0 deleted=0
checkpoint_phase lsn=21868 phase=value_index_write slot=0 started_ns=1790174752775690000 ended_ns=1790174752775814125 elapsed_us=124 block_gets=0 block_puts=0 deleted=0
checkpoint_phase lsn=21868 phase=value_index_write slot=0 started_ns=1790174752776339000 ended_ns=1790174752776465375 elapsed_us=126 block_gets=0 block_puts=0 deleted=0
checkpoint_phase lsn=21876 phase=value_index_schedule slot=0 started_ns=1790174752800470000 ended_ns=1790174752800476250 elapsed_us=6 block_gets=0 block_puts=0 deleted=0
checkpoint_phase lsn=21876 phase=value_index_schedule slot=0 started_ns=1790174752800795000 ended_ns=1790174752801244541 elapsed_us=449 block_gets=0 block_puts=0 deleted=0
checkpoint_phase lsn=21884 phase=value_index_schedule slot=0 started_ns=1790174752817812000 ended_ns=1790174752817817709 elapsed_us=5 block_gets=0 block_puts=0 deleted=0
checkpoint_phase lsn=21884 phase=value_index_schedule slot=0 started_ns=1790174752817890000 ended_ns=1790174752818355000 elapsed_us=465 block_gets=0 block_puts=0 deleted=0
checkpoint_phase lsn=21884 phase=value_index_write slot=0 started_ns=1790174752819146000 ended_ns=1790174752819147916 elapsed_us=1 block_gets=0 block_puts=0 deleted=0
checkpoint_phase lsn=21884 phase=value_index_write slot=0 started_ns=1790174752819211000 ended_ns=1790174752819342000 elapsed_us=131 block_gets=0 block_puts=0 deleted=0
checkpoint_phase lsn=21884 phase=value_index_write slot=0 started_ns=1790174752819406000 ended_ns=1790174752819530959 elapsed_us=124 block_gets=0 block_puts=0 deleted=0
checkpoint_phase lsn=21884 phase=value_index_write slot=0 started_ns=1790174752820226000 ended_ns=1790174752820361875 elapsed_us=135 block_gets=0 block_puts=0 deleted=0
checkpoint_phase lsn=21884 phase=value_index_write slot=0 started_ns=1790174752820416000 ended_ns=1790174752820542542 elapsed_us=126 block_gets=0 block_puts=0 deleted=0
checkpoint_phase lsn=21888 phase=value_index_schedule slot=0 started_ns=1790174752831540000 ended_ns=1790174752831546292 elapsed_us=6 block_gets=0 block_puts=0 deleted=0
checkpoint_phase lsn=21888 phase=value_index_schedule slot=0 started_ns=1790174752831612000 ended_ns=1790174752832075000 elapsed_us=463 block_gets=0 block_puts=0 deleted=0
checkpoint_phase lsn=21892 phase=value_index_schedule slot=0 started_ns=1790174752840847000 ended_ns=1790174752840852833 elapsed_us=5 block_gets=0 block_puts=0 deleted=0
checkpoint_phase lsn=21892 phase=value_index_schedule slot=0 started_ns=1790174752840922000 ended_ns=1790174752841391000 elapsed_us=469 block_gets=0 block_puts=0 deleted=0
checkpoint_phase lsn=21900 phase=value_index_schedule slot=0 started_ns=1790174752879821000 ended_ns=1790174752879826750 elapsed_us=5 block_gets=0 block_puts=0 deleted=0
checkpoint_phase lsn=21900 phase=value_index_schedule slot=0 started_ns=1790174752880009000 ended_ns=1790174752880450500 elapsed_us=441 block_gets=0 block_puts=0 deleted=0
checkpoint_phase lsn=21900 phase=value_index_write slot=0 started_ns=1790174752881210000 ended_ns=1790174752881211500 elapsed_us=1 block_gets=0 block_puts=0 deleted=0
checkpoint_phase lsn=21900 phase=value_index_write slot=0 started_ns=1790174752881274000 ended_ns=1790174752881418917 elapsed_us=144 block_gets=0 block_puts=0 deleted=0
checkpoint_phase lsn=21900 phase=value_index_write slot=0 started_ns=1790174752881670000 ended_ns=1790174752881791292 elapsed_us=121 block_gets=0 block_puts=0 deleted=0
checkpoint_phase lsn=21900 phase=value_index_write slot=0 started_ns=1790174752882450000 ended_ns=1790174752882575125 elapsed_us=125 block_gets=0 block_puts=0 deleted=0
checkpoint_phase lsn=21900 phase=value_index_write slot=0 started_ns=1790174752882630000 ended_ns=1790174752882764000 elapsed_us=134 block_gets=0 block_puts=0 deleted=0
checkpoint_phase lsn=21908 phase=value_index_schedule slot=0 started_ns=1790174752905049000 ended_ns=1790174752905054542 elapsed_us=5 block_gets=0 block_puts=0 deleted=0
checkpoint_phase lsn=21908 phase=value_index_schedule slot=0 started_ns=1790174752905118000 ended_ns=1790174752905592917 elapsed_us=474 block_gets=0 block_puts=0 deleted=0
checkpoint_phase lsn=21908 phase=value_index_write slot=0 started_ns=1790174752905967000 ended_ns=1790174752905968792 elapsed_us=1 block_gets=0 block_puts=0 deleted=0
checkpoint_phase lsn=21908 phase=value_index_write slot=0 started_ns=1790174752906523000 ended_ns=1790174752906655500 elapsed_us=132 block_gets=0 block_puts=0 deleted=0
checkpoint_phase lsn=21908 phase=value_index_write slot=0 started_ns=1790174752906859000 ended_ns=1790174752906984459 elapsed_us=125 block_gets=0 block_puts=0 deleted=0
checkpoint_phase lsn=21916 phase=value_index_schedule slot=0 started_ns=1790174752927669000 ended_ns=1790174752927674708 elapsed_us=5 block_gets=0 block_puts=0 deleted=0
checkpoint_phase lsn=21916 phase=value_index_schedule slot=0 started_ns=1790174752927740000 ended_ns=1790174752928204083 elapsed_us=464 block_gets=0 block_puts=0 deleted=0
checkpoint_phase lsn=21916 phase=value_index_write slot=0 started_ns=1790174752928955000 ended_ns=1790174752928956333 elapsed_us=1 block_gets=0 block_puts=0 deleted=0
checkpoint_phase lsn=21916 phase=value_index_write slot=0 started_ns=1790174752929022000 ended_ns=1790174752929156708 elapsed_us=134 block_gets=0 block_puts=0 deleted=0
checkpoint_phase lsn=21916 phase=value_index_write slot=0 started_ns=1790174752929603000 ended_ns=1790174752929729125 elapsed_us=126 block_gets=0 block_puts=0 deleted=0
checkpoint_phase lsn=21924 phase=value_index_schedule slot=0 started_ns=1790174752946863000 ended_ns=1790174752946867666 elapsed_us=4 block_gets=0 block_puts=0 deleted=0
checkpoint_phase lsn=21924 phase=value_index_schedule slot=0 started_ns=1790174752947584000 ended_ns=1790174752948052334 elapsed_us=468 block_gets=0 block_puts=0 deleted=0
checkpoint_phase lsn=21928 phase=value_index_schedule slot=0 started_ns=1790174752957870000 ended_ns=1790174752957875583 elapsed_us=5 block_gets=0 block_puts=0 deleted=0
checkpoint_phase lsn=21928 phase=value_index_schedule slot=0 started_ns=1790174752957948000 ended_ns=1790174752958420125 elapsed_us=472 block_gets=0 block_puts=0 deleted=0
checkpoint_phase lsn=21932 phase=value_index_schedule slot=0 started_ns=1790174752970137000 ended_ns=1790174752970142500 elapsed_us=5 block_gets=0 block_puts=0 deleted=0
checkpoint_phase lsn=21932 phase=value_index_schedule slot=0 started_ns=1790174752970213000 ended_ns=1790174752970692542 elapsed_us=479 block_gets=0 block_puts=0 deleted=0
checkpoint_phase lsn=21932 phase=value_index_write slot=0 started_ns=1790174752971433000 ended_ns=1790174752971434959 elapsed_us=1 block_gets=0 block_puts=0 deleted=0
checkpoint_phase lsn=21932 phase=value_index_write slot=0 started_ns=1790174752971490000 ended_ns=1790174752971622834 elapsed_us=132 block_gets=0 block_puts=0 deleted=0
checkpoint_phase lsn=21932 phase=value_index_write slot=0 started_ns=1790174752971676000 ended_ns=1790174752971799541 elapsed_us=123 block_gets=0 block_puts=0 deleted=0
checkpoint_phase lsn=21932 phase=value_index_write slot=0 started_ns=1790174752971865000 ended_ns=1790174752971993917 elapsed_us=128 block_gets=0 block_puts=0 deleted=0
checkpoint_phase lsn=21932 phase=value_index_write slot=0 started_ns=1790174752972056000 ended_ns=1790174752972181958 elapsed_us=125 block_gets=0 block_puts=0 deleted=0
checkpoint_phase lsn=21932 phase=value_index_write slot=0 started_ns=1790174752972265000 ended_ns=1790174752972391917 elapsed_us=126 block_gets=0 block_puts=0 deleted=0
checkpoint_phase lsn=21932 phase=value_index_write slot=0 started_ns=1790174752972455000 ended_ns=1790174752986296667 elapsed_us=13841 block_gets=0 block_puts=1 deleted=0
checkpoint_phase lsn=21940 phase=value_index_schedule slot=0 started_ns=1790174753018370000 ended_ns=1790174753018375583 elapsed_us=5 block_gets=0 block_puts=0 deleted=0
checkpoint_phase lsn=21940 phase=value_index_schedule slot=0 started_ns=1790174753018443000 ended_ns=1790174753018910208 elapsed_us=467 block_gets=0 block_puts=0 deleted=0
checkpoint_phase lsn=21940 phase=value_index_write slot=0 started_ns=1790174753019333000 ended_ns=1790174753019334458 elapsed_us=1 block_gets=0 block_puts=0 deleted=0
checkpoint_phase lsn=21940 phase=value_index_write slot=0 started_ns=1790174753019385000 ended_ns=1790174753019515250 elapsed_us=130 block_gets=0 block_puts=0 deleted=0
checkpoint_phase lsn=21940 phase=value_index_write slot=0 started_ns=1790174753019565000 ended_ns=1790174753019688375 elapsed_us=123 block_gets=0 block_puts=0 deleted=0
checkpoint_phase lsn=21940 phase=value_index_write slot=0 started_ns=1790174753019900000 ended_ns=1790174753020023000 elapsed_us=123 block_gets=0 block_puts=0 deleted=0
checkpoint_phase lsn=21940 phase=value_index_write slot=0 started_ns=1790174753020644000 ended_ns=1790174753020766916 elapsed_us=122 block_gets=0 block_puts=0 deleted=0
checkpoint_phase lsn=21940 phase=value_index_write slot=0 started_ns=1790174753020813000 ended_ns=1790174753020935416 elapsed_us=122 block_gets=0 block_puts=0 deleted=0
checkpoint_phase lsn=21948 phase=value_index_schedule slot=0 started_ns=1790174753046315000 ended_ns=1790174753046321250 elapsed_us=6 block_gets=0 block_puts=0 deleted=0
checkpoint_phase lsn=21948 phase=value_index_schedule slot=0 started_ns=1790174753046397000 ended_ns=1790174753046876792 elapsed_us=479 block_gets=0 block_puts=0 deleted=0
checkpoint_phase lsn=21948 phase=value_index_write slot=0 started_ns=1790174753047627000 ended_ns=1790174753047629000 elapsed_us=2 block_gets=0 block_puts=0 deleted=0
checkpoint_phase lsn=21948 phase=value_index_write slot=0 started_ns=1790174753047683000 ended_ns=1790174753047813958 elapsed_us=130 block_gets=0 block_puts=0 deleted=0
checkpoint_phase lsn=21948 phase=value_index_write slot=0 started_ns=1790174753047870000 ended_ns=1790174753047995417 elapsed_us=125 block_gets=0 block_puts=0 deleted=0
checkpoint_phase lsn=21956 phase=value_index_schedule slot=0 started_ns=1790174753068942000 ended_ns=1790174753068947959 elapsed_us=5 block_gets=0 block_puts=0 deleted=0
checkpoint_phase lsn=21956 phase=value_index_schedule slot=0 started_ns=1790174753069221000 ended_ns=1790174753069684542 elapsed_us=463 block_gets=0 block_puts=0 deleted=0
checkpoint_phase lsn=21956 phase=value_index_write slot=0 started_ns=1790174753070343000 ended_ns=1790174753070344542 elapsed_us=1 block_gets=0 block_puts=0 deleted=0
checkpoint_phase lsn=21956 phase=value_index_write slot=0 started_ns=1790174753070408000 ended_ns=1790174753070541083 elapsed_us=133 block_gets=0 block_puts=0 deleted=0
checkpoint_phase lsn=21956 phase=value_index_write slot=0 started_ns=1790174753070600000 ended_ns=1790174753070726917 elapsed_us=126 block_gets=0 block_puts=0 deleted=0
checkpoint_phase lsn=21956 phase=value_index_write slot=0 started_ns=1790174753071367000 ended_ns=1790174753071498292 elapsed_us=131 block_gets=0 block_puts=0 deleted=0
checkpoint_phase lsn=21956 phase=value_index_write slot=0 started_ns=1790174753071741000 ended_ns=1790174753071870167 elapsed_us=129 block_gets=0 block_puts=0 deleted=0
checkpoint_phase lsn=21964 phase=value_index_schedule slot=0 started_ns=1790174753096408000 ended_ns=1790174753096414209 elapsed_us=6 block_gets=0 block_puts=0 deleted=0
checkpoint_phase lsn=21964 phase=value_index_schedule slot=0 started_ns=1790174753096493000 ended_ns=1790174753096996417 elapsed_us=503 block_gets=0 block_puts=0 deleted=0
checkpoint_phase lsn=21972 phase=value_index_schedule slot=0 started_ns=1790174753110864000 ended_ns=1790174753110870083 elapsed_us=6 block_gets=0 block_puts=0 deleted=0
checkpoint_phase lsn=21972 phase=value_index_schedule slot=0 started_ns=1790174753110949000 ended_ns=1790174753111430041 elapsed_us=481 block_gets=0 block_puts=0 deleted=0
checkpoint_phase lsn=21972 phase=value_index_write slot=0 started_ns=1790174753112171000 ended_ns=1790174753112172750 elapsed_us=1 block_gets=0 block_puts=0 deleted=0
checkpoint_phase lsn=21972 phase=value_index_write slot=0 started_ns=1790174753112230000 ended_ns=1790174753112364250 elapsed_us=134 block_gets=0 block_puts=0 deleted=0
checkpoint_phase lsn=21972 phase=value_index_write slot=0 started_ns=1790174753112418000 ended_ns=1790174753112548084 elapsed_us=130 block_gets=0 block_puts=0 deleted=0
checkpoint_phase lsn=21972 phase=value_index_write slot=0 started_ns=1790174753113172000 ended_ns=1790174753113297500 elapsed_us=125 block_gets=0 block_puts=0 deleted=0
checkpoint_phase lsn=21972 phase=value_index_write slot=0 started_ns=1790174753113350000 ended_ns=1790174753113475000 elapsed_us=125 block_gets=0 block_puts=0 deleted=0
checkpoint_phase lsn=21972 phase=value_index_write slot=0 started_ns=1790174753114072000 ended_ns=1790174753114196084 elapsed_us=124 block_gets=0 block_puts=0 deleted=0
checkpoint_phase lsn=21972 phase=value_index_write slot=0 started_ns=1790174753114258000 ended_ns=1790174753124198417 elapsed_us=9940 block_gets=0 block_puts=1 deleted=0
checkpoint_phase lsn=21980 phase=value_index_schedule slot=0 started_ns=1790174753146619000 ended_ns=1790174753146624417 elapsed_us=5 block_gets=0 block_puts=0 deleted=0
checkpoint_phase lsn=21980 phase=value_index_schedule slot=0 started_ns=1790174753146688000 ended_ns=1790174753147154208 elapsed_us=466 block_gets=0 block_puts=0 deleted=0
checkpoint_phase lsn=21988 phase=value_index_schedule slot=0 started_ns=1790174753173205000 ended_ns=1790174753173212167 elapsed_us=7 block_gets=0 block_puts=0 deleted=0
checkpoint_phase lsn=21988 phase=value_index_schedule slot=0 started_ns=1790174753173291000 ended_ns=1790174753173762250 elapsed_us=471 block_gets=0 block_puts=0 deleted=0
checkpoint_phase lsn=21988 phase=value_index_write slot=0 started_ns=1790174753173829000 ended_ns=1790174753173830750 elapsed_us=1 block_gets=0 block_puts=0 deleted=0
checkpoint_phase lsn=21988 phase=value_index_write slot=0 started_ns=1790174753173875000 ended_ns=1790174753174004625 elapsed_us=129 block_gets=0 block_puts=0 deleted=0
checkpoint_phase lsn=21988 phase=value_index_write slot=0 started_ns=1790174753174049000 ended_ns=1790174753174173541 elapsed_us=124 block_gets=0 block_puts=0 deleted=0
checkpoint_phase lsn=21988 phase=value_index_write slot=0 started_ns=1790174753174220000 ended_ns=1790174753174345042 elapsed_us=125 block_gets=0 block_puts=0 deleted=0
checkpoint_phase lsn=21988 phase=value_index_write slot=0 started_ns=1790174753174400000 ended_ns=1790174753174526084 elapsed_us=126 block_gets=0 block_puts=0 deleted=0
checkpoint_phase lsn=21988 phase=value_index_write slot=0 started_ns=1790174753174590000 ended_ns=1790174753174727292 elapsed_us=137 block_gets=0 block_puts=0 deleted=0
checkpoint_phase lsn=21988 phase=value_index_write slot=0 started_ns=1790174753175165000 ended_ns=1790174753195593750 elapsed_us=20428 block_gets=0 block_puts=1 deleted=0
checkpoint_phase lsn=21988 phase=value_index_write slot=0 started_ns=1790174753196305000 ended_ns=1790174753196430417 elapsed_us=125 block_gets=0 block_puts=0 deleted=0
checkpoint_phase lsn=21988 phase=value_index_write slot=0 started_ns=1790174753196484000 ended_ns=1790174753196609250 elapsed_us=125 block_gets=0 block_puts=0 deleted=0
checkpoint_phase lsn=21988 phase=value_index_write slot=0 started_ns=1790174753196663000 ended_ns=1790174753196782542 elapsed_us=119 block_gets=0 block_puts=0 deleted=0
checkpoint_phase lsn=21988 phase=value_index_write slot=0 started_ns=1790174753197405000 ended_ns=1790174753207301459 elapsed_us=9896 block_gets=0 block_puts=2 deleted=0
checkpoint_phase lsn=21988 phase=value_index_schedule slot=0 started_ns=1790174753208003000 ended_ns=1790174753208032834 elapsed_us=29 block_gets=0 block_puts=0 deleted=0
checkpoint_phase lsn=21988 phase=value_index_schedule slot=0 started_ns=1790174753208087000 ended_ns=1790174753209033584 elapsed_us=946 block_gets=0 block_puts=0 deleted=0
checkpoint_phase lsn=22004 phase=value_index_schedule slot=0 started_ns=1790174753233787000 ended_ns=1790174753233792875 elapsed_us=5 block_gets=0 block_puts=0 deleted=0
checkpoint_phase lsn=22004 phase=value_index_schedule slot=0 started_ns=1790174753233864000 ended_ns=1790174753234363167 elapsed_us=499 block_gets=0 block_puts=0 deleted=0
checkpoint_phase lsn=22004 phase=value_index_write slot=0 started_ns=1790174753235074000 ended_ns=1790174753235075750 elapsed_us=1 block_gets=0 block_puts=0 deleted=0
checkpoint_phase lsn=22004 phase=value_index_write slot=0 started_ns=1790174753235134000 ended_ns=1790174753235264292 elapsed_us=130 block_gets=0 block_puts=0 deleted=0
checkpoint_phase lsn=22004 phase=value_index_write slot=0 started_ns=1790174753235477000 ended_ns=1790174753235600125 elapsed_us=123 block_gets=0 block_puts=0 deleted=0
checkpoint_phase lsn=22004 phase=value_index_write slot=0 started_ns=1790174753236185000 ended_ns=1790174753236310250 elapsed_us=125 block_gets=0 block_puts=0 deleted=0
checkpoint_phase lsn=22004 phase=value_index_write slot=0 started_ns=1790174753236366000 ended_ns=1790174753236488542 elapsed_us=122 block_gets=0 block_puts=0 deleted=0
checkpoint_phase lsn=22004 phase=value_index_write slot=0 started_ns=1790174753237125000 ended_ns=1790174753237248209 elapsed_us=123 block_gets=0 block_puts=0 deleted=0
checkpoint_phase lsn=22004 phase=value_index_write slot=0 started_ns=1790174753237305000 ended_ns=1790174753259498000 elapsed_us=22193 block_gets=0 block_puts=1 deleted=0
checkpoint_phase lsn=22008 phase=value_index_schedule slot=0 started_ns=1790174753272241000 ended_ns=1790174753272246458 elapsed_us=5 block_gets=0 block_puts=0 deleted=0
checkpoint_phase lsn=22008 phase=value_index_schedule slot=0 started_ns=1790174753272314000 ended_ns=1790174753272859417 elapsed_us=545 block_gets=0 block_puts=0 deleted=0
checkpoint_phase lsn=22020 phase=value_index_schedule slot=0 started_ns=1790174753300639000 ended_ns=1790174753300645541 elapsed_us=6 block_gets=0 block_puts=0 deleted=0
checkpoint_phase lsn=22020 phase=value_index_schedule slot=0 started_ns=1790174753300720000 ended_ns=1790174753301220166 elapsed_us=500 block_gets=0 block_puts=0 deleted=0
checkpoint_phase lsn=22020 phase=value_index_write slot=0 started_ns=1790174753301945000 ended_ns=1790174753301946583 elapsed_us=1 block_gets=0 block_puts=0 deleted=0
checkpoint_phase lsn=22020 phase=value_index_write slot=0 started_ns=1790174753302008000 ended_ns=1790174753302136584 elapsed_us=128 block_gets=0 block_puts=0 deleted=0
checkpoint_phase lsn=22020 phase=value_index_write slot=0 started_ns=1790174753302193000 ended_ns=1790174753302317541 elapsed_us=124 block_gets=0 block_puts=0 deleted=0
checkpoint_phase lsn=22020 phase=value_index_write slot=0 started_ns=1790174753302948000 ended_ns=1790174753303072416 elapsed_us=124 block_gets=0 block_puts=0 deleted=0
checkpoint_phase lsn=22020 phase=value_index_write slot=0 started_ns=1790174753303140000 ended_ns=1790174753303267667 elapsed_us=127 block_gets=0 block_puts=0 deleted=0
checkpoint_phase lsn=22020 phase=value_index_write slot=0 started_ns=1790174753303962000 ended_ns=1790174753304085583 elapsed_us=123 block_gets=0 block_puts=0 deleted=0
checkpoint_phase lsn=22020 phase=value_index_write slot=0 started_ns=1790174753304145000 ended_ns=1790174753314720916 elapsed_us=10575 block_gets=0 block_puts=1 deleted=0
checkpoint_phase lsn=22024 phase=value_index_schedule slot=0 started_ns=1790174753327220000 ended_ns=1790174753327226250 elapsed_us=6 block_gets=0 block_puts=0 deleted=0
checkpoint_phase lsn=22024 phase=value_index_schedule slot=0 started_ns=1790174753327296000 ended_ns=1790174753327788375 elapsed_us=492 block_gets=0 block_puts=0 deleted=0
checkpoint_phase lsn=22036 phase=value_index_schedule slot=0 started_ns=1790174753346209000 ended_ns=1790174753346214375 elapsed_us=5 block_gets=0 block_puts=0 deleted=0
checkpoint_phase lsn=22036 phase=value_index_schedule slot=0 started_ns=1790174753346290000 ended_ns=1790174753346794334 elapsed_us=504 block_gets=0 block_puts=0 deleted=0
checkpoint_phase lsn=22036 phase=value_index_write slot=0 started_ns=1790174753347531000 ended_ns=1790174753347532708 elapsed_us=1 block_gets=0 block_puts=0 deleted=0
checkpoint_phase lsn=22036 phase=value_index_write slot=0 started_ns=1790174753347596000 ended_ns=1790174753347728167 elapsed_us=132 block_gets=0 block_puts=0 deleted=0
checkpoint_phase lsn=22036 phase=value_index_write slot=0 started_ns=1790174753347788000 ended_ns=1790174753347912791 elapsed_us=124 block_gets=0 block_puts=0 deleted=0
checkpoint_phase lsn=22036 phase=value_index_write slot=0 started_ns=1790174753348589000 ended_ns=1790174753348711292 elapsed_us=122 block_gets=0 block_puts=0 deleted=0
checkpoint_phase lsn=22036 phase=value_index_write slot=0 started_ns=1790174753348779000 ended_ns=1790174753348924250 elapsed_us=145 block_gets=0 block_puts=0 deleted=0
checkpoint_phase lsn=22036 phase=value_index_write slot=0 started_ns=1790174753349545000 ended_ns=1790174753349670291 elapsed_us=125 block_gets=0 block_puts=0 deleted=0
checkpoint_phase lsn=22036 phase=value_index_write slot=0 started_ns=1790174753349731000 ended_ns=1790174753356822916 elapsed_us=7091 block_gets=0 block_puts=1 deleted=0
checkpoint_phase lsn=22040 phase=value_index_schedule slot=0 started_ns=1790174753370176000 ended_ns=1790174753370182083 elapsed_us=6 block_gets=0 block_puts=0 deleted=0
checkpoint_phase lsn=22040 phase=value_index_schedule slot=0 started_ns=1790174753370255000 ended_ns=1790174753370764750 elapsed_us=509 block_gets=0 block_puts=0 deleted=0
checkpoint_phase lsn=22052 phase=value_index_schedule slot=0 started_ns=1790174753398318000 ended_ns=1790174753398323875 elapsed_us=5 block_gets=0 block_puts=0 deleted=0
checkpoint_phase lsn=22052 phase=value_index_schedule slot=0 started_ns=1790174753398398000 ended_ns=1790174753398918333 elapsed_us=520 block_gets=0 block_puts=0 deleted=0
checkpoint_phase lsn=22052 phase=value_index_write slot=0 started_ns=1790174753399675000 ended_ns=1790174753399676625 elapsed_us=1 block_gets=0 block_puts=0 deleted=0
checkpoint_phase lsn=22052 phase=value_index_write slot=0 started_ns=1790174753399741000 ended_ns=1790174753399869958 elapsed_us=128 block_gets=0 block_puts=0 deleted=0
checkpoint_phase lsn=22052 phase=value_index_write slot=0 started_ns=1790174753399923000 ended_ns=1790174753400044958 elapsed_us=121 block_gets=0 block_puts=0 deleted=0
checkpoint_phase lsn=22052 phase=value_index_write slot=0 started_ns=1790174753400091000 ended_ns=1790174753400211875 elapsed_us=120 block_gets=0 block_puts=0 deleted=0
checkpoint_phase lsn=22052 phase=value_index_write slot=0 started_ns=1790174753400257000 ended_ns=1790174753400377625 elapsed_us=120 block_gets=0 block_puts=0 deleted=0
checkpoint_phase lsn=22052 phase=value_index_write slot=0 started_ns=1790174753400426000 ended_ns=1790174753400546500 elapsed_us=120 block_gets=0 block_puts=0 deleted=0
checkpoint_phase lsn=22052 phase=value_index_write slot=0 started_ns=1790174753400593000 ended_ns=1790174753417929833 elapsed_us=17336 block_gets=0 block_puts=1 deleted=0
checkpoint_phase lsn=22052 phase=value_index_write slot=0 started_ns=1790174753418670000 ended_ns=1790174753418791541 elapsed_us=121 block_gets=0 block_puts=0 deleted=0
checkpoint_phase lsn=22052 phase=value_index_write slot=0 started_ns=1790174753418852000 ended_ns=1790174753418980667 elapsed_us=128 block_gets=0 block_puts=0 deleted=0
checkpoint_phase lsn=22052 phase=value_index_write slot=0 started_ns=1790174753419037000 ended_ns=1790174753419161667 elapsed_us=124 block_gets=0 block_puts=0 deleted=0
checkpoint_phase lsn=22052 phase=value_index_write slot=0 started_ns=1790174753419790000 ended_ns=1790174753438554333 elapsed_us=18764 block_gets=0 block_puts=2 deleted=0
checkpoint_phase lsn=22056 phase=value_index_schedule slot=0 started_ns=1790174753452949000 ended_ns=1790174753452954667 elapsed_us=5 block_gets=0 block_puts=0 deleted=0
checkpoint_phase lsn=22056 phase=value_index_schedule slot=0 started_ns=1790174753453031000 ended_ns=1790174753453542208 elapsed_us=511 block_gets=0 block_puts=0 deleted=0
checkpoint_phase lsn=22068 phase=value_index_schedule slot=0 started_ns=1790174753473731000 ended_ns=1790174753473736958 elapsed_us=5 block_gets=0 block_puts=0 deleted=0
checkpoint_phase lsn=22068 phase=value_index_schedule slot=0 started_ns=1790174753473807000 ended_ns=1790174753474318416 elapsed_us=511 block_gets=0 block_puts=0 deleted=0
checkpoint_phase lsn=22068 phase=value_index_write slot=0 started_ns=1790174753475040000 ended_ns=1790174753475041625 elapsed_us=1 block_gets=0 block_puts=0 deleted=0
checkpoint_phase lsn=22068 phase=value_index_write slot=0 started_ns=1790174753475098000 ended_ns=1790174753475231209 elapsed_us=133 block_gets=0 block_puts=0 deleted=0
checkpoint_phase lsn=22068 phase=value_index_write slot=0 started_ns=1790174753475280000 ended_ns=1790174753475404875 elapsed_us=124 block_gets=0 block_puts=0 deleted=0
checkpoint_phase lsn=22068 phase=value_index_write slot=0 started_ns=1790174753475455000 ended_ns=1790174753475577667 elapsed_us=122 block_gets=0 block_puts=0 deleted=0
checkpoint_phase lsn=22068 phase=value_index_write slot=0 started_ns=1790174753475624000 ended_ns=1790174753475746291 elapsed_us=122 block_gets=0 block_puts=0 deleted=0
checkpoint_phase lsn=22068 phase=value_index_write slot=0 started_ns=1790174753475797000 ended_ns=1790174753475921042 elapsed_us=124 block_gets=0 block_puts=0 deleted=0
checkpoint_phase lsn=22068 phase=value_index_write slot=0 started_ns=1790174753475974000 ended_ns=1790174753485636000 elapsed_us=9662 block_gets=0 block_puts=1 deleted=0
checkpoint_phase lsn=22068 phase=value_index_write slot=0 started_ns=1790174753486388000 ended_ns=1790174753486513958 elapsed_us=125 block_gets=0 block_puts=0 deleted=0
checkpoint_phase lsn=22068 phase=value_index_write slot=0 started_ns=1790174753486573000 ended_ns=1790174753486696917 elapsed_us=123 block_gets=0 block_puts=0 deleted=0
checkpoint_phase lsn=22068 phase=value_index_write slot=0 started_ns=1790174753486925000 ended_ns=1790174753487048667 elapsed_us=123 block_gets=0 block_puts=0 deleted=0
checkpoint_phase lsn=22068 phase=value_index_write slot=0 started_ns=1790174753487655000 ended_ns=1790174753497409708 elapsed_us=9754 block_gets=0 block_puts=2 deleted=0
checkpoint_phase lsn=22076 phase=value_index_schedule slot=0 started_ns=1790174753513083000 ended_ns=1790174753513088458 elapsed_us=5 block_gets=0 block_puts=0 deleted=0
checkpoint_phase lsn=22076 phase=value_index_schedule slot=0 started_ns=1790174753513167000 ended_ns=1790174753513682708 elapsed_us=515 block_gets=0 block_puts=0 deleted=0
checkpoint_phase lsn=22084 phase=value_index_schedule slot=0 started_ns=1790174753529392000 ended_ns=1790174753529397709 elapsed_us=5 block_gets=0 block_puts=0 deleted=0
checkpoint_phase lsn=22084 phase=value_index_schedule slot=0 started_ns=1790174753529470000 ended_ns=1790174753530019542 elapsed_us=549 block_gets=0 block_puts=0 deleted=0
checkpoint_phase lsn=22084 phase=value_index_write slot=0 started_ns=1790174753530736000 ended_ns=1790174753530737583 elapsed_us=1 block_gets=0 block_puts=0 deleted=0
checkpoint_phase lsn=22084 phase=value_index_write slot=0 started_ns=1790174753530796000 ended_ns=1790174753530928458 elapsed_us=132 block_gets=0 block_puts=0 deleted=0
checkpoint_phase lsn=22084 phase=value_index_write slot=0 started_ns=1790174753530979000 ended_ns=1790174753531104500 elapsed_us=125 block_gets=0 block_puts=0 deleted=0
checkpoint_phase lsn=22084 phase=value_index_write slot=0 started_ns=1790174753531678000 ended_ns=1790174753531804542 elapsed_us=126 block_gets=0 block_puts=0 deleted=0
checkpoint_phase lsn=22084 phase=value_index_write slot=0 started_ns=1790174753531863000 ended_ns=1790174753531990625 elapsed_us=127 block_gets=0 block_puts=0 deleted=0
checkpoint_phase lsn=22084 phase=value_index_write slot=0 started_ns=1790174753532660000 ended_ns=1790174753532784375 elapsed_us=124 block_gets=0 block_puts=0 deleted=0
checkpoint_phase lsn=22084 phase=value_index_write slot=0 started_ns=1790174753532840000 ended_ns=1790174753547434209 elapsed_us=14594 block_gets=0 block_puts=1 deleted=0
checkpoint_phase lsn=22092 phase=value_index_schedule slot=0 started_ns=1790174753568475000 ended_ns=1790174753568480875 elapsed_us=5 block_gets=0 block_puts=0 deleted=0
checkpoint_phase lsn=22092 phase=value_index_schedule slot=0 started_ns=1790174753568559000 ended_ns=1790174753569074542 elapsed_us=515 block_gets=0 block_puts=0 deleted=0
checkpoint_phase lsn=22092 phase=value_index_write slot=0 started_ns=1790174753569130000 ended_ns=1790174753569131542 elapsed_us=1 block_gets=0 block_puts=0 deleted=0
checkpoint_phase lsn=22092 phase=value_index_write slot=0 started_ns=1790174753569191000 ended_ns=1790174753569322917 elapsed_us=131 block_gets=0 block_puts=0 deleted=0
checkpoint_phase lsn=22092 phase=value_index_write slot=0 started_ns=1790174753569383000 ended_ns=1790174753569510208 elapsed_us=127 block_gets=0 block_puts=0 deleted=0
checkpoint_phase lsn=22092 phase=value_index_write slot=0 started_ns=1790174753569562000 ended_ns=1790174753569687708 elapsed_us=125 block_gets=0 block_puts=0 deleted=0
checkpoint_phase lsn=22092 phase=value_index_write slot=0 started_ns=1790174753569737000 ended_ns=1790174753569863541 elapsed_us=126 block_gets=0 block_puts=0 deleted=0
checkpoint_phase lsn=22092 phase=value_index_write slot=0 started_ns=1790174753569909000 ended_ns=1790174753570033375 elapsed_us=124 block_gets=0 block_puts=0 deleted=0
checkpoint_phase lsn=22092 phase=value_index_write slot=0 started_ns=1790174753570079000 ended_ns=1790174753586968833 elapsed_us=16889 block_gets=0 block_puts=1 deleted=0
checkpoint_phase lsn=22092 phase=value_index_write slot=0 started_ns=1790174753587107000 ended_ns=1790174753587232708 elapsed_us=125 block_gets=0 block_puts=0 deleted=0
checkpoint_phase lsn=22092 phase=value_index_write slot=0 started_ns=1790174753587333000 ended_ns=1790174753587456500 elapsed_us=123 block_gets=0 block_puts=0 deleted=0
checkpoint_phase lsn=22092 phase=value_index_write slot=0 started_ns=1790174753587649000 ended_ns=1790174753587772709 elapsed_us=123 block_gets=0 block_puts=0 deleted=0
checkpoint_phase lsn=22092 phase=value_index_write slot=0 started_ns=1790174753587815000 ended_ns=1790174753601775209 elapsed_us=13960 block_gets=0 block_puts=2 deleted=0
checkpoint_phase lsn=22092 phase=value_index_schedule slot=0 started_ns=1790174753601842000 ended_ns=1790174753601852750 elapsed_us=10 block_gets=0 block_puts=0 deleted=0
checkpoint_phase lsn=22092 phase=value_index_schedule slot=0 started_ns=1790174753601900000 ended_ns=1790174753602894708 elapsed_us=994 block_gets=0 block_puts=0 deleted=0
checkpoint_phase lsn=22092 phase=value_index_write slot=0 started_ns=1790174753602952000 ended_ns=1790174753609799500 elapsed_us=6847 block_gets=0 block_puts=3 deleted=0
checkpoint_phase lsn=22092 phase=value_index_write slot=0 started_ns=1790174753609881000 ended_ns=1790174753619290250 elapsed_us=9409 block_gets=0 block_puts=4 deleted=0
checkpoint_phase lsn=22092 phase=value_index_write slot=0 started_ns=1790174753619362000 ended_ns=1790174753626752458 elapsed_us=7390 block_gets=0 block_puts=4 deleted=0
checkpoint_phase lsn=22092 phase=value_index_write slot=0 started_ns=1790174753626824000 ended_ns=1790174753651766209 elapsed_us=24942 block_gets=0 block_puts=4 deleted=0
checkpoint_phase lsn=22092 phase=value_index_write slot=0 started_ns=1790174753651893000 ended_ns=1790174753673011708 elapsed_us=21118 block_gets=0 block_puts=4 deleted=0
checkpoint_phase lsn=22092 phase=value_index_write slot=0 started_ns=1790174753673135000 ended_ns=1790174753687212708 elapsed_us=14077 block_gets=0 block_puts=4 deleted=0
checkpoint_phase lsn=22092 phase=value_index_write slot=0 started_ns=1790174753687266000 ended_ns=1790174753698317083 elapsed_us=11051 block_gets=0 block_puts=4 deleted=0
checkpoint_phase lsn=22092 phase=value_index_write slot=0 started_ns=1790174753698330000 ended_ns=1790174753711920333 elapsed_us=13590 block_gets=0 block_puts=4 deleted=0
checkpoint_phase lsn=22092 phase=value_index_write slot=0 started_ns=1790174753711934000 ended_ns=1790174753726591958 elapsed_us=14657 block_gets=0 block_puts=4 deleted=0
checkpoint_phase lsn=22092 phase=value_index_write slot=0 started_ns=1790174753726604000 ended_ns=1790174753743670666 elapsed_us=17066 block_gets=0 block_puts=4 deleted=0
checkpoint_phase lsn=22092 phase=value_index_write slot=0 started_ns=1790174753743681000 ended_ns=1790174753749270000 elapsed_us=5589 block_gets=0 block_puts=3 deleted=0
checkpoint_phase lsn=22092 phase=value_index_schedule slot=0 started_ns=1790174753749284000 ended_ns=1790174753749316583 elapsed_us=32 block_gets=0 block_puts=0 deleted=0
checkpoint_phase lsn=22092 phase=value_index_schedule slot=0 started_ns=1790174753749321000 ended_ns=1790174753750487709 elapsed_us=1166 block_gets=0 block_puts=0 deleted=0
checkpoint_phase lsn=22092 phase=value_index_write slot=0 started_ns=1790174753750513000 ended_ns=1790174753762080542 elapsed_us=11567 block_gets=0 block_puts=3 deleted=0
checkpoint_phase lsn=22092 phase=value_index_write slot=0 started_ns=1790174753762094000 ended_ns=1790174753781562292 elapsed_us=19468 block_gets=0 block_puts=4 deleted=0
checkpoint_phase lsn=22092 phase=value_index_write slot=0 started_ns=1790174753781573000 ended_ns=1790174753804030083 elapsed_us=22457 block_gets=0 block_puts=4 deleted=0
checkpoint_phase lsn=22092 phase=value_index_write slot=0 started_ns=1790174753804045000 ended_ns=1790174753823612750 elapsed_us=19567 block_gets=0 block_puts=4 deleted=0
checkpoint_phase lsn=22092 phase=value_index_write slot=0 started_ns=1790174753823626000 ended_ns=1790174753833483625 elapsed_us=9857 block_gets=0 block_puts=4 deleted=0
checkpoint_phase lsn=22092 phase=value_index_write slot=0 started_ns=1790174753833496000 ended_ns=1790174753850113500 elapsed_us=16617 block_gets=0 block_puts=4 deleted=0
checkpoint_phase lsn=22092 phase=value_index_write slot=0 started_ns=1790174753850130000 ended_ns=1790174753866308334 elapsed_us=16178 block_gets=0 block_puts=4 deleted=0
checkpoint_phase lsn=22092 phase=value_index_write slot=0 started_ns=1790174753866324000 ended_ns=1790174753878900500 elapsed_us=12576 block_gets=0 block_puts=4 deleted=0
checkpoint_phase lsn=22092 phase=value_index_write slot=0 started_ns=1790174753878915000 ended_ns=1790174753886617541 elapsed_us=7702 block_gets=0 block_puts=4 deleted=0
checkpoint_phase lsn=22092 phase=value_index_write slot=0 started_ns=1790174753886630000 ended_ns=1790174753902391375 elapsed_us=15761 block_gets=0 block_puts=4 deleted=0
checkpoint_phase lsn=22092 phase=value_index_write slot=0 started_ns=1790174753902405000 ended_ns=1790174753907477708 elapsed_us=5072 block_gets=0 block_puts=3 deleted=0
checkpoint_phase lsn=22092 phase=row_sst_delta slot=0 started_ns=1790174753907495000 ended_ns=1790174753948305708 elapsed_us=40810 block_gets=0 block_puts=4 deleted=0
checkpoint_phase lsn=22092 phase=manifest slot=-1 started_ns=1790174753948327000 ended_ns=1790174753965352083 elapsed_us=17025 block_gets=0 block_puts=0 deleted=0
checkpoint_phase lsn=22092 phase=local_cleanup slot=-1 started_ns=1790174753965402000 ended_ns=1790174753965471042 elapsed_us=69 block_gets=0 block_puts=0 deleted=0
checkpoint_phase lsn=22092 phase=commit_prune slot=-1 started_ns=1790174753965477000 ended_ns=1790174754007802166 elapsed_us=42325 block_gets=0 block_puts=0 deleted=16
checkpoint_phase lsn=22092 phase=commit_prune slot=-1 started_ns=1790174754007811000 ended_ns=1790174754040920500 elapsed_us=33109 block_gets=0 block_puts=0 deleted=16
checkpoint_phase lsn=22092 phase=commit_prune slot=-1 started_ns=1790174754040938000 ended_ns=1790174754072147042 elapsed_us=31209 block_gets=0 block_puts=0 deleted=16
checkpoint_phase lsn=22092 phase=commit_prune slot=-1 started_ns=1790174754072168000 ended_ns=1790174754090422959 elapsed_us=18254 block_gets=0 block_puts=0 deleted=16
checkpoint_phase lsn=22092 phase=commit_prune slot=-1 started_ns=1790174754090439000 ended_ns=1790174754102577916 elapsed_us=12138 block_gets=0 block_puts=0 deleted=16
checkpoint_phase lsn=22092 phase=commit_prune slot=-1 started_ns=1790174754102597000 ended_ns=1790174754117298500 elapsed_us=14701 block_gets=0 block_puts=0 deleted=16
checkpoint_phase lsn=22092 phase=commit_prune slot=-1 started_ns=1790174754117318000 ended_ns=1790174754132626000 elapsed_us=15308 block_gets=0 block_puts=0 deleted=16
checkpoint_phase lsn=22092 phase=commit_prune slot=-1 started_ns=1790174754132639000 ended_ns=1790174754148042458 elapsed_us=15403 block_gets=0 block_puts=0 deleted=16
checkpoint_phase lsn=22092 phase=commit_prune slot=-1 started_ns=1790174754148054000 ended_ns=1790174754165733375 elapsed_us=17679 block_gets=0 block_puts=0 deleted=16
checkpoint_phase lsn=22092 phase=commit_prune slot=-1 started_ns=1790174754165749000 ended_ns=1790174754195155625 elapsed_us=29406 block_gets=0 block_puts=0 deleted=16
checkpoint_phase lsn=22092 phase=commit_prune slot=-1 started_ns=1790174754195166000 ended_ns=1790174754216520125 elapsed_us=21354 block_gets=0 block_puts=0 deleted=16
checkpoint_phase lsn=22092 phase=commit_prune slot=-1 started_ns=1790174754216539000 ended_ns=1790174754231101792 elapsed_us=14562 block_gets=0 block_puts=0 deleted=16
checkpoint_phase lsn=22092 phase=commit_prune slot=-1 started_ns=1790174754231129000 ended_ns=1790174754246522708 elapsed_us=15393 block_gets=0 block_puts=0 deleted=16
checkpoint_phase lsn=22092 phase=commit_prune slot=-1 started_ns=1790174754246539000 ended_ns=1790174754258260708 elapsed_us=11721 block_gets=0 block_puts=0 deleted=16
checkpoint_phase lsn=22092 phase=commit_prune slot=-1 started_ns=1790174754258281000 ended_ns=1790174754265728500 elapsed_us=7447 block_gets=0 block_puts=0 deleted=16
checkpoint_phase lsn=22092 phase=commit_prune slot=-1 started_ns=1790174754265748000 ended_ns=1790174754273652250 elapsed_us=7904 block_gets=0 block_puts=0 deleted=16
checkpoint_phase lsn=22092 phase=commit_prune slot=-1 started_ns=1790174754273667000 ended_ns=1790174754281025292 elapsed_us=7358 block_gets=0 block_puts=0 deleted=16
checkpoint_phase lsn=22092 phase=commit_prune slot=-1 started_ns=1790174754281043000 ended_ns=1790174754288469042 elapsed_us=7426 block_gets=0 block_puts=0 deleted=16
checkpoint_phase lsn=22092 phase=commit_prune slot=-1 started_ns=1790174754288489000 ended_ns=1790174754295496416 elapsed_us=7007 block_gets=0 block_puts=0 deleted=16
checkpoint_phase lsn=22092 phase=commit_prune slot=-1 started_ns=1790174754295516000 ended_ns=1790174754302617667 elapsed_us=7101 block_gets=0 block_puts=0 deleted=16
checkpoint_phase lsn=22092 phase=commit_prune slot=-1 started_ns=1790174754302644000 ended_ns=1790174754331625875 elapsed_us=28981 block_gets=0 block_puts=0 deleted=16
checkpoint_phase lsn=22092 phase=commit_prune slot=-1 started_ns=1790174754331647000 ended_ns=1790174754359822334 elapsed_us=28175 block_gets=0 block_puts=0 deleted=16
checkpoint_phase lsn=22092 phase=commit_prune slot=-1 started_ns=1790174754359837000 ended_ns=1790174754372658459 elapsed_us=12821 block_gets=0 block_puts=0 deleted=16
checkpoint_phase lsn=22092 phase=commit_prune slot=-1 started_ns=1790174754372678000 ended_ns=1790174754381923791 elapsed_us=9245 block_gets=0 block_puts=0 deleted=16
checkpoint_phase lsn=22092 phase=commit_prune slot=-1 started_ns=1790174754381943000 ended_ns=1790174754390349667 elapsed_us=8406 block_gets=0 block_puts=0 deleted=16
checkpoint_phase lsn=22092 phase=commit_prune slot=-1 started_ns=1790174754390367000 ended_ns=1790174754400713833 elapsed_us=10346 block_gets=0 block_puts=0 deleted=16
checkpoint_phase lsn=22092 phase=commit_prune slot=-1 started_ns=1790174754400738000 ended_ns=1790174754409193666 elapsed_us=8455 block_gets=0 block_puts=0 deleted=16
checkpoint_phase lsn=22092 phase=commit_prune slot=-1 started_ns=1790174754409215000 ended_ns=1790174754418378209 elapsed_us=9163 block_gets=0 block_puts=0 deleted=16
checkpoint_phase lsn=22092 phase=commit_prune slot=-1 started_ns=1790174754418396000 ended_ns=1790174754426910208 elapsed_us=8514 block_gets=0 block_puts=0 deleted=16
checkpoint_phase lsn=22092 phase=commit_prune slot=-1 started_ns=1790174754426932000 ended_ns=1790174754438390167 elapsed_us=11458 block_gets=0 block_puts=0 deleted=16
checkpoint_phase lsn=22092 phase=commit_prune slot=-1 started_ns=1790174754438403000 ended_ns=1790174754447680000 elapsed_us=9277 block_gets=0 block_puts=0 deleted=16
checkpoint_phase lsn=22092 phase=commit_prune slot=-1 started_ns=1790174754447701000 ended_ns=1790174754477285250 elapsed_us=29584 block_gets=0 block_puts=0 deleted=16
checkpoint_phase lsn=22092 phase=commit_prune slot=-1 started_ns=1790174754477306000 ended_ns=1790174754503009625 elapsed_us=25703 block_gets=0 block_puts=0 deleted=16
checkpoint_phase lsn=22092 phase=commit_prune slot=-1 started_ns=1790174754503028000 ended_ns=1790174754519599125 elapsed_us=16571 block_gets=0 block_puts=0 deleted=16
checkpoint_phase lsn=22092 phase=commit_prune slot=-1 started_ns=1790174754519612000 ended_ns=1790174754531470417 elapsed_us=11858 block_gets=0 block_puts=0 deleted=16
checkpoint_phase lsn=22092 phase=commit_prune slot=-1 started_ns=1790174754531483000 ended_ns=1790174754542269958 elapsed_us=10786 block_gets=0 block_puts=0 deleted=16
checkpoint_phase lsn=22092 phase=commit_prune slot=-1 started_ns=1790174754542285000 ended_ns=1790174754551660292 elapsed_us=9375 block_gets=0 block_puts=0 deleted=16
checkpoint_phase lsn=22092 phase=commit_prune slot=-1 started_ns=1790174754551681000 ended_ns=1790174754563179334 elapsed_us=11498 block_gets=0 block_puts=0 deleted=16
checkpoint_phase lsn=22092 phase=commit_prune slot=-1 started_ns=1790174754563193000 ended_ns=1790174754574591250 elapsed_us=11398 block_gets=0 block_puts=0 deleted=16
checkpoint_phase lsn=22092 phase=commit_prune slot=-1 started_ns=1790174754574606000 ended_ns=1790174754585493667 elapsed_us=10887 block_gets=0 block_puts=0 deleted=14
checkpoint_phase lsn=22092 phase=legacy_gc slot=-1 started_ns=1790174754585512000 ended_ns=1790174754585955750 elapsed_us=443 block_gets=0 block_puts=0 deleted=0
checkpoint_phase lsn=22092 phase=gc_keep slot=-1 started_ns=1790174754585965000 ended_ns=1790174754587578500 elapsed_us=1613 block_gets=0 block_puts=0 deleted=0
checkpoint_phase lsn=22092 phase=gc_list slot=-1 started_ns=1790174754587584000 ended_ns=1790174754639802458 elapsed_us=52218 block_gets=0 block_puts=0 deleted=0
checkpoint_phase lsn=22092 phase=gc_delete slot=-1 started_ns=1790174754639817000 ended_ns=1790174754654257334 elapsed_us=14440 block_gets=0 block_puts=0 deleted=16
checkpoint_phase lsn=22092 phase=gc_delete slot=-1 started_ns=1790174754654276000 ended_ns=1790174754671425541 elapsed_us=17149 block_gets=0 block_puts=0 deleted=16
checkpoint_phase lsn=22092 phase=gc_delete slot=-1 started_ns=1790174754671444000 ended_ns=1790174754685264458 elapsed_us=13820 block_gets=0 block_puts=0 deleted=16
checkpoint_phase lsn=22092 phase=gc_delete slot=-1 started_ns=1790174754685283000 ended_ns=1790174754694806334 elapsed_us=9523 block_gets=0 block_puts=0 deleted=16
checkpoint_phase lsn=22092 phase=gc_delete slot=-1 started_ns=1790174754694822000 ended_ns=1790174754702134250 elapsed_us=7312 block_gets=0 block_puts=0 deleted=16
checkpoint_phase lsn=22092 phase=gc_delete slot=-1 started_ns=1790174754702156000 ended_ns=1790174754710565958 elapsed_us=8409 block_gets=0 block_puts=0 deleted=16
checkpoint_phase lsn=22092 phase=gc_delete slot=-1 started_ns=1790174754710585000 ended_ns=1790174754719046334 elapsed_us=8461 block_gets=0 block_puts=0 deleted=16
checkpoint_phase lsn=22092 phase=gc_delete slot=-1 started_ns=1790174754719064000 ended_ns=1790174754727341125 elapsed_us=8277 block_gets=0 block_puts=0 deleted=16
checkpoint_phase lsn=22092 phase=row_merge_schedule slot=0 started_ns=1790174754727516000 ended_ns=1790174754727848583 elapsed_us=332 block_gets=0 block_puts=0 deleted=0
checkpoint_phase lsn=22092 phase=row_merge_schedule slot=0 started_ns=1790174754727908000 ended_ns=1790174754728175042 elapsed_us=267 block_gets=0 block_puts=0 deleted=0
checkpoint_phase lsn=22092 phase=row_merge_schedule slot=0 started_ns=1790174754728231000 ended_ns=1790174754728498583 elapsed_us=267 block_gets=0 block_puts=0 deleted=0
checkpoint_phase lsn=22092 phase=row_merge_schedule slot=0 started_ns=1790174754728567000 ended_ns=1790174754728832833 elapsed_us=265 block_gets=0 block_puts=0 deleted=0
checkpoint_phase lsn=22092 phase=row_merge_schedule slot=0 started_ns=1790174754728896000 ended_ns=1790174754729155250 elapsed_us=259 block_gets=0 block_puts=0 deleted=0
checkpoint_phase lsn=22092 phase=row_merge_schedule slot=0 started_ns=1790174754729209000 ended_ns=1790174754729460458 elapsed_us=251 block_gets=0 block_puts=0 deleted=0
checkpoint_phase lsn=22092 phase=row_merge_schedule slot=0 started_ns=1790174754729514000 ended_ns=1790174754729766750 elapsed_us=252 block_gets=0 block_puts=0 deleted=0
checkpoint_phase lsn=22092 phase=row_merge_schedule slot=0 started_ns=1790174754729813000 ended_ns=1790174754730064125 elapsed_us=251 block_gets=0 block_puts=0 deleted=0
checkpoint_phase lsn=22092 phase=row_merge_schedule slot=0 started_ns=1790174754730116000 ended_ns=1790174754730401750 elapsed_us=285 block_gets=0 block_puts=0 deleted=0
checkpoint_phase lsn=22092 phase=row_merge_schedule slot=0 started_ns=1790174754730451000 ended_ns=1790174754730733084 elapsed_us=282 block_gets=0 block_puts=0 deleted=0
checkpoint_phase lsn=22092 phase=row_merge_schedule slot=0 started_ns=1790174754730780000 ended_ns=1790174754731032416 elapsed_us=252 block_gets=0 block_puts=0 deleted=0
checkpoint_phase lsn=22092 phase=row_merge_schedule slot=0 started_ns=1790174754731098000 ended_ns=1790174754731367250 elapsed_us=269 block_gets=0 block_puts=0 deleted=0
checkpoint_phase lsn=22092 phase=row_merge_schedule slot=0 started_ns=1790174754731435000 ended_ns=1790174754731690792 elapsed_us=255 block_gets=0 block_puts=0 deleted=0
checkpoint_phase lsn=22092 phase=row_merge_schedule slot=0 started_ns=1790174754731746000 ended_ns=1790174754732000083 elapsed_us=254 block_gets=0 block_puts=0 deleted=0
checkpoint_phase lsn=22092 phase=row_merge_schedule slot=0 started_ns=1790174754732056000 ended_ns=1790174754732307959 elapsed_us=251 block_gets=0 block_puts=0 deleted=0
checkpoint_phase lsn=22092 phase=row_merge_schedule slot=0 started_ns=1790174754732358000 ended_ns=1790174754732615375 elapsed_us=257 block_gets=0 block_puts=0 deleted=0
checkpoint_phase lsn=22092 phase=row_merge_schedule slot=0 started_ns=1790174754732665000 ended_ns=1790174754732725334 elapsed_us=60 block_gets=0 block_puts=0 deleted=0
checkpoint_phase lsn=22092 phase=row_merge_schedule slot=0 started_ns=1790174754732777000 ended_ns=1790174754733121125 elapsed_us=344 block_gets=0 block_puts=0 deleted=0
checkpoint_phase lsn=22092 phase=row_merge_schedule slot=0 started_ns=1790174754733169000 ended_ns=1790174754733424833 elapsed_us=255 block_gets=0 block_puts=0 deleted=0
checkpoint_phase lsn=22092 phase=row_merge_schedule slot=0 started_ns=1790174754733472000 ended_ns=1790174754733725083 elapsed_us=253 block_gets=0 block_puts=0 deleted=0
checkpoint_phase lsn=22092 phase=row_merge_schedule slot=0 started_ns=1790174754733774000 ended_ns=1790174754734027917 elapsed_us=253 block_gets=0 block_puts=0 deleted=0
checkpoint_phase lsn=22092 phase=row_merge_schedule slot=0 started_ns=1790174754734089000 ended_ns=1790174754734353917 elapsed_us=264 block_gets=0 block_puts=0 deleted=0
checkpoint_phase lsn=22092 phase=row_merge_schedule slot=0 started_ns=1790174754734421000 ended_ns=1790174754734689500 elapsed_us=268 block_gets=0 block_puts=0 deleted=0
checkpoint_phase lsn=22092 phase=row_merge_schedule slot=0 started_ns=1790174754734747000 ended_ns=1790174754735003834 elapsed_us=256 block_gets=0 block_puts=0 deleted=0
checkpoint_phase lsn=22092 phase=row_merge_schedule slot=0 started_ns=1790174754735055000 ended_ns=1790174754735308500 elapsed_us=253 block_gets=0 block_puts=0 deleted=0
checkpoint_phase lsn=22092 phase=row_merge_schedule slot=0 started_ns=1790174754735360000 ended_ns=1790174754735619125 elapsed_us=259 block_gets=0 block_puts=0 deleted=0
checkpoint_phase lsn=22092 phase=row_merge_schedule slot=0 started_ns=1790174754735676000 ended_ns=1790174754735933541 elapsed_us=257 block_gets=0 block_puts=0 deleted=0
checkpoint_phase lsn=22092 phase=row_merge_schedule slot=0 started_ns=1790174754735987000 ended_ns=1790174754736246417 elapsed_us=259 block_gets=0 block_puts=0 deleted=0
checkpoint_phase lsn=22092 phase=row_merge_schedule slot=0 started_ns=1790174754736294000 ended_ns=1790174754736555291 elapsed_us=261 block_gets=0 block_puts=0 deleted=0
checkpoint_phase lsn=22092 phase=row_merge_schedule slot=0 started_ns=1790174754736605000 ended_ns=1790174754736863292 elapsed_us=258 block_gets=0 block_puts=0 deleted=0
checkpoint_phase lsn=22092 phase=row_merge_schedule slot=0 started_ns=1790174754736910000 ended_ns=1790174754737163959 elapsed_us=253 block_gets=0 block_puts=0 deleted=0
checkpoint_phase lsn=22092 phase=row_merge_schedule slot=0 started_ns=1790174754737225000 ended_ns=1790174754737490583 elapsed_us=265 block_gets=0 block_puts=0 deleted=0
checkpoint_phase lsn=22092 phase=row_merge_schedule slot=0 started_ns=1790174754737557000 ended_ns=1790174754737814459 elapsed_us=257 block_gets=0 block_puts=0 deleted=0
checkpoint_phase lsn=22092 phase=row_merge_schedule slot=0 started_ns=1790174754737865000 ended_ns=1790174754737937834 elapsed_us=72 block_gets=0 block_puts=0 deleted=0
checkpoint_phase lsn=22092 phase=row_merge_write slot=0 started_ns=1790174754737983000 ended_ns=1790174754790781000 elapsed_us=52798 block_gets=0 block_puts=5 deleted=0
checkpoint_phase lsn=22092 phase=row_merge_write slot=0 started_ns=1790174754790862000 ended_ns=1790174754812667000 elapsed_us=21805 block_gets=0 block_puts=4 deleted=0
checkpoint_phase lsn=22092 phase=row_merge_write slot=0 started_ns=1790174754812791000 ended_ns=1790174754828258250 elapsed_us=15467 block_gets=0 block_puts=4 deleted=0
checkpoint_phase lsn=22092 phase=row_merge_write slot=0 started_ns=1790174754829936000 ended_ns=1790174754847033000 elapsed_us=17097 block_gets=0 block_puts=4 deleted=0
checkpoint_phase lsn=22092 phase=row_merge_write slot=0 started_ns=1790174754847152000 ended_ns=1790174754861995459 elapsed_us=14843 block_gets=0 block_puts=4 deleted=0
checkpoint_phase lsn=22092 phase=row_merge_write slot=0 started_ns=1790174754862119000 ended_ns=1790174754876939333 elapsed_us=14820 block_gets=0 block_puts=4 deleted=0
checkpoint_phase lsn=22092 phase=row_merge_write slot=0 started_ns=1790174754878559000 ended_ns=1790174754909499166 elapsed_us=30940 block_gets=0 block_puts=4 deleted=0
checkpoint_phase lsn=22092 phase=row_merge_write slot=0 started_ns=1790174754909600000 ended_ns=1790174754933155708 elapsed_us=23555 block_gets=0 block_puts=4 deleted=0
checkpoint_phase lsn=22092 phase=row_merge_write slot=0 started_ns=1790174754933280000 ended_ns=1790174754950165833 elapsed_us=16885 block_gets=0 block_puts=4 deleted=0
checkpoint_phase lsn=22092 phase=row_merge_write slot=0 started_ns=1790174754950247000 ended_ns=1790174754967258167 elapsed_us=17011 block_gets=0 block_puts=4 deleted=0
checkpoint_phase lsn=22092 phase=row_merge_write slot=0 started_ns=1790174754967383000 ended_ns=1790174754982172709 elapsed_us=14789 block_gets=0 block_puts=4 deleted=0
checkpoint_phase lsn=22092 phase=row_merge_write slot=0 started_ns=1790174754982258000 ended_ns=1790174755000921542 elapsed_us=18663 block_gets=0 block_puts=4 deleted=0
checkpoint_phase lsn=22092 phase=row_merge_write slot=0 started_ns=1790174755001041000 ended_ns=1790174755018996292 elapsed_us=17955 block_gets=0 block_puts=4 deleted=0
checkpoint_phase lsn=22092 phase=row_merge_write slot=0 started_ns=1790174755019077000 ended_ns=1790174755039634167 elapsed_us=20557 block_gets=0 block_puts=4 deleted=0
checkpoint_phase lsn=22092 phase=row_merge_write slot=0 started_ns=1790174755039762000 ended_ns=1790174755081008167 elapsed_us=41246 block_gets=0 block_puts=4 deleted=0
checkpoint_phase lsn=22092 phase=row_merge_write slot=0 started_ns=1790174755081256000 ended_ns=1790174755094916000 elapsed_us=13660 block_gets=0 block_puts=4 deleted=0
checkpoint_phase lsn=22108 phase=value_index_schedule slot=0 started_ns=1790174755118924000 ended_ns=1790174755119012167 elapsed_us=88 block_gets=0 block_puts=0 deleted=0
checkpoint_phase lsn=22108 phase=row_merge_write slot=0 started_ns=1790174755119154000 ended_ns=1790174755141627583 elapsed_us=22473 block_gets=0 block_puts=4 deleted=0
checkpoint_phase lsn=22108 phase=value_index_schedule slot=0 started_ns=1790174755141681000 ended_ns=1790174755141732375 elapsed_us=51 block_gets=0 block_puts=0 deleted=0
checkpoint_phase lsn=22108 phase=row_merge_write slot=0 started_ns=1790174755141741000 ended_ns=1790174755158829459 elapsed_us=17088 block_gets=0 block_puts=4 deleted=0
checkpoint_phase lsn=22108 phase=value_index_write slot=0 started_ns=1790174755158842000 ended_ns=1790174755158844750 elapsed_us=2 block_gets=0 block_puts=0 deleted=0
checkpoint_phase lsn=22108 phase=row_merge_write slot=0 started_ns=1790174755158848000 ended_ns=1790174755175594125 elapsed_us=16746 block_gets=0 block_puts=4 deleted=0
checkpoint_phase lsn=22108 phase=value_index_write slot=0 started_ns=1790174755175608000 ended_ns=1790174755176865584 elapsed_us=1257 block_gets=0 block_puts=0 deleted=0
checkpoint_phase lsn=22108 phase=row_merge_write slot=0 started_ns=1790174755176873000 ended_ns=1790174755205456458 elapsed_us=28583 block_gets=0 block_puts=4 deleted=0
checkpoint_phase lsn=22108 phase=value_index_write slot=0 started_ns=1790174755205468000 ended_ns=1790174755205540709 elapsed_us=72 block_gets=0 block_puts=0 deleted=0
checkpoint_phase lsn=22108 phase=row_merge_write slot=0 started_ns=1790174755205544000 ended_ns=1790174755236418417 elapsed_us=30874 block_gets=0 block_puts=4 deleted=0
checkpoint_phase lsn=22108 phase=value_index_write slot=0 started_ns=1790174755236432000 ended_ns=1790174755236518916 elapsed_us=86 block_gets=0 block_puts=0 deleted=0
checkpoint_phase lsn=22108 phase=row_merge_write slot=0 started_ns=1790174755236537000 ended_ns=1790174755256779708 elapsed_us=20242 block_gets=0 block_puts=4 deleted=0
checkpoint_phase lsn=22108 phase=value_index_write slot=0 started_ns=1790174755256791000 ended_ns=1790174755256864791 elapsed_us=73 block_gets=0 block_puts=0 deleted=0
checkpoint_phase lsn=22108 phase=row_merge_write slot=0 started_ns=1790174755256868000 ended_ns=1790174755276678709 elapsed_us=19810 block_gets=0 block_puts=4 deleted=0
checkpoint_phase lsn=22108 phase=value_index_write slot=0 started_ns=1790174755276694000 ended_ns=1790174755276766791 elapsed_us=72 block_gets=0 block_puts=0 deleted=0
checkpoint_phase lsn=22108 phase=row_merge_write slot=0 started_ns=1790174755276770000 ended_ns=1790174755293987792 elapsed_us=17217 block_gets=0 block_puts=4 deleted=0
checkpoint_phase lsn=22108 phase=value_index_write slot=0 started_ns=1790174755294000000 ended_ns=1790174755306304458 elapsed_us=12304 block_gets=0 block_puts=1 deleted=0
checkpoint_phase lsn=22108 phase=row_merge_write slot=0 started_ns=1790174755306316000 ended_ns=1790174755319963083 elapsed_us=13647 block_gets=0 block_puts=4 deleted=0
checkpoint_phase lsn=22108 phase=value_index_write slot=0 started_ns=1790174755319974000 ended_ns=1790174755320045750 elapsed_us=71 block_gets=0 block_puts=0 deleted=0
checkpoint_phase lsn=22108 phase=row_merge_write slot=0 started_ns=1790174755320049000 ended_ns=1790174755345076625 elapsed_us=25027 block_gets=0 block_puts=4 deleted=0
checkpoint_phase lsn=22108 phase=value_index_write slot=0 started_ns=1790174755345088000 ended_ns=1790174755345161458 elapsed_us=73 block_gets=0 block_puts=0 deleted=0
checkpoint_phase lsn=22108 phase=row_merge_write slot=0 started_ns=1790174755345167000 ended_ns=1790174755375223542 elapsed_us=30056 block_gets=0 block_puts=4 deleted=0
checkpoint_phase lsn=22108 phase=value_index_write slot=0 started_ns=1790174755375237000 ended_ns=1790174755375310042 elapsed_us=73 block_gets=0 block_puts=0 deleted=0
checkpoint_phase lsn=22108 phase=row_merge_write slot=0 started_ns=1790174755375314000 ended_ns=1790174755392545583 elapsed_us=17231 block_gets=0 block_puts=4 deleted=0
checkpoint_phase lsn=22108 phase=value_index_write slot=0 started_ns=1790174755392557000 ended_ns=1790174755395475542 elapsed_us=2918 block_gets=0 block_puts=1 deleted=0
checkpoint_phase lsn=22108 phase=row_merge_write slot=0 started_ns=1790174755395484000 ended_ns=1790174755410995208 elapsed_us=15511 block_gets=0 block_puts=4 deleted=0
checkpoint_phase lsn=22108 phase=value_index_schedule slot=0 started_ns=1790174755411007000 ended_ns=1790174755411039041 elapsed_us=32 block_gets=0 block_puts=0 deleted=0
checkpoint_phase lsn=22108 phase=row_merge_write slot=0 started_ns=1790174755411045000 ended_ns=1790174755429036583 elapsed_us=17991 block_gets=0 block_puts=4 deleted=0
checkpoint_phase lsn=22108 phase=value_index_schedule slot=0 started_ns=1790174755429048000 ended_ns=1790174755429103917 elapsed_us=55 block_gets=0 block_puts=0 deleted=0
checkpoint_phase lsn=22108 phase=row_merge_write slot=0 started_ns=1790174755429112000 ended_ns=1790174755446008500 elapsed_us=16896 block_gets=0 block_puts=4 deleted=0
checkpoint_phase lsn=22108 phase=value_index_write slot=0 started_ns=1790174755446021000 ended_ns=1790174755448829958 elapsed_us=2808 block_gets=0 block_puts=1 deleted=0
checkpoint_phase lsn=22108 phase=row_merge_write slot=0 started_ns=1790174755448838000 ended_ns=1790174755470895250 elapsed_us=22057 block_gets=0 block_puts=4 deleted=0
checkpoint_phase lsn=22108 phase=value_index_write slot=0 started_ns=1790174755470906000 ended_ns=1790174755471616958 elapsed_us=710 block_gets=0 block_puts=0 deleted=0
checkpoint_phase lsn=22108 phase=row_merge_write slot=0 started_ns=1790174755471621000 ended_ns=1790174755510300167 elapsed_us=38679 block_gets=0 block_puts=4 deleted=0
checkpoint_phase lsn=22108 phase=value_index_write slot=0 started_ns=1790174755510310000 ended_ns=1790174755511172250 elapsed_us=862 block_gets=0 block_puts=0 deleted=0
checkpoint_phase lsn=22108 phase=row_merge_write slot=0 started_ns=1790174755511177000 ended_ns=1790174755532801083 elapsed_us=21624 block_gets=0 block_puts=4 deleted=0
checkpoint_phase lsn=22108 phase=value_index_write slot=0 started_ns=1790174755532810000 ended_ns=1790174755533539083 elapsed_us=729 block_gets=0 block_puts=0 deleted=0
checkpoint_phase lsn=22108 phase=row_merge_write slot=0 started_ns=1790174755533546000 ended_ns=1790174755548976458 elapsed_us=15430 block_gets=0 block_puts=4 deleted=0
checkpoint_phase lsn=22108 phase=value_index_write slot=0 started_ns=1790174755548990000 ended_ns=1790174755549723583 elapsed_us=733 block_gets=0 block_puts=0 deleted=0
checkpoint_phase lsn=22108 phase=row_merge_write slot=0 started_ns=1790174755549731000 ended_ns=1790174755567507542 elapsed_us=17776 block_gets=0 block_puts=4 deleted=0
checkpoint_phase lsn=22108 phase=value_index_write slot=0 started_ns=1790174755567520000 ended_ns=1790174755568260000 elapsed_us=740 block_gets=0 block_puts=0 deleted=0
checkpoint_phase lsn=22108 phase=row_merge_write slot=0 started_ns=1790174755568266000 ended_ns=1790174755584063667 elapsed_us=15797 block_gets=0 block_puts=4 deleted=0
checkpoint_phase lsn=22108 phase=value_index_write slot=0 started_ns=1790174755584075000 ended_ns=1790174755584810125 elapsed_us=735 block_gets=0 block_puts=0 deleted=0
checkpoint_phase lsn=22108 phase=row_merge_write slot=0 started_ns=1790174755584817000 ended_ns=1790174755599160708 elapsed_us=14343 block_gets=0 block_puts=4 deleted=0
checkpoint_phase lsn=22108 phase=value_index_write slot=0 started_ns=1790174755599174000 ended_ns=1790174755599913292 elapsed_us=739 block_gets=0 block_puts=0 deleted=0
checkpoint_phase lsn=22108 phase=row_merge_write slot=0 started_ns=1790174755599926000 ended_ns=1790174755618344792 elapsed_us=18418 block_gets=0 block_puts=4 deleted=0
checkpoint_phase lsn=22108 phase=value_index_write slot=0 started_ns=1790174755618355000 ended_ns=1790174755624488167 elapsed_us=6133 block_gets=0 block_puts=1 deleted=0
checkpoint_phase lsn=22108 phase=row_merge_write slot=0 started_ns=1790174755624499000 ended_ns=1790174755661242333 elapsed_us=36743 block_gets=0 block_puts=4 deleted=0
checkpoint_phase lsn=22108 phase=value_index_write slot=0 started_ns=1790174755661254000 ended_ns=1790174755663108083 elapsed_us=1854 block_gets=0 block_puts=1 deleted=0
checkpoint_phase lsn=22108 phase=row_merge_write slot=0 started_ns=1790174755663120000 ended_ns=1790174755680955750 elapsed_us=17835 block_gets=0 block_puts=4 deleted=0
checkpoint_phase lsn=22108 phase=value_index_schedule slot=0 started_ns=1790174755680970000 ended_ns=1790174755681003292 elapsed_us=33 block_gets=0 block_puts=0 deleted=0
checkpoint_phase lsn=22108 phase=row_merge_write slot=0 started_ns=1790174755681011000 ended_ns=1790174755698397625 elapsed_us=17386 block_gets=0 block_puts=4 deleted=0
checkpoint_phase lsn=22108 phase=value_index_schedule slot=0 started_ns=1790174755698411000 ended_ns=1790174755698468000 elapsed_us=57 block_gets=0 block_puts=0 deleted=0
checkpoint_phase lsn=22108 phase=row_merge_write slot=0 started_ns=1790174755698479000 ended_ns=1790174755722766250 elapsed_us=24287 block_gets=0 block_puts=4 deleted=0
checkpoint_phase lsn=22108 phase=value_index_write slot=0 started_ns=1790174755722775000 ended_ns=1790174755726294292 elapsed_us=3519 block_gets=0 block_puts=1 deleted=0
checkpoint_phase lsn=22108 phase=row_merge_write slot=0 started_ns=1790174755726302000 ended_ns=1790174755763283583 elapsed_us=36981 block_gets=0 block_puts=4 deleted=0
checkpoint_phase lsn=22108 phase=value_index_write slot=0 started_ns=1790174755763297000 ended_ns=1790174755764145417 elapsed_us=848 block_gets=0 block_puts=0 deleted=0
checkpoint_phase lsn=22108 phase=row_merge_write slot=0 started_ns=1790174755764152000 ended_ns=1790174755784637750 elapsed_us=20485 block_gets=0 block_puts=4 deleted=0
checkpoint_phase lsn=22108 phase=value_index_write slot=0 started_ns=1790174755784650000 ended_ns=1790174755785381291 elapsed_us=731 block_gets=0 block_puts=0 deleted=0
checkpoint_phase lsn=22108 phase=row_merge_write slot=0 started_ns=1790174755785388000 ended_ns=1790174755798242750 elapsed_us=12854 block_gets=0 block_puts=4 deleted=0
checkpoint_phase lsn=22108 phase=value_index_write slot=0 started_ns=1790174755798255000 ended_ns=1790174755798994125 elapsed_us=739 block_gets=0 block_puts=0 deleted=0
checkpoint_phase lsn=22108 phase=row_merge_write slot=0 started_ns=1790174755799001000 ended_ns=1790174755822573833 elapsed_us=23572 block_gets=0 block_puts=4 deleted=0
checkpoint_phase lsn=22108 phase=value_index_write slot=0 started_ns=1790174755822584000 ended_ns=1790174755823313916 elapsed_us=729 block_gets=0 block_puts=0 deleted=0
checkpoint_phase lsn=22108 phase=row_merge_write slot=0 started_ns=1790174755823320000 ended_ns=1790174755861103000 elapsed_us=37783 block_gets=0 block_puts=4 deleted=0
checkpoint_phase lsn=22108 phase=value_index_write slot=0 started_ns=1790174755861118000 ended_ns=1790174755861855667 elapsed_us=737 block_gets=0 block_puts=0 deleted=0
checkpoint_phase lsn=22108 phase=row_merge_write slot=0 started_ns=1790174755861865000 ended_ns=1790174755879924583 elapsed_us=18059 block_gets=0 block_puts=4 deleted=0
checkpoint_phase lsn=22108 phase=value_index_write slot=0 started_ns=1790174755879937000 ended_ns=1790174755880672792 elapsed_us=735 block_gets=0 block_puts=0 deleted=0
checkpoint_phase lsn=22108 phase=row_merge_write slot=0 started_ns=1790174755880680000 ended_ns=1790174755898221708 elapsed_us=17541 block_gets=0 block_puts=4 deleted=0
checkpoint_phase lsn=22108 phase=value_index_write slot=0 started_ns=1790174755898234000 ended_ns=1790174755898965875 elapsed_us=731 block_gets=0 block_puts=0 deleted=0
checkpoint_phase lsn=22108 phase=row_merge_write slot=0 started_ns=1790174755898973000 ended_ns=1790174755914353958 elapsed_us=15380 block_gets=0 block_puts=4 deleted=0
checkpoint_phase lsn=22108 phase=value_index_write slot=0 started_ns=1790174755914365000 ended_ns=1790174755918606625 elapsed_us=4241 block_gets=0 block_puts=1 deleted=0
checkpoint_phase lsn=22108 phase=row_merge_write slot=0 started_ns=1790174755918620000 ended_ns=1790174755936256250 elapsed_us=17636 block_gets=0 block_puts=4 deleted=0
checkpoint_phase lsn=22108 phase=value_index_write slot=0 started_ns=1790174755936268000 ended_ns=1790174755937667000 elapsed_us=1399 block_gets=0 block_puts=1 deleted=0
checkpoint_phase lsn=22108 phase=row_merge_write slot=0 started_ns=1790174755937674000 ended_ns=1790174755954426750 elapsed_us=16752 block_gets=0 block_puts=4 deleted=0
checkpoint_phase lsn=22108 phase=row_sst_delta slot=0 started_ns=1790174755954443000 ended_ns=1790174755980338958 elapsed_us=25895 block_gets=0 block_puts=4 deleted=0
checkpoint_phase lsn=22108 phase=row_merge_write slot=0 started_ns=1790174755980352000 ended_ns=1790174756014805291 elapsed_us=34453 block_gets=0 block_puts=4 deleted=0
checkpoint_phase lsn=22108 phase=manifest slot=-1 started_ns=1790174756014819000 ended_ns=1790174756022783291 elapsed_us=7964 block_gets=0 block_puts=0 deleted=0
checkpoint_phase lsn=22108 phase=local_cleanup slot=-1 started_ns=1790174756022824000 ended_ns=1790174756023000750 elapsed_us=176 block_gets=0 block_puts=0 deleted=0
checkpoint_phase lsn=22108 phase=commit_prune slot=-1 started_ns=1790174756023007000 ended_ns=1790174756046083708 elapsed_us=23076 block_gets=0 block_puts=0 deleted=2
checkpoint_phase lsn=22108 phase=legacy_gc slot=-1 started_ns=1790174756046092000 ended_ns=1790174756047552500 elapsed_us=1460 block_gets=0 block_puts=0 deleted=0
checkpoint_phase lsn=22108 phase=gc_keep slot=-1 started_ns=1790174756047567000 ended_ns=1790174756048652542 elapsed_us=1085 block_gets=0 block_puts=0 deleted=0
checkpoint_phase lsn=22108 phase=gc_list slot=-1 started_ns=1790174756048661000 ended_ns=1790174756081503875 elapsed_us=32842 block_gets=0 block_puts=0 deleted=0
checkpoint_phase lsn=22108 phase=gc_delete slot=-1 started_ns=1790174756081519000 ended_ns=1790174756086840375 elapsed_us=5321 block_gets=0 block_puts=0 deleted=8
checkpoint_phase lsn=22108 phase=row_merge_write slot=0 started_ns=1790174756093243000 ended_ns=1790174756109116917 elapsed_us=15873 block_gets=0 block_puts=4 deleted=0
checkpoint_phase lsn=22108 phase=row_merge_write slot=0 started_ns=1790174756109173000 ended_ns=1790174756123421125 elapsed_us=14248 block_gets=0 block_puts=4 deleted=0
checkpoint_phase lsn=22108 phase=row_merge_write slot=0 started_ns=1790174756123433000 ended_ns=1790174756137686458 elapsed_us=14253 block_gets=0 block_puts=4 deleted=0
checkpoint_phase lsn=22108 phase=row_merge_write slot=0 started_ns=1790174756137699000 ended_ns=1790174756167353834 elapsed_us=29654 block_gets=0 block_puts=4 deleted=0
checkpoint_phase lsn=22108 phase=row_merge_write slot=0 started_ns=1790174756167364000 ended_ns=1790174756199551167 elapsed_us=32187 block_gets=0 block_puts=4 deleted=0
checkpoint_phase lsn=22108 phase=row_merge_write slot=0 started_ns=1790174756199562000 ended_ns=1790174756216383417 elapsed_us=16821 block_gets=0 block_puts=4 deleted=0
checkpoint_phase lsn=22108 phase=row_merge_write slot=0 started_ns=1790174756216396000 ended_ns=1790174756231318000 elapsed_us=14922 block_gets=0 block_puts=4 deleted=0
checkpoint_phase lsn=22108 phase=row_merge_write slot=0 started_ns=1790174756231331000 ended_ns=1790174756245460750 elapsed_us=14129 block_gets=0 block_puts=4 deleted=0
checkpoint_phase lsn=22108 phase=row_merge_write slot=0 started_ns=1790174756245471000 ended_ns=1790174756259298625 elapsed_us=13827 block_gets=0 block_puts=4 deleted=0
checkpoint_phase lsn=22108 phase=row_merge_write slot=0 started_ns=1790174756259312000 ended_ns=1790174756274919333 elapsed_us=15607 block_gets=0 block_puts=4 deleted=0
checkpoint_phase lsn=22108 phase=row_merge_write slot=0 started_ns=1790174756274930000 ended_ns=1790174756286449125 elapsed_us=11519 block_gets=0 block_puts=4 deleted=0
checkpoint_phase lsn=22108 phase=row_merge_write slot=0 started_ns=1790174756286462000 ended_ns=1790174756317898209 elapsed_us=31436 block_gets=0 block_puts=4 deleted=0
checkpoint_phase lsn=22108 phase=row_merge_write slot=0 started_ns=1790174756317909000 ended_ns=1790174756340777125 elapsed_us=22868 block_gets=0 block_puts=4 deleted=0
checkpoint_phase lsn=22108 phase=row_merge_write slot=0 started_ns=1790174756340788000 ended_ns=1790174756358464334 elapsed_us=17676 block_gets=0 block_puts=4 deleted=0
checkpoint_phase lsn=22108 phase=row_merge_write slot=0 started_ns=1790174756358476000 ended_ns=1790174756372939125 elapsed_us=14463 block_gets=0 block_puts=4 deleted=0
checkpoint_phase lsn=22108 phase=row_merge_write slot=0 started_ns=1790174756372951000 ended_ns=1790174756399539292 elapsed_us=26588 block_gets=0 block_puts=4 deleted=0
checkpoint_phase lsn=22108 phase=row_merge_write slot=0 started_ns=1790174756399551000 ended_ns=1790174756432466583 elapsed_us=32915 block_gets=0 block_puts=4 deleted=0
checkpoint_phase lsn=22108 phase=row_merge_write slot=0 started_ns=1790174756432477000 ended_ns=1790174756453429875 elapsed_us=20952 block_gets=0 block_puts=4 deleted=0
checkpoint_phase lsn=22108 phase=row_merge_write slot=0 started_ns=1790174756453444000 ended_ns=1790174756469846625 elapsed_us=16402 block_gets=0 block_puts=4 deleted=0
checkpoint_phase lsn=22108 phase=row_merge_write slot=0 started_ns=1790174756469858000 ended_ns=1790174756485901416 elapsed_us=16043 block_gets=0 block_puts=4 deleted=0
checkpoint_phase lsn=22108 phase=row_merge_write slot=0 started_ns=1790174756485914000 ended_ns=1790174756498752708 elapsed_us=12838 block_gets=0 block_puts=4 deleted=0
checkpoint_phase lsn=22108 phase=row_merge_write slot=0 started_ns=1790174756498764000 ended_ns=1790174756512986833 elapsed_us=14222 block_gets=0 block_puts=4 deleted=0
checkpoint_phase lsn=22108 phase=row_merge_write slot=0 started_ns=1790174756512999000 ended_ns=1790174756534235000 elapsed_us=21236 block_gets=0 block_puts=4 deleted=0
checkpoint_phase lsn=22108 phase=row_merge_write slot=0 started_ns=1790174756534246000 ended_ns=1790174756598079083 elapsed_us=63833 block_gets=0 block_puts=4 deleted=0
checkpoint_phase lsn=22108 phase=row_merge_write slot=0 started_ns=1790174756598091000 ended_ns=1790174756622633875 elapsed_us=24542 block_gets=0 block_puts=4 deleted=0
checkpoint_phase lsn=22108 phase=row_merge_write slot=0 started_ns=1790174756622647000 ended_ns=1790174756661063500 elapsed_us=38416 block_gets=0 block_puts=4 deleted=0
checkpoint_phase lsn=22108 phase=row_merge_write slot=0 started_ns=1790174756661073000 ended_ns=1790174756687398292 elapsed_us=26325 block_gets=0 block_puts=4 deleted=0
checkpoint_phase lsn=22108 phase=row_merge_write slot=0 started_ns=1790174756687410000 ended_ns=1790174756704022834 elapsed_us=16612 block_gets=0 block_puts=4 deleted=0
checkpoint_phase lsn=22108 phase=row_merge_write slot=0 started_ns=1790174756704035000 ended_ns=1790174756718780833 elapsed_us=14745 block_gets=0 block_puts=4 deleted=0
checkpoint_phase lsn=22108 phase=row_merge_write slot=0 started_ns=1790174756718794000 ended_ns=1790174756735185333 elapsed_us=16391 block_gets=0 block_puts=4 deleted=0
checkpoint_phase lsn=22108 phase=row_merge_write slot=0 started_ns=1790174756735198000 ended_ns=1790174756751357542 elapsed_us=16159 block_gets=0 block_puts=4 deleted=0
checkpoint_phase lsn=22108 phase=row_merge_write slot=0 started_ns=1790174756751369000 ended_ns=1790174756769969167 elapsed_us=18600 block_gets=0 block_puts=4 deleted=0
checkpoint_phase lsn=22108 phase=row_merge_write slot=0 started_ns=1790174756769980000 ended_ns=1790174756806736250 elapsed_us=36756 block_gets=0 block_puts=4 deleted=0
checkpoint_phase lsn=22108 phase=row_merge_write slot=0 started_ns=1790174756806750000 ended_ns=1790174756833901042 elapsed_us=27151 block_gets=0 block_puts=4 deleted=0
checkpoint_phase lsn=22108 phase=row_merge_write slot=0 started_ns=1790174756833914000 ended_ns=1790174756848457625 elapsed_us=14543 block_gets=0 block_puts=4 deleted=0
checkpoint_phase lsn=22108 phase=row_merge_write slot=0 started_ns=1790174756848471000 ended_ns=1790174756867067459 elapsed_us=18596 block_gets=0 block_puts=4 deleted=0
checkpoint_phase lsn=22108 phase=row_merge_write slot=0 started_ns=1790174756867078000 ended_ns=1790174756900348584 elapsed_us=33270 block_gets=0 block_puts=4 deleted=0
checkpoint_phase lsn=22108 phase=row_merge_write slot=0 started_ns=1790174756900360000 ended_ns=1790174756924107667 elapsed_us=23747 block_gets=0 block_puts=4 deleted=0
checkpoint_phase lsn=22108 phase=row_merge_write slot=0 started_ns=1790174756924120000 ended_ns=1790174756939089333 elapsed_us=14969 block_gets=0 block_puts=4 deleted=0
checkpoint_phase lsn=22108 phase=row_merge_write slot=0 started_ns=1790174756939103000 ended_ns=1790174756953703125 elapsed_us=14600 block_gets=0 block_puts=4 deleted=0
checkpoint_phase lsn=22108 phase=row_merge_write slot=0 started_ns=1790174756953715000 ended_ns=1790174756975292209 elapsed_us=21577 block_gets=0 block_puts=4 deleted=0
checkpoint_phase lsn=22108 phase=row_merge_write slot=0 started_ns=1790174756975303000 ended_ns=1790174757016538458 elapsed_us=41235 block_gets=0 block_puts=4 deleted=0
checkpoint_phase lsn=22108 phase=row_merge_write slot=0 started_ns=1790174757016552000 ended_ns=1790174757039535917 elapsed_us=22983 block_gets=0 block_puts=4 deleted=0
checkpoint_phase lsn=22108 phase=row_merge_write slot=0 started_ns=1790174757039547000 ended_ns=1790174757055755958 elapsed_us=16208 block_gets=0 block_puts=4 deleted=0
checkpoint_phase lsn=22108 phase=row_merge_write slot=0 started_ns=1790174757055767000 ended_ns=1790174757071011708 elapsed_us=15244 block_gets=0 block_puts=4 deleted=0
checkpoint_phase lsn=22108 phase=row_merge_write slot=0 started_ns=1790174757071023000 ended_ns=1790174757084710542 elapsed_us=13687 block_gets=0 block_puts=4 deleted=0
checkpoint_phase lsn=22108 phase=row_merge_write slot=0 started_ns=1790174757084723000 ended_ns=1790174757099994333 elapsed_us=15271 block_gets=0 block_puts=4 deleted=0
checkpoint_phase lsn=22108 phase=row_merge_write slot=0 started_ns=1790174757100007000 ended_ns=1790174757120054375 elapsed_us=20047 block_gets=0 block_puts=4 deleted=0
checkpoint_phase lsn=22108 phase=row_merge_write slot=0 started_ns=1790174757120065000 ended_ns=1790174757151400125 elapsed_us=31335 block_gets=0 block_puts=4 deleted=0
checkpoint_phase lsn=22108 phase=row_merge_write slot=0 started_ns=1790174757151410000 ended_ns=1790174757172626875 elapsed_us=21216 block_gets=0 block_puts=4 deleted=0
checkpoint_phase lsn=22108 phase=row_merge_write slot=0 started_ns=1790174757172638000 ended_ns=1790174757188100208 elapsed_us=15462 block_gets=0 block_puts=4 deleted=0
checkpoint_phase lsn=22108 phase=row_merge_write slot=0 started_ns=1790174757188113000 ended_ns=1790174757201807542 elapsed_us=13694 block_gets=0 block_puts=4 deleted=0
checkpoint_phase lsn=22108 phase=row_merge_write slot=0 started_ns=1790174757201820000 ended_ns=1790174757216376000 elapsed_us=14556 block_gets=0 block_puts=4 deleted=0
checkpoint_phase lsn=22108 phase=row_merge_write slot=0 started_ns=1790174757216387000 ended_ns=1790174757229462084 elapsed_us=13075 block_gets=0 block_puts=4 deleted=0
checkpoint_phase lsn=22108 phase=row_merge_write slot=0 started_ns=1790174757229473000 ended_ns=1790174757242682667 elapsed_us=13209 block_gets=0 block_puts=4 deleted=0
checkpoint_phase lsn=22108 phase=row_merge_write slot=0 started_ns=1790174757242695000 ended_ns=1790174757257987583 elapsed_us=15292 block_gets=0 block_puts=4 deleted=0
checkpoint_phase lsn=22108 phase=row_merge_write slot=0 started_ns=1790174757257999000 ended_ns=1790174757289589500 elapsed_us=31590 block_gets=0 block_puts=4 deleted=0
checkpoint_phase lsn=22108 phase=row_merge_write slot=0 started_ns=1790174757289600000 ended_ns=1790174757323024417 elapsed_us=33424 block_gets=0 block_puts=4 deleted=0
checkpoint_phase lsn=22108 phase=row_merge_write slot=0 started_ns=1790174757323040000 ended_ns=1790174757360310959 elapsed_us=37270 block_gets=0 block_puts=8 deleted=0
checkpoint_phase lsn=22108 phase=manifest slot=-1 started_ns=1790174757360326000 ended_ns=1790174757364542750 elapsed_us=4216 block_gets=0 block_puts=0 deleted=0
checkpoint_phase lsn=22108 phase=local_cleanup slot=-1 started_ns=1790174757364564000 ended_ns=1790174757364635250 elapsed_us=71 block_gets=0 block_puts=0 deleted=0
checkpoint_phase lsn=22108 phase=commit_prune slot=-1 started_ns=1790174757364639000 ended_ns=1790174757366646292 elapsed_us=2007 block_gets=0 block_puts=0 deleted=0
checkpoint_phase lsn=22108 phase=legacy_gc slot=-1 started_ns=1790174757366665000 ended_ns=1790174757367349625 elapsed_us=684 block_gets=0 block_puts=0 deleted=0
checkpoint_phase lsn=22108 phase=gc_keep slot=-1 started_ns=1790174757367363000 ended_ns=1790174757368485541 elapsed_us=1122 block_gets=0 block_puts=0 deleted=0
checkpoint_phase lsn=22108 phase=gc_list slot=-1 started_ns=1790174757368494000 ended_ns=1790174757402371541 elapsed_us=33877 block_gets=0 block_puts=0 deleted=0
checkpoint_phase lsn=22108 phase=gc_delete slot=-1 started_ns=1790174757402393000 ended_ns=1790174757411963958 elapsed_us=9570 block_gets=0 block_puts=0 deleted=10
checkpoint_phase lsn=22108 phase=row_merge_schedule slot=0 started_ns=1790174757418325000 ended_ns=1790174757433807959 elapsed_us=15482 block_gets=8 block_puts=0 deleted=0
checkpoint_phase lsn=22108 phase=row_merge_schedule slot=0 started_ns=1790174757439800000 ended_ns=1790174757449283791 elapsed_us=9483 block_gets=7 block_puts=0 deleted=0
checkpoint_phase lsn=22108 phase=row_merge_schedule slot=0 started_ns=1790174757449297000 ended_ns=1790174757458516250 elapsed_us=9219 block_gets=7 block_puts=0 deleted=0
checkpoint_phase lsn=22108 phase=row_merge_schedule slot=0 started_ns=1790174757458524000 ended_ns=1790174757469641000 elapsed_us=11117 block_gets=7 block_puts=0 deleted=0
checkpoint_phase lsn=22108 phase=row_merge_schedule slot=0 started_ns=1790174757469649000 ended_ns=1790174757471276459 elapsed_us=1627 block_gets=1 block_puts=0 deleted=0
checkpoint_phase lsn=22108 phase=row_merge_schedule slot=0 started_ns=1790174757471282000 ended_ns=1790174757473496125 elapsed_us=2214 block_gets=1 block_puts=0 deleted=0
checkpoint_phase lsn=22108 phase=row_merge_write slot=0 started_ns=1790174757473499000 ended_ns=1790174757510209208 elapsed_us=36710 block_gets=0 block_puts=5 deleted=0
checkpoint_phase lsn=22108 phase=row_merge_write slot=0 started_ns=1790174757510221000 ended_ns=1790174757528051416 elapsed_us=17830 block_gets=0 block_puts=4 deleted=0
checkpoint_phase lsn=22108 phase=row_merge_write slot=0 started_ns=1790174757528063000 ended_ns=1790174757543642125 elapsed_us=15579 block_gets=0 block_puts=4 deleted=0
checkpoint_phase lsn=22108 phase=row_merge_write slot=0 started_ns=1790174757543653000 ended_ns=1790174757560288500 elapsed_us=16635 block_gets=0 block_puts=4 deleted=0
checkpoint_phase lsn=22108 phase=row_merge_write slot=0 started_ns=1790174757560298000 ended_ns=1790174757579896792 elapsed_us=19598 block_gets=0 block_puts=4 deleted=0
checkpoint_phase lsn=22108 phase=row_merge_write slot=0 started_ns=1790174757579909000 ended_ns=1790174757619027375 elapsed_us=39118 block_gets=0 block_puts=4 deleted=0
checkpoint_phase lsn=22108 phase=row_merge_write slot=0 started_ns=1790174757619037000 ended_ns=1790174757654499667 elapsed_us=35462 block_gets=0 block_puts=4 deleted=0
checkpoint_phase lsn=22108 phase=row_merge_write slot=0 started_ns=1790174757654512000 ended_ns=1790174757675057125 elapsed_us=20545 block_gets=0 block_puts=4 deleted=0
checkpoint_phase lsn=22108 phase=row_merge_write slot=0 started_ns=1790174757675069000 ended_ns=1790174757692616333 elapsed_us=17547 block_gets=0 block_puts=4 deleted=0
checkpoint_phase lsn=22108 phase=row_merge_write slot=0 started_ns=1790174757692629000 ended_ns=1790174757709091333 elapsed_us=16462 block_gets=0 block_puts=4 deleted=0
checkpoint_phase lsn=22108 phase=row_merge_write slot=0 started_ns=1790174757709105000 ended_ns=1790174757722628625 elapsed_us=13523 block_gets=0 block_puts=4 deleted=0
checkpoint_phase lsn=22108 phase=row_merge_write slot=0 started_ns=1790174757722642000 ended_ns=1790174757739888958 elapsed_us=17246 block_gets=0 block_puts=4 deleted=0
checkpoint_phase lsn=22108 phase=row_merge_write slot=0 started_ns=1790174757739900000 ended_ns=1790174757789254875 elapsed_us=49354 block_gets=0 block_puts=4 deleted=0
checkpoint_phase lsn=22108 phase=row_merge_write slot=0 started_ns=1790174757789269000 ended_ns=1790174757811512792 elapsed_us=22243 block_gets=0 block_puts=4 deleted=0
checkpoint_phase lsn=22108 phase=row_merge_write slot=0 started_ns=1790174757811527000 ended_ns=1790174757823912209 elapsed_us=12385 block_gets=0 block_puts=6 deleted=0
checkpoint_phase lsn=22108 phase=manifest slot=-1 started_ns=1790174757823926000 ended_ns=1790174757827091625 elapsed_us=3165 block_gets=0 block_puts=0 deleted=0
checkpoint_phase lsn=22108 phase=local_cleanup slot=-1 started_ns=1790174757827112000 ended_ns=1790174757827182334 elapsed_us=70 block_gets=0 block_puts=0 deleted=0
checkpoint_phase lsn=22108 phase=commit_prune slot=-1 started_ns=1790174757827189000 ended_ns=1790174757828746125 elapsed_us=1557 block_gets=0 block_puts=0 deleted=0
checkpoint_phase lsn=22108 phase=legacy_gc slot=-1 started_ns=1790174757828764000 ended_ns=1790174757829167500 elapsed_us=403 block_gets=0 block_puts=0 deleted=0
checkpoint_phase lsn=22108 phase=gc_keep slot=-1 started_ns=1790174757829178000 ended_ns=1790174757830374792 elapsed_us=1196 block_gets=0 block_puts=0 deleted=0
checkpoint_phase lsn=22108 phase=gc_list slot=-1 started_ns=1790174757830392000 ended_ns=1790174757854670875 elapsed_us=24278 block_gets=0 block_puts=0 deleted=0
checkpoint_phase lsn=22108 phase=gc_delete slot=-1 started_ns=1790174757854696000 ended_ns=1790174757860174750 elapsed_us=5478 block_gets=0 block_puts=0 deleted=7
checkpoint_phase lsn=22108 phase=row_merge_schedule slot=0 started_ns=1790174757860365000 ended_ns=1790174757866107000 elapsed_us=5742 block_gets=8 block_puts=0 deleted=0
checkpoint_phase lsn=22108 phase=row_merge_schedule slot=0 started_ns=1790174757872439000 ended_ns=1790174757879223458 elapsed_us=6784 block_gets=7 block_puts=0 deleted=0
checkpoint_phase lsn=22124 phase=value_index_schedule slot=0 started_ns=1790174757928572000 ended_ns=1790174757928578166 elapsed_us=6 block_gets=0 block_puts=0 deleted=0
checkpoint_phase lsn=22124 phase=row_merge_schedule slot=0 started_ns=1790174757928664000 ended_ns=1790174757936493542 elapsed_us=7829 block_gets=7 block_puts=0 deleted=0
checkpoint_phase lsn=22124 phase=value_index_schedule slot=0 started_ns=1790174757943089000 ended_ns=1790174757943130625 elapsed_us=41 block_gets=0 block_puts=0 deleted=0
checkpoint_phase lsn=22124 phase=row_merge_schedule slot=0 started_ns=1790174757943193000 ended_ns=1790174757950058291 elapsed_us=6865 block_gets=7 block_puts=0 deleted=0
checkpoint_phase lsn=22124 phase=value_index_write slot=0 started_ns=1790174757955973000 ended_ns=1790174757955975333 elapsed_us=2 block_gets=0 block_puts=0 deleted=0
checkpoint_phase lsn=22124 phase=row_merge_schedule slot=0 started_ns=1790174757956037000 ended_ns=1790174757965127333 elapsed_us=9090 block_gets=7 block_puts=0 deleted=0
checkpoint_phase lsn=22124 phase=value_index_write slot=0 started_ns=1790174757971055000 ended_ns=1790174757972323250 elapsed_us=1268 block_gets=0 block_puts=0 deleted=0
checkpoint_phase lsn=22124 phase=row_merge_schedule slot=0 started_ns=1790174757978244000 ended_ns=1790174757983636042 elapsed_us=5392 block_gets=7 block_puts=0 deleted=0
checkpoint_phase lsn=22140 phase=row_merge_schedule slot=0 started_ns=1790174758008034000 ended_ns=1790174758013424833 elapsed_us=5390 block_gets=7 block_puts=0 deleted=0
checkpoint_phase lsn=22140 phase=value_index_schedule slot=0 started_ns=1790174758019398000 ended_ns=1790174758019403875 elapsed_us=5 block_gets=0 block_puts=0 deleted=0
checkpoint_phase lsn=22140 phase=row_merge_schedule slot=0 started_ns=1790174758019483000 ended_ns=1790174758049402375 elapsed_us=29919 block_gets=7 block_puts=0 deleted=0
checkpoint_phase lsn=22140 phase=value_index_schedule slot=0 started_ns=1790174758055371000 ended_ns=1790174758055415209 elapsed_us=44 block_gets=0 block_puts=0 deleted=0
checkpoint_phase lsn=22140 phase=row_merge_schedule slot=0 started_ns=1790174758055486000 ended_ns=1790174758078780458 elapsed_us=23294 block_gets=7 block_puts=0 deleted=0
checkpoint_phase lsn=22140 phase=value_index_write slot=0 started_ns=1790174758084802000 ended_ns=1790174758084804583 elapsed_us=2 block_gets=0 block_puts=0 deleted=0
checkpoint_phase lsn=22140 phase=row_merge_schedule slot=0 started_ns=1790174758084883000 ended_ns=1790174758096955667 elapsed_us=12072 block_gets=7 block_puts=0 deleted=0
checkpoint_phase lsn=22140 phase=value_index_write slot=0 started_ns=1790174758103579000 ended_ns=1790174758103666292 elapsed_us=87 block_gets=0 block_puts=0 deleted=0
checkpoint_phase lsn=22140 phase=row_merge_schedule slot=0 started_ns=1790174758103741000 ended_ns=1790174758114402084 elapsed_us=10661 block_gets=7 block_puts=0 deleted=0
checkpoint_phase lsn=22156 phase=row_merge_schedule slot=0 started_ns=1790174758147634000 ended_ns=1790174758174137833 elapsed_us=26503 block_gets=7 block_puts=0 deleted=0
checkpoint_phase lsn=22156 phase=value_index_schedule slot=0 started_ns=1790174758180088000 ended_ns=1790174758180093459 elapsed_us=5 block_gets=0 block_puts=0 deleted=0
checkpoint_phase lsn=22156 phase=row_merge_schedule slot=0 started_ns=1790174758180162000 ended_ns=1790174758188667459 elapsed_us=8505 block_gets=7 block_puts=0 deleted=0
checkpoint_phase lsn=22156 phase=value_index_schedule slot=0 started_ns=1790174758194628000 ended_ns=1790174758194679125 elapsed_us=51 block_gets=0 block_puts=0 deleted=0
checkpoint_phase lsn=22156 phase=row_merge_schedule slot=0 started_ns=1790174758194746000 ended_ns=1790174758204378792 elapsed_us=9632 block_gets=7 block_puts=0 deleted=0
checkpoint_phase lsn=22156 phase=value_index_write slot=0 started_ns=1790174758210400000 ended_ns=1790174758210402333 elapsed_us=2 block_gets=0 block_puts=0 deleted=0
checkpoint_phase lsn=22156 phase=row_merge_schedule slot=0 started_ns=1790174758210477000 ended_ns=1790174758217494500 elapsed_us=7017 block_gets=7 block_puts=0 deleted=0
checkpoint_phase lsn=22156 phase=value_index_write slot=0 started_ns=1790174758223492000 ended_ns=1790174758223582667 elapsed_us=90 block_gets=0 block_puts=0 deleted=0
checkpoint_phase lsn=22156 phase=row_merge_schedule slot=0 started_ns=1790174758223648000 ended_ns=1790174758229270584 elapsed_us=5622 block_gets=7 block_puts=0 deleted=0
checkpoint_phase lsn=22172 phase=row_merge_schedule slot=0 started_ns=1790174758253906000 ended_ns=1790174758261310917 elapsed_us=7404 block_gets=7 block_puts=0 deleted=0
checkpoint_phase lsn=22172 phase=value_index_schedule slot=0 started_ns=1790174758267904000 ended_ns=1790174758267910000 elapsed_us=6 block_gets=0 block_puts=0 deleted=0
checkpoint_phase lsn=22172 phase=row_merge_schedule slot=0 started_ns=1790174758267971000 ended_ns=1790174758303059875 elapsed_us=35088 block_gets=7 block_puts=0 deleted=0
checkpoint_phase lsn=22172 phase=value_index_schedule slot=0 started_ns=1790174758309015000 ended_ns=1790174758309066875 elapsed_us=51 block_gets=0 block_puts=0 deleted=0
checkpoint_phase lsn=22172 phase=row_merge_schedule slot=0 started_ns=1790174758309126000 ended_ns=1790174758323649208 elapsed_us=14523 block_gets=7 block_puts=0 deleted=0
checkpoint_phase lsn=22172 phase=value_index_write slot=0 started_ns=1790174758329754000 ended_ns=1790174758329756167 elapsed_us=2 block_gets=0 block_puts=0 deleted=0
checkpoint_phase lsn=22172 phase=row_merge_schedule slot=0 started_ns=1790174758329833000 ended_ns=1790174758345384250 elapsed_us=15551 block_gets=7 block_puts=0 deleted=0
checkpoint_phase lsn=22172 phase=value_index_write slot=0 started_ns=1790174758351444000 ended_ns=1790174758351537583 elapsed_us=93 block_gets=0 block_puts=0 deleted=0
checkpoint_phase lsn=22172 phase=row_merge_schedule slot=0 started_ns=1790174758351607000 ended_ns=1790174758358498416 elapsed_us=6891 block_gets=7 block_puts=0 deleted=0
checkpoint_phase lsn=22188 phase=row_merge_schedule slot=0 started_ns=1790174758414187000 ended_ns=1790174758420499459 elapsed_us=6312 block_gets=7 block_puts=0 deleted=0
checkpoint_phase lsn=22188 phase=value_index_schedule slot=0 started_ns=1790174758426491000 ended_ns=1790174758426496583 elapsed_us=5 block_gets=0 block_puts=0 deleted=0
checkpoint_phase lsn=22188 phase=row_merge_schedule slot=0 started_ns=1790174758426568000 ended_ns=1790174758439931750 elapsed_us=13363 block_gets=7 block_puts=0 deleted=0
checkpoint_phase lsn=22188 phase=value_index_schedule slot=0 started_ns=1790174758445926000 ended_ns=1790174758445982458 elapsed_us=56 block_gets=0 block_puts=0 deleted=0
checkpoint_phase lsn=22188 phase=row_merge_schedule slot=0 started_ns=1790174758446057000 ended_ns=1790174758452837375 elapsed_us=6780 block_gets=7 block_puts=0 deleted=0
checkpoint_phase lsn=22188 phase=value_index_write slot=0 started_ns=1790174758458852000 ended_ns=1790174758458854917 elapsed_us=2 block_gets=0 block_puts=0 deleted=0
checkpoint_phase lsn=22188 phase=row_merge_schedule slot=0 started_ns=1790174758458922000 ended_ns=1790174758467297250 elapsed_us=8375 block_gets=7 block_puts=0 deleted=0
checkpoint_phase lsn=22188 phase=value_index_write slot=0 started_ns=1790174758474049000 ended_ns=1790174758474149459 elapsed_us=100 block_gets=0 block_puts=0 deleted=0
checkpoint_phase lsn=22188 phase=row_merge_schedule slot=0 started_ns=1790174758474227000 ended_ns=1790174758484954208 elapsed_us=10727 block_gets=7 block_puts=0 deleted=0
checkpoint_phase lsn=22204 phase=row_merge_schedule slot=0 started_ns=1790174758519264000 ended_ns=1790174758553304375 elapsed_us=34040 block_gets=7 block_puts=0 deleted=0
checkpoint_phase lsn=22204 phase=value_index_schedule slot=0 started_ns=1790174758559608000 ended_ns=1790174758559614792 elapsed_us=6 block_gets=0 block_puts=0 deleted=0
checkpoint_phase lsn=22204 phase=row_merge_schedule slot=0 started_ns=1790174758559696000 ended_ns=1790174758572464625 elapsed_us=12768 block_gets=7 block_puts=0 deleted=0
checkpoint_phase lsn=22204 phase=value_index_schedule slot=0 started_ns=1790174758578753000 ended_ns=1790174758578815250 elapsed_us=62 block_gets=0 block_puts=0 deleted=0
checkpoint_phase lsn=22204 phase=row_merge_schedule slot=0 started_ns=1790174758578898000 ended_ns=1790174758588140709 elapsed_us=9242 block_gets=7 block_puts=0 deleted=0
checkpoint_phase lsn=22204 phase=value_index_write slot=0 started_ns=1790174758594487000 ended_ns=1790174758594489458 elapsed_us=2 block_gets=0 block_puts=0 deleted=0
checkpoint_phase lsn=22204 phase=row_merge_schedule slot=0 started_ns=1790174758594559000 ended_ns=1790174758602370416 elapsed_us=7811 block_gets=7 block_puts=0 deleted=0
checkpoint_phase lsn=22204 phase=value_index_write slot=0 started_ns=1790174758608388000 ended_ns=1790174758608489583 elapsed_us=101 block_gets=0 block_puts=0 deleted=0
checkpoint_phase lsn=22204 phase=row_merge_schedule slot=0 started_ns=1790174758608559000 ended_ns=1790174758612602791 elapsed_us=4043 block_gets=3 block_puts=0 deleted=0
checkpoint_phase lsn=22220 phase=row_merge_schedule slot=0 started_ns=1790174758641507000 ended_ns=1790174758650953208 elapsed_us=9446 block_gets=8 block_puts=0 deleted=0
checkpoint_phase lsn=22220 phase=value_index_schedule slot=0 started_ns=1790174758659295000 ended_ns=1790174758659306958 elapsed_us=11 block_gets=0 block_puts=0 deleted=0
checkpoint_phase lsn=22220 phase=row_merge_schedule slot=0 started_ns=1790174758659469000 ended_ns=1790174758670499875 elapsed_us=11030 block_gets=7 block_puts=0 deleted=0
checkpoint_phase lsn=22220 phase=value_index_schedule slot=0 started_ns=1790174758676806000 ended_ns=1790174758676873917 elapsed_us=67 block_gets=0 block_puts=0 deleted=0
checkpoint_phase lsn=22220 phase=row_merge_schedule slot=0 started_ns=1790174758676946000 ended_ns=1790174758689370209 elapsed_us=12424 block_gets=7 block_puts=0 deleted=0
checkpoint_phase lsn=22220 phase=value_index_write slot=0 started_ns=1790174758695814000 ended_ns=1790174758695816083 elapsed_us=2 block_gets=0 block_puts=0 deleted=0
checkpoint_phase lsn=22220 phase=row_merge_schedule slot=0 started_ns=1790174758695958000 ended_ns=1790174758727052208 elapsed_us=31094 block_gets=7 block_puts=0 deleted=0
checkpoint_phase lsn=22220 phase=value_index_write slot=0 started_ns=1790174758733383000 ended_ns=1790174758733491458 elapsed_us=108 block_gets=0 block_puts=0 deleted=0
checkpoint_phase lsn=22220 phase=row_merge_schedule slot=0 started_ns=1790174758733643000 ended_ns=1790174758748948291 elapsed_us=15305 block_gets=1 block_puts=0 deleted=0
checkpoint_phase lsn=22236 phase=row_merge_write slot=0 started_ns=1790174758778664000 ended_ns=1790174758781486042 elapsed_us=2822 block_gets=0 block_puts=0 deleted=0
checkpoint_phase lsn=22236 phase=value_index_schedule slot=0 started_ns=1790174758787617000 ended_ns=1790174758787623250 elapsed_us=6 block_gets=0 block_puts=0 deleted=0
checkpoint_phase lsn=22236 phase=row_merge_write slot=0 started_ns=1790174758787782000 ended_ns=1790174758791312625 elapsed_us=3530 block_gets=0 block_puts=0 deleted=0
checkpoint_phase lsn=22236 phase=value_index_schedule slot=0 started_ns=1790174758797331000 ended_ns=1790174758797401250 elapsed_us=70 block_gets=0 block_puts=0 deleted=0
checkpoint_phase lsn=22236 phase=row_merge_write slot=0 started_ns=1790174758797475000 ended_ns=1790174758800287792 elapsed_us=2812 block_gets=0 block_puts=0 deleted=0
checkpoint_phase lsn=22236 phase=value_index_write slot=0 started_ns=1790174758806261000 ended_ns=1790174758806263958 elapsed_us=2 block_gets=0 block_puts=0 deleted=0
checkpoint_phase lsn=22236 phase=row_merge_write slot=0 started_ns=1790174758806383000 ended_ns=1790174758809411166 elapsed_us=3028 block_gets=0 block_puts=0 deleted=0
checkpoint_phase lsn=22236 phase=value_index_write slot=0 started_ns=1790174758815982000 ended_ns=1790174758816091709 elapsed_us=109 block_gets=0 block_puts=0 deleted=0
checkpoint_phase lsn=22236 phase=row_merge_write slot=0 started_ns=1790174758816165000 ended_ns=1790174758818993625 elapsed_us=2828 block_gets=0 block_puts=0 deleted=0
checkpoint_phase lsn=22252 phase=row_merge_write slot=0 started_ns=1790174758842458000 ended_ns=1790174758845290750 elapsed_us=2832 block_gets=0 block_puts=0 deleted=0
checkpoint_phase lsn=22252 phase=value_index_schedule slot=0 started_ns=1790174758852791000 ended_ns=1790174758852797042 elapsed_us=6 block_gets=0 block_puts=0 deleted=0
checkpoint_phase lsn=22252 phase=row_merge_write slot=0 started_ns=1790174758852996000 ended_ns=1790174758856174333 elapsed_us=3178 block_gets=0 block_puts=0 deleted=0
checkpoint_phase lsn=22252 phase=value_index_schedule slot=0 started_ns=1790174758862247000 ended_ns=1790174758862324000 elapsed_us=77 block_gets=0 block_puts=0 deleted=0
checkpoint_phase lsn=22252 phase=row_merge_write slot=0 started_ns=1790174758862386000 ended_ns=1790174758865199917 elapsed_us=2813 block_gets=0 block_puts=0 deleted=0
checkpoint_phase lsn=22252 phase=value_index_write slot=0 started_ns=1790174758871245000 ended_ns=1790174758871247667 elapsed_us=2 block_gets=0 block_puts=0 deleted=0
checkpoint_phase lsn=22252 phase=row_merge_write slot=0 started_ns=1790174758871378000 ended_ns=1790174758874728416 elapsed_us=3350 block_gets=0 block_puts=0 deleted=0
checkpoint_phase lsn=22252 phase=value_index_write slot=0 started_ns=1790174758881913000 ended_ns=1790174758882026375 elapsed_us=113 block_gets=0 block_puts=0 deleted=0
checkpoint_phase lsn=22252 phase=row_merge_write slot=0 started_ns=1790174758882090000 ended_ns=1790174758884907334 elapsed_us=2817 block_gets=0 block_puts=0 deleted=0
checkpoint_phase lsn=22268 phase=row_merge_write slot=0 started_ns=1790174758916539000 ended_ns=1790174758966104958 elapsed_us=49565 block_gets=0 block_puts=4 deleted=0
checkpoint_phase lsn=22268 phase=value_index_schedule slot=0 started_ns=1790174758972988000 ended_ns=1790174758972995083 elapsed_us=7 block_gets=0 block_puts=0 deleted=0
checkpoint_phase lsn=22268 phase=row_merge_write slot=0 started_ns=1790174758973336000 ended_ns=1790174758976811458 elapsed_us=3475 block_gets=0 block_puts=0 deleted=0
checkpoint_phase lsn=22268 phase=value_index_schedule slot=0 started_ns=1790174758983033000 ended_ns=1790174758983117375 elapsed_us=84 block_gets=0 block_puts=0 deleted=0
checkpoint_phase lsn=22268 phase=row_merge_write slot=0 started_ns=1790174758983187000 ended_ns=1790174759011205833 elapsed_us=28018 block_gets=0 block_puts=2 deleted=0
checkpoint_phase lsn=22268 phase=value_index_write slot=0 started_ns=1790174759017375000 ended_ns=1790174759017377625 elapsed_us=2 block_gets=0 block_puts=0 deleted=0
checkpoint_phase lsn=22268 phase=row_merge_write slot=0 started_ns=1790174759017510000 ended_ns=1790174759021348208 elapsed_us=3838 block_gets=0 block_puts=0 deleted=0
checkpoint_phase lsn=22268 phase=value_index_write slot=0 started_ns=1790174759027464000 ended_ns=1790174759027585667 elapsed_us=121 block_gets=0 block_puts=0 deleted=0
checkpoint_phase lsn=22268 phase=row_merge_write slot=0 started_ns=1790174759027785000 ended_ns=1790174759032388250 elapsed_us=4603 block_gets=0 block_puts=0 deleted=0
checkpoint_phase lsn=22284 phase=row_merge_write slot=0 started_ns=1790174759072735000 ended_ns=1790174759091155917 elapsed_us=18420 block_gets=0 block_puts=2 deleted=0
checkpoint_phase lsn=22284 phase=value_index_schedule slot=0 started_ns=1790174759097722000 ended_ns=1790174759097727584 elapsed_us=5 block_gets=0 block_puts=0 deleted=0
checkpoint_phase lsn=22284 phase=row_merge_write slot=0 started_ns=1790174759097803000 ended_ns=1790174759101981625 elapsed_us=4178 block_gets=0 block_puts=0 deleted=0
checkpoint_phase lsn=22284 phase=value_index_schedule slot=0 started_ns=1790174759108078000 ended_ns=1790174759108159666 elapsed_us=81 block_gets=0 block_puts=0 deleted=0
checkpoint_phase lsn=22284 phase=row_merge_write slot=0 started_ns=1790174759108232000 ended_ns=1790174759111364625 elapsed_us=3132 block_gets=0 block_puts=0 deleted=0
checkpoint_phase lsn=22284 phase=value_index_write slot=0 started_ns=1790174759118173000 ended_ns=1790174759118175375 elapsed_us=2 block_gets=0 block_puts=0 deleted=0
checkpoint_phase lsn=22284 phase=row_merge_write slot=0 started_ns=1790174759118243000 ended_ns=1790174759133039833 elapsed_us=14796 block_gets=0 block_puts=2 deleted=0
checkpoint_phase lsn=22284 phase=value_index_write slot=0 started_ns=1790174759139793000 ended_ns=1790174759139929584 elapsed_us=136 block_gets=0 block_puts=0 deleted=0
checkpoint_phase lsn=22284 phase=row_merge_write slot=0 started_ns=1790174759140008000 ended_ns=1790174759142851709 elapsed_us=2843 block_gets=0 block_puts=0 deleted=0
checkpoint_phase lsn=22300 phase=row_merge_write slot=0 started_ns=1790174759173555000 ended_ns=1790174759184772458 elapsed_us=11217 block_gets=0 block_puts=2 deleted=0
checkpoint_phase lsn=22300 phase=value_index_schedule slot=0 started_ns=1790174759190950000 ended_ns=1790174759190955750 elapsed_us=5 block_gets=0 block_puts=0 deleted=0
checkpoint_phase lsn=22300 phase=row_merge_write slot=0 started_ns=1790174759191026000 ended_ns=1790174759193876917 elapsed_us=2850 block_gets=0 block_puts=0 deleted=0
checkpoint_phase lsn=22300 phase=value_index_schedule slot=0 started_ns=1790174759200202000 ended_ns=1790174759200292167 elapsed_us=90 block_gets=0 block_puts=0 deleted=0
checkpoint_phase lsn=22300 phase=row_merge_write slot=0 started_ns=1790174759200373000 ended_ns=1790174759203242000 elapsed_us=2869 block_gets=0 block_puts=0 deleted=0
checkpoint_phase lsn=22300 phase=value_index_write slot=0 started_ns=1790174759209330000 ended_ns=1790174759209332750 elapsed_us=2 block_gets=0 block_puts=0 deleted=0
checkpoint_phase lsn=22300 phase=row_merge_write slot=0 started_ns=1790174759209402000 ended_ns=1790174759221209583 elapsed_us=11807 block_gets=0 block_puts=2 deleted=0
checkpoint_phase lsn=22300 phase=value_index_write slot=0 started_ns=1790174759227392000 ended_ns=1790174759227526208 elapsed_us=134 block_gets=0 block_puts=0 deleted=0
checkpoint_phase lsn=22300 phase=row_merge_write slot=0 started_ns=1790174759227587000 ended_ns=1790174759230430125 elapsed_us=2843 block_gets=0 block_puts=0 deleted=0
checkpoint_phase lsn=22316 phase=row_merge_write slot=0 started_ns=1790174759264584000 ended_ns=1790174759267582000 elapsed_us=2998 block_gets=0 block_puts=0 deleted=0
checkpoint_phase lsn=22316 phase=value_index_schedule slot=0 started_ns=1790174759275058000 ended_ns=1790174759275064291 elapsed_us=6 block_gets=0 block_puts=0 deleted=0
checkpoint_phase lsn=22316 phase=row_merge_write slot=0 started_ns=1790174759275390000 ended_ns=1790174759296712708 elapsed_us=21322 block_gets=0 block_puts=2 deleted=0
checkpoint_phase lsn=22316 phase=value_index_schedule slot=0 started_ns=1790174759303081000 ended_ns=1790174759303170458 elapsed_us=89 block_gets=0 block_puts=0 deleted=0
checkpoint_phase lsn=22316 phase=row_merge_write slot=0 started_ns=1790174759303335000 ended_ns=1790174759306513750 elapsed_us=3178 block_gets=0 block_puts=0 deleted=0
checkpoint_phase lsn=22316 phase=value_index_write slot=0 started_ns=1790174759314300000 ended_ns=1790174759314303250 elapsed_us=3 block_gets=0 block_puts=0 deleted=0
checkpoint_phase lsn=22316 phase=row_merge_write slot=0 started_ns=1790174759314694000 ended_ns=1790174759338665333 elapsed_us=23971 block_gets=0 block_puts=2 deleted=0
checkpoint_phase lsn=22316 phase=value_index_write slot=0 started_ns=1790174759347321000 ended_ns=1790174759347461667 elapsed_us=140 block_gets=0 block_puts=0 deleted=0
checkpoint_phase lsn=22316 phase=row_merge_write slot=0 started_ns=1790174759347567000 ended_ns=1790174759350510875 elapsed_us=2943 block_gets=0 block_puts=0 deleted=0
checkpoint_phase lsn=22332 phase=row_merge_write slot=0 started_ns=1790174759390017000 ended_ns=1790174759392960791 elapsed_us=2943 block_gets=0 block_puts=0 deleted=0
checkpoint_phase lsn=22332 phase=value_index_schedule slot=0 started_ns=1790174759399469000 ended_ns=1790174759399474583 elapsed_us=5 block_gets=0 block_puts=0 deleted=0
checkpoint_phase lsn=22332 phase=row_merge_write slot=0 started_ns=1790174759399537000 ended_ns=1790174759416006292 elapsed_us=16469 block_gets=0 block_puts=2 deleted=0
checkpoint_phase lsn=22332 phase=value_index_schedule slot=0 started_ns=1790174759422166000 ended_ns=1790174759422258375 elapsed_us=92 block_gets=0 block_puts=0 deleted=0
checkpoint_phase lsn=22332 phase=row_merge_write slot=0 started_ns=1790174759422334000 ended_ns=1790174759425176083 elapsed_us=2842 block_gets=0 block_puts=0 deleted=0
checkpoint_phase lsn=22332 phase=value_index_write slot=0 started_ns=1790174759431110000 ended_ns=1790174759431112333 elapsed_us=2 block_gets=0 block_puts=0 deleted=0
checkpoint_phase lsn=22332 phase=row_merge_write slot=0 started_ns=1790174759431193000 ended_ns=1790174759434209458 elapsed_us=3016 block_gets=0 block_puts=0 deleted=0
checkpoint_phase lsn=22332 phase=value_index_write slot=0 started_ns=1790174759441784000 ended_ns=1790174759441929792 elapsed_us=145 block_gets=0 block_puts=0 deleted=0
checkpoint_phase lsn=22332 phase=row_merge_write slot=0 started_ns=1790174759441998000 ended_ns=1790174759457880875 elapsed_us=15882 block_gets=0 block_puts=2 deleted=0
checkpoint_phase lsn=22348 phase=row_merge_write slot=0 started_ns=1790174759494190000 ended_ns=1790174759497891125 elapsed_us=3701 block_gets=0 block_puts=0 deleted=0
checkpoint_phase lsn=22348 phase=value_index_schedule slot=0 started_ns=1790174759504603000 ended_ns=1790174759504608417 elapsed_us=5 block_gets=0 block_puts=0 deleted=0
checkpoint_phase lsn=22348 phase=row_merge_write slot=0 started_ns=1790174759504677000 ended_ns=1790174759524993167 elapsed_us=20316 block_gets=0 block_puts=2 deleted=0
checkpoint_phase lsn=22348 phase=value_index_schedule slot=0 started_ns=1790174759531003000 ended_ns=1790174759531101542 elapsed_us=98 block_gets=0 block_puts=0 deleted=0
checkpoint_phase lsn=22348 phase=row_merge_write slot=0 started_ns=1790174759531236000 ended_ns=1790174759534909417 elapsed_us=3673 block_gets=0 block_puts=0 deleted=0
checkpoint_phase lsn=22348 phase=value_index_write slot=0 started_ns=1790174759540996000 ended_ns=1790174759540998791 elapsed_us=2 block_gets=0 block_puts=0 deleted=0
checkpoint_phase lsn=22348 phase=row_merge_write slot=0 started_ns=1790174759541061000 ended_ns=1790174759544547750 elapsed_us=3486 block_gets=0 block_puts=0 deleted=0
checkpoint_phase lsn=22348 phase=value_index_write slot=0 started_ns=1790174759550644000 ended_ns=1790174759550769208 elapsed_us=125 block_gets=0 block_puts=0 deleted=0
checkpoint_phase lsn=22348 phase=row_merge_write slot=0 started_ns=1790174759550920000 ended_ns=1790174759568757958 elapsed_us=17837 block_gets=0 block_puts=2 deleted=0
checkpoint_phase lsn=22364 phase=row_merge_write slot=0 started_ns=1790174759605520000 ended_ns=1790174759610567083 elapsed_us=5047 block_gets=0 block_puts=0 deleted=0
checkpoint_phase lsn=22364 phase=value_index_schedule slot=0 started_ns=1790174759617316000 ended_ns=1790174759617321458 elapsed_us=5 block_gets=0 block_puts=0 deleted=0
checkpoint_phase lsn=22364 phase=row_merge_write slot=0 started_ns=1790174759617392000 ended_ns=1790174759620833792 elapsed_us=3441 block_gets=0 block_puts=0 deleted=0
checkpoint_phase lsn=22364 phase=value_index_schedule slot=0 started_ns=1790174759627009000 ended_ns=1790174759627116958 elapsed_us=107 block_gets=0 block_puts=0 deleted=0
checkpoint_phase lsn=22364 phase=row_merge_write slot=0 started_ns=1790174759627259000 ended_ns=1790174759654627500 elapsed_us=27368 block_gets=0 block_puts=2 deleted=0
checkpoint_phase lsn=22364 phase=value_index_write slot=0 started_ns=1790174759665810000 ended_ns=1790174759665813209 elapsed_us=3 block_gets=0 block_puts=0 deleted=0
checkpoint_phase lsn=22364 phase=row_merge_write slot=0 started_ns=1790174759665897000 ended_ns=1790174759670542667 elapsed_us=4645 block_gets=0 block_puts=0 deleted=0
checkpoint_phase lsn=22364 phase=value_index_write slot=0 started_ns=1790174759679259000 ended_ns=1790174759679504041 elapsed_us=245 block_gets=0 block_puts=0 deleted=0
checkpoint_phase lsn=22368 phase=row_merge_write slot=0 started_ns=1790174759700780000 ended_ns=1790174759717199958 elapsed_us=16419 block_gets=0 block_puts=2 deleted=0
checkpoint_phase lsn=22380 phase=row_merge_write slot=0 started_ns=1790174759747169000 ended_ns=1790174759750515917 elapsed_us=3346 block_gets=0 block_puts=0 deleted=0
checkpoint_phase lsn=22380 phase=value_index_schedule slot=0 started_ns=1790174759756844000 ended_ns=1790174759756849458 elapsed_us=5 block_gets=0 block_puts=0 deleted=0
checkpoint_phase lsn=22380 phase=row_merge_write slot=0 started_ns=1790174759756951000 ended_ns=1790174759760607834 elapsed_us=3656 block_gets=0 block_puts=0 deleted=0
checkpoint_phase lsn=22380 phase=value_index_schedule slot=0 started_ns=1790174759767392000 ended_ns=1790174759767516875 elapsed_us=124 block_gets=0 block_puts=0 deleted=0
checkpoint_phase lsn=22380 phase=row_merge_write slot=0 started_ns=1790174759767598000 ended_ns=1790174759789262666 elapsed_us=21664 block_gets=0 block_puts=2 deleted=0
checkpoint_phase lsn=22380 phase=value_index_write slot=0 started_ns=1790174759795519000 ended_ns=1790174759795521667 elapsed_us=2 block_gets=0 block_puts=0 deleted=0
checkpoint_phase lsn=22380 phase=row_merge_write slot=0 started_ns=1790174759795589000 ended_ns=1790174759798431625 elapsed_us=2842 block_gets=0 block_puts=0 deleted=0
checkpoint_phase lsn=22384 phase=row_merge_write slot=0 started_ns=1790174759820396000 ended_ns=1790174759823390334 elapsed_us=2994 block_gets=0 block_puts=0 deleted=0
checkpoint_phase lsn=22396 phase=value_index_schedule slot=0 started_ns=1790174759862025000 ended_ns=1790174759862031583 elapsed_us=6 block_gets=0 block_puts=0 deleted=0
checkpoint_phase lsn=22396 phase=row_merge_write slot=0 started_ns=1790174759862111000 ended_ns=1790174759886144875 elapsed_us=24033 block_gets=0 block_puts=2 deleted=0
checkpoint_phase lsn=22396 phase=value_index_schedule slot=0 started_ns=1790174759892254000 ended_ns=1790174759892367292 elapsed_us=113 block_gets=0 block_puts=0 deleted=0
checkpoint_phase lsn=22396 phase=row_merge_write slot=0 started_ns=1790174759892540000 ended_ns=1790174759895536083 elapsed_us=2996 block_gets=0 block_puts=0 deleted=0
checkpoint_phase lsn=22396 phase=value_index_write slot=0 started_ns=1790174759901680000 ended_ns=1790174759901682625 elapsed_us=2 block_gets=0 block_puts=0 deleted=0
checkpoint_phase lsn=22396 phase=row_merge_write slot=0 started_ns=1790174759901828000 ended_ns=1790174759915020542 elapsed_us=13192 block_gets=0 block_puts=2 deleted=0
checkpoint_phase lsn=22396 phase=value_index_write slot=0 started_ns=1790174759921863000 ended_ns=1790174759921993083 elapsed_us=130 block_gets=0 block_puts=0 deleted=0
checkpoint_phase lsn=22396 phase=row_merge_write slot=0 started_ns=1790174759922062000 ended_ns=1790174759925098083 elapsed_us=3036 block_gets=0 block_puts=0 deleted=0
checkpoint_phase lsn=22400 phase=row_merge_write slot=0 started_ns=1790174759945933000 ended_ns=1790174759948826792 elapsed_us=2893 block_gets=0 block_puts=0 deleted=0
checkpoint_phase lsn=22412 phase=value_index_schedule slot=0 started_ns=1790174759988617000 ended_ns=1790174759988623167 elapsed_us=6 block_gets=0 block_puts=0 deleted=0
checkpoint_phase lsn=22412 phase=row_merge_write slot=0 started_ns=1790174759988734000 ended_ns=1790174760012084750 elapsed_us=23350 block_gets=0 block_puts=2 deleted=0
checkpoint_phase lsn=22412 phase=value_index_schedule slot=0 started_ns=1790174760020585000 ended_ns=1790174760020700791 elapsed_us=115 block_gets=0 block_puts=0 deleted=0
checkpoint_phase lsn=22412 phase=row_merge_write slot=0 started_ns=1790174760020987000 ended_ns=1790174760023903500 elapsed_us=2916 block_gets=0 block_puts=0 deleted=0
checkpoint_phase lsn=22412 phase=value_index_write slot=0 started_ns=1790174760030061000 ended_ns=1790174760030064209 elapsed_us=3 block_gets=0 block_puts=0 deleted=0
checkpoint_phase lsn=22412 phase=row_merge_write slot=0 started_ns=1790174760030146000 ended_ns=1790174760032996958 elapsed_us=2850 block_gets=0 block_puts=0 deleted=0
checkpoint_phase lsn=22412 phase=value_index_write slot=0 started_ns=1790174760039086000 ended_ns=1790174760039220709 elapsed_us=134 block_gets=0 block_puts=0 deleted=0
checkpoint_phase lsn=22412 phase=row_merge_write slot=0 started_ns=1790174760039323000 ended_ns=1790174760059024500 elapsed_us=19701 block_gets=0 block_puts=2 deleted=0
checkpoint_phase lsn=22416 phase=row_merge_write slot=0 started_ns=1790174760086090000 ended_ns=1790174760088967667 elapsed_us=2877 block_gets=0 block_puts=0 deleted=0
checkpoint_phase lsn=22428 phase=value_index_schedule slot=0 started_ns=1790174760123557000 ended_ns=1790174760123563750 elapsed_us=6 block_gets=0 block_puts=0 deleted=0
checkpoint_phase lsn=22428 phase=row_merge_write slot=0 started_ns=1790174760123636000 ended_ns=1790174760145483000 elapsed_us=21847 block_gets=0 block_puts=2 deleted=0
checkpoint_phase lsn=22428 phase=value_index_schedule slot=0 started_ns=1790174760152794000 ended_ns=1790174760152920875 elapsed_us=126 block_gets=0 block_puts=0 deleted=0
checkpoint_phase lsn=22428 phase=row_merge_write slot=0 started_ns=1790174760152995000 ended_ns=1790174760156607291 elapsed_us=3612 block_gets=0 block_puts=0 deleted=0
checkpoint_phase lsn=22428 phase=value_index_write slot=0 started_ns=1790174760163210000 ended_ns=1790174760163213291 elapsed_us=3 block_gets=0 block_puts=0 deleted=0
checkpoint_phase lsn=22428 phase=row_merge_write slot=0 started_ns=1790174760163296000 ended_ns=1790174760167095959 elapsed_us=3799 block_gets=0 block_puts=0 deleted=0
checkpoint_phase lsn=22428 phase=value_index_write slot=0 started_ns=1790174760174444000 ended_ns=1790174760174573417 elapsed_us=129 block_gets=0 block_puts=0 deleted=0
checkpoint_phase lsn=22428 phase=row_merge_write slot=0 started_ns=1790174760174700000 ended_ns=1790174760192770084 elapsed_us=18070 block_gets=0 block_puts=2 deleted=0
checkpoint_phase lsn=22432 phase=row_merge_write slot=0 started_ns=1790174760218131000 ended_ns=1790174760220981709 elapsed_us=2850 block_gets=0 block_puts=0 deleted=0
checkpoint_phase lsn=22444 phase=value_index_schedule slot=0 started_ns=1790174760252180000 ended_ns=1790174760252186417 elapsed_us=6 block_gets=0 block_puts=0 deleted=0
checkpoint_phase lsn=22444 phase=row_merge_write slot=0 started_ns=1790174760252258000 ended_ns=1790174760255519833 elapsed_us=3261 block_gets=0 block_puts=0 deleted=0
checkpoint_phase lsn=22444 phase=value_index_schedule slot=0 started_ns=1790174760263706000 ended_ns=1790174760263833584 elapsed_us=127 block_gets=0 block_puts=0 deleted=0
checkpoint_phase lsn=22444 phase=row_merge_write slot=0 started_ns=1790174760263914000 ended_ns=1790174760284884667 elapsed_us=20970 block_gets=0 block_puts=2 deleted=0
checkpoint_phase lsn=22444 phase=value_index_write slot=0 started_ns=1790174760293812000 ended_ns=1790174760293815083 elapsed_us=3 block_gets=0 block_puts=0 deleted=0
checkpoint_phase lsn=22444 phase=row_merge_write slot=0 started_ns=1790174760293954000 ended_ns=1790174760298647584 elapsed_us=4693 block_gets=0 block_puts=0 deleted=0
checkpoint_phase lsn=22444 phase=value_index_write slot=0 started_ns=1790174760305064000 ended_ns=1790174760305194584 elapsed_us=130 block_gets=0 block_puts=0 deleted=0
checkpoint_phase lsn=22448 phase=row_merge_write slot=0 started_ns=1790174760321623000 ended_ns=1790174760349099708 elapsed_us=27476 block_gets=0 block_puts=2 deleted=0
checkpoint_phase lsn=22448 phase=row_merge_write slot=0 started_ns=1790174760356402000 ended_ns=1790174760359457375 elapsed_us=3055 block_gets=0 block_puts=0 deleted=0
checkpoint_phase lsn=22460 phase=value_index_schedule slot=0 started_ns=1790174760389926000 ended_ns=1790174760389932167 elapsed_us=6 block_gets=0 block_puts=0 deleted=0
checkpoint_phase lsn=22460 phase=row_merge_write slot=0 started_ns=1790174760389992000 ended_ns=1790174760395359334 elapsed_us=5367 block_gets=0 block_puts=0 deleted=0
checkpoint_phase lsn=22460 phase=value_index_schedule slot=0 started_ns=1790174760403860000 ended_ns=1790174760404125083 elapsed_us=265 block_gets=0 block_puts=0 deleted=0
checkpoint_phase lsn=22460 phase=row_merge_write slot=0 started_ns=1790174760404285000 ended_ns=1790174760426108500 elapsed_us=21823 block_gets=0 block_puts=2 deleted=0
checkpoint_phase lsn=22460 phase=value_index_write slot=0 started_ns=1790174760434165000 ended_ns=1790174760434167666 elapsed_us=2 block_gets=0 block_puts=0 deleted=0
checkpoint_phase lsn=22460 phase=row_merge_write slot=0 started_ns=1790174760434303000 ended_ns=1790174760437480125 elapsed_us=3177 block_gets=0 block_puts=0 deleted=0
checkpoint_phase lsn=22464 phase=row_merge_write slot=0 started_ns=1790174760453878000 ended_ns=1790174760456729834 elapsed_us=2851 block_gets=0 block_puts=0 deleted=0
checkpoint_phase lsn=22464 phase=value_index_schedule slot=0 started_ns=1790174760463928000 ended_ns=1790174760463933875 elapsed_us=5 block_gets=0 block_puts=0 deleted=0
checkpoint_phase lsn=22464 phase=row_merge_write slot=0 started_ns=1790174760464053000 ended_ns=1790174760480016958 elapsed_us=15963 block_gets=0 block_puts=2 deleted=0
checkpoint_phase lsn=22476 phase=row_merge_write slot=0 started_ns=1790174760503028000 ended_ns=1790174760505882834 elapsed_us=2854 block_gets=0 block_puts=0 deleted=0
checkpoint_phase lsn=22476 phase=value_index_schedule slot=0 started_ns=1790174760508745000 ended_ns=1790174760508750708 elapsed_us=5 block_gets=0 block_puts=0 deleted=0
checkpoint_phase lsn=22476 phase=row_merge_write slot=0 started_ns=1790174760512504000 ended_ns=1790174760527134667 elapsed_us=14630 block_gets=0 block_puts=2 deleted=0
checkpoint_phase lsn=22476 phase=value_index_schedule slot=0 started_ns=1790174760533640000 ended_ns=1790174760533768500 elapsed_us=128 block_gets=0 block_puts=0 deleted=0
checkpoint_phase lsn=22476 phase=row_merge_write slot=0 started_ns=1790174760533845000 ended_ns=1790174760536931708 elapsed_us=3086 block_gets=0 block_puts=0 deleted=0
checkpoint_phase lsn=22480 phase=row_merge_write slot=0 started_ns=1790174760564242000 ended_ns=1790174760567098375 elapsed_us=2856 block_gets=0 block_puts=0 deleted=0
checkpoint_phase lsn=22480 phase=value_index_schedule slot=0 started_ns=1790174760573587000 ended_ns=1790174760573593125 elapsed_us=6 block_gets=0 block_puts=0 deleted=0
checkpoint_phase lsn=22480 phase=row_merge_write slot=0 started_ns=1790174760573777000 ended_ns=1790174760594621792 elapsed_us=20844 block_gets=0 block_puts=2 deleted=0
checkpoint_phase lsn=22492 phase=row_merge_write slot=0 started_ns=1790174760626639000 ended_ns=1790174760629491750 elapsed_us=2852 block_gets=0 block_puts=0 deleted=0
checkpoint_phase lsn=22492 phase=value_index_schedule slot=0 started_ns=1790174760634606000 ended_ns=1790174760634611708 elapsed_us=5 block_gets=0 block_puts=0 deleted=0
checkpoint_phase lsn=22492 phase=row_merge_write slot=0 started_ns=1790174760637147000 ended_ns=1790174760641048459 elapsed_us=3901 block_gets=0 block_puts=0 deleted=0
checkpoint_phase lsn=22492 phase=value_index_schedule slot=0 started_ns=1790174760647653000 ended_ns=1790174760647795250 elapsed_us=142 block_gets=0 block_puts=0 deleted=0
checkpoint_phase lsn=22492 phase=row_merge_write slot=0 started_ns=1790174760647928000 ended_ns=1790174760665435459 elapsed_us=17507 block_gets=0 block_puts=2 deleted=0
checkpoint_phase lsn=22496 phase=row_merge_write slot=0 started_ns=1790174760689763000 ended_ns=1790174760692624875 elapsed_us=2861 block_gets=0 block_puts=0 deleted=0
checkpoint_phase lsn=22496 phase=value_index_schedule slot=0 started_ns=1790174760698988000 ended_ns=1790174760698993542 elapsed_us=5 block_gets=0 block_puts=0 deleted=0
checkpoint_phase lsn=22496 phase=row_merge_write slot=0 started_ns=1790174760699060000 ended_ns=1790174760715112333 elapsed_us=16052 block_gets=0 block_puts=2 deleted=0
checkpoint_phase lsn=22508 phase=row_merge_write slot=0 started_ns=1790174760748835000 ended_ns=1790174760752474500 elapsed_us=3639 block_gets=0 block_puts=0 deleted=0
checkpoint_phase lsn=22508 phase=value_index_schedule slot=0 started_ns=1790174760761279000 ended_ns=1790174760761285250 elapsed_us=6 block_gets=0 block_puts=0 deleted=0
checkpoint_phase lsn=22508 phase=row_merge_write slot=0 started_ns=1790174760761354000 ended_ns=1790174760766125333 elapsed_us=4771 block_gets=0 block_puts=0 deleted=0
checkpoint_phase lsn=22508 phase=value_index_schedule slot=0 started_ns=1790174760773218000 ended_ns=1790174760773358166 elapsed_us=140 block_gets=0 block_puts=0 deleted=0
checkpoint_phase lsn=22508 phase=row_merge_write slot=0 started_ns=1790174760773452000 ended_ns=1790174760801653333 elapsed_us=28201 block_gets=0 block_puts=2 deleted=0
checkpoint_phase lsn=22512 phase=row_merge_write slot=0 started_ns=1790174760821381000 ended_ns=1790174760825093959 elapsed_us=3712 block_gets=0 block_puts=0 deleted=0
checkpoint_phase lsn=22512 phase=value_index_schedule slot=0 started_ns=1790174760832902000 ended_ns=1790174760832907709 elapsed_us=5 block_gets=0 block_puts=0 deleted=0
checkpoint_phase lsn=22512 phase=row_merge_write slot=0 started_ns=1790174760832982000 ended_ns=1790174760836568791 elapsed_us=3586 block_gets=0 block_puts=0 deleted=0
checkpoint_phase lsn=22524 phase=row_merge_write slot=0 started_ns=1790174760862886000 ended_ns=1790174760885356250 elapsed_us=22470 block_gets=0 block_puts=2 deleted=0
checkpoint_phase lsn=22524 phase=value_index_schedule slot=0 started_ns=1790174760892463000 ended_ns=1790174760892469208 elapsed_us=6 block_gets=0 block_puts=0 deleted=0
checkpoint_phase lsn=22524 phase=row_merge_write slot=0 started_ns=1790174760892607000 ended_ns=1790174760896445125 elapsed_us=3838 block_gets=0 block_puts=0 deleted=0
checkpoint_phase lsn=22524 phase=value_index_schedule slot=0 started_ns=1790174760904079000 ended_ns=1790174760904233875 elapsed_us=154 block_gets=0 block_puts=0 deleted=0
checkpoint_phase lsn=22524 phase=row_merge_write slot=0 started_ns=1790174760904304000 ended_ns=1790174760922359167 elapsed_us=18055 block_gets=0 block_puts=2 deleted=0
checkpoint_phase lsn=22528 phase=row_merge_write slot=0 started_ns=1790174760940249000 ended_ns=1790174760943659375 elapsed_us=3410 block_gets=0 block_puts=0 deleted=0
checkpoint_phase lsn=22528 phase=value_index_schedule slot=0 started_ns=1790174760950039000 ended_ns=1790174760950044834 elapsed_us=5 block_gets=0 block_puts=0 deleted=0
checkpoint_phase lsn=22528 phase=row_merge_write slot=0 started_ns=1790174760950135000 ended_ns=1790174760953655708 elapsed_us=3520 block_gets=0 block_puts=0 deleted=0
checkpoint_phase lsn=22540 phase=row_merge_write slot=0 started_ns=1790174760976576000 ended_ns=1790174760989806417 elapsed_us=13230 block_gets=0 block_puts=2 deleted=0
checkpoint_phase lsn=22540 phase=value_index_schedule slot=0 started_ns=1790174760997001000 ended_ns=1790174760997008667 elapsed_us=7 block_gets=0 block_puts=0 deleted=0
checkpoint_phase lsn=22540 phase=row_merge_write slot=0 started_ns=1790174760997123000 ended_ns=1790174761001243125 elapsed_us=4120 block_gets=0 block_puts=0 deleted=0
checkpoint_phase lsn=22540 phase=value_index_schedule slot=0 started_ns=1790174761008316000 ended_ns=1790174761008468208 elapsed_us=152 block_gets=0 block_puts=0 deleted=0
checkpoint_phase lsn=22540 phase=row_merge_write slot=0 started_ns=1790174761008539000 ended_ns=1790174761011826959 elapsed_us=3287 block_gets=0 block_puts=0 deleted=0
checkpoint_phase lsn=22544 phase=row_merge_write slot=0 started_ns=1790174761040236000 ended_ns=1790174761053746375 elapsed_us=13510 block_gets=0 block_puts=2 deleted=0
checkpoint_phase lsn=22544 phase=value_index_schedule slot=0 started_ns=1790174761060889000 ended_ns=1790174761060900792 elapsed_us=11 block_gets=0 block_puts=0 deleted=0
checkpoint_phase lsn=22544 phase=row_merge_write slot=0 started_ns=1790174761061031000 ended_ns=1790174761064768708 elapsed_us=3737 block_gets=0 block_puts=0 deleted=0
checkpoint_phase lsn=22556 phase=row_merge_write slot=0 started_ns=1790174761092557000 ended_ns=1790174761105073459 elapsed_us=12516 block_gets=0 block_puts=2 deleted=0
checkpoint_phase lsn=22556 phase=value_index_schedule slot=0 started_ns=1790174761111481000 ended_ns=1790174761111486833 elapsed_us=5 block_gets=0 block_puts=0 deleted=0
checkpoint_phase lsn=22556 phase=row_merge_write slot=0 started_ns=1790174761111591000 ended_ns=1790174761114923292 elapsed_us=3332 block_gets=0 block_puts=0 deleted=0
checkpoint_phase lsn=22556 phase=value_index_schedule slot=0 started_ns=1790174761121155000 ended_ns=1790174761121305750 elapsed_us=150 block_gets=0 block_puts=0 deleted=0
checkpoint_phase lsn=22556 phase=row_merge_write slot=0 started_ns=1790174761121436000 ended_ns=1790174761124719375 elapsed_us=3283 block_gets=0 block_puts=0 deleted=0
checkpoint_phase lsn=22560 phase=row_merge_write slot=0 started_ns=1790174761137829000 ended_ns=1790174761141204583 elapsed_us=3375 block_gets=0 block_puts=0 deleted=0
checkpoint_phase lsn=22560 phase=value_index_schedule slot=0 started_ns=1790174761148351000 ended_ns=1790174761148356666 elapsed_us=5 block_gets=0 block_puts=0 deleted=0
checkpoint_phase lsn=22560 phase=row_merge_write slot=0 started_ns=1790174761148432000 ended_ns=1790174761151989125 elapsed_us=3557 block_gets=0 block_puts=0 deleted=0
checkpoint_phase lsn=22572 phase=row_merge_write slot=0 started_ns=1790174761179845000 ended_ns=1790174761183204500 elapsed_us=3359 block_gets=0 block_puts=0 deleted=0
checkpoint_phase lsn=22572 phase=value_index_schedule slot=0 started_ns=1790174761190489000 ended_ns=1790174761190494667 elapsed_us=5 block_gets=0 block_puts=0 deleted=0
checkpoint_phase lsn=22572 phase=row_merge_write slot=0 started_ns=1790174761190571000 ended_ns=1790174761193943917 elapsed_us=3372 block_gets=0 block_puts=0 deleted=0
checkpoint_phase lsn=22572 phase=value_index_schedule slot=0 started_ns=1790174761200271000 ended_ns=1790174761200417667 elapsed_us=146 block_gets=0 block_puts=0 deleted=0
checkpoint_phase lsn=22572 phase=row_merge_write slot=0 started_ns=1790174761200496000 ended_ns=1790174761204262666 elapsed_us=3766 block_gets=0 block_puts=0 deleted=0
checkpoint_phase lsn=22576 phase=row_merge_write slot=0 started_ns=1790174761232388000 ended_ns=1790174761236601583 elapsed_us=4213 block_gets=0 block_puts=0 deleted=0
checkpoint_phase lsn=22576 phase=value_index_schedule slot=0 started_ns=1790174761245740000 ended_ns=1790174761245746083 elapsed_us=6 block_gets=0 block_puts=0 deleted=0
checkpoint_phase lsn=22576 phase=row_merge_write slot=0 started_ns=1790174761245863000 ended_ns=1790174761250311000 elapsed_us=4448 block_gets=0 block_puts=0 deleted=0
checkpoint_phase lsn=22588 phase=row_merge_write slot=0 started_ns=1790174761281020000 ended_ns=1790174761298425917 elapsed_us=17405 block_gets=0 block_puts=3 deleted=0
checkpoint_phase lsn=22588 phase=value_index_schedule slot=0 started_ns=1790174761305684000 ended_ns=1790174761305693167 elapsed_us=9 block_gets=0 block_puts=0 deleted=0
checkpoint_phase lsn=22588 phase=value_index_schedule slot=0 started_ns=1790174761305777000 ended_ns=1790174761305959666 elapsed_us=182 block_gets=0 block_puts=0 deleted=0
checkpoint_phase lsn=22588 phase=value_index_write slot=0 started_ns=1790174761306025000 ended_ns=1790174761306026666 elapsed_us=1 block_gets=0 block_puts=0 deleted=0
checkpoint_phase lsn=22588 phase=value_index_write slot=0 started_ns=1790174761307471000 ended_ns=1790174761309162875 elapsed_us=1691 block_gets=0 block_puts=0 deleted=0
checkpoint_phase lsn=22588 phase=value_index_write slot=0 started_ns=1790174761315592000 ended_ns=1790174761315725417 elapsed_us=133 block_gets=0 block_puts=0 deleted=0
checkpoint_phase lsn=22588 phase=value_index_write slot=0 started_ns=1790174761315802000 ended_ns=1790174761315903084 elapsed_us=101 block_gets=0 block_puts=0 deleted=0
checkpoint_phase lsn=22588 phase=value_index_write slot=0 started_ns=1790174761315973000 ended_ns=1790174761316045583 elapsed_us=72 block_gets=0 block_puts=0 deleted=0
checkpoint_phase lsn=22588 phase=value_index_write slot=0 started_ns=1790174761316101000 ended_ns=1790174761316172875 elapsed_us=71 block_gets=0 block_puts=0 deleted=0
checkpoint_phase lsn=22588 phase=value_index_write slot=0 started_ns=1790174761316220000 ended_ns=1790174761329723166 elapsed_us=13503 block_gets=0 block_puts=1 deleted=0
checkpoint_phase lsn=22592 phase=value_index_schedule slot=0 started_ns=1790174761355503000 ended_ns=1790174761355509125 elapsed_us=6 block_gets=0 block_puts=0 deleted=0
checkpoint_phase lsn=22592 phase=value_index_schedule slot=0 started_ns=1790174761355585000 ended_ns=1790174761355844500 elapsed_us=259 block_gets=0 block_puts=0 deleted=0
checkpoint_phase lsn=22592 phase=value_index_write slot=0 started_ns=1790174761357460000 ended_ns=1790174761357462125 elapsed_us=2 block_gets=0 block_puts=0 deleted=0
checkpoint_phase lsn=22600 phase=value_index_schedule slot=0 started_ns=1790174761398148000 ended_ns=1790174761398154208 elapsed_us=6 block_gets=0 block_puts=0 deleted=0
checkpoint_phase lsn=22604 phase=value_index_schedule slot=0 started_ns=1790174761423050000 ended_ns=1790174761423054959 elapsed_us=4 block_gets=0 block_puts=0 deleted=0
checkpoint_phase lsn=22604 phase=value_index_schedule slot=0 started_ns=1790174761428918000 ended_ns=1790174761429180875 elapsed_us=262 block_gets=0 block_puts=0 deleted=0
checkpoint_phase lsn=22604 phase=value_index_write slot=0 started_ns=1790174761434781000 ended_ns=1790174761434783958 elapsed_us=2 block_gets=0 block_puts=0 deleted=0
checkpoint_phase lsn=22604 phase=value_index_write slot=0 started_ns=1790174761436199000 ended_ns=1790174761436329833 elapsed_us=130 block_gets=0 block_puts=0 deleted=0
checkpoint_phase lsn=22608 phase=value_index_schedule slot=0 started_ns=1790174761457444000 ended_ns=1790174761457449917 elapsed_us=5 block_gets=0 block_puts=0 deleted=0
checkpoint_phase lsn=22608 phase=value_index_schedule slot=0 started_ns=1790174761457510000 ended_ns=1790174761457674417 elapsed_us=164 block_gets=0 block_puts=0 deleted=0
checkpoint_phase lsn=22608 phase=value_index_write slot=0 started_ns=1790174761457796000 ended_ns=1790174761457799291 elapsed_us=3 block_gets=0 block_puts=0 deleted=0
checkpoint_phase lsn=22612 phase=value_index_schedule slot=0 started_ns=1790174761479992000 ended_ns=1790174761479997750 elapsed_us=5 block_gets=0 block_puts=0 deleted=0
checkpoint_phase lsn=22612 phase=value_index_schedule slot=0 started_ns=1790174761483548000 ended_ns=1790174761483805000 elapsed_us=257 block_gets=0 block_puts=0 deleted=0
checkpoint_phase lsn=22620 phase=value_index_schedule slot=0 started_ns=1790174761508745000 ended_ns=1790174761508751250 elapsed_us=6 block_gets=0 block_puts=0 deleted=0
checkpoint_phase lsn=22620 phase=value_index_schedule slot=0 started_ns=1790174761508820000 ended_ns=1790174761508988666 elapsed_us=168 block_gets=0 block_puts=0 deleted=0
checkpoint_phase lsn=22620 phase=value_index_write slot=0 started_ns=1790174761515298000 ended_ns=1790174761515300375 elapsed_us=2 block_gets=0 block_puts=0 deleted=0
checkpoint_phase lsn=22620 phase=value_index_write slot=0 started_ns=1790174761515380000 ended_ns=1790174761515581417 elapsed_us=201 block_gets=0 block_puts=0 deleted=0
checkpoint_phase lsn=22620 phase=value_index_write slot=0 started_ns=1790174761515644000 ended_ns=1790174761515773791 elapsed_us=129 block_gets=0 block_puts=0 deleted=0
checkpoint_phase lsn=22620 phase=value_index_write slot=0 started_ns=1790174761515888000 ended_ns=1790174761515991083 elapsed_us=103 block_gets=0 block_puts=0 deleted=0
checkpoint_phase lsn=22620 phase=value_index_write slot=0 started_ns=1790174761517408000 ended_ns=1790174761517478375 elapsed_us=70 block_gets=0 block_puts=0 deleted=0
checkpoint_phase lsn=22628 phase=value_index_schedule slot=0 started_ns=1790174761533418000 ended_ns=1790174761533423583 elapsed_us=5 block_gets=0 block_puts=0 deleted=0
checkpoint_phase lsn=22628 phase=value_index_schedule slot=0 started_ns=1790174761533497000 ended_ns=1790174761533664042 elapsed_us=167 block_gets=0 block_puts=0 deleted=0
checkpoint_phase lsn=22628 phase=value_index_write slot=0 started_ns=1790174761541428000 ended_ns=1790174761541430500 elapsed_us=2 block_gets=0 block_puts=0 deleted=0
checkpoint_phase lsn=22628 phase=value_index_write slot=0 started_ns=1790174761542856000 ended_ns=1790174761542991458 elapsed_us=135 block_gets=0 block_puts=0 deleted=0
checkpoint_phase lsn=22628 phase=value_index_write slot=0 started_ns=1790174761549515000 ended_ns=1790174761549648541 elapsed_us=133 block_gets=0 block_puts=0 deleted=0
checkpoint_phase lsn=22628 phase=value_index_write slot=0 started_ns=1790174761549755000 ended_ns=1790174761549927917 elapsed_us=172 block_gets=0 block_puts=0 deleted=0
checkpoint_phase lsn=22628 phase=value_index_write slot=0 started_ns=1790174761549989000 ended_ns=1790174761550145125 elapsed_us=156 block_gets=0 block_puts=0 deleted=0
checkpoint_phase lsn=22636 phase=value_index_schedule slot=0 started_ns=1790174761581677000 ended_ns=1790174761581683500 elapsed_us=6 block_gets=0 block_puts=0 deleted=0
checkpoint_phase lsn=22636 phase=value_index_schedule slot=0 started_ns=1790174761583144000 ended_ns=1790174761583313416 elapsed_us=169 block_gets=0 block_puts=0 deleted=0
checkpoint_phase lsn=22636 phase=value_index_write slot=0 started_ns=1790174761589577000 ended_ns=1790174761589579167 elapsed_us=2 block_gets=0 block_puts=0 deleted=0
checkpoint_phase lsn=22636 phase=value_index_write slot=0 started_ns=1790174761589657000 ended_ns=1790174761589788541 elapsed_us=131 block_gets=0 block_puts=0 deleted=0
checkpoint_phase lsn=22636 phase=value_index_write slot=0 started_ns=1790174761589850000 ended_ns=1790174761589971834 elapsed_us=121 block_gets=0 block_puts=0 deleted=0
checkpoint_phase lsn=22636 phase=value_index_write slot=0 started_ns=1790174761591336000 ended_ns=1790174761591443791 elapsed_us=107 block_gets=0 block_puts=0 deleted=0
checkpoint_phase lsn=22644 phase=value_index_schedule slot=0 started_ns=1790174761611831000 ended_ns=1790174761611837292 elapsed_us=6 block_gets=0 block_puts=0 deleted=0
checkpoint_phase lsn=22644 phase=value_index_schedule slot=0 started_ns=1790174761611908000 ended_ns=1790174761612084416 elapsed_us=176 block_gets=0 block_puts=0 deleted=0
checkpoint_phase lsn=22644 phase=value_index_write slot=0 started_ns=1790174761617339000 ended_ns=1790174761617341333 elapsed_us=2 block_gets=0 block_puts=0 deleted=0
checkpoint_phase lsn=22644 phase=value_index_write slot=0 started_ns=1790174761618757000 ended_ns=1790174761618885375 elapsed_us=128 block_gets=0 block_puts=0 deleted=0
checkpoint_phase lsn=22652 phase=value_index_schedule slot=0 started_ns=1790174761637689000 ended_ns=1790174761637694833 elapsed_us=5 block_gets=0 block_puts=0 deleted=0
checkpoint_phase lsn=22652 phase=value_index_schedule slot=0 started_ns=1790174761637765000 ended_ns=1790174761637937750 elapsed_us=172 block_gets=0 block_puts=0 deleted=0
checkpoint_phase lsn=22652 phase=value_index_write slot=0 started_ns=1790174761641587000 ended_ns=1790174761641589459 elapsed_us=2 block_gets=0 block_puts=0 deleted=0
checkpoint_phase lsn=22652 phase=value_index_write slot=0 started_ns=1790174761644377000 ended_ns=1790174761644506666 elapsed_us=129 block_gets=0 block_puts=0 deleted=0
checkpoint_phase lsn=22652 phase=value_index_write slot=0 started_ns=1790174761651524000 ended_ns=1790174761651649209 elapsed_us=125 block_gets=0 block_puts=0 deleted=0
checkpoint_phase lsn=22652 phase=value_index_write slot=0 started_ns=1790174761651722000 ended_ns=1790174761651838375 elapsed_us=116 block_gets=0 block_puts=0 deleted=0
checkpoint_phase lsn=22660 phase=value_index_schedule slot=0 started_ns=1790174761674038000 ended_ns=1790174761674043625 elapsed_us=5 block_gets=0 block_puts=0 deleted=0
checkpoint_phase lsn=22660 phase=value_index_schedule slot=0 started_ns=1790174761679010000 ended_ns=1790174761679187083 elapsed_us=177 block_gets=0 block_puts=0 deleted=0
checkpoint_phase lsn=22660 phase=value_index_write slot=0 started_ns=1790174761680567000 ended_ns=1790174761680568667 elapsed_us=1 block_gets=0 block_puts=0 deleted=0
checkpoint_phase lsn=22668 phase=value_index_schedule slot=0 started_ns=1790174761714320000 ended_ns=1790174761714326625 elapsed_us=6 block_gets=0 block_puts=0 deleted=0
checkpoint_phase lsn=22668 phase=value_index_schedule slot=0 started_ns=1790174761719355000 ended_ns=1790174761719537667 elapsed_us=182 block_gets=0 block_puts=0 deleted=0
checkpoint_phase lsn=22668 phase=value_index_write slot=0 started_ns=1790174761720951000 ended_ns=1790174761720953209 elapsed_us=2 block_gets=0 block_puts=0 deleted=0
checkpoint_phase lsn=22668 phase=value_index_write slot=0 started_ns=1790174761721015000 ended_ns=1790174761721144208 elapsed_us=129 block_gets=0 block_puts=0 deleted=0
checkpoint_phase lsn=22668 phase=value_index_write slot=0 started_ns=1790174761721207000 ended_ns=1790174761721331291 elapsed_us=124 block_gets=0 block_puts=0 deleted=0
checkpoint_phase lsn=22668 phase=value_index_write slot=0 started_ns=1790174761723595000 ended_ns=1790174761723716000 elapsed_us=121 block_gets=0 block_puts=0 deleted=0
checkpoint_phase lsn=22668 phase=value_index_write slot=0 started_ns=1790174761728474000 ended_ns=1790174761728559875 elapsed_us=85 block_gets=0 block_puts=0 deleted=0
checkpoint_phase lsn=22676 phase=value_index_schedule slot=0 started_ns=1790174761779726000 ended_ns=1790174761779732917 elapsed_us=6 block_gets=0 block_puts=0 deleted=0
checkpoint_phase lsn=22676 phase=value_index_schedule slot=0 started_ns=1790174761782134000 ended_ns=1790174761782323958 elapsed_us=189 block_gets=0 block_puts=0 deleted=0
checkpoint_phase lsn=22676 phase=value_index_write slot=0 started_ns=1790174761789922000 ended_ns=1790174761789924708 elapsed_us=2 block_gets=0 block_puts=0 deleted=0
checkpoint_phase lsn=22676 phase=value_index_write slot=0 started_ns=1790174761790004000 ended_ns=1790174761790133750 elapsed_us=129 block_gets=0 block_puts=0 deleted=0
checkpoint_phase lsn=22676 phase=value_index_write slot=0 started_ns=1790174761790254000 ended_ns=1790174761790374917 elapsed_us=120 block_gets=0 block_puts=0 deleted=0
checkpoint_phase lsn=22676 phase=value_index_write slot=0 started_ns=1790174761790437000 ended_ns=1790174761790563042 elapsed_us=126 block_gets=0 block_puts=0 deleted=0
checkpoint_phase lsn=22684 phase=value_index_schedule slot=0 started_ns=1790174761827858000 ended_ns=1790174761827864041 elapsed_us=6 block_gets=0 block_puts=0 deleted=0
checkpoint_phase lsn=22684 phase=value_index_schedule slot=0 started_ns=1790174761830795000 ended_ns=1790174761831036417 elapsed_us=241 block_gets=0 block_puts=0 deleted=0
checkpoint_phase lsn=22684 phase=value_index_write slot=0 started_ns=1790174761837469000 ended_ns=1790174761837471583 elapsed_us=2 block_gets=0 block_puts=0 deleted=0
checkpoint_phase lsn=22684 phase=value_index_write slot=0 started_ns=1790174761837537000 ended_ns=1790174761837667500 elapsed_us=130 block_gets=0 block_puts=0 deleted=0
checkpoint_phase lsn=22684 phase=value_index_write slot=0 started_ns=1790174761837721000 ended_ns=1790174761837841125 elapsed_us=120 block_gets=0 block_puts=0 deleted=0
checkpoint_phase lsn=22692 phase=value_index_schedule slot=0 started_ns=1790174761860873000 ended_ns=1790174761860878750 elapsed_us=5 block_gets=0 block_puts=0 deleted=0
checkpoint_phase lsn=22692 phase=value_index_schedule slot=0 started_ns=1790174761860946000 ended_ns=1790174761861130500 elapsed_us=184 block_gets=0 block_puts=0 deleted=0
checkpoint_phase lsn=22692 phase=value_index_write slot=0 started_ns=1790174761863418000 ended_ns=1790174761863420583 elapsed_us=2 block_gets=0 block_puts=0 deleted=0
checkpoint_phase lsn=22692 phase=value_index_write slot=0 started_ns=1790174761867489000 ended_ns=1790174761867622250 elapsed_us=133 block_gets=0 block_puts=0 deleted=0
checkpoint_phase lsn=22692 phase=value_index_write slot=0 started_ns=1790174761871183000 ended_ns=1790174761871308375 elapsed_us=125 block_gets=0 block_puts=0 deleted=0
checkpoint_phase lsn=22696 phase=value_index_schedule slot=0 started_ns=1790174761890839000 ended_ns=1790174761890844625 elapsed_us=5 block_gets=0 block_puts=0 deleted=0
checkpoint_phase lsn=22700 phase=value_index_schedule slot=0 started_ns=1790174761910500000 ended_ns=1790174761910505542 elapsed_us=5 block_gets=0 block_puts=0 deleted=0
checkpoint_phase lsn=22700 phase=value_index_schedule slot=0 started_ns=1790174761913270000 ended_ns=1790174761913464625 elapsed_us=194 block_gets=0 block_puts=0 deleted=0
checkpoint_phase lsn=22708 phase=value_index_schedule slot=0 started_ns=1790174761929355000 ended_ns=1790174761929360542 elapsed_us=5 block_gets=0 block_puts=0 deleted=0
checkpoint_phase lsn=22708 phase=value_index_schedule slot=0 started_ns=1790174761929424000 ended_ns=1790174761929620084 elapsed_us=196 block_gets=0 block_puts=0 deleted=0
checkpoint_phase lsn=22708 phase=value_index_write slot=0 started_ns=1790174761929678000 ended_ns=1790174761929679375 elapsed_us=1 block_gets=0 block_puts=0 deleted=0
checkpoint_phase lsn=22708 phase=value_index_write slot=0 started_ns=1790174761929744000 ended_ns=1790174761929871583 elapsed_us=127 block_gets=0 block_puts=0 deleted=0
checkpoint_phase lsn=22708 phase=value_index_write slot=0 started_ns=1790174761932173000 ended_ns=1790174761932299750 elapsed_us=126 block_gets=0 block_puts=0 deleted=0
checkpoint_phase lsn=22708 phase=value_index_write slot=0 started_ns=1790174761939332000 ended_ns=1790174761939479792 elapsed_us=147 block_gets=0 block_puts=0 deleted=0
checkpoint_phase lsn=22708 phase=value_index_write slot=0 started_ns=1790174761939550000 ended_ns=1790174761939632792 elapsed_us=82 block_gets=0 block_puts=0 deleted=0
checkpoint_phase lsn=22708 phase=value_index_write slot=0 started_ns=1790174761939720000 ended_ns=1790174761939860125 elapsed_us=140 block_gets=0 block_puts=0 deleted=0
checkpoint_phase lsn=22708 phase=value_index_write slot=0 started_ns=1790174761941639000 ended_ns=1790174761959199292 elapsed_us=17560 block_gets=0 block_puts=1 deleted=0
checkpoint_phase lsn=22712 phase=value_index_schedule slot=0 started_ns=1790174761974838000 ended_ns=1790174761974844000 elapsed_us=6 block_gets=0 block_puts=0 deleted=0
checkpoint_phase lsn=22712 phase=value_index_schedule slot=0 started_ns=1790174761974985000 ended_ns=1790174761975329541 elapsed_us=344 block_gets=0 block_puts=0 deleted=0
checkpoint_phase lsn=22712 phase=value_index_write slot=0 started_ns=1790174761979175000 ended_ns=1790174761979177375 elapsed_us=2 block_gets=0 block_puts=0 deleted=0
checkpoint_phase lsn=22724 phase=value_index_schedule slot=0 started_ns=1790174762020899000 ended_ns=1790174762020905291 elapsed_us=6 block_gets=0 block_puts=0 deleted=0
checkpoint_phase lsn=22724 phase=value_index_schedule slot=0 started_ns=1790174762023748000 ended_ns=1790174762023950125 elapsed_us=202 block_gets=0 block_puts=0 deleted=0
checkpoint_phase lsn=22724 phase=value_index_write slot=0 started_ns=1790174762031990000 ended_ns=1790174762031992417 elapsed_us=2 block_gets=0 block_puts=0 deleted=0
checkpoint_phase lsn=22724 phase=value_index_write slot=0 started_ns=1790174762032120000 ended_ns=1790174762032364916 elapsed_us=244 block_gets=0 block_puts=0 deleted=0
checkpoint_phase lsn=22724 phase=value_index_write slot=0 started_ns=1790174762032423000 ended_ns=1790174762032545250 elapsed_us=122 block_gets=0 block_puts=0 deleted=0
checkpoint_phase lsn=22724 phase=value_index_write slot=0 started_ns=1790174762042234000 ended_ns=1790174762042360458 elapsed_us=126 block_gets=0 block_puts=0 deleted=0
checkpoint_phase lsn=22724 phase=value_index_write slot=0 started_ns=1790174762042491000 ended_ns=1790174762042649458 elapsed_us=158 block_gets=0 block_puts=0 deleted=0
checkpoint_phase lsn=22728 phase=value_index_schedule slot=0 started_ns=1790174762059602000 ended_ns=1790174762059607542 elapsed_us=5 block_gets=0 block_puts=0 deleted=0
checkpoint_phase lsn=22728 phase=value_index_schedule slot=0 started_ns=1790174762063127000 ended_ns=1790174762063342084 elapsed_us=215 block_gets=0 block_puts=0 deleted=0
checkpoint_phase lsn=22736 phase=value_index_schedule slot=0 started_ns=1790174762090726000 ended_ns=1790174762090732042 elapsed_us=6 block_gets=0 block_puts=0 deleted=0
checkpoint_phase lsn=22736 phase=value_index_schedule slot=0 started_ns=1790174762090805000 ended_ns=1790174762091008583 elapsed_us=203 block_gets=0 block_puts=0 deleted=0
checkpoint_phase lsn=22744 phase=value_index_schedule slot=0 started_ns=1790174762125217000 ended_ns=1790174762125223416 elapsed_us=6 block_gets=0 block_puts=0 deleted=0
checkpoint_phase lsn=22744 phase=value_index_schedule slot=0 started_ns=1790174762131838000 ended_ns=1790174762132035958 elapsed_us=197 block_gets=0 block_puts=0 deleted=0
checkpoint_phase lsn=22748 phase=value_index_schedule slot=0 started_ns=1790174762157136000 ended_ns=1790174762157141750 elapsed_us=5 block_gets=0 block_puts=0 deleted=0
checkpoint_phase lsn=22748 phase=value_index_schedule slot=0 started_ns=1790174762157207000 ended_ns=1790174762157401417 elapsed_us=194 block_gets=0 block_puts=0 deleted=0
checkpoint_phase lsn=22748 phase=value_index_write slot=0 started_ns=1790174762166291000 ended_ns=1790174762166293667 elapsed_us=2 block_gets=0 block_puts=0 deleted=0
checkpoint_phase lsn=22748 phase=value_index_write slot=0 started_ns=1790174762167747000 ended_ns=1790174762167879083 elapsed_us=132 block_gets=0 block_puts=0 deleted=0
checkpoint_phase lsn=22760 phase=value_index_schedule slot=0 started_ns=1790174762192623000 ended_ns=1790174762192628500 elapsed_us=5 block_gets=0 block_puts=0 deleted=0
checkpoint_phase lsn=22760 phase=value_index_schedule slot=0 started_ns=1790174762192690000 ended_ns=1790174762192891250 elapsed_us=201 block_gets=0 block_puts=0 deleted=0
checkpoint_phase lsn=22764 phase=value_index_schedule slot=0 started_ns=1790174762220589000 ended_ns=1790174762220594667 elapsed_us=5 block_gets=0 block_puts=0 deleted=0
checkpoint_phase lsn=22764 phase=value_index_schedule slot=0 started_ns=1790174762221968000 ended_ns=1790174762222172583 elapsed_us=204 block_gets=0 block_puts=0 deleted=0
checkpoint_phase lsn=22764 phase=value_index_write slot=0 started_ns=1790174762230799000 ended_ns=1790174762230801459 elapsed_us=2 block_gets=0 block_puts=0 deleted=0
checkpoint_phase lsn=22764 phase=value_index_write slot=0 started_ns=1790174762230880000 ended_ns=1790174762231009208 elapsed_us=129 block_gets=0 block_puts=0 deleted=0
checkpoint_phase lsn=22764 phase=value_index_write slot=0 started_ns=1790174762231081000 ended_ns=1790174762231200375 elapsed_us=119 block_gets=0 block_puts=0 deleted=0
checkpoint_phase lsn=22764 phase=value_index_write slot=0 started_ns=1790174762231255000 ended_ns=1790174762231373917 elapsed_us=118 block_gets=0 block_puts=0 deleted=0
checkpoint_phase lsn=22764 phase=value_index_write slot=0 started_ns=1790174762242058000 ended_ns=1790174762242155750 elapsed_us=97 block_gets=0 block_puts=0 deleted=0
checkpoint_phase lsn=22764 phase=value_index_write slot=0 started_ns=1790174762242290000 ended_ns=1790174762242510500 elapsed_us=220 block_gets=0 block_puts=0 deleted=0
checkpoint_phase lsn=22764 phase=value_index_write slot=0 started_ns=1790174762242684000 ended_ns=1790174762261312167 elapsed_us=18628 block_gets=0 block_puts=1 deleted=0
checkpoint_phase lsn=22780 phase=value_index_schedule slot=0 started_ns=1790174762318698000 ended_ns=1790174762318704000 elapsed_us=6 block_gets=0 block_puts=0 deleted=0
checkpoint_phase lsn=22780 phase=value_index_schedule slot=0 started_ns=1790174762318768000 ended_ns=1790174762318982791 elapsed_us=214 block_gets=0 block_puts=0 deleted=0
checkpoint_phase lsn=22780 phase=value_index_write slot=0 started_ns=1790174762327975000 ended_ns=1790174762327977625 elapsed_us=2 block_gets=0 block_puts=0 deleted=0
checkpoint_phase lsn=22780 phase=value_index_write slot=0 started_ns=1790174762328057000 ended_ns=1790174762328201042 elapsed_us=144 block_gets=0 block_puts=0 deleted=0
checkpoint_phase lsn=22780 phase=value_index_write slot=0 started_ns=1790174762328370000 ended_ns=1790174762328493500 elapsed_us=123 block_gets=0 block_puts=0 deleted=0
checkpoint_phase lsn=22780 phase=value_index_write slot=0 started_ns=1790174762340610000 ended_ns=1790174762340750500 elapsed_us=140 block_gets=0 block_puts=0 deleted=0
checkpoint_phase lsn=22780 phase=value_index_write slot=0 started_ns=1790174762341047000 ended_ns=1790174762341159459 elapsed_us=112 block_gets=0 block_puts=0 deleted=0
checkpoint_phase lsn=22780 phase=value_index_write slot=0 started_ns=1790174762351787000 ended_ns=1790174762351861209 elapsed_us=74 block_gets=0 block_puts=0 deleted=0
checkpoint_phase lsn=22780 phase=value_index_write slot=0 started_ns=1790174762351975000 ended_ns=1790174762370238750 elapsed_us=18263 block_gets=0 block_puts=1 deleted=0
checkpoint_phase lsn=22780 phase=value_index_write slot=0 started_ns=1790174762380662000 ended_ns=1790174762380741459 elapsed_us=79 block_gets=0 block_puts=0 deleted=0
checkpoint_phase lsn=22796 phase=value_index_schedule slot=0 started_ns=1790174762428859000 ended_ns=1790174762428865250 elapsed_us=6 block_gets=0 block_puts=0 deleted=0
checkpoint_phase lsn=22796 phase=value_index_schedule slot=0 started_ns=1790174762436075000 ended_ns=1790174762436300833 elapsed_us=225 block_gets=0 block_puts=0 deleted=0
checkpoint_phase lsn=22796 phase=value_index_write slot=0 started_ns=1790174762436364000 ended_ns=1790174762436365750 elapsed_us=1 block_gets=0 block_puts=0 deleted=0
checkpoint_phase lsn=22796 phase=value_index_write slot=0 started_ns=1790174762436414000 ended_ns=1790174762436541833 elapsed_us=127 block_gets=0 block_puts=0 deleted=0
checkpoint_phase lsn=22796 phase=value_index_write slot=0 started_ns=1790174762443881000 ended_ns=1790174762444007708 elapsed_us=126 block_gets=0 block_puts=0 deleted=0
checkpoint_phase lsn=22796 phase=value_index_write slot=0 started_ns=1790174762444074000 ended_ns=1790174762444198333 elapsed_us=124 block_gets=0 block_puts=0 deleted=0
checkpoint_phase lsn=22796 phase=value_index_write slot=0 started_ns=1790174762444260000 ended_ns=1790174762444360459 elapsed_us=100 block_gets=0 block_puts=0 deleted=0
checkpoint_phase lsn=22796 phase=value_index_write slot=0 started_ns=1790174762444416000 ended_ns=1790174762444487834 elapsed_us=71 block_gets=0 block_puts=0 deleted=0
checkpoint_phase lsn=22796 phase=value_index_write slot=0 started_ns=1790174762452190000 ended_ns=1790174762461231042 elapsed_us=9041 block_gets=0 block_puts=1 deleted=0
checkpoint_phase lsn=22796 phase=value_index_write slot=0 started_ns=1790174762468334000 ended_ns=1790174762468407250 elapsed_us=73 block_gets=0 block_puts=0 deleted=0
checkpoint_phase lsn=22796 phase=value_index_write slot=0 started_ns=1790174762468466000 ended_ns=1790174762468535750 elapsed_us=69 block_gets=0 block_puts=0 deleted=0
checkpoint_phase lsn=22796 phase=value_index_write slot=0 started_ns=1790174762468585000 ended_ns=1790174762468655000 elapsed_us=70 block_gets=0 block_puts=0 deleted=0
checkpoint_phase lsn=22796 phase=value_index_write slot=0 started_ns=1790174762468721000 ended_ns=1790174762472336417 elapsed_us=3615 block_gets=0 block_puts=1 deleted=0
checkpoint_phase lsn=22812 phase=value_index_schedule slot=0 started_ns=1790174762504196000 ended_ns=1790174762504202291 elapsed_us=6 block_gets=0 block_puts=0 deleted=0
checkpoint_phase lsn=22812 phase=value_index_schedule slot=0 started_ns=1790174762504278000 ended_ns=1790174762504499334 elapsed_us=221 block_gets=0 block_puts=0 deleted=0
checkpoint_phase lsn=22812 phase=value_index_write slot=0 started_ns=1790174762512847000 ended_ns=1790174762512849042 elapsed_us=2 block_gets=0 block_puts=0 deleted=0
checkpoint_phase lsn=22812 phase=value_index_write slot=0 started_ns=1790174762521875000 ended_ns=1790174762522006667 elapsed_us=131 block_gets=0 block_puts=0 deleted=0
checkpoint_phase lsn=22812 phase=value_index_write slot=0 started_ns=1790174762533375000 ended_ns=1790174762533502292 elapsed_us=127 block_gets=0 block_puts=0 deleted=0
checkpoint_phase lsn=22812 phase=value_index_write slot=0 started_ns=1790174762533569000 ended_ns=1790174762533691167 elapsed_us=122 block_gets=0 block_puts=0 deleted=0
checkpoint_phase lsn=22812 phase=value_index_write slot=0 started_ns=1790174762533742000 ended_ns=1790174762533847583 elapsed_us=105 block_gets=0 block_puts=0 deleted=0
checkpoint_phase lsn=22812 phase=value_index_write slot=0 started_ns=1790174762533895000 ended_ns=1790174762533965917 elapsed_us=70 block_gets=0 block_puts=0 deleted=0
checkpoint_phase lsn=22812 phase=value_index_write slot=0 started_ns=1790174762534025000 ended_ns=1790174762543093375 elapsed_us=9068 block_gets=0 block_puts=1 deleted=0
checkpoint_phase lsn=22828 phase=value_index_schedule slot=0 started_ns=1790174762568301000 ended_ns=1790174762568307416 elapsed_us=6 block_gets=0 block_puts=0 deleted=0
checkpoint_phase lsn=22828 phase=value_index_schedule slot=0 started_ns=1790174762568375000 ended_ns=1790174762568604584 elapsed_us=229 block_gets=0 block_puts=0 deleted=0
checkpoint_phase lsn=22828 phase=value_index_write slot=0 started_ns=1790174762576249000 ended_ns=1790174762576251875 elapsed_us=2 block_gets=0 block_puts=0 deleted=0
checkpoint_phase lsn=22828 phase=value_index_write slot=0 started_ns=1790174762576329000 ended_ns=1790174762576460750 elapsed_us=131 block_gets=0 block_puts=0 deleted=0
checkpoint_phase lsn=22828 phase=value_index_write slot=0 started_ns=1790174762585807000 ended_ns=1790174762585946333 elapsed_us=139 block_gets=0 block_puts=0 deleted=0
checkpoint_phase lsn=22828 phase=value_index_write slot=0 started_ns=1790174762586027000 ended_ns=1790174762586252625 elapsed_us=225 block_gets=0 block_puts=0 deleted=0
checkpoint_phase lsn=22828 phase=value_index_write slot=0 started_ns=1790174762595483000 ended_ns=1790174762595604834 elapsed_us=121 block_gets=0 block_puts=0 deleted=0
checkpoint_phase lsn=22828 phase=value_index_write slot=0 started_ns=1790174762595673000 ended_ns=1790174762595750833 elapsed_us=77 block_gets=0 block_puts=0 deleted=0
checkpoint_phase lsn=22828 phase=value_index_write slot=0 started_ns=1790174762595817000 ended_ns=1790174762605039042 elapsed_us=9222 block_gets=0 block_puts=1 deleted=0
checkpoint_phase lsn=22828 phase=value_index_write slot=0 started_ns=1790174762614192000 ended_ns=1790174762614268500 elapsed_us=76 block_gets=0 block_puts=0 deleted=0
checkpoint_phase lsn=22844 phase=value_index_schedule slot=0 started_ns=1790174762650698000 ended_ns=1790174762650704541 elapsed_us=6 block_gets=0 block_puts=0 deleted=0
checkpoint_phase lsn=22844 phase=value_index_schedule slot=0 started_ns=1790174762657513000 ended_ns=1790174762657737833 elapsed_us=224 block_gets=0 block_puts=0 deleted=0
checkpoint_phase lsn=22844 phase=value_index_write slot=0 started_ns=1790174762657809000 ended_ns=1790174762657811209 elapsed_us=2 block_gets=0 block_puts=0 deleted=0
checkpoint_phase lsn=22844 phase=value_index_write slot=0 started_ns=1790174762665285000 ended_ns=1790174762665424417 elapsed_us=139 block_gets=0 block_puts=0 deleted=0
checkpoint_phase lsn=22844 phase=value_index_write slot=0 started_ns=1790174762665496000 ended_ns=1790174762665623375 elapsed_us=127 block_gets=0 block_puts=0 deleted=0
checkpoint_phase lsn=22844 phase=value_index_write slot=0 started_ns=1790174762672944000 ended_ns=1790174762673071792 elapsed_us=127 block_gets=0 block_puts=0 deleted=0
checkpoint_phase lsn=22844 phase=value_index_write slot=0 started_ns=1790174762673131000 ended_ns=1790174762673242208 elapsed_us=111 block_gets=0 block_puts=0 deleted=0
checkpoint_phase lsn=22844 phase=value_index_write slot=0 started_ns=1790174762680444000 ended_ns=1790174762680517875 elapsed_us=73 block_gets=0 block_puts=0 deleted=0
checkpoint_phase lsn=22844 phase=value_index_write slot=0 started_ns=1790174762680585000 ended_ns=1790174762689494542 elapsed_us=8909 block_gets=0 block_puts=1 deleted=0
checkpoint_phase lsn=22860 phase=value_index_schedule slot=0 started_ns=1790174762715118000 ended_ns=1790174762715123583 elapsed_us=5 block_gets=0 block_puts=0 deleted=0
checkpoint_phase lsn=22860 phase=value_index_schedule slot=0 started_ns=1790174762715195000 ended_ns=1790174762715432291 elapsed_us=237 block_gets=0 block_puts=0 deleted=0
checkpoint_phase lsn=22860 phase=value_index_write slot=0 started_ns=1790174762723932000 ended_ns=1790174762723934792 elapsed_us=2 block_gets=0 block_puts=0 deleted=0
checkpoint_phase lsn=22860 phase=value_index_write slot=0 started_ns=1790174762729058000 ended_ns=1790174762729190750 elapsed_us=132 block_gets=0 block_puts=0 deleted=0
checkpoint_phase lsn=22860 phase=value_index_write slot=0 started_ns=1790174762736579000 ended_ns=1790174762736707750 elapsed_us=128 block_gets=0 block_puts=0 deleted=0
checkpoint_phase lsn=22860 phase=value_index_write slot=0 started_ns=1790174762736772000 ended_ns=1790174762736896167 elapsed_us=124 block_gets=0 block_puts=0 deleted=0
checkpoint_phase lsn=22860 phase=value_index_write slot=0 started_ns=1790174762743524000 ended_ns=1790174762743648125 elapsed_us=124 block_gets=0 block_puts=0 deleted=0
checkpoint_phase lsn=22860 phase=value_index_write slot=0 started_ns=1790174762745045000 ended_ns=1790174762745116292 elapsed_us=71 block_gets=0 block_puts=0 deleted=0
checkpoint_phase lsn=22876 phase=value_index_schedule slot=0 started_ns=1790174762767575000 ended_ns=1790174762767580250 elapsed_us=5 block_gets=0 block_puts=0 deleted=0
checkpoint_phase lsn=22876 phase=value_index_schedule slot=0 started_ns=1790174762767652000 ended_ns=1790174762767896000 elapsed_us=244 block_gets=0 block_puts=0 deleted=0
checkpoint_phase lsn=22876 phase=value_index_write slot=0 started_ns=1790174762775868000 ended_ns=1790174762775871042 elapsed_us=3 block_gets=0 block_puts=0 deleted=0
checkpoint_phase lsn=22876 phase=value_index_write slot=0 started_ns=1790174762775944000 ended_ns=1790174762776076333 elapsed_us=132 block_gets=0 block_puts=0 deleted=0
checkpoint_phase lsn=22876 phase=value_index_write slot=0 started_ns=1790174762776143000 ended_ns=1790174762776267375 elapsed_us=124 block_gets=0 block_puts=0 deleted=0
checkpoint_phase lsn=22876 phase=value_index_write slot=0 started_ns=1790174762783757000 ended_ns=1790174762783881959 elapsed_us=124 block_gets=0 block_puts=0 deleted=0
checkpoint_phase lsn=22876 phase=value_index_write slot=0 started_ns=1790174762783947000 ended_ns=1790174762784070291 elapsed_us=123 block_gets=0 block_puts=0 deleted=0
checkpoint_phase lsn=22876 phase=value_index_write slot=0 started_ns=1790174762795775000 ended_ns=1790174762795849958 elapsed_us=74 block_gets=0 block_puts=0 deleted=0
checkpoint_phase lsn=22876 phase=value_index_write slot=0 started_ns=1790174762795916000 ended_ns=1790174762812938292 elapsed_us=17022 block_gets=0 block_puts=1 deleted=0
checkpoint_phase lsn=22876 phase=value_index_write slot=0 started_ns=1790174762824912000 ended_ns=1790174762824985292 elapsed_us=73 block_gets=0 block_puts=0 deleted=0
checkpoint_phase lsn=22892 phase=value_index_schedule slot=0 started_ns=1790174762862462000 ended_ns=1790174762862468750 elapsed_us=6 block_gets=0 block_puts=0 deleted=0
checkpoint_phase lsn=22892 phase=value_index_schedule slot=0 started_ns=1790174762870192000 ended_ns=1790174762870441542 elapsed_us=249 block_gets=0 block_puts=0 deleted=0
checkpoint_phase lsn=22892 phase=value_index_write slot=0 started_ns=1790174762870511000 ended_ns=1790174762870513042 elapsed_us=2 block_gets=0 block_puts=0 deleted=0
checkpoint_phase lsn=22892 phase=value_index_write slot=0 started_ns=1790174762878687000 ended_ns=1790174762878819875 elapsed_us=132 block_gets=0 block_puts=0 deleted=0
checkpoint_phase lsn=22892 phase=value_index_write slot=0 started_ns=1790174762878878000 ended_ns=1790174762879000083 elapsed_us=122 block_gets=0 block_puts=0 deleted=0
checkpoint_phase lsn=22892 phase=value_index_write slot=0 started_ns=1790174762887861000 ended_ns=1790174762887988791 elapsed_us=127 block_gets=0 block_puts=0 deleted=0
checkpoint_phase lsn=22892 phase=value_index_write slot=0 started_ns=1790174762888055000 ended_ns=1790174762888177000 elapsed_us=122 block_gets=0 block_puts=0 deleted=0
checkpoint_phase lsn=22892 phase=value_index_write slot=0 started_ns=1790174762896445000 ended_ns=1790174762896523042 elapsed_us=78 block_gets=0 block_puts=0 deleted=0
checkpoint_phase lsn=22892 phase=value_index_write slot=0 started_ns=1790174762896583000 ended_ns=1790174762907451833 elapsed_us=10868 block_gets=0 block_puts=1 deleted=0
checkpoint_phase lsn=22908 phase=value_index_schedule slot=0 started_ns=1790174762933804000 ended_ns=1790174762933810000 elapsed_us=6 block_gets=0 block_puts=0 deleted=0
checkpoint_phase lsn=22908 phase=value_index_schedule slot=0 started_ns=1790174762933883000 ended_ns=1790174762934125959 elapsed_us=242 block_gets=0 block_puts=0 deleted=0
checkpoint_phase lsn=22908 phase=value_index_write slot=0 started_ns=1790174762934192000 ended_ns=1790174762934193541 elapsed_us=1 block_gets=0 block_puts=0 deleted=0
checkpoint_phase lsn=22908 phase=value_index_write slot=0 started_ns=1790174762934256000 ended_ns=1790174762934388000 elapsed_us=132 block_gets=0 block_puts=0 deleted=0
checkpoint_phase lsn=22908 phase=value_index_write slot=0 started_ns=1790174762934453000 ended_ns=1790174762934578375 elapsed_us=125 block_gets=0 block_puts=0 deleted=0
checkpoint_phase lsn=22908 phase=value_index_write slot=0 started_ns=1790174762934636000 ended_ns=1790174762934757166 elapsed_us=121 block_gets=0 block_puts=0 deleted=0
checkpoint_phase lsn=22908 phase=value_index_write slot=0 started_ns=1790174762934816000 ended_ns=1790174762934939125 elapsed_us=123 block_gets=0 block_puts=0 deleted=0
checkpoint_phase lsn=22908 phase=value_index_write slot=0 started_ns=1790174762934999000 ended_ns=1790174762935077625 elapsed_us=78 block_gets=0 block_puts=0 deleted=0
checkpoint_phase lsn=22908 phase=value_index_write slot=0 started_ns=1790174762943358000 ended_ns=1790174762959001250 elapsed_us=15643 block_gets=0 block_puts=1 deleted=0
checkpoint_phase lsn=22908 phase=value_index_write slot=0 started_ns=1790174762967846000 ended_ns=1790174762967919750 elapsed_us=73 block_gets=0 block_puts=0 deleted=0
checkpoint_phase lsn=22908 phase=value_index_write slot=0 started_ns=1790174762981660000 ended_ns=1790174762981733250 elapsed_us=73 block_gets=0 block_puts=0 deleted=0
checkpoint_phase lsn=22908 phase=value_index_write slot=0 started_ns=1790174762981785000 ended_ns=1790174762981855584 elapsed_us=70 block_gets=0 block_puts=0 deleted=0
checkpoint_phase lsn=22908 phase=value_index_write slot=0 started_ns=1790174762981903000 ended_ns=1790174762986539333 elapsed_us=4636 block_gets=0 block_puts=1 deleted=0
checkpoint_phase lsn=22924 phase=value_index_schedule slot=0 started_ns=1790174763014388000 ended_ns=1790174763014394250 elapsed_us=6 block_gets=0 block_puts=0 deleted=0
checkpoint_phase lsn=22924 phase=value_index_schedule slot=0 started_ns=1790174763014473000 ended_ns=1790174763014726750 elapsed_us=253 block_gets=0 block_puts=0 deleted=0
checkpoint_phase lsn=22924 phase=value_index_write slot=0 started_ns=1790174763023043000 ended_ns=1790174763023045417 elapsed_us=2 block_gets=0 block_puts=0 deleted=0
checkpoint_phase lsn=22924 phase=value_index_write slot=0 started_ns=1790174763023102000 ended_ns=1790174763023231625 elapsed_us=129 block_gets=0 block_puts=0 deleted=0
checkpoint_phase lsn=22924 phase=value_index_write slot=0 started_ns=1790174763023283000 ended_ns=1790174763023405000 elapsed_us=122 block_gets=0 block_puts=0 deleted=0
checkpoint_phase lsn=22924 phase=value_index_write slot=0 started_ns=1790174763032564000 ended_ns=1790174763032690125 elapsed_us=126 block_gets=0 block_puts=0 deleted=0
checkpoint_phase lsn=22924 phase=value_index_write slot=0 started_ns=1790174763032758000 ended_ns=1790174763032882625 elapsed_us=124 block_gets=0 block_puts=0 deleted=0
checkpoint_phase lsn=22924 phase=value_index_write slot=0 started_ns=1790174763040580000 ended_ns=1790174763040666458 elapsed_us=86 block_gets=0 block_puts=0 deleted=0
checkpoint_phase lsn=22924 phase=value_index_write slot=0 started_ns=1790174763040737000 ended_ns=1790174763051729041 elapsed_us=10992 block_gets=0 block_puts=1 deleted=0
checkpoint_phase lsn=22924 phase=value_index_write slot=0 started_ns=1790174763059594000 ended_ns=1790174763059670000 elapsed_us=76 block_gets=0 block_puts=0 deleted=0
checkpoint_phase lsn=22940 phase=value_index_schedule slot=0 started_ns=1790174763107237000 ended_ns=1790174763107243250 elapsed_us=6 block_gets=0 block_puts=0 deleted=0
checkpoint_phase lsn=22940 phase=value_index_schedule slot=0 started_ns=1790174763115551000 ended_ns=1790174763115807042 elapsed_us=256 block_gets=0 block_puts=0 deleted=0
checkpoint_phase lsn=22940 phase=value_index_write slot=0 started_ns=1790174763115863000 ended_ns=1790174763115865084 elapsed_us=2 block_gets=0 block_puts=0 deleted=0
checkpoint_phase lsn=22940 phase=value_index_write slot=0 started_ns=1790174763115909000 ended_ns=1790174763116034334 elapsed_us=125 block_gets=0 block_puts=0 deleted=0
checkpoint_phase lsn=22940 phase=value_index_write slot=0 started_ns=1790174763116098000 ended_ns=1790174763116220875 elapsed_us=122 block_gets=0 block_puts=0 deleted=0
checkpoint_phase lsn=22940 phase=value_index_write slot=0 started_ns=1790174763116269000 ended_ns=1790174763116390708 elapsed_us=121 block_gets=0 block_puts=0 deleted=0
checkpoint_phase lsn=22940 phase=value_index_write slot=0 started_ns=1790174763116470000 ended_ns=1790174763116592167 elapsed_us=122 block_gets=0 block_puts=0 deleted=0
checkpoint_phase lsn=22940 phase=value_index_write slot=0 started_ns=1790174763116750000 ended_ns=1790174763116838625 elapsed_us=88 block_gets=0 block_puts=0 deleted=0
checkpoint_phase lsn=22940 phase=value_index_write slot=0 started_ns=1790174763116878000 ended_ns=1790174763137752250 elapsed_us=20874 block_gets=0 block_puts=1 deleted=0
pos3ql: shutdown requested, draining
checkpoint_phase lsn=22940 phase=value_index_write slot=0 started_ns=1790174763137766000 ended_ns=1790174763137835208 elapsed_us=69 block_gets=0 block_puts=0 deleted=0
checkpoint_phase lsn=22940 phase=value_index_write slot=0 started_ns=1790174763137839000 ended_ns=1790174763137907750 elapsed_us=68 block_gets=0 block_puts=0 deleted=0
checkpoint_phase lsn=22940 phase=value_index_write slot=0 started_ns=1790174763137909000 ended_ns=1790174763137977167 elapsed_us=68 block_gets=0 block_puts=0 deleted=0
checkpoint_phase lsn=22940 phase=value_index_write slot=0 started_ns=1790174763137979000 ended_ns=1790174763142486875 elapsed_us=4507 block_gets=0 block_puts=1 deleted=0
checkpoint_phase lsn=22940 phase=value_index_schedule slot=0 started_ns=1790174763142496000 ended_ns=1790174763142530666 elapsed_us=34 block_gets=0 block_puts=0 deleted=0
checkpoint_phase lsn=22940 phase=value_index_schedule slot=0 started_ns=1790174763142538000 ended_ns=1790174763142988083 elapsed_us=450 block_gets=0 block_puts=0 deleted=0
checkpoint_phase lsn=22940 phase=value_index_write slot=0 started_ns=1790174763142998000 ended_ns=1790174763151042208 elapsed_us=8044 block_gets=0 block_puts=3 deleted=0
checkpoint_phase lsn=22940 phase=value_index_write slot=0 started_ns=1790174763151055000 ended_ns=1790174763161974166 elapsed_us=10919 block_gets=0 block_puts=4 deleted=0
checkpoint_phase lsn=22940 phase=value_index_write slot=0 started_ns=1790174763161984000 ended_ns=1790174763171640375 elapsed_us=9656 block_gets=0 block_puts=4 deleted=0
checkpoint_phase lsn=22940 phase=value_index_write slot=0 started_ns=1790174763171650000 ended_ns=1790174763183407084 elapsed_us=11757 block_gets=0 block_puts=4 deleted=0
checkpoint_phase lsn=22940 phase=value_index_write slot=0 started_ns=1790174763183417000 ended_ns=1790174763197484125 elapsed_us=14067 block_gets=0 block_puts=3 deleted=0
checkpoint_phase lsn=22940 phase=value_index_write slot=0 started_ns=1790174763197496000 ended_ns=1790174763198218083 elapsed_us=722 block_gets=0 block_puts=0 deleted=0
checkpoint_phase lsn=22940 phase=value_index_write slot=0 started_ns=1790174763198222000 ended_ns=1790174763198941125 elapsed_us=719 block_gets=0 block_puts=0 deleted=0
checkpoint_phase lsn=22940 phase=value_index_write slot=0 started_ns=1790174763198946000 ended_ns=1790174763199666458 elapsed_us=720 block_gets=0 block_puts=0 deleted=0
checkpoint_phase lsn=22940 phase=value_index_write slot=0 started_ns=1790174763199670000 ended_ns=1790174763202443750 elapsed_us=2773 block_gets=0 block_puts=1 deleted=0
checkpoint_phase lsn=22940 phase=value_index_write slot=0 started_ns=1790174763202455000 ended_ns=1790174763203147500 elapsed_us=692 block_gets=0 block_puts=0 deleted=0
checkpoint_phase lsn=22940 phase=value_index_write slot=0 started_ns=1790174763203153000 ended_ns=1790174763204742041 elapsed_us=1589 block_gets=0 block_puts=1 deleted=0
checkpoint_phase lsn=22940 phase=value_index_schedule slot=0 started_ns=1790174763204753000 ended_ns=1790174763205226416 elapsed_us=473 block_gets=0 block_puts=0 deleted=0
checkpoint_phase lsn=22940 phase=value_index_schedule slot=0 started_ns=1790174763205234000 ended_ns=1790174763205711959 elapsed_us=477 block_gets=0 block_puts=0 deleted=0
checkpoint_phase lsn=22940 phase=value_index_write slot=0 started_ns=1790174763205724000 ended_ns=1790174763217066959 elapsed_us=11342 block_gets=0 block_puts=3 deleted=0
checkpoint_phase lsn=22940 phase=value_index_write slot=0 started_ns=1790174763217077000 ended_ns=1790174763227383917 elapsed_us=10306 block_gets=0 block_puts=4 deleted=0
checkpoint_phase lsn=22940 phase=value_index_write slot=0 started_ns=1790174763227398000 ended_ns=1790174763237806958 elapsed_us=10408 block_gets=0 block_puts=4 deleted=0
checkpoint_phase lsn=22940 phase=value_index_write slot=0 started_ns=1790174763237825000 ended_ns=1790174763270614292 elapsed_us=32789 block_gets=0 block_puts=4 deleted=0
checkpoint_phase lsn=22940 phase=value_index_write slot=0 started_ns=1790174763270626000 ended_ns=1790174763286333791 elapsed_us=15707 block_gets=0 block_puts=3 deleted=0
checkpoint_phase lsn=22940 phase=value_index_write slot=0 started_ns=1790174763286346000 ended_ns=1790174763287071083 elapsed_us=725 block_gets=0 block_puts=0 deleted=0
checkpoint_phase lsn=22940 phase=value_index_write slot=0 started_ns=1790174763287077000 ended_ns=1790174763287797458 elapsed_us=720 block_gets=0 block_puts=0 deleted=0
checkpoint_phase lsn=22940 phase=value_index_write slot=0 started_ns=1790174763287801000 ended_ns=1790174763288520417 elapsed_us=719 block_gets=0 block_puts=0 deleted=0
checkpoint_phase lsn=22940 phase=value_index_write slot=0 started_ns=1790174763288524000 ended_ns=1790174763291881916 elapsed_us=3357 block_gets=0 block_puts=1 deleted=0
checkpoint_phase lsn=22940 phase=value_index_write slot=0 started_ns=1790174763291893000 ended_ns=1790174763292767709 elapsed_us=874 block_gets=0 block_puts=0 deleted=0
checkpoint_phase lsn=22940 phase=value_index_write slot=0 started_ns=1790174763292779000 ended_ns=1790174763294052500 elapsed_us=1273 block_gets=0 block_puts=1 deleted=0
checkpoint_phase lsn=22940 phase=row_sst_delta slot=0 started_ns=1790174763294062000 ended_ns=1790174763307703625 elapsed_us=13641 block_gets=0 block_puts=4 deleted=0
checkpoint_phase lsn=22940 phase=manifest slot=-1 started_ns=1790174763307718000 ended_ns=1790174763309311209 elapsed_us=1593 block_gets=0 block_puts=0 deleted=0
checkpoint_phase lsn=22940 phase=local_cleanup slot=-1 started_ns=1790174763309348000 ended_ns=1790174763309550334 elapsed_us=202 block_gets=0 block_puts=0 deleted=0
checkpoint_phase lsn=22940 phase=commit_prune slot=-1 started_ns=1790174763309554000 ended_ns=1790174763326487375 elapsed_us=16933 block_gets=0 block_puts=0 deleted=16
checkpoint_phase lsn=22940 phase=commit_prune slot=-1 started_ns=1790174763326497000 ended_ns=1790174763338127458 elapsed_us=11630 block_gets=0 block_puts=0 deleted=16
checkpoint_phase lsn=22940 phase=commit_prune slot=-1 started_ns=1790174763338140000 ended_ns=1790174763349098416 elapsed_us=10958 block_gets=0 block_puts=0 deleted=16
checkpoint_phase lsn=22940 phase=commit_prune slot=-1 started_ns=1790174763349111000 ended_ns=1790174763360001083 elapsed_us=10890 block_gets=0 block_puts=0 deleted=16
checkpoint_phase lsn=22940 phase=commit_prune slot=-1 started_ns=1790174763360013000 ended_ns=1790174763371138875 elapsed_us=11125 block_gets=0 block_puts=0 deleted=16
checkpoint_phase lsn=22940 phase=commit_prune slot=-1 started_ns=1790174763371150000 ended_ns=1790174763379224375 elapsed_us=8074 block_gets=0 block_puts=0 deleted=16
checkpoint_phase lsn=22940 phase=commit_prune slot=-1 started_ns=1790174763379238000 ended_ns=1790174763397696541 elapsed_us=18458 block_gets=0 block_puts=0 deleted=16
checkpoint_phase lsn=22940 phase=commit_prune slot=-1 started_ns=1790174763397707000 ended_ns=1790174763430610709 elapsed_us=32903 block_gets=0 block_puts=0 deleted=16
checkpoint_phase lsn=22940 phase=commit_prune slot=-1 started_ns=1790174763430624000 ended_ns=1790174763438977625 elapsed_us=8353 block_gets=0 block_puts=0 deleted=16
checkpoint_phase lsn=22940 phase=commit_prune slot=-1 started_ns=1790174763438990000 ended_ns=1790174763445336458 elapsed_us=6346 block_gets=0 block_puts=0 deleted=16
checkpoint_phase lsn=22940 phase=commit_prune slot=-1 started_ns=1790174763445353000 ended_ns=1790174763451997125 elapsed_us=6644 block_gets=0 block_puts=0 deleted=16
checkpoint_phase lsn=22940 phase=commit_prune slot=-1 started_ns=1790174763452011000 ended_ns=1790174763455418125 elapsed_us=3407 block_gets=0 block_puts=0 deleted=8
checkpoint_phase lsn=22940 phase=legacy_gc slot=-1 started_ns=1790174763455429000 ended_ns=1790174763456059041 elapsed_us=630 block_gets=0 block_puts=0 deleted=0
checkpoint_phase lsn=22940 phase=gc_keep slot=-1 started_ns=1790174763456065000 ended_ns=1790174763457198209 elapsed_us=1133 block_gets=0 block_puts=0 deleted=0
checkpoint_phase lsn=22940 phase=gc_list slot=-1 started_ns=1790174763457202000 ended_ns=1790174763499122500 elapsed_us=41920 block_gets=0 block_puts=0 deleted=0
checkpoint_phase lsn=22940 phase=gc_delete slot=-1 started_ns=1790174763499144000 ended_ns=1790174763507190334 elapsed_us=8046 block_gets=0 block_puts=0 deleted=16
checkpoint_phase lsn=22940 phase=gc_delete slot=-1 started_ns=1790174763507205000 ended_ns=1790174763516095208 elapsed_us=8890 block_gets=0 block_puts=0 deleted=16
checkpoint_phase lsn=22940 phase=gc_delete slot=-1 started_ns=1790174763516111000 ended_ns=1790174763525077583 elapsed_us=8966 block_gets=0 block_puts=0 deleted=16
checkpoint_phase lsn=22940 phase=gc_delete slot=-1 started_ns=1790174763525098000 ended_ns=1790174763548748250 elapsed_us=23650 block_gets=0 block_puts=0 deleted=16
checkpoint_phase lsn=22940 phase=gc_delete slot=-1 started_ns=1790174763548762000 ended_ns=1790174763577824500 elapsed_us=29062 block_gets=0 block_puts=0 deleted=16
checkpoint_phase lsn=22940 phase=gc_delete slot=-1 started_ns=1790174763577840000 ended_ns=1790174763591886708 elapsed_us=14046 block_gets=0 block_puts=0 deleted=16
checkpoint_phase lsn=22940 phase=gc_delete slot=-1 started_ns=1790174763591901000 ended_ns=1790174763605685667 elapsed_us=13784 block_gets=0 block_puts=0 deleted=16
checkpoint_phase lsn=22940 phase=gc_delete slot=-1 started_ns=1790174763605709000 ended_ns=1790174763615319958 elapsed_us=9610 block_gets=0 block_puts=0 deleted=16
checkpoint_phase lsn=22940 phase=gc_delete slot=-1 started_ns=1790174763615337000 ended_ns=1790174763641247875 elapsed_us=25910 block_gets=0 block_puts=0 deleted=16
checkpoint_phase lsn=22940 phase=gc_delete slot=-1 started_ns=1790174763641262000 ended_ns=1790174763663217042 elapsed_us=21955 block_gets=0 block_puts=0 deleted=6
pos3ql: final checkpoint written
pos3ql: shutdown complete
