pos3ql starting
  listen_addr  127.0.0.1:19600
  data_dir     /var/folders/93/f1fz6s6969gbkd8m9tph1rfw0000gn/T//pos3ql-performance.5KRu16/data-warm
memory plan:
  memtable     16 MiB
  tables       672069158 B
  block cache  32 MiB
  connections  196714304 B
  server       76836160 B
  total        995951270 B
  disk cache   2 GiB (disk, not RAM)
  temp spill   128 MiB (local ephemeral disk)
startup complete: memory frozen (946051178 B of 995951270 B budget drawn); accepting connections
checkpoint_phase lsn=2632 phase=value_index_schedule slot=0 started_ns=1790162897347722000 ended_ns=1790162897347767917 elapsed_us=45 block_gets=0 block_puts=0 deleted=0
checkpoint_phase lsn=2834 phase=value_index_schedule slot=0 started_ns=1790162898049609000 ended_ns=1790162898049612000 elapsed_us=3 block_gets=0 block_puts=0 deleted=0
checkpoint_phase lsn=3036 phase=value_index_schedule slot=0 started_ns=1790162898204111000 ended_ns=1790162898204114583 elapsed_us=3 block_gets=0 block_puts=0 deleted=0
checkpoint_phase lsn=3238 phase=value_index_schedule slot=0 started_ns=1790162898359595000 ended_ns=1790162898359598083 elapsed_us=3 block_gets=0 block_puts=0 deleted=0
checkpoint_phase lsn=3440 phase=value_index_schedule slot=0 started_ns=1790162898545055000 ended_ns=1790162898545058250 elapsed_us=3 block_gets=0 block_puts=0 deleted=0
checkpoint_phase lsn=3440 phase=value_index_schedule slot=0 started_ns=1790162898545083000 ended_ns=1790162898546162041 elapsed_us=1079 block_gets=0 block_puts=0 deleted=0
checkpoint_phase lsn=3440 phase=value_index_schedule slot=0 started_ns=1790162898546174000 ended_ns=1790162898547441583 elapsed_us=1267 block_gets=0 block_puts=0 deleted=0
checkpoint_phase lsn=3440 phase=value_index_write slot=0 started_ns=1790162898547461000 ended_ns=1790162898547549959 elapsed_us=88 block_gets=0 block_puts=0 deleted=0
checkpoint_phase lsn=3440 phase=value_index_write slot=0 started_ns=1790162898547554000 ended_ns=1790162898581795958 elapsed_us=34241 block_gets=0 block_puts=2 deleted=0
checkpoint_phase lsn=3440 phase=row_sst_full slot=0 started_ns=1790162898581811000 ended_ns=1790162902520908625 elapsed_us=3939097 block_gets=0 block_puts=231 deleted=0
checkpoint_phase lsn=3440 phase=manifest slot=-1 started_ns=1790162902520950000 ended_ns=1790162902527759042 elapsed_us=6809 block_gets=0 block_puts=0 deleted=0
checkpoint_phase lsn=3440 phase=local_cleanup slot=-1 started_ns=1790162902527800000 ended_ns=1790162902527950542 elapsed_us=150 block_gets=0 block_puts=0 deleted=0
checkpoint_phase lsn=3440 phase=commit_prune slot=-1 started_ns=1790162902652913000 ended_ns=1790162902682160875 elapsed_us=29247 block_gets=0 block_puts=0 deleted=16
checkpoint_phase lsn=3440 phase=commit_prune slot=-1 started_ns=1790162902897942000 ended_ns=1790162902936912459 elapsed_us=38970 block_gets=0 block_puts=0 deleted=16
checkpoint_phase lsn=3440 phase=commit_prune slot=-1 started_ns=1790162903104920000 ended_ns=1790162903110595333 elapsed_us=5675 block_gets=0 block_puts=0 deleted=2
checkpoint_phase lsn=3440 phase=legacy_gc slot=-1 started_ns=1790162903256373000 ended_ns=1790162903256907292 elapsed_us=534 block_gets=0 block_puts=0 deleted=0
checkpoint_phase lsn=4450 phase=gc_keep slot=-1 started_ns=1790162903405988000 ended_ns=1790162903406084166 elapsed_us=96 block_gets=0 block_puts=0 deleted=0
checkpoint_phase lsn=4450 phase=gc_list slot=-1 started_ns=1790162903406108000 ended_ns=1790162903422163875 elapsed_us=16055 block_gets=0 block_puts=0 deleted=0
checkpoint_phase lsn=4450 phase=gc_delete slot=-1 started_ns=1790162903422181000 ended_ns=1790162903422181292 elapsed_us=0 block_gets=0 block_puts=0 deleted=0
checkpoint_phase lsn=6066 phase=value_index_schedule slot=0 started_ns=1790162904596132000 ended_ns=1790162904596159916 elapsed_us=27 block_gets=0 block_puts=0 deleted=0
checkpoint_phase lsn=6268 phase=value_index_schedule slot=0 started_ns=1790162904728846000 ended_ns=1790162904728850875 elapsed_us=4 block_gets=0 block_puts=0 deleted=0
checkpoint_phase lsn=6470 phase=value_index_schedule slot=0 started_ns=1790162904861140000 ended_ns=1790162904861144916 elapsed_us=4 block_gets=0 block_puts=0 deleted=0
checkpoint_phase lsn=6672 phase=value_index_schedule slot=0 started_ns=1790162904998211000 ended_ns=1790162904998216458 elapsed_us=5 block_gets=0 block_puts=0 deleted=0
checkpoint_phase lsn=6874 phase=value_index_schedule slot=0 started_ns=1790162905141629000 ended_ns=1790162905141634500 elapsed_us=5 block_gets=0 block_puts=0 deleted=0
checkpoint_phase lsn=6874 phase=value_index_schedule slot=0 started_ns=1790162905141654000 ended_ns=1790162905142405083 elapsed_us=751 block_gets=0 block_puts=0 deleted=0
checkpoint_phase lsn=6874 phase=value_index_schedule slot=0 started_ns=1790162905142416000 ended_ns=1790162905143638250 elapsed_us=1222 block_gets=0 block_puts=0 deleted=0
checkpoint_phase lsn=6874 phase=value_index_write slot=0 started_ns=1790162905143693000 ended_ns=1790162905143698792 elapsed_us=5 block_gets=0 block_puts=0 deleted=0
checkpoint_phase lsn=6874 phase=value_index_write slot=0 started_ns=1790162905143707000 ended_ns=1790162905144150917 elapsed_us=443 block_gets=0 block_puts=0 deleted=0
checkpoint_phase lsn=6874 phase=value_index_write slot=0 started_ns=1790162905144158000 ended_ns=1790162905144263542 elapsed_us=105 block_gets=0 block_puts=0 deleted=0
checkpoint_phase lsn=6874 phase=value_index_write slot=0 started_ns=1790162905144270000 ended_ns=1790162905144331583 elapsed_us=61 block_gets=0 block_puts=0 deleted=0
checkpoint_phase lsn=6874 phase=value_index_write slot=0 started_ns=1790162905144337000 ended_ns=1790162905162370459 elapsed_us=18033 block_gets=0 block_puts=2 deleted=0
checkpoint_phase lsn=6874 phase=row_sst_delta slot=0 started_ns=1790162905162386000 ended_ns=1790162905300131125 elapsed_us=137745 block_gets=0 block_puts=5 deleted=0
checkpoint_phase lsn=6874 phase=manifest slot=-1 started_ns=1790162905300146000 ended_ns=1790162905316043334 elapsed_us=15897 block_gets=0 block_puts=0 deleted=0
checkpoint_phase lsn=6874 phase=local_cleanup slot=-1 started_ns=1790162905316090000 ended_ns=1790162905316258292 elapsed_us=168 block_gets=0 block_puts=0 deleted=0
checkpoint_phase lsn=6874 phase=commit_prune slot=-1 started_ns=1790162905506441000 ended_ns=1790162905562148625 elapsed_us=55707 block_gets=0 block_puts=0 deleted=16
checkpoint_phase lsn=6874 phase=commit_prune slot=-1 started_ns=1790162905716309000 ended_ns=1790162905756323291 elapsed_us=40014 block_gets=0 block_puts=0 deleted=16
checkpoint_phase lsn=6874 phase=commit_prune slot=-1 started_ns=1790162905923139000 ended_ns=1790162905928386958 elapsed_us=5247 block_gets=0 block_puts=0 deleted=2
checkpoint_phase lsn=6874 phase=legacy_gc slot=-1 started_ns=1790162906099498000 ended_ns=1790162906100646291 elapsed_us=1148 block_gets=0 block_puts=0 deleted=0
checkpoint_phase lsn=7884 phase=gc_keep slot=-1 started_ns=1790162906249924000 ended_ns=1790162906249935208 elapsed_us=11 block_gets=0 block_puts=0 deleted=0
checkpoint_phase lsn=7884 phase=gc_list slot=-1 started_ns=1790162906249959000 ended_ns=1790162906264920458 elapsed_us=14961 block_gets=0 block_puts=0 deleted=0
checkpoint_phase lsn=7884 phase=gc_delete slot=-1 started_ns=1790162906264943000 ended_ns=1790162906277637167 elapsed_us=12694 block_gets=0 block_puts=0 deleted=2
checkpoint_phase lsn=9500 phase=value_index_schedule slot=0 started_ns=1790162907579589000 ended_ns=1790162907579595583 elapsed_us=6 block_gets=0 block_puts=0 deleted=0
checkpoint_phase lsn=9500 phase=value_index_schedule slot=0 started_ns=1790162907579673000 ended_ns=1790162907580433000 elapsed_us=760 block_gets=0 block_puts=0 deleted=0
checkpoint_phase lsn=9702 phase=value_index_schedule slot=0 started_ns=1790162907732858000 ended_ns=1790162907732863500 elapsed_us=5 block_gets=0 block_puts=0 deleted=0
checkpoint_phase lsn=9904 phase=value_index_schedule slot=0 started_ns=1790162907880386000 ended_ns=1790162907880391958 elapsed_us=5 block_gets=0 block_puts=0 deleted=0
checkpoint_phase lsn=10106 phase=value_index_schedule slot=0 started_ns=1790162908049633000 ended_ns=1790162908049637916 elapsed_us=4 block_gets=0 block_puts=0 deleted=0
checkpoint_phase lsn=10308 phase=value_index_schedule slot=0 started_ns=1790162908205327000 ended_ns=1790162908205331791 elapsed_us=4 block_gets=0 block_puts=0 deleted=0
checkpoint_phase lsn=10308 phase=value_index_schedule slot=0 started_ns=1790162908205377000 ended_ns=1790162908206093291 elapsed_us=716 block_gets=0 block_puts=0 deleted=0
checkpoint_phase lsn=10308 phase=value_index_schedule slot=0 started_ns=1790162908206101000 ended_ns=1790162908207285584 elapsed_us=1184 block_gets=0 block_puts=0 deleted=0
checkpoint_phase lsn=10308 phase=value_index_write slot=0 started_ns=1790162908207304000 ended_ns=1790162908207312792 elapsed_us=8 block_gets=0 block_puts=0 deleted=0
checkpoint_phase lsn=10308 phase=value_index_write slot=0 started_ns=1790162908207317000 ended_ns=1790162908207444875 elapsed_us=127 block_gets=0 block_puts=0 deleted=0
checkpoint_phase lsn=10308 phase=value_index_write slot=0 started_ns=1790162908207448000 ended_ns=1790162908207569750 elapsed_us=121 block_gets=0 block_puts=0 deleted=0
checkpoint_phase lsn=10308 phase=value_index_write slot=0 started_ns=1790162908207573000 ended_ns=1790162908207692083 elapsed_us=119 block_gets=0 block_puts=0 deleted=0
checkpoint_phase lsn=10308 phase=value_index_write slot=0 started_ns=1790162908207694000 ended_ns=1790162908207779209 elapsed_us=85 block_gets=0 block_puts=0 deleted=0
checkpoint_phase lsn=10308 phase=value_index_write slot=0 started_ns=1790162908207784000 ended_ns=1790162908238094625 elapsed_us=30310 block_gets=0 block_puts=2 deleted=0
checkpoint_phase lsn=10308 phase=row_sst_delta slot=0 started_ns=1790162908238113000 ended_ns=1790162908361460625 elapsed_us=123347 block_gets=0 block_puts=5 deleted=0
checkpoint_phase lsn=10308 phase=manifest slot=-1 started_ns=1790162908361474000 ended_ns=1790162908369251833 elapsed_us=7777 block_gets=0 block_puts=0 deleted=0
checkpoint_phase lsn=10308 phase=local_cleanup slot=-1 started_ns=1790162908369308000 ended_ns=1790162908369497291 elapsed_us=189 block_gets=0 block_puts=0 deleted=0
checkpoint_phase lsn=10308 phase=commit_prune slot=-1 started_ns=1790162908515053000 ended_ns=1790162908532820500 elapsed_us=17767 block_gets=0 block_puts=0 deleted=16
checkpoint_phase lsn=10308 phase=commit_prune slot=-1 started_ns=1790162908673335000 ended_ns=1790162908689081167 elapsed_us=15746 block_gets=0 block_puts=0 deleted=16
checkpoint_phase lsn=10308 phase=commit_prune slot=-1 started_ns=1790162908852911000 ended_ns=1790162908855957125 elapsed_us=3046 block_gets=0 block_puts=0 deleted=2
checkpoint_phase lsn=10308 phase=legacy_gc slot=-1 started_ns=1790162909006981000 ended_ns=1790162909009254833 elapsed_us=2273 block_gets=0 block_puts=0 deleted=0
checkpoint_phase lsn=11318 phase=gc_keep slot=-1 started_ns=1790162909143066000 ended_ns=1790162909143081084 elapsed_us=15 block_gets=0 block_puts=0 deleted=0
checkpoint_phase lsn=11318 phase=gc_list slot=-1 started_ns=1790162909143099000 ended_ns=1790162909147267666 elapsed_us=4168 block_gets=0 block_puts=0 deleted=0
checkpoint_phase lsn=11318 phase=gc_delete slot=-1 started_ns=1790162909147288000 ended_ns=1790162909148841125 elapsed_us=1553 block_gets=0 block_puts=0 deleted=2
checkpoint_phase lsn=12934 phase=value_index_schedule slot=0 started_ns=1790162910399595000 ended_ns=1790162910399601167 elapsed_us=6 block_gets=0 block_puts=0 deleted=0
checkpoint_phase lsn=12934 phase=value_index_schedule slot=0 started_ns=1790162910399673000 ended_ns=1790162910400390292 elapsed_us=717 block_gets=0 block_puts=0 deleted=0
checkpoint_phase lsn=13136 phase=value_index_schedule slot=0 started_ns=1790162910552185000 ended_ns=1790162910552190250 elapsed_us=5 block_gets=0 block_puts=0 deleted=0
checkpoint_phase lsn=13338 phase=value_index_schedule slot=0 started_ns=1790162910719933000 ended_ns=1790162910719938667 elapsed_us=5 block_gets=0 block_puts=0 deleted=0
checkpoint_phase lsn=13540 phase=value_index_schedule slot=0 started_ns=1790162910874821000 ended_ns=1790162910874825916 elapsed_us=4 block_gets=0 block_puts=0 deleted=0
checkpoint_phase lsn=13742 phase=value_index_schedule slot=0 started_ns=1790162911064433000 ended_ns=1790162911064437875 elapsed_us=4 block_gets=0 block_puts=0 deleted=0
checkpoint_phase lsn=13742 phase=value_index_schedule slot=0 started_ns=1790162911064483000 ended_ns=1790162911065188417 elapsed_us=705 block_gets=0 block_puts=0 deleted=0
checkpoint_phase lsn=13742 phase=value_index_schedule slot=0 started_ns=1790162911065198000 ended_ns=1790162911066374500 elapsed_us=1176 block_gets=0 block_puts=0 deleted=0
checkpoint_phase lsn=13742 phase=value_index_write slot=0 started_ns=1790162911066395000 ended_ns=1790162911066396458 elapsed_us=1 block_gets=0 block_puts=0 deleted=0
checkpoint_phase lsn=13742 phase=value_index_write slot=0 started_ns=1790162911066400000 ended_ns=1790162911066535333 elapsed_us=135 block_gets=0 block_puts=0 deleted=0
checkpoint_phase lsn=13742 phase=value_index_write slot=0 started_ns=1790162911066539000 ended_ns=1790162911066657583 elapsed_us=118 block_gets=0 block_puts=0 deleted=0
checkpoint_phase lsn=13742 phase=value_index_write slot=0 started_ns=1790162911066660000 ended_ns=1790162911066779042 elapsed_us=119 block_gets=0 block_puts=0 deleted=0
checkpoint_phase lsn=13742 phase=value_index_write slot=0 started_ns=1790162911066782000 ended_ns=1790162911066900500 elapsed_us=118 block_gets=0 block_puts=0 deleted=0
checkpoint_phase lsn=13742 phase=value_index_write slot=0 started_ns=1790162911066903000 ended_ns=1790162911067020041 elapsed_us=117 block_gets=0 block_puts=0 deleted=0
checkpoint_phase lsn=13742 phase=value_index_write slot=0 started_ns=1790162911067022000 ended_ns=1790162911067086959 elapsed_us=64 block_gets=0 block_puts=0 deleted=0
checkpoint_phase lsn=13742 phase=value_index_write slot=0 started_ns=1790162911067090000 ended_ns=1790162911089010875 elapsed_us=21920 block_gets=0 block_puts=2 deleted=0
checkpoint_phase lsn=13742 phase=row_sst_delta slot=0 started_ns=1790162911089028000 ended_ns=1790162911184893458 elapsed_us=95865 block_gets=0 block_puts=5 deleted=0
checkpoint_phase lsn=13742 phase=manifest slot=-1 started_ns=1790162911184906000 ended_ns=1790162911199110625 elapsed_us=14204 block_gets=0 block_puts=0 deleted=0
checkpoint_phase lsn=13742 phase=local_cleanup slot=-1 started_ns=1790162911199164000 ended_ns=1790162911199364333 elapsed_us=200 block_gets=0 block_puts=0 deleted=0
checkpoint_phase lsn=13742 phase=commit_prune slot=-1 started_ns=1790162911354233000 ended_ns=1790162911407180042 elapsed_us=52947 block_gets=0 block_puts=0 deleted=16
checkpoint_phase lsn=13742 phase=commit_prune slot=-1 started_ns=1790162911561287000 ended_ns=1790162911572582958 elapsed_us=11295 block_gets=0 block_puts=0 deleted=16
checkpoint_phase lsn=13742 phase=commit_prune slot=-1 started_ns=1790162911711490000 ended_ns=1790162911714844959 elapsed_us=3354 block_gets=0 block_puts=0 deleted=2
checkpoint_phase lsn=13742 phase=legacy_gc slot=-1 started_ns=1790162911848903000 ended_ns=1790162911849484791 elapsed_us=581 block_gets=0 block_puts=0 deleted=0
checkpoint_phase lsn=14752 phase=gc_keep slot=-1 started_ns=1790162912000161000 ended_ns=1790162912000172333 elapsed_us=11 block_gets=0 block_puts=0 deleted=0
checkpoint_phase lsn=14752 phase=gc_list slot=-1 started_ns=1790162912000200000 ended_ns=1790162912019602375 elapsed_us=19402 block_gets=0 block_puts=0 deleted=0
checkpoint_phase lsn=14752 phase=gc_delete slot=-1 started_ns=1790162912019631000 ended_ns=1790162912024820334 elapsed_us=5189 block_gets=0 block_puts=0 deleted=2
checkpoint_phase lsn=15156 phase=value_index_schedule slot=0 started_ns=1790162912828460000 ended_ns=1790162912828465750 elapsed_us=5 block_gets=0 block_puts=0 deleted=0
checkpoint_phase lsn=15156 phase=row_merge_schedule slot=0 started_ns=1790162912828538000 ended_ns=1790162912834703500 elapsed_us=6165 block_gets=8 block_puts=0 deleted=0
checkpoint_phase lsn=15358 phase=row_merge_schedule slot=0 started_ns=1790162912964264000 ended_ns=1790162912970145417 elapsed_us=5881 block_gets=7 block_puts=0 deleted=0
checkpoint_phase lsn=15560 phase=value_index_schedule slot=0 started_ns=1790162913117220000 ended_ns=1790162913117225834 elapsed_us=5 block_gets=0 block_puts=0 deleted=0
checkpoint_phase lsn=15560 phase=row_merge_schedule slot=0 started_ns=1790162913117301000 ended_ns=1790162913138843333 elapsed_us=21542 block_gets=7 block_puts=0 deleted=0
checkpoint_phase lsn=15762 phase=row_merge_schedule slot=0 started_ns=1790162913315798000 ended_ns=1790162913332990833 elapsed_us=17192 block_gets=7 block_puts=0 deleted=0
checkpoint_phase lsn=15964 phase=value_index_schedule slot=0 started_ns=1790162913469088000 ended_ns=1790162913469093791 elapsed_us=5 block_gets=0 block_puts=0 deleted=0
checkpoint_phase lsn=15964 phase=row_merge_schedule slot=0 started_ns=1790162913469167000 ended_ns=1790162913481921084 elapsed_us=12754 block_gets=7 block_puts=0 deleted=0
checkpoint_phase lsn=16166 phase=row_merge_schedule slot=0 started_ns=1790162913633923000 ended_ns=1790162913640331458 elapsed_us=6408 block_gets=7 block_puts=0 deleted=0
checkpoint_phase lsn=16368 phase=value_index_schedule slot=0 started_ns=1790162913789681000 ended_ns=1790162913789686584 elapsed_us=5 block_gets=0 block_puts=0 deleted=0
checkpoint_phase lsn=16368 phase=row_merge_schedule slot=0 started_ns=1790162913789761000 ended_ns=1790162913807024583 elapsed_us=17263 block_gets=7 block_puts=0 deleted=0
checkpoint_phase lsn=16570 phase=row_merge_schedule slot=0 started_ns=1790162913964025000 ended_ns=1790162913972630625 elapsed_us=8605 block_gets=7 block_puts=0 deleted=0
checkpoint_phase lsn=16772 phase=value_index_schedule slot=0 started_ns=1790162914123387000 ended_ns=1790162914123393750 elapsed_us=6 block_gets=0 block_puts=0 deleted=0
checkpoint_phase lsn=16974 phase=row_merge_schedule slot=0 started_ns=1790162914260339000 ended_ns=1790162914271535375 elapsed_us=11196 block_gets=7 block_puts=0 deleted=0
checkpoint_phase lsn=17176 phase=row_merge_schedule slot=0 started_ns=1790162914417786000 ended_ns=1790162914431520208 elapsed_us=13734 block_gets=7 block_puts=0 deleted=0
checkpoint_phase lsn=17176 phase=value_index_schedule slot=0 started_ns=1790162914431538000 ended_ns=1790162914431543416 elapsed_us=5 block_gets=0 block_puts=0 deleted=0
checkpoint_phase lsn=17176 phase=row_merge_schedule slot=0 started_ns=1790162914431548000 ended_ns=1790162914440701541 elapsed_us=9153 block_gets=7 block_puts=0 deleted=0
checkpoint_phase lsn=17176 phase=value_index_schedule slot=0 started_ns=1790162914440717000 ended_ns=1790162914441594667 elapsed_us=877 block_gets=0 block_puts=0 deleted=0
checkpoint_phase lsn=17176 phase=row_merge_schedule slot=0 started_ns=1790162914441619000 ended_ns=1790162914449515416 elapsed_us=7896 block_gets=7 block_puts=0 deleted=0
checkpoint_phase lsn=17176 phase=value_index_schedule slot=0 started_ns=1790162914449532000 ended_ns=1790162914450908167 elapsed_us=1376 block_gets=0 block_puts=0 deleted=0
checkpoint_phase lsn=17176 phase=row_merge_schedule slot=0 started_ns=1790162914450938000 ended_ns=1790162914470528959 elapsed_us=19590 block_gets=7 block_puts=0 deleted=0
checkpoint_phase lsn=17176 phase=value_index_write slot=0 started_ns=1790162914470545000 ended_ns=1790162914470547333 elapsed_us=2 block_gets=0 block_puts=0 deleted=0
checkpoint_phase lsn=17176 phase=row_merge_schedule slot=0 started_ns=1790162914470552000 ended_ns=1790162914499960625 elapsed_us=29408 block_gets=7 block_puts=0 deleted=0
checkpoint_phase lsn=17176 phase=value_index_write slot=0 started_ns=1790162914499973000 ended_ns=1790162914500123000 elapsed_us=150 block_gets=0 block_puts=0 deleted=0
checkpoint_phase lsn=17176 phase=row_merge_schedule slot=0 started_ns=1790162914500127000 ended_ns=1790162914514512958 elapsed_us=14385 block_gets=7 block_puts=0 deleted=0
checkpoint_phase lsn=17176 phase=value_index_write slot=0 started_ns=1790162914514526000 ended_ns=1790162914514664583 elapsed_us=138 block_gets=0 block_puts=0 deleted=0
checkpoint_phase lsn=17176 phase=row_merge_schedule slot=0 started_ns=1790162914514671000 ended_ns=1790162914528266500 elapsed_us=13595 block_gets=7 block_puts=0 deleted=0
checkpoint_phase lsn=17176 phase=value_index_write slot=0 started_ns=1790162914528276000 ended_ns=1790162914528403958 elapsed_us=127 block_gets=0 block_puts=0 deleted=0
checkpoint_phase lsn=17176 phase=row_merge_schedule slot=0 started_ns=1790162914528416000 ended_ns=1790162914529880208 elapsed_us=1464 block_gets=1 block_puts=0 deleted=0
checkpoint_phase lsn=17176 phase=value_index_write slot=0 started_ns=1790162914529887000 ended_ns=1790162914530029625 elapsed_us=142 block_gets=0 block_puts=0 deleted=0
checkpoint_phase lsn=17176 phase=row_merge_schedule slot=0 started_ns=1790162914530047000 ended_ns=1790162914550129333 elapsed_us=20082 block_gets=8 block_puts=0 deleted=0
checkpoint_phase lsn=17176 phase=value_index_write slot=0 started_ns=1790162914550143000 ended_ns=1790162914550268458 elapsed_us=125 block_gets=0 block_puts=0 deleted=0
checkpoint_phase lsn=17176 phase=row_merge_schedule slot=0 started_ns=1790162914550276000 ended_ns=1790162914558721125 elapsed_us=8445 block_gets=7 block_puts=0 deleted=0
checkpoint_phase lsn=17176 phase=value_index_write slot=0 started_ns=1790162914558740000 ended_ns=1790162914558867417 elapsed_us=127 block_gets=0 block_puts=0 deleted=0
checkpoint_phase lsn=17176 phase=row_merge_schedule slot=0 started_ns=1790162914558880000 ended_ns=1790162914565160125 elapsed_us=6280 block_gets=7 block_puts=0 deleted=0
checkpoint_phase lsn=17176 phase=value_index_write slot=0 started_ns=1790162914565175000 ended_ns=1790162914565300458 elapsed_us=125 block_gets=0 block_puts=0 deleted=0
checkpoint_phase lsn=17176 phase=row_merge_schedule slot=0 started_ns=1790162914565308000 ended_ns=1790162914574499834 elapsed_us=9191 block_gets=7 block_puts=0 deleted=0
checkpoint_phase lsn=17176 phase=value_index_write slot=0 started_ns=1790162914574512000 ended_ns=1790162914590226916 elapsed_us=15714 block_gets=0 block_puts=1 deleted=0
checkpoint_phase lsn=17176 phase=row_merge_schedule slot=0 started_ns=1790162914590240000 ended_ns=1790162914607268667 elapsed_us=17028 block_gets=7 block_puts=0 deleted=0
checkpoint_phase lsn=17176 phase=value_index_write slot=0 started_ns=1790162914607284000 ended_ns=1790162914635897208 elapsed_us=28613 block_gets=0 block_puts=2 deleted=0
checkpoint_phase lsn=17176 phase=row_merge_schedule slot=0 started_ns=1790162914635911000 ended_ns=1790162914653652875 elapsed_us=17741 block_gets=7 block_puts=0 deleted=0
checkpoint_phase lsn=17176 phase=row_sst_delta slot=0 started_ns=1790162914653666000 ended_ns=1790162914748346125 elapsed_us=94680 block_gets=0 block_puts=5 deleted=0
checkpoint_phase lsn=17176 phase=row_merge_schedule slot=0 started_ns=1790162914748366000 ended_ns=1790162914757047959 elapsed_us=8681 block_gets=7 block_puts=0 deleted=0
checkpoint_phase lsn=17176 phase=manifest slot=-1 started_ns=1790162914757066000 ended_ns=1790162914766977042 elapsed_us=9911 block_gets=0 block_puts=0 deleted=0
checkpoint_phase lsn=17176 phase=local_cleanup slot=-1 started_ns=1790162914767037000 ended_ns=1790162914767544542 elapsed_us=507 block_gets=0 block_puts=0 deleted=0
checkpoint_phase lsn=17176 phase=commit_prune slot=-1 started_ns=1790162914923230000 ended_ns=1790162914956116000 elapsed_us=32886 block_gets=0 block_puts=0 deleted=16
checkpoint_phase lsn=17176 phase=commit_prune slot=-1 started_ns=1790162915116651000 ended_ns=1790162915139434542 elapsed_us=22783 block_gets=0 block_puts=0 deleted=16
checkpoint_phase lsn=17176 phase=commit_prune slot=-1 started_ns=1790162915297641000 ended_ns=1790162915299450583 elapsed_us=1809 block_gets=0 block_puts=0 deleted=2
checkpoint_phase lsn=17176 phase=legacy_gc slot=-1 started_ns=1790162915452212000 ended_ns=1790162915456379958 elapsed_us=4167 block_gets=0 block_puts=0 deleted=0
checkpoint_phase lsn=18186 phase=gc_keep slot=-1 started_ns=1790162915621700000 ended_ns=1790162915621762000 elapsed_us=62 block_gets=0 block_puts=0 deleted=0
checkpoint_phase lsn=18186 phase=gc_list slot=-1 started_ns=1790162915621781000 ended_ns=1790162915634907583 elapsed_us=13126 block_gets=0 block_puts=0 deleted=0
checkpoint_phase lsn=18186 phase=gc_delete slot=-1 started_ns=1790162915634932000 ended_ns=1790162915645169083 elapsed_us=10237 block_gets=0 block_puts=0 deleted=2
checkpoint_phase lsn=18388 phase=row_merge_schedule slot=0 started_ns=1790162915815138000 ended_ns=1790162915835663375 elapsed_us=20525 block_gets=7 block_puts=0 deleted=0
checkpoint_phase lsn=18590 phase=value_index_schedule slot=0 started_ns=1790162915992164000 ended_ns=1790162915992170959 elapsed_us=6 block_gets=0 block_puts=0 deleted=0
checkpoint_phase lsn=18590 phase=row_merge_schedule slot=0 started_ns=1790162915992232000 ended_ns=1790162916004076584 elapsed_us=11844 block_gets=7 block_puts=0 deleted=0
checkpoint_phase lsn=18792 phase=row_merge_schedule slot=0 started_ns=1790162916142999000 ended_ns=1790162916152751583 elapsed_us=9752 block_gets=7 block_puts=0 deleted=0
checkpoint_phase lsn=18994 phase=value_index_schedule slot=0 started_ns=1790162916338118000 ended_ns=1790162916338124375 elapsed_us=6 block_gets=0 block_puts=0 deleted=0
checkpoint_phase lsn=19196 phase=row_merge_schedule slot=0 started_ns=1790162916492155000 ended_ns=1790162916498814334 elapsed_us=6659 block_gets=7 block_puts=0 deleted=0
checkpoint_phase lsn=19398 phase=row_merge_schedule slot=0 started_ns=1790162916640897000 ended_ns=1790162916668469083 elapsed_us=27572 block_gets=7 block_puts=0 deleted=0
checkpoint_phase lsn=19600 phase=value_index_schedule slot=0 started_ns=1790162916905893000 ended_ns=1790162916905899666 elapsed_us=6 block_gets=0 block_puts=0 deleted=0
checkpoint_phase lsn=19600 phase=row_merge_schedule slot=0 started_ns=1790162916905974000 ended_ns=1790162916944906000 elapsed_us=38932 block_gets=7 block_puts=0 deleted=0
checkpoint_phase lsn=19802 phase=row_merge_schedule slot=0 started_ns=1790162917072462000 ended_ns=1790162917087997208 elapsed_us=15535 block_gets=7 block_puts=0 deleted=0
checkpoint_phase lsn=20004 phase=value_index_schedule slot=0 started_ns=1790162917222880000 ended_ns=1790162917222886459 elapsed_us=6 block_gets=0 block_puts=0 deleted=0
checkpoint_phase lsn=20004 phase=row_merge_schedule slot=0 started_ns=1790162917222950000 ended_ns=1790162917233416500 elapsed_us=10466 block_gets=7 block_puts=0 deleted=0
checkpoint_phase lsn=20206 phase=row_merge_schedule slot=0 started_ns=1790162917366443000 ended_ns=1790162917376931291 elapsed_us=10488 block_gets=7 block_puts=0 deleted=0
checkpoint_phase lsn=20212 phase=value_index_schedule slot=0 started_ns=1790162918648994000 ended_ns=1790162918649081708 elapsed_us=87 block_gets=0 block_puts=0 deleted=0
checkpoint_phase lsn=20218 phase=row_merge_schedule slot=0 started_ns=1790162919045689000 ended_ns=1790162919045837000 elapsed_us=148 block_gets=0 block_puts=0 deleted=0
checkpoint_phase lsn=20224 phase=row_merge_write slot=0 started_ns=1790162919801731000 ended_ns=1790162919804626708 elapsed_us=2895 block_gets=0 block_puts=0 deleted=0
checkpoint_phase lsn=20230 phase=value_index_schedule slot=0 started_ns=1790162920534139000 ended_ns=1790162920534227208 elapsed_us=88 block_gets=0 block_puts=0 deleted=0
checkpoint_phase lsn=20236 phase=row_merge_write slot=0 started_ns=1790162921363849000 ended_ns=1790162921366692667 elapsed_us=2843 block_gets=0 block_puts=0 deleted=0
checkpoint_phase lsn=20242 phase=row_merge_write slot=0 started_ns=1790162922065058000 ended_ns=1790162922067909625 elapsed_us=2851 block_gets=0 block_puts=0 deleted=0
checkpoint_phase lsn=20248 phase=value_index_schedule slot=0 started_ns=1790162922913843000 ended_ns=1790162922913932375 elapsed_us=89 block_gets=0 block_puts=0 deleted=0
checkpoint_phase lsn=20254 phase=row_merge_write slot=0 started_ns=1790162923698966000 ended_ns=1790162923701882583 elapsed_us=2916 block_gets=0 block_puts=0 deleted=0
checkpoint_phase lsn=20260 phase=row_merge_write slot=0 started_ns=1790162924502355000 ended_ns=1790162924505333458 elapsed_us=2978 block_gets=0 block_puts=0 deleted=0
checkpoint_phase lsn=20266 phase=value_index_schedule slot=0 started_ns=1790162925312124000 ended_ns=1790162925312212833 elapsed_us=88 block_gets=0 block_puts=0 deleted=0
checkpoint_phase lsn=20272 phase=row_merge_write slot=0 started_ns=1790162926132427000 ended_ns=1790162926138609916 elapsed_us=6182 block_gets=0 block_puts=0 deleted=0
checkpoint_phase lsn=20278 phase=row_merge_write slot=0 started_ns=1790162926998769000 ended_ns=1790162927001649750 elapsed_us=2880 block_gets=0 block_puts=0 deleted=0
checkpoint_phase lsn=20284 phase=value_index_schedule slot=0 started_ns=1790162927865769000 ended_ns=1790162927865859458 elapsed_us=90 block_gets=0 block_puts=0 deleted=0
checkpoint_phase lsn=20290 phase=row_merge_write slot=0 started_ns=1790162928798377000 ended_ns=1790162928801242625 elapsed_us=2865 block_gets=0 block_puts=0 deleted=0
checkpoint_phase lsn=20296 phase=row_merge_write slot=0 started_ns=1790162929743933000 ended_ns=1790162929746746708 elapsed_us=2813 block_gets=0 block_puts=0 deleted=0
checkpoint_phase lsn=20302 phase=value_index_schedule slot=0 started_ns=1790162930746653000 ended_ns=1790162930746741917 elapsed_us=88 block_gets=0 block_puts=0 deleted=0
checkpoint_phase lsn=20308 phase=row_merge_write slot=0 started_ns=1790162931788400000 ended_ns=1790162931791238750 elapsed_us=2838 block_gets=0 block_puts=0 deleted=0
checkpoint_phase lsn=20312 phase=row_merge_write slot=0 started_ns=1790162932059138000 ended_ns=1790162932062267583 elapsed_us=3129 block_gets=0 block_puts=0 deleted=0
checkpoint_phase lsn=20312 phase=value_index_schedule slot=0 started_ns=1790162932062329000 ended_ns=1790162932062332667 elapsed_us=3 block_gets=0 block_puts=0 deleted=0
checkpoint_phase lsn=20312 phase=row_merge_write slot=0 started_ns=1790162932062340000 ended_ns=1790162932065162125 elapsed_us=2822 block_gets=0 block_puts=0 deleted=0
checkpoint_phase lsn=20312 phase=value_index_schedule slot=0 started_ns=1790162932065175000 ended_ns=1790162932065919583 elapsed_us=744 block_gets=0 block_puts=0 deleted=0
checkpoint_phase lsn=20312 phase=row_merge_write slot=0 started_ns=1790162932065930000 ended_ns=1790162932068752083 elapsed_us=2822 block_gets=0 block_puts=0 deleted=0
checkpoint_phase lsn=20312 phase=value_index_schedule slot=0 started_ns=1790162932068763000 ended_ns=1790162932070048417 elapsed_us=1285 block_gets=0 block_puts=0 deleted=0
checkpoint_phase lsn=20312 phase=row_merge_write slot=0 started_ns=1790162932070075000 ended_ns=1790162932072879958 elapsed_us=2804 block_gets=0 block_puts=0 deleted=0
checkpoint_phase lsn=20312 phase=value_index_schedule slot=0 started_ns=1790162932072894000 ended_ns=1790162932074047208 elapsed_us=1153 block_gets=0 block_puts=0 deleted=0
checkpoint_phase lsn=20312 phase=row_merge_write slot=0 started_ns=1790162932074059000 ended_ns=1790162932076869417 elapsed_us=2810 block_gets=0 block_puts=0 deleted=0
checkpoint_phase lsn=20312 phase=value_index_schedule slot=0 started_ns=1790162932076887000 ended_ns=1790162932079465375 elapsed_us=2578 block_gets=0 block_puts=0 deleted=0
checkpoint_phase lsn=20312 phase=row_merge_write slot=0 started_ns=1790162932079485000 ended_ns=1790162932082292667 elapsed_us=2807 block_gets=0 block_puts=0 deleted=0
checkpoint_phase lsn=20312 phase=value_index_schedule slot=0 started_ns=1790162932082308000 ended_ns=1790162932085779167 elapsed_us=3471 block_gets=0 block_puts=0 deleted=0
checkpoint_phase lsn=20312 phase=row_merge_write slot=0 started_ns=1790162932085797000 ended_ns=1790162932088615208 elapsed_us=2818 block_gets=0 block_puts=0 deleted=0
checkpoint_phase lsn=20312 phase=value_index_schedule slot=0 started_ns=1790162932088630000 ended_ns=1790162932088656959 elapsed_us=26 block_gets=0 block_puts=0 deleted=0
checkpoint_phase lsn=20312 phase=row_merge_write slot=0 started_ns=1790162932088661000 ended_ns=1790162932091488917 elapsed_us=2827 block_gets=0 block_puts=0 deleted=0
checkpoint_phase lsn=20312 phase=value_index_schedule slot=0 started_ns=1790162932091508000 ended_ns=1790162932091542083 elapsed_us=34 block_gets=0 block_puts=0 deleted=0
checkpoint_phase lsn=20312 phase=row_merge_write slot=0 started_ns=1790162932091547000 ended_ns=1790162932094319375 elapsed_us=2772 block_gets=0 block_puts=0 deleted=0
checkpoint_phase lsn=20312 phase=value_index_schedule slot=0 started_ns=1790162932094326000 ended_ns=1790162932094358208 elapsed_us=32 block_gets=0 block_puts=0 deleted=0
checkpoint_phase lsn=20312 phase=row_merge_write slot=0 started_ns=1790162932094364000 ended_ns=1790162932097190708 elapsed_us=2826 block_gets=0 block_puts=0 deleted=0
checkpoint_phase lsn=20312 phase=value_index_schedule slot=0 started_ns=1790162932097249000 ended_ns=1790162932114681541 elapsed_us=17432 block_gets=0 block_puts=1 deleted=0
checkpoint_phase lsn=20312 phase=row_merge_write slot=0 started_ns=1790162932114698000 ended_ns=1790162932117575292 elapsed_us=2877 block_gets=0 block_puts=0 deleted=0
checkpoint_phase lsn=20312 phase=value_index_schedule slot=0 started_ns=1790162932117596000 ended_ns=1790162932148740166 elapsed_us=31144 block_gets=0 block_puts=4 deleted=0
checkpoint_phase lsn=20312 phase=row_merge_write slot=0 started_ns=1790162932148754000 ended_ns=1790162932151806167 elapsed_us=3052 block_gets=0 block_puts=0 deleted=0
checkpoint_phase lsn=20312 phase=value_index_schedule slot=0 started_ns=1790162932151830000 ended_ns=1790162932155190250 elapsed_us=3360 block_gets=0 block_puts=0 deleted=0
checkpoint_phase lsn=20312 phase=row_merge_write slot=0 started_ns=1790162932155215000 ended_ns=1790162932158093250 elapsed_us=2878 block_gets=0 block_puts=0 deleted=0
checkpoint_phase lsn=20312 phase=value_index_schedule slot=0 started_ns=1790162932158109000 ended_ns=1790162932161106333 elapsed_us=2997 block_gets=0 block_puts=0 deleted=0
checkpoint_phase lsn=20312 phase=row_merge_write slot=0 started_ns=1790162932161127000 ended_ns=1790162932164161000 elapsed_us=3034 block_gets=0 block_puts=0 deleted=0
checkpoint_phase lsn=20312 phase=value_index_schedule slot=0 started_ns=1790162932164182000 ended_ns=1790162932167422958 elapsed_us=3240 block_gets=0 block_puts=0 deleted=0
checkpoint_phase lsn=20312 phase=row_merge_write slot=0 started_ns=1790162932167443000 ended_ns=1790162932170277458 elapsed_us=2834 block_gets=0 block_puts=0 deleted=0
checkpoint_phase lsn=20312 phase=value_index_schedule slot=0 started_ns=1790162932170337000 ended_ns=1790162932173216083 elapsed_us=2879 block_gets=0 block_puts=0 deleted=0
checkpoint_phase lsn=20312 phase=row_merge_write slot=0 started_ns=1790162932173232000 ended_ns=1790162932176028041 elapsed_us=2796 block_gets=0 block_puts=0 deleted=0
checkpoint_phase lsn=20312 phase=value_index_schedule slot=0 started_ns=1790162932176036000 ended_ns=1790162932177349625 elapsed_us=1313 block_gets=0 block_puts=0 deleted=0
checkpoint_phase lsn=20312 phase=row_merge_write slot=0 started_ns=1790162932177355000 ended_ns=1790162932180168792 elapsed_us=2813 block_gets=0 block_puts=0 deleted=0
checkpoint_phase lsn=20312 phase=value_index_schedule slot=0 started_ns=1790162932180177000 ended_ns=1790162932180204042 elapsed_us=27 block_gets=0 block_puts=0 deleted=0
checkpoint_phase lsn=20312 phase=row_merge_write slot=0 started_ns=1790162932180207000 ended_ns=1790162932182984333 elapsed_us=2777 block_gets=0 block_puts=0 deleted=0
checkpoint_phase lsn=20312 phase=value_index_schedule slot=0 started_ns=1790162932182989000 ended_ns=1790162932183012458 elapsed_us=23 block_gets=0 block_puts=0 deleted=0
checkpoint_phase lsn=20312 phase=row_merge_write slot=0 started_ns=1790162932183018000 ended_ns=1790162932185796208 elapsed_us=2778 block_gets=0 block_puts=0 deleted=0
checkpoint_phase lsn=20312 phase=value_index_schedule slot=0 started_ns=1790162932185819000 ended_ns=1790162932185846500 elapsed_us=27 block_gets=0 block_puts=0 deleted=0
checkpoint_phase lsn=20312 phase=row_merge_write slot=0 started_ns=1790162932185851000 ended_ns=1790162932188667084 elapsed_us=2816 block_gets=0 block_puts=0 deleted=0
checkpoint_phase lsn=20312 phase=value_index_schedule slot=0 started_ns=1790162932188674000 ended_ns=1790162932203231416 elapsed_us=14557 block_gets=0 block_puts=1 deleted=0
checkpoint_phase lsn=20312 phase=row_merge_write slot=0 started_ns=1790162932203243000 ended_ns=1790162932206022708 elapsed_us=2779 block_gets=0 block_puts=0 deleted=0
checkpoint_phase lsn=20312 phase=value_index_schedule slot=0 started_ns=1790162932206029000 ended_ns=1790162932242117250 elapsed_us=36088 block_gets=0 block_puts=4 deleted=0
checkpoint_phase lsn=20312 phase=row_merge_write slot=0 started_ns=1790162932242129000 ended_ns=1790162932245004167 elapsed_us=2875 block_gets=0 block_puts=0 deleted=0
checkpoint_phase lsn=20312 phase=value_index_schedule slot=0 started_ns=1790162932245053000 ended_ns=1790162932245778625 elapsed_us=725 block_gets=0 block_puts=0 deleted=0
checkpoint_phase lsn=20312 phase=row_merge_write slot=0 started_ns=1790162932245786000 ended_ns=1790162932248573125 elapsed_us=2787 block_gets=0 block_puts=0 deleted=0
checkpoint_phase lsn=20312 phase=value_index_schedule slot=0 started_ns=1790162932248579000 ended_ns=1790162932248677084 elapsed_us=98 block_gets=0 block_puts=0 deleted=0
checkpoint_phase lsn=20312 phase=row_merge_write slot=0 started_ns=1790162932248680000 ended_ns=1790162932251449250 elapsed_us=2769 block_gets=0 block_puts=0 deleted=0
checkpoint_phase lsn=20312 phase=value_index_schedule slot=0 started_ns=1790162932251454000 ended_ns=1790162932251533959 elapsed_us=79 block_gets=0 block_puts=0 deleted=0
checkpoint_phase lsn=20312 phase=row_merge_write slot=0 started_ns=1790162932251537000 ended_ns=1790162932254332000 elapsed_us=2795 block_gets=0 block_puts=0 deleted=0
checkpoint_phase lsn=20312 phase=value_index_schedule slot=0 started_ns=1790162932254354000 ended_ns=1790162932254561917 elapsed_us=207 block_gets=0 block_puts=0 deleted=0
checkpoint_phase lsn=20312 phase=row_merge_write slot=0 started_ns=1790162932254569000 ended_ns=1790162932257379958 elapsed_us=2810 block_gets=0 block_puts=0 deleted=0
checkpoint_phase lsn=20312 phase=value_index_schedule slot=0 started_ns=1790162932257388000 ended_ns=1790162932269362209 elapsed_us=11974 block_gets=0 block_puts=1 deleted=0
checkpoint_phase lsn=20312 phase=row_merge_write slot=0 started_ns=1790162932269373000 ended_ns=1790162932272280833 elapsed_us=2907 block_gets=0 block_puts=0 deleted=0
checkpoint_phase lsn=20312 phase=value_index_schedule slot=0 started_ns=1790162932272298000 ended_ns=1790162932272502042 elapsed_us=204 block_gets=0 block_puts=0 deleted=0
checkpoint_phase lsn=20312 phase=row_merge_write slot=0 started_ns=1790162932272509000 ended_ns=1790162932275333000 elapsed_us=2824 block_gets=0 block_puts=0 deleted=0
checkpoint_phase lsn=20312 phase=value_index_schedule slot=0 started_ns=1790162932275341000 ended_ns=1790162932275537417 elapsed_us=196 block_gets=0 block_puts=0 deleted=0
checkpoint_phase lsn=20312 phase=row_merge_write slot=0 started_ns=1790162932275545000 ended_ns=1790162932278365250 elapsed_us=2820 block_gets=0 block_puts=0 deleted=0
checkpoint_phase lsn=20312 phase=value_index_schedule slot=0 started_ns=1790162932278374000 ended_ns=1790162932286374208 elapsed_us=8000 block_gets=0 block_puts=1 deleted=0
checkpoint_phase lsn=20312 phase=row_merge_write slot=0 started_ns=1790162932286390000 ended_ns=1790162932289266833 elapsed_us=2876 block_gets=0 block_puts=0 deleted=0
checkpoint_phase lsn=20312 phase=value_index_schedule slot=0 started_ns=1790162932289293000 ended_ns=1790162932289597167 elapsed_us=304 block_gets=0 block_puts=0 deleted=0
checkpoint_phase lsn=20312 phase=row_merge_write slot=0 started_ns=1790162932289606000 ended_ns=1790162932292434167 elapsed_us=2828 block_gets=0 block_puts=0 deleted=0
checkpoint_phase lsn=20312 phase=value_index_schedule slot=0 started_ns=1790162932292445000 ended_ns=1790162932292487791 elapsed_us=42 block_gets=0 block_puts=0 deleted=0
checkpoint_phase lsn=20312 phase=row_merge_write slot=0 started_ns=1790162932292492000 ended_ns=1790162932295317708 elapsed_us=2825 block_gets=0 block_puts=0 deleted=0
checkpoint_phase lsn=20312 phase=value_index_schedule slot=0 started_ns=1790162932295327000 ended_ns=1790162932312717375 elapsed_us=17390 block_gets=0 block_puts=4 deleted=0
checkpoint_phase lsn=20312 phase=row_merge_write slot=0 started_ns=1790162932312736000 ended_ns=1790162932316222542 elapsed_us=3486 block_gets=0 block_puts=0 deleted=0
checkpoint_phase lsn=20312 phase=value_index_schedule slot=0 started_ns=1790162932316247000 ended_ns=1790162932319046042 elapsed_us=2799 block_gets=0 block_puts=0 deleted=0
checkpoint_phase lsn=20312 phase=row_merge_write slot=0 started_ns=1790162932319061000 ended_ns=1790162932321868542 elapsed_us=2807 block_gets=0 block_puts=0 deleted=0
checkpoint_phase lsn=20312 phase=value_index_schedule slot=0 started_ns=1790162932321898000 ended_ns=1790162932354262041 elapsed_us=32364 block_gets=0 block_puts=4 deleted=0
checkpoint_phase lsn=20312 phase=row_merge_write slot=0 started_ns=1790162932354275000 ended_ns=1790162932357109000 elapsed_us=2834 block_gets=0 block_puts=0 deleted=0
checkpoint_phase lsn=20312 phase=value_index_schedule slot=0 started_ns=1790162932357121000 ended_ns=1790162932357121375 elapsed_us=0 block_gets=0 block_puts=0 deleted=0
checkpoint_phase lsn=20312 phase=row_merge_write slot=0 started_ns=1790162932357124000 ended_ns=1790162932360027375 elapsed_us=2903 block_gets=0 block_puts=0 deleted=0
checkpoint_phase lsn=20312 phase=value_index_schedule slot=0 started_ns=1790162932360052000 ended_ns=1790162932360227375 elapsed_us=175 block_gets=0 block_puts=0 deleted=0
checkpoint_phase lsn=20312 phase=row_merge_write slot=0 started_ns=1790162932360232000 ended_ns=1790162932363016666 elapsed_us=2784 block_gets=0 block_puts=0 deleted=0
checkpoint_phase lsn=20312 phase=value_index_schedule slot=0 started_ns=1790162932363025000 ended_ns=1790162932363238042 elapsed_us=213 block_gets=0 block_puts=0 deleted=0
checkpoint_phase lsn=20312 phase=row_merge_write slot=0 started_ns=1790162932363243000 ended_ns=1790162932366015958 elapsed_us=2772 block_gets=0 block_puts=0 deleted=0
checkpoint_phase lsn=20312 phase=value_index_schedule slot=0 started_ns=1790162932366023000 ended_ns=1790162932366221125 elapsed_us=198 block_gets=0 block_puts=0 deleted=0
checkpoint_phase lsn=20312 phase=row_merge_write slot=0 started_ns=1790162932366225000 ended_ns=1790162932368963291 elapsed_us=2738 block_gets=0 block_puts=0 deleted=0
checkpoint_phase lsn=20312 phase=value_index_schedule slot=0 started_ns=1790162932368968000 ended_ns=1790162932369198584 elapsed_us=230 block_gets=0 block_puts=0 deleted=0
checkpoint_phase lsn=20312 phase=row_merge_write slot=0 started_ns=1790162932369214000 ended_ns=1790162932372022458 elapsed_us=2808 block_gets=0 block_puts=0 deleted=0
checkpoint_phase lsn=20312 phase=value_index_schedule slot=0 started_ns=1790162932372030000 ended_ns=1790162932393809250 elapsed_us=21779 block_gets=0 block_puts=1 deleted=0
checkpoint_phase lsn=20312 phase=row_merge_write slot=0 started_ns=1790162932393837000 ended_ns=1790162932396698250 elapsed_us=2861 block_gets=0 block_puts=0 deleted=0
checkpoint_phase lsn=20312 phase=value_index_schedule slot=0 started_ns=1790162932396713000 ended_ns=1790162932396929500 elapsed_us=216 block_gets=0 block_puts=0 deleted=0
checkpoint_phase lsn=20312 phase=row_merge_write slot=0 started_ns=1790162932396936000 ended_ns=1790162932399774000 elapsed_us=2838 block_gets=0 block_puts=0 deleted=0
checkpoint_phase lsn=20312 phase=value_index_schedule slot=0 started_ns=1790162932399795000 ended_ns=1790162932400008500 elapsed_us=213 block_gets=0 block_puts=0 deleted=0
checkpoint_phase lsn=20312 phase=row_merge_write slot=0 started_ns=1790162932400013000 ended_ns=1790162932402771875 elapsed_us=2758 block_gets=0 block_puts=0 deleted=0
checkpoint_phase lsn=20312 phase=value_index_schedule slot=0 started_ns=1790162932402779000 ended_ns=1790162932417435667 elapsed_us=14656 block_gets=0 block_puts=1 deleted=0
checkpoint_phase lsn=20312 phase=row_merge_write slot=0 started_ns=1790162932417458000 ended_ns=1790162932420300459 elapsed_us=2842 block_gets=0 block_puts=0 deleted=0
checkpoint_phase lsn=20312 phase=value_index_schedule slot=0 started_ns=1790162932420313000 ended_ns=1790162932420493166 elapsed_us=180 block_gets=0 block_puts=0 deleted=0
checkpoint_phase lsn=20312 phase=row_merge_write slot=0 started_ns=1790162932420501000 ended_ns=1790162932423331959 elapsed_us=2830 block_gets=0 block_puts=0 deleted=0
checkpoint_phase lsn=20312 phase=value_index_schedule slot=0 started_ns=1790162932423345000 ended_ns=1790162932423488166 elapsed_us=143 block_gets=0 block_puts=0 deleted=0
checkpoint_phase lsn=20312 phase=row_merge_write slot=0 started_ns=1790162932423496000 ended_ns=1790162932426315250 elapsed_us=2819 block_gets=0 block_puts=0 deleted=0
checkpoint_phase lsn=20312 phase=value_index_schedule slot=0 started_ns=1790162932426351000 ended_ns=1790162932426472292 elapsed_us=121 block_gets=0 block_puts=0 deleted=0
checkpoint_phase lsn=20312 phase=row_merge_write slot=0 started_ns=1790162932426480000 ended_ns=1790162932428379250 elapsed_us=1899 block_gets=0 block_puts=0 deleted=0
checkpoint_phase lsn=20312 phase=value_index_schedule slot=0 started_ns=1790162932428388000 ended_ns=1790162932443917750 elapsed_us=15529 block_gets=0 block_puts=4 deleted=0
checkpoint_phase lsn=20312 phase=row_merge_write slot=0 started_ns=1790162932443941000 ended_ns=1790162932506967166 elapsed_us=63026 block_gets=0 block_puts=5 deleted=0
checkpoint_phase lsn=20312 phase=value_index_schedule slot=0 started_ns=1790162932506981000 ended_ns=1790162932506981500 elapsed_us=0 block_gets=0 block_puts=0 deleted=0
checkpoint_phase lsn=20312 phase=row_merge_write slot=0 started_ns=1790162932506986000 ended_ns=1790162932553890584 elapsed_us=46904 block_gets=0 block_puts=4 deleted=0
checkpoint_phase lsn=20312 phase=value_index_write slot=0 started_ns=1790162932553903000 ended_ns=1790162932554118375 elapsed_us=215 block_gets=0 block_puts=0 deleted=0
checkpoint_phase lsn=20312 phase=row_merge_write slot=0 started_ns=1790162932554123000 ended_ns=1790162932592398708 elapsed_us=38275 block_gets=0 block_puts=4 deleted=0
checkpoint_phase lsn=20312 phase=value_index_write slot=0 started_ns=1790162932592411000 ended_ns=1790162932592488750 elapsed_us=77 block_gets=0 block_puts=0 deleted=0
checkpoint_phase lsn=20312 phase=row_merge_write slot=0 started_ns=1790162932592492000 ended_ns=1790162932622790875 elapsed_us=30298 block_gets=0 block_puts=4 deleted=0
checkpoint_phase lsn=20312 phase=value_index_write slot=0 started_ns=1790162932622808000 ended_ns=1790162932622885209 elapsed_us=77 block_gets=0 block_puts=0 deleted=0
checkpoint_phase lsn=20312 phase=row_merge_write slot=0 started_ns=1790162932622892000 ended_ns=1790162932660730166 elapsed_us=37838 block_gets=0 block_puts=4 deleted=0
checkpoint_phase lsn=20312 phase=value_index_write slot=0 started_ns=1790162932660744000 ended_ns=1790162932660949959 elapsed_us=205 block_gets=0 block_puts=0 deleted=0
checkpoint_phase lsn=20312 phase=row_merge_write slot=0 started_ns=1790162932660958000 ended_ns=1790162932706047625 elapsed_us=45089 block_gets=0 block_puts=4 deleted=0
checkpoint_phase lsn=20312 phase=value_index_write slot=0 started_ns=1790162932706061000 ended_ns=1790162932706143209 elapsed_us=82 block_gets=0 block_puts=0 deleted=0
checkpoint_phase lsn=20312 phase=row_merge_write slot=0 started_ns=1790162932706147000 ended_ns=1790162932749782000 elapsed_us=43635 block_gets=0 block_puts=4 deleted=0
checkpoint_phase lsn=20312 phase=value_index_write slot=0 started_ns=1790162932749794000 ended_ns=1790162932761148041 elapsed_us=11354 block_gets=0 block_puts=1 deleted=0
checkpoint_phase lsn=20312 phase=row_merge_write slot=0 started_ns=1790162932761164000 ended_ns=1790162932778785208 elapsed_us=17621 block_gets=0 block_puts=4 deleted=0
checkpoint_phase lsn=20312 phase=value_index_write slot=0 started_ns=1790162932778800000 ended_ns=1790162932779003000 elapsed_us=203 block_gets=0 block_puts=0 deleted=0
checkpoint_phase lsn=20312 phase=row_merge_write slot=0 started_ns=1790162932779007000 ended_ns=1790162932804785000 elapsed_us=25778 block_gets=0 block_puts=4 deleted=0
checkpoint_phase lsn=20312 phase=value_index_write slot=0 started_ns=1790162932804803000 ended_ns=1790162932804886833 elapsed_us=83 block_gets=0 block_puts=0 deleted=0
checkpoint_phase lsn=20312 phase=row_merge_write slot=0 started_ns=1790162932804897000 ended_ns=1790162932842305000 elapsed_us=37408 block_gets=0 block_puts=4 deleted=0
checkpoint_phase lsn=20312 phase=value_index_write slot=0 started_ns=1790162932842318000 ended_ns=1790162932842395333 elapsed_us=77 block_gets=0 block_puts=0 deleted=0
checkpoint_phase lsn=20312 phase=row_merge_write slot=0 started_ns=1790162932842399000 ended_ns=1790162932889757417 elapsed_us=47358 block_gets=0 block_puts=4 deleted=0
checkpoint_phase lsn=20312 phase=value_index_write slot=0 started_ns=1790162932889785000 ended_ns=1790162932909020375 elapsed_us=19235 block_gets=0 block_puts=2 deleted=0
checkpoint_phase lsn=20312 phase=row_merge_write slot=0 started_ns=1790162932909034000 ended_ns=1790162932931429375 elapsed_us=22395 block_gets=0 block_puts=4 deleted=0
checkpoint_phase lsn=20312 phase=value_index_schedule slot=0 started_ns=1790162932931447000 ended_ns=1790162932931450708 elapsed_us=3 block_gets=0 block_puts=0 deleted=0
checkpoint_phase lsn=20312 phase=row_merge_write slot=0 started_ns=1790162932931455000 ended_ns=1790162932966498000 elapsed_us=35043 block_gets=0 block_puts=4 deleted=0
checkpoint_phase lsn=20312 phase=value_index_schedule slot=0 started_ns=1790162932966515000 ended_ns=1790162932967242583 elapsed_us=727 block_gets=0 block_puts=0 deleted=0
checkpoint_phase lsn=20312 phase=row_merge_write slot=0 started_ns=1790162932967249000 ended_ns=1790162933025236416 elapsed_us=57987 block_gets=0 block_puts=4 deleted=0
checkpoint_phase lsn=20312 phase=value_index_schedule slot=0 started_ns=1790162933025252000 ended_ns=1790162933026505917 elapsed_us=1253 block_gets=0 block_puts=0 deleted=0
checkpoint_phase lsn=20312 phase=row_merge_write slot=0 started_ns=1790162933026514000 ended_ns=1790162933060137000 elapsed_us=33623 block_gets=0 block_puts=4 deleted=0
checkpoint_phase lsn=20312 phase=value_index_schedule slot=0 started_ns=1790162933060153000 ended_ns=1790162933061283625 elapsed_us=1130 block_gets=0 block_puts=0 deleted=0
checkpoint_phase lsn=20312 phase=row_merge_write slot=0 started_ns=1790162933061297000 ended_ns=1790162933082915250 elapsed_us=21618 block_gets=0 block_puts=4 deleted=0
checkpoint_phase lsn=20312 phase=value_index_schedule slot=0 started_ns=1790162933082931000 ended_ns=1790162933085541625 elapsed_us=2610 block_gets=0 block_puts=0 deleted=0
checkpoint_phase lsn=20312 phase=row_merge_write slot=0 started_ns=1790162933085572000 ended_ns=1790162933125042875 elapsed_us=39470 block_gets=0 block_puts=4 deleted=0
checkpoint_phase lsn=20312 phase=value_index_schedule slot=0 started_ns=1790162933125057000 ended_ns=1790162933127854500 elapsed_us=2797 block_gets=0 block_puts=0 deleted=0
checkpoint_phase lsn=20312 phase=row_merge_write slot=0 started_ns=1790162933127875000 ended_ns=1790162933163783334 elapsed_us=35908 block_gets=0 block_puts=4 deleted=0
checkpoint_phase lsn=20312 phase=value_index_schedule slot=0 started_ns=1790162933163801000 ended_ns=1790162933167824500 elapsed_us=4023 block_gets=0 block_puts=0 deleted=0
checkpoint_phase lsn=20312 phase=row_merge_write slot=0 started_ns=1790162933167835000 ended_ns=1790162933202175541 elapsed_us=34340 block_gets=0 block_puts=4 deleted=0
checkpoint_phase lsn=20312 phase=value_index_schedule slot=0 started_ns=1790162933202190000 ended_ns=1790162933202219291 elapsed_us=29 block_gets=0 block_puts=0 deleted=0
checkpoint_phase lsn=20312 phase=row_merge_write slot=0 started_ns=1790162933202230000 ended_ns=1790162933220384584 elapsed_us=18154 block_gets=0 block_puts=4 deleted=0
checkpoint_phase lsn=20312 phase=value_index_schedule slot=0 started_ns=1790162933220402000 ended_ns=1790162933220438834 elapsed_us=36 block_gets=0 block_puts=0 deleted=0
checkpoint_phase lsn=20312 phase=row_merge_write slot=0 started_ns=1790162933220445000 ended_ns=1790162933257751375 elapsed_us=37306 block_gets=0 block_puts=4 deleted=0
checkpoint_phase lsn=20312 phase=value_index_schedule slot=0 started_ns=1790162933257766000 ended_ns=1790162933257800042 elapsed_us=34 block_gets=0 block_puts=0 deleted=0
checkpoint_phase lsn=20312 phase=row_merge_write slot=0 started_ns=1790162933257804000 ended_ns=1790162933293755917 elapsed_us=35951 block_gets=0 block_puts=4 deleted=0
checkpoint_phase lsn=20312 phase=value_index_schedule slot=0 started_ns=1790162933293769000 ended_ns=1790162933307401166 elapsed_us=13632 block_gets=0 block_puts=1 deleted=0
checkpoint_phase lsn=20312 phase=row_merge_write slot=0 started_ns=1790162933307418000 ended_ns=1790162933349565292 elapsed_us=42147 block_gets=0 block_puts=4 deleted=0
checkpoint_phase lsn=20312 phase=value_index_schedule slot=0 started_ns=1790162933349603000 ended_ns=1790162933349639584 elapsed_us=36 block_gets=0 block_puts=0 deleted=0
checkpoint_phase lsn=20312 phase=row_merge_write slot=0 started_ns=1790162933349644000 ended_ns=1790162933389968750 elapsed_us=40324 block_gets=0 block_puts=4 deleted=0
checkpoint_phase lsn=20312 phase=value_index_schedule slot=0 started_ns=1790162933389985000 ended_ns=1790162933405938083 elapsed_us=15953 block_gets=0 block_puts=4 deleted=0
checkpoint_phase lsn=20312 phase=row_merge_write slot=0 started_ns=1790162933405952000 ended_ns=1790162933430747542 elapsed_us=24795 block_gets=0 block_puts=4 deleted=0
checkpoint_phase lsn=20312 phase=value_index_schedule slot=0 started_ns=1790162933430762000 ended_ns=1790162933433486625 elapsed_us=2724 block_gets=0 block_puts=0 deleted=0
checkpoint_phase lsn=20312 phase=row_merge_write slot=0 started_ns=1790162933433494000 ended_ns=1790162933482591292 elapsed_us=49097 block_gets=0 block_puts=4 deleted=0
checkpoint_phase lsn=20312 phase=value_index_schedule slot=0 started_ns=1790162933482608000 ended_ns=1790162933485420791 elapsed_us=2812 block_gets=0 block_puts=0 deleted=0
checkpoint_phase lsn=20312 phase=row_merge_write slot=0 started_ns=1790162933485434000 ended_ns=1790162933527709375 elapsed_us=42275 block_gets=0 block_puts=4 deleted=0
checkpoint_phase lsn=20312 phase=value_index_schedule slot=0 started_ns=1790162933527727000 ended_ns=1790162933530918417 elapsed_us=3191 block_gets=0 block_puts=0 deleted=0
checkpoint_phase lsn=20312 phase=row_merge_write slot=0 started_ns=1790162933530952000 ended_ns=1790162933556357459 elapsed_us=25405 block_gets=0 block_puts=4 deleted=0
checkpoint_phase lsn=20312 phase=value_index_schedule slot=0 started_ns=1790162933556374000 ended_ns=1790162933559149542 elapsed_us=2775 block_gets=0 block_puts=0 deleted=0
checkpoint_phase lsn=20312 phase=row_merge_write slot=0 started_ns=1790162933559165000 ended_ns=1790162933594384250 elapsed_us=35219 block_gets=0 block_puts=4 deleted=0
checkpoint_phase lsn=20312 phase=value_index_schedule slot=0 started_ns=1790162933594399000 ended_ns=1790162933595490333 elapsed_us=1091 block_gets=0 block_puts=0 deleted=0
checkpoint_phase lsn=20312 phase=row_merge_write slot=0 started_ns=1790162933595517000 ended_ns=1790162933646256459 elapsed_us=50739 block_gets=0 block_puts=4 deleted=0
checkpoint_phase lsn=20312 phase=value_index_schedule slot=0 started_ns=1790162933646271000 ended_ns=1790162933646300458 elapsed_us=29 block_gets=0 block_puts=0 deleted=0
checkpoint_phase lsn=20312 phase=row_merge_write slot=0 started_ns=1790162933646304000 ended_ns=1790162933682362125 elapsed_us=36058 block_gets=0 block_puts=4 deleted=0
checkpoint_phase lsn=20312 phase=value_index_schedule slot=0 started_ns=1790162933682379000 ended_ns=1790162933682415708 elapsed_us=36 block_gets=0 block_puts=0 deleted=0
checkpoint_phase lsn=20312 phase=row_merge_write slot=0 started_ns=1790162933682420000 ended_ns=1790162933705551958 elapsed_us=23131 block_gets=0 block_puts=4 deleted=0
checkpoint_phase lsn=20312 phase=value_index_schedule slot=0 started_ns=1790162933705568000 ended_ns=1790162933705603208 elapsed_us=35 block_gets=0 block_puts=0 deleted=0
checkpoint_phase lsn=20312 phase=row_merge_write slot=0 started_ns=1790162933705608000 ended_ns=1790162933748488208 elapsed_us=42880 block_gets=0 block_puts=4 deleted=0
checkpoint_phase lsn=20312 phase=value_index_schedule slot=0 started_ns=1790162933748503000 ended_ns=1790162933763528750 elapsed_us=15025 block_gets=0 block_puts=1 deleted=0
checkpoint_phase lsn=20312 phase=row_merge_write slot=0 started_ns=1790162933763543000 ended_ns=1790162933820932000 elapsed_us=57389 block_gets=0 block_puts=4 deleted=0
checkpoint_phase lsn=20312 phase=value_index_schedule slot=0 started_ns=1790162933820948000 ended_ns=1790162933835144209 elapsed_us=14196 block_gets=0 block_puts=4 deleted=0
checkpoint_phase lsn=20312 phase=row_merge_write slot=0 started_ns=1790162933835159000 ended_ns=1790162933855964458 elapsed_us=20805 block_gets=0 block_puts=4 deleted=0
checkpoint_phase lsn=20312 phase=value_index_schedule slot=0 started_ns=1790162933855995000 ended_ns=1790162933856715167 elapsed_us=720 block_gets=0 block_puts=0 deleted=0
checkpoint_phase lsn=20312 phase=row_merge_write slot=0 started_ns=1790162933856725000 ended_ns=1790162933900736833 elapsed_us=44011 block_gets=0 block_puts=4 deleted=0
checkpoint_phase lsn=20312 phase=value_index_schedule slot=0 started_ns=1790162933900751000 ended_ns=1790162933900848500 elapsed_us=97 block_gets=0 block_puts=0 deleted=0
checkpoint_phase lsn=20312 phase=row_merge_write slot=0 started_ns=1790162933900853000 ended_ns=1790162933973716583 elapsed_us=72863 block_gets=0 block_puts=4 deleted=0
checkpoint_phase lsn=20312 phase=value_index_schedule slot=0 started_ns=1790162933973730000 ended_ns=1790162933973833083 elapsed_us=103 block_gets=0 block_puts=0 deleted=0
checkpoint_phase lsn=20312 phase=row_merge_write slot=0 started_ns=1790162933973839000 ended_ns=1790162934018104541 elapsed_us=44265 block_gets=0 block_puts=4 deleted=0
checkpoint_phase lsn=20312 phase=value_index_schedule slot=0 started_ns=1790162934018120000 ended_ns=1790162934018218916 elapsed_us=98 block_gets=0 block_puts=0 deleted=0
checkpoint_phase lsn=20312 phase=row_merge_write slot=0 started_ns=1790162934018223000 ended_ns=1790162934048510750 elapsed_us=30287 block_gets=0 block_puts=4 deleted=0
checkpoint_phase lsn=20312 phase=value_index_schedule slot=0 started_ns=1790162934048527000 ended_ns=1790162934069605667 elapsed_us=21078 block_gets=0 block_puts=1 deleted=0
checkpoint_phase lsn=20312 phase=row_merge_write slot=0 started_ns=1790162934069627000 ended_ns=1790162934107650291 elapsed_us=38023 block_gets=0 block_puts=4 deleted=0
checkpoint_phase lsn=20312 phase=value_index_schedule slot=0 started_ns=1790162934107665000 ended_ns=1790162934107856917 elapsed_us=191 block_gets=0 block_puts=0 deleted=0
checkpoint_phase lsn=20312 phase=row_merge_write slot=0 started_ns=1790162934107864000 ended_ns=1790162934132892542 elapsed_us=25028 block_gets=0 block_puts=4 deleted=0
checkpoint_phase lsn=20312 phase=value_index_schedule slot=0 started_ns=1790162934132909000 ended_ns=1790162934133103042 elapsed_us=194 block_gets=0 block_puts=0 deleted=0
checkpoint_phase lsn=20312 phase=row_merge_write slot=0 started_ns=1790162934133109000 ended_ns=1790162934149866542 elapsed_us=16757 block_gets=0 block_puts=4 deleted=0
checkpoint_phase lsn=20312 phase=value_index_schedule slot=0 started_ns=1790162934149882000 ended_ns=1790162934150070500 elapsed_us=188 block_gets=0 block_puts=0 deleted=0
checkpoint_phase lsn=20312 phase=row_merge_write slot=0 started_ns=1790162934150078000 ended_ns=1790162934197159666 elapsed_us=47081 block_gets=0 block_puts=4 deleted=0
checkpoint_phase lsn=20312 phase=value_index_schedule slot=0 started_ns=1790162934197174000 ended_ns=1790162934209270167 elapsed_us=12096 block_gets=0 block_puts=1 deleted=0
checkpoint_phase lsn=20312 phase=row_merge_write slot=0 started_ns=1790162934209288000 ended_ns=1790162934277718250 elapsed_us=68430 block_gets=0 block_puts=4 deleted=0
checkpoint_phase lsn=20312 phase=value_index_schedule slot=0 started_ns=1790162934277735000 ended_ns=1790162934277821250 elapsed_us=86 block_gets=0 block_puts=0 deleted=0
checkpoint_phase lsn=20312 phase=row_merge_write slot=0 started_ns=1790162934277828000 ended_ns=1790162934315398625 elapsed_us=37570 block_gets=0 block_puts=4 deleted=0
checkpoint_phase lsn=20312 phase=value_index_schedule slot=0 started_ns=1790162934315417000 ended_ns=1790162934315467583 elapsed_us=50 block_gets=0 block_puts=0 deleted=0
checkpoint_phase lsn=20312 phase=row_merge_write slot=0 started_ns=1790162934315479000 ended_ns=1790162934347658167 elapsed_us=32179 block_gets=0 block_puts=4 deleted=0
checkpoint_phase lsn=20312 phase=value_index_schedule slot=0 started_ns=1790162934347672000 ended_ns=1790162934387180500 elapsed_us=39508 block_gets=0 block_puts=4 deleted=0
checkpoint_phase lsn=20312 phase=row_merge_write slot=0 started_ns=1790162934387197000 ended_ns=1790162934441885250 elapsed_us=54688 block_gets=0 block_puts=4 deleted=0
checkpoint_phase lsn=20312 phase=value_index_schedule slot=0 started_ns=1790162934441917000 ended_ns=1790162934441917500 elapsed_us=0 block_gets=0 block_puts=0 deleted=0
checkpoint_phase lsn=20312 phase=row_merge_write slot=0 started_ns=1790162934441923000 ended_ns=1790162934481862875 elapsed_us=39939 block_gets=0 block_puts=4 deleted=0
checkpoint_phase lsn=20312 phase=value_index_write slot=0 started_ns=1790162934481876000 ended_ns=1790162934482070292 elapsed_us=194 block_gets=0 block_puts=0 deleted=0
checkpoint_phase lsn=20312 phase=row_merge_write slot=0 started_ns=1790162934482074000 ended_ns=1790162934506344917 elapsed_us=24270 block_gets=0 block_puts=4 deleted=0
checkpoint_phase lsn=20312 phase=value_index_write slot=0 started_ns=1790162934506361000 ended_ns=1790162934506441791 elapsed_us=80 block_gets=0 block_puts=0 deleted=0
checkpoint_phase lsn=20312 phase=row_merge_write slot=0 started_ns=1790162934506448000 ended_ns=1790162934523027958 elapsed_us=16579 block_gets=0 block_puts=4 deleted=0
checkpoint_phase lsn=20312 phase=value_index_write slot=0 started_ns=1790162934523041000 ended_ns=1790162934523121000 elapsed_us=80 block_gets=0 block_puts=0 deleted=0
checkpoint_phase lsn=20312 phase=row_merge_write slot=0 started_ns=1790162934523128000 ended_ns=1790162934546460209 elapsed_us=23332 block_gets=0 block_puts=4 deleted=0
checkpoint_phase lsn=20312 phase=value_index_write slot=0 started_ns=1790162934546475000 ended_ns=1790162934546678708 elapsed_us=203 block_gets=0 block_puts=0 deleted=0
checkpoint_phase lsn=20312 phase=row_merge_write slot=0 started_ns=1790162934546683000 ended_ns=1790162934594936167 elapsed_us=48253 block_gets=0 block_puts=4 deleted=0
checkpoint_phase lsn=20312 phase=value_index_write slot=0 started_ns=1790162934594953000 ended_ns=1790162934595035416 elapsed_us=82 block_gets=0 block_puts=0 deleted=0
checkpoint_phase lsn=20312 phase=row_merge_write slot=0 started_ns=1790162934595042000 ended_ns=1790162934643382167 elapsed_us=48340 block_gets=0 block_puts=4 deleted=0
checkpoint_phase lsn=20312 phase=value_index_write slot=0 started_ns=1790162934643398000 ended_ns=1790162934643479917 elapsed_us=81 block_gets=0 block_puts=0 deleted=0
checkpoint_phase lsn=20312 phase=row_merge_write slot=0 started_ns=1790162934643487000 ended_ns=1790162934667626750 elapsed_us=24139 block_gets=0 block_puts=4 deleted=0
checkpoint_phase lsn=20312 phase=value_index_write slot=0 started_ns=1790162934667643000 ended_ns=1790162934667724583 elapsed_us=81 block_gets=0 block_puts=0 deleted=0
checkpoint_phase lsn=20312 phase=row_merge_write slot=0 started_ns=1790162934667728000 ended_ns=1790162934702024958 elapsed_us=34296 block_gets=0 block_puts=4 deleted=0
checkpoint_phase lsn=20312 phase=value_index_write slot=0 started_ns=1790162934702039000 ended_ns=1790162934724965916 elapsed_us=22926 block_gets=0 block_puts=1 deleted=0
checkpoint_phase lsn=20312 phase=row_merge_write slot=0 started_ns=1790162934724987000 ended_ns=1790162934763650459 elapsed_us=38663 block_gets=0 block_puts=4 deleted=0
checkpoint_phase lsn=20312 phase=value_index_write slot=0 started_ns=1790162934763667000 ended_ns=1790162934763750333 elapsed_us=83 block_gets=0 block_puts=0 deleted=0
checkpoint_phase lsn=20312 phase=row_merge_write slot=0 started_ns=1790162934763756000 ended_ns=1790162934795891833 elapsed_us=32135 block_gets=0 block_puts=6 deleted=0
checkpoint_phase lsn=20312 phase=value_index_write slot=0 started_ns=1790162934795907000 ended_ns=1790162934804492167 elapsed_us=8585 block_gets=0 block_puts=2 deleted=0
checkpoint_phase lsn=20312 phase=value_index_schedule slot=0 started_ns=1790162934804509000 ended_ns=1790162934804513125 elapsed_us=4 block_gets=0 block_puts=0 deleted=0
checkpoint_phase lsn=20312 phase=value_index_schedule slot=0 started_ns=1790162934804518000 ended_ns=1790162934805343958 elapsed_us=825 block_gets=0 block_puts=0 deleted=0
checkpoint_phase lsn=20312 phase=value_index_schedule slot=0 started_ns=1790162934805353000 ended_ns=1790162934806591125 elapsed_us=1238 block_gets=0 block_puts=0 deleted=0
checkpoint_phase lsn=20312 phase=value_index_schedule slot=0 started_ns=1790162934806602000 ended_ns=1790162934807684500 elapsed_us=1082 block_gets=0 block_puts=0 deleted=0
checkpoint_phase lsn=20312 phase=value_index_schedule slot=0 started_ns=1790162934807717000 ended_ns=1790162934810321792 elapsed_us=2604 block_gets=0 block_puts=0 deleted=0
checkpoint_phase lsn=20312 phase=value_index_schedule slot=0 started_ns=1790162934810331000 ended_ns=1790162934813258291 elapsed_us=2927 block_gets=0 block_puts=0 deleted=0
checkpoint_phase lsn=20312 phase=value_index_schedule slot=0 started_ns=1790162934813286000 ended_ns=1790162934817435667 elapsed_us=4149 block_gets=0 block_puts=0 deleted=0
checkpoint_phase lsn=20312 phase=value_index_schedule slot=0 started_ns=1790162934817453000 ended_ns=1790162934817483708 elapsed_us=30 block_gets=0 block_puts=0 deleted=0
checkpoint_phase lsn=20312 phase=value_index_schedule slot=0 started_ns=1790162934817488000 ended_ns=1790162934817511125 elapsed_us=23 block_gets=0 block_puts=0 deleted=0
checkpoint_phase lsn=20312 phase=value_index_schedule slot=0 started_ns=1790162934817515000 ended_ns=1790162934817538166 elapsed_us=23 block_gets=0 block_puts=0 deleted=0
checkpoint_phase lsn=20312 phase=value_index_schedule slot=0 started_ns=1790162934817542000 ended_ns=1790162934822726041 elapsed_us=5184 block_gets=0 block_puts=1 deleted=0
checkpoint_phase lsn=20312 phase=value_index_schedule slot=0 started_ns=1790162934822743000 ended_ns=1790162934822775042 elapsed_us=32 block_gets=0 block_puts=0 deleted=0
checkpoint_phase lsn=20312 phase=value_index_schedule slot=0 started_ns=1790162934822782000 ended_ns=1790162934856233541 elapsed_us=33451 block_gets=0 block_puts=4 deleted=0
checkpoint_phase lsn=20312 phase=value_index_schedule slot=0 started_ns=1790162934856264000 ended_ns=1790162934859024833 elapsed_us=2760 block_gets=0 block_puts=0 deleted=0
checkpoint_phase lsn=20312 phase=value_index_schedule slot=0 started_ns=1790162934859030000 ended_ns=1790162934861816625 elapsed_us=2786 block_gets=0 block_puts=0 deleted=0
checkpoint_phase lsn=20312 phase=value_index_schedule slot=0 started_ns=1790162934861827000 ended_ns=1790162934864657875 elapsed_us=2830 block_gets=0 block_puts=0 deleted=0
checkpoint_phase lsn=20312 phase=value_index_schedule slot=0 started_ns=1790162934864678000 ended_ns=1790162934867426291 elapsed_us=2748 block_gets=0 block_puts=0 deleted=0
checkpoint_phase lsn=20312 phase=value_index_schedule slot=0 started_ns=1790162934867436000 ended_ns=1790162934868477916 elapsed_us=1041 block_gets=0 block_puts=0 deleted=0
checkpoint_phase lsn=20312 phase=value_index_schedule slot=0 started_ns=1790162934868482000 ended_ns=1790162934868509541 elapsed_us=27 block_gets=0 block_puts=0 deleted=0
checkpoint_phase lsn=20312 phase=value_index_schedule slot=0 started_ns=1790162934868512000 ended_ns=1790162934868534583 elapsed_us=22 block_gets=0 block_puts=0 deleted=0
checkpoint_phase lsn=20312 phase=value_index_schedule slot=0 started_ns=1790162934868538000 ended_ns=1790162934868560625 elapsed_us=22 block_gets=0 block_puts=0 deleted=0
checkpoint_phase lsn=20312 phase=value_index_schedule slot=0 started_ns=1790162934868564000 ended_ns=1790162934881484166 elapsed_us=12920 block_gets=0 block_puts=1 deleted=0
checkpoint_phase lsn=20312 phase=value_index_schedule slot=0 started_ns=1790162934881500000 ended_ns=1790162934926830333 elapsed_us=45330 block_gets=0 block_puts=4 deleted=0
checkpoint_phase lsn=20312 phase=value_index_schedule slot=0 started_ns=1790162934926851000 ended_ns=1790162934927550042 elapsed_us=699 block_gets=0 block_puts=0 deleted=0
checkpoint_phase lsn=20312 phase=value_index_schedule slot=0 started_ns=1790162934927558000 ended_ns=1790162934927647333 elapsed_us=89 block_gets=0 block_puts=0 deleted=0
checkpoint_phase lsn=20312 phase=value_index_schedule slot=0 started_ns=1790162934927650000 ended_ns=1790162934927730209 elapsed_us=80 block_gets=0 block_puts=0 deleted=0
checkpoint_phase lsn=20312 phase=value_index_schedule slot=0 started_ns=1790162934927734000 ended_ns=1790162934927813000 elapsed_us=79 block_gets=0 block_puts=0 deleted=0
checkpoint_phase lsn=20312 phase=value_index_schedule slot=0 started_ns=1790162934927836000 ended_ns=1790162934939783000 elapsed_us=11947 block_gets=0 block_puts=1 deleted=0
checkpoint_phase lsn=20312 phase=value_index_schedule slot=0 started_ns=1790162934939800000 ended_ns=1790162934939976959 elapsed_us=176 block_gets=0 block_puts=0 deleted=0
checkpoint_phase lsn=20312 phase=value_index_schedule slot=0 started_ns=1790162934939981000 ended_ns=1790162934940152375 elapsed_us=171 block_gets=0 block_puts=0 deleted=0
checkpoint_phase lsn=20312 phase=value_index_schedule slot=0 started_ns=1790162934940156000 ended_ns=1790162934940327833 elapsed_us=171 block_gets=0 block_puts=0 deleted=0
checkpoint_phase lsn=20312 phase=value_index_schedule slot=0 started_ns=1790162934940331000 ended_ns=1790162934951599125 elapsed_us=11268 block_gets=0 block_puts=1 deleted=0
checkpoint_phase lsn=20312 phase=value_index_schedule slot=0 started_ns=1790162934951615000 ended_ns=1790162934951683042 elapsed_us=68 block_gets=0 block_puts=0 deleted=0
checkpoint_phase lsn=20312 phase=value_index_schedule slot=0 started_ns=1790162934951687000 ended_ns=1790162934951718375 elapsed_us=31 block_gets=0 block_puts=0 deleted=0
checkpoint_phase lsn=20312 phase=value_index_schedule slot=0 started_ns=1790162934951722000 ended_ns=1790162934983557208 elapsed_us=31835 block_gets=0 block_puts=4 deleted=0
checkpoint_phase lsn=20312 phase=value_index_schedule slot=0 started_ns=1790162934983576000 ended_ns=1790162934983576208 elapsed_us=0 block_gets=0 block_puts=0 deleted=0
checkpoint_phase lsn=20312 phase=value_index_write slot=0 started_ns=1790162934983580000 ended_ns=1790162934983778792 elapsed_us=198 block_gets=0 block_puts=0 deleted=0
checkpoint_phase lsn=20312 phase=value_index_write slot=0 started_ns=1790162934983782000 ended_ns=1790162934983857042 elapsed_us=75 block_gets=0 block_puts=0 deleted=0
checkpoint_phase lsn=20312 phase=value_index_write slot=0 started_ns=1790162934983867000 ended_ns=1790162934983942292 elapsed_us=75 block_gets=0 block_puts=0 deleted=0
checkpoint_phase lsn=20312 phase=value_index_write slot=0 started_ns=1790162934983950000 ended_ns=1790162934984141000 elapsed_us=191 block_gets=0 block_puts=0 deleted=0
checkpoint_phase lsn=20312 phase=value_index_write slot=0 started_ns=1790162934984146000 ended_ns=1790162934984221542 elapsed_us=75 block_gets=0 block_puts=0 deleted=0
checkpoint_phase lsn=20312 phase=value_index_write slot=0 started_ns=1790162934984227000 ended_ns=1790162934984302000 elapsed_us=75 block_gets=0 block_puts=0 deleted=0
checkpoint_phase lsn=20312 phase=value_index_write slot=0 started_ns=1790162934984305000 ended_ns=1790162934984393208 elapsed_us=88 block_gets=0 block_puts=0 deleted=0
checkpoint_phase lsn=20312 phase=value_index_write slot=0 started_ns=1790162934984416000 ended_ns=1790162934997923708 elapsed_us=13507 block_gets=0 block_puts=1 deleted=0
checkpoint_phase lsn=20312 phase=value_index_write slot=0 started_ns=1790162934997949000 ended_ns=1790162934998021125 elapsed_us=72 block_gets=0 block_puts=0 deleted=0
checkpoint_phase lsn=20312 phase=value_index_write slot=0 started_ns=1790162934998026000 ended_ns=1790162935016062625 elapsed_us=18036 block_gets=0 block_puts=2 deleted=0
checkpoint_phase lsn=20312 phase=value_index_schedule slot=0 started_ns=1790162935016091000 ended_ns=1790162935016095000 elapsed_us=4 block_gets=0 block_puts=0 deleted=0
checkpoint_phase lsn=20312 phase=value_index_schedule slot=0 started_ns=1790162935016103000 ended_ns=1790162935016930667 elapsed_us=827 block_gets=0 block_puts=0 deleted=0
checkpoint_phase lsn=20312 phase=value_index_schedule slot=0 started_ns=1790162935016939000 ended_ns=1790162935018221000 elapsed_us=1282 block_gets=0 block_puts=0 deleted=0
checkpoint_phase lsn=20312 phase=value_index_schedule slot=0 started_ns=1790162935018232000 ended_ns=1790162935019478542 elapsed_us=1246 block_gets=0 block_puts=0 deleted=0
checkpoint_phase lsn=20312 phase=value_index_schedule slot=0 started_ns=1790162935019497000 ended_ns=1790162935022115708 elapsed_us=2618 block_gets=0 block_puts=0 deleted=0
checkpoint_phase lsn=20312 phase=value_index_schedule slot=0 started_ns=1790162935022147000 ended_ns=1790162935029279084 elapsed_us=7132 block_gets=0 block_puts=0 deleted=0
checkpoint_phase lsn=20312 phase=value_index_schedule slot=0 started_ns=1790162935029304000 ended_ns=1790162935029331500 elapsed_us=27 block_gets=0 block_puts=0 deleted=0
checkpoint_phase lsn=20312 phase=value_index_schedule slot=0 started_ns=1790162935029337000 ended_ns=1790162935029359833 elapsed_us=22 block_gets=0 block_puts=0 deleted=0
checkpoint_phase lsn=20312 phase=value_index_schedule slot=0 started_ns=1790162935029363000 ended_ns=1790162935029386458 elapsed_us=23 block_gets=0 block_puts=0 deleted=0
checkpoint_phase lsn=20312 phase=value_index_schedule slot=0 started_ns=1790162935029390000 ended_ns=1790162935041872500 elapsed_us=12482 block_gets=0 block_puts=1 deleted=0
checkpoint_phase lsn=20312 phase=value_index_schedule slot=0 started_ns=1790162935041886000 ended_ns=1790162935097502333 elapsed_us=55616 block_gets=0 block_puts=4 deleted=0
checkpoint_phase lsn=20312 phase=value_index_schedule slot=0 started_ns=1790162935097518000 ended_ns=1790162935100408208 elapsed_us=2890 block_gets=0 block_puts=0 deleted=0
checkpoint_phase lsn=20312 phase=value_index_schedule slot=0 started_ns=1790162935100429000 ended_ns=1790162935103221750 elapsed_us=2792 block_gets=0 block_puts=0 deleted=0
checkpoint_phase lsn=20312 phase=value_index_schedule slot=0 started_ns=1790162935103228000 ended_ns=1790162935105945542 elapsed_us=2717 block_gets=0 block_puts=0 deleted=0
checkpoint_phase lsn=20312 phase=value_index_schedule slot=0 started_ns=1790162935105951000 ended_ns=1790162935108630500 elapsed_us=2679 block_gets=0 block_puts=0 deleted=0
checkpoint_phase lsn=20312 phase=value_index_schedule slot=0 started_ns=1790162935108636000 ended_ns=1790162935110101917 elapsed_us=1465 block_gets=0 block_puts=0 deleted=0
checkpoint_phase lsn=20312 phase=value_index_schedule slot=0 started_ns=1790162935110127000 ended_ns=1790162935110153833 elapsed_us=26 block_gets=0 block_puts=0 deleted=0
checkpoint_phase lsn=20312 phase=value_index_schedule slot=0 started_ns=1790162935110159000 ended_ns=1790162935110181750 elapsed_us=22 block_gets=0 block_puts=0 deleted=0
checkpoint_phase lsn=20312 phase=value_index_schedule slot=0 started_ns=1790162935110186000 ended_ns=1790162935110209125 elapsed_us=23 block_gets=0 block_puts=0 deleted=0
checkpoint_phase lsn=20312 phase=value_index_schedule slot=0 started_ns=1790162935110212000 ended_ns=1790162935118562459 elapsed_us=8350 block_gets=0 block_puts=1 deleted=0
checkpoint_phase lsn=20312 phase=value_index_schedule slot=0 started_ns=1790162935118583000 ended_ns=1790162935132819708 elapsed_us=14236 block_gets=0 block_puts=4 deleted=0
checkpoint_phase lsn=20312 phase=value_index_schedule slot=0 started_ns=1790162935132835000 ended_ns=1790162935133421083 elapsed_us=586 block_gets=0 block_puts=0 deleted=0
checkpoint_phase lsn=20312 phase=value_index_schedule slot=0 started_ns=1790162935133432000 ended_ns=1790162935133594791 elapsed_us=162 block_gets=0 block_puts=0 deleted=0
checkpoint_phase lsn=20312 phase=value_index_schedule slot=0 started_ns=1790162935133602000 ended_ns=1790162935133746709 elapsed_us=144 block_gets=0 block_puts=0 deleted=0
checkpoint_phase lsn=20312 phase=value_index_schedule slot=0 started_ns=1790162935133750000 ended_ns=1790162935133993083 elapsed_us=243 block_gets=0 block_puts=0 deleted=0
checkpoint_phase lsn=20312 phase=value_index_schedule slot=0 started_ns=1790162935133997000 ended_ns=1790162935139489167 elapsed_us=5492 block_gets=0 block_puts=1 deleted=0
checkpoint_phase lsn=20312 phase=value_index_schedule slot=0 started_ns=1790162935139504000 ended_ns=1790162935139758583 elapsed_us=254 block_gets=0 block_puts=0 deleted=0
checkpoint_phase lsn=20312 phase=value_index_schedule slot=0 started_ns=1790162935139766000 ended_ns=1790162935140014500 elapsed_us=248 block_gets=0 block_puts=0 deleted=0
checkpoint_phase lsn=20312 phase=value_index_schedule slot=0 started_ns=1790162935140021000 ended_ns=1790162935143725084 elapsed_us=3704 block_gets=0 block_puts=1 deleted=0
checkpoint_phase lsn=20312 phase=value_index_schedule slot=0 started_ns=1790162935143751000 ended_ns=1790162935143992959 elapsed_us=241 block_gets=0 block_puts=0 deleted=0
checkpoint_phase lsn=20312 phase=value_index_schedule slot=0 started_ns=1790162935144001000 ended_ns=1790162935144031000 elapsed_us=30 block_gets=0 block_puts=0 deleted=0
checkpoint_phase lsn=20312 phase=value_index_schedule slot=0 started_ns=1790162935144035000 ended_ns=1790162935154724625 elapsed_us=10689 block_gets=0 block_puts=4 deleted=0
checkpoint_phase lsn=20312 phase=value_index_schedule slot=0 started_ns=1790162935154741000 ended_ns=1790162935157519333 elapsed_us=2778 block_gets=0 block_puts=0 deleted=0
checkpoint_phase lsn=20312 phase=value_index_schedule slot=0 started_ns=1790162935157534000 ended_ns=1790162935157828125 elapsed_us=294 block_gets=0 block_puts=0 deleted=0
checkpoint_phase lsn=20312 phase=value_index_schedule slot=0 started_ns=1790162935157833000 ended_ns=1790162935157861208 elapsed_us=28 block_gets=0 block_puts=0 deleted=0
checkpoint_phase lsn=20312 phase=value_index_schedule slot=0 started_ns=1790162935157865000 ended_ns=1790162935186107250 elapsed_us=28242 block_gets=0 block_puts=4 deleted=0
checkpoint_phase lsn=20312 phase=value_index_schedule slot=0 started_ns=1790162935186126000 ended_ns=1790162935186126375 elapsed_us=0 block_gets=0 block_puts=0 deleted=0
checkpoint_phase lsn=20312 phase=value_index_schedule slot=0 started_ns=1790162935186131000 ended_ns=1790162935186304125 elapsed_us=173 block_gets=0 block_puts=0 deleted=0
checkpoint_phase lsn=20312 phase=value_index_schedule slot=0 started_ns=1790162935186308000 ended_ns=1790162935186602375 elapsed_us=294 block_gets=0 block_puts=0 deleted=0
checkpoint_phase lsn=20312 phase=value_index_schedule slot=0 started_ns=1790162935186606000 ended_ns=1790162935186884583 elapsed_us=278 block_gets=0 block_puts=0 deleted=0
checkpoint_phase lsn=20312 phase=value_index_schedule slot=0 started_ns=1790162935186888000 ended_ns=1790162935187164084 elapsed_us=276 block_gets=0 block_puts=0 deleted=0
checkpoint_phase lsn=20312 phase=value_index_schedule slot=0 started_ns=1790162935187168000 ended_ns=1790162935205305291 elapsed_us=18137 block_gets=0 block_puts=1 deleted=0
checkpoint_phase lsn=20312 phase=value_index_schedule slot=0 started_ns=1790162935205324000 ended_ns=1790162935205596042 elapsed_us=272 block_gets=0 block_puts=0 deleted=0
checkpoint_phase lsn=20312 phase=value_index_schedule slot=0 started_ns=1790162935205600000 ended_ns=1790162935205871417 elapsed_us=271 block_gets=0 block_puts=0 deleted=0
checkpoint_phase lsn=20312 phase=value_index_schedule slot=0 started_ns=1790162935205878000 ended_ns=1790162935216788042 elapsed_us=10910 block_gets=0 block_puts=1 deleted=0
checkpoint_phase lsn=20312 phase=value_index_schedule slot=0 started_ns=1790162935216810000 ended_ns=1790162935217037375 elapsed_us=227 block_gets=0 block_puts=0 deleted=0
checkpoint_phase lsn=20312 phase=value_index_schedule slot=0 started_ns=1790162935217042000 ended_ns=1790162935217185084 elapsed_us=143 block_gets=0 block_puts=0 deleted=0
checkpoint_phase lsn=20312 phase=value_index_schedule slot=0 started_ns=1790162935217188000 ended_ns=1790162935225442084 elapsed_us=8254 block_gets=0 block_puts=1 deleted=0
checkpoint_phase lsn=20312 phase=value_index_schedule slot=0 started_ns=1790162935225455000 ended_ns=1790162935250574542 elapsed_us=25119 block_gets=0 block_puts=4 deleted=0
checkpoint_phase lsn=20312 phase=value_index_schedule slot=0 started_ns=1790162935250589000 ended_ns=1790162935250589208 elapsed_us=0 block_gets=0 block_puts=0 deleted=0
checkpoint_phase lsn=20312 phase=value_index_write slot=0 started_ns=1790162935250593000 ended_ns=1790162935250876917 elapsed_us=283 block_gets=0 block_puts=0 deleted=0
checkpoint_phase lsn=20312 phase=value_index_write slot=0 started_ns=1790162935250882000 ended_ns=1790162935251024375 elapsed_us=142 block_gets=0 block_puts=0 deleted=0
checkpoint_phase lsn=20312 phase=value_index_write slot=0 started_ns=1790162935251027000 ended_ns=1790162935251173708 elapsed_us=146 block_gets=0 block_puts=0 deleted=0
checkpoint_phase lsn=20312 phase=value_index_write slot=0 started_ns=1790162935251189000 ended_ns=1790162935251471333 elapsed_us=282 block_gets=0 block_puts=0 deleted=0
checkpoint_phase lsn=20312 phase=value_index_write slot=0 started_ns=1790162935251478000 ended_ns=1790162935251629166 elapsed_us=151 block_gets=0 block_puts=0 deleted=0
checkpoint_phase lsn=20312 phase=value_index_write slot=0 started_ns=1790162935251633000 ended_ns=1790162935265479958 elapsed_us=13846 block_gets=0 block_puts=1 deleted=0
checkpoint_phase lsn=20312 phase=value_index_write slot=0 started_ns=1790162935265497000 ended_ns=1790162935265788375 elapsed_us=291 block_gets=0 block_puts=0 deleted=0
checkpoint_phase lsn=20312 phase=value_index_write slot=0 started_ns=1790162935265802000 ended_ns=1790162935265952917 elapsed_us=150 block_gets=0 block_puts=0 deleted=0
checkpoint_phase lsn=20312 phase=value_index_write slot=0 started_ns=1790162935265957000 ended_ns=1790162935266110792 elapsed_us=153 block_gets=0 block_puts=0 deleted=0
checkpoint_phase lsn=20312 phase=value_index_write slot=0 started_ns=1790162935266117000 ended_ns=1790162935278431792 elapsed_us=12314 block_gets=0 block_puts=2 deleted=0
checkpoint_phase lsn=20312 phase=value_index_schedule slot=0 started_ns=1790162935278448000 ended_ns=1790162935278451625 elapsed_us=3 block_gets=0 block_puts=0 deleted=0
checkpoint_phase lsn=20312 phase=value_index_schedule slot=0 started_ns=1790162935278462000 ended_ns=1790162935279347833 elapsed_us=885 block_gets=0 block_puts=0 deleted=0
checkpoint_phase lsn=20312 phase=value_index_schedule slot=0 started_ns=1790162935279370000 ended_ns=1790162935280676625 elapsed_us=1306 block_gets=0 block_puts=0 deleted=0
checkpoint_phase lsn=20312 phase=value_index_schedule slot=0 started_ns=1790162935280692000 ended_ns=1790162935281855917 elapsed_us=1163 block_gets=0 block_puts=0 deleted=0
checkpoint_phase lsn=20312 phase=value_index_schedule slot=0 started_ns=1790162935281880000 ended_ns=1790162935284496917 elapsed_us=2616 block_gets=0 block_puts=0 deleted=0
checkpoint_phase lsn=20312 phase=value_index_schedule slot=0 started_ns=1790162935284510000 ended_ns=1790162935294633416 elapsed_us=10123 block_gets=0 block_puts=0 deleted=0
checkpoint_phase lsn=20312 phase=value_index_schedule slot=0 started_ns=1790162935294660000 ended_ns=1790162935294699583 elapsed_us=39 block_gets=0 block_puts=0 deleted=0
checkpoint_phase lsn=20312 phase=value_index_schedule slot=0 started_ns=1790162935294708000 ended_ns=1790162935294730792 elapsed_us=22 block_gets=0 block_puts=0 deleted=0
checkpoint_phase lsn=20312 phase=value_index_schedule slot=0 started_ns=1790162935294735000 ended_ns=1790162935294758917 elapsed_us=23 block_gets=0 block_puts=0 deleted=0
checkpoint_phase lsn=20312 phase=value_index_schedule slot=0 started_ns=1790162935294763000 ended_ns=1790162935302522708 elapsed_us=7759 block_gets=0 block_puts=1 deleted=0
checkpoint_phase lsn=20312 phase=value_index_schedule slot=0 started_ns=1790162935302538000 ended_ns=1790162935322308042 elapsed_us=19770 block_gets=0 block_puts=4 deleted=0
checkpoint_phase lsn=20312 phase=value_index_schedule slot=0 started_ns=1790162935322324000 ended_ns=1790162935325156708 elapsed_us=2832 block_gets=0 block_puts=0 deleted=0
checkpoint_phase lsn=20312 phase=value_index_schedule slot=0 started_ns=1790162935325163000 ended_ns=1790162935327923042 elapsed_us=2760 block_gets=0 block_puts=0 deleted=0
checkpoint_phase lsn=20312 phase=value_index_schedule slot=0 started_ns=1790162935327929000 ended_ns=1790162935330777375 elapsed_us=2848 block_gets=0 block_puts=0 deleted=0
checkpoint_phase lsn=20312 phase=value_index_schedule slot=0 started_ns=1790162935330804000 ended_ns=1790162935333537958 elapsed_us=2733 block_gets=0 block_puts=0 deleted=0
checkpoint_phase lsn=20312 phase=value_index_schedule slot=0 started_ns=1790162935333547000 ended_ns=1790162935335014541 elapsed_us=1467 block_gets=0 block_puts=0 deleted=0
checkpoint_phase lsn=20312 phase=value_index_schedule slot=0 started_ns=1790162935335020000 ended_ns=1790162935335046792 elapsed_us=26 block_gets=0 block_puts=0 deleted=0
checkpoint_phase lsn=20312 phase=value_index_schedule slot=0 started_ns=1790162935335085000 ended_ns=1790162935335107416 elapsed_us=22 block_gets=0 block_puts=0 deleted=0
checkpoint_phase lsn=20312 phase=value_index_schedule slot=0 started_ns=1790162935335112000 ended_ns=1790162935335134375 elapsed_us=22 block_gets=0 block_puts=0 deleted=0
checkpoint_phase lsn=20312 phase=value_index_schedule slot=0 started_ns=1790162935335138000 ended_ns=1790162935347683083 elapsed_us=12545 block_gets=0 block_puts=1 deleted=0
checkpoint_phase lsn=20312 phase=value_index_schedule slot=0 started_ns=1790162935347697000 ended_ns=1790162935380906500 elapsed_us=33209 block_gets=0 block_puts=4 deleted=0
checkpoint_phase lsn=20312 phase=value_index_schedule slot=0 started_ns=1790162935380925000 ended_ns=1790162935381527625 elapsed_us=602 block_gets=0 block_puts=0 deleted=0
checkpoint_phase lsn=20312 phase=value_index_schedule slot=0 started_ns=1790162935381558000 ended_ns=1790162935381780375 elapsed_us=222 block_gets=0 block_puts=0 deleted=0
checkpoint_phase lsn=20312 phase=value_index_schedule slot=0 started_ns=1790162935381789000 ended_ns=1790162935381999209 elapsed_us=210 block_gets=0 block_puts=0 deleted=0
checkpoint_phase lsn=20312 phase=value_index_schedule slot=0 started_ns=1790162935382006000 ended_ns=1790162935382306417 elapsed_us=300 block_gets=0 block_puts=0 deleted=0
checkpoint_phase lsn=20312 phase=value_index_schedule slot=0 started_ns=1790162935382311000 ended_ns=1790162935395826042 elapsed_us=13515 block_gets=0 block_puts=1 deleted=0
checkpoint_phase lsn=20312 phase=value_index_schedule slot=0 started_ns=1790162935395845000 ended_ns=1790162935396155875 elapsed_us=310 block_gets=0 block_puts=0 deleted=0
checkpoint_phase lsn=20312 phase=value_index_schedule slot=0 started_ns=1790162935396160000 ended_ns=1790162935396470583 elapsed_us=310 block_gets=0 block_puts=0 deleted=0
checkpoint_phase lsn=20312 phase=value_index_schedule slot=0 started_ns=1790162935396480000 ended_ns=1790162935410216250 elapsed_us=13736 block_gets=0 block_puts=1 deleted=0
checkpoint_phase lsn=20312 phase=value_index_schedule slot=0 started_ns=1790162935410237000 ended_ns=1790162935410487875 elapsed_us=250 block_gets=0 block_puts=0 deleted=0
checkpoint_phase lsn=20312 phase=value_index_schedule slot=0 started_ns=1790162935410496000 ended_ns=1790162935410523042 elapsed_us=27 block_gets=0 block_puts=0 deleted=0
checkpoint_phase lsn=20312 phase=value_index_schedule slot=0 started_ns=1790162935410530000 ended_ns=1790162935440190959 elapsed_us=29660 block_gets=0 block_puts=4 deleted=0
checkpoint_phase lsn=20312 phase=value_index_schedule slot=0 started_ns=1790162935440208000 ended_ns=1790162935442976417 elapsed_us=2768 block_gets=0 block_puts=0 deleted=0
checkpoint_phase lsn=20312 phase=value_index_schedule slot=0 started_ns=1790162935442983000 ended_ns=1790162935443494167 elapsed_us=511 block_gets=0 block_puts=0 deleted=0
checkpoint_phase lsn=20312 phase=value_index_schedule slot=0 started_ns=1790162935443499000 ended_ns=1790162935443526750 elapsed_us=27 block_gets=0 block_puts=0 deleted=0
checkpoint_phase lsn=20312 phase=value_index_schedule slot=0 started_ns=1790162935443530000 ended_ns=1790162935458341916 elapsed_us=14811 block_gets=0 block_puts=4 deleted=0
checkpoint_phase lsn=20312 phase=value_index_schedule slot=0 started_ns=1790162935458357000 ended_ns=1790162935458357333 elapsed_us=0 block_gets=0 block_puts=0 deleted=0
checkpoint_phase lsn=20312 phase=value_index_schedule slot=0 started_ns=1790162935458362000 ended_ns=1790162935458534375 elapsed_us=172 block_gets=0 block_puts=0 deleted=0
checkpoint_phase lsn=20312 phase=value_index_schedule slot=0 started_ns=1790162935458537000 ended_ns=1790162935458882833 elapsed_us=345 block_gets=0 block_puts=0 deleted=0
checkpoint_phase lsn=20312 phase=value_index_schedule slot=0 started_ns=1790162935458891000 ended_ns=1790162935459229291 elapsed_us=338 block_gets=0 block_puts=0 deleted=0
checkpoint_phase lsn=20312 phase=value_index_schedule slot=0 started_ns=1790162935459235000 ended_ns=1790162935459572750 elapsed_us=337 block_gets=0 block_puts=0 deleted=0
checkpoint_phase lsn=20312 phase=value_index_schedule slot=0 started_ns=1790162935459610000 ended_ns=1790162935465102292 elapsed_us=5492 block_gets=0 block_puts=1 deleted=0
checkpoint_phase lsn=20312 phase=value_index_schedule slot=0 started_ns=1790162935465131000 ended_ns=1790162935465473792 elapsed_us=342 block_gets=0 block_puts=0 deleted=0
checkpoint_phase lsn=20312 phase=value_index_schedule slot=0 started_ns=1790162935465483000 ended_ns=1790162935465818958 elapsed_us=335 block_gets=0 block_puts=0 deleted=0
checkpoint_phase lsn=20312 phase=value_index_schedule slot=0 started_ns=1790162935465824000 ended_ns=1790162935471100500 elapsed_us=5276 block_gets=0 block_puts=1 deleted=0
checkpoint_phase lsn=20312 phase=value_index_schedule slot=0 started_ns=1790162935471120000 ended_ns=1790162935471409583 elapsed_us=289 block_gets=0 block_puts=0 deleted=0
checkpoint_phase lsn=20312 phase=value_index_schedule slot=0 started_ns=1790162935471415000 ended_ns=1790162935471577708 elapsed_us=162 block_gets=0 block_puts=0 deleted=0
checkpoint_phase lsn=20312 phase=value_index_schedule slot=0 started_ns=1790162935471584000 ended_ns=1790162935476210625 elapsed_us=4626 block_gets=0 block_puts=1 deleted=0
checkpoint_phase lsn=20312 phase=value_index_schedule slot=0 started_ns=1790162935476226000 ended_ns=1790162935488327333 elapsed_us=12101 block_gets=0 block_puts=4 deleted=0
checkpoint_phase lsn=20312 phase=value_index_schedule slot=0 started_ns=1790162935488342000 ended_ns=1790162935488342292 elapsed_us=0 block_gets=0 block_puts=0 deleted=0
checkpoint_phase lsn=20312 phase=value_index_write slot=0 started_ns=1790162935488347000 ended_ns=1790162935500950708 elapsed_us=12603 block_gets=0 block_puts=4 deleted=0
checkpoint_phase lsn=20312 phase=value_index_write slot=0 started_ns=1790162935500965000 ended_ns=1790162935525222542 elapsed_us=24257 block_gets=0 block_puts=4 deleted=0
checkpoint_phase lsn=20312 phase=value_index_write slot=0 started_ns=1790162935525241000 ended_ns=1790162935555160042 elapsed_us=29919 block_gets=0 block_puts=4 deleted=0
checkpoint_phase lsn=20312 phase=value_index_write slot=0 started_ns=1790162935555175000 ended_ns=1790162935588670834 elapsed_us=33495 block_gets=0 block_puts=4 deleted=0
checkpoint_phase lsn=20312 phase=value_index_write slot=0 started_ns=1790162935588684000 ended_ns=1790162935620324500 elapsed_us=31640 block_gets=0 block_puts=4 deleted=0
checkpoint_phase lsn=20312 phase=value_index_write slot=0 started_ns=1790162935620339000 ended_ns=1790162935649694875 elapsed_us=29355 block_gets=0 block_puts=4 deleted=0
checkpoint_phase lsn=20312 phase=value_index_write slot=0 started_ns=1790162935649711000 ended_ns=1790162935660112083 elapsed_us=10401 block_gets=0 block_puts=4 deleted=0
checkpoint_phase lsn=20312 phase=value_index_write slot=0 started_ns=1790162935660127000 ended_ns=1790162935674635291 elapsed_us=14508 block_gets=0 block_puts=4 deleted=0
checkpoint_phase lsn=20312 phase=value_index_write slot=0 started_ns=1790162935674651000 ended_ns=1790162935687786958 elapsed_us=13135 block_gets=0 block_puts=4 deleted=0
checkpoint_phase lsn=20312 phase=value_index_write slot=0 started_ns=1790162935687816000 ended_ns=1790162935707365833 elapsed_us=19549 block_gets=0 block_puts=4 deleted=0
checkpoint_phase lsn=20312 phase=value_index_write slot=0 started_ns=1790162935707381000 ended_ns=1790162935735829500 elapsed_us=28448 block_gets=0 block_puts=4 deleted=0
checkpoint_phase lsn=20312 phase=value_index_write slot=0 started_ns=1790162935735849000 ended_ns=1790162935765075750 elapsed_us=29226 block_gets=0 block_puts=4 deleted=0
checkpoint_phase lsn=20312 phase=value_index_write slot=0 started_ns=1790162935765094000 ended_ns=1790162935787709792 elapsed_us=22615 block_gets=0 block_puts=4 deleted=0
checkpoint_phase lsn=20312 phase=value_index_write slot=0 started_ns=1790162935787726000 ended_ns=1790162935802793542 elapsed_us=15067 block_gets=0 block_puts=4 deleted=0
checkpoint_phase lsn=20312 phase=value_index_write slot=0 started_ns=1790162935802809000 ended_ns=1790162935819444583 elapsed_us=16635 block_gets=0 block_puts=5 deleted=0
checkpoint_phase lsn=20312 phase=value_index_schedule slot=0 started_ns=1790162935819473000 ended_ns=1790162935819476875 elapsed_us=3 block_gets=0 block_puts=0 deleted=0
checkpoint_phase lsn=20312 phase=value_index_schedule slot=0 started_ns=1790162935819482000 ended_ns=1790162935820306750 elapsed_us=824 block_gets=0 block_puts=0 deleted=0
checkpoint_phase lsn=20312 phase=value_index_schedule slot=0 started_ns=1790162935820318000 ended_ns=1790162935821700583 elapsed_us=1382 block_gets=0 block_puts=0 deleted=0
checkpoint_phase lsn=20312 phase=value_index_schedule slot=0 started_ns=1790162935821717000 ended_ns=1790162935822963666 elapsed_us=1246 block_gets=0 block_puts=0 deleted=0
checkpoint_phase lsn=20312 phase=value_index_schedule slot=0 started_ns=1790162935822974000 ended_ns=1790162935834320583 elapsed_us=11346 block_gets=0 block_puts=0 deleted=0
checkpoint_phase lsn=20312 phase=value_index_schedule slot=0 started_ns=1790162935834358000 ended_ns=1790162935834384458 elapsed_us=26 block_gets=0 block_puts=0 deleted=0
checkpoint_phase lsn=20312 phase=value_index_schedule slot=0 started_ns=1790162935834390000 ended_ns=1790162935834414917 elapsed_us=24 block_gets=0 block_puts=0 deleted=0
checkpoint_phase lsn=20312 phase=value_index_schedule slot=0 started_ns=1790162935834420000 ended_ns=1790162935839552292 elapsed_us=5132 block_gets=0 block_puts=1 deleted=0
checkpoint_phase lsn=20312 phase=value_index_schedule slot=0 started_ns=1790162935839569000 ended_ns=1790162935873232375 elapsed_us=33663 block_gets=0 block_puts=4 deleted=0
checkpoint_phase lsn=20312 phase=value_index_schedule slot=0 started_ns=1790162935873250000 ended_ns=1790162935876070750 elapsed_us=2820 block_gets=0 block_puts=0 deleted=0
checkpoint_phase lsn=20312 phase=value_index_schedule slot=0 started_ns=1790162935876083000 ended_ns=1790162935878933834 elapsed_us=2850 block_gets=0 block_puts=0 deleted=0
checkpoint_phase lsn=20312 phase=value_index_schedule slot=0 started_ns=1790162935878954000 ended_ns=1790162935881710792 elapsed_us=2756 block_gets=0 block_puts=0 deleted=0
checkpoint_phase lsn=20312 phase=value_index_schedule slot=0 started_ns=1790162935881720000 ended_ns=1790162935883696792 elapsed_us=1976 block_gets=0 block_puts=0 deleted=0
checkpoint_phase lsn=20312 phase=value_index_schedule slot=0 started_ns=1790162935883705000 ended_ns=1790162935883731666 elapsed_us=26 block_gets=0 block_puts=0 deleted=0
checkpoint_phase lsn=20312 phase=value_index_schedule slot=0 started_ns=1790162935883735000 ended_ns=1790162935883756417 elapsed_us=21 block_gets=0 block_puts=0 deleted=0
checkpoint_phase lsn=20312 phase=value_index_schedule slot=0 started_ns=1790162935883760000 ended_ns=1790162935891766625 elapsed_us=8006 block_gets=0 block_puts=1 deleted=0
checkpoint_phase lsn=20312 phase=value_index_schedule slot=0 started_ns=1790162935891787000 ended_ns=1790162935922647000 elapsed_us=30860 block_gets=0 block_puts=4 deleted=0
checkpoint_phase lsn=20312 phase=value_index_schedule slot=0 started_ns=1790162935922663000 ended_ns=1790162935923436041 elapsed_us=773 block_gets=0 block_puts=0 deleted=0
checkpoint_phase lsn=20312 phase=value_index_schedule slot=0 started_ns=1790162935923441000 ended_ns=1790162935923747625 elapsed_us=306 block_gets=0 block_puts=0 deleted=0
checkpoint_phase lsn=20312 phase=value_index_schedule slot=0 started_ns=1790162935923751000 ended_ns=1790162935924200000 elapsed_us=449 block_gets=0 block_puts=0 deleted=0
checkpoint_phase lsn=20312 phase=value_index_schedule slot=0 started_ns=1790162935924204000 ended_ns=1790162935937026708 elapsed_us=12822 block_gets=0 block_puts=1 deleted=0
checkpoint_phase lsn=20312 phase=value_index_schedule slot=0 started_ns=1790162935937049000 ended_ns=1790162935937513625 elapsed_us=464 block_gets=0 block_puts=0 deleted=0
checkpoint_phase lsn=20312 phase=value_index_schedule slot=0 started_ns=1790162935937523000 ended_ns=1790162935938013791 elapsed_us=490 block_gets=0 block_puts=0 deleted=0
checkpoint_phase lsn=20312 phase=value_index_schedule slot=0 started_ns=1790162935938045000 ended_ns=1790162935942767334 elapsed_us=4722 block_gets=0 block_puts=1 deleted=0
checkpoint_phase lsn=20312 phase=value_index_schedule slot=0 started_ns=1790162935942778000 ended_ns=1790162935942956000 elapsed_us=178 block_gets=0 block_puts=0 deleted=0
checkpoint_phase lsn=20312 phase=value_index_schedule slot=0 started_ns=1790162935942961000 ended_ns=1790162935957020042 elapsed_us=14059 block_gets=0 block_puts=4 deleted=0
checkpoint_phase lsn=20312 phase=value_index_schedule slot=0 started_ns=1790162935957036000 ended_ns=1790162935959838083 elapsed_us=2802 block_gets=0 block_puts=0 deleted=0
checkpoint_phase lsn=20312 phase=value_index_schedule slot=0 started_ns=1790162935959850000 ended_ns=1790162935962729750 elapsed_us=2879 block_gets=0 block_puts=0 deleted=0
checkpoint_phase lsn=20312 phase=value_index_schedule slot=0 started_ns=1790162935962750000 ended_ns=1790162935966228625 elapsed_us=3478 block_gets=0 block_puts=0 deleted=0
checkpoint_phase lsn=20312 phase=value_index_schedule slot=0 started_ns=1790162935966258000 ended_ns=1790162935966284250 elapsed_us=26 block_gets=0 block_puts=0 deleted=0
checkpoint_phase lsn=20312 phase=value_index_schedule slot=0 started_ns=1790162935966291000 ended_ns=1790162935966312542 elapsed_us=21 block_gets=0 block_puts=0 deleted=0
checkpoint_phase lsn=20312 phase=value_index_schedule slot=0 started_ns=1790162935966316000 ended_ns=1790162935971210583 elapsed_us=4894 block_gets=0 block_puts=1 deleted=0
checkpoint_phase lsn=20312 phase=value_index_schedule slot=0 started_ns=1790162935971226000 ended_ns=1790162935982255792 elapsed_us=11029 block_gets=0 block_puts=4 deleted=0
checkpoint_phase lsn=20312 phase=value_index_schedule slot=0 started_ns=1790162935982272000 ended_ns=1790162935982272417 elapsed_us=0 block_gets=0 block_puts=0 deleted=0
checkpoint_phase lsn=20312 phase=value_index_schedule slot=0 started_ns=1790162935982276000 ended_ns=1790162935983051666 elapsed_us=775 block_gets=0 block_puts=0 deleted=0
checkpoint_phase lsn=20312 phase=value_index_schedule slot=0 started_ns=1790162935983063000 ended_ns=1790162935983552458 elapsed_us=489 block_gets=0 block_puts=0 deleted=0
checkpoint_phase lsn=20312 phase=value_index_schedule slot=0 started_ns=1790162935983561000 ended_ns=1790162935984042750 elapsed_us=481 block_gets=0 block_puts=0 deleted=0
checkpoint_phase lsn=20312 phase=value_index_schedule slot=0 started_ns=1790162935984049000 ended_ns=1790162936005690209 elapsed_us=21641 block_gets=0 block_puts=1 deleted=0
checkpoint_phase lsn=20312 phase=value_index_schedule slot=0 started_ns=1790162936005715000 ended_ns=1790162936006219375 elapsed_us=504 block_gets=0 block_puts=0 deleted=0
checkpoint_phase lsn=20312 phase=value_index_schedule slot=0 started_ns=1790162936006225000 ended_ns=1790162936006714334 elapsed_us=489 block_gets=0 block_puts=0 deleted=0
checkpoint_phase lsn=20312 phase=value_index_schedule slot=0 started_ns=1790162936006723000 ended_ns=1790162936024657125 elapsed_us=17934 block_gets=0 block_puts=1 deleted=0
checkpoint_phase lsn=20312 phase=value_index_schedule slot=0 started_ns=1790162936024675000 ended_ns=1790162936024975042 elapsed_us=300 block_gets=0 block_puts=0 deleted=0
checkpoint_phase lsn=20312 phase=value_index_schedule slot=0 started_ns=1790162936024982000 ended_ns=1790162936025286583 elapsed_us=304 block_gets=0 block_puts=0 deleted=0
checkpoint_phase lsn=20312 phase=value_index_schedule slot=0 started_ns=1790162936025292000 ended_ns=1790162936043218875 elapsed_us=17926 block_gets=0 block_puts=1 deleted=0
checkpoint_phase lsn=20312 phase=value_index_schedule slot=0 started_ns=1790162936043237000 ended_ns=1790162936043339500 elapsed_us=102 block_gets=0 block_puts=0 deleted=0
checkpoint_phase lsn=20312 phase=value_index_schedule slot=0 started_ns=1790162936043345000 ended_ns=1790162936075669833 elapsed_us=32324 block_gets=0 block_puts=4 deleted=0
checkpoint_phase lsn=20312 phase=value_index_schedule slot=0 started_ns=1790162936075689000 ended_ns=1790162936075689291 elapsed_us=0 block_gets=0 block_puts=0 deleted=0
checkpoint_phase lsn=20312 phase=value_index_write slot=0 started_ns=1790162936075710000 ended_ns=1790162936101641042 elapsed_us=25931 block_gets=0 block_puts=4 deleted=0
checkpoint_phase lsn=20312 phase=value_index_write slot=0 started_ns=1790162936101656000 ended_ns=1790162936125041833 elapsed_us=23385 block_gets=0 block_puts=4 deleted=0
checkpoint_phase lsn=20312 phase=value_index_write slot=0 started_ns=1790162936125056000 ended_ns=1790162936141678750 elapsed_us=16622 block_gets=0 block_puts=4 deleted=0
checkpoint_phase lsn=20312 phase=value_index_write slot=0 started_ns=1790162936141697000 ended_ns=1790162936158821542 elapsed_us=17124 block_gets=0 block_puts=4 deleted=0
checkpoint_phase lsn=20312 phase=value_index_write slot=0 started_ns=1790162936158844000 ended_ns=1790162936173736375 elapsed_us=14892 block_gets=0 block_puts=4 deleted=0
checkpoint_phase lsn=20312 phase=value_index_write slot=0 started_ns=1790162936173755000 ended_ns=1790162936189983792 elapsed_us=16228 block_gets=0 block_puts=4 deleted=0
checkpoint_phase lsn=20312 phase=value_index_write slot=0 started_ns=1790162936190001000 ended_ns=1790162936212054416 elapsed_us=22053 block_gets=0 block_puts=4 deleted=0
checkpoint_phase lsn=20312 phase=value_index_write slot=0 started_ns=1790162936212071000 ended_ns=1790162936238970542 elapsed_us=26899 block_gets=0 block_puts=4 deleted=0
checkpoint_phase lsn=20312 phase=value_index_write slot=0 started_ns=1790162936238987000 ended_ns=1790162936274987959 elapsed_us=36000 block_gets=0 block_puts=4 deleted=0
checkpoint_phase lsn=20312 phase=value_index_write slot=0 started_ns=1790162936275008000 ended_ns=1790162936291471917 elapsed_us=16463 block_gets=0 block_puts=4 deleted=0
checkpoint_phase lsn=20312 phase=value_index_write slot=0 started_ns=1790162936291488000 ended_ns=1790162936308803250 elapsed_us=17315 block_gets=0 block_puts=4 deleted=0
checkpoint_phase lsn=20312 phase=value_index_write slot=0 started_ns=1790162936308821000 ended_ns=1790162936322216292 elapsed_us=13395 block_gets=0 block_puts=4 deleted=0
checkpoint_phase lsn=20312 phase=value_index_write slot=0 started_ns=1790162936322234000 ended_ns=1790162936357255000 elapsed_us=35021 block_gets=0 block_puts=4 deleted=0
checkpoint_phase lsn=20312 phase=value_index_write slot=0 started_ns=1790162936357272000 ended_ns=1790162936392481584 elapsed_us=35209 block_gets=0 block_puts=4 deleted=0
checkpoint_phase lsn=20312 phase=value_index_write slot=0 started_ns=1790162936392497000 ended_ns=1790162936419189000 elapsed_us=26692 block_gets=0 block_puts=4 deleted=0
checkpoint_phase lsn=20312 phase=value_index_write slot=0 started_ns=1790162936419212000 ended_ns=1790162936433012958 elapsed_us=13800 block_gets=0 block_puts=4 deleted=0
checkpoint_phase lsn=20312 phase=value_index_write slot=0 started_ns=1790162936433031000 ended_ns=1790162936445167167 elapsed_us=12136 block_gets=0 block_puts=4 deleted=0
checkpoint_phase lsn=20312 phase=value_index_write slot=0 started_ns=1790162936445185000 ended_ns=1790162936458842125 elapsed_us=13657 block_gets=0 block_puts=4 deleted=0
checkpoint_phase lsn=20312 phase=value_index_write slot=0 started_ns=1790162936458859000 ended_ns=1790162936479767458 elapsed_us=20908 block_gets=0 block_puts=4 deleted=0
checkpoint_phase lsn=20312 phase=value_index_write slot=0 started_ns=1790162936479788000 ended_ns=1790162936517858125 elapsed_us=38070 block_gets=0 block_puts=6 deleted=0
checkpoint_phase lsn=20312 phase=value_index_schedule slot=0 started_ns=1790162936517884000 ended_ns=1790162936517887625 elapsed_us=3 block_gets=0 block_puts=0 deleted=0
checkpoint_phase lsn=20312 phase=value_index_schedule slot=0 started_ns=1790162936517893000 ended_ns=1790162936518732458 elapsed_us=839 block_gets=0 block_puts=0 deleted=0
checkpoint_phase lsn=20312 phase=value_index_schedule slot=0 started_ns=1790162936518741000 ended_ns=1790162936520117583 elapsed_us=1376 block_gets=0 block_puts=0 deleted=0
checkpoint_phase lsn=20312 phase=value_index_schedule slot=0 started_ns=1790162936520132000 ended_ns=1790162936521323500 elapsed_us=1191 block_gets=0 block_puts=0 deleted=0
checkpoint_phase lsn=20312 phase=value_index_schedule slot=0 started_ns=1790162936521353000 ended_ns=1790162936523970000 elapsed_us=2617 block_gets=0 block_puts=0 deleted=0
checkpoint_phase lsn=20312 phase=value_index_schedule slot=0 started_ns=1790162936523991000 ended_ns=1790162936527944750 elapsed_us=3953 block_gets=0 block_puts=0 deleted=0
checkpoint_phase lsn=20312 phase=value_index_schedule slot=0 started_ns=1790162936527954000 ended_ns=1790162936527982750 elapsed_us=28 block_gets=0 block_puts=0 deleted=0
checkpoint_phase lsn=20312 phase=value_index_schedule slot=0 started_ns=1790162936527987000 ended_ns=1790162936528010084 elapsed_us=23 block_gets=0 block_puts=0 deleted=0
checkpoint_phase lsn=20312 phase=value_index_schedule slot=0 started_ns=1790162936528014000 ended_ns=1790162936528037084 elapsed_us=23 block_gets=0 block_puts=0 deleted=0
checkpoint_phase lsn=20312 phase=value_index_schedule slot=0 started_ns=1790162936528041000 ended_ns=1790162936540409375 elapsed_us=12368 block_gets=0 block_puts=1 deleted=0
checkpoint_phase lsn=20312 phase=value_index_schedule slot=0 started_ns=1790162936540426000 ended_ns=1790162936569493875 elapsed_us=29067 block_gets=0 block_puts=4 deleted=0
checkpoint_phase lsn=20312 phase=value_index_schedule slot=0 started_ns=1790162936569512000 ended_ns=1790162936572488584 elapsed_us=2976 block_gets=0 block_puts=0 deleted=0
checkpoint_phase lsn=20312 phase=value_index_schedule slot=0 started_ns=1790162936572516000 ended_ns=1790162936575318084 elapsed_us=2802 block_gets=0 block_puts=0 deleted=0
checkpoint_phase lsn=20312 phase=value_index_schedule slot=0 started_ns=1790162936575332000 ended_ns=1790162936578221792 elapsed_us=2889 block_gets=0 block_puts=0 deleted=0
checkpoint_phase lsn=20312 phase=value_index_schedule slot=0 started_ns=1790162936578249000 ended_ns=1790162936581057084 elapsed_us=2808 block_gets=0 block_puts=0 deleted=0
checkpoint_phase lsn=20312 phase=value_index_schedule slot=0 started_ns=1790162936581068000 ended_ns=1790162936581893000 elapsed_us=825 block_gets=0 block_puts=0 deleted=0
checkpoint_phase lsn=20312 phase=value_index_schedule slot=0 started_ns=1790162936581902000 ended_ns=1790162936581930583 elapsed_us=28 block_gets=0 block_puts=0 deleted=0
checkpoint_phase lsn=20312 phase=value_index_schedule slot=0 started_ns=1790162936581938000 ended_ns=1790162936581961167 elapsed_us=23 block_gets=0 block_puts=0 deleted=0
checkpoint_phase lsn=20312 phase=value_index_schedule slot=0 started_ns=1790162936581964000 ended_ns=1790162936581987125 elapsed_us=23 block_gets=0 block_puts=0 deleted=0
checkpoint_phase lsn=20312 phase=value_index_schedule slot=0 started_ns=1790162936581998000 ended_ns=1790162936587025833 elapsed_us=5027 block_gets=0 block_puts=1 deleted=0
checkpoint_phase lsn=20312 phase=value_index_schedule slot=0 started_ns=1790162936587047000 ended_ns=1790162936601208875 elapsed_us=14161 block_gets=0 block_puts=4 deleted=0
checkpoint_phase lsn=20312 phase=value_index_schedule slot=0 started_ns=1790162936601226000 ended_ns=1790162936601961833 elapsed_us=735 block_gets=0 block_puts=0 deleted=0
checkpoint_phase lsn=20312 phase=value_index_schedule slot=0 started_ns=1790162936601970000 ended_ns=1790162936602090542 elapsed_us=120 block_gets=0 block_puts=0 deleted=0
checkpoint_phase lsn=20312 phase=value_index_schedule slot=0 started_ns=1790162936602095000 ended_ns=1790162936602206500 elapsed_us=111 block_gets=0 block_puts=0 deleted=0
checkpoint_phase lsn=20312 phase=value_index_schedule slot=0 started_ns=1790162936602210000 ended_ns=1790162936602427458 elapsed_us=217 block_gets=0 block_puts=0 deleted=0
checkpoint_phase lsn=20312 phase=value_index_schedule slot=0 started_ns=1790162936602431000 ended_ns=1790162936609533917 elapsed_us=7102 block_gets=0 block_puts=1 deleted=0
checkpoint_phase lsn=20312 phase=value_index_schedule slot=0 started_ns=1790162936609557000 ended_ns=1790162936609779084 elapsed_us=222 block_gets=0 block_puts=0 deleted=0
checkpoint_phase lsn=20312 phase=value_index_schedule slot=0 started_ns=1790162936609789000 ended_ns=1790162936610041583 elapsed_us=252 block_gets=0 block_puts=0 deleted=0
checkpoint_phase lsn=20312 phase=value_index_schedule slot=0 started_ns=1790162936610068000 ended_ns=1790162936619752125 elapsed_us=9684 block_gets=0 block_puts=1 deleted=0
checkpoint_phase lsn=20312 phase=value_index_schedule slot=0 started_ns=1790162936619767000 ended_ns=1790162936619987292 elapsed_us=220 block_gets=0 block_puts=0 deleted=0
checkpoint_phase lsn=20312 phase=value_index_schedule slot=0 started_ns=1790162936619999000 ended_ns=1790162936620018250 elapsed_us=19 block_gets=0 block_puts=0 deleted=0
checkpoint_phase lsn=20312 phase=value_index_schedule slot=0 started_ns=1790162936620024000 ended_ns=1790162936658441458 elapsed_us=38417 block_gets=0 block_puts=4 deleted=0
checkpoint_phase lsn=20312 phase=value_index_schedule slot=0 started_ns=1790162936658459000 ended_ns=1790162936661256708 elapsed_us=2797 block_gets=0 block_puts=0 deleted=0
checkpoint_phase lsn=20312 phase=value_index_schedule slot=0 started_ns=1790162936661280000 ended_ns=1790162936662404291 elapsed_us=1124 block_gets=0 block_puts=0 deleted=0
checkpoint_phase lsn=20312 phase=value_index_schedule slot=0 started_ns=1790162936662412000 ended_ns=1790162936662439500 elapsed_us=27 block_gets=0 block_puts=0 deleted=0
checkpoint_phase lsn=20312 phase=value_index_schedule slot=0 started_ns=1790162936662444000 ended_ns=1790162936700214667 elapsed_us=37770 block_gets=0 block_puts=4 deleted=0
checkpoint_phase lsn=20312 phase=value_index_schedule slot=0 started_ns=1790162936700233000 ended_ns=1790162936700233375 elapsed_us=0 block_gets=0 block_puts=0 deleted=0
checkpoint_phase lsn=20312 phase=value_index_schedule slot=0 started_ns=1790162936700238000 ended_ns=1790162936700454292 elapsed_us=216 block_gets=0 block_puts=0 deleted=0
checkpoint_phase lsn=20312 phase=value_index_schedule slot=0 started_ns=1790162936700462000 ended_ns=1790162936700730958 elapsed_us=268 block_gets=0 block_puts=0 deleted=0
checkpoint_phase lsn=20312 phase=value_index_schedule slot=0 started_ns=1790162936700738000 ended_ns=1790162936700995500 elapsed_us=257 block_gets=0 block_puts=0 deleted=0
checkpoint_phase lsn=20312 phase=value_index_schedule slot=0 started_ns=1790162936700998000 ended_ns=1790162936701255333 elapsed_us=257 block_gets=0 block_puts=0 deleted=0
checkpoint_phase lsn=20312 phase=value_index_schedule slot=0 started_ns=1790162936701259000 ended_ns=1790162936720442708 elapsed_us=19183 block_gets=0 block_puts=1 deleted=0
checkpoint_phase lsn=20312 phase=value_index_schedule slot=0 started_ns=1790162936720466000 ended_ns=1790162936720723334 elapsed_us=257 block_gets=0 block_puts=0 deleted=0
checkpoint_phase lsn=20312 phase=value_index_schedule slot=0 started_ns=1790162936720731000 ended_ns=1790162936720982959 elapsed_us=251 block_gets=0 block_puts=0 deleted=0
checkpoint_phase lsn=20312 phase=value_index_schedule slot=0 started_ns=1790162936720987000 ended_ns=1790162936737350875 elapsed_us=16363 block_gets=0 block_puts=1 deleted=0
checkpoint_phase lsn=20312 phase=value_index_schedule slot=0 started_ns=1790162936737374000 ended_ns=1790162936737484167 elapsed_us=110 block_gets=0 block_puts=0 deleted=0
checkpoint_phase lsn=20312 phase=value_index_schedule slot=0 started_ns=1790162936737490000 ended_ns=1790162936737633542 elapsed_us=143 block_gets=0 block_puts=0 deleted=0
checkpoint_phase lsn=20312 phase=value_index_schedule slot=0 started_ns=1790162936737637000 ended_ns=1790162936747897750 elapsed_us=10260 block_gets=0 block_puts=1 deleted=0
checkpoint_phase lsn=20312 phase=value_index_schedule slot=0 started_ns=1790162936747915000 ended_ns=1790162936768706959 elapsed_us=20791 block_gets=0 block_puts=4 deleted=0
checkpoint_phase lsn=20312 phase=value_index_schedule slot=0 started_ns=1790162936768723000 ended_ns=1790162936768723292 elapsed_us=0 block_gets=0 block_puts=0 deleted=0
checkpoint_phase lsn=20312 phase=value_index_write slot=0 started_ns=1790162936768729000 ended_ns=1790162936781045166 elapsed_us=12316 block_gets=0 block_puts=4 deleted=0
checkpoint_phase lsn=20312 phase=value_index_write slot=0 started_ns=1790162936781083000 ended_ns=1790162936794269500 elapsed_us=13186 block_gets=0 block_puts=4 deleted=0
checkpoint_phase lsn=20312 phase=value_index_write slot=0 started_ns=1790162936794286000 ended_ns=1790162936809052708 elapsed_us=14766 block_gets=0 block_puts=4 deleted=0
checkpoint_phase lsn=20312 phase=value_index_write slot=0 started_ns=1790162936809077000 ended_ns=1790162936839005708 elapsed_us=29928 block_gets=0 block_puts=4 deleted=0
checkpoint_phase lsn=20312 phase=value_index_write slot=0 started_ns=1790162936839024000 ended_ns=1790162936872815417 elapsed_us=33791 block_gets=0 block_puts=4 deleted=0
checkpoint_phase lsn=20312 phase=value_index_write slot=0 started_ns=1790162936872835000 ended_ns=1790162936903915209 elapsed_us=31080 block_gets=0 block_puts=4 deleted=0
checkpoint_phase lsn=20312 phase=value_index_write slot=0 started_ns=1790162936903934000 ended_ns=1790162936917552125 elapsed_us=13618 block_gets=0 block_puts=4 deleted=0
checkpoint_phase lsn=20312 phase=value_index_write slot=0 started_ns=1790162936917570000 ended_ns=1790162936934994458 elapsed_us=17424 block_gets=0 block_puts=4 deleted=0
checkpoint_phase lsn=20312 phase=value_index_write slot=0 started_ns=1790162936935014000 ended_ns=1790162936954093166 elapsed_us=19079 block_gets=0 block_puts=4 deleted=0
checkpoint_phase lsn=20312 phase=value_index_write slot=0 started_ns=1790162936954109000 ended_ns=1790162936999288208 elapsed_us=45179 block_gets=0 block_puts=4 deleted=0
checkpoint_phase lsn=20312 phase=value_index_write slot=0 started_ns=1790162936999306000 ended_ns=1790162937053554958 elapsed_us=54248 block_gets=0 block_puts=4 deleted=0
checkpoint_phase lsn=20312 phase=value_index_write slot=0 started_ns=1790162937053571000 ended_ns=1790162937090350208 elapsed_us=36779 block_gets=0 block_puts=4 deleted=0
checkpoint_phase lsn=20312 phase=value_index_write slot=0 started_ns=1790162937090366000 ended_ns=1790162937106656541 elapsed_us=16290 block_gets=0 block_puts=4 deleted=0
checkpoint_phase lsn=20312 phase=value_index_write slot=0 started_ns=1790162937106673000 ended_ns=1790162937119642708 elapsed_us=12969 block_gets=0 block_puts=4 deleted=0
checkpoint_phase lsn=20312 phase=value_index_write slot=0 started_ns=1790162937119661000 ended_ns=1790162937133527459 elapsed_us=13866 block_gets=0 block_puts=4 deleted=0
checkpoint_phase lsn=20312 phase=value_index_write slot=0 started_ns=1790162937133543000 ended_ns=1790162937146790708 elapsed_us=13247 block_gets=0 block_puts=3 deleted=0
checkpoint_phase lsn=20312 phase=value_index_schedule slot=0 started_ns=1790162937146809000 ended_ns=1790162937146812417 elapsed_us=3 block_gets=0 block_puts=0 deleted=0
checkpoint_phase lsn=20312 phase=value_index_schedule slot=0 started_ns=1790162937146817000 ended_ns=1790162937147662875 elapsed_us=845 block_gets=0 block_puts=0 deleted=0
checkpoint_phase lsn=20312 phase=value_index_schedule slot=0 started_ns=1790162937147677000 ended_ns=1790162937149075708 elapsed_us=1398 block_gets=0 block_puts=0 deleted=0
checkpoint_phase lsn=20312 phase=value_index_schedule slot=0 started_ns=1790162937149088000 ended_ns=1790162937150543500 elapsed_us=1455 block_gets=0 block_puts=0 deleted=0
checkpoint_phase lsn=20312 phase=value_index_schedule slot=0 started_ns=1790162937150568000 ended_ns=1790162937158376917 elapsed_us=7808 block_gets=0 block_puts=0 deleted=0
checkpoint_phase lsn=20312 phase=value_index_schedule slot=0 started_ns=1790162937158391000 ended_ns=1790162937158417834 elapsed_us=26 block_gets=0 block_puts=0 deleted=0
checkpoint_phase lsn=20312 phase=value_index_schedule slot=0 started_ns=1790162937158423000 ended_ns=1790162937158444791 elapsed_us=21 block_gets=0 block_puts=0 deleted=0
checkpoint_phase lsn=20312 phase=value_index_schedule slot=0 started_ns=1790162937158449000 ended_ns=1790162937174024458 elapsed_us=15575 block_gets=0 block_puts=1 deleted=0
checkpoint_phase lsn=20312 phase=value_index_schedule slot=0 started_ns=1790162937174059000 ended_ns=1790162937204507916 elapsed_us=30448 block_gets=0 block_puts=4 deleted=0
checkpoint_phase lsn=20312 phase=value_index_schedule slot=0 started_ns=1790162937204538000 ended_ns=1790162937207363291 elapsed_us=2825 block_gets=0 block_puts=0 deleted=0
checkpoint_phase lsn=20312 phase=value_index_schedule slot=0 started_ns=1790162937207390000 ended_ns=1790162937210245250 elapsed_us=2855 block_gets=0 block_puts=0 deleted=0
checkpoint_phase lsn=20312 phase=value_index_schedule slot=0 started_ns=1790162937210273000 ended_ns=1790162937213138791 elapsed_us=2865 block_gets=0 block_puts=0 deleted=0
checkpoint_phase lsn=20312 phase=value_index_schedule slot=0 started_ns=1790162937213151000 ended_ns=1790162937215034375 elapsed_us=1883 block_gets=0 block_puts=0 deleted=0
checkpoint_phase lsn=20312 phase=value_index_schedule slot=0 started_ns=1790162937215042000 ended_ns=1790162937215068000 elapsed_us=26 block_gets=0 block_puts=0 deleted=0
checkpoint_phase lsn=20312 phase=value_index_schedule slot=0 started_ns=1790162937215071000 ended_ns=1790162937215092250 elapsed_us=21 block_gets=0 block_puts=0 deleted=0
checkpoint_phase lsn=20312 phase=value_index_schedule slot=0 started_ns=1790162937215096000 ended_ns=1790162937228021083 elapsed_us=12925 block_gets=0 block_puts=1 deleted=0
checkpoint_phase lsn=20312 phase=value_index_schedule slot=0 started_ns=1790162937228040000 ended_ns=1790162937246374500 elapsed_us=18334 block_gets=0 block_puts=4 deleted=0
checkpoint_phase lsn=20312 phase=value_index_schedule slot=0 started_ns=1790162937246393000 ended_ns=1790162937247062708 elapsed_us=669 block_gets=0 block_puts=0 deleted=0
checkpoint_phase lsn=20312 phase=value_index_schedule slot=0 started_ns=1790162937247079000 ended_ns=1790162937247285792 elapsed_us=206 block_gets=0 block_puts=0 deleted=0
checkpoint_phase lsn=20312 phase=value_index_schedule slot=0 started_ns=1790162937247293000 ended_ns=1790162937247488291 elapsed_us=195 block_gets=0 block_puts=0 deleted=0
checkpoint_phase lsn=20312 phase=value_index_schedule slot=0 started_ns=1790162937247493000 ended_ns=1790162937252537833 elapsed_us=5044 block_gets=0 block_puts=1 deleted=0
checkpoint_phase lsn=20312 phase=value_index_schedule slot=0 started_ns=1790162937252556000 ended_ns=1790162937252885958 elapsed_us=329 block_gets=0 block_puts=0 deleted=0
checkpoint_phase lsn=20312 phase=value_index_schedule slot=0 started_ns=1790162937252891000 ended_ns=1790162937253246417 elapsed_us=355 block_gets=0 block_puts=0 deleted=0
checkpoint_phase lsn=20312 phase=value_index_schedule slot=0 started_ns=1790162937253256000 ended_ns=1790162937258505000 elapsed_us=5249 block_gets=0 block_puts=1 deleted=0
checkpoint_phase lsn=20312 phase=value_index_schedule slot=0 started_ns=1790162937258523000 ended_ns=1790162937258766375 elapsed_us=243 block_gets=0 block_puts=0 deleted=0
checkpoint_phase lsn=20312 phase=value_index_schedule slot=0 started_ns=1790162937258779000 ended_ns=1790162937258785167 elapsed_us=6 block_gets=0 block_puts=0 deleted=0
checkpoint_phase lsn=20312 phase=value_index_schedule slot=0 started_ns=1790162937258791000 ended_ns=1790162937272041208 elapsed_us=13250 block_gets=0 block_puts=4 deleted=0
checkpoint_phase lsn=20312 phase=value_index_schedule slot=0 started_ns=1790162937272059000 ended_ns=1790162937274939333 elapsed_us=2880 block_gets=0 block_puts=0 deleted=0
checkpoint_phase lsn=20312 phase=value_index_schedule slot=0 started_ns=1790162937274961000 ended_ns=1790162937278042375 elapsed_us=3081 block_gets=0 block_puts=0 deleted=0
checkpoint_phase lsn=20312 phase=value_index_schedule slot=0 started_ns=1790162937278068000 ended_ns=1790162937280707125 elapsed_us=2639 block_gets=0 block_puts=0 deleted=0
checkpoint_phase lsn=20312 phase=value_index_schedule slot=0 started_ns=1790162937280734000 ended_ns=1790162937280761625 elapsed_us=27 block_gets=0 block_puts=0 deleted=0
checkpoint_phase lsn=20312 phase=value_index_schedule slot=0 started_ns=1790162937280771000 ended_ns=1790162937280793000 elapsed_us=22 block_gets=0 block_puts=0 deleted=0
checkpoint_phase lsn=20312 phase=value_index_schedule slot=0 started_ns=1790162937280798000 ended_ns=1790162937312511792 elapsed_us=31713 block_gets=0 block_puts=4 deleted=0
checkpoint_phase lsn=20312 phase=value_index_schedule slot=0 started_ns=1790162937312542000 ended_ns=1790162937312542333 elapsed_us=0 block_gets=0 block_puts=0 deleted=0
checkpoint_phase lsn=20312 phase=value_index_schedule slot=0 started_ns=1790162937312548000 ended_ns=1790162937313209416 elapsed_us=661 block_gets=0 block_puts=0 deleted=0
checkpoint_phase lsn=20312 phase=value_index_schedule slot=0 started_ns=1790162937313217000 ended_ns=1790162937313574375 elapsed_us=357 block_gets=0 block_puts=0 deleted=0
checkpoint_phase lsn=20312 phase=value_index_schedule slot=0 started_ns=1790162937313582000 ended_ns=1790162937313924333 elapsed_us=342 block_gets=0 block_puts=0 deleted=0
checkpoint_phase lsn=20312 phase=value_index_schedule slot=0 started_ns=1790162937313932000 ended_ns=1790162937329007125 elapsed_us=15075 block_gets=0 block_puts=1 deleted=0
checkpoint_phase lsn=20312 phase=value_index_schedule slot=0 started_ns=1790162937329028000 ended_ns=1790162937329376375 elapsed_us=348 block_gets=0 block_puts=0 deleted=0
checkpoint_phase lsn=20312 phase=value_index_schedule slot=0 started_ns=1790162937329385000 ended_ns=1790162937329724958 elapsed_us=339 block_gets=0 block_puts=0 deleted=0
checkpoint_phase lsn=20312 phase=value_index_schedule slot=0 started_ns=1790162937329731000 ended_ns=1790162937344388500 elapsed_us=14657 block_gets=0 block_puts=1 deleted=0
checkpoint_phase lsn=20312 phase=value_index_schedule slot=0 started_ns=1790162937344408000 ended_ns=1790162937344601416 elapsed_us=193 block_gets=0 block_puts=0 deleted=0
checkpoint_phase lsn=20312 phase=value_index_schedule slot=0 started_ns=1790162937344610000 ended_ns=1790162937344800416 elapsed_us=190 block_gets=0 block_puts=0 deleted=0
checkpoint_phase lsn=20312 phase=value_index_schedule slot=0 started_ns=1790162937344804000 ended_ns=1790162937356228458 elapsed_us=11424 block_gets=0 block_puts=1 deleted=0
checkpoint_phase lsn=20312 phase=value_index_schedule slot=0 started_ns=1790162937356244000 ended_ns=1790162937356342750 elapsed_us=98 block_gets=0 block_puts=0 deleted=0
checkpoint_phase lsn=20312 phase=value_index_schedule slot=0 started_ns=1790162937356347000 ended_ns=1790162937423688833 elapsed_us=67341 block_gets=0 block_puts=4 deleted=0
checkpoint_phase lsn=20312 phase=value_index_schedule slot=0 started_ns=1790162937423706000 ended_ns=1790162937423706292 elapsed_us=0 block_gets=0 block_puts=0 deleted=0
checkpoint_phase lsn=20312 phase=value_index_write slot=0 started_ns=1790162937423712000 ended_ns=1790162937442759625 elapsed_us=19047 block_gets=0 block_puts=3 deleted=0
checkpoint_phase lsn=20312 phase=value_index_write slot=0 started_ns=1790162937442776000 ended_ns=1790162937464914750 elapsed_us=22138 block_gets=0 block_puts=4 deleted=0
checkpoint_phase lsn=20312 phase=value_index_write slot=0 started_ns=1790162937464937000 ended_ns=1790162937479364000 elapsed_us=14427 block_gets=0 block_puts=4 deleted=0
checkpoint_phase lsn=20312 phase=value_index_write slot=0 started_ns=1790162937479383000 ended_ns=1790162937507850709 elapsed_us=28467 block_gets=0 block_puts=4 deleted=0
checkpoint_phase lsn=20312 phase=value_index_write slot=0 started_ns=1790162937507867000 ended_ns=1790162937547657584 elapsed_us=39790 block_gets=0 block_puts=4 deleted=0
checkpoint_phase lsn=20312 phase=value_index_write slot=0 started_ns=1790162937547673000 ended_ns=1790162937583544125 elapsed_us=35871 block_gets=0 block_puts=4 deleted=0
checkpoint_phase lsn=20312 phase=value_index_write slot=0 started_ns=1790162937583562000 ended_ns=1790162937615140208 elapsed_us=31578 block_gets=0 block_puts=4 deleted=0
checkpoint_phase lsn=20312 phase=value_index_write slot=0 started_ns=1790162937615156000 ended_ns=1790162937649710375 elapsed_us=34554 block_gets=0 block_puts=4 deleted=0
checkpoint_phase lsn=20312 phase=value_index_write slot=0 started_ns=1790162937649727000 ended_ns=1790162937664280041 elapsed_us=14553 block_gets=0 block_puts=4 deleted=0
checkpoint_phase lsn=20312 phase=value_index_write slot=0 started_ns=1790162937664304000 ended_ns=1790162937684053791 elapsed_us=19749 block_gets=0 block_puts=4 deleted=0
checkpoint_phase lsn=20312 phase=value_index_write slot=0 started_ns=1790162937684088000 ended_ns=1790162937707323084 elapsed_us=23235 block_gets=0 block_puts=4 deleted=0
checkpoint_phase lsn=20312 phase=value_index_schedule slot=0 started_ns=1790162937707342000 ended_ns=1790162937707345958 elapsed_us=3 block_gets=0 block_puts=0 deleted=0
checkpoint_phase lsn=20312 phase=value_index_schedule slot=0 started_ns=1790162937707357000 ended_ns=1790162937708169875 elapsed_us=812 block_gets=0 block_puts=0 deleted=0
checkpoint_phase lsn=20312 phase=value_index_schedule slot=0 started_ns=1790162937708176000 ended_ns=1790162937725986500 elapsed_us=17810 block_gets=8 block_puts=0 deleted=0
checkpoint_phase lsn=20312 phase=value_index_schedule slot=0 started_ns=1790162937726003000 ended_ns=1790162937733391708 elapsed_us=7388 block_gets=8 block_puts=0 deleted=0
checkpoint_phase lsn=20312 phase=value_index_schedule slot=0 started_ns=1790162937733409000 ended_ns=1790162937740259666 elapsed_us=6850 block_gets=8 block_puts=0 deleted=0
checkpoint_phase lsn=20312 phase=value_index_schedule slot=0 started_ns=1790162937740275000 ended_ns=1790162937748980541 elapsed_us=8705 block_gets=8 block_puts=0 deleted=0
checkpoint_phase lsn=20312 phase=value_index_schedule slot=0 started_ns=1790162937748998000 ended_ns=1790162937756607292 elapsed_us=7609 block_gets=8 block_puts=0 deleted=0
checkpoint_phase lsn=20312 phase=value_index_schedule slot=0 started_ns=1790162937756622000 ended_ns=1790162937766715041 elapsed_us=10093 block_gets=8 block_puts=0 deleted=0
checkpoint_phase lsn=20312 phase=value_index_schedule slot=0 started_ns=1790162937766734000 ended_ns=1790162937783316084 elapsed_us=16582 block_gets=8 block_puts=0 deleted=0
checkpoint_phase lsn=20312 phase=value_index_schedule slot=0 started_ns=1790162937783338000 ended_ns=1790162937804631834 elapsed_us=21293 block_gets=8 block_puts=0 deleted=0
checkpoint_phase lsn=20312 phase=value_index_schedule slot=0 started_ns=1790162937804652000 ended_ns=1790162937828844792 elapsed_us=24192 block_gets=8 block_puts=0 deleted=0
checkpoint_phase lsn=20312 phase=value_index_schedule slot=0 started_ns=1790162937828864000 ended_ns=1790162937857514833 elapsed_us=28650 block_gets=8 block_puts=0 deleted=0
checkpoint_phase lsn=20312 phase=value_index_schedule slot=0 started_ns=1790162937857536000 ended_ns=1790162937882104875 elapsed_us=24568 block_gets=8 block_puts=0 deleted=0
checkpoint_phase lsn=20312 phase=value_index_schedule slot=0 started_ns=1790162937882122000 ended_ns=1790162937898880083 elapsed_us=16758 block_gets=8 block_puts=0 deleted=0
checkpoint_phase lsn=20312 phase=value_index_schedule slot=0 started_ns=1790162937898897000 ended_ns=1790162937918199625 elapsed_us=19302 block_gets=8 block_puts=0 deleted=0
checkpoint_phase lsn=20312 phase=value_index_schedule slot=0 started_ns=1790162937918218000 ended_ns=1790162937923639666 elapsed_us=5421 block_gets=8 block_puts=0 deleted=0
checkpoint_phase lsn=20312 phase=value_index_schedule slot=0 started_ns=1790162937923662000 ended_ns=1790162937928773208 elapsed_us=5111 block_gets=2 block_puts=0 deleted=0
checkpoint_phase lsn=20312 phase=value_index_schedule slot=0 started_ns=1790162937928802000 ended_ns=1790162937931682917 elapsed_us=2880 block_gets=0 block_puts=0 deleted=0
checkpoint_phase lsn=20312 phase=value_index_schedule slot=0 started_ns=1790162937931699000 ended_ns=1790162937932550459 elapsed_us=851 block_gets=0 block_puts=0 deleted=0
checkpoint_phase lsn=20312 phase=value_index_schedule slot=0 started_ns=1790162937932562000 ended_ns=1790162937932590125 elapsed_us=28 block_gets=0 block_puts=0 deleted=0
checkpoint_phase lsn=20312 phase=value_index_schedule slot=0 started_ns=1790162937932597000 ended_ns=1790162937932619584 elapsed_us=22 block_gets=0 block_puts=0 deleted=0
checkpoint_phase lsn=20312 phase=value_index_schedule slot=0 started_ns=1790162937932624000 ended_ns=1790162937932646417 elapsed_us=22 block_gets=0 block_puts=0 deleted=0
checkpoint_phase lsn=20312 phase=value_index_schedule slot=0 started_ns=1790162937932660000 ended_ns=1790162937939538541 elapsed_us=6878 block_gets=0 block_puts=1 deleted=0
checkpoint_phase lsn=20312 phase=value_index_schedule slot=0 started_ns=1790162937939578000 ended_ns=1790162937939614708 elapsed_us=36 block_gets=0 block_puts=0 deleted=0
checkpoint_phase lsn=20312 phase=value_index_schedule slot=0 started_ns=1790162937939622000 ended_ns=1790162937957226583 elapsed_us=17604 block_gets=0 block_puts=4 deleted=0
checkpoint_phase lsn=20312 phase=value_index_schedule slot=0 started_ns=1790162937957247000 ended_ns=1790162937960162333 elapsed_us=2915 block_gets=0 block_puts=0 deleted=0
checkpoint_phase lsn=20312 phase=value_index_schedule slot=0 started_ns=1790162937960176000 ended_ns=1790162937963057208 elapsed_us=2881 block_gets=0 block_puts=0 deleted=0
checkpoint_phase lsn=20312 phase=value_index_schedule slot=0 started_ns=1790162937963070000 ended_ns=1790162937965963208 elapsed_us=2893 block_gets=0 block_puts=0 deleted=0
checkpoint_phase lsn=20312 phase=value_index_schedule slot=0 started_ns=1790162937965991000 ended_ns=1790162937968804291 elapsed_us=2813 block_gets=0 block_puts=0 deleted=0
checkpoint_phase lsn=20312 phase=value_index_schedule slot=0 started_ns=1790162937968832000 ended_ns=1790162937970734166 elapsed_us=1902 block_gets=0 block_puts=0 deleted=0
checkpoint_phase lsn=20312 phase=value_index_schedule slot=0 started_ns=1790162937970744000 ended_ns=1790162937970771333 elapsed_us=27 block_gets=0 block_puts=0 deleted=0
checkpoint_phase lsn=20312 phase=value_index_schedule slot=0 started_ns=1790162937970776000 ended_ns=1790162937970798167 elapsed_us=22 block_gets=0 block_puts=0 deleted=0
checkpoint_phase lsn=20312 phase=value_index_schedule slot=0 started_ns=1790162937970803000 ended_ns=1790162937970824917 elapsed_us=21 block_gets=0 block_puts=0 deleted=0
checkpoint_phase lsn=20312 phase=value_index_schedule slot=0 started_ns=1790162937970829000 ended_ns=1790162937982585042 elapsed_us=11756 block_gets=0 block_puts=1 deleted=0
checkpoint_phase lsn=20312 phase=value_index_schedule slot=0 started_ns=1790162937982604000 ended_ns=1790162938019209750 elapsed_us=36605 block_gets=0 block_puts=4 deleted=0
checkpoint_phase lsn=20312 phase=value_index_schedule slot=0 started_ns=1790162938019234000 ended_ns=1790162938020058625 elapsed_us=824 block_gets=0 block_puts=0 deleted=0
checkpoint_phase lsn=20312 phase=value_index_schedule slot=0 started_ns=1790162938020086000 ended_ns=1790162938020251625 elapsed_us=165 block_gets=0 block_puts=0 deleted=0
checkpoint_phase lsn=20312 phase=value_index_schedule slot=0 started_ns=1790162938020261000 ended_ns=1790162938020410625 elapsed_us=149 block_gets=0 block_puts=0 deleted=0
checkpoint_phase lsn=20312 phase=value_index_schedule slot=0 started_ns=1790162938020416000 ended_ns=1790162938020563167 elapsed_us=147 block_gets=0 block_puts=0 deleted=0
checkpoint_phase lsn=20312 phase=value_index_schedule slot=0 started_ns=1790162938020568000 ended_ns=1790162938034614875 elapsed_us=14046 block_gets=0 block_puts=1 deleted=0
checkpoint_phase lsn=20312 phase=value_index_schedule slot=0 started_ns=1790162938034633000 ended_ns=1790162938034800208 elapsed_us=167 block_gets=0 block_puts=0 deleted=0
checkpoint_phase lsn=20312 phase=value_index_schedule slot=0 started_ns=1790162938034806000 ended_ns=1790162938034965250 elapsed_us=159 block_gets=0 block_puts=0 deleted=0
checkpoint_phase lsn=20312 phase=value_index_schedule slot=0 started_ns=1790162938034970000 ended_ns=1790162938035423083 elapsed_us=453 block_gets=0 block_puts=0 deleted=0
checkpoint_phase lsn=20312 phase=value_index_schedule slot=0 started_ns=1790162938035431000 ended_ns=1790162938048970000 elapsed_us=13539 block_gets=0 block_puts=1 deleted=0
checkpoint_phase lsn=20312 phase=value_index_schedule slot=0 started_ns=1790162938048987000 ended_ns=1790162938049062083 elapsed_us=75 block_gets=0 block_puts=0 deleted=0
checkpoint_phase lsn=20312 phase=value_index_schedule slot=0 started_ns=1790162938049068000 ended_ns=1790162938049130750 elapsed_us=62 block_gets=0 block_puts=0 deleted=0
checkpoint_phase lsn=20312 phase=value_index_schedule slot=0 started_ns=1790162938049156000 ended_ns=1790162938098179792 elapsed_us=49023 block_gets=0 block_puts=4 deleted=0
checkpoint_phase lsn=20312 phase=value_index_schedule slot=0 started_ns=1790162938098199000 ended_ns=1790162938098199417 elapsed_us=0 block_gets=0 block_puts=0 deleted=0
checkpoint_phase lsn=20312 phase=value_index_write slot=0 started_ns=1790162938098205000 ended_ns=1790162938119993708 elapsed_us=21788 block_gets=0 block_puts=4 deleted=0
checkpoint_phase lsn=20312 phase=value_index_write slot=0 started_ns=1790162938120012000 ended_ns=1790162938132139708 elapsed_us=12127 block_gets=0 block_puts=4 deleted=0
checkpoint_phase lsn=20312 phase=value_index_write slot=0 started_ns=1790162938132158000 ended_ns=1790162938144419875 elapsed_us=12261 block_gets=0 block_puts=4 deleted=0
checkpoint_phase lsn=20312 phase=value_index_write slot=0 started_ns=1790162938144438000 ended_ns=1790162938162489167 elapsed_us=18051 block_gets=0 block_puts=4 deleted=0
checkpoint_phase lsn=20312 phase=value_index_write slot=0 started_ns=1790162938162510000 ended_ns=1790162938189829875 elapsed_us=27319 block_gets=0 block_puts=4 deleted=0
checkpoint_phase lsn=20312 phase=value_index_write slot=0 started_ns=1790162938189852000 ended_ns=1790162938219262542 elapsed_us=29410 block_gets=0 block_puts=4 deleted=0
checkpoint_phase lsn=20312 phase=value_index_write slot=0 started_ns=1790162938219278000 ended_ns=1790162938254298917 elapsed_us=35020 block_gets=0 block_puts=4 deleted=0
checkpoint_phase lsn=20312 phase=value_index_write slot=0 started_ns=1790162938254316000 ended_ns=1790162938279891167 elapsed_us=25575 block_gets=0 block_puts=4 deleted=0
checkpoint_phase lsn=20312 phase=value_index_write slot=0 started_ns=1790162938279916000 ended_ns=1790162938308596125 elapsed_us=28680 block_gets=0 block_puts=4 deleted=0
checkpoint_phase lsn=20312 phase=value_index_write slot=0 started_ns=1790162938308615000 ended_ns=1790162938321215292 elapsed_us=12600 block_gets=0 block_puts=4 deleted=0
checkpoint_phase lsn=20312 phase=value_index_write slot=0 started_ns=1790162938321233000 ended_ns=1790162938333597834 elapsed_us=12364 block_gets=0 block_puts=4 deleted=0
checkpoint_phase lsn=20312 phase=value_index_write slot=0 started_ns=1790162938333618000 ended_ns=1790162938345823834 elapsed_us=12205 block_gets=0 block_puts=5 deleted=0
checkpoint_phase lsn=20312 phase=value_index_schedule slot=0 started_ns=1790162938345844000 ended_ns=1790162938345847458 elapsed_us=3 block_gets=0 block_puts=0 deleted=0
checkpoint_phase lsn=20312 phase=value_index_schedule slot=0 started_ns=1790162938345853000 ended_ns=1790162938346681958 elapsed_us=828 block_gets=0 block_puts=0 deleted=0
checkpoint_phase lsn=20312 phase=value_index_schedule slot=0 started_ns=1790162938346693000 ended_ns=1790162938360307625 elapsed_us=13614 block_gets=8 block_puts=0 deleted=0
checkpoint_phase lsn=20312 phase=value_index_schedule slot=0 started_ns=1790162938360325000 ended_ns=1790162938411594542 elapsed_us=51269 block_gets=8 block_puts=0 deleted=0
checkpoint_phase lsn=20312 phase=value_index_schedule slot=0 started_ns=1790162938411610000 ended_ns=1790162938447514875 elapsed_us=35904 block_gets=8 block_puts=0 deleted=0
checkpoint_phase lsn=20312 phase=value_index_schedule slot=0 started_ns=1790162938447540000 ended_ns=1790162938458630625 elapsed_us=11090 block_gets=8 block_puts=0 deleted=0
checkpoint_phase lsn=20312 phase=value_index_schedule slot=0 started_ns=1790162938458648000 ended_ns=1790162938469035000 elapsed_us=10387 block_gets=8 block_puts=0 deleted=0
checkpoint_phase lsn=20312 phase=value_index_schedule slot=0 started_ns=1790162938469053000 ended_ns=1790162938477792792 elapsed_us=8739 block_gets=8 block_puts=0 deleted=0
checkpoint_phase lsn=20312 phase=value_index_schedule slot=0 started_ns=1790162938477809000 ended_ns=1790162938489408750 elapsed_us=11599 block_gets=8 block_puts=0 deleted=0
checkpoint_phase lsn=20312 phase=value_index_schedule slot=0 started_ns=1790162938489429000 ended_ns=1790162938495444708 elapsed_us=6015 block_gets=8 block_puts=0 deleted=0
checkpoint_phase lsn=20312 phase=value_index_schedule slot=0 started_ns=1790162938495474000 ended_ns=1790162938522068875 elapsed_us=26594 block_gets=8 block_puts=0 deleted=0
checkpoint_phase lsn=20312 phase=value_index_schedule slot=0 started_ns=1790162938522088000 ended_ns=1790162938548855458 elapsed_us=26767 block_gets=8 block_puts=0 deleted=0
checkpoint_phase lsn=20312 phase=value_index_schedule slot=0 started_ns=1790162938548875000 ended_ns=1790162938572949791 elapsed_us=24074 block_gets=8 block_puts=0 deleted=0
checkpoint_phase lsn=20312 phase=value_index_schedule slot=0 started_ns=1790162938572968000 ended_ns=1790162938605099583 elapsed_us=32131 block_gets=8 block_puts=0 deleted=0
checkpoint_phase lsn=20312 phase=value_index_schedule slot=0 started_ns=1790162938605120000 ended_ns=1790162938620877542 elapsed_us=15757 block_gets=8 block_puts=0 deleted=0
checkpoint_phase lsn=20312 phase=value_index_schedule slot=0 started_ns=1790162938620897000 ended_ns=1790162938641070875 elapsed_us=20173 block_gets=8 block_puts=0 deleted=0
checkpoint_phase lsn=20312 phase=value_index_schedule slot=0 started_ns=1790162938641093000 ended_ns=1790162938647359625 elapsed_us=6266 block_gets=2 block_puts=0 deleted=0
checkpoint_phase lsn=20312 phase=value_index_schedule slot=0 started_ns=1790162938647386000 ended_ns=1790162938650323041 elapsed_us=2937 block_gets=0 block_puts=0 deleted=0
checkpoint_phase lsn=20312 phase=value_index_schedule slot=0 started_ns=1790162938650349000 ended_ns=1790162938651204542 elapsed_us=855 block_gets=0 block_puts=0 deleted=0
checkpoint_phase lsn=20312 phase=value_index_schedule slot=0 started_ns=1790162938651217000 ended_ns=1790162938651244709 elapsed_us=27 block_gets=0 block_puts=0 deleted=0
checkpoint_phase lsn=20312 phase=value_index_schedule slot=0 started_ns=1790162938651254000 ended_ns=1790162938651276750 elapsed_us=22 block_gets=0 block_puts=0 deleted=0
checkpoint_phase lsn=20312 phase=value_index_schedule slot=0 started_ns=1790162938651281000 ended_ns=1790162938651303458 elapsed_us=22 block_gets=0 block_puts=0 deleted=0
checkpoint_phase lsn=20312 phase=value_index_schedule slot=0 started_ns=1790162938651308000 ended_ns=1790162938660317208 elapsed_us=9009 block_gets=0 block_puts=1 deleted=0
checkpoint_phase lsn=20312 phase=value_index_schedule slot=0 started_ns=1790162938660340000 ended_ns=1790162938660378375 elapsed_us=38 block_gets=0 block_puts=0 deleted=0
checkpoint_phase lsn=20312 phase=value_index_schedule slot=0 started_ns=1790162938660385000 ended_ns=1790162938677646167 elapsed_us=17261 block_gets=0 block_puts=4 deleted=0
checkpoint_phase lsn=20312 phase=value_index_schedule slot=0 started_ns=1790162938677668000 ended_ns=1790162938680635375 elapsed_us=2967 block_gets=0 block_puts=0 deleted=0
checkpoint_phase lsn=20312 phase=value_index_schedule slot=0 started_ns=1790162938680654000 ended_ns=1790162938683528750 elapsed_us=2874 block_gets=0 block_puts=0 deleted=0
checkpoint_phase lsn=20312 phase=value_index_schedule slot=0 started_ns=1790162938683543000 ended_ns=1790162938686429709 elapsed_us=2886 block_gets=0 block_puts=0 deleted=0
checkpoint_phase lsn=20312 phase=value_index_schedule slot=0 started_ns=1790162938686455000 ended_ns=1790162938689380083 elapsed_us=2925 block_gets=0 block_puts=0 deleted=0
checkpoint_phase lsn=20312 phase=value_index_schedule slot=0 started_ns=1790162938689406000 ended_ns=1790162938691310750 elapsed_us=1904 block_gets=0 block_puts=0 deleted=0
checkpoint_phase lsn=20312 phase=value_index_schedule slot=0 started_ns=1790162938691322000 ended_ns=1790162938691349334 elapsed_us=27 block_gets=0 block_puts=0 deleted=0
checkpoint_phase lsn=20312 phase=value_index_schedule slot=0 started_ns=1790162938691355000 ended_ns=1790162938691376792 elapsed_us=21 block_gets=0 block_puts=0 deleted=0
checkpoint_phase lsn=20312 phase=value_index_schedule slot=0 started_ns=1790162938691381000 ended_ns=1790162938691402708 elapsed_us=21 block_gets=0 block_puts=0 deleted=0
checkpoint_phase lsn=20312 phase=value_index_schedule slot=0 started_ns=1790162938691407000 ended_ns=1790162938705350542 elapsed_us=13943 block_gets=0 block_puts=1 deleted=0
checkpoint_phase lsn=20312 phase=value_index_schedule slot=0 started_ns=1790162938705407000 ended_ns=1790162938742528125 elapsed_us=37121 block_gets=0 block_puts=4 deleted=0
checkpoint_phase lsn=20312 phase=value_index_schedule slot=0 started_ns=1790162938742545000 ended_ns=1790162938743237792 elapsed_us=692 block_gets=0 block_puts=0 deleted=0
checkpoint_phase lsn=20312 phase=value_index_schedule slot=0 started_ns=1790162938743248000 ended_ns=1790162938743385500 elapsed_us=137 block_gets=0 block_puts=0 deleted=0
checkpoint_phase lsn=20312 phase=value_index_schedule slot=0 started_ns=1790162938743393000 ended_ns=1790162938743519500 elapsed_us=126 block_gets=0 block_puts=0 deleted=0
checkpoint_phase lsn=20312 phase=value_index_schedule slot=0 started_ns=1790162938743524000 ended_ns=1790162938743649458 elapsed_us=125 block_gets=0 block_puts=0 deleted=0
checkpoint_phase lsn=20312 phase=value_index_schedule slot=0 started_ns=1790162938743654000 ended_ns=1790162938755871208 elapsed_us=12217 block_gets=0 block_puts=1 deleted=0
checkpoint_phase lsn=20312 phase=value_index_schedule slot=0 started_ns=1790162938755891000 ended_ns=1790162938756027292 elapsed_us=136 block_gets=0 block_puts=0 deleted=0
checkpoint_phase lsn=20312 phase=value_index_schedule slot=0 started_ns=1790162938756036000 ended_ns=1790162938756167333 elapsed_us=131 block_gets=0 block_puts=0 deleted=0
checkpoint_phase lsn=20312 phase=value_index_schedule slot=0 started_ns=1790162938756172000 ended_ns=1790162938756541167 elapsed_us=369 block_gets=0 block_puts=0 deleted=0
checkpoint_phase lsn=20312 phase=value_index_schedule slot=0 started_ns=1790162938756547000 ended_ns=1790162938772960042 elapsed_us=16413 block_gets=0 block_puts=1 deleted=0
checkpoint_phase lsn=20312 phase=value_index_schedule slot=0 started_ns=1790162938772981000 ended_ns=1790162938773130292 elapsed_us=149 block_gets=0 block_puts=0 deleted=0
checkpoint_phase lsn=20312 phase=value_index_schedule slot=0 started_ns=1790162938773140000 ended_ns=1790162938773192125 elapsed_us=52 block_gets=0 block_puts=0 deleted=0
checkpoint_phase lsn=20312 phase=value_index_schedule slot=0 started_ns=1790162938773198000 ended_ns=1790162938815296875 elapsed_us=42098 block_gets=0 block_puts=4 deleted=0
checkpoint_phase lsn=20312 phase=value_index_schedule slot=0 started_ns=1790162938815316000 ended_ns=1790162938815316292 elapsed_us=0 block_gets=0 block_puts=0 deleted=0
checkpoint_phase lsn=20312 phase=value_index_write slot=0 started_ns=1790162938815323000 ended_ns=1790162938838500750 elapsed_us=23177 block_gets=0 block_puts=4 deleted=0
checkpoint_phase lsn=20312 phase=value_index_write slot=0 started_ns=1790162938838519000 ended_ns=1790162938852843083 elapsed_us=14324 block_gets=0 block_puts=4 deleted=0
checkpoint_phase lsn=20312 phase=value_index_write slot=0 started_ns=1790162938852862000 ended_ns=1790162938870472666 elapsed_us=17610 block_gets=0 block_puts=4 deleted=0
checkpoint_phase lsn=20312 phase=value_index_write slot=0 started_ns=1790162938870493000 ended_ns=1790162938888968083 elapsed_us=18475 block_gets=0 block_puts=4 deleted=0
checkpoint_phase lsn=20312 phase=value_index_write slot=0 started_ns=1790162938888987000 ended_ns=1790162938920912417 elapsed_us=31925 block_gets=0 block_puts=4 deleted=0
checkpoint_phase lsn=20312 phase=value_index_write slot=0 started_ns=1790162938920930000 ended_ns=1790162938956038667 elapsed_us=35108 block_gets=0 block_puts=4 deleted=0
checkpoint_phase lsn=20312 phase=value_index_write slot=0 started_ns=1790162938956055000 ended_ns=1790162938986720708 elapsed_us=30665 block_gets=0 block_puts=4 deleted=0
checkpoint_phase lsn=20312 phase=value_index_write slot=0 started_ns=1790162938986738000 ended_ns=1790162939038198583 elapsed_us=51460 block_gets=0 block_puts=4 deleted=0
checkpoint_phase lsn=20312 phase=value_index_write slot=0 started_ns=1790162939038215000 ended_ns=1790162939053869416 elapsed_us=15654 block_gets=0 block_puts=4 deleted=0
checkpoint_phase lsn=20312 phase=value_index_write slot=0 started_ns=1790162939053891000 ended_ns=1790162939066818000 elapsed_us=12927 block_gets=0 block_puts=4 deleted=0
checkpoint_phase lsn=20312 phase=value_index_write slot=0 started_ns=1790162939066858000 ended_ns=1790162939093257500 elapsed_us=26399 block_gets=0 block_puts=4 deleted=0
checkpoint_phase lsn=20312 phase=value_index_write slot=0 started_ns=1790162939093280000 ended_ns=1790162939135806166 elapsed_us=42526 block_gets=0 block_puts=5 deleted=0
checkpoint_phase lsn=20312 phase=value_index_schedule slot=0 started_ns=1790162939135828000 ended_ns=1790162939135831834 elapsed_us=3 block_gets=0 block_puts=0 deleted=0
checkpoint_phase lsn=20312 phase=value_index_schedule slot=0 started_ns=1790162939135838000 ended_ns=1790162939136647666 elapsed_us=809 block_gets=0 block_puts=0 deleted=0
checkpoint_phase lsn=20312 phase=value_index_schedule slot=0 started_ns=1790162939136656000 ended_ns=1790162939160530750 elapsed_us=23874 block_gets=8 block_puts=0 deleted=0
checkpoint_phase lsn=20312 phase=value_index_schedule slot=0 started_ns=1790162939160550000 ended_ns=1790162939176495333 elapsed_us=15945 block_gets=8 block_puts=0 deleted=0
checkpoint_phase lsn=20312 phase=value_index_schedule slot=0 started_ns=1790162939176515000 ended_ns=1790162939187326375 elapsed_us=10811 block_gets=8 block_puts=0 deleted=0
checkpoint_phase lsn=20312 phase=value_index_schedule slot=0 started_ns=1790162939187344000 ended_ns=1790162939197589458 elapsed_us=10245 block_gets=8 block_puts=0 deleted=0
checkpoint_phase lsn=20312 phase=value_index_schedule slot=0 started_ns=1790162939197609000 ended_ns=1790162939210259125 elapsed_us=12650 block_gets=8 block_puts=0 deleted=0
checkpoint_phase lsn=20312 phase=value_index_schedule slot=0 started_ns=1790162939210288000 ended_ns=1790162939215609833 elapsed_us=5321 block_gets=8 block_puts=0 deleted=0
checkpoint_phase lsn=20312 phase=value_index_schedule slot=0 started_ns=1790162939215627000 ended_ns=1790162939238245375 elapsed_us=22618 block_gets=8 block_puts=0 deleted=0
checkpoint_phase lsn=20312 phase=value_index_schedule slot=0 started_ns=1790162939238262000 ended_ns=1790162939266242584 elapsed_us=27980 block_gets=8 block_puts=0 deleted=0
checkpoint_phase lsn=20312 phase=value_index_schedule slot=0 started_ns=1790162939266262000 ended_ns=1790162939281301459 elapsed_us=15039 block_gets=8 block_puts=0 deleted=0
checkpoint_phase lsn=20312 phase=value_index_schedule slot=0 started_ns=1790162939281319000 ended_ns=1790162939299753541 elapsed_us=18434 block_gets=8 block_puts=0 deleted=0
checkpoint_phase lsn=20312 phase=value_index_schedule slot=0 started_ns=1790162939299772000 ended_ns=1790162939320878292 elapsed_us=21106 block_gets=8 block_puts=0 deleted=0
checkpoint_phase lsn=20312 phase=value_index_schedule slot=0 started_ns=1790162939320899000 ended_ns=1790162939328065000 elapsed_us=7166 block_gets=8 block_puts=0 deleted=0
checkpoint_phase lsn=20312 phase=value_index_schedule slot=0 started_ns=1790162939328089000 ended_ns=1790162939337392458 elapsed_us=9303 block_gets=8 block_puts=0 deleted=0
checkpoint_phase lsn=20312 phase=value_index_schedule slot=0 started_ns=1790162939337412000 ended_ns=1790162939344073458 elapsed_us=6661 block_gets=8 block_puts=0 deleted=0
checkpoint_phase lsn=20312 phase=value_index_schedule slot=0 started_ns=1790162939344096000 ended_ns=1790162939348524791 elapsed_us=4428 block_gets=2 block_puts=0 deleted=0
checkpoint_phase lsn=20312 phase=value_index_schedule slot=0 started_ns=1790162939348546000 ended_ns=1790162939348575208 elapsed_us=29 block_gets=0 block_puts=0 deleted=0
checkpoint_phase lsn=20312 phase=value_index_schedule slot=0 started_ns=1790162939348584000 ended_ns=1790162939348605292 elapsed_us=21 block_gets=0 block_puts=0 deleted=0
checkpoint_phase lsn=20312 phase=value_index_schedule slot=0 started_ns=1790162939348613000 ended_ns=1790162939348634958 elapsed_us=21 block_gets=0 block_puts=0 deleted=0
checkpoint_phase lsn=20312 phase=value_index_schedule slot=0 started_ns=1790162939348640000 ended_ns=1790162939355622458 elapsed_us=6982 block_gets=0 block_puts=1 deleted=0
checkpoint_phase lsn=20312 phase=value_index_schedule slot=0 started_ns=1790162939355640000 ended_ns=1790162939370707583 elapsed_us=15067 block_gets=0 block_puts=4 deleted=0
checkpoint_phase lsn=20312 phase=value_index_schedule slot=0 started_ns=1790162939370742000 ended_ns=1790162939373647583 elapsed_us=2905 block_gets=0 block_puts=0 deleted=0
checkpoint_phase lsn=20312 phase=value_index_schedule slot=0 started_ns=1790162939373667000 ended_ns=1790162939376548125 elapsed_us=2881 block_gets=0 block_puts=0 deleted=0
checkpoint_phase lsn=20312 phase=value_index_schedule slot=0 started_ns=1790162939376576000 ended_ns=1790162939379393458 elapsed_us=2817 block_gets=0 block_puts=0 deleted=0
checkpoint_phase lsn=20312 phase=value_index_schedule slot=0 started_ns=1790162939379404000 ended_ns=1790162939382163584 elapsed_us=2759 block_gets=0 block_puts=0 deleted=0
checkpoint_phase lsn=20312 phase=value_index_schedule slot=0 started_ns=1790162939382171000 ended_ns=1790162939382199166 elapsed_us=28 block_gets=0 block_puts=0 deleted=0
checkpoint_phase lsn=20312 phase=value_index_schedule slot=0 started_ns=1790162939382204000 ended_ns=1790162939382225000 elapsed_us=21 block_gets=0 block_puts=0 deleted=0
checkpoint_phase lsn=20312 phase=value_index_schedule slot=0 started_ns=1790162939382230000 ended_ns=1790162939382250750 elapsed_us=20 block_gets=0 block_puts=0 deleted=0
checkpoint_phase lsn=20312 phase=value_index_schedule slot=0 started_ns=1790162939382255000 ended_ns=1790162939397729125 elapsed_us=15474 block_gets=0 block_puts=1 deleted=0
checkpoint_phase lsn=20312 phase=value_index_schedule slot=0 started_ns=1790162939397744000 ended_ns=1790162939438064750 elapsed_us=40320 block_gets=0 block_puts=4 deleted=0
checkpoint_phase lsn=20312 phase=value_index_schedule slot=0 started_ns=1790162939438082000 ended_ns=1790162939438646125 elapsed_us=564 block_gets=0 block_puts=0 deleted=0
checkpoint_phase lsn=20312 phase=value_index_schedule slot=0 started_ns=1790162939438654000 ended_ns=1790162939438715958 elapsed_us=61 block_gets=0 block_puts=0 deleted=0
checkpoint_phase lsn=20312 phase=value_index_schedule slot=0 started_ns=1790162939438722000 ended_ns=1790162939438771792 elapsed_us=49 block_gets=0 block_puts=0 deleted=0
checkpoint_phase lsn=20312 phase=value_index_schedule slot=0 started_ns=1790162939438777000 ended_ns=1790162939438900750 elapsed_us=123 block_gets=0 block_puts=0 deleted=0
checkpoint_phase lsn=20312 phase=value_index_schedule slot=0 started_ns=1790162939438906000 ended_ns=1790162939458692958 elapsed_us=19786 block_gets=0 block_puts=1 deleted=0
checkpoint_phase lsn=20312 phase=value_index_schedule slot=0 started_ns=1790162939458710000 ended_ns=1790162939458839833 elapsed_us=129 block_gets=0 block_puts=0 deleted=0
checkpoint_phase lsn=20312 phase=value_index_schedule slot=0 started_ns=1790162939458847000 ended_ns=1790162939458999875 elapsed_us=152 block_gets=0 block_puts=0 deleted=0
checkpoint_phase lsn=20312 phase=value_index_schedule slot=0 started_ns=1790162939459009000 ended_ns=1790162939471054625 elapsed_us=12045 block_gets=0 block_puts=1 deleted=0
checkpoint_phase lsn=20312 phase=value_index_schedule slot=0 started_ns=1790162939471071000 ended_ns=1790162939471271375 elapsed_us=200 block_gets=0 block_puts=0 deleted=0
checkpoint_phase lsn=20312 phase=value_index_schedule slot=0 started_ns=1790162939471294000 ended_ns=1790162939471299042 elapsed_us=5 block_gets=0 block_puts=0 deleted=0
checkpoint_phase lsn=20312 phase=value_index_schedule slot=0 started_ns=1790162939471304000 ended_ns=1790162939504628750 elapsed_us=33324 block_gets=0 block_puts=4 deleted=0
checkpoint_phase lsn=20312 phase=value_index_schedule slot=0 started_ns=1790162939504647000 ended_ns=1790162939507446542 elapsed_us=2799 block_gets=0 block_puts=0 deleted=0
checkpoint_phase lsn=20312 phase=value_index_schedule slot=0 started_ns=1790162939507456000 ended_ns=1790162939509540125 elapsed_us=2084 block_gets=0 block_puts=0 deleted=0
checkpoint_phase lsn=20312 phase=value_index_schedule slot=0 started_ns=1790162939509547000 ended_ns=1790162939509573292 elapsed_us=26 block_gets=0 block_puts=0 deleted=0
checkpoint_phase lsn=20312 phase=value_index_schedule slot=0 started_ns=1790162939509593000 ended_ns=1790162939524454916 elapsed_us=14861 block_gets=0 block_puts=4 deleted=0
checkpoint_phase lsn=20312 phase=value_index_schedule slot=0 started_ns=1790162939524476000 ended_ns=1790162939524476541 elapsed_us=0 block_gets=0 block_puts=0 deleted=0
checkpoint_phase lsn=20312 phase=value_index_schedule slot=0 started_ns=1790162939524481000 ended_ns=1790162939525027375 elapsed_us=546 block_gets=0 block_puts=0 deleted=0
checkpoint_phase lsn=20312 phase=value_index_schedule slot=0 started_ns=1790162939525034000 ended_ns=1790162939525188250 elapsed_us=154 block_gets=0 block_puts=0 deleted=0
checkpoint_phase lsn=20312 phase=value_index_schedule slot=0 started_ns=1790162939525193000 ended_ns=1790162939525333083 elapsed_us=140 block_gets=0 block_puts=0 deleted=0
checkpoint_phase lsn=20312 phase=value_index_schedule slot=0 started_ns=1790162939525338000 ended_ns=1790162939525478417 elapsed_us=140 block_gets=0 block_puts=0 deleted=0
checkpoint_phase lsn=20312 phase=value_index_schedule slot=0 started_ns=1790162939525483000 ended_ns=1790162939535603417 elapsed_us=10120 block_gets=0 block_puts=1 deleted=0
checkpoint_phase lsn=20312 phase=value_index_schedule slot=0 started_ns=1790162939535636000 ended_ns=1790162939535781375 elapsed_us=145 block_gets=0 block_puts=0 deleted=0
checkpoint_phase lsn=20312 phase=value_index_schedule slot=0 started_ns=1790162939535793000 ended_ns=1790162939535929083 elapsed_us=136 block_gets=0 block_puts=0 deleted=0
checkpoint_phase lsn=20312 phase=value_index_schedule slot=0 started_ns=1790162939535938000 ended_ns=1790162939544127334 elapsed_us=8189 block_gets=0 block_puts=1 deleted=0
checkpoint_phase lsn=20312 phase=value_index_schedule slot=0 started_ns=1790162939544149000 ended_ns=1790162939544199125 elapsed_us=50 block_gets=0 block_puts=0 deleted=0
checkpoint_phase lsn=20312 phase=value_index_schedule slot=0 started_ns=1790162939544208000 ended_ns=1790162939544302292 elapsed_us=94 block_gets=0 block_puts=0 deleted=0
checkpoint_phase lsn=20312 phase=value_index_schedule slot=0 started_ns=1790162939544308000 ended_ns=1790162939551186959 elapsed_us=6878 block_gets=0 block_puts=1 deleted=0
checkpoint_phase lsn=20312 phase=value_index_schedule slot=0 started_ns=1790162939551210000 ended_ns=1790162939599805667 elapsed_us=48595 block_gets=0 block_puts=4 deleted=0
checkpoint_phase lsn=20312 phase=value_index_schedule slot=0 started_ns=1790162939599828000 ended_ns=1790162939599828292 elapsed_us=0 block_gets=0 block_puts=0 deleted=0
checkpoint_phase lsn=20312 phase=value_index_write slot=0 started_ns=1790162939599836000 ended_ns=1790162939627159875 elapsed_us=27323 block_gets=0 block_puts=4 deleted=0
checkpoint_phase lsn=20312 phase=value_index_write slot=0 started_ns=1790162939627179000 ended_ns=1790162939651337208 elapsed_us=24158 block_gets=0 block_puts=4 deleted=0
checkpoint_phase lsn=20312 phase=value_index_write slot=0 started_ns=1790162939651354000 ended_ns=1790162939669963250 elapsed_us=18609 block_gets=0 block_puts=4 deleted=0
checkpoint_phase lsn=20312 phase=value_index_write slot=0 started_ns=1790162939669984000 ended_ns=1790162939684896458 elapsed_us=14912 block_gets=0 block_puts=4 deleted=0
checkpoint_phase lsn=20312 phase=value_index_write slot=0 started_ns=1790162939684916000 ended_ns=1790162939699257709 elapsed_us=14341 block_gets=0 block_puts=4 deleted=0
checkpoint_phase lsn=20312 phase=value_index_write slot=0 started_ns=1790162939699279000 ended_ns=1790162939718686875 elapsed_us=19407 block_gets=0 block_puts=4 deleted=0
checkpoint_phase lsn=20312 phase=value_index_write slot=0 started_ns=1790162939718709000 ended_ns=1790162939748338459 elapsed_us=29629 block_gets=0 block_puts=4 deleted=0
checkpoint_phase lsn=20312 phase=value_index_write slot=0 started_ns=1790162939748357000 ended_ns=1790162939779775542 elapsed_us=31418 block_gets=0 block_puts=4 deleted=0
checkpoint_phase lsn=20312 phase=value_index_write slot=0 started_ns=1790162939779796000 ended_ns=1790162939819946042 elapsed_us=40150 block_gets=0 block_puts=4 deleted=0
checkpoint_phase lsn=20312 phase=value_index_write slot=0 started_ns=1790162939819993000 ended_ns=1790162939847550667 elapsed_us=27557 block_gets=0 block_puts=4 deleted=0
checkpoint_phase lsn=20312 phase=value_index_write slot=0 started_ns=1790162939847571000 ended_ns=1790162939863801542 elapsed_us=16230 block_gets=0 block_puts=4 deleted=0
checkpoint_phase lsn=20312 phase=value_index_write slot=0 started_ns=1790162939863822000 ended_ns=1790162939877124917 elapsed_us=13302 block_gets=0 block_puts=4 deleted=0
checkpoint_phase lsn=20312 phase=value_index_write slot=0 started_ns=1790162939877146000 ended_ns=1790162939893480833 elapsed_us=16334 block_gets=0 block_puts=4 deleted=0
checkpoint_phase lsn=20312 phase=value_index_write slot=0 started_ns=1790162939893500000 ended_ns=1790162939913034125 elapsed_us=19534 block_gets=0 block_puts=4 deleted=0
checkpoint_phase lsn=20312 phase=value_index_write slot=0 started_ns=1790162939913052000 ended_ns=1790162939937583208 elapsed_us=24531 block_gets=0 block_puts=4 deleted=0
checkpoint_phase lsn=20312 phase=value_index_write slot=0 started_ns=1790162939937599000 ended_ns=1790162939962984042 elapsed_us=25385 block_gets=0 block_puts=4 deleted=0
checkpoint_phase lsn=20312 phase=value_index_write slot=0 started_ns=1790162939963006000 ended_ns=1790162939992039958 elapsed_us=29033 block_gets=0 block_puts=4 deleted=0
checkpoint_phase lsn=20312 phase=value_index_write slot=0 started_ns=1790162939992058000 ended_ns=1790162940008014917 elapsed_us=15956 block_gets=0 block_puts=4 deleted=0
checkpoint_phase lsn=20312 phase=value_index_write slot=0 started_ns=1790162940008033000 ended_ns=1790162940019717250 elapsed_us=11684 block_gets=0 block_puts=4 deleted=0
checkpoint_phase lsn=20312 phase=value_index_write slot=0 started_ns=1790162940019741000 ended_ns=1790162940031104666 elapsed_us=11363 block_gets=0 block_puts=4 deleted=0
checkpoint_phase lsn=20312 phase=value_index_write slot=0 started_ns=1790162940031122000 ended_ns=1790162940061353250 elapsed_us=30231 block_gets=0 block_puts=4 deleted=0
checkpoint_phase lsn=20312 phase=value_index_write slot=0 started_ns=1790162940061372000 ended_ns=1790162940102197500 elapsed_us=40825 block_gets=0 block_puts=4 deleted=0
checkpoint_phase lsn=20312 phase=value_index_write slot=0 started_ns=1790162940102213000 ended_ns=1790162940133593542 elapsed_us=31380 block_gets=0 block_puts=4 deleted=0
checkpoint_phase lsn=20312 phase=value_index_write slot=0 started_ns=1790162940133612000 ended_ns=1790162940148615083 elapsed_us=15003 block_gets=0 block_puts=4 deleted=0
checkpoint_phase lsn=20312 phase=value_index_write slot=0 started_ns=1790162940148635000 ended_ns=1790162940169841917 elapsed_us=21206 block_gets=0 block_puts=4 deleted=0
checkpoint_phase lsn=20312 phase=value_index_write slot=0 started_ns=1790162940169864000 ended_ns=1790162940183924750 elapsed_us=14060 block_gets=0 block_puts=4 deleted=0
checkpoint_phase lsn=20312 phase=value_index_write slot=0 started_ns=1790162940183944000 ended_ns=1790162940205395417 elapsed_us=21451 block_gets=0 block_puts=4 deleted=0
checkpoint_phase lsn=20312 phase=value_index_write slot=0 started_ns=1790162940205414000 ended_ns=1790162940248379708 elapsed_us=42965 block_gets=0 block_puts=4 deleted=0
checkpoint_phase lsn=20312 phase=value_index_write slot=0 started_ns=1790162940248400000 ended_ns=1790162940273171167 elapsed_us=24771 block_gets=0 block_puts=4 deleted=0
checkpoint_phase lsn=20312 phase=value_index_write slot=0 started_ns=1790162940273192000 ended_ns=1790162940291550708 elapsed_us=18358 block_gets=0 block_puts=4 deleted=0
checkpoint_phase lsn=20312 phase=value_index_write slot=0 started_ns=1790162940291569000 ended_ns=1790162940305811333 elapsed_us=14242 block_gets=0 block_puts=4 deleted=0
checkpoint_phase lsn=20312 phase=value_index_write slot=0 started_ns=1790162940305841000 ended_ns=1790162940319878375 elapsed_us=14037 block_gets=0 block_puts=4 deleted=0
checkpoint_phase lsn=20312 phase=value_index_write slot=0 started_ns=1790162940319898000 ended_ns=1790162940354692750 elapsed_us=34794 block_gets=0 block_puts=5 deleted=0
checkpoint_phase lsn=20312 phase=value_index_write slot=0 started_ns=1790162940354725000 ended_ns=1790162940379597542 elapsed_us=24872 block_gets=0 block_puts=4 deleted=0
checkpoint_phase lsn=20312 phase=value_index_write slot=0 started_ns=1790162940379615000 ended_ns=1790162940408027167 elapsed_us=28412 block_gets=0 block_puts=4 deleted=0
checkpoint_phase lsn=20312 phase=value_index_write slot=0 started_ns=1790162940408045000 ended_ns=1790162940436354708 elapsed_us=28309 block_gets=0 block_puts=4 deleted=0
checkpoint_phase lsn=20312 phase=value_index_write slot=0 started_ns=1790162940436376000 ended_ns=1790162940449632416 elapsed_us=13256 block_gets=0 block_puts=4 deleted=0
checkpoint_phase lsn=20312 phase=value_index_write slot=0 started_ns=1790162940449652000 ended_ns=1790162940460580292 elapsed_us=10928 block_gets=0 block_puts=4 deleted=0
checkpoint_phase lsn=20312 phase=value_index_write slot=0 started_ns=1790162940460599000 ended_ns=1790162940470216417 elapsed_us=9617 block_gets=0 block_puts=4 deleted=0
checkpoint_phase lsn=20312 phase=value_index_write slot=0 started_ns=1790162940470235000 ended_ns=1790162940493511500 elapsed_us=23276 block_gets=0 block_puts=4 deleted=0
checkpoint_phase lsn=20312 phase=value_index_write slot=0 started_ns=1790162940493541000 ended_ns=1790162940536644792 elapsed_us=43103 block_gets=0 block_puts=5 deleted=0
checkpoint_phase lsn=20312 phase=value_index_write slot=0 started_ns=1790162940536662000 ended_ns=1790162940555063458 elapsed_us=18401 block_gets=0 block_puts=4 deleted=0
checkpoint_phase lsn=20312 phase=value_index_write slot=0 started_ns=1790162940555082000 ended_ns=1790162940572326917 elapsed_us=17244 block_gets=0 block_puts=4 deleted=0
checkpoint_phase lsn=20312 phase=value_index_write slot=0 started_ns=1790162940572344000 ended_ns=1790162940586057292 elapsed_us=13713 block_gets=0 block_puts=4 deleted=0
checkpoint_phase lsn=20312 phase=value_index_write slot=0 started_ns=1790162940586075000 ended_ns=1790162940602428834 elapsed_us=16353 block_gets=0 block_puts=4 deleted=0
checkpoint_phase lsn=20312 phase=value_index_write slot=0 started_ns=1790162940602450000 ended_ns=1790162940619201042 elapsed_us=16751 block_gets=0 block_puts=4 deleted=0
checkpoint_phase lsn=20312 phase=value_index_write slot=0 started_ns=1790162940619220000 ended_ns=1790162940640310500 elapsed_us=21090 block_gets=0 block_puts=4 deleted=0
checkpoint_phase lsn=20312 phase=value_index_write slot=0 started_ns=1790162940640327000 ended_ns=1790162940675369333 elapsed_us=35042 block_gets=0 block_puts=4 deleted=0
checkpoint_phase lsn=20312 phase=value_index_write slot=0 started_ns=1790162940675390000 ended_ns=1790162940714502792 elapsed_us=39112 block_gets=0 block_puts=5 deleted=0
checkpoint_phase lsn=20312 phase=value_index_write slot=0 started_ns=1790162940714522000 ended_ns=1790162940724949625 elapsed_us=10427 block_gets=0 block_puts=4 deleted=0
checkpoint_phase lsn=20312 phase=value_index_write slot=0 started_ns=1790162940724967000 ended_ns=1790162940739764083 elapsed_us=14797 block_gets=0 block_puts=4 deleted=0
checkpoint_phase lsn=20312 phase=value_index_write slot=0 started_ns=1790162940739781000 ended_ns=1790162940755797292 elapsed_us=16016 block_gets=0 block_puts=4 deleted=0
checkpoint_phase lsn=20312 phase=value_index_write slot=0 started_ns=1790162940755817000 ended_ns=1790162940775857959 elapsed_us=20040 block_gets=0 block_puts=4 deleted=0
checkpoint_phase lsn=20312 phase=value_index_write slot=0 started_ns=1790162940775874000 ended_ns=1790162940800946542 elapsed_us=25072 block_gets=0 block_puts=4 deleted=0
checkpoint_phase lsn=20312 phase=value_index_write slot=0 started_ns=1790162940800974000 ended_ns=1790162940821883500 elapsed_us=20909 block_gets=0 block_puts=4 deleted=0
checkpoint_phase lsn=20312 phase=value_index_write slot=0 started_ns=1790162940821902000 ended_ns=1790162940846521833 elapsed_us=24619 block_gets=0 block_puts=4 deleted=0
checkpoint_phase lsn=20312 phase=value_index_write slot=0 started_ns=1790162940846540000 ended_ns=1790162940876239875 elapsed_us=29699 block_gets=0 block_puts=5 deleted=0
checkpoint_phase lsn=20312 phase=value_index_write slot=0 started_ns=1790162940876264000 ended_ns=1790162940900880708 elapsed_us=24616 block_gets=0 block_puts=4 deleted=0
checkpoint_phase lsn=20312 phase=value_index_write slot=0 started_ns=1790162940900897000 ended_ns=1790162940921517959 elapsed_us=20620 block_gets=0 block_puts=4 deleted=0
checkpoint_phase lsn=20312 phase=value_index_write slot=0 started_ns=1790162940921539000 ended_ns=1790162940930867042 elapsed_us=9328 block_gets=0 block_puts=4 deleted=0
checkpoint_phase lsn=20312 phase=value_index_write slot=0 started_ns=1790162940930888000 ended_ns=1790162940939758458 elapsed_us=8870 block_gets=0 block_puts=4 deleted=0
checkpoint_phase lsn=20312 phase=value_index_write slot=0 started_ns=1790162940939775000 ended_ns=1790162940960635917 elapsed_us=20860 block_gets=0 block_puts=4 deleted=0
checkpoint_phase lsn=20312 phase=value_index_write slot=0 started_ns=1790162940960654000 ended_ns=1790162940991815500 elapsed_us=31161 block_gets=0 block_puts=4 deleted=0
checkpoint_phase lsn=20312 phase=value_index_write slot=0 started_ns=1790162940991833000 ended_ns=1790162941027334250 elapsed_us=35501 block_gets=0 block_puts=4 deleted=0
checkpoint_phase lsn=20312 phase=value_index_write slot=0 started_ns=1790162941027352000 ended_ns=1790162941059831458 elapsed_us=32479 block_gets=0 block_puts=5 deleted=0
checkpoint_phase lsn=20312 phase=value_index_write slot=0 started_ns=1790162941059850000 ended_ns=1790162941071860959 elapsed_us=12010 block_gets=0 block_puts=4 deleted=0
checkpoint_phase lsn=20312 phase=value_index_write slot=0 started_ns=1790162941071900000 ended_ns=1790162941080712666 elapsed_us=8812 block_gets=0 block_puts=4 deleted=0
checkpoint_phase lsn=20312 phase=value_index_write slot=0 started_ns=1790162941080730000 ended_ns=1790162941091492125 elapsed_us=10762 block_gets=0 block_puts=4 deleted=0
checkpoint_phase lsn=20312 phase=value_index_write slot=0 started_ns=1790162941091510000 ended_ns=1790162941100078417 elapsed_us=8568 block_gets=0 block_puts=4 deleted=0
checkpoint_phase lsn=20312 phase=value_index_write slot=0 started_ns=1790162941100096000 ended_ns=1790162941122979708 elapsed_us=22883 block_gets=0 block_puts=4 deleted=0
checkpoint_phase lsn=20312 phase=value_index_write slot=0 started_ns=1790162941122999000 ended_ns=1790162941153188416 elapsed_us=30189 block_gets=0 block_puts=4 deleted=0
checkpoint_phase lsn=20312 phase=value_index_write slot=0 started_ns=1790162941153205000 ended_ns=1790162941174218334 elapsed_us=21013 block_gets=0 block_puts=4 deleted=0
checkpoint_phase lsn=20312 phase=value_index_write slot=0 started_ns=1790162941174237000 ended_ns=1790162941209879375 elapsed_us=35642 block_gets=0 block_puts=5 deleted=0
checkpoint_phase lsn=20312 phase=value_index_write slot=0 started_ns=1790162941209899000 ended_ns=1790162941223183125 elapsed_us=13284 block_gets=0 block_puts=4 deleted=0
checkpoint_phase lsn=20312 phase=value_index_write slot=0 started_ns=1790162941223204000 ended_ns=1790162941238613709 elapsed_us=15409 block_gets=0 block_puts=4 deleted=0
checkpoint_phase lsn=20312 phase=value_index_write slot=0 started_ns=1790162941238631000 ended_ns=1790162941261249917 elapsed_us=22618 block_gets=0 block_puts=4 deleted=0
checkpoint_phase lsn=20312 phase=value_index_write slot=0 started_ns=1790162941261269000 ended_ns=1790162941285622666 elapsed_us=24353 block_gets=0 block_puts=4 deleted=0
checkpoint_phase lsn=20312 phase=value_index_write slot=0 started_ns=1790162941285641000 ended_ns=1790162941319483041 elapsed_us=33842 block_gets=0 block_puts=4 deleted=0
checkpoint_phase lsn=20312 phase=value_index_write slot=0 started_ns=1790162941319502000 ended_ns=1790162941341667500 elapsed_us=22165 block_gets=0 block_puts=4 deleted=0
checkpoint_phase lsn=20312 phase=value_index_write slot=0 started_ns=1790162941341688000 ended_ns=1790162941355842416 elapsed_us=14154 block_gets=0 block_puts=4 deleted=0
checkpoint_phase lsn=20312 phase=value_index_write slot=0 started_ns=1790162941355861000 ended_ns=1790162941375446000 elapsed_us=19585 block_gets=0 block_puts=5 deleted=0
checkpoint_phase lsn=20312 phase=value_index_write slot=0 started_ns=1790162941375473000 ended_ns=1790162941387968667 elapsed_us=12495 block_gets=0 block_puts=4 deleted=0
checkpoint_phase lsn=20312 phase=value_index_write slot=0 started_ns=1790162941387988000 ended_ns=1790162941412486500 elapsed_us=24498 block_gets=0 block_puts=4 deleted=0
checkpoint_phase lsn=20312 phase=value_index_write slot=0 started_ns=1790162941412505000 ended_ns=1790162941441414250 elapsed_us=28909 block_gets=0 block_puts=4 deleted=0
checkpoint_phase lsn=20312 phase=value_index_write slot=0 started_ns=1790162941441433000 ended_ns=1790162941472282208 elapsed_us=30849 block_gets=0 block_puts=4 deleted=0
checkpoint_phase lsn=20312 phase=value_index_write slot=0 started_ns=1790162941472302000 ended_ns=1790162941496052875 elapsed_us=23750 block_gets=0 block_puts=4 deleted=0
checkpoint_phase lsn=20312 phase=value_index_write slot=0 started_ns=1790162941496074000 ended_ns=1790162941512303833 elapsed_us=16229 block_gets=0 block_puts=4 deleted=0
checkpoint_phase lsn=20312 phase=value_index_write slot=0 started_ns=1790162941512329000 ended_ns=1790162941528980625 elapsed_us=16651 block_gets=0 block_puts=4 deleted=0
checkpoint_phase lsn=20312 phase=value_index_write slot=0 started_ns=1790162941529002000 ended_ns=1790162941563520666 elapsed_us=34518 block_gets=0 block_puts=5 deleted=0
checkpoint_phase lsn=20312 phase=value_index_write slot=0 started_ns=1790162941563539000 ended_ns=1790162941590979666 elapsed_us=27440 block_gets=0 block_puts=4 deleted=0
checkpoint_phase lsn=20312 phase=value_index_write slot=0 started_ns=1790162941590997000 ended_ns=1790162941620046458 elapsed_us=29049 block_gets=0 block_puts=4 deleted=0
checkpoint_phase lsn=20312 phase=value_index_write slot=0 started_ns=1790162941620064000 ended_ns=1790162941640229458 elapsed_us=20165 block_gets=0 block_puts=4 deleted=0
checkpoint_phase lsn=20312 phase=value_index_write slot=0 started_ns=1790162941640248000 ended_ns=1790162941654747125 elapsed_us=14499 block_gets=0 block_puts=4 deleted=0
checkpoint_phase lsn=20312 phase=value_index_write slot=0 started_ns=1790162941654765000 ended_ns=1790162941670511583 elapsed_us=15746 block_gets=0 block_puts=4 deleted=0
checkpoint_phase lsn=20312 phase=value_index_write slot=0 started_ns=1790162941670535000 ended_ns=1790162941683666416 elapsed_us=13131 block_gets=0 block_puts=4 deleted=0
checkpoint_phase lsn=20312 phase=value_index_write slot=0 started_ns=1790162941683687000 ended_ns=1790162941712504958 elapsed_us=28817 block_gets=0 block_puts=4 deleted=0
checkpoint_phase lsn=20312 phase=value_index_write slot=0 started_ns=1790162941712523000 ended_ns=1790162941747143125 elapsed_us=34620 block_gets=0 block_puts=5 deleted=0
checkpoint_phase lsn=20312 phase=value_index_write slot=0 started_ns=1790162941747167000 ended_ns=1790162941778337834 elapsed_us=31170 block_gets=0 block_puts=4 deleted=0
checkpoint_phase lsn=20312 phase=value_index_write slot=0 started_ns=1790162941778360000 ended_ns=1790162941793559834 elapsed_us=15199 block_gets=0 block_puts=4 deleted=0
checkpoint_phase lsn=20312 phase=value_index_write slot=0 started_ns=1790162941793579000 ended_ns=1790162941806165208 elapsed_us=12586 block_gets=0 block_puts=4 deleted=0
checkpoint_phase lsn=20312 phase=value_index_write slot=0 started_ns=1790162941806189000 ended_ns=1790162941830839958 elapsed_us=24650 block_gets=0 block_puts=4 deleted=0
checkpoint_phase lsn=20312 phase=value_index_write slot=0 started_ns=1790162941830859000 ended_ns=1790162941861845333 elapsed_us=30986 block_gets=0 block_puts=4 deleted=0
checkpoint_phase lsn=20312 phase=value_index_write slot=0 started_ns=1790162941861866000 ended_ns=1790162941896937708 elapsed_us=35071 block_gets=0 block_puts=4 deleted=0
checkpoint_phase lsn=20312 phase=value_index_write slot=0 started_ns=1790162941896962000 ended_ns=1790162941922211791 elapsed_us=25249 block_gets=0 block_puts=4 deleted=0
checkpoint_phase lsn=20312 phase=value_index_write slot=0 started_ns=1790162941922230000 ended_ns=1790162941955775416 elapsed_us=33545 block_gets=0 block_puts=5 deleted=0
checkpoint_phase lsn=20312 phase=value_index_write slot=0 started_ns=1790162941955809000 ended_ns=1790162941978590666 elapsed_us=22781 block_gets=0 block_puts=4 deleted=0
checkpoint_phase lsn=20312 phase=value_index_write slot=0 started_ns=1790162941978609000 ended_ns=1790162941990457458 elapsed_us=11848 block_gets=0 block_puts=4 deleted=0
checkpoint_phase lsn=20312 phase=value_index_write slot=0 started_ns=1790162941990480000 ended_ns=1790162942003227917 elapsed_us=12747 block_gets=0 block_puts=4 deleted=0
checkpoint_phase lsn=20312 phase=value_index_write slot=0 started_ns=1790162942003249000 ended_ns=1790162942024951459 elapsed_us=21702 block_gets=0 block_puts=4 deleted=0
checkpoint_phase lsn=20312 phase=value_index_write slot=0 started_ns=1790162942024969000 ended_ns=1790162942102379959 elapsed_us=77410 block_gets=0 block_puts=4 deleted=0
checkpoint_phase lsn=20312 phase=value_index_write slot=0 started_ns=1790162942102399000 ended_ns=1790162942123637875 elapsed_us=21238 block_gets=0 block_puts=4 deleted=0
checkpoint_phase lsn=20312 phase=value_index_write slot=0 started_ns=1790162942123661000 ended_ns=1790162942140921750 elapsed_us=17260 block_gets=0 block_puts=4 deleted=0
checkpoint_phase lsn=20312 phase=value_index_write slot=0 started_ns=1790162942140953000 ended_ns=1790162942155102875 elapsed_us=14149 block_gets=0 block_puts=5 deleted=0
checkpoint_phase lsn=20312 phase=value_index_write slot=0 started_ns=1790162942155121000 ended_ns=1790162942166975084 elapsed_us=11854 block_gets=0 block_puts=4 deleted=0
checkpoint_phase lsn=20312 phase=value_index_write slot=0 started_ns=1790162942166992000 ended_ns=1790162942195652208 elapsed_us=28660 block_gets=0 block_puts=4 deleted=0
checkpoint_phase lsn=20312 phase=value_index_write slot=0 started_ns=1790162942195673000 ended_ns=1790162942234007583 elapsed_us=38334 block_gets=0 block_puts=4 deleted=0
checkpoint_phase lsn=20312 phase=value_index_write slot=0 started_ns=1790162942234026000 ended_ns=1790162942264729667 elapsed_us=30703 block_gets=0 block_puts=4 deleted=0
checkpoint_phase lsn=20312 phase=value_index_write slot=0 started_ns=1790162942264750000 ended_ns=1790162942293488625 elapsed_us=28738 block_gets=0 block_puts=4 deleted=0
checkpoint_phase lsn=20312 phase=value_index_write slot=0 started_ns=1790162942293506000 ended_ns=1790162942315335709 elapsed_us=21829 block_gets=0 block_puts=4 deleted=0
checkpoint_phase lsn=20312 phase=value_index_write slot=0 started_ns=1790162942315355000 ended_ns=1790162942334711500 elapsed_us=19356 block_gets=0 block_puts=4 deleted=0
checkpoint_phase lsn=20312 phase=value_index_write slot=0 started_ns=1790162942334732000 ended_ns=1790162942440915083 elapsed_us=106183 block_gets=0 block_puts=5 deleted=0
checkpoint_phase lsn=20312 phase=value_index_write slot=0 started_ns=1790162942440935000 ended_ns=1790162942451564458 elapsed_us=10629 block_gets=0 block_puts=4 deleted=0
checkpoint_phase lsn=20312 phase=value_index_write slot=0 started_ns=1790162942451582000 ended_ns=1790162942477818167 elapsed_us=26236 block_gets=0 block_puts=4 deleted=0
checkpoint_phase lsn=20312 phase=value_index_write slot=0 started_ns=1790162942477837000 ended_ns=1790162942507026750 elapsed_us=29189 block_gets=0 block_puts=4 deleted=0
checkpoint_phase lsn=20312 phase=value_index_write slot=0 started_ns=1790162942507045000 ended_ns=1790162942537651000 elapsed_us=30606 block_gets=0 block_puts=4 deleted=0
checkpoint_phase lsn=20312 phase=value_index_write slot=0 started_ns=1790162942537671000 ended_ns=1790162942558221042 elapsed_us=20550 block_gets=0 block_puts=4 deleted=0
checkpoint_phase lsn=20312 phase=value_index_write slot=0 started_ns=1790162942558239000 ended_ns=1790162942571038792 elapsed_us=12799 block_gets=0 block_puts=4 deleted=0
checkpoint_phase lsn=20312 phase=value_index_write slot=0 started_ns=1790162942571057000 ended_ns=1790162942585872500 elapsed_us=14815 block_gets=0 block_puts=4 deleted=0
checkpoint_phase lsn=20312 phase=value_index_write slot=0 started_ns=1790162942585891000 ended_ns=1790162942604652167 elapsed_us=18761 block_gets=0 block_puts=5 deleted=0
checkpoint_phase lsn=20312 phase=value_index_write slot=0 started_ns=1790162942604678000 ended_ns=1790162942639319083 elapsed_us=34641 block_gets=0 block_puts=4 deleted=0
checkpoint_phase lsn=20312 phase=value_index_write slot=0 started_ns=1790162942639338000 ended_ns=1790162942665948250 elapsed_us=26610 block_gets=0 block_puts=4 deleted=0
checkpoint_phase lsn=20312 phase=value_index_write slot=0 started_ns=1790162942665968000 ended_ns=1790162942697729500 elapsed_us=31761 block_gets=0 block_puts=5 deleted=0
checkpoint_phase lsn=20312 phase=value_index_schedule slot=0 started_ns=1790162942697756000 ended_ns=1790162942697759583 elapsed_us=3 block_gets=0 block_puts=0 deleted=0
checkpoint_phase lsn=20312 phase=value_index_schedule slot=0 started_ns=1790162942697769000 ended_ns=1790162942698675917 elapsed_us=906 block_gets=0 block_puts=0 deleted=0
checkpoint_phase lsn=20312 phase=value_index_schedule slot=0 started_ns=1790162942698703000 ended_ns=1790162942727125083 elapsed_us=28422 block_gets=8 block_puts=0 deleted=0
checkpoint_phase lsn=20312 phase=value_index_schedule slot=0 started_ns=1790162942727141000 ended_ns=1790162942747942250 elapsed_us=20801 block_gets=8 block_puts=0 deleted=0
checkpoint_phase lsn=20312 phase=value_index_schedule slot=0 started_ns=1790162942747962000 ended_ns=1790162942751016000 elapsed_us=3054 block_gets=3 block_puts=0 deleted=0
checkpoint_phase lsn=20312 phase=value_index_schedule slot=0 started_ns=1790162942751030000 ended_ns=1790162942751059167 elapsed_us=29 block_gets=0 block_puts=0 deleted=0
checkpoint_phase lsn=20312 phase=value_index_schedule slot=0 started_ns=1790162942751066000 ended_ns=1790162942751088667 elapsed_us=22 block_gets=0 block_puts=0 deleted=0
checkpoint_phase lsn=20312 phase=value_index_schedule slot=0 started_ns=1790162942751094000 ended_ns=1790162942751116625 elapsed_us=22 block_gets=0 block_puts=0 deleted=0
checkpoint_phase lsn=20312 phase=value_index_schedule slot=0 started_ns=1790162942751122000 ended_ns=1790162942756260167 elapsed_us=5138 block_gets=0 block_puts=1 deleted=0
checkpoint_phase lsn=20312 phase=value_index_schedule slot=0 started_ns=1790162942756282000 ended_ns=1790162942756322042 elapsed_us=40 block_gets=0 block_puts=0 deleted=0
checkpoint_phase lsn=20312 phase=value_index_schedule slot=0 started_ns=1790162942756329000 ended_ns=1790162942768084000 elapsed_us=11755 block_gets=0 block_puts=4 deleted=0
checkpoint_phase lsn=20312 phase=value_index_schedule slot=0 started_ns=1790162942768111000 ended_ns=1790162942778080667 elapsed_us=9969 block_gets=8 block_puts=0 deleted=0
checkpoint_phase lsn=20312 phase=value_index_schedule slot=0 started_ns=1790162942778100000 ended_ns=1790162942784831042 elapsed_us=6731 block_gets=8 block_puts=0 deleted=0
checkpoint_phase lsn=20312 phase=value_index_schedule slot=0 started_ns=1790162942784850000 ended_ns=1790162942791586166 elapsed_us=6736 block_gets=8 block_puts=0 deleted=0
checkpoint_phase lsn=20312 phase=value_index_schedule slot=0 started_ns=1790162942791604000 ended_ns=1790162942807307708 elapsed_us=15703 block_gets=8 block_puts=0 deleted=0
checkpoint_phase lsn=20312 phase=value_index_schedule slot=0 started_ns=1790162942807325000 ended_ns=1790162942838992291 elapsed_us=31667 block_gets=8 block_puts=0 deleted=0
checkpoint_phase lsn=20312 phase=value_index_schedule slot=0 started_ns=1790162942839012000 ended_ns=1790162942858980125 elapsed_us=19968 block_gets=8 block_puts=0 deleted=0
checkpoint_phase lsn=20312 phase=value_index_schedule slot=0 started_ns=1790162942858998000 ended_ns=1790162942879466542 elapsed_us=20468 block_gets=8 block_puts=0 deleted=0
checkpoint_phase lsn=20312 phase=value_index_schedule slot=0 started_ns=1790162942879486000 ended_ns=1790162942899860708 elapsed_us=20374 block_gets=8 block_puts=0 deleted=0
checkpoint_phase lsn=20312 phase=value_index_schedule slot=0 started_ns=1790162942899881000 ended_ns=1790162942917294667 elapsed_us=17413 block_gets=8 block_puts=0 deleted=0
checkpoint_phase lsn=20312 phase=value_index_schedule slot=0 started_ns=1790162942917314000 ended_ns=1790162942937921250 elapsed_us=20607 block_gets=8 block_puts=0 deleted=0
checkpoint_phase lsn=20312 phase=value_index_schedule slot=0 started_ns=1790162942937953000 ended_ns=1790162942945726208 elapsed_us=7773 block_gets=8 block_puts=0 deleted=0
checkpoint_phase lsn=20312 phase=value_index_schedule slot=0 started_ns=1790162942945747000 ended_ns=1790162942953108125 elapsed_us=7361 block_gets=7 block_puts=0 deleted=0
checkpoint_phase lsn=20312 phase=value_index_schedule slot=0 started_ns=1790162942953130000 ended_ns=1790162942953157334 elapsed_us=27 block_gets=0 block_puts=0 deleted=0
checkpoint_phase lsn=20312 phase=value_index_schedule slot=0 started_ns=1790162942953167000 ended_ns=1790162942953189417 elapsed_us=22 block_gets=0 block_puts=0 deleted=0
checkpoint_phase lsn=20312 phase=value_index_schedule slot=0 started_ns=1790162942953195000 ended_ns=1790162942953217333 elapsed_us=22 block_gets=0 block_puts=0 deleted=0
checkpoint_phase lsn=20312 phase=value_index_schedule slot=0 started_ns=1790162942953223000 ended_ns=1790162942958753042 elapsed_us=5530 block_gets=0 block_puts=1 deleted=0
checkpoint_phase lsn=20312 phase=value_index_schedule slot=0 started_ns=1790162942958772000 ended_ns=1790162942958818375 elapsed_us=46 block_gets=0 block_puts=0 deleted=0
checkpoint_phase lsn=20312 phase=value_index_schedule slot=0 started_ns=1790162942958867000 ended_ns=1790162942975718292 elapsed_us=16851 block_gets=0 block_puts=4 deleted=0
checkpoint_phase lsn=20312 phase=value_index_schedule slot=0 started_ns=1790162942975738000 ended_ns=1790162942976450708 elapsed_us=712 block_gets=0 block_puts=0 deleted=0
checkpoint_phase lsn=20312 phase=value_index_schedule slot=0 started_ns=1790162942976477000 ended_ns=1790162942976627584 elapsed_us=150 block_gets=0 block_puts=0 deleted=0
checkpoint_phase lsn=20312 phase=value_index_schedule slot=0 started_ns=1790162942976637000 ended_ns=1790162942976775291 elapsed_us=138 block_gets=0 block_puts=0 deleted=0
checkpoint_phase lsn=20312 phase=value_index_schedule slot=0 started_ns=1790162942976782000 ended_ns=1790162942976917459 elapsed_us=135 block_gets=0 block_puts=0 deleted=0
checkpoint_phase lsn=20312 phase=value_index_schedule slot=0 started_ns=1790162942976926000 ended_ns=1790162942982727500 elapsed_us=5801 block_gets=0 block_puts=1 deleted=0
checkpoint_phase lsn=20312 phase=value_index_schedule slot=0 started_ns=1790162942982752000 ended_ns=1790162942982895250 elapsed_us=143 block_gets=0 block_puts=0 deleted=0
checkpoint_phase lsn=20312 phase=value_index_schedule slot=0 started_ns=1790162942982906000 ended_ns=1790162942983044208 elapsed_us=138 block_gets=0 block_puts=0 deleted=0
checkpoint_phase lsn=20312 phase=value_index_schedule slot=0 started_ns=1790162942983061000 ended_ns=1790162942983216084 elapsed_us=155 block_gets=0 block_puts=0 deleted=0
checkpoint_phase lsn=20312 phase=value_index_schedule slot=0 started_ns=1790162942983227000 ended_ns=1790162942996651292 elapsed_us=13424 block_gets=0 block_puts=1 deleted=0
checkpoint_phase lsn=20312 phase=value_index_schedule slot=0 started_ns=1790162942996670000 ended_ns=1790162942996746333 elapsed_us=76 block_gets=0 block_puts=0 deleted=0
checkpoint_phase lsn=20312 phase=value_index_schedule slot=0 started_ns=1790162942996753000 ended_ns=1790162942996825958 elapsed_us=72 block_gets=0 block_puts=0 deleted=0
checkpoint_phase lsn=20312 phase=value_index_schedule slot=0 started_ns=1790162942996832000 ended_ns=1790162942996885958 elapsed_us=53 block_gets=0 block_puts=0 deleted=0
checkpoint_phase lsn=20312 phase=value_index_schedule slot=0 started_ns=1790162942996891000 ended_ns=1790162943078827375 elapsed_us=81936 block_gets=0 block_puts=4 deleted=0
checkpoint_phase lsn=20312 phase=value_index_schedule slot=0 started_ns=1790162943078847000 ended_ns=1790162943081949125 elapsed_us=3102 block_gets=0 block_puts=0 deleted=0
checkpoint_phase lsn=20312 phase=value_index_schedule slot=0 started_ns=1790162943081974000 ended_ns=1790162943084624083 elapsed_us=2650 block_gets=0 block_puts=0 deleted=0
checkpoint_phase lsn=20312 phase=value_index_schedule slot=0 started_ns=1790162943084661000 ended_ns=1790162943084688292 elapsed_us=27 block_gets=0 block_puts=0 deleted=0
checkpoint_phase lsn=20312 phase=value_index_schedule slot=0 started_ns=1790162943084695000 ended_ns=1790162943084717792 elapsed_us=22 block_gets=0 block_puts=0 deleted=0
checkpoint_phase lsn=20312 phase=value_index_schedule slot=0 started_ns=1790162943084724000 ended_ns=1790162943084747125 elapsed_us=23 block_gets=0 block_puts=0 deleted=0
checkpoint_phase lsn=20312 phase=value_index_schedule slot=0 started_ns=1790162943084752000 ended_ns=1790162943091902458 elapsed_us=7150 block_gets=0 block_puts=1 deleted=0
checkpoint_phase lsn=20312 phase=value_index_schedule slot=0 started_ns=1790162943091923000 ended_ns=1790162943091952083 elapsed_us=29 block_gets=0 block_puts=0 deleted=0
checkpoint_phase lsn=20312 phase=value_index_schedule slot=0 started_ns=1790162943091959000 ended_ns=1790162943105706000 elapsed_us=13747 block_gets=0 block_puts=4 deleted=0
checkpoint_phase lsn=20312 phase=value_index_schedule slot=0 started_ns=1790162943105729000 ended_ns=1790162943108739834 elapsed_us=3010 block_gets=0 block_puts=0 deleted=0
checkpoint_phase lsn=20312 phase=value_index_schedule slot=0 started_ns=1790162943108766000 ended_ns=1790162943111423542 elapsed_us=2657 block_gets=0 block_puts=0 deleted=0
checkpoint_phase lsn=20312 phase=value_index_schedule slot=0 started_ns=1790162943111442000 ended_ns=1790162943111470625 elapsed_us=28 block_gets=0 block_puts=0 deleted=0
checkpoint_phase lsn=20312 phase=value_index_schedule slot=0 started_ns=1790162943111479000 ended_ns=1790162943111501666 elapsed_us=22 block_gets=0 block_puts=0 deleted=0
checkpoint_phase lsn=20312 phase=value_index_schedule slot=0 started_ns=1790162943111508000 ended_ns=1790162943111530708 elapsed_us=22 block_gets=0 block_puts=0 deleted=0
checkpoint_phase lsn=20312 phase=value_index_schedule slot=0 started_ns=1790162943111536000 ended_ns=1790162943118277291 elapsed_us=6741 block_gets=0 block_puts=1 deleted=0
checkpoint_phase lsn=20312 phase=value_index_schedule slot=0 started_ns=1790162943118301000 ended_ns=1790162943118333916 elapsed_us=32 block_gets=0 block_puts=0 deleted=0
checkpoint_phase lsn=20312 phase=value_index_schedule slot=0 started_ns=1790162943118341000 ended_ns=1790162943141876459 elapsed_us=23535 block_gets=0 block_puts=4 deleted=0
checkpoint_phase lsn=20312 phase=value_index_schedule slot=0 started_ns=1790162943141901000 ended_ns=1790162943142587958 elapsed_us=686 block_gets=0 block_puts=0 deleted=0
checkpoint_phase lsn=20312 phase=value_index_schedule slot=0 started_ns=1790162943142605000 ended_ns=1790162943142735208 elapsed_us=130 block_gets=0 block_puts=0 deleted=0
checkpoint_phase lsn=20312 phase=value_index_schedule slot=0 started_ns=1790162943142743000 ended_ns=1790162943142866667 elapsed_us=123 block_gets=0 block_puts=0 deleted=0
checkpoint_phase lsn=20312 phase=value_index_schedule slot=0 started_ns=1790162943142872000 ended_ns=1790162943142995417 elapsed_us=123 block_gets=0 block_puts=0 deleted=0
checkpoint_phase lsn=20312 phase=value_index_schedule slot=0 started_ns=1790162943143004000 ended_ns=1790162943165095250 elapsed_us=22091 block_gets=0 block_puts=1 deleted=0
checkpoint_phase lsn=20312 phase=value_index_schedule slot=0 started_ns=1790162943165117000 ended_ns=1790162943165251958 elapsed_us=134 block_gets=0 block_puts=0 deleted=0
checkpoint_phase lsn=20312 phase=value_index_schedule slot=0 started_ns=1790162943165259000 ended_ns=1790162943165473375 elapsed_us=214 block_gets=0 block_puts=0 deleted=0
checkpoint_phase lsn=20312 phase=value_index_schedule slot=0 started_ns=1790162943165496000 ended_ns=1790162943165631209 elapsed_us=135 block_gets=0 block_puts=0 deleted=0
checkpoint_phase lsn=20312 phase=value_index_schedule slot=0 started_ns=1790162943165642000 ended_ns=1790162943184392208 elapsed_us=18750 block_gets=0 block_puts=1 deleted=0
checkpoint_phase lsn=20312 phase=value_index_schedule slot=0 started_ns=1790162943184413000 ended_ns=1790162943184494375 elapsed_us=81 block_gets=0 block_puts=0 deleted=0
checkpoint_phase lsn=20312 phase=value_index_schedule slot=0 started_ns=1790162943184516000 ended_ns=1790162943184595584 elapsed_us=79 block_gets=0 block_puts=0 deleted=0
checkpoint_phase lsn=20312 phase=value_index_schedule slot=0 started_ns=1790162943184602000 ended_ns=1790162943184660000 elapsed_us=58 block_gets=0 block_puts=0 deleted=0
checkpoint_phase lsn=20312 phase=value_index_schedule slot=0 started_ns=1790162943184665000 ended_ns=1790162943221600958 elapsed_us=36935 block_gets=0 block_puts=4 deleted=0
checkpoint_phase lsn=20312 phase=value_index_schedule slot=0 started_ns=1790162943221622000 ended_ns=1790162943222312708 elapsed_us=690 block_gets=0 block_puts=0 deleted=0
checkpoint_phase lsn=20312 phase=value_index_schedule slot=0 started_ns=1790162943222320000 ended_ns=1790162943222457333 elapsed_us=137 block_gets=0 block_puts=0 deleted=0
checkpoint_phase lsn=20312 phase=value_index_schedule slot=0 started_ns=1790162943222466000 ended_ns=1790162943222596166 elapsed_us=130 block_gets=0 block_puts=0 deleted=0
checkpoint_phase lsn=20312 phase=value_index_schedule slot=0 started_ns=1790162943222605000 ended_ns=1790162943222734458 elapsed_us=129 block_gets=0 block_puts=0 deleted=0
checkpoint_phase lsn=20312 phase=value_index_schedule slot=0 started_ns=1790162943222739000 ended_ns=1790162943228267458 elapsed_us=5528 block_gets=0 block_puts=1 deleted=0
checkpoint_phase lsn=20312 phase=value_index_schedule slot=0 started_ns=1790162943228287000 ended_ns=1790162943228419625 elapsed_us=132 block_gets=0 block_puts=0 deleted=0
checkpoint_phase lsn=20312 phase=value_index_schedule slot=0 started_ns=1790162943228429000 ended_ns=1790162943228562000 elapsed_us=133 block_gets=0 block_puts=0 deleted=0
checkpoint_phase lsn=20312 phase=value_index_schedule slot=0 started_ns=1790162943228567000 ended_ns=1790162943228697667 elapsed_us=130 block_gets=0 block_puts=0 deleted=0
checkpoint_phase lsn=20312 phase=value_index_schedule slot=0 started_ns=1790162943228708000 ended_ns=1790162943233971083 elapsed_us=5263 block_gets=0 block_puts=1 deleted=0
checkpoint_phase lsn=20312 phase=value_index_schedule slot=0 started_ns=1790162943233989000 ended_ns=1790162943234711875 elapsed_us=722 block_gets=0 block_puts=0 deleted=0
checkpoint_phase lsn=20312 phase=value_index_schedule slot=0 started_ns=1790162943234722000 ended_ns=1790162943234857958 elapsed_us=135 block_gets=0 block_puts=0 deleted=0
checkpoint_phase lsn=20312 phase=value_index_schedule slot=0 started_ns=1790162943234864000 ended_ns=1790162943234998041 elapsed_us=134 block_gets=0 block_puts=0 deleted=0
checkpoint_phase lsn=20312 phase=value_index_schedule slot=0 started_ns=1790162943235007000 ended_ns=1790162943240858208 elapsed_us=5851 block_gets=0 block_puts=1 deleted=0
checkpoint_phase lsn=20312 phase=value_index_schedule slot=0 started_ns=1790162943240878000 ended_ns=1790162943240922917 elapsed_us=44 block_gets=0 block_puts=0 deleted=0
checkpoint_phase lsn=20312 phase=value_index_schedule slot=0 started_ns=1790162943240929000 ended_ns=1790162943241070375 elapsed_us=141 block_gets=0 block_puts=0 deleted=0
checkpoint_phase lsn=20312 phase=value_index_schedule slot=0 started_ns=1790162943241076000 ended_ns=1790162943247906916 elapsed_us=6830 block_gets=0 block_puts=1 deleted=0
checkpoint_phase lsn=20312 phase=value_index_schedule slot=0 started_ns=1790162943247939000 ended_ns=1790162943248054958 elapsed_us=115 block_gets=0 block_puts=0 deleted=0
checkpoint_phase lsn=20312 phase=value_index_schedule slot=0 started_ns=1790162943248066000 ended_ns=1790162943248174750 elapsed_us=108 block_gets=0 block_puts=0 deleted=0
checkpoint_phase lsn=20312 phase=value_index_schedule slot=0 started_ns=1790162943248183000 ended_ns=1790162943248290958 elapsed_us=107 block_gets=0 block_puts=0 deleted=0
checkpoint_phase lsn=20312 phase=value_index_schedule slot=0 started_ns=1790162943248300000 ended_ns=1790162943255732583 elapsed_us=7432 block_gets=0 block_puts=1 deleted=0
checkpoint_phase lsn=20312 phase=value_index_schedule slot=0 started_ns=1790162943255753000 ended_ns=1790162943255863541 elapsed_us=110 block_gets=0 block_puts=0 deleted=0
checkpoint_phase lsn=20312 phase=value_index_schedule slot=0 started_ns=1790162943255890000 ended_ns=1790162943255992417 elapsed_us=102 block_gets=0 block_puts=0 deleted=0
checkpoint_phase lsn=20312 phase=value_index_schedule slot=0 started_ns=1790162943256004000 ended_ns=1790162943292079625 elapsed_us=36075 block_gets=0 block_puts=4 deleted=0
checkpoint_phase lsn=20312 phase=value_index_schedule slot=0 started_ns=1790162943292099000 ended_ns=1790162943294947833 elapsed_us=2848 block_gets=0 block_puts=0 deleted=0
checkpoint_phase lsn=20312 phase=value_index_schedule slot=0 started_ns=1790162943294959000 ended_ns=1790162943297548375 elapsed_us=2589 block_gets=0 block_puts=0 deleted=0
checkpoint_phase lsn=20312 phase=value_index_schedule slot=0 started_ns=1790162943297557000 ended_ns=1790162943297584000 elapsed_us=27 block_gets=0 block_puts=0 deleted=0
checkpoint_phase lsn=20312 phase=value_index_schedule slot=0 started_ns=1790162943297589000 ended_ns=1790162943297611459 elapsed_us=22 block_gets=0 block_puts=0 deleted=0
checkpoint_phase lsn=20312 phase=value_index_schedule slot=0 started_ns=1790162943297617000 ended_ns=1790162943297639417 elapsed_us=22 block_gets=0 block_puts=0 deleted=0
checkpoint_phase lsn=20312 phase=value_index_schedule slot=0 started_ns=1790162943297645000 ended_ns=1790162943311220458 elapsed_us=13575 block_gets=0 block_puts=1 deleted=0
checkpoint_phase lsn=20312 phase=value_index_schedule slot=0 started_ns=1790162943311243000 ended_ns=1790162943311271583 elapsed_us=28 block_gets=0 block_puts=0 deleted=0
checkpoint_phase lsn=20312 phase=value_index_schedule slot=0 started_ns=1790162943311279000 ended_ns=1790162943360075167 elapsed_us=48796 block_gets=0 block_puts=4 deleted=0
checkpoint_phase lsn=20312 phase=value_index_schedule slot=0 started_ns=1790162943360095000 ended_ns=1790162943362991333 elapsed_us=2896 block_gets=0 block_puts=0 deleted=0
checkpoint_phase lsn=20312 phase=value_index_schedule slot=0 started_ns=1790162943363006000 ended_ns=1790162943363444167 elapsed_us=438 block_gets=0 block_puts=0 deleted=0
checkpoint_phase lsn=20312 phase=value_index_schedule slot=0 started_ns=1790162943363452000 ended_ns=1790162943363479458 elapsed_us=27 block_gets=0 block_puts=0 deleted=0
checkpoint_phase lsn=20312 phase=value_index_schedule slot=0 started_ns=1790162943363485000 ended_ns=1790162943363506958 elapsed_us=21 block_gets=0 block_puts=0 deleted=0
checkpoint_phase lsn=20312 phase=value_index_schedule slot=0 started_ns=1790162943363512000 ended_ns=1790162943363533833 elapsed_us=21 block_gets=0 block_puts=0 deleted=0
checkpoint_phase lsn=20312 phase=value_index_schedule slot=0 started_ns=1790162943363539000 ended_ns=1790162943398296000 elapsed_us=34757 block_gets=0 block_puts=4 deleted=0
checkpoint_phase lsn=20312 phase=value_index_schedule slot=0 started_ns=1790162943398318000 ended_ns=1790162943398492459 elapsed_us=174 block_gets=0 block_puts=0 deleted=0
checkpoint_phase lsn=20312 phase=value_index_schedule slot=0 started_ns=1790162943398502000 ended_ns=1790162943398671625 elapsed_us=169 block_gets=0 block_puts=0 deleted=0
checkpoint_phase lsn=20312 phase=value_index_schedule slot=0 started_ns=1790162943398702000 ended_ns=1790162943398823958 elapsed_us=121 block_gets=0 block_puts=0 deleted=0
checkpoint_phase lsn=20312 phase=value_index_schedule slot=0 started_ns=1790162943398833000 ended_ns=1790162943398949792 elapsed_us=116 block_gets=0 block_puts=0 deleted=0
checkpoint_phase lsn=20312 phase=value_index_schedule slot=0 started_ns=1790162943398956000 ended_ns=1790162943413980833 elapsed_us=15024 block_gets=0 block_puts=1 deleted=0
checkpoint_phase lsn=20312 phase=value_index_schedule slot=0 started_ns=1790162943414000000 ended_ns=1790162943414129000 elapsed_us=129 block_gets=0 block_puts=0 deleted=0
checkpoint_phase lsn=20312 phase=value_index_schedule slot=0 started_ns=1790162943414137000 ended_ns=1790162943414273000 elapsed_us=136 block_gets=0 block_puts=0 deleted=0
checkpoint_phase lsn=20312 phase=value_index_schedule slot=0 started_ns=1790162943414302000 ended_ns=1790162943414465958 elapsed_us=163 block_gets=0 block_puts=0 deleted=0
checkpoint_phase lsn=20312 phase=value_index_schedule slot=0 started_ns=1790162943414496000 ended_ns=1790162943423488750 elapsed_us=8992 block_gets=0 block_puts=1 deleted=0
checkpoint_phase lsn=20312 phase=value_index_schedule slot=0 started_ns=1790162943423508000 ended_ns=1790162943423602667 elapsed_us=94 block_gets=0 block_puts=0 deleted=0
checkpoint_phase lsn=20312 phase=value_index_schedule slot=0 started_ns=1790162943423612000 ended_ns=1790162943438214167 elapsed_us=14602 block_gets=0 block_puts=4 deleted=0
checkpoint_phase lsn=20312 phase=value_index_schedule slot=0 started_ns=1790162943438234000 ended_ns=1790162943438234333 elapsed_us=0 block_gets=0 block_puts=0 deleted=0
checkpoint_phase lsn=20312 phase=value_index_schedule slot=0 started_ns=1790162943438241000 ended_ns=1790162943438933292 elapsed_us=692 block_gets=0 block_puts=0 deleted=0
checkpoint_phase lsn=20312 phase=value_index_schedule slot=0 started_ns=1790162943438942000 ended_ns=1790162943439087125 elapsed_us=145 block_gets=0 block_puts=0 deleted=0
checkpoint_phase lsn=20312 phase=value_index_schedule slot=0 started_ns=1790162943439097000 ended_ns=1790162943439230917 elapsed_us=133 block_gets=0 block_puts=0 deleted=0
checkpoint_phase lsn=20312 phase=value_index_schedule slot=0 started_ns=1790162943439239000 ended_ns=1790162943439372083 elapsed_us=133 block_gets=0 block_puts=0 deleted=0
checkpoint_phase lsn=20312 phase=value_index_schedule slot=0 started_ns=1790162943439380000 ended_ns=1790162943446414958 elapsed_us=7034 block_gets=0 block_puts=1 deleted=0
checkpoint_phase lsn=20312 phase=value_index_schedule slot=0 started_ns=1790162943446430000 ended_ns=1790162943446565875 elapsed_us=135 block_gets=0 block_puts=0 deleted=0
checkpoint_phase lsn=20312 phase=value_index_schedule slot=0 started_ns=1790162943446572000 ended_ns=1790162943447281667 elapsed_us=709 block_gets=0 block_puts=0 deleted=0
checkpoint_phase lsn=20312 phase=value_index_schedule slot=0 started_ns=1790162943447290000 ended_ns=1790162943447418291 elapsed_us=128 block_gets=0 block_puts=0 deleted=0
checkpoint_phase lsn=20312 phase=value_index_schedule slot=0 started_ns=1790162943447424000 ended_ns=1790162943458555625 elapsed_us=11131 block_gets=0 block_puts=1 deleted=0
checkpoint_phase lsn=20312 phase=value_index_schedule slot=0 started_ns=1790162943458581000 ended_ns=1790162943458719375 elapsed_us=138 block_gets=0 block_puts=0 deleted=0
checkpoint_phase lsn=20312 phase=value_index_schedule slot=0 started_ns=1790162943458729000 ended_ns=1790162943458861334 elapsed_us=132 block_gets=0 block_puts=0 deleted=0
checkpoint_phase lsn=20312 phase=value_index_schedule slot=0 started_ns=1790162943458871000 ended_ns=1790162943459573000 elapsed_us=702 block_gets=0 block_puts=0 deleted=0
checkpoint_phase lsn=20312 phase=value_index_schedule slot=0 started_ns=1790162943459582000 ended_ns=1790162943468029959 elapsed_us=8447 block_gets=0 block_puts=1 deleted=0
checkpoint_phase lsn=20312 phase=value_index_schedule slot=0 started_ns=1790162943468052000 ended_ns=1790162943468278584 elapsed_us=226 block_gets=0 block_puts=0 deleted=0
checkpoint_phase lsn=20312 phase=value_index_schedule slot=0 started_ns=1790162943468287000 ended_ns=1790162943468413625 elapsed_us=126 block_gets=0 block_puts=0 deleted=0
checkpoint_phase lsn=20312 phase=value_index_schedule slot=0 started_ns=1790162943468423000 ended_ns=1790162943480639083 elapsed_us=12216 block_gets=0 block_puts=1 deleted=0
checkpoint_phase lsn=20312 phase=value_index_schedule slot=0 started_ns=1790162943480656000 ended_ns=1790162943481349041 elapsed_us=693 block_gets=0 block_puts=0 deleted=0
checkpoint_phase lsn=20312 phase=value_index_schedule slot=0 started_ns=1790162943481356000 ended_ns=1790162943481481459 elapsed_us=125 block_gets=0 block_puts=0 deleted=0
checkpoint_phase lsn=20312 phase=value_index_schedule slot=0 started_ns=1790162943481490000 ended_ns=1790162943481613917 elapsed_us=123 block_gets=0 block_puts=0 deleted=0
checkpoint_phase lsn=20312 phase=value_index_schedule slot=0 started_ns=1790162943481622000 ended_ns=1790162943494594333 elapsed_us=12972 block_gets=0 block_puts=1 deleted=0
checkpoint_phase lsn=20312 phase=value_index_schedule slot=0 started_ns=1790162943494625000 ended_ns=1790162943494759167 elapsed_us=134 block_gets=0 block_puts=0 deleted=0
checkpoint_phase lsn=20312 phase=value_index_schedule slot=0 started_ns=1790162943494766000 ended_ns=1790162943495457333 elapsed_us=691 block_gets=0 block_puts=0 deleted=0
checkpoint_phase lsn=20312 phase=value_index_schedule slot=0 started_ns=1790162943495467000 ended_ns=1790162943495592167 elapsed_us=125 block_gets=0 block_puts=0 deleted=0
checkpoint_phase lsn=20312 phase=value_index_schedule slot=0 started_ns=1790162943495598000 ended_ns=1790162943506977667 elapsed_us=11379 block_gets=0 block_puts=1 deleted=0
checkpoint_phase lsn=20312 phase=value_index_schedule slot=0 started_ns=1790162943506996000 ended_ns=1790162943507124167 elapsed_us=128 block_gets=0 block_puts=0 deleted=0
checkpoint_phase lsn=20312 phase=value_index_schedule slot=0 started_ns=1790162943507133000 ended_ns=1790162943507284875 elapsed_us=151 block_gets=0 block_puts=0 deleted=0
checkpoint_phase lsn=20312 phase=value_index_schedule slot=0 started_ns=1790162943507294000 ended_ns=1790162943517005958 elapsed_us=9711 block_gets=0 block_puts=1 deleted=0
checkpoint_phase lsn=20312 phase=value_index_schedule slot=0 started_ns=1790162943517023000 ended_ns=1790162943517526125 elapsed_us=503 block_gets=0 block_puts=0 deleted=0
checkpoint_phase lsn=20312 phase=value_index_schedule slot=0 started_ns=1790162943517534000 ended_ns=1790162943517630667 elapsed_us=96 block_gets=0 block_puts=0 deleted=0
checkpoint_phase lsn=20312 phase=value_index_schedule slot=0 started_ns=1790162943517636000 ended_ns=1790162943517729000 elapsed_us=93 block_gets=0 block_puts=0 deleted=0
checkpoint_phase lsn=20312 phase=value_index_schedule slot=0 started_ns=1790162943517735000 ended_ns=1790162943517802125 elapsed_us=67 block_gets=0 block_puts=0 deleted=0
checkpoint_phase lsn=20312 phase=value_index_schedule slot=0 started_ns=1790162943517807000 ended_ns=1790162943551287875 elapsed_us=33480 block_gets=0 block_puts=4 deleted=0
checkpoint_phase lsn=20312 phase=value_index_schedule slot=0 started_ns=1790162943551305000 ended_ns=1790162943551305292 elapsed_us=0 block_gets=0 block_puts=0 deleted=0
checkpoint_phase lsn=20312 phase=value_index_write slot=0 started_ns=1790162943551312000 ended_ns=1790162943576926000 elapsed_us=25614 block_gets=0 block_puts=4 deleted=0
checkpoint_phase lsn=20312 phase=value_index_write slot=0 started_ns=1790162943576945000 ended_ns=1790162943592794209 elapsed_us=15849 block_gets=0 block_puts=4 deleted=0
checkpoint_phase lsn=20312 phase=value_index_write slot=0 started_ns=1790162943592814000 ended_ns=1790162943621283167 elapsed_us=28469 block_gets=0 block_puts=4 deleted=0
checkpoint_phase lsn=20312 phase=value_index_write slot=0 started_ns=1790162943621303000 ended_ns=1790162943654281792 elapsed_us=32978 block_gets=0 block_puts=4 deleted=0
checkpoint_phase lsn=20312 phase=value_index_write slot=0 started_ns=1790162943654301000 ended_ns=1790162943671917833 elapsed_us=17616 block_gets=0 block_puts=4 deleted=0
checkpoint_phase lsn=20312 phase=value_index_write slot=0 started_ns=1790162943671941000 ended_ns=1790162943693177750 elapsed_us=21236 block_gets=0 block_puts=4 deleted=0
checkpoint_phase lsn=20312 phase=value_index_write slot=0 started_ns=1790162943693198000 ended_ns=1790162943707731083 elapsed_us=14533 block_gets=0 block_puts=4 deleted=0
checkpoint_phase lsn=20312 phase=value_index_write slot=0 started_ns=1790162943707755000 ended_ns=1790162943737363375 elapsed_us=29608 block_gets=0 block_puts=4 deleted=0
checkpoint_phase lsn=20312 phase=value_index_write slot=0 started_ns=1790162943737383000 ended_ns=1790162943779088250 elapsed_us=41705 block_gets=0 block_puts=4 deleted=0
checkpoint_phase lsn=20312 phase=value_index_write slot=0 started_ns=1790162943779107000 ended_ns=1790162943802960042 elapsed_us=23853 block_gets=0 block_puts=4 deleted=0
checkpoint_phase lsn=20312 phase=value_index_write slot=0 started_ns=1790162943802992000 ended_ns=1790162943836678583 elapsed_us=33686 block_gets=0 block_puts=4 deleted=0
checkpoint_phase lsn=20312 phase=value_index_write slot=0 started_ns=1790162943836695000 ended_ns=1790162943868061583 elapsed_us=31366 block_gets=0 block_puts=4 deleted=0
checkpoint_phase lsn=20312 phase=value_index_write slot=0 started_ns=1790162943868081000 ended_ns=1790162943916775917 elapsed_us=48694 block_gets=0 block_puts=4 deleted=0
checkpoint_phase lsn=20312 phase=value_index_write slot=0 started_ns=1790162943916796000 ended_ns=1790162943952568208 elapsed_us=35772 block_gets=0 block_puts=4 deleted=0
checkpoint_phase lsn=20312 phase=value_index_write slot=0 started_ns=1790162943952591000 ended_ns=1790162943988208875 elapsed_us=35617 block_gets=0 block_puts=4 deleted=0
checkpoint_phase lsn=20312 phase=value_index_write slot=0 started_ns=1790162943988231000 ended_ns=1790162944008835291 elapsed_us=20604 block_gets=0 block_puts=4 deleted=0
checkpoint_phase lsn=20312 phase=value_index_write slot=0 started_ns=1790162944008857000 ended_ns=1790162944019081542 elapsed_us=10224 block_gets=0 block_puts=4 deleted=0
checkpoint_phase lsn=20312 phase=value_index_write slot=0 started_ns=1790162944019100000 ended_ns=1790162944034739500 elapsed_us=15639 block_gets=0 block_puts=4 deleted=0
checkpoint_phase lsn=20312 phase=value_index_write slot=0 started_ns=1790162944034759000 ended_ns=1790162944055511375 elapsed_us=20752 block_gets=0 block_puts=4 deleted=0
checkpoint_phase lsn=20312 phase=value_index_write slot=0 started_ns=1790162944055537000 ended_ns=1790162944087291458 elapsed_us=31754 block_gets=0 block_puts=4 deleted=0
checkpoint_phase lsn=20312 phase=value_index_write slot=0 started_ns=1790162944087312000 ended_ns=1790162944127576041 elapsed_us=40264 block_gets=0 block_puts=4 deleted=0
checkpoint_phase lsn=20312 phase=value_index_write slot=0 started_ns=1790162944127596000 ended_ns=1790162944150160542 elapsed_us=22564 block_gets=0 block_puts=4 deleted=0
checkpoint_phase lsn=20312 phase=value_index_write slot=0 started_ns=1790162944150178000 ended_ns=1790162944163114500 elapsed_us=12936 block_gets=0 block_puts=4 deleted=0
checkpoint_phase lsn=20312 phase=value_index_write slot=0 started_ns=1790162944163132000 ended_ns=1790162944172917833 elapsed_us=9785 block_gets=0 block_puts=4 deleted=0
checkpoint_phase lsn=20312 phase=value_index_write slot=0 started_ns=1790162944172938000 ended_ns=1790162944183130583 elapsed_us=10192 block_gets=0 block_puts=4 deleted=0
checkpoint_phase lsn=20312 phase=value_index_write slot=0 started_ns=1790162944183149000 ended_ns=1790162944204599500 elapsed_us=21450 block_gets=0 block_puts=4 deleted=0
checkpoint_phase lsn=20312 phase=value_index_write slot=0 started_ns=1790162944204619000 ended_ns=1790162944231517625 elapsed_us=26898 block_gets=0 block_puts=4 deleted=0
checkpoint_phase lsn=20312 phase=value_index_write slot=0 started_ns=1790162944231536000 ended_ns=1790162944265303792 elapsed_us=33767 block_gets=0 block_puts=4 deleted=0
checkpoint_phase lsn=20312 phase=value_index_write slot=0 started_ns=1790162944265325000 ended_ns=1790162944290876084 elapsed_us=25551 block_gets=0 block_puts=4 deleted=0
checkpoint_phase lsn=20312 phase=value_index_write slot=0 started_ns=1790162944290895000 ended_ns=1790162944308430459 elapsed_us=17535 block_gets=0 block_puts=4 deleted=0
checkpoint_phase lsn=20312 phase=value_index_write slot=0 started_ns=1790162944308452000 ended_ns=1790162944322781250 elapsed_us=14329 block_gets=0 block_puts=4 deleted=0
checkpoint_phase lsn=20312 phase=value_index_write slot=0 started_ns=1790162944322802000 ended_ns=1790162944332992667 elapsed_us=10190 block_gets=0 block_puts=4 deleted=0
checkpoint_phase lsn=20312 phase=value_index_write slot=0 started_ns=1790162944333011000 ended_ns=1790162944356903416 elapsed_us=23892 block_gets=0 block_puts=5 deleted=0
checkpoint_phase lsn=20312 phase=value_index_write slot=0 started_ns=1790162944356924000 ended_ns=1790162944397934583 elapsed_us=41010 block_gets=0 block_puts=4 deleted=0
checkpoint_phase lsn=20312 phase=value_index_write slot=0 started_ns=1790162944397965000 ended_ns=1790162944435504834 elapsed_us=37539 block_gets=0 block_puts=5 deleted=0
checkpoint_phase lsn=20312 phase=value_index_schedule slot=0 started_ns=1790162944435530000 ended_ns=1790162944435533333 elapsed_us=3 block_gets=0 block_puts=0 deleted=0
checkpoint_phase lsn=20312 phase=value_index_schedule slot=0 started_ns=1790162944435541000 ended_ns=1790162944436430792 elapsed_us=889 block_gets=0 block_puts=0 deleted=0
checkpoint_phase lsn=20312 phase=value_index_schedule slot=0 started_ns=1790162944436446000 ended_ns=1790162944446814084 elapsed_us=10368 block_gets=8 block_puts=0 deleted=0
checkpoint_phase lsn=20312 phase=value_index_schedule slot=0 started_ns=1790162944446839000 ended_ns=1790162944458132708 elapsed_us=11293 block_gets=8 block_puts=0 deleted=0
checkpoint_phase lsn=20312 phase=value_index_schedule slot=0 started_ns=1790162944458152000 ended_ns=1790162944465292584 elapsed_us=7140 block_gets=3 block_puts=0 deleted=0
checkpoint_phase lsn=20312 phase=value_index_schedule slot=0 started_ns=1790162944465318000 ended_ns=1790162944465346084 elapsed_us=28 block_gets=0 block_puts=0 deleted=0
checkpoint_phase lsn=20312 phase=value_index_schedule slot=0 started_ns=1790162944465354000 ended_ns=1790162944465376500 elapsed_us=22 block_gets=0 block_puts=0 deleted=0
checkpoint_phase lsn=20312 phase=value_index_schedule slot=0 started_ns=1790162944465382000 ended_ns=1790162944465404458 elapsed_us=22 block_gets=0 block_puts=0 deleted=0
checkpoint_phase lsn=20312 phase=value_index_schedule slot=0 started_ns=1790162944465411000 ended_ns=1790162944469905875 elapsed_us=4494 block_gets=0 block_puts=1 deleted=0
checkpoint_phase lsn=20312 phase=value_index_schedule slot=0 started_ns=1790162944469928000 ended_ns=1790162944469966500 elapsed_us=38 block_gets=0 block_puts=0 deleted=0
checkpoint_phase lsn=20312 phase=value_index_schedule slot=0 started_ns=1790162944469973000 ended_ns=1790162944499785000 elapsed_us=29812 block_gets=0 block_puts=4 deleted=0
checkpoint_phase lsn=20312 phase=value_index_schedule slot=0 started_ns=1790162944499807000 ended_ns=1790162944519930583 elapsed_us=20123 block_gets=8 block_puts=0 deleted=0
checkpoint_phase lsn=20312 phase=value_index_schedule slot=0 started_ns=1790162944519950000 ended_ns=1790162944544471416 elapsed_us=24521 block_gets=8 block_puts=0 deleted=0
checkpoint_phase lsn=20312 phase=value_index_schedule slot=0 started_ns=1790162944544490000 ended_ns=1790162944576161583 elapsed_us=31671 block_gets=8 block_puts=0 deleted=0
checkpoint_phase lsn=20312 phase=value_index_schedule slot=0 started_ns=1790162944576186000 ended_ns=1790162944585159000 elapsed_us=8973 block_gets=8 block_puts=0 deleted=0
checkpoint_phase lsn=20312 phase=value_index_schedule slot=0 started_ns=1790162944585178000 ended_ns=1790162944592637042 elapsed_us=7459 block_gets=8 block_puts=0 deleted=0
checkpoint_phase lsn=20312 phase=value_index_schedule slot=0 started_ns=1790162944592660000 ended_ns=1790162944605863166 elapsed_us=13203 block_gets=8 block_puts=0 deleted=0
checkpoint_phase lsn=20312 phase=value_index_schedule slot=0 started_ns=1790162944605882000 ended_ns=1790162944611915791 elapsed_us=6033 block_gets=8 block_puts=0 deleted=0
checkpoint_phase lsn=20312 phase=value_index_schedule slot=0 started_ns=1790162944611937000 ended_ns=1790162944617493667 elapsed_us=5556 block_gets=8 block_puts=0 deleted=0
checkpoint_phase lsn=20312 phase=value_index_schedule slot=0 started_ns=1790162944617510000 ended_ns=1790162944624147583 elapsed_us=6637 block_gets=8 block_puts=0 deleted=0
checkpoint_phase lsn=20312 phase=value_index_schedule slot=0 started_ns=1790162944624164000 ended_ns=1790162944647405208 elapsed_us=23241 block_gets=8 block_puts=0 deleted=0
checkpoint_phase lsn=20312 phase=value_index_schedule slot=0 started_ns=1790162944647427000 ended_ns=1790162944673692542 elapsed_us=26265 block_gets=8 block_puts=0 deleted=0
checkpoint_phase lsn=20312 phase=value_index_schedule slot=0 started_ns=1790162944673715000 ended_ns=1790162944689834208 elapsed_us=16119 block_gets=7 block_puts=0 deleted=0
checkpoint_phase lsn=20312 phase=value_index_schedule slot=0 started_ns=1790162944689883000 ended_ns=1790162944689909042 elapsed_us=26 block_gets=0 block_puts=0 deleted=0
checkpoint_phase lsn=20312 phase=value_index_schedule slot=0 started_ns=1790162944689917000 ended_ns=1790162944689938584 elapsed_us=21 block_gets=0 block_puts=0 deleted=0
checkpoint_phase lsn=20312 phase=value_index_schedule slot=0 started_ns=1790162944689945000 ended_ns=1790162944689966583 elapsed_us=21 block_gets=0 block_puts=0 deleted=0
checkpoint_phase lsn=20312 phase=value_index_schedule slot=0 started_ns=1790162944689973000 ended_ns=1790162944698352834 elapsed_us=8379 block_gets=0 block_puts=1 deleted=0
checkpoint_phase lsn=20312 phase=value_index_schedule slot=0 started_ns=1790162944698371000 ended_ns=1790162944698401167 elapsed_us=30 block_gets=0 block_puts=0 deleted=0
checkpoint_phase lsn=20312 phase=value_index_schedule slot=0 started_ns=1790162944698409000 ended_ns=1790162944745068958 elapsed_us=46659 block_gets=0 block_puts=4 deleted=0
checkpoint_phase lsn=20312 phase=value_index_schedule slot=0 started_ns=1790162944745093000 ended_ns=1790162944745739625 elapsed_us=646 block_gets=0 block_puts=0 deleted=0
checkpoint_phase lsn=20312 phase=value_index_schedule slot=0 started_ns=1790162944745755000 ended_ns=1790162944745926042 elapsed_us=171 block_gets=0 block_puts=0 deleted=0
checkpoint_phase lsn=20312 phase=value_index_schedule slot=0 started_ns=1790162944745937000 ended_ns=1790162944746089792 elapsed_us=152 block_gets=0 block_puts=0 deleted=0
checkpoint_phase lsn=20312 phase=value_index_schedule slot=0 started_ns=1790162944746099000 ended_ns=1790162944746250125 elapsed_us=151 block_gets=0 block_puts=0 deleted=0
checkpoint_phase lsn=20312 phase=value_index_schedule slot=0 started_ns=1790162944746260000 ended_ns=1790162944756917417 elapsed_us=10657 block_gets=0 block_puts=1 deleted=0
checkpoint_phase lsn=20312 phase=value_index_schedule slot=0 started_ns=1790162944756938000 ended_ns=1790162944757101667 elapsed_us=163 block_gets=0 block_puts=0 deleted=0
checkpoint_phase lsn=20312 phase=value_index_schedule slot=0 started_ns=1790162944757113000 ended_ns=1790162944757266042 elapsed_us=153 block_gets=0 block_puts=0 deleted=0
checkpoint_phase lsn=20312 phase=value_index_schedule slot=0 started_ns=1790162944757277000 ended_ns=1790162944757433542 elapsed_us=156 block_gets=0 block_puts=0 deleted=0
checkpoint_phase lsn=20312 phase=value_index_schedule slot=0 started_ns=1790162944757444000 ended_ns=1790162944767828292 elapsed_us=10384 block_gets=0 block_puts=1 deleted=0
checkpoint_phase lsn=20312 phase=value_index_schedule slot=0 started_ns=1790162944767849000 ended_ns=1790162944767934584 elapsed_us=85 block_gets=0 block_puts=0 deleted=0
checkpoint_phase lsn=20312 phase=value_index_schedule slot=0 started_ns=1790162944767943000 ended_ns=1790162944768027166 elapsed_us=84 block_gets=0 block_puts=0 deleted=0
checkpoint_phase lsn=20312 phase=value_index_schedule slot=0 started_ns=1790162944768033000 ended_ns=1790162944768093875 elapsed_us=60 block_gets=0 block_puts=0 deleted=0
checkpoint_phase lsn=20312 phase=value_index_schedule slot=0 started_ns=1790162944768100000 ended_ns=1790162944785324167 elapsed_us=17224 block_gets=0 block_puts=4 deleted=0
checkpoint_phase lsn=20312 phase=value_index_schedule slot=0 started_ns=1790162944785348000 ended_ns=1790162944788291458 elapsed_us=2943 block_gets=0 block_puts=0 deleted=0
checkpoint_phase lsn=20312 phase=value_index_schedule slot=0 started_ns=1790162944788313000 ended_ns=1790162944790969834 elapsed_us=2656 block_gets=0 block_puts=0 deleted=0
checkpoint_phase lsn=20312 phase=value_index_schedule slot=0 started_ns=1790162944790989000 ended_ns=1790162944791019000 elapsed_us=30 block_gets=0 block_puts=0 deleted=0
checkpoint_phase lsn=20312 phase=value_index_schedule slot=0 started_ns=1790162944791029000 ended_ns=1790162944791051541 elapsed_us=22 block_gets=0 block_puts=0 deleted=0
checkpoint_phase lsn=20312 phase=value_index_schedule slot=0 started_ns=1790162944791058000 ended_ns=1790162944791080375 elapsed_us=22 block_gets=0 block_puts=0 deleted=0
checkpoint_phase lsn=20312 phase=value_index_schedule slot=0 started_ns=1790162944791112000 ended_ns=1790162944802517292 elapsed_us=11405 block_gets=0 block_puts=1 deleted=0
checkpoint_phase lsn=20312 phase=value_index_schedule slot=0 started_ns=1790162944802538000 ended_ns=1790162944802565625 elapsed_us=27 block_gets=0 block_puts=0 deleted=0
checkpoint_phase lsn=20312 phase=value_index_schedule slot=0 started_ns=1790162944802573000 ended_ns=1790162944819268958 elapsed_us=16695 block_gets=0 block_puts=4 deleted=0
checkpoint_phase lsn=20312 phase=value_index_schedule slot=0 started_ns=1790162944819294000 ended_ns=1790162944822195333 elapsed_us=2901 block_gets=0 block_puts=0 deleted=0
checkpoint_phase lsn=20312 phase=value_index_schedule slot=0 started_ns=1790162944822220000 ended_ns=1790162944824813833 elapsed_us=2593 block_gets=0 block_puts=0 deleted=0
checkpoint_phase lsn=20312 phase=value_index_schedule slot=0 started_ns=1790162944824824000 ended_ns=1790162944824850917 elapsed_us=26 block_gets=0 block_puts=0 deleted=0
checkpoint_phase lsn=20312 phase=value_index_schedule slot=0 started_ns=1790162944824858000 ended_ns=1790162944824879625 elapsed_us=21 block_gets=0 block_puts=0 deleted=0
checkpoint_phase lsn=20312 phase=value_index_schedule slot=0 started_ns=1790162944824886000 ended_ns=1790162944824907583 elapsed_us=21 block_gets=0 block_puts=0 deleted=0
checkpoint_phase lsn=20312 phase=value_index_schedule slot=0 started_ns=1790162944824914000 ended_ns=1790162944834368958 elapsed_us=9454 block_gets=0 block_puts=1 deleted=0
checkpoint_phase lsn=20312 phase=value_index_schedule slot=0 started_ns=1790162944834385000 ended_ns=1790162944834412458 elapsed_us=27 block_gets=0 block_puts=0 deleted=0
checkpoint_phase lsn=20312 phase=value_index_schedule slot=0 started_ns=1790162944834420000 ended_ns=1790162944874059417 elapsed_us=39639 block_gets=0 block_puts=4 deleted=0
checkpoint_phase lsn=20312 phase=value_index_schedule slot=0 started_ns=1790162944874083000 ended_ns=1790162944874662333 elapsed_us=579 block_gets=0 block_puts=0 deleted=0
checkpoint_phase lsn=20312 phase=value_index_schedule slot=0 started_ns=1790162944874674000 ended_ns=1790162944874823209 elapsed_us=149 block_gets=0 block_puts=0 deleted=0
checkpoint_phase lsn=20312 phase=value_index_schedule slot=0 started_ns=1790162944874833000 ended_ns=1790162944874971333 elapsed_us=138 block_gets=0 block_puts=0 deleted=0
checkpoint_phase lsn=20312 phase=value_index_schedule slot=0 started_ns=1790162944874977000 ended_ns=1790162944875114209 elapsed_us=137 block_gets=0 block_puts=0 deleted=0
checkpoint_phase lsn=20312 phase=value_index_schedule slot=0 started_ns=1790162944875123000 ended_ns=1790162944885057250 elapsed_us=9934 block_gets=0 block_puts=1 deleted=0
checkpoint_phase lsn=20312 phase=value_index_schedule slot=0 started_ns=1790162944885077000 ended_ns=1790162944885218000 elapsed_us=141 block_gets=0 block_puts=0 deleted=0
checkpoint_phase lsn=20312 phase=value_index_schedule slot=0 started_ns=1790162944885225000 ended_ns=1790162944885358250 elapsed_us=133 block_gets=0 block_puts=0 deleted=0
checkpoint_phase lsn=20312 phase=value_index_schedule slot=0 started_ns=1790162944885368000 ended_ns=1790162944885499625 elapsed_us=131 block_gets=0 block_puts=0 deleted=0
checkpoint_phase lsn=20312 phase=value_index_schedule slot=0 started_ns=1790162944885506000 ended_ns=1790162944894417834 elapsed_us=8911 block_gets=0 block_puts=1 deleted=0
checkpoint_phase lsn=20312 phase=value_index_schedule slot=0 started_ns=1790162944894433000 ended_ns=1790162944894527791 elapsed_us=94 block_gets=0 block_puts=0 deleted=0
checkpoint_phase lsn=20312 phase=value_index_schedule slot=0 started_ns=1790162944894534000 ended_ns=1790162944894625750 elapsed_us=91 block_gets=0 block_puts=0 deleted=0
checkpoint_phase lsn=20312 phase=value_index_schedule slot=0 started_ns=1790162944894634000 ended_ns=1790162944894705667 elapsed_us=71 block_gets=0 block_puts=0 deleted=0
checkpoint_phase lsn=20312 phase=value_index_schedule slot=0 started_ns=1790162944894715000 ended_ns=1790162944921151583 elapsed_us=26436 block_gets=0 block_puts=4 deleted=0
checkpoint_phase lsn=20312 phase=value_index_schedule slot=0 started_ns=1790162944921183000 ended_ns=1790162944921769917 elapsed_us=586 block_gets=0 block_puts=0 deleted=0
checkpoint_phase lsn=20312 phase=value_index_schedule slot=0 started_ns=1790162944921799000 ended_ns=1790162944921965250 elapsed_us=166 block_gets=0 block_puts=0 deleted=0
checkpoint_phase lsn=20312 phase=value_index_schedule slot=0 started_ns=1790162944921978000 ended_ns=1790162944922126583 elapsed_us=148 block_gets=0 block_puts=0 deleted=0
checkpoint_phase lsn=20312 phase=value_index_schedule slot=0 started_ns=1790162944922136000 ended_ns=1790162944922284500 elapsed_us=148 block_gets=0 block_puts=0 deleted=0
checkpoint_phase lsn=20312 phase=value_index_schedule slot=0 started_ns=1790162944922305000 ended_ns=1790162944930032333 elapsed_us=7727 block_gets=0 block_puts=1 deleted=0
checkpoint_phase lsn=20312 phase=value_index_schedule slot=0 started_ns=1790162944930061000 ended_ns=1790162944930222542 elapsed_us=161 block_gets=0 block_puts=0 deleted=0
checkpoint_phase lsn=20312 phase=value_index_schedule slot=0 started_ns=1790162944930234000 ended_ns=1790162944930387250 elapsed_us=153 block_gets=0 block_puts=0 deleted=0
checkpoint_phase lsn=20312 phase=value_index_schedule slot=0 started_ns=1790162944930396000 ended_ns=1790162944930548083 elapsed_us=152 block_gets=0 block_puts=0 deleted=0
checkpoint_phase lsn=20312 phase=value_index_schedule slot=0 started_ns=1790162944930558000 ended_ns=1790162944935761916 elapsed_us=5203 block_gets=0 block_puts=1 deleted=0
checkpoint_phase lsn=20312 phase=value_index_schedule slot=0 started_ns=1790162944935780000 ended_ns=1790162944936576542 elapsed_us=796 block_gets=0 block_puts=0 deleted=0
checkpoint_phase lsn=20312 phase=value_index_schedule slot=0 started_ns=1790162944936610000 ended_ns=1790162944936753750 elapsed_us=143 block_gets=0 block_puts=0 deleted=0
checkpoint_phase lsn=20312 phase=value_index_schedule slot=0 started_ns=1790162944936778000 ended_ns=1790162944936910000 elapsed_us=132 block_gets=0 block_puts=0 deleted=0
checkpoint_phase lsn=20312 phase=value_index_schedule slot=0 started_ns=1790162944936918000 ended_ns=1790162944945194792 elapsed_us=8276 block_gets=0 block_puts=1 deleted=0
checkpoint_phase lsn=20312 phase=value_index_schedule slot=0 started_ns=1790162944945229000 ended_ns=1790162944945276750 elapsed_us=47 block_gets=0 block_puts=0 deleted=0
checkpoint_phase lsn=20312 phase=value_index_schedule slot=0 started_ns=1790162944945288000 ended_ns=1790162944945432916 elapsed_us=144 block_gets=0 block_puts=0 deleted=0
checkpoint_phase lsn=20312 phase=value_index_schedule slot=0 started_ns=1790162944945442000 ended_ns=1790162944953464458 elapsed_us=8022 block_gets=0 block_puts=1 deleted=0
checkpoint_phase lsn=20312 phase=value_index_schedule slot=0 started_ns=1790162944953487000 ended_ns=1790162944953611083 elapsed_us=124 block_gets=0 block_puts=0 deleted=0
checkpoint_phase lsn=20312 phase=value_index_schedule slot=0 started_ns=1790162944953619000 ended_ns=1790162944953737209 elapsed_us=118 block_gets=0 block_puts=0 deleted=0
checkpoint_phase lsn=20312 phase=value_index_schedule slot=0 started_ns=1790162944953744000 ended_ns=1790162944953861625 elapsed_us=117 block_gets=0 block_puts=0 deleted=0
checkpoint_phase lsn=20312 phase=value_index_schedule slot=0 started_ns=1790162944953871000 ended_ns=1790162944960304333 elapsed_us=6433 block_gets=0 block_puts=1 deleted=0
checkpoint_phase lsn=20312 phase=value_index_schedule slot=0 started_ns=1790162944960327000 ended_ns=1790162944960470125 elapsed_us=143 block_gets=0 block_puts=0 deleted=0
checkpoint_phase lsn=20312 phase=value_index_schedule slot=0 started_ns=1790162944960483000 ended_ns=1790162944960609250 elapsed_us=126 block_gets=0 block_puts=0 deleted=0
checkpoint_phase lsn=20312 phase=value_index_schedule slot=0 started_ns=1790162944960619000 ended_ns=1790162944996802791 elapsed_us=36183 block_gets=0 block_puts=4 deleted=0
checkpoint_phase lsn=20312 phase=value_index_schedule slot=0 started_ns=1790162944996855000 ended_ns=1790162944999740917 elapsed_us=2885 block_gets=0 block_puts=0 deleted=0
checkpoint_phase lsn=20312 phase=value_index_schedule slot=0 started_ns=1790162944999760000 ended_ns=1790162945002349916 elapsed_us=2589 block_gets=0 block_puts=0 deleted=0
checkpoint_phase lsn=20312 phase=value_index_schedule slot=0 started_ns=1790162945002364000 ended_ns=1790162945002394875 elapsed_us=30 block_gets=0 block_puts=0 deleted=0
checkpoint_phase lsn=20312 phase=value_index_schedule slot=0 started_ns=1790162945002405000 ended_ns=1790162945002427875 elapsed_us=22 block_gets=0 block_puts=0 deleted=0
checkpoint_phase lsn=20312 phase=value_index_schedule slot=0 started_ns=1790162945002434000 ended_ns=1790162945002456458 elapsed_us=22 block_gets=0 block_puts=0 deleted=0
checkpoint_phase lsn=20312 phase=value_index_schedule slot=0 started_ns=1790162945002463000 ended_ns=1790162945015251542 elapsed_us=12788 block_gets=0 block_puts=1 deleted=0
checkpoint_phase lsn=20312 phase=value_index_schedule slot=0 started_ns=1790162945015268000 ended_ns=1790162945015294916 elapsed_us=26 block_gets=0 block_puts=0 deleted=0
checkpoint_phase lsn=20312 phase=value_index_schedule slot=0 started_ns=1790162945015302000 ended_ns=1790162945058715625 elapsed_us=43413 block_gets=0 block_puts=4 deleted=0
checkpoint_phase lsn=20312 phase=value_index_schedule slot=0 started_ns=1790162945058737000 ended_ns=1790162945061697833 elapsed_us=2960 block_gets=0 block_puts=0 deleted=0
checkpoint_phase lsn=20312 phase=value_index_schedule slot=0 started_ns=1790162945061721000 ended_ns=1790162945062183875 elapsed_us=462 block_gets=0 block_puts=0 deleted=0
checkpoint_phase lsn=20312 phase=value_index_schedule slot=0 started_ns=1790162945062195000 ended_ns=1790162945062222875 elapsed_us=27 block_gets=0 block_puts=0 deleted=0
checkpoint_phase lsn=20312 phase=value_index_schedule slot=0 started_ns=1790162945062229000 ended_ns=1790162945062251375 elapsed_us=22 block_gets=0 block_puts=0 deleted=0
checkpoint_phase lsn=20312 phase=value_index_schedule slot=0 started_ns=1790162945062257000 ended_ns=1790162945062279375 elapsed_us=22 block_gets=0 block_puts=0 deleted=0
checkpoint_phase lsn=20312 phase=value_index_schedule slot=0 started_ns=1790162945062286000 ended_ns=1790162945079459459 elapsed_us=17173 block_gets=0 block_puts=4 deleted=0
checkpoint_phase lsn=20312 phase=value_index_schedule slot=0 started_ns=1790162945079479000 ended_ns=1790162945079674792 elapsed_us=195 block_gets=0 block_puts=0 deleted=0
checkpoint_phase lsn=20312 phase=value_index_schedule slot=0 started_ns=1790162945079686000 ended_ns=1790162945079830209 elapsed_us=144 block_gets=0 block_puts=0 deleted=0
checkpoint_phase lsn=20312 phase=value_index_schedule slot=0 started_ns=1790162945079839000 ended_ns=1790162945079971917 elapsed_us=132 block_gets=0 block_puts=0 deleted=0
checkpoint_phase lsn=20312 phase=value_index_schedule slot=0 started_ns=1790162945079978000 ended_ns=1790162945080109833 elapsed_us=131 block_gets=0 block_puts=0 deleted=0
checkpoint_phase lsn=20312 phase=value_index_schedule slot=0 started_ns=1790162945080117000 ended_ns=1790162945086778875 elapsed_us=6661 block_gets=0 block_puts=1 deleted=0
checkpoint_phase lsn=20312 phase=value_index_schedule slot=0 started_ns=1790162945086801000 ended_ns=1790162945086943500 elapsed_us=142 block_gets=0 block_puts=0 deleted=0
checkpoint_phase lsn=20312 phase=value_index_schedule slot=0 started_ns=1790162945086954000 ended_ns=1790162945087129250 elapsed_us=175 block_gets=0 block_puts=0 deleted=0
checkpoint_phase lsn=20312 phase=value_index_schedule slot=0 started_ns=1790162945087139000 ended_ns=1790162945087271583 elapsed_us=132 block_gets=0 block_puts=0 deleted=0
checkpoint_phase lsn=20312 phase=value_index_schedule slot=0 started_ns=1790162945087281000 ended_ns=1790162945092192042 elapsed_us=4911 block_gets=0 block_puts=1 deleted=0
checkpoint_phase lsn=20312 phase=value_index_schedule slot=0 started_ns=1790162945092207000 ended_ns=1790162945092316416 elapsed_us=109 block_gets=0 block_puts=0 deleted=0
checkpoint_phase lsn=20312 phase=value_index_schedule slot=0 started_ns=1790162945092337000 ended_ns=1790162945107757375 elapsed_us=15420 block_gets=0 block_puts=4 deleted=0
checkpoint_phase lsn=20312 phase=value_index_schedule slot=0 started_ns=1790162945107780000 ended_ns=1790162945107780417 elapsed_us=0 block_gets=0 block_puts=0 deleted=0
checkpoint_phase lsn=20312 phase=value_index_schedule slot=0 started_ns=1790162945107788000 ended_ns=1790162945108319083 elapsed_us=531 block_gets=0 block_puts=0 deleted=0
checkpoint_phase lsn=20312 phase=value_index_schedule slot=0 started_ns=1790162945108329000 ended_ns=1790162945108524000 elapsed_us=195 block_gets=0 block_puts=0 deleted=0
checkpoint_phase lsn=20312 phase=value_index_schedule slot=0 started_ns=1790162945108538000 ended_ns=1790162945108725958 elapsed_us=187 block_gets=0 block_puts=0 deleted=0
checkpoint_phase lsn=20312 phase=value_index_schedule slot=0 started_ns=1790162945108737000 ended_ns=1790162945108909750 elapsed_us=172 block_gets=0 block_puts=0 deleted=0
checkpoint_phase lsn=20312 phase=value_index_schedule slot=0 started_ns=1790162945108920000 ended_ns=1790162945119904542 elapsed_us=10984 block_gets=0 block_puts=1 deleted=0
checkpoint_phase lsn=20312 phase=value_index_schedule slot=0 started_ns=1790162945119923000 ended_ns=1790162945120090000 elapsed_us=167 block_gets=0 block_puts=0 deleted=0
checkpoint_phase lsn=20312 phase=value_index_schedule slot=0 started_ns=1790162945120097000 ended_ns=1790162945120667584 elapsed_us=570 block_gets=0 block_puts=0 deleted=0
checkpoint_phase lsn=20312 phase=value_index_schedule slot=0 started_ns=1790162945120677000 ended_ns=1790162945120832667 elapsed_us=155 block_gets=0 block_puts=0 deleted=0
checkpoint_phase lsn=20312 phase=value_index_schedule slot=0 started_ns=1790162945120842000 ended_ns=1790162945131102125 elapsed_us=10260 block_gets=0 block_puts=1 deleted=0
checkpoint_phase lsn=20312 phase=value_index_schedule slot=0 started_ns=1790162945131125000 ended_ns=1790162945131291709 elapsed_us=166 block_gets=0 block_puts=0 deleted=0
checkpoint_phase lsn=20312 phase=value_index_schedule slot=0 started_ns=1790162945131300000 ended_ns=1790162945131459334 elapsed_us=159 block_gets=0 block_puts=0 deleted=0
checkpoint_phase lsn=20312 phase=value_index_schedule slot=0 started_ns=1790162945131465000 ended_ns=1790162945132193708 elapsed_us=728 block_gets=0 block_puts=0 deleted=0
checkpoint_phase lsn=20312 phase=value_index_schedule slot=0 started_ns=1790162945132202000 ended_ns=1790162945141236208 elapsed_us=9034 block_gets=0 block_puts=1 deleted=0
checkpoint_phase lsn=20312 phase=value_index_schedule slot=0 started_ns=1790162945141252000 ended_ns=1790162945141479583 elapsed_us=227 block_gets=0 block_puts=0 deleted=0
checkpoint_phase lsn=20312 phase=value_index_schedule slot=0 started_ns=1790162945141489000 ended_ns=1790162945141613417 elapsed_us=124 block_gets=0 block_puts=0 deleted=0
checkpoint_phase lsn=20312 phase=value_index_schedule slot=0 started_ns=1790162945141620000 ended_ns=1790162945164631458 elapsed_us=23011 block_gets=0 block_puts=1 deleted=0
checkpoint_phase lsn=20312 phase=value_index_schedule slot=0 started_ns=1790162945164663000 ended_ns=1790162945165330042 elapsed_us=667 block_gets=0 block_puts=0 deleted=0
checkpoint_phase lsn=20312 phase=value_index_schedule slot=0 started_ns=1790162945165342000 ended_ns=1790162945165476333 elapsed_us=134 block_gets=0 block_puts=0 deleted=0
checkpoint_phase lsn=20312 phase=value_index_schedule slot=0 started_ns=1790162945165483000 ended_ns=1790162945165615709 elapsed_us=132 block_gets=0 block_puts=0 deleted=0
checkpoint_phase lsn=20312 phase=value_index_schedule slot=0 started_ns=1790162945165623000 ended_ns=1790162945185574000 elapsed_us=19951 block_gets=0 block_puts=1 deleted=0
checkpoint_phase lsn=20312 phase=value_index_schedule slot=0 started_ns=1790162945185599000 ended_ns=1790162945185732083 elapsed_us=133 block_gets=0 block_puts=0 deleted=0
checkpoint_phase lsn=20312 phase=value_index_schedule slot=0 started_ns=1790162945185739000 ended_ns=1790162945186247125 elapsed_us=508 block_gets=0 block_puts=0 deleted=0
checkpoint_phase lsn=20312 phase=value_index_schedule slot=0 started_ns=1790162945186276000 ended_ns=1790162945186432292 elapsed_us=156 block_gets=0 block_puts=0 deleted=0
checkpoint_phase lsn=20312 phase=value_index_schedule slot=0 started_ns=1790162945186439000 ended_ns=1790162945200150416 elapsed_us=13711 block_gets=0 block_puts=1 deleted=0
checkpoint_phase lsn=20312 phase=value_index_schedule slot=0 started_ns=1790162945200167000 ended_ns=1790162945200320917 elapsed_us=153 block_gets=0 block_puts=0 deleted=0
checkpoint_phase lsn=20312 phase=value_index_schedule slot=0 started_ns=1790162945200327000 ended_ns=1790162945200478541 elapsed_us=151 block_gets=0 block_puts=0 deleted=0
checkpoint_phase lsn=20312 phase=value_index_schedule slot=0 started_ns=1790162945200485000 ended_ns=1790162945211983542 elapsed_us=11498 block_gets=0 block_puts=1 deleted=0
checkpoint_phase lsn=20312 phase=value_index_schedule slot=0 started_ns=1790162945212004000 ended_ns=1790162945212423042 elapsed_us=419 block_gets=0 block_puts=0 deleted=0
checkpoint_phase lsn=20312 phase=value_index_schedule slot=0 started_ns=1790162945212435000 ended_ns=1790162945212549125 elapsed_us=114 block_gets=0 block_puts=0 deleted=0
checkpoint_phase lsn=20312 phase=value_index_schedule slot=0 started_ns=1790162945212556000 ended_ns=1790162945212669333 elapsed_us=113 block_gets=0 block_puts=0 deleted=0
checkpoint_phase lsn=20312 phase=value_index_schedule slot=0 started_ns=1790162945212679000 ended_ns=1790162945212766000 elapsed_us=87 block_gets=0 block_puts=0 deleted=0
checkpoint_phase lsn=20312 phase=value_index_schedule slot=0 started_ns=1790162945212771000 ended_ns=1790162945244673625 elapsed_us=31902 block_gets=0 block_puts=4 deleted=0
checkpoint_phase lsn=20312 phase=value_index_schedule slot=0 started_ns=1790162945244697000 ended_ns=1790162945244697375 elapsed_us=0 block_gets=0 block_puts=0 deleted=0
checkpoint_phase lsn=20312 phase=value_index_write slot=0 started_ns=1790162945244705000 ended_ns=1790162945263578250 elapsed_us=18873 block_gets=0 block_puts=4 deleted=0
checkpoint_phase lsn=20312 phase=value_index_write slot=0 started_ns=1790162945263600000 ended_ns=1790162945292937875 elapsed_us=29337 block_gets=0 block_puts=4 deleted=0
checkpoint_phase lsn=20312 phase=value_index_write slot=0 started_ns=1790162945292957000 ended_ns=1790162945323258875 elapsed_us=30301 block_gets=0 block_puts=4 deleted=0
checkpoint_phase lsn=20312 phase=value_index_write slot=0 started_ns=1790162945323278000 ended_ns=1790162945353854916 elapsed_us=30576 block_gets=0 block_puts=4 deleted=0
checkpoint_phase lsn=20312 phase=value_index_write slot=0 started_ns=1790162945353879000 ended_ns=1790162945369270541 elapsed_us=15391 block_gets=0 block_puts=4 deleted=0
checkpoint_phase lsn=20312 phase=value_index_write slot=0 started_ns=1790162945369291000 ended_ns=1790162945380661292 elapsed_us=11370 block_gets=0 block_puts=4 deleted=0
checkpoint_phase lsn=20312 phase=value_index_write slot=0 started_ns=1790162945380687000 ended_ns=1790162945391959583 elapsed_us=11272 block_gets=0 block_puts=4 deleted=0
checkpoint_phase lsn=20312 phase=value_index_write slot=0 started_ns=1790162945391980000 ended_ns=1790162945407858375 elapsed_us=15878 block_gets=0 block_puts=4 deleted=0
checkpoint_phase lsn=20312 phase=value_index_write slot=0 started_ns=1790162945407877000 ended_ns=1790162945445925875 elapsed_us=38048 block_gets=0 block_puts=4 deleted=0
checkpoint_phase lsn=20312 phase=value_index_write slot=0 started_ns=1790162945445945000 ended_ns=1790162945470996834 elapsed_us=25051 block_gets=0 block_puts=4 deleted=0
checkpoint_phase lsn=20312 phase=value_index_write slot=0 started_ns=1790162945471017000 ended_ns=1790162945496610625 elapsed_us=25593 block_gets=0 block_puts=4 deleted=0
checkpoint_phase lsn=20312 phase=value_index_write slot=0 started_ns=1790162945496631000 ended_ns=1790162945517795333 elapsed_us=21164 block_gets=0 block_puts=4 deleted=0
checkpoint_phase lsn=20312 phase=value_index_write slot=0 started_ns=1790162945517821000 ended_ns=1790162945538949958 elapsed_us=21128 block_gets=0 block_puts=4 deleted=0
checkpoint_phase lsn=20312 phase=value_index_write slot=0 started_ns=1790162945539011000 ended_ns=1790162945596706583 elapsed_us=57695 block_gets=0 block_puts=4 deleted=0
checkpoint_phase lsn=20312 phase=value_index_write slot=0 started_ns=1790162945596726000 ended_ns=1790162945638015208 elapsed_us=41289 block_gets=0 block_puts=4 deleted=0
checkpoint_phase lsn=20312 phase=value_index_write slot=0 started_ns=1790162945638037000 ended_ns=1790162945661391083 elapsed_us=23354 block_gets=0 block_puts=4 deleted=0
checkpoint_phase lsn=20312 phase=value_index_write slot=0 started_ns=1790162945661421000 ended_ns=1790162945683301708 elapsed_us=21880 block_gets=0 block_puts=4 deleted=0
checkpoint_phase lsn=20312 phase=value_index_write slot=0 started_ns=1790162945683334000 ended_ns=1790162945767859667 elapsed_us=84525 block_gets=0 block_puts=4 deleted=0
checkpoint_phase lsn=20312 phase=value_index_write slot=0 started_ns=1790162945767889000 ended_ns=1790162945804164500 elapsed_us=36275 block_gets=0 block_puts=4 deleted=0
checkpoint_phase lsn=20312 phase=value_index_write slot=0 started_ns=1790162945804195000 ended_ns=1790162945844141333 elapsed_us=39946 block_gets=0 block_puts=4 deleted=0
checkpoint_phase lsn=20312 phase=value_index_write slot=0 started_ns=1790162945844165000 ended_ns=1790162945864548541 elapsed_us=20383 block_gets=0 block_puts=4 deleted=0
checkpoint_phase lsn=20312 phase=value_index_write slot=0 started_ns=1790162945864579000 ended_ns=1790162945903657209 elapsed_us=39078 block_gets=0 block_puts=4 deleted=0
checkpoint_phase lsn=20312 phase=value_index_write slot=0 started_ns=1790162945903688000 ended_ns=1790162945954502666 elapsed_us=50814 block_gets=0 block_puts=4 deleted=0
checkpoint_phase lsn=20312 phase=value_index_write slot=0 started_ns=1790162945954532000 ended_ns=1790162946001936625 elapsed_us=47404 block_gets=0 block_puts=4 deleted=0
checkpoint_phase lsn=20312 phase=value_index_write slot=0 started_ns=1790162946001959000 ended_ns=1790162946039565417 elapsed_us=37606 block_gets=0 block_puts=4 deleted=0
checkpoint_phase lsn=20312 phase=value_index_write slot=0 started_ns=1790162946039589000 ended_ns=1790162946051239792 elapsed_us=11650 block_gets=0 block_puts=4 deleted=0
checkpoint_phase lsn=20312 phase=value_index_write slot=0 started_ns=1790162946051264000 ended_ns=1790162946062292292 elapsed_us=11028 block_gets=0 block_puts=4 deleted=0
checkpoint_phase lsn=20312 phase=value_index_write slot=0 started_ns=1790162946062392000 ended_ns=1790162946093257792 elapsed_us=30865 block_gets=0 block_puts=4 deleted=0
checkpoint_phase lsn=20312 phase=value_index_write slot=0 started_ns=1790162946093291000 ended_ns=1790162946131456500 elapsed_us=38165 block_gets=0 block_puts=4 deleted=0
checkpoint_phase lsn=20312 phase=value_index_write slot=0 started_ns=1790162946131476000 ended_ns=1790162946158525458 elapsed_us=27049 block_gets=0 block_puts=4 deleted=0
checkpoint_phase lsn=20312 phase=value_index_write slot=0 started_ns=1790162946158547000 ended_ns=1790162946177440917 elapsed_us=18893 block_gets=0 block_puts=4 deleted=0
checkpoint_phase lsn=20312 phase=value_index_write slot=0 started_ns=1790162946177460000 ended_ns=1790162946191761958 elapsed_us=14301 block_gets=0 block_puts=4 deleted=0
checkpoint_phase lsn=20312 phase=value_index_write slot=0 started_ns=1790162946191784000 ended_ns=1790162946215018292 elapsed_us=23234 block_gets=0 block_puts=5 deleted=0
checkpoint_phase lsn=20312 phase=value_index_write slot=0 started_ns=1790162946215046000 ended_ns=1790162946250228542 elapsed_us=35182 block_gets=0 block_puts=4 deleted=0
checkpoint_phase lsn=20312 phase=value_index_write slot=0 started_ns=1790162946250253000 ended_ns=1790162946312001084 elapsed_us=61748 block_gets=0 block_puts=5 deleted=0
checkpoint_phase lsn=20312 phase=value_index_schedule slot=0 started_ns=1790162946312028000 ended_ns=1790162946312031542 elapsed_us=3 block_gets=0 block_puts=0 deleted=0
checkpoint_phase lsn=20312 phase=value_index_schedule slot=0 started_ns=1790162946312039000 ended_ns=1790162946312841625 elapsed_us=802 block_gets=0 block_puts=0 deleted=0
checkpoint_phase lsn=20312 phase=value_index_schedule slot=0 started_ns=1790162946312872000 ended_ns=1790162946330931667 elapsed_us=18059 block_gets=8 block_puts=0 deleted=0
checkpoint_phase lsn=20312 phase=value_index_schedule slot=0 started_ns=1790162946330952000 ended_ns=1790162946349325125 elapsed_us=18373 block_gets=8 block_puts=0 deleted=0
checkpoint_phase lsn=20312 phase=value_index_schedule slot=0 started_ns=1790162946349347000 ended_ns=1790162946366508083 elapsed_us=17161 block_gets=8 block_puts=0 deleted=0
checkpoint_phase lsn=20312 phase=value_index_schedule slot=0 started_ns=1790162946366529000 ended_ns=1790162946371725959 elapsed_us=5196 block_gets=8 block_puts=0 deleted=0
checkpoint_phase lsn=20312 phase=value_index_schedule slot=0 started_ns=1790162946371744000 ended_ns=1790162946385540042 elapsed_us=13796 block_gets=8 block_puts=0 deleted=0
checkpoint_phase lsn=20312 phase=value_index_schedule slot=0 started_ns=1790162946385562000 ended_ns=1790162946393830000 elapsed_us=8268 block_gets=8 block_puts=0 deleted=0
checkpoint_phase lsn=20312 phase=value_index_schedule slot=0 started_ns=1790162946393850000 ended_ns=1790162946402775208 elapsed_us=8925 block_gets=8 block_puts=0 deleted=0
checkpoint_phase lsn=20312 phase=value_index_schedule slot=0 started_ns=1790162946402797000 ended_ns=1790162946413323875 elapsed_us=10526 block_gets=8 block_puts=0 deleted=0
checkpoint_phase lsn=20312 phase=value_index_schedule slot=0 started_ns=1790162946413344000 ended_ns=1790162946437755000 elapsed_us=24411 block_gets=8 block_puts=0 deleted=0
checkpoint_phase lsn=20312 phase=value_index_schedule slot=0 started_ns=1790162946437774000 ended_ns=1790162946459121083 elapsed_us=21347 block_gets=8 block_puts=0 deleted=0
checkpoint_phase lsn=20312 phase=value_index_schedule slot=0 started_ns=1790162946459142000 ended_ns=1790162946480498833 elapsed_us=21356 block_gets=8 block_puts=0 deleted=0
checkpoint_phase lsn=20312 phase=value_index_schedule slot=0 started_ns=1790162946480521000 ended_ns=1790162946501567291 elapsed_us=21046 block_gets=8 block_puts=0 deleted=0
checkpoint_phase lsn=20312 phase=value_index_schedule slot=0 started_ns=1790162946501587000 ended_ns=1790162946521503000 elapsed_us=19916 block_gets=8 block_puts=0 deleted=0
checkpoint_phase lsn=20312 phase=value_index_schedule slot=0 started_ns=1790162946521521000 ended_ns=1790162946539798125 elapsed_us=18277 block_gets=8 block_puts=0 deleted=0
checkpoint_phase lsn=20312 phase=value_index_schedule slot=0 started_ns=1790162946539817000 ended_ns=1790162946546290667 elapsed_us=6473 block_gets=2 block_puts=0 deleted=0
checkpoint_phase lsn=20312 phase=value_index_schedule slot=0 started_ns=1790162946546302000 ended_ns=1790162946548687291 elapsed_us=2385 block_gets=0 block_puts=0 deleted=0
checkpoint_phase lsn=20312 phase=value_index_schedule slot=0 started_ns=1790162946548701000 ended_ns=1790162946548732625 elapsed_us=31 block_gets=0 block_puts=0 deleted=0
checkpoint_phase lsn=20312 phase=value_index_schedule slot=0 started_ns=1790162946548739000 ended_ns=1790162946548762666 elapsed_us=23 block_gets=0 block_puts=0 deleted=0
checkpoint_phase lsn=20312 phase=value_index_schedule slot=0 started_ns=1790162946548769000 ended_ns=1790162946548792666 elapsed_us=23 block_gets=0 block_puts=0 deleted=0
checkpoint_phase lsn=20312 phase=value_index_schedule slot=0 started_ns=1790162946548800000 ended_ns=1790162946559956834 elapsed_us=11156 block_gets=0 block_puts=1 deleted=0
checkpoint_phase lsn=20312 phase=value_index_schedule slot=0 started_ns=1790162946559980000 ended_ns=1790162946584685875 elapsed_us=24705 block_gets=0 block_puts=4 deleted=0
checkpoint_phase lsn=20312 phase=value_index_schedule slot=0 started_ns=1790162946584717000 ended_ns=1790162946587939042 elapsed_us=3222 block_gets=0 block_puts=0 deleted=0
checkpoint_phase lsn=20312 phase=value_index_schedule slot=0 started_ns=1790162946587970000 ended_ns=1790162946591123083 elapsed_us=3153 block_gets=0 block_puts=0 deleted=0
checkpoint_phase lsn=20312 phase=value_index_schedule slot=0 started_ns=1790162946591178000 ended_ns=1790162946593999708 elapsed_us=2821 block_gets=0 block_puts=0 deleted=0
checkpoint_phase lsn=20312 phase=value_index_schedule slot=0 started_ns=1790162946594028000 ended_ns=1790162946597429583 elapsed_us=3401 block_gets=0 block_puts=0 deleted=0
checkpoint_phase lsn=20312 phase=value_index_schedule slot=0 started_ns=1790162946597462000 ended_ns=1790162946599376083 elapsed_us=1914 block_gets=0 block_puts=0 deleted=0
checkpoint_phase lsn=20312 phase=value_index_schedule slot=0 started_ns=1790162946599394000 ended_ns=1790162946599423750 elapsed_us=29 block_gets=0 block_puts=0 deleted=0
checkpoint_phase lsn=20312 phase=value_index_schedule slot=0 started_ns=1790162946599431000 ended_ns=1790162946599454917 elapsed_us=23 block_gets=0 block_puts=0 deleted=0
checkpoint_phase lsn=20312 phase=value_index_schedule slot=0 started_ns=1790162946599462000 ended_ns=1790162946599485833 elapsed_us=23 block_gets=0 block_puts=0 deleted=0
checkpoint_phase lsn=20312 phase=value_index_schedule slot=0 started_ns=1790162946599492000 ended_ns=1790162946606243125 elapsed_us=6751 block_gets=0 block_puts=1 deleted=0
checkpoint_phase lsn=20312 phase=value_index_schedule slot=0 started_ns=1790162946606267000 ended_ns=1790162946652942250 elapsed_us=46675 block_gets=0 block_puts=4 deleted=0
checkpoint_phase lsn=20312 phase=value_index_schedule slot=0 started_ns=1790162946652964000 ended_ns=1790162946653443750 elapsed_us=479 block_gets=0 block_puts=0 deleted=0
checkpoint_phase lsn=20312 phase=value_index_schedule slot=0 started_ns=1790162946653454000 ended_ns=1790162946653515709 elapsed_us=61 block_gets=0 block_puts=0 deleted=0
checkpoint_phase lsn=20312 phase=value_index_schedule slot=0 started_ns=1790162946653522000 ended_ns=1790162946653575500 elapsed_us=53 block_gets=0 block_puts=0 deleted=0
checkpoint_phase lsn=20312 phase=value_index_schedule slot=0 started_ns=1790162946653582000 ended_ns=1790162946653635167 elapsed_us=53 block_gets=0 block_puts=0 deleted=0
checkpoint_phase lsn=20312 phase=value_index_schedule slot=0 started_ns=1790162946653641000 ended_ns=1790162946669393584 elapsed_us=15752 block_gets=0 block_puts=1 deleted=0
checkpoint_phase lsn=20312 phase=value_index_schedule slot=0 started_ns=1790162946669414000 ended_ns=1790162946669543291 elapsed_us=129 block_gets=0 block_puts=0 deleted=0
checkpoint_phase lsn=20312 phase=value_index_schedule slot=0 started_ns=1790162946669552000 ended_ns=1790162946669674125 elapsed_us=122 block_gets=0 block_puts=0 deleted=0
checkpoint_phase lsn=20312 phase=value_index_schedule slot=0 started_ns=1790162946669681000 ended_ns=1790162946683743375 elapsed_us=14062 block_gets=0 block_puts=1 deleted=0
checkpoint_phase lsn=20312 phase=value_index_schedule slot=0 started_ns=1790162946683766000 ended_ns=1790162946683850958 elapsed_us=84 block_gets=0 block_puts=0 deleted=0
checkpoint_phase lsn=20312 phase=value_index_schedule slot=0 started_ns=1790162946683860000 ended_ns=1790162946684026875 elapsed_us=166 block_gets=0 block_puts=0 deleted=0
checkpoint_phase lsn=20312 phase=value_index_schedule slot=0 started_ns=1790162946684037000 ended_ns=1790162946684053125 elapsed_us=16 block_gets=0 block_puts=0 deleted=0
checkpoint_phase lsn=20312 phase=value_index_schedule slot=0 started_ns=1790162946684060000 ended_ns=1790162946709482583 elapsed_us=25422 block_gets=0 block_puts=4 deleted=0
checkpoint_phase lsn=20312 phase=value_index_schedule slot=0 started_ns=1790162946709510000 ended_ns=1790162946710754750 elapsed_us=1244 block_gets=0 block_puts=0 deleted=0
checkpoint_phase lsn=20312 phase=value_index_schedule slot=0 started_ns=1790162946710767000 ended_ns=1790162946725062417 elapsed_us=14295 block_gets=0 block_puts=4 deleted=0
checkpoint_phase lsn=20312 phase=value_index_schedule slot=0 started_ns=1790162946725085000 ended_ns=1790162946725085542 elapsed_us=0 block_gets=0 block_puts=0 deleted=0
checkpoint_phase lsn=20312 phase=value_index_schedule slot=0 started_ns=1790162946725093000 ended_ns=1790162946725231750 elapsed_us=138 block_gets=0 block_puts=0 deleted=0
checkpoint_phase lsn=20312 phase=value_index_schedule slot=0 started_ns=1790162946725255000 ended_ns=1790162946725427458 elapsed_us=172 block_gets=0 block_puts=0 deleted=0
checkpoint_phase lsn=20312 phase=value_index_schedule slot=0 started_ns=1790162946725438000 ended_ns=1790162946725598375 elapsed_us=160 block_gets=0 block_puts=0 deleted=0
checkpoint_phase lsn=20312 phase=value_index_schedule slot=0 started_ns=1790162946725609000 ended_ns=1790162946725772541 elapsed_us=163 block_gets=0 block_puts=0 deleted=0
checkpoint_phase lsn=20312 phase=value_index_schedule slot=0 started_ns=1790162946725782000 ended_ns=1790162946734297833 elapsed_us=8515 block_gets=0 block_puts=1 deleted=0
checkpoint_phase lsn=20312 phase=value_index_schedule slot=0 started_ns=1790162946734323000 ended_ns=1790162946734486583 elapsed_us=163 block_gets=0 block_puts=0 deleted=0
checkpoint_phase lsn=20312 phase=value_index_schedule slot=0 started_ns=1790162946734496000 ended_ns=1790162946734652917 elapsed_us=156 block_gets=0 block_puts=0 deleted=0
checkpoint_phase lsn=20312 phase=value_index_schedule slot=0 started_ns=1790162946734664000 ended_ns=1790162946739772250 elapsed_us=5108 block_gets=0 block_puts=1 deleted=0
checkpoint_phase lsn=20312 phase=value_index_schedule slot=0 started_ns=1790162946739795000 ended_ns=1790162946739929708 elapsed_us=134 block_gets=0 block_puts=0 deleted=0
checkpoint_phase lsn=20312 phase=value_index_schedule slot=0 started_ns=1790162946739937000 ended_ns=1790162946740058500 elapsed_us=121 block_gets=0 block_puts=0 deleted=0
checkpoint_phase lsn=20312 phase=value_index_schedule slot=0 started_ns=1790162946740066000 ended_ns=1790162946740172084 elapsed_us=106 block_gets=0 block_puts=0 deleted=0
checkpoint_phase lsn=20312 phase=value_index_schedule slot=0 started_ns=1790162946740178000 ended_ns=1790162946765532250 elapsed_us=25354 block_gets=0 block_puts=4 deleted=0
checkpoint_phase lsn=20312 phase=value_index_schedule slot=0 started_ns=1790162946765553000 ended_ns=1790162946765553458 elapsed_us=0 block_gets=0 block_puts=0 deleted=0
checkpoint_phase lsn=20312 phase=value_index_write slot=0 started_ns=1790162946765562000 ended_ns=1790162946765741250 elapsed_us=179 block_gets=0 block_puts=0 deleted=0
checkpoint_phase lsn=20312 phase=value_index_write slot=0 started_ns=1790162946765762000 ended_ns=1790162946765813917 elapsed_us=51 block_gets=0 block_puts=0 deleted=0
checkpoint_phase lsn=20312 phase=value_index_write slot=0 started_ns=1790162946765843000 ended_ns=1790162946765893250 elapsed_us=50 block_gets=0 block_puts=0 deleted=0
checkpoint_phase lsn=20312 phase=value_index_write slot=0 started_ns=1790162946765903000 ended_ns=1790162946766061125 elapsed_us=158 block_gets=0 block_puts=0 deleted=0
checkpoint_phase lsn=20312 phase=value_index_write slot=0 started_ns=1790162946766070000 ended_ns=1790162946766118542 elapsed_us=48 block_gets=0 block_puts=0 deleted=0
checkpoint_phase lsn=20312 phase=value_index_write slot=0 started_ns=1790162946766125000 ended_ns=1790162946787207250 elapsed_us=21082 block_gets=0 block_puts=1 deleted=0
checkpoint_phase lsn=20312 phase=value_index_write slot=0 started_ns=1790162946787231000 ended_ns=1790162946787380667 elapsed_us=149 block_gets=0 block_puts=0 deleted=0
checkpoint_phase lsn=20312 phase=value_index_write slot=0 started_ns=1790162946787389000 ended_ns=1790162946787438625 elapsed_us=49 block_gets=0 block_puts=0 deleted=0
checkpoint_phase lsn=20312 phase=value_index_write slot=0 started_ns=1790162946787445000 ended_ns=1790162946787493709 elapsed_us=48 block_gets=0 block_puts=0 deleted=0
checkpoint_phase lsn=20312 phase=value_index_write slot=0 started_ns=1790162946787500000 ended_ns=1790162946815631708 elapsed_us=28131 block_gets=0 block_puts=2 deleted=0
checkpoint_phase lsn=20312 phase=value_index_schedule slot=0 started_ns=1790162946815657000 ended_ns=1790162946815660542 elapsed_us=3 block_gets=0 block_puts=0 deleted=0
checkpoint_phase lsn=20312 phase=value_index_schedule slot=0 started_ns=1790162946815670000 ended_ns=1790162946816462833 elapsed_us=792 block_gets=0 block_puts=0 deleted=0
checkpoint_phase lsn=20312 phase=value_index_schedule slot=0 started_ns=1790162946816508000 ended_ns=1790162946837323166 elapsed_us=20815 block_gets=8 block_puts=0 deleted=0
checkpoint_phase lsn=20312 phase=value_index_schedule slot=0 started_ns=1790162946837342000 ended_ns=1790162946854592917 elapsed_us=17250 block_gets=8 block_puts=0 deleted=0
checkpoint_phase lsn=20312 phase=value_index_schedule slot=0 started_ns=1790162946854613000 ended_ns=1790162946861822292 elapsed_us=7209 block_gets=8 block_puts=0 deleted=0
checkpoint_phase lsn=20312 phase=value_index_schedule slot=0 started_ns=1790162946861845000 ended_ns=1790162946891688167 elapsed_us=29843 block_gets=8 block_puts=0 deleted=0
checkpoint_phase lsn=20312 phase=value_index_schedule slot=0 started_ns=1790162946891710000 ended_ns=1790162946903346625 elapsed_us=11636 block_gets=8 block_puts=0 deleted=0
checkpoint_phase lsn=20312 phase=value_index_schedule slot=0 started_ns=1790162946903371000 ended_ns=1790162946929112709 elapsed_us=25741 block_gets=8 block_puts=0 deleted=0
checkpoint_phase lsn=20312 phase=value_index_schedule slot=0 started_ns=1790162946929135000 ended_ns=1790162946961534084 elapsed_us=32399 block_gets=8 block_puts=0 deleted=0
checkpoint_phase lsn=20312 phase=value_index_schedule slot=0 started_ns=1790162946961602000 ended_ns=1790162947012699625 elapsed_us=51097 block_gets=8 block_puts=0 deleted=0
checkpoint_phase lsn=20312 phase=value_index_schedule slot=0 started_ns=1790162947012721000 ended_ns=1790162947052670291 elapsed_us=39949 block_gets=8 block_puts=0 deleted=0
checkpoint_phase lsn=20312 phase=value_index_schedule slot=0 started_ns=1790162947052696000 ended_ns=1790162947059105833 elapsed_us=6409 block_gets=8 block_puts=0 deleted=0
checkpoint_phase lsn=20312 phase=value_index_schedule slot=0 started_ns=1790162947059126000 ended_ns=1790162947065745834 elapsed_us=6619 block_gets=8 block_puts=0 deleted=0
checkpoint_phase lsn=20312 phase=value_index_schedule slot=0 started_ns=1790162947065766000 ended_ns=1790162947070816667 elapsed_us=5050 block_gets=8 block_puts=0 deleted=0
checkpoint_phase lsn=20312 phase=value_index_schedule slot=0 started_ns=1790162947070837000 ended_ns=1790162947077075833 elapsed_us=6238 block_gets=8 block_puts=0 deleted=0
checkpoint_phase lsn=20312 phase=value_index_schedule slot=0 started_ns=1790162947077097000 ended_ns=1790162947085798125 elapsed_us=8701 block_gets=8 block_puts=0 deleted=0
checkpoint_phase lsn=20312 phase=value_index_schedule slot=0 started_ns=1790162947085821000 ended_ns=1790162947090673791 elapsed_us=4852 block_gets=2 block_puts=0 deleted=0
checkpoint_phase lsn=20312 phase=value_index_schedule slot=0 started_ns=1790162947090691000 ended_ns=1790162947100058750 elapsed_us=9367 block_gets=0 block_puts=0 deleted=0
checkpoint_phase lsn=20312 phase=value_index_schedule slot=0 started_ns=1790162947100083000 ended_ns=1790162947100110083 elapsed_us=27 block_gets=0 block_puts=0 deleted=0
checkpoint_phase lsn=20312 phase=value_index_schedule slot=0 started_ns=1790162947100118000 ended_ns=1790162947100140834 elapsed_us=22 block_gets=0 block_puts=0 deleted=0
checkpoint_phase lsn=20312 phase=value_index_schedule slot=0 started_ns=1790162947100149000 ended_ns=1790162947100173083 elapsed_us=24 block_gets=0 block_puts=0 deleted=0
checkpoint_phase lsn=20312 phase=value_index_schedule slot=0 started_ns=1790162947100180000 ended_ns=1790162947114488667 elapsed_us=14308 block_gets=0 block_puts=1 deleted=0
checkpoint_phase lsn=20312 phase=value_index_schedule slot=0 started_ns=1790162947114513000 ended_ns=1790162947148406583 elapsed_us=33893 block_gets=0 block_puts=4 deleted=0
checkpoint_phase lsn=20312 phase=value_index_schedule slot=0 started_ns=1790162947148429000 ended_ns=1790162947151303500 elapsed_us=2874 block_gets=0 block_puts=0 deleted=0
checkpoint_phase lsn=20312 phase=value_index_schedule slot=0 started_ns=1790162947151325000 ended_ns=1790162947154093875 elapsed_us=2768 block_gets=0 block_puts=0 deleted=0
checkpoint_phase lsn=20312 phase=value_index_schedule slot=0 started_ns=1790162947154107000 ended_ns=1790162947156832584 elapsed_us=2725 block_gets=0 block_puts=0 deleted=0
checkpoint_phase lsn=20312 phase=value_index_schedule slot=0 started_ns=1790162947156858000 ended_ns=1790162947159506917 elapsed_us=2648 block_gets=0 block_puts=0 deleted=0
checkpoint_phase lsn=20312 phase=value_index_schedule slot=0 started_ns=1790162947159515000 ended_ns=1790162947161039833 elapsed_us=1524 block_gets=0 block_puts=0 deleted=0
checkpoint_phase lsn=20312 phase=value_index_schedule slot=0 started_ns=1790162947161067000 ended_ns=1790162947161095583 elapsed_us=28 block_gets=0 block_puts=0 deleted=0
checkpoint_phase lsn=20312 phase=value_index_schedule slot=0 started_ns=1790162947161104000 ended_ns=1790162947161127416 elapsed_us=23 block_gets=0 block_puts=0 deleted=0
checkpoint_phase lsn=20312 phase=value_index_schedule slot=0 started_ns=1790162947161134000 ended_ns=1790162947161157375 elapsed_us=23 block_gets=0 block_puts=0 deleted=0
checkpoint_phase lsn=20312 phase=value_index_schedule slot=0 started_ns=1790162947161166000 ended_ns=1790162947174059041 elapsed_us=12893 block_gets=0 block_puts=1 deleted=0
checkpoint_phase lsn=20312 phase=value_index_schedule slot=0 started_ns=1790162947174080000 ended_ns=1790162947206420334 elapsed_us=32340 block_gets=0 block_puts=4 deleted=0
checkpoint_phase lsn=20312 phase=value_index_schedule slot=0 started_ns=1790162947206444000 ended_ns=1790162947207071792 elapsed_us=627 block_gets=0 block_puts=0 deleted=0
checkpoint_phase lsn=20312 phase=value_index_schedule slot=0 started_ns=1790162947207084000 ended_ns=1790162947207300500 elapsed_us=216 block_gets=0 block_puts=0 deleted=0
checkpoint_phase lsn=20312 phase=value_index_schedule slot=0 started_ns=1790162947207308000 ended_ns=1790162947207513375 elapsed_us=205 block_gets=0 block_puts=0 deleted=0
checkpoint_phase lsn=20312 phase=value_index_schedule slot=0 started_ns=1790162947207521000 ended_ns=1790162947207823334 elapsed_us=302 block_gets=0 block_puts=0 deleted=0
checkpoint_phase lsn=20312 phase=value_index_schedule slot=0 started_ns=1790162947207834000 ended_ns=1790162947229311834 elapsed_us=21477 block_gets=0 block_puts=1 deleted=0
checkpoint_phase lsn=20312 phase=value_index_schedule slot=0 started_ns=1790162947229332000 ended_ns=1790162947229640333 elapsed_us=308 block_gets=0 block_puts=0 deleted=0
checkpoint_phase lsn=20312 phase=value_index_schedule slot=0 started_ns=1790162947229649000 ended_ns=1790162947229954958 elapsed_us=305 block_gets=0 block_puts=0 deleted=0
checkpoint_phase lsn=20312 phase=value_index_schedule slot=0 started_ns=1790162947229963000 ended_ns=1790162947237769875 elapsed_us=7806 block_gets=0 block_puts=1 deleted=0
checkpoint_phase lsn=20312 phase=value_index_schedule slot=0 started_ns=1790162947237792000 ended_ns=1790162947238038583 elapsed_us=246 block_gets=0 block_puts=0 deleted=0
checkpoint_phase lsn=20312 phase=value_index_schedule slot=0 started_ns=1790162947238052000 ended_ns=1790162947238078083 elapsed_us=26 block_gets=0 block_puts=0 deleted=0
checkpoint_phase lsn=20312 phase=value_index_schedule slot=0 started_ns=1790162947238085000 ended_ns=1790162947251985125 elapsed_us=13900 block_gets=0 block_puts=4 deleted=0
checkpoint_phase lsn=20312 phase=value_index_schedule slot=0 started_ns=1790162947252004000 ended_ns=1790162947254788625 elapsed_us=2784 block_gets=0 block_puts=0 deleted=0
checkpoint_phase lsn=20312 phase=value_index_schedule slot=0 started_ns=1790162947254806000 ended_ns=1790162947255475000 elapsed_us=669 block_gets=0 block_puts=0 deleted=0
checkpoint_phase lsn=20312 phase=value_index_schedule slot=0 started_ns=1790162947255485000 ended_ns=1790162947255513500 elapsed_us=28 block_gets=0 block_puts=0 deleted=0
checkpoint_phase lsn=20312 phase=value_index_schedule slot=0 started_ns=1790162947255524000 ended_ns=1790162947271534750 elapsed_us=16010 block_gets=0 block_puts=4 deleted=0
checkpoint_phase lsn=20312 phase=value_index_schedule slot=0 started_ns=1790162947271556000 ended_ns=1790162947271556334 elapsed_us=0 block_gets=0 block_puts=0 deleted=0
checkpoint_phase lsn=20312 phase=value_index_schedule slot=0 started_ns=1790162947271565000 ended_ns=1790162947271743708 elapsed_us=178 block_gets=0 block_puts=0 deleted=0
checkpoint_phase lsn=20312 phase=value_index_schedule slot=0 started_ns=1790162947271766000 ended_ns=1790162947272107417 elapsed_us=341 block_gets=0 block_puts=0 deleted=0
checkpoint_phase lsn=20312 phase=value_index_schedule slot=0 started_ns=1790162947272120000 ended_ns=1790162947272450958 elapsed_us=330 block_gets=0 block_puts=0 deleted=0
checkpoint_phase lsn=20312 phase=value_index_schedule slot=0 started_ns=1790162947272461000 ended_ns=1790162947272798334 elapsed_us=337 block_gets=0 block_puts=0 deleted=0
checkpoint_phase lsn=20312 phase=value_index_schedule slot=0 started_ns=1790162947272809000 ended_ns=1790162947285250083 elapsed_us=12441 block_gets=0 block_puts=1 deleted=0
checkpoint_phase lsn=20312 phase=value_index_schedule slot=0 started_ns=1790162947285288000 ended_ns=1790162947285632334 elapsed_us=344 block_gets=0 block_puts=0 deleted=0
checkpoint_phase lsn=20312 phase=value_index_schedule slot=0 started_ns=1790162947285648000 ended_ns=1790162947285988000 elapsed_us=340 block_gets=0 block_puts=0 deleted=0
checkpoint_phase lsn=20312 phase=value_index_schedule slot=0 started_ns=1790162947286001000 ended_ns=1790162947304544084 elapsed_us=18543 block_gets=0 block_puts=1 deleted=0
checkpoint_phase lsn=20312 phase=value_index_schedule slot=0 started_ns=1790162947304578000 ended_ns=1790162947304910458 elapsed_us=332 block_gets=0 block_puts=0 deleted=0
checkpoint_phase lsn=20312 phase=value_index_schedule slot=0 started_ns=1790162947304931000 ended_ns=1790162947305111209 elapsed_us=180 block_gets=0 block_puts=0 deleted=0
checkpoint_phase lsn=20312 phase=value_index_schedule slot=0 started_ns=1790162947305129000 ended_ns=1790162947316111291 elapsed_us=10982 block_gets=0 block_puts=1 deleted=0
checkpoint_phase lsn=20312 phase=value_index_schedule slot=0 started_ns=1790162947316134000 ended_ns=1790162947368203542 elapsed_us=52069 block_gets=0 block_puts=4 deleted=0
checkpoint_phase lsn=20312 phase=value_index_schedule slot=0 started_ns=1790162947368226000 ended_ns=1790162947368226375 elapsed_us=0 block_gets=0 block_puts=0 deleted=0
checkpoint_phase lsn=20312 phase=value_index_write slot=0 started_ns=1790162947368236000 ended_ns=1790162947401523542 elapsed_us=33287 block_gets=0 block_puts=4 deleted=0
checkpoint_phase lsn=20312 phase=value_index_write slot=0 started_ns=1790162947401546000 ended_ns=1790162947428468167 elapsed_us=26922 block_gets=0 block_puts=4 deleted=0
checkpoint_phase lsn=20312 phase=value_index_write slot=0 started_ns=1790162947428497000 ended_ns=1790162947442882000 elapsed_us=14385 block_gets=0 block_puts=4 deleted=0
checkpoint_phase lsn=20312 phase=value_index_write slot=0 started_ns=1790162947442903000 ended_ns=1790162947454259791 elapsed_us=11356 block_gets=0 block_puts=4 deleted=0
checkpoint_phase lsn=20312 phase=value_index_write slot=0 started_ns=1790162947454283000 ended_ns=1790162947469765917 elapsed_us=15482 block_gets=0 block_puts=4 deleted=0
checkpoint_phase lsn=20312 phase=value_index_write slot=0 started_ns=1790162947469788000 ended_ns=1790162947498969333 elapsed_us=29181 block_gets=0 block_puts=4 deleted=0
checkpoint_phase lsn=20312 phase=value_index_write slot=0 started_ns=1790162947498994000 ended_ns=1790162947540067916 elapsed_us=41073 block_gets=0 block_puts=4 deleted=0
checkpoint_phase lsn=20312 phase=value_index_write slot=0 started_ns=1790162947540089000 ended_ns=1790162947569863292 elapsed_us=29774 block_gets=0 block_puts=4 deleted=0
checkpoint_phase lsn=20312 phase=value_index_write slot=0 started_ns=1790162947569886000 ended_ns=1790162947582028042 elapsed_us=12142 block_gets=0 block_puts=4 deleted=0
checkpoint_phase lsn=20312 phase=value_index_write slot=0 started_ns=1790162947582052000 ended_ns=1790162947595676667 elapsed_us=13624 block_gets=0 block_puts=4 deleted=0
checkpoint_phase lsn=20312 phase=value_index_write slot=0 started_ns=1790162947595701000 ended_ns=1790162947606787125 elapsed_us=11086 block_gets=0 block_puts=4 deleted=0
checkpoint_phase lsn=20312 phase=value_index_write slot=0 started_ns=1790162947606807000 ended_ns=1790162947616237708 elapsed_us=9430 block_gets=0 block_puts=4 deleted=0
checkpoint_phase lsn=20312 phase=value_index_write slot=0 started_ns=1790162947616283000 ended_ns=1790162947634057041 elapsed_us=17774 block_gets=0 block_puts=4 deleted=0
checkpoint_phase lsn=20312 phase=value_index_write slot=0 started_ns=1790162947634076000 ended_ns=1790162947667540542 elapsed_us=33464 block_gets=0 block_puts=4 deleted=0
checkpoint_phase lsn=20312 phase=value_index_write slot=0 started_ns=1790162947667565000 ended_ns=1790162947720956583 elapsed_us=53391 block_gets=0 block_puts=6 deleted=0
checkpoint_phase lsn=20312 phase=value_index_schedule slot=0 started_ns=1790162947720987000 ended_ns=1790162947720990459 elapsed_us=3 block_gets=0 block_puts=0 deleted=0
checkpoint_phase lsn=20312 phase=value_index_schedule slot=0 started_ns=1790162947721000000 ended_ns=1790162947721771958 elapsed_us=771 block_gets=0 block_puts=0 deleted=0
checkpoint_phase lsn=20312 phase=value_index_schedule slot=0 started_ns=1790162947721784000 ended_ns=1790162947745699625 elapsed_us=23915 block_gets=8 block_puts=0 deleted=0
checkpoint_phase lsn=20312 phase=value_index_schedule slot=0 started_ns=1790162947745722000 ended_ns=1790162947762126291 elapsed_us=16404 block_gets=8 block_puts=0 deleted=0
checkpoint_phase lsn=20312 phase=value_index_schedule slot=0 started_ns=1790162947762155000 ended_ns=1790162947772564667 elapsed_us=10409 block_gets=8 block_puts=0 deleted=0
checkpoint_phase lsn=20312 phase=value_index_schedule slot=0 started_ns=1790162947772588000 ended_ns=1790162947777911125 elapsed_us=5323 block_gets=8 block_puts=0 deleted=0
checkpoint_phase lsn=20312 phase=value_index_schedule slot=0 started_ns=1790162947777935000 ended_ns=1790162947783356708 elapsed_us=5421 block_gets=8 block_puts=0 deleted=0
checkpoint_phase lsn=20312 phase=value_index_schedule slot=0 started_ns=1790162947783378000 ended_ns=1790162947789265166 elapsed_us=5887 block_gets=8 block_puts=0 deleted=0
checkpoint_phase lsn=20312 phase=value_index_schedule slot=0 started_ns=1790162947789286000 ended_ns=1790162947796498000 elapsed_us=7212 block_gets=8 block_puts=0 deleted=0
checkpoint_phase lsn=20312 phase=value_index_schedule slot=0 started_ns=1790162947796521000 ended_ns=1790162947804277958 elapsed_us=7756 block_gets=8 block_puts=0 deleted=0
checkpoint_phase lsn=20312 phase=value_index_schedule slot=0 started_ns=1790162947804305000 ended_ns=1790162947820306292 elapsed_us=16001 block_gets=8 block_puts=0 deleted=0
checkpoint_phase lsn=20312 phase=value_index_schedule slot=0 started_ns=1790162947820338000 ended_ns=1790162947852903375 elapsed_us=32565 block_gets=8 block_puts=0 deleted=0
checkpoint_phase lsn=20312 phase=value_index_schedule slot=0 started_ns=1790162947852923000 ended_ns=1790162947873950791 elapsed_us=21027 block_gets=8 block_puts=0 deleted=0
checkpoint_phase lsn=20312 phase=value_index_schedule slot=0 started_ns=1790162947873974000 ended_ns=1790162947898846416 elapsed_us=24872 block_gets=8 block_puts=0 deleted=0
checkpoint_phase lsn=20312 phase=value_index_schedule slot=0 started_ns=1790162947898871000 ended_ns=1790162947913792333 elapsed_us=14921 block_gets=8 block_puts=0 deleted=0
checkpoint_phase lsn=20312 phase=value_index_schedule slot=0 started_ns=1790162947913819000 ended_ns=1790162947929055500 elapsed_us=15236 block_gets=8 block_puts=0 deleted=0
checkpoint_phase lsn=20312 phase=value_index_schedule slot=0 started_ns=1790162947929080000 ended_ns=1790162947934570792 elapsed_us=5490 block_gets=2 block_puts=0 deleted=0
checkpoint_phase lsn=20312 phase=value_index_schedule slot=0 started_ns=1790162947934599000 ended_ns=1790162947938348708 elapsed_us=3749 block_gets=0 block_puts=0 deleted=0
checkpoint_phase lsn=20312 phase=value_index_schedule slot=0 started_ns=1790162947938370000 ended_ns=1790162947938399833 elapsed_us=29 block_gets=0 block_puts=0 deleted=0
checkpoint_phase lsn=20312 phase=value_index_schedule slot=0 started_ns=1790162947938412000 ended_ns=1790162947938435417 elapsed_us=23 block_gets=0 block_puts=0 deleted=0
checkpoint_phase lsn=20312 phase=value_index_schedule slot=0 started_ns=1790162947938465000 ended_ns=1790162947938489208 elapsed_us=24 block_gets=0 block_puts=0 deleted=0
checkpoint_phase lsn=20312 phase=value_index_schedule slot=0 started_ns=1790162947938498000 ended_ns=1790162947946744625 elapsed_us=8246 block_gets=0 block_puts=1 deleted=0
checkpoint_phase lsn=20312 phase=value_index_schedule slot=0 started_ns=1790162947946770000 ended_ns=1790162947992780625 elapsed_us=46010 block_gets=0 block_puts=4 deleted=0
checkpoint_phase lsn=20312 phase=value_index_schedule slot=0 started_ns=1790162947992802000 ended_ns=1790162947995677958 elapsed_us=2875 block_gets=0 block_puts=0 deleted=0
checkpoint_phase lsn=20312 phase=value_index_schedule slot=0 started_ns=1790162947995693000 ended_ns=1790162947998495208 elapsed_us=2802 block_gets=0 block_puts=0 deleted=0
checkpoint_phase lsn=20312 phase=value_index_schedule slot=0 started_ns=1790162947998507000 ended_ns=1790162948001351583 elapsed_us=2844 block_gets=0 block_puts=0 deleted=0
checkpoint_phase lsn=20312 phase=value_index_schedule slot=0 started_ns=1790162948001383000 ended_ns=1790162948004194542 elapsed_us=2811 block_gets=0 block_puts=0 deleted=0
checkpoint_phase lsn=20312 phase=value_index_schedule slot=0 started_ns=1790162948004218000 ended_ns=1790162948005042042 elapsed_us=824 block_gets=0 block_puts=0 deleted=0
checkpoint_phase lsn=20312 phase=value_index_schedule slot=0 started_ns=1790162948005055000 ended_ns=1790162948005083666 elapsed_us=28 block_gets=0 block_puts=0 deleted=0
checkpoint_phase lsn=20312 phase=value_index_schedule slot=0 started_ns=1790162948005091000 ended_ns=1790162948005113500 elapsed_us=22 block_gets=0 block_puts=0 deleted=0
checkpoint_phase lsn=20312 phase=value_index_schedule slot=0 started_ns=1790162948005121000 ended_ns=1790162948005143667 elapsed_us=22 block_gets=0 block_puts=0 deleted=0
checkpoint_phase lsn=20312 phase=value_index_schedule slot=0 started_ns=1790162948005153000 ended_ns=1790162948024175709 elapsed_us=19022 block_gets=0 block_puts=1 deleted=0
checkpoint_phase lsn=20312 phase=value_index_schedule slot=0 started_ns=1790162948024199000 ended_ns=1790162948066360333 elapsed_us=42161 block_gets=0 block_puts=4 deleted=0
checkpoint_phase lsn=20312 phase=value_index_schedule slot=0 started_ns=1790162948066384000 ended_ns=1790162948067178666 elapsed_us=794 block_gets=0 block_puts=0 deleted=0
checkpoint_phase lsn=20312 phase=value_index_schedule slot=0 started_ns=1790162948067202000 ended_ns=1790162948067325292 elapsed_us=123 block_gets=0 block_puts=0 deleted=0
checkpoint_phase lsn=20312 phase=value_index_schedule slot=0 started_ns=1790162948067354000 ended_ns=1790162948067462250 elapsed_us=108 block_gets=0 block_puts=0 deleted=0
checkpoint_phase lsn=20312 phase=value_index_schedule slot=0 started_ns=1790162948067473000 ended_ns=1790162948067696000 elapsed_us=223 block_gets=0 block_puts=0 deleted=0
checkpoint_phase lsn=20312 phase=value_index_schedule slot=0 started_ns=1790162948067705000 ended_ns=1790162948080776250 elapsed_us=13071 block_gets=0 block_puts=1 deleted=0
checkpoint_phase lsn=20312 phase=value_index_schedule slot=0 started_ns=1790162948080803000 ended_ns=1790162948081020083 elapsed_us=217 block_gets=0 block_puts=0 deleted=0
checkpoint_phase lsn=20312 phase=value_index_schedule slot=0 started_ns=1790162948081032000 ended_ns=1790162948081278000 elapsed_us=246 block_gets=0 block_puts=0 deleted=0
checkpoint_phase lsn=20312 phase=value_index_schedule slot=0 started_ns=1790162948081290000 ended_ns=1790162948096420625 elapsed_us=15130 block_gets=0 block_puts=1 deleted=0
checkpoint_phase lsn=20312 phase=value_index_schedule slot=0 started_ns=1790162948096455000 ended_ns=1790162948096685791 elapsed_us=230 block_gets=0 block_puts=0 deleted=0
checkpoint_phase lsn=20312 phase=value_index_schedule slot=0 started_ns=1790162948096702000 ended_ns=1790162948096720542 elapsed_us=18 block_gets=0 block_puts=0 deleted=0
checkpoint_phase lsn=20312 phase=value_index_schedule slot=0 started_ns=1790162948096729000 ended_ns=1790162948125301833 elapsed_us=28572 block_gets=0 block_puts=4 deleted=0
checkpoint_phase lsn=20312 phase=value_index_schedule slot=0 started_ns=1790162948125344000 ended_ns=1790162948128369083 elapsed_us=3025 block_gets=0 block_puts=0 deleted=0
checkpoint_phase lsn=20312 phase=value_index_schedule slot=0 started_ns=1790162948128398000 ended_ns=1790162948129620458 elapsed_us=1222 block_gets=0 block_puts=0 deleted=0
checkpoint_phase lsn=20312 phase=value_index_schedule slot=0 started_ns=1790162948129652000 ended_ns=1790162948129683250 elapsed_us=31 block_gets=0 block_puts=0 deleted=0
checkpoint_phase lsn=20312 phase=value_index_schedule slot=0 started_ns=1790162948129694000 ended_ns=1790162948152368625 elapsed_us=22674 block_gets=0 block_puts=4 deleted=0
checkpoint_phase lsn=20312 phase=value_index_schedule slot=0 started_ns=1790162948152393000 ended_ns=1790162948152393250 elapsed_us=0 block_gets=0 block_puts=0 deleted=0
checkpoint_phase lsn=20312 phase=value_index_schedule slot=0 started_ns=1790162948152401000 ended_ns=1790162948152628334 elapsed_us=227 block_gets=0 block_puts=0 deleted=0
checkpoint_phase lsn=20312 phase=value_index_schedule slot=0 started_ns=1790162948152661000 ended_ns=1790162948152938708 elapsed_us=277 block_gets=0 block_puts=0 deleted=0
checkpoint_phase lsn=20312 phase=value_index_schedule slot=0 started_ns=1790162948152953000 ended_ns=1790162948153207750 elapsed_us=254 block_gets=0 block_puts=0 deleted=0
checkpoint_phase lsn=20312 phase=value_index_schedule slot=0 started_ns=1790162948153218000 ended_ns=1790162948153475791 elapsed_us=257 block_gets=0 block_puts=0 deleted=0
checkpoint_phase lsn=20312 phase=value_index_schedule slot=0 started_ns=1790162948153488000 ended_ns=1790162948167410166 elapsed_us=13922 block_gets=0 block_puts=1 deleted=0
checkpoint_phase lsn=20312 phase=value_index_schedule slot=0 started_ns=1790162948167443000 ended_ns=1790162948167705166 elapsed_us=262 block_gets=0 block_puts=0 deleted=0
checkpoint_phase lsn=20312 phase=value_index_schedule slot=0 started_ns=1790162948167719000 ended_ns=1790162948167984625 elapsed_us=265 block_gets=0 block_puts=0 deleted=0
checkpoint_phase lsn=20312 phase=value_index_schedule slot=0 started_ns=1790162948167998000 ended_ns=1790162948185082625 elapsed_us=17084 block_gets=0 block_puts=1 deleted=0
checkpoint_phase lsn=20312 phase=value_index_schedule slot=0 started_ns=1790162948185121000 ended_ns=1790162948185233375 elapsed_us=112 block_gets=0 block_puts=0 deleted=0
checkpoint_phase lsn=20312 phase=value_index_schedule slot=0 started_ns=1790162948185244000 ended_ns=1790162948185386666 elapsed_us=142 block_gets=0 block_puts=0 deleted=0
checkpoint_phase lsn=20312 phase=value_index_schedule slot=0 started_ns=1790162948185396000 ended_ns=1790162948197668166 elapsed_us=12272 block_gets=0 block_puts=1 deleted=0
checkpoint_phase lsn=20312 phase=value_index_schedule slot=0 started_ns=1790162948197688000 ended_ns=1790162948238615208 elapsed_us=40927 block_gets=0 block_puts=4 deleted=0
checkpoint_phase lsn=20312 phase=value_index_schedule slot=0 started_ns=1790162948238639000 ended_ns=1790162948238639250 elapsed_us=0 block_gets=0 block_puts=0 deleted=0
checkpoint_phase lsn=20312 phase=value_index_write slot=0 started_ns=1790162948238649000 ended_ns=1790162948264528291 elapsed_us=25879 block_gets=0 block_puts=4 deleted=0
checkpoint_phase lsn=20312 phase=value_index_write slot=0 started_ns=1790162948264551000 ended_ns=1790162948279286541 elapsed_us=14735 block_gets=0 block_puts=4 deleted=0
checkpoint_phase lsn=20312 phase=value_index_write slot=0 started_ns=1790162948279312000 ended_ns=1790162948291152875 elapsed_us=11840 block_gets=0 block_puts=4 deleted=0
checkpoint_phase lsn=20312 phase=value_index_write slot=0 started_ns=1790162948291175000 ended_ns=1790162948370369834 elapsed_us=79194 block_gets=0 block_puts=4 deleted=0
checkpoint_phase lsn=20312 phase=value_index_write slot=0 started_ns=1790162948370391000 ended_ns=1790162948393521208 elapsed_us=23130 block_gets=0 block_puts=4 deleted=0
checkpoint_phase lsn=20312 phase=value_index_write slot=0 started_ns=1790162948393546000 ended_ns=1790162948408152041 elapsed_us=14606 block_gets=0 block_puts=4 deleted=0
checkpoint_phase lsn=20312 phase=value_index_write slot=0 started_ns=1790162948408191000 ended_ns=1790162948423794458 elapsed_us=15603 block_gets=0 block_puts=4 deleted=0
checkpoint_phase lsn=20312 phase=value_index_write slot=0 started_ns=1790162948423824000 ended_ns=1790162948441117584 elapsed_us=17293 block_gets=0 block_puts=4 deleted=0
checkpoint_phase lsn=20312 phase=value_index_write slot=0 started_ns=1790162948441140000 ended_ns=1790162948482688917 elapsed_us=41548 block_gets=0 block_puts=4 deleted=0
checkpoint_phase lsn=20312 phase=value_index_write slot=0 started_ns=1790162948482713000 ended_ns=1790162948523305333 elapsed_us=40592 block_gets=0 block_puts=4 deleted=0
checkpoint_phase lsn=20312 phase=value_index_write slot=0 started_ns=1790162948523329000 ended_ns=1790162948547814208 elapsed_us=24485 block_gets=0 block_puts=4 deleted=0
checkpoint_phase lsn=20312 phase=value_index_write slot=0 started_ns=1790162948547835000 ended_ns=1790162948578827250 elapsed_us=30992 block_gets=0 block_puts=4 deleted=0
checkpoint_phase lsn=20312 phase=value_index_write slot=0 started_ns=1790162948578851000 ended_ns=1790162948594493500 elapsed_us=15642 block_gets=0 block_puts=4 deleted=0
checkpoint_phase lsn=20312 phase=value_index_write slot=0 started_ns=1790162948594593000 ended_ns=1790162948605258667 elapsed_us=10665 block_gets=0 block_puts=4 deleted=0
checkpoint_phase lsn=20312 phase=value_index_write slot=0 started_ns=1790162948605282000 ended_ns=1790162948616991750 elapsed_us=11709 block_gets=0 block_puts=4 deleted=0
checkpoint_phase lsn=20312 phase=value_index_write slot=0 started_ns=1790162948617012000 ended_ns=1790162948625684666 elapsed_us=8672 block_gets=0 block_puts=3 deleted=0
checkpoint_phase lsn=20312 phase=value_index_schedule slot=0 started_ns=1790162948625718000 ended_ns=1790162948625721500 elapsed_us=3 block_gets=0 block_puts=0 deleted=0
checkpoint_phase lsn=20312 phase=value_index_schedule slot=0 started_ns=1790162948625732000 ended_ns=1790162948626557833 elapsed_us=825 block_gets=0 block_puts=0 deleted=0
checkpoint_phase lsn=20312 phase=value_index_schedule slot=0 started_ns=1790162948626570000 ended_ns=1790162948635210625 elapsed_us=8640 block_gets=8 block_puts=0 deleted=0
checkpoint_phase lsn=20312 phase=value_index_schedule slot=0 started_ns=1790162948635232000 ended_ns=1790162948657074625 elapsed_us=21842 block_gets=8 block_puts=0 deleted=0
checkpoint_phase lsn=20312 phase=value_index_schedule slot=0 started_ns=1790162948657099000 ended_ns=1790162948677258583 elapsed_us=20159 block_gets=8 block_puts=0 deleted=0
checkpoint_phase lsn=20312 phase=value_index_schedule slot=0 started_ns=1790162948677285000 ended_ns=1790162948693694916 elapsed_us=16409 block_gets=8 block_puts=0 deleted=0
checkpoint_phase lsn=20312 phase=value_index_schedule slot=0 started_ns=1790162948693718000 ended_ns=1790162948712212583 elapsed_us=18494 block_gets=8 block_puts=0 deleted=0
checkpoint_phase lsn=20312 phase=value_index_schedule slot=0 started_ns=1790162948712236000 ended_ns=1790162948728549791 elapsed_us=16313 block_gets=8 block_puts=0 deleted=0
checkpoint_phase lsn=20312 phase=value_index_schedule slot=0 started_ns=1790162948728574000 ended_ns=1790162948736208833 elapsed_us=7634 block_gets=8 block_puts=0 deleted=0
checkpoint_phase lsn=20312 phase=value_index_schedule slot=0 started_ns=1790162948736230000 ended_ns=1790162948743774250 elapsed_us=7544 block_gets=8 block_puts=0 deleted=0
checkpoint_phase lsn=20312 phase=value_index_schedule slot=0 started_ns=1790162948743797000 ended_ns=1790162948749866500 elapsed_us=6069 block_gets=8 block_puts=0 deleted=0
checkpoint_phase lsn=20312 phase=value_index_schedule slot=0 started_ns=1790162948749889000 ended_ns=1790162948759101042 elapsed_us=9212 block_gets=8 block_puts=0 deleted=0
checkpoint_phase lsn=20312 phase=value_index_schedule slot=0 started_ns=1790162948759125000 ended_ns=1790162948766674917 elapsed_us=7549 block_gets=8 block_puts=0 deleted=0
checkpoint_phase lsn=20312 phase=value_index_schedule slot=0 started_ns=1790162948766699000 ended_ns=1790162948772424333 elapsed_us=5725 block_gets=8 block_puts=0 deleted=0
checkpoint_phase lsn=20312 phase=value_index_schedule slot=0 started_ns=1790162948772452000 ended_ns=1790162948781200208 elapsed_us=8748 block_gets=8 block_puts=0 deleted=0
checkpoint_phase lsn=20312 phase=value_index_schedule slot=0 started_ns=1790162948781226000 ended_ns=1790162948797987458 elapsed_us=16761 block_gets=8 block_puts=0 deleted=0
checkpoint_phase lsn=20312 phase=value_index_schedule slot=0 started_ns=1790162948798008000 ended_ns=1790162948811689791 elapsed_us=13681 block_gets=2 block_puts=0 deleted=0
checkpoint_phase lsn=20312 phase=value_index_schedule slot=0 started_ns=1790162948811723000 ended_ns=1790162948811748500 elapsed_us=25 block_gets=0 block_puts=0 deleted=0
checkpoint_phase lsn=20312 phase=value_index_schedule slot=0 started_ns=1790162948811760000 ended_ns=1790162948811781334 elapsed_us=21 block_gets=0 block_puts=0 deleted=0
checkpoint_phase lsn=20312 phase=value_index_schedule slot=0 started_ns=1790162948811790000 ended_ns=1790162948822270458 elapsed_us=10480 block_gets=0 block_puts=1 deleted=0
checkpoint_phase lsn=20312 phase=value_index_schedule slot=0 started_ns=1790162948822290000 ended_ns=1790162948852395000 elapsed_us=30105 block_gets=0 block_puts=4 deleted=0
checkpoint_phase lsn=20312 phase=value_index_schedule slot=0 started_ns=1790162948852416000 ended_ns=1790162948855284041 elapsed_us=2868 block_gets=0 block_puts=0 deleted=0
checkpoint_phase lsn=20312 phase=value_index_schedule slot=0 started_ns=1790162948855301000 ended_ns=1790162948858083875 elapsed_us=2782 block_gets=0 block_puts=0 deleted=0
checkpoint_phase lsn=20312 phase=value_index_schedule slot=0 started_ns=1790162948858119000 ended_ns=1790162948860976167 elapsed_us=2857 block_gets=0 block_puts=0 deleted=0
checkpoint_phase lsn=20312 phase=value_index_schedule slot=0 started_ns=1790162948861007000 ended_ns=1790162948862833791 elapsed_us=1826 block_gets=0 block_puts=0 deleted=0
checkpoint_phase lsn=20312 phase=value_index_schedule slot=0 started_ns=1790162948862846000 ended_ns=1790162948862872250 elapsed_us=26 block_gets=0 block_puts=0 deleted=0
checkpoint_phase lsn=20312 phase=value_index_schedule slot=0 started_ns=1790162948862884000 ended_ns=1790162948862905375 elapsed_us=21 block_gets=0 block_puts=0 deleted=0
checkpoint_phase lsn=20312 phase=value_index_schedule slot=0 started_ns=1790162948862914000 ended_ns=1790162948875256375 elapsed_us=12342 block_gets=0 block_puts=1 deleted=0
checkpoint_phase lsn=20312 phase=value_index_schedule slot=0 started_ns=1790162948875279000 ended_ns=1790162948892473833 elapsed_us=17194 block_gets=0 block_puts=4 deleted=0
checkpoint_phase lsn=20312 phase=value_index_schedule slot=0 started_ns=1790162948892499000 ended_ns=1790162948893147333 elapsed_us=648 block_gets=0 block_puts=0 deleted=0
checkpoint_phase lsn=20312 phase=value_index_schedule slot=0 started_ns=1790162948893161000 ended_ns=1790162948893369541 elapsed_us=208 block_gets=0 block_puts=0 deleted=0
checkpoint_phase lsn=20312 phase=value_index_schedule slot=0 started_ns=1790162948893394000 ended_ns=1790162948893598792 elapsed_us=204 block_gets=0 block_puts=0 deleted=0
checkpoint_phase lsn=20312 phase=value_index_schedule slot=0 started_ns=1790162948893611000 ended_ns=1790162948899298917 elapsed_us=5687 block_gets=0 block_puts=1 deleted=0
checkpoint_phase lsn=20312 phase=value_index_schedule slot=0 started_ns=1790162948899324000 ended_ns=1790162948899660625 elapsed_us=336 block_gets=0 block_puts=0 deleted=0
checkpoint_phase lsn=20312 phase=value_index_schedule slot=0 started_ns=1790162948899675000 ended_ns=1790162948900034042 elapsed_us=359 block_gets=0 block_puts=0 deleted=0
checkpoint_phase lsn=20312 phase=value_index_schedule slot=0 started_ns=1790162948900044000 ended_ns=1790162948905422875 elapsed_us=5378 block_gets=0 block_puts=1 deleted=0
checkpoint_phase lsn=20312 phase=value_index_schedule slot=0 started_ns=1790162948905443000 ended_ns=1790162948905613125 elapsed_us=170 block_gets=0 block_puts=0 deleted=0
checkpoint_phase lsn=20312 phase=value_index_schedule slot=0 started_ns=1790162948905647000 ended_ns=1790162948922955542 elapsed_us=17308 block_gets=0 block_puts=4 deleted=0
checkpoint_phase lsn=20312 phase=value_index_schedule slot=0 started_ns=1790162948922981000 ended_ns=1790162948925813625 elapsed_us=2832 block_gets=0 block_puts=0 deleted=0
checkpoint_phase lsn=20312 phase=value_index_schedule slot=0 started_ns=1790162948925843000 ended_ns=1790162948928607333 elapsed_us=2764 block_gets=0 block_puts=0 deleted=0
checkpoint_phase lsn=20312 phase=value_index_schedule slot=0 started_ns=1790162948928625000 ended_ns=1790162948931352834 elapsed_us=2727 block_gets=0 block_puts=0 deleted=0
checkpoint_phase lsn=20312 phase=value_index_schedule slot=0 started_ns=1790162948931385000 ended_ns=1790162948931411917 elapsed_us=26 block_gets=0 block_puts=0 deleted=0
checkpoint_phase lsn=20312 phase=value_index_schedule slot=0 started_ns=1790162948931424000 ended_ns=1790162948931446000 elapsed_us=22 block_gets=0 block_puts=0 deleted=0
checkpoint_phase lsn=20312 phase=value_index_schedule slot=0 started_ns=1790162948931455000 ended_ns=1790162948945383208 elapsed_us=13928 block_gets=0 block_puts=1 deleted=0
checkpoint_phase lsn=20312 phase=value_index_schedule slot=0 started_ns=1790162948945403000 ended_ns=1790162948992634667 elapsed_us=47231 block_gets=0 block_puts=4 deleted=0
checkpoint_phase lsn=20312 phase=value_index_schedule slot=0 started_ns=1790162948992666000 ended_ns=1790162948992666417 elapsed_us=0 block_gets=0 block_puts=0 deleted=0
checkpoint_phase lsn=20312 phase=value_index_schedule slot=0 started_ns=1790162948992677000 ended_ns=1790162948993339000 elapsed_us=662 block_gets=0 block_puts=0 deleted=0
checkpoint_phase lsn=20312 phase=value_index_schedule slot=0 started_ns=1790162948993354000 ended_ns=1790162948993716333 elapsed_us=362 block_gets=0 block_puts=0 deleted=0
checkpoint_phase lsn=20312 phase=value_index_schedule slot=0 started_ns=1790162948993730000 ended_ns=1790162948994076583 elapsed_us=346 block_gets=0 block_puts=0 deleted=0
checkpoint_phase lsn=20312 phase=value_index_schedule slot=0 started_ns=1790162948994088000 ended_ns=1790162949062404958 elapsed_us=68316 block_gets=0 block_puts=1 deleted=0
checkpoint_phase lsn=20312 phase=value_index_schedule slot=0 started_ns=1790162949062443000 ended_ns=1790162949062790208 elapsed_us=347 block_gets=0 block_puts=0 deleted=0
checkpoint_phase lsn=20312 phase=value_index_schedule slot=0 started_ns=1790162949062805000 ended_ns=1790162949063141125 elapsed_us=336 block_gets=0 block_puts=0 deleted=0
checkpoint_phase lsn=20312 phase=value_index_schedule slot=0 started_ns=1790162949063154000 ended_ns=1790162949071192000 elapsed_us=8038 block_gets=0 block_puts=1 deleted=0
checkpoint_phase lsn=20312 phase=value_index_schedule slot=0 started_ns=1790162949071223000 ended_ns=1790162949071418417 elapsed_us=195 block_gets=0 block_puts=0 deleted=0
checkpoint_phase lsn=20312 phase=value_index_schedule slot=0 started_ns=1790162949071433000 ended_ns=1790162949071626333 elapsed_us=193 block_gets=0 block_puts=0 deleted=0
checkpoint_phase lsn=20312 phase=value_index_schedule slot=0 started_ns=1790162949071641000 ended_ns=1790162949078910583 elapsed_us=7269 block_gets=0 block_puts=1 deleted=0
checkpoint_phase lsn=20312 phase=value_index_schedule slot=0 started_ns=1790162949078936000 ended_ns=1790162949079033125 elapsed_us=97 block_gets=0 block_puts=0 deleted=0
checkpoint_phase lsn=20312 phase=value_index_schedule slot=0 started_ns=1790162949079044000 ended_ns=1790162949101405750 elapsed_us=22361 block_gets=0 block_puts=4 deleted=0
checkpoint_phase lsn=20312 phase=value_index_schedule slot=0 started_ns=1790162949101432000 ended_ns=1790162949101432375 elapsed_us=0 block_gets=0 block_puts=0 deleted=0
checkpoint_phase lsn=20312 phase=value_index_write slot=0 started_ns=1790162949101443000 ended_ns=1790162949113645583 elapsed_us=12202 block_gets=0 block_puts=3 deleted=0
checkpoint_phase lsn=20312 phase=value_index_write slot=0 started_ns=1790162949113674000 ended_ns=1790162949148341500 elapsed_us=34667 block_gets=0 block_puts=4 deleted=0
checkpoint_phase lsn=20312 phase=value_index_write slot=0 started_ns=1790162949148383000 ended_ns=1790162949183436292 elapsed_us=35053 block_gets=0 block_puts=4 deleted=0
checkpoint_phase lsn=20312 phase=value_index_write slot=0 started_ns=1790162949183461000 ended_ns=1790162949218915916 elapsed_us=35454 block_gets=0 block_puts=4 deleted=0
checkpoint_phase lsn=20312 phase=value_index_write slot=0 started_ns=1790162949218940000 ended_ns=1790162949230681375 elapsed_us=11741 block_gets=0 block_puts=4 deleted=0
checkpoint_phase lsn=20312 phase=value_index_write slot=0 started_ns=1790162949230703000 ended_ns=1790162949241837833 elapsed_us=11134 block_gets=0 block_puts=4 deleted=0
checkpoint_phase lsn=20312 phase=value_index_write slot=0 started_ns=1790162949241865000 ended_ns=1790162949259016416 elapsed_us=17151 block_gets=0 block_puts=4 deleted=0
checkpoint_phase lsn=20312 phase=value_index_write slot=0 started_ns=1790162949259042000 ended_ns=1790162949296734833 elapsed_us=37692 block_gets=0 block_puts=4 deleted=0
checkpoint_phase lsn=20312 phase=value_index_write slot=0 started_ns=1790162949296758000 ended_ns=1790162949323011583 elapsed_us=26253 block_gets=0 block_puts=4 deleted=0
checkpoint_phase lsn=20312 phase=value_index_write slot=0 started_ns=1790162949323035000 ended_ns=1790162949349055625 elapsed_us=26020 block_gets=0 block_puts=4 deleted=0
checkpoint_phase lsn=20312 phase=value_index_write slot=0 started_ns=1790162949349075000 ended_ns=1790162949368910334 elapsed_us=19835 block_gets=0 block_puts=5 deleted=0
checkpoint_phase lsn=20312 phase=row_sst_delta slot=0 started_ns=1790162949368949000 ended_ns=1790162949461497667 elapsed_us=92548 block_gets=0 block_puts=5 deleted=0
checkpoint_phase lsn=20312 phase=manifest slot=-1 started_ns=1790162949461523000 ended_ns=1790162949487333958 elapsed_us=25810 block_gets=0 block_puts=0 deleted=0
checkpoint_phase lsn=20312 phase=local_cleanup slot=-1 started_ns=1790162949487395000 ended_ns=1790162949487537709 elapsed_us=142 block_gets=0 block_puts=0 deleted=0
checkpoint_phase lsn=20312 phase=commit_prune slot=-1 started_ns=1790162949487546000 ended_ns=1790162949532631750 elapsed_us=45085 block_gets=0 block_puts=0 deleted=16
checkpoint_phase lsn=20312 phase=commit_prune slot=-1 started_ns=1790162949532658000 ended_ns=1790162949546561042 elapsed_us=13903 block_gets=0 block_puts=0 deleted=16
checkpoint_phase lsn=20312 phase=commit_prune slot=-1 started_ns=1790162949546584000 ended_ns=1790162949590023792 elapsed_us=43439 block_gets=0 block_puts=0 deleted=16
checkpoint_phase lsn=20312 phase=commit_prune slot=-1 started_ns=1790162949590047000 ended_ns=1790162949640772791 elapsed_us=50725 block_gets=0 block_puts=0 deleted=16
checkpoint_phase lsn=20312 phase=commit_prune slot=-1 started_ns=1790162949640799000 ended_ns=1790162949649763708 elapsed_us=8964 block_gets=0 block_puts=0 deleted=2
checkpoint_phase lsn=20312 phase=legacy_gc slot=-1 started_ns=1790162949649784000 ended_ns=1790162949650439125 elapsed_us=655 block_gets=0 block_puts=0 deleted=0
checkpoint_phase lsn=20312 phase=gc_keep slot=-1 started_ns=1790162949650469000 ended_ns=1790162949651508750 elapsed_us=1039 block_gets=0 block_puts=0 deleted=0
checkpoint_phase lsn=20312 phase=gc_list slot=-1 started_ns=1790162949651518000 ended_ns=1790162949727952541 elapsed_us=76434 block_gets=0 block_puts=0 deleted=0
checkpoint_phase lsn=20312 phase=gc_delete slot=-1 started_ns=1790162949727968000 ended_ns=1790162949779103208 elapsed_us=51135 block_gets=0 block_puts=0 deleted=16
checkpoint_phase lsn=20312 phase=gc_delete slot=-1 started_ns=1790162949779121000 ended_ns=1790162949824942875 elapsed_us=45821 block_gets=0 block_puts=0 deleted=16
checkpoint_phase lsn=20312 phase=gc_delete slot=-1 started_ns=1790162949824960000 ended_ns=1790162949883727542 elapsed_us=58767 block_gets=0 block_puts=0 deleted=16
checkpoint_phase lsn=20312 phase=gc_delete slot=-1 started_ns=1790162949883750000 ended_ns=1790162949900454417 elapsed_us=16704 block_gets=0 block_puts=0 deleted=16
checkpoint_phase lsn=20312 phase=gc_delete slot=-1 started_ns=1790162949900482000 ended_ns=1790162949915859709 elapsed_us=15377 block_gets=0 block_puts=0 deleted=16
checkpoint_phase lsn=20312 phase=gc_delete slot=-1 started_ns=1790162949915909000 ended_ns=1790162949973814125 elapsed_us=57905 block_gets=0 block_puts=0 deleted=16
checkpoint_phase lsn=20312 phase=gc_delete slot=-1 started_ns=1790162949973844000 ended_ns=1790162950016000792 elapsed_us=42156 block_gets=0 block_puts=0 deleted=16
checkpoint_phase lsn=20312 phase=gc_delete slot=-1 started_ns=1790162950016023000 ended_ns=1790162950063465250 elapsed_us=47442 block_gets=0 block_puts=0 deleted=16
checkpoint_phase lsn=20312 phase=gc_delete slot=-1 started_ns=1790162950063491000 ended_ns=1790162950091570583 elapsed_us=28079 block_gets=0 block_puts=0 deleted=16
checkpoint_phase lsn=20312 phase=gc_delete slot=-1 started_ns=1790162950091599000 ended_ns=1790162950109091916 elapsed_us=17492 block_gets=0 block_puts=0 deleted=16
checkpoint_phase lsn=20312 phase=gc_delete slot=-1 started_ns=1790162950109112000 ended_ns=1790162950120138292 elapsed_us=11026 block_gets=0 block_puts=0 deleted=16
checkpoint_phase lsn=20312 phase=gc_delete slot=-1 started_ns=1790162950120170000 ended_ns=1790162950130688167 elapsed_us=10518 block_gets=0 block_puts=0 deleted=16
checkpoint_phase lsn=20312 phase=gc_delete slot=-1 started_ns=1790162950130715000 ended_ns=1790162950202923625 elapsed_us=72208 block_gets=0 block_puts=0 deleted=16
checkpoint_phase lsn=20312 phase=gc_delete slot=-1 started_ns=1790162950202954000 ended_ns=1790162950276496542 elapsed_us=73542 block_gets=0 block_puts=0 deleted=16
checkpoint_phase lsn=20312 phase=gc_delete slot=-1 started_ns=1790162950276548000 ended_ns=1790162950315024583 elapsed_us=38476 block_gets=0 block_puts=0 deleted=16
checkpoint_phase lsn=20312 phase=gc_delete slot=-1 started_ns=1790162950315043000 ended_ns=1790162950374207542 elapsed_us=59164 block_gets=0 block_puts=0 deleted=16
checkpoint_phase lsn=20312 phase=gc_delete slot=-1 started_ns=1790162950374235000 ended_ns=1790162950385660500 elapsed_us=11425 block_gets=0 block_puts=0 deleted=16
checkpoint_phase lsn=20312 phase=gc_delete slot=-1 started_ns=1790162950385688000 ended_ns=1790162950398294125 elapsed_us=12606 block_gets=0 block_puts=0 deleted=16
checkpoint_phase lsn=20312 phase=gc_delete slot=-1 started_ns=1790162950398350000 ended_ns=1790162950416231667 elapsed_us=17881 block_gets=0 block_puts=0 deleted=16
checkpoint_phase lsn=20312 phase=gc_delete slot=-1 started_ns=1790162950416288000 ended_ns=1790162950497536209 elapsed_us=81248 block_gets=0 block_puts=0 deleted=16
checkpoint_phase lsn=20312 phase=gc_delete slot=-1 started_ns=1790162950497552000 ended_ns=1790162950528146083 elapsed_us=30594 block_gets=0 block_puts=0 deleted=16
checkpoint_phase lsn=20312 phase=gc_delete slot=-1 started_ns=1790162950528165000 ended_ns=1790162950562410750 elapsed_us=34245 block_gets=0 block_puts=0 deleted=16
checkpoint_phase lsn=20312 phase=gc_delete slot=-1 started_ns=1790162950562437000 ended_ns=1790162950657354541 elapsed_us=94917 block_gets=0 block_puts=0 deleted=16
checkpoint_phase lsn=20312 phase=gc_delete slot=-1 started_ns=1790162950657370000 ended_ns=1790162950700023958 elapsed_us=42653 block_gets=0 block_puts=0 deleted=16
checkpoint_phase lsn=20312 phase=gc_delete slot=-1 started_ns=1790162950700042000 ended_ns=1790162950722339667 elapsed_us=22297 block_gets=0 block_puts=0 deleted=16
checkpoint_phase lsn=20312 phase=gc_delete slot=-1 started_ns=1790162950722365000 ended_ns=1790162950737771750 elapsed_us=15406 block_gets=0 block_puts=0 deleted=16
checkpoint_phase lsn=20312 phase=gc_delete slot=-1 started_ns=1790162950737805000 ended_ns=1790162950754846583 elapsed_us=17041 block_gets=0 block_puts=0 deleted=10
checkpoint_phase lsn=20312 phase=row_merge_schedule slot=0 started_ns=1790162950755037000 ended_ns=1790162950755371250 elapsed_us=334 block_gets=0 block_puts=0 deleted=0
checkpoint_phase lsn=20312 phase=row_merge_schedule slot=0 started_ns=1790162950755460000 ended_ns=1790162950755717500 elapsed_us=257 block_gets=0 block_puts=0 deleted=0
checkpoint_phase lsn=20312 phase=row_merge_schedule slot=0 started_ns=1790162950755835000 ended_ns=1790162950756134333 elapsed_us=299 block_gets=0 block_puts=0 deleted=0
checkpoint_phase lsn=20312 phase=row_merge_schedule slot=0 started_ns=1790162950757697000 ended_ns=1790162950757962834 elapsed_us=265 block_gets=0 block_puts=0 deleted=0
checkpoint_phase lsn=20312 phase=row_merge_schedule slot=0 started_ns=1790162950758046000 ended_ns=1790162950758294208 elapsed_us=248 block_gets=0 block_puts=0 deleted=0
checkpoint_phase lsn=20312 phase=row_merge_schedule slot=0 started_ns=1790162950758378000 ended_ns=1790162950758629708 elapsed_us=251 block_gets=0 block_puts=0 deleted=0
checkpoint_phase lsn=20312 phase=row_merge_schedule slot=0 started_ns=1790162950758976000 ended_ns=1790162950759226792 elapsed_us=250 block_gets=0 block_puts=0 deleted=0
checkpoint_phase lsn=20312 phase=row_merge_schedule slot=0 started_ns=1790162950759283000 ended_ns=1790162950759539833 elapsed_us=256 block_gets=0 block_puts=0 deleted=0
checkpoint_phase lsn=20312 phase=row_merge_schedule slot=0 started_ns=1790162950759593000 ended_ns=1790162950759850208 elapsed_us=257 block_gets=0 block_puts=0 deleted=0
checkpoint_phase lsn=20312 phase=row_merge_schedule slot=0 started_ns=1790162950759896000 ended_ns=1790162950760151291 elapsed_us=255 block_gets=0 block_puts=0 deleted=0
checkpoint_phase lsn=20312 phase=row_merge_schedule slot=0 started_ns=1790162950760197000 ended_ns=1790162950760451833 elapsed_us=254 block_gets=0 block_puts=0 deleted=0
checkpoint_phase lsn=20312 phase=row_merge_schedule slot=0 started_ns=1790162950760498000 ended_ns=1790162950760751875 elapsed_us=253 block_gets=0 block_puts=0 deleted=0
checkpoint_phase lsn=20312 phase=row_merge_schedule slot=0 started_ns=1790162950760803000 ended_ns=1790162950761076625 elapsed_us=273 block_gets=0 block_puts=0 deleted=0
checkpoint_phase lsn=20312 phase=row_merge_schedule slot=0 started_ns=1790162950761129000 ended_ns=1790162950761389917 elapsed_us=260 block_gets=0 block_puts=0 deleted=0
checkpoint_phase lsn=20312 phase=row_merge_schedule slot=0 started_ns=1790162950761438000 ended_ns=1790162950761689834 elapsed_us=251 block_gets=0 block_puts=0 deleted=0
checkpoint_phase lsn=20312 phase=row_merge_schedule slot=0 started_ns=1790162950761751000 ended_ns=1790162950762027750 elapsed_us=276 block_gets=0 block_puts=0 deleted=0
checkpoint_phase lsn=20312 phase=row_merge_schedule slot=0 started_ns=1790162950762087000 ended_ns=1790162950762158375 elapsed_us=71 block_gets=0 block_puts=0 deleted=0
checkpoint_phase lsn=20312 phase=row_merge_schedule slot=0 started_ns=1790162950762213000 ended_ns=1790162950782522792 elapsed_us=20309 block_gets=8 block_puts=0 deleted=0
checkpoint_phase lsn=20312 phase=row_merge_schedule slot=0 started_ns=1790162950785063000 ended_ns=1790162950801691167 elapsed_us=16628 block_gets=7 block_puts=0 deleted=0
checkpoint_phase lsn=20312 phase=row_merge_schedule slot=0 started_ns=1790162950803760000 ended_ns=1790162950825968125 elapsed_us=22208 block_gets=7 block_puts=0 deleted=0
checkpoint_phase lsn=20312 phase=row_merge_schedule slot=0 started_ns=1790162950828060000 ended_ns=1790162950854869375 elapsed_us=26809 block_gets=7 block_puts=0 deleted=0
checkpoint_phase lsn=20312 phase=row_merge_schedule slot=0 started_ns=1790162950856909000 ended_ns=1790162950866229541 elapsed_us=9320 block_gets=7 block_puts=0 deleted=0
checkpoint_phase lsn=20312 phase=row_merge_schedule slot=0 started_ns=1790162950868289000 ended_ns=1790162950875142875 elapsed_us=6853 block_gets=7 block_puts=0 deleted=0
checkpoint_phase lsn=20312 phase=row_merge_schedule slot=0 started_ns=1790162950877206000 ended_ns=1790162950886059166 elapsed_us=8853 block_gets=7 block_puts=0 deleted=0
checkpoint_phase lsn=20312 phase=row_merge_schedule slot=0 started_ns=1790162950888119000 ended_ns=1790162950899693250 elapsed_us=11574 block_gets=7 block_puts=0 deleted=0
checkpoint_phase lsn=20312 phase=row_merge_schedule slot=0 started_ns=1790162950901720000 ended_ns=1790162950932681875 elapsed_us=30961 block_gets=7 block_puts=0 deleted=0
checkpoint_phase lsn=20312 phase=row_merge_schedule slot=0 started_ns=1790162950934727000 ended_ns=1790162950962492416 elapsed_us=27765 block_gets=7 block_puts=0 deleted=0
checkpoint_phase lsn=20312 phase=row_merge_schedule slot=0 started_ns=1790162950964529000 ended_ns=1790162950989709792 elapsed_us=25180 block_gets=7 block_puts=0 deleted=0
checkpoint_phase lsn=20312 phase=row_merge_schedule slot=0 started_ns=1790162950991729000 ended_ns=1790162951018846333 elapsed_us=27117 block_gets=7 block_puts=0 deleted=0
checkpoint_phase lsn=20312 phase=row_merge_schedule slot=0 started_ns=1790162951020890000 ended_ns=1790162951046998875 elapsed_us=26108 block_gets=7 block_puts=0 deleted=0
checkpoint_phase lsn=20312 phase=row_merge_schedule slot=0 started_ns=1790162951049047000 ended_ns=1790162951059806667 elapsed_us=10759 block_gets=7 block_puts=0 deleted=0
checkpoint_phase lsn=20312 phase=row_merge_schedule slot=0 started_ns=1790162951061856000 ended_ns=1790162951062635083 elapsed_us=779 block_gets=1 block_puts=0 deleted=0
checkpoint_phase lsn=20312 phase=row_merge_write slot=0 started_ns=1790162951064607000 ended_ns=1790162951102853500 elapsed_us=38246 block_gets=0 block_puts=5 deleted=0
checkpoint_phase lsn=20312 phase=row_merge_write slot=0 started_ns=1790162951104881000 ended_ns=1790162951176210541 elapsed_us=71329 block_gets=0 block_puts=4 deleted=0
checkpoint_phase lsn=20312 phase=row_merge_write slot=0 started_ns=1790162951178219000 ended_ns=1790162951209190417 elapsed_us=30971 block_gets=0 block_puts=4 deleted=0
checkpoint_phase lsn=20312 phase=row_merge_write slot=0 started_ns=1790162951211310000 ended_ns=1790162951233063208 elapsed_us=21753 block_gets=0 block_puts=4 deleted=0
checkpoint_phase lsn=20312 phase=row_merge_write slot=0 started_ns=1790162951235126000 ended_ns=1790162951299255791 elapsed_us=64129 block_gets=0 block_puts=4 deleted=0
checkpoint_phase lsn=20312 phase=row_merge_write slot=0 started_ns=1790162951301401000 ended_ns=1790162951363346166 elapsed_us=61945 block_gets=0 block_puts=4 deleted=0
checkpoint_phase lsn=20312 phase=row_merge_write slot=0 started_ns=1790162951365562000 ended_ns=1790162951422373167 elapsed_us=56811 block_gets=0 block_puts=4 deleted=0
checkpoint_phase lsn=20312 phase=row_merge_write slot=0 started_ns=1790162951424542000 ended_ns=1790162951490646958 elapsed_us=66104 block_gets=0 block_puts=4 deleted=0
checkpoint_phase lsn=20312 phase=row_merge_write slot=0 started_ns=1790162951492714000 ended_ns=1790162951529743375 elapsed_us=37029 block_gets=0 block_puts=4 deleted=0
checkpoint_phase lsn=20312 phase=row_merge_write slot=0 started_ns=1790162951531847000 ended_ns=1790162951590989792 elapsed_us=59142 block_gets=0 block_puts=4 deleted=0
checkpoint_phase lsn=20312 phase=row_merge_write slot=0 started_ns=1790162951593466000 ended_ns=1790162951638480666 elapsed_us=45014 block_gets=0 block_puts=4 deleted=0
checkpoint_phase lsn=20312 phase=row_merge_write slot=0 started_ns=1790162951640563000 ended_ns=1790162951664442583 elapsed_us=23879 block_gets=0 block_puts=4 deleted=0
checkpoint_phase lsn=20312 phase=row_merge_write slot=0 started_ns=1790162951666503000 ended_ns=1790162951725021875 elapsed_us=58518 block_gets=0 block_puts=4 deleted=0
checkpoint_phase lsn=20312 phase=row_merge_write slot=0 started_ns=1790162951727057000 ended_ns=1790162951822791416 elapsed_us=95734 block_gets=0 block_puts=4 deleted=0
checkpoint_phase lsn=20312 phase=row_merge_write slot=0 started_ns=1790162951824848000 ended_ns=1790162951850792958 elapsed_us=25944 block_gets=0 block_puts=4 deleted=0
checkpoint_phase lsn=20312 phase=row_merge_write slot=0 started_ns=1790162951853060000 ended_ns=1790162951874456833 elapsed_us=21396 block_gets=0 block_puts=4 deleted=0
checkpoint_phase lsn=20312 phase=row_merge_write slot=0 started_ns=1790162951876536000 ended_ns=1790162951946779000 elapsed_us=70243 block_gets=0 block_puts=4 deleted=0
checkpoint_phase lsn=20312 phase=row_merge_write slot=0 started_ns=1790162951948863000 ended_ns=1790162952019424416 elapsed_us=70561 block_gets=0 block_puts=4 deleted=0
checkpoint_phase lsn=20312 phase=row_merge_write slot=0 started_ns=1790162952021501000 ended_ns=1790162952043313417 elapsed_us=21812 block_gets=0 block_puts=4 deleted=0
checkpoint_phase lsn=20312 phase=row_merge_write slot=0 started_ns=1790162952045366000 ended_ns=1790162952064281083 elapsed_us=18915 block_gets=0 block_puts=4 deleted=0
checkpoint_phase lsn=20312 phase=row_merge_write slot=0 started_ns=1790162952066364000 ended_ns=1790162952133825375 elapsed_us=67461 block_gets=0 block_puts=4 deleted=0
checkpoint_phase lsn=20312 phase=row_merge_write slot=0 started_ns=1790162952135865000 ended_ns=1790162952204973917 elapsed_us=69108 block_gets=0 block_puts=4 deleted=0
checkpoint_phase lsn=20312 phase=row_merge_write slot=0 started_ns=1790162952207098000 ended_ns=1790162952241560167 elapsed_us=34462 block_gets=0 block_puts=4 deleted=0
checkpoint_phase lsn=20312 phase=row_merge_write slot=0 started_ns=1790162952243653000 ended_ns=1790162952284707000 elapsed_us=41054 block_gets=0 block_puts=4 deleted=0
checkpoint_phase lsn=20312 phase=row_merge_write slot=0 started_ns=1790162952286737000 ended_ns=1790162952351296625 elapsed_us=64559 block_gets=0 block_puts=4 deleted=0
checkpoint_phase lsn=20312 phase=row_merge_write slot=0 started_ns=1790162952353357000 ended_ns=1790162952373043083 elapsed_us=19686 block_gets=0 block_puts=4 deleted=0
checkpoint_phase lsn=20312 phase=row_merge_write slot=0 started_ns=1790162952375101000 ended_ns=1790162952406838417 elapsed_us=31737 block_gets=0 block_puts=4 deleted=0
checkpoint_phase lsn=20312 phase=row_merge_write slot=0 started_ns=1790162952408835000 ended_ns=1790162952467303833 elapsed_us=58468 block_gets=0 block_puts=4 deleted=0
checkpoint_phase lsn=20312 phase=row_merge_write slot=0 started_ns=1790162952469345000 ended_ns=1790162952511715292 elapsed_us=42370 block_gets=0 block_puts=4 deleted=0
checkpoint_phase lsn=20312 phase=row_merge_write slot=0 started_ns=1790162952513727000 ended_ns=1790162952553702583 elapsed_us=39975 block_gets=0 block_puts=4 deleted=0
checkpoint_phase lsn=20312 phase=row_merge_write slot=0 started_ns=1790162952555816000 ended_ns=1790162952574696666 elapsed_us=18880 block_gets=0 block_puts=4 deleted=0
checkpoint_phase lsn=20312 phase=row_merge_write slot=0 started_ns=1790162952576760000 ended_ns=1790162952610888916 elapsed_us=34128 block_gets=0 block_puts=4 deleted=0
checkpoint_phase lsn=20312 phase=row_merge_write slot=0 started_ns=1790162952612910000 ended_ns=1790162952664341042 elapsed_us=51431 block_gets=0 block_puts=4 deleted=0
checkpoint_phase lsn=20312 phase=row_merge_write slot=0 started_ns=1790162952666614000 ended_ns=1790162952721165667 elapsed_us=54551 block_gets=0 block_puts=4 deleted=0
checkpoint_phase lsn=20312 phase=row_merge_write slot=0 started_ns=1790162952723363000 ended_ns=1790162952763463208 elapsed_us=40100 block_gets=0 block_puts=4 deleted=0
checkpoint_phase lsn=20312 phase=row_merge_write slot=0 started_ns=1790162952765541000 ended_ns=1790162952786985958 elapsed_us=21444 block_gets=0 block_puts=4 deleted=0
checkpoint_phase lsn=20312 phase=row_merge_write slot=0 started_ns=1790162952789018000 ended_ns=1790162952836367375 elapsed_us=47349 block_gets=0 block_puts=4 deleted=0
checkpoint_phase lsn=20312 phase=row_merge_write slot=0 started_ns=1790162952838637000 ended_ns=1790162952888197625 elapsed_us=49560 block_gets=0 block_puts=4 deleted=0
checkpoint_phase lsn=20312 phase=row_merge_write slot=0 started_ns=1790162952890452000 ended_ns=1790162952913518833 elapsed_us=23066 block_gets=0 block_puts=4 deleted=0
checkpoint_phase lsn=20312 phase=row_merge_write slot=0 started_ns=1790162952915584000 ended_ns=1790162952947754000 elapsed_us=32170 block_gets=0 block_puts=4 deleted=0
checkpoint_phase lsn=20312 phase=row_merge_write slot=0 started_ns=1790162952950287000 ended_ns=1790162952998537250 elapsed_us=48250 block_gets=0 block_puts=4 deleted=0
checkpoint_phase lsn=20312 phase=row_merge_write slot=0 started_ns=1790162953000569000 ended_ns=1790162953067552625 elapsed_us=66983 block_gets=0 block_puts=4 deleted=0
checkpoint_phase lsn=20312 phase=row_merge_write slot=0 started_ns=1790162953069570000 ended_ns=1790162953096002292 elapsed_us=26432 block_gets=0 block_puts=4 deleted=0
checkpoint_phase lsn=20312 phase=row_merge_write slot=0 started_ns=1790162953098105000 ended_ns=1790162953119109041 elapsed_us=21004 block_gets=0 block_puts=4 deleted=0
checkpoint_phase lsn=20312 phase=row_merge_write slot=0 started_ns=1790162953121162000 ended_ns=1790162953200350583 elapsed_us=79188 block_gets=0 block_puts=4 deleted=0
checkpoint_phase lsn=20312 phase=row_merge_write slot=0 started_ns=1790162953202403000 ended_ns=1790162953256608917 elapsed_us=54205 block_gets=0 block_puts=4 deleted=0
checkpoint_phase lsn=20312 phase=row_merge_write slot=0 started_ns=1790162953258623000 ended_ns=1790162953287009208 elapsed_us=28386 block_gets=0 block_puts=4 deleted=0
checkpoint_phase lsn=20312 phase=row_merge_write slot=0 started_ns=1790162953289091000 ended_ns=1790162953308489459 elapsed_us=19398 block_gets=0 block_puts=4 deleted=0
checkpoint_phase lsn=20312 phase=row_merge_write slot=0 started_ns=1790162953310748000 ended_ns=1790162953353014708 elapsed_us=42266 block_gets=0 block_puts=4 deleted=0
checkpoint_phase lsn=20312 phase=row_merge_write slot=0 started_ns=1790162953355094000 ended_ns=1790162953426297459 elapsed_us=71203 block_gets=0 block_puts=4 deleted=0
checkpoint_phase lsn=20312 phase=row_merge_write slot=0 started_ns=1790162953428420000 ended_ns=1790162953476818166 elapsed_us=48398 block_gets=0 block_puts=4 deleted=0
checkpoint_phase lsn=20312 phase=row_merge_write slot=0 started_ns=1790162953478875000 ended_ns=1790162953505219917 elapsed_us=26344 block_gets=0 block_puts=4 deleted=0
checkpoint_phase lsn=20312 phase=row_merge_write slot=0 started_ns=1790162953507308000 ended_ns=1790162953557125291 elapsed_us=49817 block_gets=0 block_puts=4 deleted=0
checkpoint_phase lsn=20312 phase=row_merge_write slot=0 started_ns=1790162953559197000 ended_ns=1790162953608715625 elapsed_us=49518 block_gets=0 block_puts=4 deleted=0
checkpoint_phase lsn=20312 phase=row_merge_write slot=0 started_ns=1790162953610732000 ended_ns=1790162953658579708 elapsed_us=47847 block_gets=0 block_puts=4 deleted=0
checkpoint_phase lsn=20312 phase=row_merge_write slot=0 started_ns=1790162953661616000 ended_ns=1790162953682240334 elapsed_us=20624 block_gets=0 block_puts=4 deleted=0
checkpoint_phase lsn=20312 phase=row_merge_write slot=0 started_ns=1790162953684335000 ended_ns=1790162953711811250 elapsed_us=27476 block_gets=0 block_puts=4 deleted=0
checkpoint_phase lsn=20312 phase=row_merge_write slot=0 started_ns=1790162953713903000 ended_ns=1790162953802855959 elapsed_us=88952 block_gets=0 block_puts=4 deleted=0
checkpoint_phase lsn=20312 phase=row_merge_write slot=0 started_ns=1790162953804952000 ended_ns=1790162953825021375 elapsed_us=20069 block_gets=0 block_puts=4 deleted=0
checkpoint_phase lsn=20312 phase=row_merge_write slot=0 started_ns=1790162953827094000 ended_ns=1790162953845017417 elapsed_us=17923 block_gets=0 block_puts=4 deleted=0
checkpoint_phase lsn=20312 phase=row_merge_write slot=0 started_ns=1790162953847060000 ended_ns=1790162953908422834 elapsed_us=61362 block_gets=0 block_puts=4 deleted=0
checkpoint_phase lsn=20312 phase=row_merge_write slot=0 started_ns=1790162953910473000 ended_ns=1790162953950544750 elapsed_us=40071 block_gets=0 block_puts=4 deleted=0
checkpoint_phase lsn=20312 phase=row_merge_write slot=0 started_ns=1790162953952617000 ended_ns=1790162953971473916 elapsed_us=18856 block_gets=0 block_puts=4 deleted=0
checkpoint_phase lsn=20312 phase=row_merge_write slot=0 started_ns=1790162953973521000 ended_ns=1790162953990335083 elapsed_us=16814 block_gets=0 block_puts=4 deleted=0
checkpoint_phase lsn=20312 phase=row_merge_write slot=0 started_ns=1790162953992409000 ended_ns=1790162954109267959 elapsed_us=116858 block_gets=0 block_puts=4 deleted=0
checkpoint_phase lsn=20312 phase=row_merge_write slot=0 started_ns=1790162954111294000 ended_ns=1790162954153392125 elapsed_us=42098 block_gets=0 block_puts=4 deleted=0
checkpoint_phase lsn=20312 phase=row_merge_write slot=0 started_ns=1790162954155674000 ended_ns=1790162954177472417 elapsed_us=21798 block_gets=0 block_puts=4 deleted=0
checkpoint_phase lsn=20312 phase=row_merge_write slot=0 started_ns=1790162954179538000 ended_ns=1790162954214356750 elapsed_us=34818 block_gets=0 block_puts=4 deleted=0
checkpoint_phase lsn=20312 phase=row_merge_write slot=0 started_ns=1790162954216390000 ended_ns=1790162954266805209 elapsed_us=50415 block_gets=0 block_puts=4 deleted=0
checkpoint_phase lsn=20312 phase=row_merge_write slot=0 started_ns=1790162954268788000 ended_ns=1790162954324488250 elapsed_us=55700 block_gets=0 block_puts=4 deleted=0
checkpoint_phase lsn=20312 phase=row_merge_write slot=0 started_ns=1790162954326507000 ended_ns=1790162954353251625 elapsed_us=26744 block_gets=0 block_puts=4 deleted=0
checkpoint_phase lsn=20312 phase=row_merge_write slot=0 started_ns=1790162954355350000 ended_ns=1790162954373748375 elapsed_us=18398 block_gets=0 block_puts=4 deleted=0
checkpoint_phase lsn=20312 phase=row_merge_write slot=0 started_ns=1790162954375815000 ended_ns=1790162954422818209 elapsed_us=47003 block_gets=0 block_puts=4 deleted=0
checkpoint_phase lsn=20312 phase=row_merge_write slot=0 started_ns=1790162954425126000 ended_ns=1790162954476580209 elapsed_us=51454 block_gets=0 block_puts=4 deleted=0
checkpoint_phase lsn=20312 phase=row_merge_write slot=0 started_ns=1790162954478646000 ended_ns=1790162954499566625 elapsed_us=20920 block_gets=0 block_puts=4 deleted=0
checkpoint_phase lsn=20312 phase=row_merge_write slot=0 started_ns=1790162954501677000 ended_ns=1790162954519951958 elapsed_us=18274 block_gets=0 block_puts=4 deleted=0
checkpoint_phase lsn=20312 phase=row_merge_write slot=0 started_ns=1790162954522191000 ended_ns=1790162954571463500 elapsed_us=49272 block_gets=0 block_puts=4 deleted=0
checkpoint_phase lsn=20312 phase=row_merge_write slot=0 started_ns=1790162954573501000 ended_ns=1790162954639347333 elapsed_us=65846 block_gets=0 block_puts=4 deleted=0
checkpoint_phase lsn=20312 phase=row_merge_write slot=0 started_ns=1790162954641414000 ended_ns=1790162954720692958 elapsed_us=79278 block_gets=0 block_puts=4 deleted=0
checkpoint_phase lsn=20312 phase=row_merge_write slot=0 started_ns=1790162954722748000 ended_ns=1790162954742581042 elapsed_us=19833 block_gets=0 block_puts=4 deleted=0
checkpoint_phase lsn=20312 phase=row_merge_write slot=0 started_ns=1790162954744668000 ended_ns=1790162954763665667 elapsed_us=18997 block_gets=0 block_puts=4 deleted=0
checkpoint_phase lsn=20312 phase=row_merge_write slot=0 started_ns=1790162954765731000 ended_ns=1790162954822438375 elapsed_us=56707 block_gets=0 block_puts=4 deleted=0
checkpoint_phase lsn=20312 phase=row_merge_write slot=0 started_ns=1790162954824537000 ended_ns=1790162954866486708 elapsed_us=41949 block_gets=0 block_puts=4 deleted=0
checkpoint_phase lsn=20312 phase=row_merge_write slot=0 started_ns=1790162954868555000 ended_ns=1790162954884433291 elapsed_us=15878 block_gets=0 block_puts=4 deleted=0
checkpoint_phase lsn=20312 phase=row_merge_write slot=0 started_ns=1790162954886507000 ended_ns=1790162954905141667 elapsed_us=18634 block_gets=0 block_puts=4 deleted=0
checkpoint_phase lsn=20312 phase=row_merge_write slot=0 started_ns=1790162954907197000 ended_ns=1790162954966009167 elapsed_us=58812 block_gets=0 block_puts=4 deleted=0
checkpoint_phase lsn=20312 phase=row_merge_write slot=0 started_ns=1790162954966115000 ended_ns=1790162955056574000 elapsed_us=90459 block_gets=0 block_puts=4 deleted=0
checkpoint_phase lsn=20312 phase=row_merge_write slot=0 started_ns=1790162955056700000 ended_ns=1790162955077023583 elapsed_us=20323 block_gets=0 block_puts=4 deleted=0
checkpoint_phase lsn=20312 phase=row_merge_write slot=0 started_ns=1790162955077272000 ended_ns=1790162955095579083 elapsed_us=18307 block_gets=0 block_puts=4 deleted=0
checkpoint_phase lsn=20312 phase=row_merge_write slot=0 started_ns=1790162955095667000 ended_ns=1790162955150596000 elapsed_us=54929 block_gets=0 block_puts=4 deleted=0
checkpoint_phase lsn=20312 phase=row_merge_write slot=0 started_ns=1790162955150689000 ended_ns=1790162955186783500 elapsed_us=36094 block_gets=0 block_puts=4 deleted=0
checkpoint_phase lsn=20312 phase=row_merge_write slot=0 started_ns=1790162955186935000 ended_ns=1790162955215013167 elapsed_us=28078 block_gets=0 block_puts=4 deleted=0
checkpoint_phase lsn=20312 phase=row_merge_write slot=0 started_ns=1790162955216644000 ended_ns=1790162955238744958 elapsed_us=22100 block_gets=0 block_puts=4 deleted=0
checkpoint_phase lsn=20312 phase=row_merge_write slot=0 started_ns=1790162955238859000 ended_ns=1790162955280149834 elapsed_us=41290 block_gets=0 block_puts=4 deleted=0
checkpoint_phase lsn=20312 phase=row_merge_write slot=0 started_ns=1790162955280284000 ended_ns=1790162955315811208 elapsed_us=35527 block_gets=0 block_puts=4 deleted=0
checkpoint_phase lsn=20312 phase=row_merge_write slot=0 started_ns=1790162955317434000 ended_ns=1790162955349699459 elapsed_us=32265 block_gets=0 block_puts=4 deleted=0
checkpoint_phase lsn=20312 phase=row_merge_write slot=0 started_ns=1790162955349815000 ended_ns=1790162955374191208 elapsed_us=24376 block_gets=0 block_puts=4 deleted=0
checkpoint_phase lsn=20312 phase=row_merge_write slot=0 started_ns=1790162955374321000 ended_ns=1790162955399219792 elapsed_us=24898 block_gets=0 block_puts=4 deleted=0
checkpoint_phase lsn=20312 phase=row_merge_write slot=0 started_ns=1790162955399315000 ended_ns=1790162955437417125 elapsed_us=38102 block_gets=0 block_puts=4 deleted=0
checkpoint_phase lsn=20312 phase=row_merge_write slot=0 started_ns=1790162955437555000 ended_ns=1790162955473696584 elapsed_us=36141 block_gets=0 block_puts=4 deleted=0
checkpoint_phase lsn=20312 phase=row_merge_write slot=0 started_ns=1790162955473789000 ended_ns=1790162955499066166 elapsed_us=25277 block_gets=0 block_puts=4 deleted=0
checkpoint_phase lsn=20312 phase=row_merge_write slot=0 started_ns=1790162955499193000 ended_ns=1790162955520449834 elapsed_us=21256 block_gets=0 block_puts=4 deleted=0
checkpoint_phase lsn=20312 phase=row_merge_write slot=0 started_ns=1790162955520534000 ended_ns=1790162955555000791 elapsed_us=34466 block_gets=0 block_puts=4 deleted=0
checkpoint_phase lsn=20312 phase=row_merge_write slot=0 started_ns=1790162955555140000 ended_ns=1790162955627862708 elapsed_us=72722 block_gets=0 block_puts=4 deleted=0
checkpoint_phase lsn=20312 phase=row_merge_write slot=0 started_ns=1790162955628109000 ended_ns=1790162955677357250 elapsed_us=49248 block_gets=0 block_puts=4 deleted=0
checkpoint_phase lsn=20328 phase=value_index_schedule slot=0 started_ns=1790162955755880000 ended_ns=1790162955756013417 elapsed_us=133 block_gets=0 block_puts=0 deleted=0
checkpoint_phase lsn=20328 phase=row_merge_write slot=0 started_ns=1790162955758286000 ended_ns=1790162955795585250 elapsed_us=37299 block_gets=0 block_puts=4 deleted=0
checkpoint_phase lsn=20328 phase=value_index_schedule slot=0 started_ns=1790162955801584000 ended_ns=1790162955801623166 elapsed_us=39 block_gets=0 block_puts=0 deleted=0
checkpoint_phase lsn=20328 phase=row_merge_write slot=0 started_ns=1790162955801704000 ended_ns=1790162955824793625 elapsed_us=23089 block_gets=0 block_puts=6 deleted=0
checkpoint_phase lsn=20328 phase=value_index_write slot=0 started_ns=1790162955830647000 ended_ns=1790162955830651458 elapsed_us=4 block_gets=0 block_puts=0 deleted=0
checkpoint_phase lsn=20328 phase=value_index_write slot=0 started_ns=1790162955830716000 ended_ns=1790162955831967458 elapsed_us=1251 block_gets=0 block_puts=0 deleted=0
checkpoint_phase lsn=20328 phase=value_index_write slot=0 started_ns=1790162955837662000 ended_ns=1790162955837735000 elapsed_us=73 block_gets=0 block_puts=0 deleted=0
checkpoint_phase lsn=20328 phase=value_index_write slot=0 started_ns=1790162955837804000 ended_ns=1790162955837886542 elapsed_us=82 block_gets=0 block_puts=0 deleted=0
checkpoint_phase lsn=20328 phase=value_index_write slot=0 started_ns=1790162955839304000 ended_ns=1790162955839376084 elapsed_us=72 block_gets=0 block_puts=0 deleted=0
checkpoint_phase lsn=20336 phase=value_index_schedule slot=0 started_ns=1790162955939933000 ended_ns=1790162955939939416 elapsed_us=6 block_gets=0 block_puts=0 deleted=0
checkpoint_phase lsn=20344 phase=value_index_schedule slot=0 started_ns=1790162955978967000 ended_ns=1790162955978972083 elapsed_us=5 block_gets=0 block_puts=0 deleted=0
checkpoint_phase lsn=20344 phase=value_index_schedule slot=0 started_ns=1790162955983532000 ended_ns=1790162955983574125 elapsed_us=42 block_gets=0 block_puts=0 deleted=0
checkpoint_phase lsn=20344 phase=value_index_write slot=0 started_ns=1790162955985531000 ended_ns=1790162955985533083 elapsed_us=2 block_gets=0 block_puts=0 deleted=0
checkpoint_phase lsn=20344 phase=value_index_write slot=0 started_ns=1790162955990066000 ended_ns=1790162955990150417 elapsed_us=84 block_gets=0 block_puts=0 deleted=0
checkpoint_phase lsn=20344 phase=value_index_write slot=0 started_ns=1790162955991498000 ended_ns=1790162955991569000 elapsed_us=71 block_gets=0 block_puts=0 deleted=0
checkpoint_phase lsn=20344 phase=value_index_write slot=0 started_ns=1790162955996311000 ended_ns=1790162955996388084 elapsed_us=77 block_gets=0 block_puts=0 deleted=0
checkpoint_phase lsn=20344 phase=value_index_write slot=0 started_ns=1790162955997754000 ended_ns=1790162955997828625 elapsed_us=74 block_gets=0 block_puts=0 deleted=0
checkpoint_phase lsn=20352 phase=value_index_schedule slot=0 started_ns=1790162956041850000 ended_ns=1790162956041855834 elapsed_us=5 block_gets=0 block_puts=0 deleted=0
checkpoint_phase lsn=20352 phase=value_index_schedule slot=0 started_ns=1790162956041916000 ended_ns=1790162956041964083 elapsed_us=48 block_gets=0 block_puts=0 deleted=0
checkpoint_phase lsn=20352 phase=value_index_write slot=0 started_ns=1790162956044018000 ended_ns=1790162956044019708 elapsed_us=1 block_gets=0 block_puts=0 deleted=0
checkpoint_phase lsn=20360 phase=value_index_schedule slot=0 started_ns=1790162956124475000 ended_ns=1790162956124480708 elapsed_us=5 block_gets=0 block_puts=0 deleted=0
checkpoint_phase lsn=20360 phase=value_index_schedule slot=0 started_ns=1790162956128417000 ended_ns=1790162956128466167 elapsed_us=49 block_gets=0 block_puts=0 deleted=0
checkpoint_phase lsn=20360 phase=value_index_write slot=0 started_ns=1790162956130434000 ended_ns=1790162956130435959 elapsed_us=1 block_gets=0 block_puts=0 deleted=0
checkpoint_phase lsn=20360 phase=value_index_write slot=0 started_ns=1790162956134267000 ended_ns=1790162956134356833 elapsed_us=89 block_gets=0 block_puts=0 deleted=0
checkpoint_phase lsn=20360 phase=value_index_write slot=0 started_ns=1790162956137446000 ended_ns=1790162956137528375 elapsed_us=82 block_gets=0 block_puts=0 deleted=0
checkpoint_phase lsn=20364 phase=value_index_schedule slot=0 started_ns=1790162956172703000 ended_ns=1790162956172708542 elapsed_us=5 block_gets=0 block_puts=0 deleted=0
checkpoint_phase lsn=20364 phase=value_index_schedule slot=0 started_ns=1790162956172773000 ended_ns=1790162956172821917 elapsed_us=48 block_gets=0 block_puts=0 deleted=0
checkpoint_phase lsn=20364 phase=value_index_write slot=0 started_ns=1790162956172886000 ended_ns=1790162956172887791 elapsed_us=1 block_gets=0 block_puts=0 deleted=0
checkpoint_phase lsn=20364 phase=value_index_write slot=0 started_ns=1790162956174928000 ended_ns=1790162956175018000 elapsed_us=90 block_gets=0 block_puts=0 deleted=0
checkpoint_phase lsn=20372 phase=value_index_schedule slot=0 started_ns=1790162956203590000 ended_ns=1790162956203595542 elapsed_us=5 block_gets=0 block_puts=0 deleted=0
checkpoint_phase lsn=20372 phase=value_index_schedule slot=0 started_ns=1790162956203673000 ended_ns=1790162956203740791 elapsed_us=67 block_gets=0 block_puts=0 deleted=0
checkpoint_phase lsn=20372 phase=value_index_write slot=0 started_ns=1790162956203802000 ended_ns=1790162956203803666 elapsed_us=1 block_gets=0 block_puts=0 deleted=0
checkpoint_phase lsn=20372 phase=value_index_write slot=0 started_ns=1790162956203863000 ended_ns=1790162956203951042 elapsed_us=88 block_gets=0 block_puts=0 deleted=0
checkpoint_phase lsn=20376 phase=value_index_schedule slot=0 started_ns=1790162956245733000 ended_ns=1790162956245738333 elapsed_us=5 block_gets=0 block_puts=0 deleted=0
checkpoint_phase lsn=20376 phase=value_index_schedule slot=0 started_ns=1790162956245825000 ended_ns=1790162956245877292 elapsed_us=52 block_gets=0 block_puts=0 deleted=0
checkpoint_phase lsn=20376 phase=value_index_write slot=0 started_ns=1790162956245954000 ended_ns=1790162956245955417 elapsed_us=1 block_gets=0 block_puts=0 deleted=0
checkpoint_phase lsn=20376 phase=value_index_write slot=0 started_ns=1790162956249393000 ended_ns=1790162956249482875 elapsed_us=89 block_gets=0 block_puts=0 deleted=0
checkpoint_phase lsn=20380 phase=value_index_schedule slot=0 started_ns=1790162956293107000 ended_ns=1790162956293112000 elapsed_us=5 block_gets=0 block_puts=0 deleted=0
checkpoint_phase lsn=20380 phase=value_index_schedule slot=0 started_ns=1790162956297744000 ended_ns=1790162956297796542 elapsed_us=52 block_gets=0 block_puts=0 deleted=0
checkpoint_phase lsn=20380 phase=value_index_write slot=0 started_ns=1790162956299202000 ended_ns=1790162956299204041 elapsed_us=2 block_gets=0 block_puts=0 deleted=0
checkpoint_phase lsn=20380 phase=value_index_write slot=0 started_ns=1790162956303793000 ended_ns=1790162956303887333 elapsed_us=94 block_gets=0 block_puts=0 deleted=0
checkpoint_phase lsn=20388 phase=value_index_schedule slot=0 started_ns=1790162956344041000 ended_ns=1790162956344047333 elapsed_us=6 block_gets=0 block_puts=0 deleted=0
checkpoint_phase lsn=20388 phase=value_index_schedule slot=0 started_ns=1790162956345559000 ended_ns=1790162956345614208 elapsed_us=55 block_gets=0 block_puts=0 deleted=0
checkpoint_phase lsn=20392 phase=value_index_schedule slot=0 started_ns=1790162956382062000 ended_ns=1790162956382067542 elapsed_us=5 block_gets=0 block_puts=0 deleted=0
checkpoint_phase lsn=20392 phase=value_index_schedule slot=0 started_ns=1790162956382141000 ended_ns=1790162956382197917 elapsed_us=56 block_gets=0 block_puts=0 deleted=0
checkpoint_phase lsn=20392 phase=value_index_write slot=0 started_ns=1790162956382252000 ended_ns=1790162956382253375 elapsed_us=1 block_gets=0 block_puts=0 deleted=0
checkpoint_phase lsn=20392 phase=value_index_write slot=0 started_ns=1790162956382304000 ended_ns=1790162956382397750 elapsed_us=93 block_gets=0 block_puts=0 deleted=0
checkpoint_phase lsn=20396 phase=value_index_schedule slot=0 started_ns=1790162956423519000 ended_ns=1790162956423524375 elapsed_us=5 block_gets=0 block_puts=0 deleted=0
checkpoint_phase lsn=20396 phase=value_index_schedule slot=0 started_ns=1790162956428001000 ended_ns=1790162956428055333 elapsed_us=54 block_gets=0 block_puts=0 deleted=0
checkpoint_phase lsn=20396 phase=value_index_write slot=0 started_ns=1790162956429375000 ended_ns=1790162956429376541 elapsed_us=1 block_gets=0 block_puts=0 deleted=0
checkpoint_phase lsn=20396 phase=value_index_write slot=0 started_ns=1790162956434010000 ended_ns=1790162956434109375 elapsed_us=99 block_gets=0 block_puts=0 deleted=0
checkpoint_phase lsn=20404 phase=value_index_schedule slot=0 started_ns=1790162956484818000 ended_ns=1790162956484823792 elapsed_us=5 block_gets=0 block_puts=0 deleted=0
checkpoint_phase lsn=20404 phase=value_index_schedule slot=0 started_ns=1790162956486382000 ended_ns=1790162956486444208 elapsed_us=62 block_gets=0 block_puts=0 deleted=0
checkpoint_phase lsn=20408 phase=value_index_schedule slot=0 started_ns=1790162956527329000 ended_ns=1790162956527334958 elapsed_us=5 block_gets=0 block_puts=0 deleted=0
checkpoint_phase lsn=20408 phase=value_index_schedule slot=0 started_ns=1790162956527415000 ended_ns=1790162956527478250 elapsed_us=63 block_gets=0 block_puts=0 deleted=0
checkpoint_phase lsn=20408 phase=value_index_write slot=0 started_ns=1790162956527536000 ended_ns=1790162956527537625 elapsed_us=1 block_gets=0 block_puts=0 deleted=0
checkpoint_phase lsn=20408 phase=value_index_write slot=0 started_ns=1790162956527583000 ended_ns=1790162956527677834 elapsed_us=94 block_gets=0 block_puts=0 deleted=0
checkpoint_phase lsn=20408 phase=value_index_write slot=0 started_ns=1790162956529226000 ended_ns=1790162956529299625 elapsed_us=73 block_gets=0 block_puts=0 deleted=0
checkpoint_phase lsn=20412 phase=value_index_schedule slot=0 started_ns=1790162956563789000 ended_ns=1790162956563794209 elapsed_us=5 block_gets=0 block_puts=0 deleted=0
checkpoint_phase lsn=20412 phase=value_index_schedule slot=0 started_ns=1790162956570588000 ended_ns=1790162956570648333 elapsed_us=60 block_gets=0 block_puts=0 deleted=0
checkpoint_phase lsn=20412 phase=value_index_write slot=0 started_ns=1790162956570738000 ended_ns=1790162956570740500 elapsed_us=2 block_gets=0 block_puts=0 deleted=0
checkpoint_phase lsn=20412 phase=value_index_write slot=0 started_ns=1790162956570804000 ended_ns=1790162956570904042 elapsed_us=100 block_gets=0 block_puts=0 deleted=0
checkpoint_phase lsn=20412 phase=value_index_write slot=0 started_ns=1790162956570957000 ended_ns=1790162956571028625 elapsed_us=71 block_gets=0 block_puts=0 deleted=0
checkpoint_phase lsn=20412 phase=value_index_write slot=0 started_ns=1790162956573029000 ended_ns=1790162956573100708 elapsed_us=71 block_gets=0 block_puts=0 deleted=0
checkpoint_phase lsn=20420 phase=value_index_schedule slot=0 started_ns=1790162956608768000 ended_ns=1790162956608773916 elapsed_us=5 block_gets=0 block_puts=0 deleted=0
checkpoint_phase lsn=20420 phase=value_index_schedule slot=0 started_ns=1790162956608842000 ended_ns=1790162956608904417 elapsed_us=62 block_gets=0 block_puts=0 deleted=0
checkpoint_phase lsn=20420 phase=value_index_write slot=0 started_ns=1790162956608955000 ended_ns=1790162956608956291 elapsed_us=1 block_gets=0 block_puts=0 deleted=0
checkpoint_phase lsn=20420 phase=value_index_write slot=0 started_ns=1790162956609007000 ended_ns=1790162956609106584 elapsed_us=99 block_gets=0 block_puts=0 deleted=0
checkpoint_phase lsn=20420 phase=value_index_write slot=0 started_ns=1790162956615053000 ended_ns=1790162956615125125 elapsed_us=72 block_gets=0 block_puts=0 deleted=0
checkpoint_phase lsn=20420 phase=value_index_write slot=0 started_ns=1790162956615192000 ended_ns=1790162956615262208 elapsed_us=70 block_gets=0 block_puts=0 deleted=0
checkpoint_phase lsn=20420 phase=value_index_write slot=0 started_ns=1790162956615348000 ended_ns=1790162956615419875 elapsed_us=71 block_gets=0 block_puts=0 deleted=0
checkpoint_phase lsn=20428 phase=value_index_schedule slot=0 started_ns=1790162956645114000 ended_ns=1790162956645120125 elapsed_us=6 block_gets=0 block_puts=0 deleted=0
checkpoint_phase lsn=20428 phase=value_index_schedule slot=0 started_ns=1790162956645201000 ended_ns=1790162956645267333 elapsed_us=66 block_gets=0 block_puts=0 deleted=0
checkpoint_phase lsn=20428 phase=value_index_write slot=0 started_ns=1790162956645339000 ended_ns=1790162956645340750 elapsed_us=1 block_gets=0 block_puts=0 deleted=0
checkpoint_phase lsn=20428 phase=value_index_write slot=0 started_ns=1790162956647399000 ended_ns=1790162956647505583 elapsed_us=106 block_gets=0 block_puts=0 deleted=0
checkpoint_phase lsn=20428 phase=value_index_write slot=0 started_ns=1790162956651488000 ended_ns=1790162956651559709 elapsed_us=71 block_gets=0 block_puts=0 deleted=0
checkpoint_phase lsn=20428 phase=value_index_write slot=0 started_ns=1790162956653464000 ended_ns=1790162956653533500 elapsed_us=69 block_gets=0 block_puts=0 deleted=0
checkpoint_phase lsn=20428 phase=value_index_write slot=0 started_ns=1790162956659389000 ended_ns=1790162956659462292 elapsed_us=73 block_gets=0 block_puts=0 deleted=0
checkpoint_phase lsn=20428 phase=value_index_write slot=0 started_ns=1790162956659524000 ended_ns=1790162956659595459 elapsed_us=71 block_gets=0 block_puts=0 deleted=0
checkpoint_phase lsn=20436 phase=value_index_schedule slot=0 started_ns=1790162956732773000 ended_ns=1790162956732779750 elapsed_us=6 block_gets=0 block_puts=0 deleted=0
checkpoint_phase lsn=20436 phase=value_index_schedule slot=0 started_ns=1790162956734275000 ended_ns=1790162956734344500 elapsed_us=69 block_gets=0 block_puts=0 deleted=0
checkpoint_phase lsn=20440 phase=value_index_schedule slot=0 started_ns=1790162956763297000 ended_ns=1790162956763303333 elapsed_us=6 block_gets=0 block_puts=0 deleted=0
checkpoint_phase lsn=20440 phase=value_index_schedule slot=0 started_ns=1790162956763381000 ended_ns=1790162956763448584 elapsed_us=67 block_gets=0 block_puts=0 deleted=0
checkpoint_phase lsn=20440 phase=value_index_write slot=0 started_ns=1790162956765528000 ended_ns=1790162956765530708 elapsed_us=2 block_gets=0 block_puts=0 deleted=0
checkpoint_phase lsn=20444 phase=value_index_schedule slot=0 started_ns=1790162956795946000 ended_ns=1790162956795951208 elapsed_us=5 block_gets=0 block_puts=0 deleted=0
checkpoint_phase lsn=20444 phase=value_index_schedule slot=0 started_ns=1790162956800040000 ended_ns=1790162956800113292 elapsed_us=73 block_gets=0 block_puts=0 deleted=0
checkpoint_phase lsn=20444 phase=value_index_write slot=0 started_ns=1790162956802087000 ended_ns=1790162956802089083 elapsed_us=2 block_gets=0 block_puts=0 deleted=0
checkpoint_phase lsn=20448 phase=value_index_schedule slot=0 started_ns=1790162956842617000 ended_ns=1790162956842622917 elapsed_us=5 block_gets=0 block_puts=0 deleted=0
checkpoint_phase lsn=20456 phase=value_index_schedule slot=0 started_ns=1790162956911216000 ended_ns=1790162956911222125 elapsed_us=6 block_gets=0 block_puts=0 deleted=0
checkpoint_phase lsn=20456 phase=value_index_schedule slot=0 started_ns=1790162956915352000 ended_ns=1790162956915425750 elapsed_us=73 block_gets=0 block_puts=0 deleted=0
checkpoint_phase lsn=20456 phase=value_index_write slot=0 started_ns=1790162956917387000 ended_ns=1790162956917389583 elapsed_us=2 block_gets=0 block_puts=0 deleted=0
checkpoint_phase lsn=20460 phase=value_index_schedule slot=0 started_ns=1790162956956771000 ended_ns=1790162956956776417 elapsed_us=5 block_gets=0 block_puts=0 deleted=0
checkpoint_phase lsn=20460 phase=value_index_schedule slot=0 started_ns=1790162956961229000 ended_ns=1790162956961303292 elapsed_us=74 block_gets=0 block_puts=0 deleted=0
checkpoint_phase lsn=20460 phase=value_index_write slot=0 started_ns=1790162956963234000 ended_ns=1790162956963236041 elapsed_us=2 block_gets=0 block_puts=0 deleted=0
checkpoint_phase lsn=20464 phase=value_index_schedule slot=0 started_ns=1790162957012783000 ended_ns=1790162957012788125 elapsed_us=5 block_gets=0 block_puts=0 deleted=0
checkpoint_phase lsn=20472 phase=value_index_schedule slot=0 started_ns=1790162957063242000 ended_ns=1790162957063248000 elapsed_us=6 block_gets=0 block_puts=0 deleted=0
checkpoint_phase lsn=20472 phase=value_index_schedule slot=0 started_ns=1790162957067350000 ended_ns=1790162957067427209 elapsed_us=77 block_gets=0 block_puts=0 deleted=0
checkpoint_phase lsn=20472 phase=value_index_write slot=0 started_ns=1790162957069384000 ended_ns=1790162957069386042 elapsed_us=2 block_gets=0 block_puts=0 deleted=0
checkpoint_phase lsn=20476 phase=value_index_schedule slot=0 started_ns=1790162957141760000 ended_ns=1790162957141765334 elapsed_us=5 block_gets=0 block_puts=0 deleted=0
checkpoint_phase lsn=20476 phase=value_index_schedule slot=0 started_ns=1790162957145639000 ended_ns=1790162957145716417 elapsed_us=77 block_gets=0 block_puts=0 deleted=0
checkpoint_phase lsn=20476 phase=value_index_write slot=0 started_ns=1790162957147618000 ended_ns=1790162957147619541 elapsed_us=1 block_gets=0 block_puts=0 deleted=0
checkpoint_phase lsn=20480 phase=value_index_schedule slot=0 started_ns=1790162957185700000 ended_ns=1790162957185705333 elapsed_us=5 block_gets=0 block_puts=0 deleted=0
checkpoint_phase lsn=20488 phase=value_index_schedule slot=0 started_ns=1790162957254177000 ended_ns=1790162957254183458 elapsed_us=6 block_gets=0 block_puts=0 deleted=0
checkpoint_phase lsn=20488 phase=value_index_schedule slot=0 started_ns=1790162957260558000 ended_ns=1790162957260640125 elapsed_us=82 block_gets=0 block_puts=0 deleted=0
checkpoint_phase lsn=20488 phase=value_index_write slot=0 started_ns=1790162957262674000 ended_ns=1790162957262675958 elapsed_us=1 block_gets=0 block_puts=0 deleted=0
checkpoint_phase lsn=20492 phase=value_index_schedule slot=0 started_ns=1790162957317296000 ended_ns=1790162957317302041 elapsed_us=6 block_gets=0 block_puts=0 deleted=0
checkpoint_phase lsn=20492 phase=value_index_schedule slot=0 started_ns=1790162957321168000 ended_ns=1790162957321246834 elapsed_us=78 block_gets=0 block_puts=0 deleted=0
checkpoint_phase lsn=20492 phase=value_index_write slot=0 started_ns=1790162957323138000 ended_ns=1790162957323139292 elapsed_us=1 block_gets=0 block_puts=0 deleted=0
checkpoint_phase lsn=20496 phase=value_index_schedule slot=0 started_ns=1790162957348642000 ended_ns=1790162957348647625 elapsed_us=5 block_gets=0 block_puts=0 deleted=0
checkpoint_phase lsn=20504 phase=value_index_schedule slot=0 started_ns=1790162957425083000 ended_ns=1790162957425089250 elapsed_us=6 block_gets=0 block_puts=0 deleted=0
checkpoint_phase lsn=20504 phase=value_index_schedule slot=0 started_ns=1790162957429497000 ended_ns=1790162957429619291 elapsed_us=122 block_gets=0 block_puts=0 deleted=0
checkpoint_phase lsn=20504 phase=value_index_write slot=0 started_ns=1790162957431975000 ended_ns=1790162957431977625 elapsed_us=2 block_gets=0 block_puts=0 deleted=0
checkpoint_phase lsn=20508 phase=value_index_schedule slot=0 started_ns=1790162957478615000 ended_ns=1790162957478620667 elapsed_us=5 block_gets=0 block_puts=0 deleted=0
checkpoint_phase lsn=20508 phase=value_index_schedule slot=0 started_ns=1790162957483347000 ended_ns=1790162957483435958 elapsed_us=88 block_gets=0 block_puts=0 deleted=0
checkpoint_phase lsn=20508 phase=value_index_write slot=0 started_ns=1790162957485420000 ended_ns=1790162957485422042 elapsed_us=2 block_gets=0 block_puts=0 deleted=0
checkpoint_phase lsn=20512 phase=value_index_schedule slot=0 started_ns=1790162957520656000 ended_ns=1790162957520661333 elapsed_us=5 block_gets=0 block_puts=0 deleted=0
checkpoint_phase lsn=20520 phase=value_index_schedule slot=0 started_ns=1790162957561163000 ended_ns=1790162957561169250 elapsed_us=6 block_gets=0 block_puts=0 deleted=0
checkpoint_phase lsn=20520 phase=value_index_schedule slot=0 started_ns=1790162957565281000 ended_ns=1790162957565365791 elapsed_us=84 block_gets=0 block_puts=0 deleted=0
checkpoint_phase lsn=20520 phase=value_index_write slot=0 started_ns=1790162957567318000 ended_ns=1790162957567319625 elapsed_us=1 block_gets=0 block_puts=0 deleted=0
checkpoint_phase lsn=20524 phase=value_index_schedule slot=0 started_ns=1790162957629902000 ended_ns=1790162957629907625 elapsed_us=5 block_gets=0 block_puts=0 deleted=0
checkpoint_phase lsn=20524 phase=value_index_schedule slot=0 started_ns=1790162957633901000 ended_ns=1790162957633990250 elapsed_us=89 block_gets=0 block_puts=0 deleted=0
checkpoint_phase lsn=20524 phase=value_index_write slot=0 started_ns=1790162957635942000 ended_ns=1790162957635943750 elapsed_us=1 block_gets=0 block_puts=0 deleted=0
checkpoint_phase lsn=20528 phase=value_index_schedule slot=0 started_ns=1790162957669704000 ended_ns=1790162957669709583 elapsed_us=5 block_gets=0 block_puts=0 deleted=0
checkpoint_phase lsn=20536 phase=value_index_schedule slot=0 started_ns=1790162957706895000 ended_ns=1790162957706901750 elapsed_us=6 block_gets=0 block_puts=0 deleted=0
checkpoint_phase lsn=20536 phase=value_index_schedule slot=0 started_ns=1790162957711538000 ended_ns=1790162957711629458 elapsed_us=91 block_gets=0 block_puts=0 deleted=0
checkpoint_phase lsn=20536 phase=value_index_write slot=0 started_ns=1790162957713531000 ended_ns=1790162957713532917 elapsed_us=1 block_gets=0 block_puts=0 deleted=0
checkpoint_phase lsn=20540 phase=value_index_schedule slot=0 started_ns=1790162957751161000 ended_ns=1790162957751166208 elapsed_us=5 block_gets=0 block_puts=0 deleted=0
checkpoint_phase lsn=20540 phase=value_index_schedule slot=0 started_ns=1790162957755024000 ended_ns=1790162957755118583 elapsed_us=94 block_gets=0 block_puts=0 deleted=0
checkpoint_phase lsn=20540 phase=value_index_write slot=0 started_ns=1790162957757008000 ended_ns=1790162957757009292 elapsed_us=1 block_gets=0 block_puts=0 deleted=0
checkpoint_phase lsn=20544 phase=value_index_schedule slot=0 started_ns=1790162957795872000 ended_ns=1790162957795877167 elapsed_us=5 block_gets=0 block_puts=0 deleted=0
checkpoint_phase lsn=20552 phase=value_index_schedule slot=0 started_ns=1790162957832975000 ended_ns=1790162957832981334 elapsed_us=6 block_gets=0 block_puts=0 deleted=0
checkpoint_phase lsn=20552 phase=value_index_schedule slot=0 started_ns=1790162957837826000 ended_ns=1790162957837923708 elapsed_us=97 block_gets=0 block_puts=0 deleted=0
checkpoint_phase lsn=20552 phase=value_index_write slot=0 started_ns=1790162957839898000 ended_ns=1790162957839900250 elapsed_us=2 block_gets=0 block_puts=0 deleted=0
checkpoint_phase lsn=20556 phase=value_index_schedule slot=0 started_ns=1790162957893849000 ended_ns=1790162957893855041 elapsed_us=6 block_gets=0 block_puts=0 deleted=0
checkpoint_phase lsn=20556 phase=value_index_schedule slot=0 started_ns=1790162957900315000 ended_ns=1790162957900409500 elapsed_us=94 block_gets=0 block_puts=0 deleted=0
checkpoint_phase lsn=20556 phase=value_index_write slot=0 started_ns=1790162957900488000 ended_ns=1790162957900490333 elapsed_us=2 block_gets=0 block_puts=0 deleted=0
checkpoint_phase lsn=20556 phase=value_index_write slot=0 started_ns=1790162957900555000 ended_ns=1790162957901852500 elapsed_us=1297 block_gets=0 block_puts=0 deleted=0
checkpoint_phase lsn=20560 phase=value_index_schedule slot=0 started_ns=1790162957940621000 ended_ns=1790162957940626959 elapsed_us=5 block_gets=0 block_puts=0 deleted=0
checkpoint_phase lsn=20560 phase=value_index_schedule slot=0 started_ns=1790162957940699000 ended_ns=1790162957940797542 elapsed_us=98 block_gets=0 block_puts=0 deleted=0
checkpoint_phase lsn=20560 phase=value_index_write slot=0 started_ns=1790162957940864000 ended_ns=1790162957940865667 elapsed_us=1 block_gets=0 block_puts=0 deleted=0
checkpoint_phase lsn=20560 phase=value_index_write slot=0 started_ns=1790162957942276000 ended_ns=1790162957942404166 elapsed_us=128 block_gets=0 block_puts=0 deleted=0
checkpoint_phase lsn=20568 phase=value_index_schedule slot=0 started_ns=1790162957969247000 ended_ns=1790162957969252833 elapsed_us=5 block_gets=0 block_puts=0 deleted=0
checkpoint_phase lsn=20568 phase=value_index_schedule slot=0 started_ns=1790162957969315000 ended_ns=1790162957969418708 elapsed_us=103 block_gets=0 block_puts=0 deleted=0
checkpoint_phase lsn=20568 phase=value_index_write slot=0 started_ns=1790162957969482000 ended_ns=1790162957969484125 elapsed_us=2 block_gets=0 block_puts=0 deleted=0
checkpoint_phase lsn=20568 phase=value_index_write slot=0 started_ns=1790162957969553000 ended_ns=1790162957969679000 elapsed_us=126 block_gets=0 block_puts=0 deleted=0
checkpoint_phase lsn=20568 phase=value_index_write slot=0 started_ns=1790162957969735000 ended_ns=1790162957969821000 elapsed_us=86 block_gets=0 block_puts=0 deleted=0
checkpoint_phase lsn=20568 phase=value_index_write slot=0 started_ns=1790162957969871000 ended_ns=1790162957969938750 elapsed_us=67 block_gets=0 block_puts=0 deleted=0
checkpoint_phase lsn=20568 phase=value_index_write slot=0 started_ns=1790162957969989000 ended_ns=1790162957970056084 elapsed_us=67 block_gets=0 block_puts=0 deleted=0
checkpoint_phase lsn=20568 phase=value_index_write slot=0 started_ns=1790162957970100000 ended_ns=1790162957970167500 elapsed_us=67 block_gets=0 block_puts=0 deleted=0
checkpoint_phase lsn=20568 phase=value_index_write slot=0 started_ns=1790162957970216000 ended_ns=1790162957984646667 elapsed_us=14430 block_gets=0 block_puts=1 deleted=0
checkpoint_phase lsn=20568 phase=value_index_write slot=0 started_ns=1790162957990795000 ended_ns=1790162957990867833 elapsed_us=72 block_gets=0 block_puts=0 deleted=0
checkpoint_phase lsn=20568 phase=value_index_write slot=0 started_ns=1790162957990951000 ended_ns=1790162957991021875 elapsed_us=70 block_gets=0 block_puts=0 deleted=0
checkpoint_phase lsn=20568 phase=value_index_write slot=0 started_ns=1790162957991089000 ended_ns=1790162957991159125 elapsed_us=70 block_gets=0 block_puts=0 deleted=0
checkpoint_phase lsn=20572 phase=value_index_schedule slot=0 started_ns=1790162958045761000 ended_ns=1790162958045767208 elapsed_us=6 block_gets=0 block_puts=0 deleted=0
checkpoint_phase lsn=20572 phase=value_index_schedule slot=0 started_ns=1790162958045836000 ended_ns=1790162958045941792 elapsed_us=105 block_gets=0 block_puts=0 deleted=0
checkpoint_phase lsn=20572 phase=value_index_write slot=0 started_ns=1790162958046006000 ended_ns=1790162958046007625 elapsed_us=1 block_gets=0 block_puts=0 deleted=0
checkpoint_phase lsn=20572 phase=value_index_write slot=0 started_ns=1790162958047478000 ended_ns=1790162958047639667 elapsed_us=161 block_gets=0 block_puts=0 deleted=0
checkpoint_phase lsn=20576 phase=value_index_schedule slot=0 started_ns=1790162958089887000 ended_ns=1790162958089893000 elapsed_us=6 block_gets=0 block_puts=0 deleted=0
checkpoint_phase lsn=20576 phase=value_index_schedule slot=0 started_ns=1790162958089971000 ended_ns=1790162958090074750 elapsed_us=103 block_gets=0 block_puts=0 deleted=0
checkpoint_phase lsn=20576 phase=value_index_write slot=0 started_ns=1790162958090145000 ended_ns=1790162958090146458 elapsed_us=1 block_gets=0 block_puts=0 deleted=0
checkpoint_phase lsn=20576 phase=value_index_write slot=0 started_ns=1790162958090198000 ended_ns=1790162958090326917 elapsed_us=128 block_gets=0 block_puts=0 deleted=0
checkpoint_phase lsn=20576 phase=value_index_write slot=0 started_ns=1790162958096411000 ended_ns=1790162958096502833 elapsed_us=91 block_gets=0 block_puts=0 deleted=0
checkpoint_phase lsn=20576 phase=value_index_write slot=0 started_ns=1790162958096574000 ended_ns=1790162958096642500 elapsed_us=68 block_gets=0 block_puts=0 deleted=0
checkpoint_phase lsn=20584 phase=value_index_schedule slot=0 started_ns=1790162958165384000 ended_ns=1790162958165390375 elapsed_us=6 block_gets=0 block_puts=0 deleted=0
checkpoint_phase lsn=20584 phase=value_index_schedule slot=0 started_ns=1790162958166861000 ended_ns=1790162958166961834 elapsed_us=100 block_gets=0 block_puts=0 deleted=0
checkpoint_phase lsn=20588 phase=value_index_schedule slot=0 started_ns=1790162958208877000 ended_ns=1790162958208882458 elapsed_us=5 block_gets=0 block_puts=0 deleted=0
checkpoint_phase lsn=20588 phase=value_index_schedule slot=0 started_ns=1790162958208946000 ended_ns=1790162958209049583 elapsed_us=103 block_gets=0 block_puts=0 deleted=0
checkpoint_phase lsn=20588 phase=value_index_write slot=0 started_ns=1790162958210462000 ended_ns=1790162958210463208 elapsed_us=1 block_gets=0 block_puts=0 deleted=0
checkpoint_phase lsn=20588 phase=value_index_write slot=0 started_ns=1790162958214909000 ended_ns=1790162958215036791 elapsed_us=127 block_gets=0 block_puts=0 deleted=0
checkpoint_phase lsn=20588 phase=value_index_write slot=0 started_ns=1790162958216440000 ended_ns=1790162958216577542 elapsed_us=137 block_gets=0 block_puts=0 deleted=0
checkpoint_phase lsn=20592 phase=value_index_schedule slot=0 started_ns=1790162958253956000 ended_ns=1790162958253961625 elapsed_us=5 block_gets=0 block_puts=0 deleted=0
checkpoint_phase lsn=20596 phase=value_index_schedule slot=0 started_ns=1790162958278182000 ended_ns=1790162958278187209 elapsed_us=5 block_gets=0 block_puts=0 deleted=0
checkpoint_phase lsn=20604 phase=value_index_schedule slot=0 started_ns=1790162958381171000 ended_ns=1790162958381176917 elapsed_us=5 block_gets=0 block_puts=0 deleted=0
checkpoint_phase lsn=20604 phase=value_index_schedule slot=0 started_ns=1790162958385876000 ended_ns=1790162958385985125 elapsed_us=109 block_gets=0 block_puts=0 deleted=0
checkpoint_phase lsn=20604 phase=value_index_write slot=0 started_ns=1790162958387431000 ended_ns=1790162958387433000 elapsed_us=2 block_gets=0 block_puts=0 deleted=0
checkpoint_phase lsn=20604 phase=value_index_write slot=0 started_ns=1790162958392686000 ended_ns=1790162958392812000 elapsed_us=126 block_gets=0 block_puts=0 deleted=0
checkpoint_phase lsn=20604 phase=value_index_write slot=0 started_ns=1790162958394188000 ended_ns=1790162958394283042 elapsed_us=95 block_gets=0 block_puts=0 deleted=0
checkpoint_phase lsn=20608 phase=value_index_schedule slot=0 started_ns=1790162958417058000 ended_ns=1790162958417064125 elapsed_us=6 block_gets=0 block_puts=0 deleted=0
checkpoint_phase lsn=20608 phase=value_index_schedule slot=0 started_ns=1790162958417130000 ended_ns=1790162958417243375 elapsed_us=113 block_gets=0 block_puts=0 deleted=0
checkpoint_phase lsn=20608 phase=value_index_write slot=0 started_ns=1790162958417299000 ended_ns=1790162958417300416 elapsed_us=1 block_gets=0 block_puts=0 deleted=0
checkpoint_phase lsn=20608 phase=value_index_write slot=0 started_ns=1790162958417376000 ended_ns=1790162958417505167 elapsed_us=129 block_gets=0 block_puts=0 deleted=0
checkpoint_phase lsn=20608 phase=value_index_write slot=0 started_ns=1790162958418987000 ended_ns=1790162958419084583 elapsed_us=97 block_gets=0 block_puts=0 deleted=0
checkpoint_phase lsn=20612 phase=value_index_schedule slot=0 started_ns=1790162958500444000 ended_ns=1790162958500449833 elapsed_us=5 block_gets=0 block_puts=0 deleted=0
checkpoint_phase lsn=20612 phase=value_index_schedule slot=0 started_ns=1790162958500540000 ended_ns=1790162958500654708 elapsed_us=114 block_gets=0 block_puts=0 deleted=0
checkpoint_phase lsn=20612 phase=value_index_write slot=0 started_ns=1790162958502104000 ended_ns=1790162958502105959 elapsed_us=1 block_gets=0 block_puts=0 deleted=0
checkpoint_phase lsn=20620 phase=value_index_schedule slot=0 started_ns=1790162958556612000 ended_ns=1790162958556617833 elapsed_us=5 block_gets=0 block_puts=0 deleted=0
checkpoint_phase lsn=20620 phase=value_index_schedule slot=0 started_ns=1790162958561471000 ended_ns=1790162958561588291 elapsed_us=117 block_gets=0 block_puts=0 deleted=0
checkpoint_phase lsn=20620 phase=value_index_write slot=0 started_ns=1790162958563354000 ended_ns=1790162958563356750 elapsed_us=2 block_gets=0 block_puts=0 deleted=0
checkpoint_phase lsn=20624 phase=value_index_schedule slot=0 started_ns=1790162958626452000 ended_ns=1790162958626457334 elapsed_us=5 block_gets=0 block_puts=0 deleted=0
checkpoint_phase lsn=20624 phase=value_index_schedule slot=0 started_ns=1790162958631100000 ended_ns=1790162958631212458 elapsed_us=112 block_gets=0 block_puts=0 deleted=0
checkpoint_phase lsn=20628 phase=value_index_schedule slot=0 started_ns=1790162958656881000 ended_ns=1790162958656887125 elapsed_us=6 block_gets=0 block_puts=0 deleted=0
checkpoint_phase lsn=20628 phase=value_index_schedule slot=0 started_ns=1790162958658303000 ended_ns=1790162958658421958 elapsed_us=118 block_gets=0 block_puts=0 deleted=0
checkpoint_phase lsn=20636 phase=value_index_schedule slot=0 started_ns=1790162958718087000 ended_ns=1790162958718092333 elapsed_us=5 block_gets=0 block_puts=0 deleted=0
checkpoint_phase lsn=20636 phase=value_index_schedule slot=0 started_ns=1790162958718155000 ended_ns=1790162958718268416 elapsed_us=113 block_gets=0 block_puts=0 deleted=0
checkpoint_phase lsn=20636 phase=value_index_write slot=0 started_ns=1790162958725967000 ended_ns=1790162958725969667 elapsed_us=2 block_gets=0 block_puts=0 deleted=0
checkpoint_phase lsn=20644 phase=value_index_schedule slot=0 started_ns=1790162958805440000 ended_ns=1790162958805446459 elapsed_us=6 block_gets=0 block_puts=0 deleted=0
checkpoint_phase lsn=20644 phase=value_index_schedule slot=0 started_ns=1790162958806976000 ended_ns=1790162958807095542 elapsed_us=119 block_gets=0 block_puts=0 deleted=0
checkpoint_phase lsn=20648 phase=value_index_schedule slot=0 started_ns=1790162958852101000 ended_ns=1790162958852107042 elapsed_us=6 block_gets=0 block_puts=0 deleted=0
checkpoint_phase lsn=20648 phase=value_index_schedule slot=0 started_ns=1790162958859725000 ended_ns=1790162958859844666 elapsed_us=119 block_gets=0 block_puts=0 deleted=0
checkpoint_phase lsn=20648 phase=value_index_write slot=0 started_ns=1790162958861227000 ended_ns=1790162958861229083 elapsed_us=2 block_gets=0 block_puts=0 deleted=0
checkpoint_phase lsn=20656 phase=value_index_schedule slot=0 started_ns=1790162958915335000 ended_ns=1790162958915340291 elapsed_us=5 block_gets=0 block_puts=0 deleted=0
checkpoint_phase lsn=20660 phase=value_index_schedule slot=0 started_ns=1790162958947490000 ended_ns=1790162958947495334 elapsed_us=5 block_gets=0 block_puts=0 deleted=0
checkpoint_phase lsn=20660 phase=value_index_schedule slot=0 started_ns=1790162958947557000 ended_ns=1790162958947678625 elapsed_us=121 block_gets=0 block_puts=0 deleted=0
checkpoint_phase lsn=20664 phase=value_index_schedule slot=0 started_ns=1790162958995845000 ended_ns=1790162958995850875 elapsed_us=5 block_gets=0 block_puts=0 deleted=0
checkpoint_phase lsn=20664 phase=value_index_schedule slot=0 started_ns=1790162958997278000 ended_ns=1790162958997391583 elapsed_us=113 block_gets=0 block_puts=0 deleted=0
checkpoint_phase lsn=20664 phase=value_index_write slot=0 started_ns=1790162959009374000 ended_ns=1790162959009376125 elapsed_us=2 block_gets=0 block_puts=0 deleted=0
checkpoint_phase lsn=20664 phase=value_index_write slot=0 started_ns=1790162959009438000 ended_ns=1790162959009565291 elapsed_us=127 block_gets=0 block_puts=0 deleted=0
checkpoint_phase lsn=20664 phase=value_index_write slot=0 started_ns=1790162959009616000 ended_ns=1790162959009724917 elapsed_us=108 block_gets=0 block_puts=0 deleted=0
checkpoint_phase lsn=20680 phase=value_index_schedule slot=0 started_ns=1790162959066845000 ended_ns=1790162959066850917 elapsed_us=5 block_gets=0 block_puts=0 deleted=0
checkpoint_phase lsn=20680 phase=value_index_schedule slot=0 started_ns=1790162959066929000 ended_ns=1790162959067059000 elapsed_us=130 block_gets=0 block_puts=0 deleted=0
checkpoint_phase lsn=20680 phase=value_index_write slot=0 started_ns=1790162959074412000 ended_ns=1790162959074414583 elapsed_us=2 block_gets=0 block_puts=0 deleted=0
checkpoint_phase lsn=20680 phase=value_index_write slot=0 started_ns=1790162959074525000 ended_ns=1790162959074652792 elapsed_us=127 block_gets=0 block_puts=0 deleted=0
checkpoint_phase lsn=20680 phase=value_index_write slot=0 started_ns=1790162959074725000 ended_ns=1790162959074839459 elapsed_us=114 block_gets=0 block_puts=0 deleted=0
checkpoint_phase lsn=20680 phase=value_index_write slot=0 started_ns=1790162959081935000 ended_ns=1790162959082009208 elapsed_us=74 block_gets=0 block_puts=0 deleted=0
checkpoint_phase lsn=20680 phase=value_index_write slot=0 started_ns=1790162959082086000 ended_ns=1790162959082158875 elapsed_us=72 block_gets=0 block_puts=0 deleted=0
checkpoint_phase lsn=20680 phase=value_index_write slot=0 started_ns=1790162959090261000 ended_ns=1790162959090332041 elapsed_us=71 block_gets=0 block_puts=0 deleted=0
checkpoint_phase lsn=20680 phase=value_index_write slot=0 started_ns=1790162959090399000 ended_ns=1790162959102804875 elapsed_us=12405 block_gets=0 block_puts=1 deleted=0
checkpoint_phase lsn=20680 phase=value_index_write slot=0 started_ns=1790162959110709000 ended_ns=1790162959110784208 elapsed_us=75 block_gets=0 block_puts=0 deleted=0
checkpoint_phase lsn=20696 phase=value_index_schedule slot=0 started_ns=1790162959207543000 ended_ns=1790162959207549542 elapsed_us=6 block_gets=0 block_puts=0 deleted=0
checkpoint_phase lsn=20696 phase=value_index_schedule slot=0 started_ns=1790162959217961000 ended_ns=1790162959218095625 elapsed_us=134 block_gets=0 block_puts=0 deleted=0
checkpoint_phase lsn=20696 phase=value_index_write slot=0 started_ns=1790162959218777000 ended_ns=1790162959218780792 elapsed_us=3 block_gets=0 block_puts=0 deleted=0
checkpoint_phase lsn=20696 phase=value_index_write slot=0 started_ns=1790162959229698000 ended_ns=1790162959229827833 elapsed_us=129 block_gets=0 block_puts=0 deleted=0
checkpoint_phase lsn=20696 phase=value_index_write slot=0 started_ns=1790162959230014000 ended_ns=1790162959230133125 elapsed_us=119 block_gets=0 block_puts=0 deleted=0
checkpoint_phase lsn=20696 phase=value_index_write slot=0 started_ns=1790162959242414000 ended_ns=1790162959242487667 elapsed_us=73 block_gets=0 block_puts=0 deleted=0
checkpoint_phase lsn=20696 phase=value_index_write slot=0 started_ns=1790162959242556000 ended_ns=1790162959242627375 elapsed_us=71 block_gets=0 block_puts=0 deleted=0
checkpoint_phase lsn=20696 phase=value_index_write slot=0 started_ns=1790162959242689000 ended_ns=1790162959242758959 elapsed_us=69 block_gets=0 block_puts=0 deleted=0
checkpoint_phase lsn=20696 phase=value_index_write slot=0 started_ns=1790162959242824000 ended_ns=1790162959261838583 elapsed_us=19014 block_gets=0 block_puts=1 deleted=0
checkpoint_phase lsn=20696 phase=value_index_write slot=0 started_ns=1790162959270553000 ended_ns=1790162959270625583 elapsed_us=72 block_gets=0 block_puts=0 deleted=0
checkpoint_phase lsn=20696 phase=value_index_write slot=0 started_ns=1790162959270736000 ended_ns=1790162959270806792 elapsed_us=70 block_gets=0 block_puts=0 deleted=0
checkpoint_phase lsn=20696 phase=value_index_write slot=0 started_ns=1790162959270896000 ended_ns=1790162959270965291 elapsed_us=69 block_gets=0 block_puts=0 deleted=0
checkpoint_phase lsn=20712 phase=value_index_schedule slot=0 started_ns=1790162959353983000 ended_ns=1790162959353989375 elapsed_us=6 block_gets=0 block_puts=0 deleted=0
checkpoint_phase lsn=20712 phase=value_index_schedule slot=0 started_ns=1790162959361844000 ended_ns=1790162959362005334 elapsed_us=161 block_gets=0 block_puts=0 deleted=0
checkpoint_phase lsn=20712 phase=value_index_write slot=0 started_ns=1790162959371334000 ended_ns=1790162959371336792 elapsed_us=2 block_gets=0 block_puts=0 deleted=0
checkpoint_phase lsn=20712 phase=value_index_write slot=0 started_ns=1790162959378970000 ended_ns=1790162959379098250 elapsed_us=128 block_gets=0 block_puts=0 deleted=0
checkpoint_phase lsn=20712 phase=value_index_write slot=0 started_ns=1790162959379176000 ended_ns=1790162959379332584 elapsed_us=156 block_gets=0 block_puts=0 deleted=0
checkpoint_phase lsn=20712 phase=value_index_write slot=0 started_ns=1790162959387361000 ended_ns=1790162959387435833 elapsed_us=74 block_gets=0 block_puts=0 deleted=0
checkpoint_phase lsn=20712 phase=value_index_write slot=0 started_ns=1790162959387515000 ended_ns=1790162959387587750 elapsed_us=72 block_gets=0 block_puts=0 deleted=0
checkpoint_phase lsn=20712 phase=value_index_write slot=0 started_ns=1790162959387657000 ended_ns=1790162959387726375 elapsed_us=69 block_gets=0 block_puts=0 deleted=0
checkpoint_phase lsn=20728 phase=value_index_schedule slot=0 started_ns=1790162959490986000 ended_ns=1790162959490992250 elapsed_us=6 block_gets=0 block_puts=0 deleted=0
checkpoint_phase lsn=20728 phase=value_index_schedule slot=0 started_ns=1790162959500573000 ended_ns=1790162959500711917 elapsed_us=138 block_gets=0 block_puts=0 deleted=0
checkpoint_phase lsn=20728 phase=value_index_write slot=0 started_ns=1790162959500789000 ended_ns=1790162959500791292 elapsed_us=2 block_gets=0 block_puts=0 deleted=0
checkpoint_phase lsn=20728 phase=value_index_write slot=0 started_ns=1790162959500850000 ended_ns=1790162959500975542 elapsed_us=125 block_gets=0 block_puts=0 deleted=0
checkpoint_phase lsn=20728 phase=value_index_write slot=0 started_ns=1790162959508037000 ended_ns=1790162959508169083 elapsed_us=132 block_gets=0 block_puts=0 deleted=0
checkpoint_phase lsn=20728 phase=value_index_write slot=0 started_ns=1790162959508244000 ended_ns=1790162959508320709 elapsed_us=76 block_gets=0 block_puts=0 deleted=0
checkpoint_phase lsn=20728 phase=value_index_write slot=0 started_ns=1790162959508396000 ended_ns=1790162959508466250 elapsed_us=70 block_gets=0 block_puts=0 deleted=0
checkpoint_phase lsn=20728 phase=value_index_write slot=0 started_ns=1790162959517466000 ended_ns=1790162959517539792 elapsed_us=73 block_gets=0 block_puts=0 deleted=0
checkpoint_phase lsn=20728 phase=value_index_write slot=0 started_ns=1790162959517624000 ended_ns=1790162959530800167 elapsed_us=13176 block_gets=0 block_puts=1 deleted=0
checkpoint_phase lsn=20728 phase=value_index_write slot=0 started_ns=1790162959541246000 ended_ns=1790162959541329125 elapsed_us=83 block_gets=0 block_puts=0 deleted=0
checkpoint_phase lsn=20744 phase=value_index_schedule slot=0 started_ns=1790162959619895000 ended_ns=1790162959619901375 elapsed_us=6 block_gets=0 block_puts=0 deleted=0
checkpoint_phase lsn=20744 phase=value_index_schedule slot=0 started_ns=1790162959627356000 ended_ns=1790162959627497000 elapsed_us=141 block_gets=0 block_puts=0 deleted=0
checkpoint_phase lsn=20744 phase=value_index_write slot=0 started_ns=1790162959627573000 ended_ns=1790162959627574917 elapsed_us=1 block_gets=0 block_puts=0 deleted=0
checkpoint_phase lsn=20744 phase=value_index_write slot=0 started_ns=1790162959627627000 ended_ns=1790162959627753792 elapsed_us=126 block_gets=0 block_puts=0 deleted=0
checkpoint_phase lsn=20744 phase=value_index_write slot=0 started_ns=1790162959634838000 ended_ns=1790162959634963167 elapsed_us=125 block_gets=0 block_puts=0 deleted=0
checkpoint_phase lsn=20744 phase=value_index_write slot=0 started_ns=1790162959635041000 ended_ns=1790162959635120625 elapsed_us=79 block_gets=0 block_puts=0 deleted=0
checkpoint_phase lsn=20744 phase=value_index_write slot=0 started_ns=1790162959635201000 ended_ns=1790162959635272500 elapsed_us=71 block_gets=0 block_puts=0 deleted=0
checkpoint_phase lsn=20744 phase=value_index_write slot=0 started_ns=1790162959644383000 ended_ns=1790162959644454542 elapsed_us=71 block_gets=0 block_puts=0 deleted=0
checkpoint_phase lsn=20744 phase=value_index_write slot=0 started_ns=1790162959644526000 ended_ns=1790162959673183000 elapsed_us=28657 block_gets=0 block_puts=1 deleted=0
checkpoint_phase lsn=20744 phase=value_index_write slot=0 started_ns=1790162959681107000 ended_ns=1790162959681178459 elapsed_us=71 block_gets=0 block_puts=0 deleted=0
checkpoint_phase lsn=20744 phase=value_index_write slot=0 started_ns=1790162959681250000 ended_ns=1790162959681321917 elapsed_us=71 block_gets=0 block_puts=0 deleted=0
checkpoint_phase lsn=20744 phase=value_index_write slot=0 started_ns=1790162959681384000 ended_ns=1790162959681454375 elapsed_us=70 block_gets=0 block_puts=0 deleted=0
checkpoint_phase lsn=20744 phase=value_index_write slot=0 started_ns=1790162959681510000 ended_ns=1790162959689402083 elapsed_us=7892 block_gets=0 block_puts=1 deleted=0
checkpoint_phase lsn=20760 phase=value_index_schedule slot=0 started_ns=1790162959746749000 ended_ns=1790162959746755000 elapsed_us=6 block_gets=0 block_puts=0 deleted=0
checkpoint_phase lsn=20760 phase=value_index_schedule slot=0 started_ns=1790162959746835000 ended_ns=1790162959746983875 elapsed_us=148 block_gets=0 block_puts=0 deleted=0
checkpoint_phase lsn=20760 phase=value_index_write slot=0 started_ns=1790162959754620000 ended_ns=1790162959754622125 elapsed_us=2 block_gets=0 block_puts=0 deleted=0
checkpoint_phase lsn=20760 phase=value_index_write slot=0 started_ns=1790162959763596000 ended_ns=1790162959763725416 elapsed_us=129 block_gets=0 block_puts=0 deleted=0
checkpoint_phase lsn=20760 phase=value_index_write slot=0 started_ns=1790162959774541000 ended_ns=1790162959774664750 elapsed_us=123 block_gets=0 block_puts=0 deleted=0
checkpoint_phase lsn=20760 phase=value_index_write slot=0 started_ns=1790162959774736000 ended_ns=1790162959774818292 elapsed_us=82 block_gets=0 block_puts=0 deleted=0
checkpoint_phase lsn=20760 phase=value_index_write slot=0 started_ns=1790162959774870000 ended_ns=1790162959774938750 elapsed_us=68 block_gets=0 block_puts=0 deleted=0
checkpoint_phase lsn=20776 phase=value_index_schedule slot=0 started_ns=1790162959860961000 ended_ns=1790162959860966750 elapsed_us=5 block_gets=0 block_puts=0 deleted=0
checkpoint_phase lsn=20776 phase=value_index_schedule slot=0 started_ns=1790162959868520000 ended_ns=1790162959868669250 elapsed_us=149 block_gets=0 block_puts=0 deleted=0
checkpoint_phase lsn=20776 phase=value_index_write slot=0 started_ns=1790162959868738000 ended_ns=1790162959868740166 elapsed_us=2 block_gets=0 block_puts=0 deleted=0
checkpoint_phase lsn=20776 phase=value_index_write slot=0 started_ns=1790162959868795000 ended_ns=1790162959868928625 elapsed_us=133 block_gets=0 block_puts=0 deleted=0
checkpoint_phase lsn=20776 phase=value_index_write slot=0 started_ns=1790162959877927000 ended_ns=1790162959878061958 elapsed_us=134 block_gets=0 block_puts=0 deleted=0
checkpoint_phase lsn=20776 phase=value_index_write slot=0 started_ns=1790162959878138000 ended_ns=1790162959878227375 elapsed_us=89 block_gets=0 block_puts=0 deleted=0
checkpoint_phase lsn=20776 phase=value_index_write slot=0 started_ns=1790162959891429000 ended_ns=1790162959891499000 elapsed_us=70 block_gets=0 block_puts=0 deleted=0
checkpoint_phase lsn=20776 phase=value_index_write slot=0 started_ns=1790162959891554000 ended_ns=1790162959891623666 elapsed_us=69 block_gets=0 block_puts=0 deleted=0
checkpoint_phase lsn=20776 phase=value_index_write slot=0 started_ns=1790162959891675000 ended_ns=1790162959928805458 elapsed_us=37130 block_gets=0 block_puts=1 deleted=0
checkpoint_phase lsn=20776 phase=value_index_write slot=0 started_ns=1790162959938686000 ended_ns=1790162959938759750 elapsed_us=73 block_gets=0 block_puts=0 deleted=0
checkpoint_phase lsn=20792 phase=value_index_schedule slot=0 started_ns=1790162960026463000 ended_ns=1790162960026469208 elapsed_us=6 block_gets=0 block_puts=0 deleted=0
checkpoint_phase lsn=20792 phase=value_index_schedule slot=0 started_ns=1790162960033761000 ended_ns=1790162960033911292 elapsed_us=150 block_gets=0 block_puts=0 deleted=0
checkpoint_phase lsn=20792 phase=value_index_write slot=0 started_ns=1790162960033990000 ended_ns=1790162960033991917 elapsed_us=1 block_gets=0 block_puts=0 deleted=0
checkpoint_phase lsn=20792 phase=value_index_write slot=0 started_ns=1790162960034064000 ended_ns=1790162960034193416 elapsed_us=129 block_gets=0 block_puts=0 deleted=0
checkpoint_phase lsn=20792 phase=value_index_write slot=0 started_ns=1790162960034255000 ended_ns=1790162960034375250 elapsed_us=120 block_gets=0 block_puts=0 deleted=0
checkpoint_phase lsn=20792 phase=value_index_write slot=0 started_ns=1790162960034428000 ended_ns=1790162960034517791 elapsed_us=89 block_gets=0 block_puts=0 deleted=0
checkpoint_phase lsn=20792 phase=value_index_write slot=0 started_ns=1790162960034568000 ended_ns=1790162960034636625 elapsed_us=68 block_gets=0 block_puts=0 deleted=0
checkpoint_phase lsn=20792 phase=value_index_write slot=0 started_ns=1790162960034692000 ended_ns=1790162960034762875 elapsed_us=70 block_gets=0 block_puts=0 deleted=0
checkpoint_phase lsn=20792 phase=value_index_write slot=0 started_ns=1790162960034820000 ended_ns=1790162960049759542 elapsed_us=14939 block_gets=0 block_puts=1 deleted=0
checkpoint_phase lsn=20792 phase=value_index_write slot=0 started_ns=1790162960057211000 ended_ns=1790162960057284041 elapsed_us=73 block_gets=0 block_puts=0 deleted=0
checkpoint_phase lsn=20792 phase=value_index_write slot=0 started_ns=1790162960057358000 ended_ns=1790162960057435834 elapsed_us=77 block_gets=0 block_puts=0 deleted=0
checkpoint_phase lsn=20792 phase=value_index_write slot=0 started_ns=1790162960057505000 ended_ns=1790162960057579125 elapsed_us=74 block_gets=0 block_puts=0 deleted=0
checkpoint_phase lsn=20792 phase=value_index_write slot=0 started_ns=1790162960057646000 ended_ns=1790162960061905500 elapsed_us=4259 block_gets=0 block_puts=1 deleted=0
checkpoint_phase lsn=20792 phase=value_index_schedule slot=0 started_ns=1790162960069194000 ended_ns=1790162960069257125 elapsed_us=63 block_gets=0 block_puts=0 deleted=0
checkpoint_phase lsn=20792 phase=value_index_schedule slot=0 started_ns=1790162960069332000 ended_ns=1790162960069590042 elapsed_us=258 block_gets=0 block_puts=0 deleted=0
checkpoint_phase lsn=20792 phase=value_index_write slot=0 started_ns=1790162960079143000 ended_ns=1790162960105141750 elapsed_us=25998 block_gets=0 block_puts=3 deleted=0
checkpoint_phase lsn=20808 phase=value_index_schedule slot=0 started_ns=1790162960176523000 ended_ns=1790162960176529417 elapsed_us=6 block_gets=0 block_puts=0 deleted=0
checkpoint_phase lsn=20808 phase=value_index_schedule slot=0 started_ns=1790162960176608000 ended_ns=1790162960176769500 elapsed_us=161 block_gets=0 block_puts=0 deleted=0
checkpoint_phase lsn=20808 phase=value_index_write slot=0 started_ns=1790162960188821000 ended_ns=1790162960188823833 elapsed_us=2 block_gets=0 block_puts=0 deleted=0
checkpoint_phase lsn=20808 phase=value_index_write slot=0 started_ns=1790162960194245000 ended_ns=1790162960194375750 elapsed_us=130 block_gets=0 block_puts=0 deleted=0
checkpoint_phase lsn=20808 phase=value_index_write slot=0 started_ns=1790162960202387000 ended_ns=1790162960202511750 elapsed_us=124 block_gets=0 block_puts=0 deleted=0
checkpoint_phase lsn=20808 phase=value_index_write slot=0 started_ns=1790162960202650000 ended_ns=1790162960203327708 elapsed_us=677 block_gets=0 block_puts=0 deleted=0
checkpoint_phase lsn=20808 phase=value_index_write slot=0 started_ns=1790162960217831000 ended_ns=1790162960217906750 elapsed_us=75 block_gets=0 block_puts=0 deleted=0
checkpoint_phase lsn=20808 phase=value_index_write slot=0 started_ns=1790162960218006000 ended_ns=1790162960218077125 elapsed_us=71 block_gets=0 block_puts=0 deleted=0
checkpoint_phase lsn=20824 phase=value_index_schedule slot=0 started_ns=1790162960298115000 ended_ns=1790162960298121125 elapsed_us=6 block_gets=0 block_puts=0 deleted=0
checkpoint_phase lsn=20824 phase=value_index_schedule slot=0 started_ns=1790162960306315000 ended_ns=1790162960306478542 elapsed_us=163 block_gets=0 block_puts=0 deleted=0
checkpoint_phase lsn=20824 phase=value_index_write slot=0 started_ns=1790162960306561000 ended_ns=1790162960306563458 elapsed_us=2 block_gets=0 block_puts=0 deleted=0
checkpoint_phase lsn=20824 phase=value_index_write slot=0 started_ns=1790162960306632000 ended_ns=1790162960306760000 elapsed_us=128 block_gets=0 block_puts=0 deleted=0
checkpoint_phase lsn=20824 phase=value_index_write slot=0 started_ns=1790162960314809000 ended_ns=1790162960314932959 elapsed_us=123 block_gets=0 block_puts=0 deleted=0
checkpoint_phase lsn=20824 phase=value_index_write slot=0 started_ns=1790162960315021000 ended_ns=1790162960315120041 elapsed_us=99 block_gets=0 block_puts=0 deleted=0
checkpoint_phase lsn=20824 phase=value_index_write slot=0 started_ns=1790162960322675000 ended_ns=1790162960322750417 elapsed_us=75 block_gets=0 block_puts=0 deleted=0
checkpoint_phase lsn=20824 phase=value_index_write slot=0 started_ns=1790162960322892000 ended_ns=1790162960324388375 elapsed_us=1496 block_gets=0 block_puts=0 deleted=0
checkpoint_phase lsn=20824 phase=value_index_write slot=0 started_ns=1790162960334552000 ended_ns=1790162960368124708 elapsed_us=33572 block_gets=0 block_puts=1 deleted=0
checkpoint_phase lsn=20840 phase=value_index_schedule slot=0 started_ns=1790162960414172000 ended_ns=1790162960414178000 elapsed_us=6 block_gets=0 block_puts=0 deleted=0
checkpoint_phase lsn=20840 phase=value_index_schedule slot=0 started_ns=1790162960414256000 ended_ns=1790162960414430167 elapsed_us=174 block_gets=0 block_puts=0 deleted=0
checkpoint_phase lsn=20840 phase=value_index_write slot=0 started_ns=1790162960423252000 ended_ns=1790162960423254583 elapsed_us=2 block_gets=0 block_puts=0 deleted=0
checkpoint_phase lsn=20840 phase=value_index_write slot=0 started_ns=1790162960423323000 ended_ns=1790162960423454125 elapsed_us=131 block_gets=0 block_puts=0 deleted=0
checkpoint_phase lsn=20840 phase=value_index_write slot=0 started_ns=1790162960423502000 ended_ns=1790162960423624791 elapsed_us=122 block_gets=0 block_puts=0 deleted=0
checkpoint_phase lsn=20840 phase=value_index_write slot=0 started_ns=1790162960423670000 ended_ns=1790162960423774834 elapsed_us=104 block_gets=0 block_puts=0 deleted=0
checkpoint_phase lsn=20840 phase=value_index_write slot=0 started_ns=1790162960448488000 ended_ns=1790162960448564250 elapsed_us=76 block_gets=0 block_puts=0 deleted=0
checkpoint_phase lsn=20840 phase=value_index_write slot=0 started_ns=1790162960448622000 ended_ns=1790162960448694375 elapsed_us=72 block_gets=0 block_puts=0 deleted=0
checkpoint_phase lsn=20840 phase=value_index_write slot=0 started_ns=1790162960448751000 ended_ns=1790162960508468792 elapsed_us=59717 block_gets=0 block_puts=1 deleted=0
checkpoint_phase lsn=20840 phase=value_index_write slot=0 started_ns=1790162960515522000 ended_ns=1790162960515597583 elapsed_us=75 block_gets=0 block_puts=0 deleted=0
checkpoint_phase lsn=20840 phase=value_index_write slot=0 started_ns=1790162960515670000 ended_ns=1790162960515740500 elapsed_us=70 block_gets=0 block_puts=0 deleted=0
checkpoint_phase lsn=20840 phase=value_index_write slot=0 started_ns=1790162960515808000 ended_ns=1790162960515881917 elapsed_us=73 block_gets=0 block_puts=0 deleted=0
checkpoint_phase lsn=20840 phase=value_index_write slot=0 started_ns=1790162960522888000 ended_ns=1790162960526827875 elapsed_us=3939 block_gets=0 block_puts=1 deleted=0
checkpoint_phase lsn=20856 phase=value_index_schedule slot=0 started_ns=1790162960588850000 ended_ns=1790162960588856458 elapsed_us=6 block_gets=0 block_puts=0 deleted=0
checkpoint_phase lsn=20856 phase=value_index_schedule slot=0 started_ns=1790162960588934000 ended_ns=1790162960589109958 elapsed_us=175 block_gets=0 block_puts=0 deleted=0
checkpoint_phase lsn=20856 phase=value_index_write slot=0 started_ns=1790162960597992000 ended_ns=1790162960597994458 elapsed_us=2 block_gets=0 block_puts=0 deleted=0
checkpoint_phase lsn=20856 phase=value_index_write slot=0 started_ns=1790162960610268000 ended_ns=1790162960610398584 elapsed_us=130 block_gets=0 block_puts=0 deleted=0
checkpoint_phase lsn=20856 phase=value_index_write slot=0 started_ns=1790162960616447000 ended_ns=1790162960616573833 elapsed_us=126 block_gets=0 block_puts=0 deleted=0
checkpoint_phase lsn=20856 phase=value_index_write slot=0 started_ns=1790162960619245000 ended_ns=1790162960619357958 elapsed_us=112 block_gets=0 block_puts=0 deleted=0
checkpoint_phase lsn=20868 phase=value_index_schedule slot=0 started_ns=1790162960684421000 ended_ns=1790162960684426625 elapsed_us=5 block_gets=0 block_puts=0 deleted=0
checkpoint_phase lsn=20868 phase=value_index_schedule slot=0 started_ns=1790162960684503000 ended_ns=1790162960684677958 elapsed_us=174 block_gets=0 block_puts=0 deleted=0
checkpoint_phase lsn=20872 phase=value_index_schedule slot=0 started_ns=1790162960711088000 ended_ns=1790162960711095500 elapsed_us=7 block_gets=0 block_puts=0 deleted=0
checkpoint_phase lsn=20872 phase=value_index_schedule slot=0 started_ns=1790162960711173000 ended_ns=1790162960711352666 elapsed_us=179 block_gets=0 block_puts=0 deleted=0
checkpoint_phase lsn=20872 phase=value_index_write slot=0 started_ns=1790162960718067000 ended_ns=1790162960718070000 elapsed_us=3 block_gets=0 block_puts=0 deleted=0
checkpoint_phase lsn=20872 phase=value_index_write slot=0 started_ns=1790162960719486000 ended_ns=1790162960719615125 elapsed_us=129 block_gets=0 block_puts=0 deleted=0
checkpoint_phase lsn=20872 phase=value_index_write slot=0 started_ns=1790162960727035000 ended_ns=1790162960727163625 elapsed_us=128 block_gets=0 block_puts=0 deleted=0
checkpoint_phase lsn=20872 phase=value_index_write slot=0 started_ns=1790162960727242000 ended_ns=1790162960727358625 elapsed_us=116 block_gets=0 block_puts=0 deleted=0
checkpoint_phase lsn=20872 phase=value_index_write slot=0 started_ns=1790162960735284000 ended_ns=1790162960735358541 elapsed_us=74 block_gets=0 block_puts=0 deleted=0
checkpoint_phase lsn=20888 phase=value_index_schedule slot=0 started_ns=1790162960833630000 ended_ns=1790162960833636000 elapsed_us=6 block_gets=0 block_puts=0 deleted=0
checkpoint_phase lsn=20888 phase=value_index_schedule slot=0 started_ns=1790162960841749000 ended_ns=1790162960841929042 elapsed_us=180 block_gets=0 block_puts=0 deleted=0
checkpoint_phase lsn=20888 phase=value_index_write slot=0 started_ns=1790162960841999000 ended_ns=1790162960842001416 elapsed_us=2 block_gets=0 block_puts=0 deleted=0
checkpoint_phase lsn=20888 phase=value_index_write slot=0 started_ns=1790162960842054000 ended_ns=1790162960842184042 elapsed_us=130 block_gets=0 block_puts=0 deleted=0
checkpoint_phase lsn=20888 phase=value_index_write slot=0 started_ns=1790162960849432000 ended_ns=1790162960849557042 elapsed_us=125 block_gets=0 block_puts=0 deleted=0
checkpoint_phase lsn=20888 phase=value_index_write slot=0 started_ns=1790162960849630000 ended_ns=1790162960849755125 elapsed_us=125 block_gets=0 block_puts=0 deleted=0
checkpoint_phase lsn=20888 phase=value_index_write slot=0 started_ns=1790162960857104000 ended_ns=1790162960857179666 elapsed_us=75 block_gets=0 block_puts=0 deleted=0
checkpoint_phase lsn=20888 phase=value_index_write slot=0 started_ns=1790162960857243000 ended_ns=1790162960857313375 elapsed_us=70 block_gets=0 block_puts=0 deleted=0
checkpoint_phase lsn=20888 phase=value_index_write slot=0 started_ns=1790162960857365000 ended_ns=1790162960871712542 elapsed_us=14347 block_gets=0 block_puts=1 deleted=0
checkpoint_phase lsn=20888 phase=value_index_write slot=0 started_ns=1790162960881534000 ended_ns=1790162960881610167 elapsed_us=76 block_gets=0 block_puts=0 deleted=0
checkpoint_phase lsn=20888 phase=value_index_write slot=0 started_ns=1790162960881694000 ended_ns=1790162960881763542 elapsed_us=69 block_gets=0 block_puts=0 deleted=0
checkpoint_phase lsn=20888 phase=value_index_write slot=0 started_ns=1790162960881824000 ended_ns=1790162960881896375 elapsed_us=72 block_gets=0 block_puts=0 deleted=0
checkpoint_phase lsn=20888 phase=value_index_write slot=0 started_ns=1790162960881964000 ended_ns=1790162960887220292 elapsed_us=5256 block_gets=0 block_puts=1 deleted=0
checkpoint_phase lsn=20904 phase=value_index_schedule slot=0 started_ns=1790162960946659000 ended_ns=1790162960946665583 elapsed_us=6 block_gets=0 block_puts=0 deleted=0
checkpoint_phase lsn=20904 phase=value_index_schedule slot=0 started_ns=1790162960946738000 ended_ns=1790162960946927125 elapsed_us=189 block_gets=0 block_puts=0 deleted=0
checkpoint_phase lsn=20904 phase=value_index_write slot=0 started_ns=1790162960946985000 ended_ns=1790162960946986583 elapsed_us=1 block_gets=0 block_puts=0 deleted=0
checkpoint_phase lsn=20904 phase=value_index_write slot=0 started_ns=1790162960947034000 ended_ns=1790162960947161375 elapsed_us=127 block_gets=0 block_puts=0 deleted=0
checkpoint_phase lsn=20904 phase=value_index_write slot=0 started_ns=1790162960947210000 ended_ns=1790162960947330541 elapsed_us=120 block_gets=0 block_puts=0 deleted=0
checkpoint_phase lsn=20904 phase=value_index_write slot=0 started_ns=1790162960956770000 ended_ns=1790162960956894292 elapsed_us=124 block_gets=0 block_puts=0 deleted=0
checkpoint_phase lsn=20904 phase=value_index_write slot=0 started_ns=1790162960965293000 ended_ns=1790162960965366208 elapsed_us=73 block_gets=0 block_puts=0 deleted=0
checkpoint_phase lsn=20904 phase=value_index_write slot=0 started_ns=1790162960976976000 ended_ns=1790162960977049834 elapsed_us=73 block_gets=0 block_puts=0 deleted=0
checkpoint_phase lsn=20904 phase=value_index_write slot=0 started_ns=1790162960977121000 ended_ns=1790162960996453583 elapsed_us=19332 block_gets=0 block_puts=1 deleted=0
checkpoint_phase lsn=20920 phase=value_index_schedule slot=0 started_ns=1790162961099965000 ended_ns=1790162961099971083 elapsed_us=6 block_gets=0 block_puts=0 deleted=0
checkpoint_phase lsn=20920 phase=value_index_schedule slot=0 started_ns=1790162961100050000 ended_ns=1790162961100243125 elapsed_us=193 block_gets=0 block_puts=0 deleted=0
checkpoint_phase lsn=20920 phase=value_index_write slot=0 started_ns=1790162961109204000 ended_ns=1790162961109206209 elapsed_us=2 block_gets=0 block_puts=0 deleted=0
checkpoint_phase lsn=20920 phase=value_index_write slot=0 started_ns=1790162961109264000 ended_ns=1790162961109392542 elapsed_us=128 block_gets=0 block_puts=0 deleted=0
checkpoint_phase lsn=20920 phase=value_index_write slot=0 started_ns=1790162961109437000 ended_ns=1790162961109557167 elapsed_us=120 block_gets=0 block_puts=0 deleted=0
checkpoint_phase lsn=20920 phase=value_index_write slot=0 started_ns=1790162961118263000 ended_ns=1790162961118391875 elapsed_us=128 block_gets=0 block_puts=0 deleted=0
checkpoint_phase lsn=20920 phase=value_index_write slot=0 started_ns=1790162961118487000 ended_ns=1790162961118566792 elapsed_us=79 block_gets=0 block_puts=0 deleted=0
checkpoint_phase lsn=20920 phase=value_index_write slot=0 started_ns=1790162961126981000 ended_ns=1790162961127054125 elapsed_us=73 block_gets=0 block_puts=0 deleted=0
checkpoint_phase lsn=20920 phase=value_index_write slot=0 started_ns=1790162961127123000 ended_ns=1790162961148997875 elapsed_us=21874 block_gets=0 block_puts=1 deleted=0
checkpoint_phase lsn=20920 phase=value_index_write slot=0 started_ns=1790162961158601000 ended_ns=1790162961158674458 elapsed_us=73 block_gets=0 block_puts=0 deleted=0
checkpoint_phase lsn=20936 phase=value_index_schedule slot=0 started_ns=1790162961228762000 ended_ns=1790162961228767834 elapsed_us=5 block_gets=0 block_puts=0 deleted=0
checkpoint_phase lsn=20936 phase=value_index_schedule slot=0 started_ns=1790162961228838000 ended_ns=1790162961229036125 elapsed_us=198 block_gets=0 block_puts=0 deleted=0
checkpoint_phase lsn=20936 phase=value_index_write slot=0 started_ns=1790162961229117000 ended_ns=1790162961229118875 elapsed_us=1 block_gets=0 block_puts=0 deleted=0
checkpoint_phase lsn=20936 phase=value_index_write slot=0 started_ns=1790162961229165000 ended_ns=1790162961229293958 elapsed_us=128 block_gets=0 block_puts=0 deleted=0
checkpoint_phase lsn=20936 phase=value_index_write slot=0 started_ns=1790162961229339000 ended_ns=1790162961229462041 elapsed_us=123 block_gets=0 block_puts=0 deleted=0
checkpoint_phase lsn=20936 phase=value_index_write slot=0 started_ns=1790162961229509000 ended_ns=1790162961229631709 elapsed_us=122 block_gets=0 block_puts=0 deleted=0
checkpoint_phase lsn=20936 phase=value_index_write slot=0 started_ns=1790162961229698000 ended_ns=1790162961229780208 elapsed_us=82 block_gets=0 block_puts=0 deleted=0
checkpoint_phase lsn=20936 phase=value_index_write slot=0 started_ns=1790162961229843000 ended_ns=1790162961229912625 elapsed_us=69 block_gets=0 block_puts=0 deleted=0
checkpoint_phase lsn=20936 phase=value_index_write slot=0 started_ns=1790162961238411000 ended_ns=1790162961262981375 elapsed_us=24570 block_gets=0 block_puts=1 deleted=0
checkpoint_phase lsn=20936 phase=value_index_write slot=0 started_ns=1790162961273295000 ended_ns=1790162961273369500 elapsed_us=74 block_gets=0 block_puts=0 deleted=0
checkpoint_phase lsn=20936 phase=value_index_write slot=0 started_ns=1790162961273439000 ended_ns=1790162961273508250 elapsed_us=69 block_gets=0 block_puts=0 deleted=0
checkpoint_phase lsn=20936 phase=value_index_write slot=0 started_ns=1790162961273567000 ended_ns=1790162961273640458 elapsed_us=73 block_gets=0 block_puts=0 deleted=0
checkpoint_phase lsn=20936 phase=value_index_write slot=0 started_ns=1790162961281715000 ended_ns=1790162961291442917 elapsed_us=9727 block_gets=0 block_puts=1 deleted=0
checkpoint_phase lsn=20936 phase=value_index_schedule slot=0 started_ns=1790162961299643000 ended_ns=1790162961299679166 elapsed_us=36 block_gets=0 block_puts=0 deleted=0
checkpoint_phase lsn=20936 phase=value_index_schedule slot=0 started_ns=1790162961299746000 ended_ns=1790162961300087583 elapsed_us=341 block_gets=0 block_puts=0 deleted=0
checkpoint_phase lsn=20952 phase=value_index_schedule slot=0 started_ns=1790162961341186000 ended_ns=1790162961341191542 elapsed_us=5 block_gets=0 block_puts=0 deleted=0
checkpoint_phase lsn=20952 phase=value_index_schedule slot=0 started_ns=1790162961341256000 ended_ns=1790162961341448250 elapsed_us=192 block_gets=0 block_puts=0 deleted=0
checkpoint_phase lsn=20952 phase=value_index_write slot=0 started_ns=1790162961349511000 ended_ns=1790162961349513375 elapsed_us=2 block_gets=0 block_puts=0 deleted=0
checkpoint_phase lsn=20952 phase=value_index_write slot=0 started_ns=1790162961354848000 ended_ns=1790162961354981625 elapsed_us=133 block_gets=0 block_puts=0 deleted=0
checkpoint_phase lsn=20952 phase=value_index_write slot=0 started_ns=1790162961362203000 ended_ns=1790162961362331084 elapsed_us=128 block_gets=0 block_puts=0 deleted=0
checkpoint_phase lsn=20952 phase=value_index_write slot=0 started_ns=1790162961368764000 ended_ns=1790162961368889750 elapsed_us=125 block_gets=0 block_puts=0 deleted=0
checkpoint_phase lsn=20952 phase=value_index_write slot=0 started_ns=1790162961370294000 ended_ns=1790162961370379000 elapsed_us=85 block_gets=0 block_puts=0 deleted=0
checkpoint_phase lsn=20968 phase=value_index_schedule slot=0 started_ns=1790162961422063000 ended_ns=1790162961422069417 elapsed_us=6 block_gets=0 block_puts=0 deleted=0
checkpoint_phase lsn=20968 phase=value_index_schedule slot=0 started_ns=1790162961422147000 ended_ns=1790162961422347416 elapsed_us=200 block_gets=0 block_puts=0 deleted=0
checkpoint_phase lsn=20968 phase=value_index_write slot=0 started_ns=1790162961423123000 ended_ns=1790162961423124500 elapsed_us=1 block_gets=0 block_puts=0 deleted=0
checkpoint_phase lsn=20968 phase=value_index_write slot=0 started_ns=1790162961423211000 ended_ns=1790162961423347167 elapsed_us=136 block_gets=0 block_puts=0 deleted=0
checkpoint_phase lsn=20968 phase=value_index_write slot=0 started_ns=1790162961424060000 ended_ns=1790162961424187541 elapsed_us=127 block_gets=0 block_puts=0 deleted=0
checkpoint_phase lsn=20968 phase=value_index_write slot=0 started_ns=1790162961424264000 ended_ns=1790162961424389458 elapsed_us=125 block_gets=0 block_puts=0 deleted=0
checkpoint_phase lsn=20968 phase=value_index_write slot=0 started_ns=1790162961425068000 ended_ns=1790162961425157042 elapsed_us=89 block_gets=0 block_puts=0 deleted=0
checkpoint_phase lsn=20968 phase=value_index_write slot=0 started_ns=1790162961425206000 ended_ns=1790162961425276667 elapsed_us=70 block_gets=0 block_puts=0 deleted=0
checkpoint_phase lsn=20968 phase=value_index_write slot=0 started_ns=1790162961425486000 ended_ns=1790162961456078250 elapsed_us=30592 block_gets=0 block_puts=1 deleted=0
checkpoint_phase lsn=20972 phase=value_index_schedule slot=0 started_ns=1790162961529109000 ended_ns=1790162961529115042 elapsed_us=6 block_gets=0 block_puts=0 deleted=0
checkpoint_phase lsn=20972 phase=value_index_schedule slot=0 started_ns=1790162961529179000 ended_ns=1790162961529382083 elapsed_us=203 block_gets=0 block_puts=0 deleted=0
checkpoint_phase lsn=20984 phase=value_index_schedule slot=0 started_ns=1790162961572246000 ended_ns=1790162961572251666 elapsed_us=5 block_gets=0 block_puts=0 deleted=0
checkpoint_phase lsn=20984 phase=value_index_schedule slot=0 started_ns=1790162961572325000 ended_ns=1790162961572531416 elapsed_us=206 block_gets=0 block_puts=0 deleted=0
checkpoint_phase lsn=20984 phase=value_index_write slot=0 started_ns=1790162961573322000 ended_ns=1790162961573323333 elapsed_us=1 block_gets=0 block_puts=0 deleted=0
checkpoint_phase lsn=20984 phase=value_index_write slot=0 started_ns=1790162961573382000 ended_ns=1790162961573512542 elapsed_us=130 block_gets=0 block_puts=0 deleted=0
checkpoint_phase lsn=20984 phase=value_index_write slot=0 started_ns=1790162961573565000 ended_ns=1790162961573686125 elapsed_us=121 block_gets=0 block_puts=0 deleted=0
checkpoint_phase lsn=20984 phase=value_index_write slot=0 started_ns=1790162961573733000 ended_ns=1790162961573851334 elapsed_us=118 block_gets=0 block_puts=0 deleted=0
checkpoint_phase lsn=20984 phase=value_index_write slot=0 started_ns=1790162961573894000 ended_ns=1790162961573984375 elapsed_us=90 block_gets=0 block_puts=0 deleted=0
checkpoint_phase lsn=20984 phase=value_index_write slot=0 started_ns=1790162961574042000 ended_ns=1790162961574111708 elapsed_us=69 block_gets=0 block_puts=0 deleted=0
checkpoint_phase lsn=20984 phase=value_index_write slot=0 started_ns=1790162961574159000 ended_ns=1790162961601822500 elapsed_us=27663 block_gets=0 block_puts=1 deleted=0
checkpoint_phase lsn=20984 phase=value_index_write slot=0 started_ns=1790162961602679000 ended_ns=1790162961602749959 elapsed_us=70 block_gets=0 block_puts=0 deleted=0
checkpoint_phase lsn=20984 phase=value_index_write slot=0 started_ns=1790162961602811000 ended_ns=1790162961602880417 elapsed_us=69 block_gets=0 block_puts=0 deleted=0
checkpoint_phase lsn=20984 phase=value_index_write slot=0 started_ns=1790162961603169000 ended_ns=1790162961603241041 elapsed_us=72 block_gets=0 block_puts=0 deleted=0
checkpoint_phase lsn=20984 phase=value_index_write slot=0 started_ns=1790162961603941000 ended_ns=1790162961611999417 elapsed_us=8058 block_gets=0 block_puts=1 deleted=0
checkpoint_phase lsn=20992 phase=value_index_schedule slot=0 started_ns=1790162961640404000 ended_ns=1790162961640409292 elapsed_us=5 block_gets=0 block_puts=0 deleted=0
checkpoint_phase lsn=20992 phase=value_index_schedule slot=0 started_ns=1790162961640482000 ended_ns=1790162961640694584 elapsed_us=212 block_gets=0 block_puts=0 deleted=0
checkpoint_phase lsn=21000 phase=value_index_schedule slot=0 started_ns=1790162961683180000 ended_ns=1790162961683186334 elapsed_us=6 block_gets=0 block_puts=0 deleted=0
checkpoint_phase lsn=21000 phase=value_index_schedule slot=0 started_ns=1790162961683849000 ended_ns=1790162961684053791 elapsed_us=204 block_gets=0 block_puts=0 deleted=0
checkpoint_phase lsn=21000 phase=value_index_write slot=0 started_ns=1790162961684261000 ended_ns=1790162961684262416 elapsed_us=1 block_gets=0 block_puts=0 deleted=0
checkpoint_phase lsn=21000 phase=value_index_write slot=0 started_ns=1790162961685000000 ended_ns=1790162961685146291 elapsed_us=146 block_gets=0 block_puts=0 deleted=0
checkpoint_phase lsn=21000 phase=value_index_write slot=0 started_ns=1790162961685223000 ended_ns=1790162961685347292 elapsed_us=124 block_gets=0 block_puts=0 deleted=0
checkpoint_phase lsn=21000 phase=value_index_write slot=0 started_ns=1790162961685980000 ended_ns=1790162961686103250 elapsed_us=123 block_gets=0 block_puts=0 deleted=0
checkpoint_phase lsn=21000 phase=value_index_write slot=0 started_ns=1790162961686300000 ended_ns=1790162961686398709 elapsed_us=98 block_gets=0 block_puts=0 deleted=0
checkpoint_phase lsn=21008 phase=value_index_schedule slot=0 started_ns=1790162961706340000 ended_ns=1790162961706346333 elapsed_us=6 block_gets=0 block_puts=0 deleted=0
checkpoint_phase lsn=21008 phase=value_index_schedule slot=0 started_ns=1790162961706416000 ended_ns=1790162961706633458 elapsed_us=217 block_gets=0 block_puts=0 deleted=0
checkpoint_phase lsn=21016 phase=value_index_schedule slot=0 started_ns=1790162961763420000 ended_ns=1790162961763426000 elapsed_us=6 block_gets=0 block_puts=0 deleted=0
checkpoint_phase lsn=21016 phase=value_index_schedule slot=0 started_ns=1790162961764070000 ended_ns=1790162961764275542 elapsed_us=205 block_gets=0 block_puts=0 deleted=0
checkpoint_phase lsn=21016 phase=value_index_write slot=0 started_ns=1790162961764933000 ended_ns=1790162961764934459 elapsed_us=1 block_gets=0 block_puts=0 deleted=0
checkpoint_phase lsn=21016 phase=value_index_write slot=0 started_ns=1790162961764981000 ended_ns=1790162961765108667 elapsed_us=127 block_gets=0 block_puts=0 deleted=0
checkpoint_phase lsn=21016 phase=value_index_write slot=0 started_ns=1790162961765160000 ended_ns=1790162961765283458 elapsed_us=123 block_gets=0 block_puts=0 deleted=0
checkpoint_phase lsn=21016 phase=value_index_write slot=0 started_ns=1790162961765658000 ended_ns=1790162961765778833 elapsed_us=120 block_gets=0 block_puts=0 deleted=0
checkpoint_phase lsn=21020 phase=value_index_schedule slot=0 started_ns=1790162961795498000 ended_ns=1790162961795504083 elapsed_us=6 block_gets=0 block_puts=0 deleted=0
checkpoint_phase lsn=21020 phase=value_index_schedule slot=0 started_ns=1790162961795581000 ended_ns=1790162961795799750 elapsed_us=218 block_gets=0 block_puts=0 deleted=0
checkpoint_phase lsn=21024 phase=value_index_schedule slot=0 started_ns=1790162961810521000 ended_ns=1790162961810527000 elapsed_us=6 block_gets=0 block_puts=0 deleted=0
checkpoint_phase lsn=21024 phase=value_index_schedule slot=0 started_ns=1790162961810609000 ended_ns=1790162961810831083 elapsed_us=222 block_gets=0 block_puts=0 deleted=0
checkpoint_phase lsn=21024 phase=value_index_write slot=0 started_ns=1790162961810935000 ended_ns=1790162961810936750 elapsed_us=1 block_gets=0 block_puts=0 deleted=0
checkpoint_phase lsn=21032 phase=value_index_schedule slot=0 started_ns=1790162961848186000 ended_ns=1790162961848192375 elapsed_us=6 block_gets=0 block_puts=0 deleted=0
checkpoint_phase lsn=21032 phase=value_index_schedule slot=0 started_ns=1790162961848690000 ended_ns=1790162961848899875 elapsed_us=209 block_gets=0 block_puts=0 deleted=0
checkpoint_phase lsn=21032 phase=value_index_write slot=0 started_ns=1790162961849622000 ended_ns=1790162961849623459 elapsed_us=1 block_gets=0 block_puts=0 deleted=0
checkpoint_phase lsn=21032 phase=value_index_write slot=0 started_ns=1790162961849682000 ended_ns=1790162961849814334 elapsed_us=132 block_gets=0 block_puts=0 deleted=0
checkpoint_phase lsn=21032 phase=value_index_write slot=0 started_ns=1790162961850043000 ended_ns=1790162961850166083 elapsed_us=123 block_gets=0 block_puts=0 deleted=0
checkpoint_phase lsn=21036 phase=value_index_schedule slot=0 started_ns=1790162961884094000 ended_ns=1790162961884099750 elapsed_us=5 block_gets=0 block_puts=0 deleted=0
checkpoint_phase lsn=21036 phase=value_index_schedule slot=0 started_ns=1790162961884169000 ended_ns=1790162961884381792 elapsed_us=212 block_gets=0 block_puts=0 deleted=0
checkpoint_phase lsn=21040 phase=value_index_schedule slot=0 started_ns=1790162961915247000 ended_ns=1790162961915252541 elapsed_us=5 block_gets=0 block_puts=0 deleted=0
checkpoint_phase lsn=21040 phase=value_index_schedule slot=0 started_ns=1790162961915307000 ended_ns=1790162961915517958 elapsed_us=210 block_gets=0 block_puts=0 deleted=0
checkpoint_phase lsn=21040 phase=value_index_write slot=0 started_ns=1790162961915574000 ended_ns=1790162961915575292 elapsed_us=1 block_gets=0 block_puts=0 deleted=0
checkpoint_phase lsn=21040 phase=value_index_write slot=0 started_ns=1790162961915638000 ended_ns=1790162961915764208 elapsed_us=126 block_gets=0 block_puts=0 deleted=0
checkpoint_phase lsn=21040 phase=value_index_write slot=0 started_ns=1790162961915836000 ended_ns=1790162961915959000 elapsed_us=123 block_gets=0 block_puts=0 deleted=0
checkpoint_phase lsn=21040 phase=value_index_write slot=0 started_ns=1790162961916012000 ended_ns=1790162961916131792 elapsed_us=119 block_gets=0 block_puts=0 deleted=0
checkpoint_phase lsn=21040 phase=value_index_write slot=0 started_ns=1790162961916427000 ended_ns=1790162961916532667 elapsed_us=105 block_gets=0 block_puts=0 deleted=0
checkpoint_phase lsn=21044 phase=value_index_schedule slot=0 started_ns=1790162961942796000 ended_ns=1790162961942802000 elapsed_us=6 block_gets=0 block_puts=0 deleted=0
checkpoint_phase lsn=21044 phase=value_index_schedule slot=0 started_ns=1790162961942864000 ended_ns=1790162961943099917 elapsed_us=235 block_gets=0 block_puts=0 deleted=0
checkpoint_phase lsn=21044 phase=value_index_write slot=0 started_ns=1790162961943397000 ended_ns=1790162961943398666 elapsed_us=1 block_gets=0 block_puts=0 deleted=0
checkpoint_phase lsn=21048 phase=value_index_schedule slot=0 started_ns=1790162961970163000 ended_ns=1790162961970168209 elapsed_us=5 block_gets=0 block_puts=0 deleted=0
checkpoint_phase lsn=21048 phase=value_index_schedule slot=0 started_ns=1790162961970699000 ended_ns=1790162961970911041 elapsed_us=212 block_gets=0 block_puts=0 deleted=0
checkpoint_phase lsn=21056 phase=value_index_schedule slot=0 started_ns=1790162962003420000 ended_ns=1790162962003426167 elapsed_us=6 block_gets=0 block_puts=0 deleted=0
checkpoint_phase lsn=21056 phase=value_index_schedule slot=0 started_ns=1790162962003510000 ended_ns=1790162962003742041 elapsed_us=232 block_gets=0 block_puts=0 deleted=0
checkpoint_phase lsn=21056 phase=value_index_write slot=0 started_ns=1790162962004596000 ended_ns=1790162962004597792 elapsed_us=1 block_gets=0 block_puts=0 deleted=0
checkpoint_phase lsn=21056 phase=value_index_write slot=0 started_ns=1790162962004665000 ended_ns=1790162962004794209 elapsed_us=129 block_gets=0 block_puts=0 deleted=0
checkpoint_phase lsn=21056 phase=value_index_write slot=0 started_ns=1790162962004858000 ended_ns=1790162962004982125 elapsed_us=124 block_gets=0 block_puts=0 deleted=0
checkpoint_phase lsn=21056 phase=value_index_write slot=0 started_ns=1790162962005034000 ended_ns=1790162962005155958 elapsed_us=121 block_gets=0 block_puts=0 deleted=0
checkpoint_phase lsn=21056 phase=value_index_write slot=0 started_ns=1790162962005212000 ended_ns=1790162962005326583 elapsed_us=114 block_gets=0 block_puts=0 deleted=0
checkpoint_phase lsn=21056 phase=value_index_write slot=0 started_ns=1790162962005377000 ended_ns=1790162962005449709 elapsed_us=72 block_gets=0 block_puts=0 deleted=0
checkpoint_phase lsn=21056 phase=value_index_write slot=0 started_ns=1790162962005509000 ended_ns=1790162962017939334 elapsed_us=12430 block_gets=0 block_puts=1 deleted=0
checkpoint_phase lsn=21060 phase=value_index_schedule slot=0 started_ns=1790162962031315000 ended_ns=1790162962031320291 elapsed_us=5 block_gets=0 block_puts=0 deleted=0
checkpoint_phase lsn=21060 phase=value_index_schedule slot=0 started_ns=1790162962031379000 ended_ns=1790162962031597625 elapsed_us=218 block_gets=0 block_puts=0 deleted=0
checkpoint_phase lsn=21060 phase=value_index_write slot=0 started_ns=1790162962031894000 ended_ns=1790162962031895666 elapsed_us=1 block_gets=0 block_puts=0 deleted=0
checkpoint_phase lsn=21064 phase=value_index_schedule slot=0 started_ns=1790162962046505000 ended_ns=1790162962046511292 elapsed_us=6 block_gets=0 block_puts=0 deleted=0
checkpoint_phase lsn=21064 phase=value_index_schedule slot=0 started_ns=1790162962046592000 ended_ns=1790162962046821333 elapsed_us=229 block_gets=0 block_puts=0 deleted=0
checkpoint_phase lsn=21064 phase=value_index_write slot=0 started_ns=1790162962047640000 ended_ns=1790162962047641416 elapsed_us=1 block_gets=0 block_puts=0 deleted=0
checkpoint_phase lsn=21064 phase=value_index_write slot=0 started_ns=1790162962047706000 ended_ns=1790162962047835292 elapsed_us=129 block_gets=0 block_puts=0 deleted=0
checkpoint_phase lsn=21064 phase=value_index_write slot=0 started_ns=1790162962047896000 ended_ns=1790162962048019708 elapsed_us=123 block_gets=0 block_puts=0 deleted=0
checkpoint_phase lsn=21072 phase=value_index_schedule slot=0 started_ns=1790162962082267000 ended_ns=1790162962082273250 elapsed_us=6 block_gets=0 block_puts=0 deleted=0
checkpoint_phase lsn=21072 phase=value_index_schedule slot=0 started_ns=1790162962082340000 ended_ns=1790162962082576917 elapsed_us=236 block_gets=0 block_puts=0 deleted=0
checkpoint_phase lsn=21076 phase=value_index_schedule slot=0 started_ns=1790162962115081000 ended_ns=1790162962115086875 elapsed_us=5 block_gets=0 block_puts=0 deleted=0
checkpoint_phase lsn=21076 phase=value_index_schedule slot=0 started_ns=1790162962115166000 ended_ns=1790162962115399833 elapsed_us=233 block_gets=0 block_puts=0 deleted=0
checkpoint_phase lsn=21076 phase=value_index_write slot=0 started_ns=1790162962116235000 ended_ns=1790162962116236833 elapsed_us=1 block_gets=0 block_puts=0 deleted=0
checkpoint_phase lsn=21076 phase=value_index_write slot=0 started_ns=1790162962116301000 ended_ns=1790162962116429459 elapsed_us=128 block_gets=0 block_puts=0 deleted=0
checkpoint_phase lsn=21076 phase=value_index_write slot=0 started_ns=1790162962116501000 ended_ns=1790162962116626208 elapsed_us=125 block_gets=0 block_puts=0 deleted=0
checkpoint_phase lsn=21080 phase=value_index_schedule slot=0 started_ns=1790162962144477000 ended_ns=1790162962144483042 elapsed_us=6 block_gets=0 block_puts=0 deleted=0
checkpoint_phase lsn=21080 phase=value_index_schedule slot=0 started_ns=1790162962144545000 ended_ns=1790162962144772208 elapsed_us=227 block_gets=0 block_puts=0 deleted=0
checkpoint_phase lsn=21080 phase=value_index_write slot=0 started_ns=1790162962145533000 ended_ns=1790162962145534250 elapsed_us=1 block_gets=0 block_puts=0 deleted=0
checkpoint_phase lsn=21080 phase=value_index_write slot=0 started_ns=1790162962145592000 ended_ns=1790162962145722250 elapsed_us=130 block_gets=0 block_puts=0 deleted=0
checkpoint_phase lsn=21080 phase=value_index_write slot=0 started_ns=1790162962145780000 ended_ns=1790162962145900916 elapsed_us=120 block_gets=0 block_puts=0 deleted=0
checkpoint_phase lsn=21088 phase=value_index_schedule slot=0 started_ns=1790162962181713000 ended_ns=1790162962181719209 elapsed_us=6 block_gets=0 block_puts=0 deleted=0
checkpoint_phase lsn=21088 phase=value_index_schedule slot=0 started_ns=1790162962181800000 ended_ns=1790162962182031584 elapsed_us=231 block_gets=0 block_puts=0 deleted=0
checkpoint_phase lsn=21092 phase=value_index_schedule slot=0 started_ns=1790162962198631000 ended_ns=1790162962198637167 elapsed_us=6 block_gets=0 block_puts=0 deleted=0
checkpoint_phase lsn=21092 phase=value_index_schedule slot=0 started_ns=1790162962198714000 ended_ns=1790162962198942875 elapsed_us=228 block_gets=0 block_puts=0 deleted=0
checkpoint_phase lsn=21092 phase=value_index_write slot=0 started_ns=1790162962199739000 ended_ns=1790162962199740708 elapsed_us=1 block_gets=0 block_puts=0 deleted=0
checkpoint_phase lsn=21092 phase=value_index_write slot=0 started_ns=1790162962199805000 ended_ns=1790162962199940625 elapsed_us=135 block_gets=0 block_puts=0 deleted=0
checkpoint_phase lsn=21092 phase=value_index_write slot=0 started_ns=1790162962200010000 ended_ns=1790162962200134042 elapsed_us=124 block_gets=0 block_puts=0 deleted=0
checkpoint_phase lsn=21096 phase=value_index_schedule slot=0 started_ns=1790162962212461000 ended_ns=1790162962212465875 elapsed_us=4 block_gets=0 block_puts=0 deleted=0
checkpoint_phase lsn=21096 phase=value_index_schedule slot=0 started_ns=1790162962212546000 ended_ns=1790162962212791125 elapsed_us=245 block_gets=0 block_puts=0 deleted=0
checkpoint_phase lsn=21096 phase=value_index_write slot=0 started_ns=1790162962212856000 ended_ns=1790162962212858000 elapsed_us=2 block_gets=0 block_puts=0 deleted=0
checkpoint_phase lsn=21096 phase=value_index_write slot=0 started_ns=1790162962212905000 ended_ns=1790162962213034667 elapsed_us=129 block_gets=0 block_puts=0 deleted=0
checkpoint_phase lsn=21096 phase=value_index_write slot=0 started_ns=1790162962213084000 ended_ns=1790162962213207458 elapsed_us=123 block_gets=0 block_puts=0 deleted=0
checkpoint_phase lsn=21096 phase=value_index_write slot=0 started_ns=1790162962213453000 ended_ns=1790162962213573834 elapsed_us=120 block_gets=0 block_puts=0 deleted=0
checkpoint_phase lsn=21096 phase=value_index_write slot=0 started_ns=1790162962214289000 ended_ns=1790162962214408875 elapsed_us=119 block_gets=0 block_puts=0 deleted=0
checkpoint_phase lsn=21096 phase=value_index_write slot=0 started_ns=1790162962214471000 ended_ns=1790162962214544709 elapsed_us=73 block_gets=0 block_puts=0 deleted=0
checkpoint_phase lsn=21096 phase=value_index_write slot=0 started_ns=1790162962214605000 ended_ns=1790162962230142000 elapsed_us=15537 block_gets=0 block_puts=1 deleted=0
checkpoint_phase lsn=21108 phase=value_index_schedule slot=0 started_ns=1790162962271725000 ended_ns=1790162962271731125 elapsed_us=6 block_gets=0 block_puts=0 deleted=0
checkpoint_phase lsn=21108 phase=value_index_schedule slot=0 started_ns=1790162962271804000 ended_ns=1790162962272042458 elapsed_us=238 block_gets=0 block_puts=0 deleted=0
checkpoint_phase lsn=21108 phase=value_index_write slot=0 started_ns=1790162962272838000 ended_ns=1790162962272839750 elapsed_us=1 block_gets=0 block_puts=0 deleted=0
checkpoint_phase lsn=21108 phase=value_index_write slot=0 started_ns=1790162962272902000 ended_ns=1790162962273030250 elapsed_us=128 block_gets=0 block_puts=0 deleted=0
checkpoint_phase lsn=21108 phase=value_index_write slot=0 started_ns=1790162962273087000 ended_ns=1790162962273213958 elapsed_us=126 block_gets=0 block_puts=0 deleted=0
checkpoint_phase lsn=21108 phase=value_index_write slot=0 started_ns=1790162962273267000 ended_ns=1790162962273392667 elapsed_us=125 block_gets=0 block_puts=0 deleted=0
checkpoint_phase lsn=21108 phase=value_index_write slot=0 started_ns=1790162962273445000 ended_ns=1790162962273570458 elapsed_us=125 block_gets=0 block_puts=0 deleted=0
checkpoint_phase lsn=21108 phase=value_index_write slot=0 started_ns=1790162962273617000 ended_ns=1790162962273691208 elapsed_us=74 block_gets=0 block_puts=0 deleted=0
checkpoint_phase lsn=21108 phase=value_index_write slot=0 started_ns=1790162962273743000 ended_ns=1790162962295675750 elapsed_us=21932 block_gets=0 block_puts=1 deleted=0
checkpoint_phase lsn=21108 phase=value_index_write slot=0 started_ns=1790162962296531000 ended_ns=1790162962296616000 elapsed_us=85 block_gets=0 block_puts=0 deleted=0
checkpoint_phase lsn=21108 phase=value_index_write slot=0 started_ns=1790162962296685000 ended_ns=1790162962296759375 elapsed_us=74 block_gets=0 block_puts=0 deleted=0
checkpoint_phase lsn=21108 phase=value_index_write slot=0 started_ns=1790162962296820000 ended_ns=1790162962296906208 elapsed_us=86 block_gets=0 block_puts=0 deleted=0
checkpoint_phase lsn=21108 phase=value_index_write slot=0 started_ns=1790162962297161000 ended_ns=1790162962300944666 elapsed_us=3783 block_gets=0 block_puts=1 deleted=0
checkpoint_phase lsn=21112 phase=value_index_schedule slot=0 started_ns=1790162962319968000 ended_ns=1790162962319974500 elapsed_us=6 block_gets=0 block_puts=0 deleted=0
checkpoint_phase lsn=21112 phase=value_index_schedule slot=0 started_ns=1790162962320037000 ended_ns=1790162962320286125 elapsed_us=249 block_gets=0 block_puts=0 deleted=0
checkpoint_phase lsn=21112 phase=value_index_write slot=0 started_ns=1790162962320353000 ended_ns=1790162962320354792 elapsed_us=1 block_gets=0 block_puts=0 deleted=0
checkpoint_phase lsn=21112 phase=value_index_write slot=0 started_ns=1790162962320408000 ended_ns=1790162962320537334 elapsed_us=129 block_gets=0 block_puts=0 deleted=0
checkpoint_phase lsn=21112 phase=value_index_write slot=0 started_ns=1790162962320592000 ended_ns=1790162962320716333 elapsed_us=124 block_gets=0 block_puts=0 deleted=0
checkpoint_phase lsn=21112 phase=value_index_write slot=0 started_ns=1790162962320770000 ended_ns=1790162962320894292 elapsed_us=124 block_gets=0 block_puts=0 deleted=0
checkpoint_phase lsn=21116 phase=value_index_schedule slot=0 started_ns=1790162962336123000 ended_ns=1790162962336129458 elapsed_us=6 block_gets=0 block_puts=0 deleted=0
checkpoint_phase lsn=21116 phase=value_index_schedule slot=0 started_ns=1790162962336204000 ended_ns=1790162962336450209 elapsed_us=246 block_gets=0 block_puts=0 deleted=0
checkpoint_phase lsn=21124 phase=value_index_schedule slot=0 started_ns=1790162962397193000 ended_ns=1790162962397199292 elapsed_us=6 block_gets=0 block_puts=0 deleted=0
checkpoint_phase lsn=21124 phase=value_index_schedule slot=0 started_ns=1790162962397731000 ended_ns=1790162962397967500 elapsed_us=236 block_gets=0 block_puts=0 deleted=0
checkpoint_phase lsn=21124 phase=value_index_write slot=0 started_ns=1790162962398179000 ended_ns=1790162962398180541 elapsed_us=1 block_gets=0 block_puts=0 deleted=0
checkpoint_phase lsn=21124 phase=value_index_write slot=0 started_ns=1790162962398703000 ended_ns=1790162962398830500 elapsed_us=127 block_gets=0 block_puts=0 deleted=0
checkpoint_phase lsn=21124 phase=value_index_write slot=0 started_ns=1790162962399025000 ended_ns=1790162962399145750 elapsed_us=120 block_gets=0 block_puts=0 deleted=0
checkpoint_phase lsn=21124 phase=value_index_write slot=0 started_ns=1790162962399934000 ended_ns=1790162962400065417 elapsed_us=131 block_gets=0 block_puts=0 deleted=0
checkpoint_phase lsn=21124 phase=value_index_write slot=0 started_ns=1790162962400134000 ended_ns=1790162962400258875 elapsed_us=124 block_gets=0 block_puts=0 deleted=0
checkpoint_phase lsn=21124 phase=value_index_write slot=0 started_ns=1790162962400708000 ended_ns=1790162962400801833 elapsed_us=93 block_gets=0 block_puts=0 deleted=0
checkpoint_phase lsn=21140 phase=value_index_schedule slot=0 started_ns=1790162962473881000 ended_ns=1790162962473887167 elapsed_us=6 block_gets=0 block_puts=0 deleted=0
checkpoint_phase lsn=21140 phase=value_index_schedule slot=0 started_ns=1790162962474560000 ended_ns=1790162962474805083 elapsed_us=245 block_gets=0 block_puts=0 deleted=0
checkpoint_phase lsn=21140 phase=value_index_write slot=0 started_ns=1790162962475499000 ended_ns=1790162962475500500 elapsed_us=1 block_gets=0 block_puts=0 deleted=0
checkpoint_phase lsn=21140 phase=value_index_write slot=0 started_ns=1790162962475554000 ended_ns=1790162962475688000 elapsed_us=134 block_gets=0 block_puts=0 deleted=0
checkpoint_phase lsn=21140 phase=value_index_write slot=0 started_ns=1790162962475738000 ended_ns=1790162962475862542 elapsed_us=124 block_gets=0 block_puts=0 deleted=0
checkpoint_phase lsn=21140 phase=value_index_write slot=0 started_ns=1790162962475905000 ended_ns=1790162962476021458 elapsed_us=116 block_gets=0 block_puts=0 deleted=0
checkpoint_phase lsn=21140 phase=value_index_write slot=0 started_ns=1790162962476063000 ended_ns=1790162962476178250 elapsed_us=115 block_gets=0 block_puts=0 deleted=0
checkpoint_phase lsn=21140 phase=value_index_write slot=0 started_ns=1790162962476225000 ended_ns=1790162962476306625 elapsed_us=81 block_gets=0 block_puts=0 deleted=0
checkpoint_phase lsn=21140 phase=value_index_write slot=0 started_ns=1790162962476353000 ended_ns=1790162962491310833 elapsed_us=14957 block_gets=0 block_puts=1 deleted=0
checkpoint_phase lsn=21140 phase=value_index_write slot=0 started_ns=1790162962492195000 ended_ns=1790162962492266666 elapsed_us=71 block_gets=0 block_puts=0 deleted=0
checkpoint_phase lsn=21140 phase=value_index_write slot=0 started_ns=1790162962492348000 ended_ns=1790162962492418542 elapsed_us=70 block_gets=0 block_puts=0 deleted=0
checkpoint_phase lsn=21140 phase=value_index_write slot=0 started_ns=1790162962492699000 ended_ns=1790162962492768458 elapsed_us=69 block_gets=0 block_puts=0 deleted=0
checkpoint_phase lsn=21140 phase=value_index_write slot=0 started_ns=1790162962493541000 ended_ns=1790162962497969000 elapsed_us=4428 block_gets=0 block_puts=1 deleted=0
checkpoint_phase lsn=21156 phase=value_index_schedule slot=0 started_ns=1790162962542494000 ended_ns=1790162962542499833 elapsed_us=5 block_gets=0 block_puts=0 deleted=0
checkpoint_phase lsn=21156 phase=value_index_schedule slot=0 started_ns=1790162962542574000 ended_ns=1790162962542812833 elapsed_us=238 block_gets=0 block_puts=0 deleted=0
checkpoint_phase lsn=21156 phase=value_index_write slot=0 started_ns=1790162962543629000 ended_ns=1790162962543630708 elapsed_us=1 block_gets=0 block_puts=0 deleted=0
checkpoint_phase lsn=21156 phase=value_index_write slot=0 started_ns=1790162962543688000 ended_ns=1790162962543817750 elapsed_us=129 block_gets=0 block_puts=0 deleted=0
checkpoint_phase lsn=21156 phase=value_index_write slot=0 started_ns=1790162962543874000 ended_ns=1790162962543997416 elapsed_us=123 block_gets=0 block_puts=0 deleted=0
checkpoint_phase lsn=21156 phase=value_index_write slot=0 started_ns=1790162962544669000 ended_ns=1790162962544795667 elapsed_us=126 block_gets=0 block_puts=0 deleted=0
checkpoint_phase lsn=21156 phase=value_index_write slot=0 started_ns=1790162962545074000 ended_ns=1790162962545198084 elapsed_us=124 block_gets=0 block_puts=0 deleted=0
checkpoint_phase lsn=21156 phase=value_index_write slot=0 started_ns=1790162962545897000 ended_ns=1790162962545986833 elapsed_us=89 block_gets=0 block_puts=0 deleted=0
checkpoint_phase lsn=21156 phase=value_index_write slot=0 started_ns=1790162962546040000 ended_ns=1790162962567148583 elapsed_us=21108 block_gets=0 block_puts=1 deleted=0
checkpoint_phase lsn=21160 phase=value_index_schedule slot=0 started_ns=1790162962593165000 ended_ns=1790162962593171125 elapsed_us=6 block_gets=0 block_puts=0 deleted=0
checkpoint_phase lsn=21160 phase=value_index_schedule slot=0 started_ns=1790162962593243000 ended_ns=1790162962593497083 elapsed_us=254 block_gets=0 block_puts=0 deleted=0
checkpoint_phase lsn=21172 phase=value_index_schedule slot=0 started_ns=1790162962625052000 ended_ns=1790162962625058250 elapsed_us=6 block_gets=0 block_puts=0 deleted=0
checkpoint_phase lsn=21172 phase=value_index_schedule slot=0 started_ns=1790162962625135000 ended_ns=1790162962625396667 elapsed_us=261 block_gets=0 block_puts=0 deleted=0
checkpoint_phase lsn=21172 phase=value_index_write slot=0 started_ns=1790162962626200000 ended_ns=1790162962626201667 elapsed_us=1 block_gets=0 block_puts=0 deleted=0
checkpoint_phase lsn=21172 phase=value_index_write slot=0 started_ns=1790162962626262000 ended_ns=1790162962626399042 elapsed_us=137 block_gets=0 block_puts=0 deleted=0
checkpoint_phase lsn=21172 phase=value_index_write slot=0 started_ns=1790162962626463000 ended_ns=1790162962626588042 elapsed_us=125 block_gets=0 block_puts=0 deleted=0
checkpoint_phase lsn=21172 phase=value_index_write slot=0 started_ns=1790162962627353000 ended_ns=1790162962627477542 elapsed_us=124 block_gets=0 block_puts=0 deleted=0
checkpoint_phase lsn=21172 phase=value_index_write slot=0 started_ns=1790162962627530000 ended_ns=1790162962627650459 elapsed_us=120 block_gets=0 block_puts=0 deleted=0
checkpoint_phase lsn=21172 phase=value_index_write slot=0 started_ns=1790162962627704000 ended_ns=1790162962627797458 elapsed_us=93 block_gets=0 block_puts=0 deleted=0
checkpoint_phase lsn=21172 phase=value_index_write slot=0 started_ns=1790162962628035000 ended_ns=1790162962638629417 elapsed_us=10594 block_gets=0 block_puts=1 deleted=0
checkpoint_phase lsn=21172 phase=value_index_write slot=0 started_ns=1790162962639470000 ended_ns=1790162962639542083 elapsed_us=72 block_gets=0 block_puts=0 deleted=0
checkpoint_phase lsn=21172 phase=value_index_write slot=0 started_ns=1790162962639598000 ended_ns=1790162962639670750 elapsed_us=72 block_gets=0 block_puts=0 deleted=0
checkpoint_phase lsn=21172 phase=value_index_write slot=0 started_ns=1790162962639741000 ended_ns=1790162962639810375 elapsed_us=69 block_gets=0 block_puts=0 deleted=0
checkpoint_phase lsn=21180 phase=value_index_schedule slot=0 started_ns=1790162962670585000 ended_ns=1790162962670591917 elapsed_us=6 block_gets=0 block_puts=0 deleted=0
checkpoint_phase lsn=21180 phase=value_index_schedule slot=0 started_ns=1790162962670916000 ended_ns=1790162962671194291 elapsed_us=278 block_gets=0 block_puts=0 deleted=0
checkpoint_phase lsn=21188 phase=value_index_schedule slot=0 started_ns=1790162962709057000 ended_ns=1790162962709064417 elapsed_us=7 block_gets=0 block_puts=0 deleted=0
checkpoint_phase lsn=21188 phase=value_index_schedule slot=0 started_ns=1790162962709129000 ended_ns=1790162962709397334 elapsed_us=268 block_gets=0 block_puts=0 deleted=0
checkpoint_phase lsn=21188 phase=value_index_write slot=0 started_ns=1790162962710212000 ended_ns=1790162962710213458 elapsed_us=1 block_gets=0 block_puts=0 deleted=0
checkpoint_phase lsn=21188 phase=value_index_write slot=0 started_ns=1790162962710309000 ended_ns=1790162962710438583 elapsed_us=129 block_gets=0 block_puts=0 deleted=0
checkpoint_phase lsn=21188 phase=value_index_write slot=0 started_ns=1790162962710507000 ended_ns=1790162962710628625 elapsed_us=121 block_gets=0 block_puts=0 deleted=0
checkpoint_phase lsn=21188 phase=value_index_write slot=0 started_ns=1790162962711347000 ended_ns=1790162962711478458 elapsed_us=131 block_gets=0 block_puts=0 deleted=0
checkpoint_phase lsn=21188 phase=value_index_write slot=0 started_ns=1790162962711538000 ended_ns=1790162962711664125 elapsed_us=126 block_gets=0 block_puts=0 deleted=0
checkpoint_phase lsn=21192 phase=value_index_schedule slot=0 started_ns=1790162962738299000 ended_ns=1790162962738304792 elapsed_us=5 block_gets=0 block_puts=0 deleted=0
checkpoint_phase lsn=21192 phase=value_index_schedule slot=0 started_ns=1790162962738368000 ended_ns=1790162962738618417 elapsed_us=250 block_gets=0 block_puts=0 deleted=0
checkpoint_phase lsn=21196 phase=value_index_schedule slot=0 started_ns=1790162962766652000 ended_ns=1790162962766658083 elapsed_us=6 block_gets=0 block_puts=0 deleted=0
checkpoint_phase lsn=21196 phase=value_index_schedule slot=0 started_ns=1790162962766720000 ended_ns=1790162962766997667 elapsed_us=277 block_gets=0 block_puts=0 deleted=0
checkpoint_phase lsn=21204 phase=value_index_schedule slot=0 started_ns=1790162962800848000 ended_ns=1790162962800854750 elapsed_us=6 block_gets=0 block_puts=0 deleted=0
checkpoint_phase lsn=21204 phase=value_index_schedule slot=0 started_ns=1790162962801562000 ended_ns=1790162962801832000 elapsed_us=270 block_gets=0 block_puts=0 deleted=0
checkpoint_phase lsn=21204 phase=value_index_write slot=0 started_ns=1790162962802126000 ended_ns=1790162962802127875 elapsed_us=1 block_gets=0 block_puts=0 deleted=0
checkpoint_phase lsn=21204 phase=value_index_write slot=0 started_ns=1790162962802696000 ended_ns=1790162962802826791 elapsed_us=130 block_gets=0 block_puts=0 deleted=0
checkpoint_phase lsn=21204 phase=value_index_write slot=0 started_ns=1790162962803191000 ended_ns=1790162962803312833 elapsed_us=121 block_gets=0 block_puts=0 deleted=0
checkpoint_phase lsn=21208 phase=value_index_schedule slot=0 started_ns=1790162962823858000 ended_ns=1790162962823863833 elapsed_us=5 block_gets=0 block_puts=0 deleted=0
checkpoint_phase lsn=21208 phase=value_index_schedule slot=0 started_ns=1790162962823931000 ended_ns=1790162962824200000 elapsed_us=269 block_gets=0 block_puts=0 deleted=0
checkpoint_phase lsn=21216 phase=value_index_schedule slot=0 started_ns=1790162962883643000 ended_ns=1790162962883649667 elapsed_us=6 block_gets=0 block_puts=0 deleted=0
checkpoint_phase lsn=21216 phase=value_index_schedule slot=0 started_ns=1790162962884167000 ended_ns=1790162962884415834 elapsed_us=248 block_gets=0 block_puts=0 deleted=0
checkpoint_phase lsn=21216 phase=value_index_write slot=0 started_ns=1790162962884488000 ended_ns=1790162962884489834 elapsed_us=1 block_gets=0 block_puts=0 deleted=0
checkpoint_phase lsn=21216 phase=value_index_write slot=0 started_ns=1790162962884572000 ended_ns=1790162962884701917 elapsed_us=129 block_gets=0 block_puts=0 deleted=0
checkpoint_phase lsn=21216 phase=value_index_write slot=0 started_ns=1790162962884756000 ended_ns=1790162962884876875 elapsed_us=120 block_gets=0 block_puts=0 deleted=0
checkpoint_phase lsn=21216 phase=value_index_write slot=0 started_ns=1790162962885143000 ended_ns=1790162962885266667 elapsed_us=123 block_gets=0 block_puts=0 deleted=0
checkpoint_phase lsn=21220 phase=value_index_schedule slot=0 started_ns=1790162962921060000 ended_ns=1790162962921066167 elapsed_us=6 block_gets=0 block_puts=0 deleted=0
checkpoint_phase lsn=21220 phase=value_index_schedule slot=0 started_ns=1790162962921143000 ended_ns=1790162962921411792 elapsed_us=268 block_gets=0 block_puts=0 deleted=0
checkpoint_phase lsn=21220 phase=value_index_write slot=0 started_ns=1790162962922204000 ended_ns=1790162962922205708 elapsed_us=1 block_gets=0 block_puts=0 deleted=0
checkpoint_phase lsn=21220 phase=value_index_write slot=0 started_ns=1790162962922261000 ended_ns=1790162962922391292 elapsed_us=130 block_gets=0 block_puts=0 deleted=0
checkpoint_phase lsn=21224 phase=value_index_schedule slot=0 started_ns=1790162962939488000 ended_ns=1790162962939493834 elapsed_us=5 block_gets=0 block_puts=0 deleted=0
checkpoint_phase lsn=21224 phase=value_index_schedule slot=0 started_ns=1790162962939570000 ended_ns=1790162962939843542 elapsed_us=273 block_gets=0 block_puts=0 deleted=0
checkpoint_phase lsn=21232 phase=value_index_schedule slot=0 started_ns=1790162962963192000 ended_ns=1790162962963197959 elapsed_us=5 block_gets=0 block_puts=0 deleted=0
checkpoint_phase lsn=21232 phase=value_index_schedule slot=0 started_ns=1790162962963261000 ended_ns=1790162962963560417 elapsed_us=299 block_gets=0 block_puts=0 deleted=0
checkpoint_phase lsn=21232 phase=value_index_write slot=0 started_ns=1790162962964323000 ended_ns=1790162962964324500 elapsed_us=1 block_gets=0 block_puts=0 deleted=0
checkpoint_phase lsn=21232 phase=value_index_write slot=0 started_ns=1790162962964374000 ended_ns=1790162962964503042 elapsed_us=129 block_gets=0 block_puts=0 deleted=0
checkpoint_phase lsn=21232 phase=value_index_write slot=0 started_ns=1790162962964552000 ended_ns=1790162962964675584 elapsed_us=123 block_gets=0 block_puts=0 deleted=0
checkpoint_phase lsn=21236 phase=value_index_schedule slot=0 started_ns=1790162963028375000 ended_ns=1790162963028381250 elapsed_us=6 block_gets=0 block_puts=0 deleted=0
checkpoint_phase lsn=21236 phase=value_index_schedule slot=0 started_ns=1790162963028451000 ended_ns=1790162963028709833 elapsed_us=258 block_gets=0 block_puts=0 deleted=0
checkpoint_phase lsn=21236 phase=value_index_write slot=0 started_ns=1790162963029501000 ended_ns=1790162963029502792 elapsed_us=1 block_gets=0 block_puts=0 deleted=0
checkpoint_phase lsn=21236 phase=value_index_write slot=0 started_ns=1790162963029557000 ended_ns=1790162963029690500 elapsed_us=133 block_gets=0 block_puts=0 deleted=0
checkpoint_phase lsn=21236 phase=value_index_write slot=0 started_ns=1790162963029754000 ended_ns=1790162963029896666 elapsed_us=142 block_gets=0 block_puts=0 deleted=0
checkpoint_phase lsn=21240 phase=value_index_schedule slot=0 started_ns=1790162963071865000 ended_ns=1790162963071871250 elapsed_us=6 block_gets=0 block_puts=0 deleted=0
checkpoint_phase lsn=21240 phase=value_index_schedule slot=0 started_ns=1790162963071946000 ended_ns=1790162963072232292 elapsed_us=286 block_gets=0 block_puts=0 deleted=0
checkpoint_phase lsn=21248 phase=value_index_schedule slot=0 started_ns=1790162963093897000 ended_ns=1790162963093903125 elapsed_us=6 block_gets=0 block_puts=0 deleted=0
checkpoint_phase lsn=21248 phase=value_index_schedule slot=0 started_ns=1790162963093980000 ended_ns=1790162963094257791 elapsed_us=277 block_gets=0 block_puts=0 deleted=0
checkpoint_phase lsn=21248 phase=value_index_write slot=0 started_ns=1790162963095052000 ended_ns=1790162963095053625 elapsed_us=1 block_gets=0 block_puts=0 deleted=0
checkpoint_phase lsn=21248 phase=value_index_write slot=0 started_ns=1790162963095142000 ended_ns=1790162963095271167 elapsed_us=129 block_gets=0 block_puts=0 deleted=0
checkpoint_phase lsn=21248 phase=value_index_write slot=0 started_ns=1790162963095332000 ended_ns=1790162963095454834 elapsed_us=122 block_gets=0 block_puts=0 deleted=0
checkpoint_phase lsn=21248 phase=value_index_write slot=0 started_ns=1790162963095513000 ended_ns=1790162963095636250 elapsed_us=123 block_gets=0 block_puts=0 deleted=0
checkpoint_phase lsn=21248 phase=value_index_write slot=0 started_ns=1790162963095686000 ended_ns=1790162963095807750 elapsed_us=121 block_gets=0 block_puts=0 deleted=0
checkpoint_phase lsn=21248 phase=value_index_write slot=0 started_ns=1790162963095860000 ended_ns=1790162963095973500 elapsed_us=113 block_gets=0 block_puts=0 deleted=0
checkpoint_phase lsn=21248 phase=value_index_write slot=0 started_ns=1790162963096028000 ended_ns=1790162963107175458 elapsed_us=11147 block_gets=0 block_puts=1 deleted=0
checkpoint_phase lsn=21252 phase=value_index_schedule slot=0 started_ns=1790162963139900000 ended_ns=1790162963139906583 elapsed_us=6 block_gets=0 block_puts=0 deleted=0
checkpoint_phase lsn=21252 phase=value_index_schedule slot=0 started_ns=1790162963139970000 ended_ns=1790162963140255000 elapsed_us=285 block_gets=0 block_puts=0 deleted=0
checkpoint_phase lsn=21252 phase=value_index_write slot=0 started_ns=1790162963140317000 ended_ns=1790162963140318958 elapsed_us=1 block_gets=0 block_puts=0 deleted=0
checkpoint_phase lsn=21252 phase=value_index_write slot=0 started_ns=1790162963140620000 ended_ns=1790162963140757167 elapsed_us=137 block_gets=0 block_puts=0 deleted=0
checkpoint_phase lsn=21252 phase=value_index_write slot=0 started_ns=1790162963141480000 ended_ns=1790162963141602583 elapsed_us=122 block_gets=0 block_puts=0 deleted=0
checkpoint_phase lsn=21252 phase=value_index_write slot=0 started_ns=1790162963141666000 ended_ns=1790162963141801500 elapsed_us=135 block_gets=0 block_puts=0 deleted=0
checkpoint_phase lsn=21256 phase=value_index_schedule slot=0 started_ns=1790162963172503000 ended_ns=1790162963172509208 elapsed_us=6 block_gets=0 block_puts=0 deleted=0
checkpoint_phase lsn=21256 phase=value_index_schedule slot=0 started_ns=1790162963172572000 ended_ns=1790162963172850542 elapsed_us=278 block_gets=0 block_puts=0 deleted=0
checkpoint_phase lsn=21264 phase=value_index_schedule slot=0 started_ns=1790162963207625000 ended_ns=1790162963207630334 elapsed_us=5 block_gets=0 block_puts=0 deleted=0
checkpoint_phase lsn=21264 phase=value_index_schedule slot=0 started_ns=1790162963207700000 ended_ns=1790162963207970792 elapsed_us=270 block_gets=0 block_puts=0 deleted=0
checkpoint_phase lsn=21268 phase=value_index_schedule slot=0 started_ns=1790162963241999000 ended_ns=1790162963242004167 elapsed_us=5 block_gets=0 block_puts=0 deleted=0
checkpoint_phase lsn=21268 phase=value_index_schedule slot=0 started_ns=1790162963242063000 ended_ns=1790162963242330459 elapsed_us=267 block_gets=0 block_puts=0 deleted=0
checkpoint_phase lsn=21268 phase=value_index_write slot=0 started_ns=1790162963243106000 ended_ns=1790162963243107500 elapsed_us=1 block_gets=0 block_puts=0 deleted=0
checkpoint_phase lsn=21268 phase=value_index_write slot=0 started_ns=1790162963243162000 ended_ns=1790162963243290792 elapsed_us=128 block_gets=0 block_puts=0 deleted=0
checkpoint_phase lsn=21268 phase=value_index_write slot=0 started_ns=1790162963243349000 ended_ns=1790162963243473250 elapsed_us=124 block_gets=0 block_puts=0 deleted=0
checkpoint_phase lsn=21268 phase=value_index_write slot=0 started_ns=1790162963244138000 ended_ns=1790162963244262459 elapsed_us=124 block_gets=0 block_puts=0 deleted=0
checkpoint_phase lsn=21268 phase=value_index_write slot=0 started_ns=1790162963244313000 ended_ns=1790162963244436583 elapsed_us=123 block_gets=0 block_puts=0 deleted=0
checkpoint_phase lsn=21272 phase=value_index_schedule slot=0 started_ns=1790162963264138000 ended_ns=1790162963264143041 elapsed_us=5 block_gets=0 block_puts=0 deleted=0
checkpoint_phase lsn=21280 phase=value_index_schedule slot=0 started_ns=1790162963293305000 ended_ns=1790162963293311291 elapsed_us=6 block_gets=0 block_puts=0 deleted=0
checkpoint_phase lsn=21284 phase=value_index_schedule slot=0 started_ns=1790162963331919000 ended_ns=1790162963331923459 elapsed_us=4 block_gets=0 block_puts=0 deleted=0
checkpoint_phase lsn=21284 phase=value_index_schedule slot=0 started_ns=1790162963332489000 ended_ns=1790162963332773292 elapsed_us=284 block_gets=0 block_puts=0 deleted=0
checkpoint_phase lsn=21284 phase=value_index_write slot=0 started_ns=1790162963333464000 ended_ns=1790162963333465459 elapsed_us=1 block_gets=0 block_puts=0 deleted=0
checkpoint_phase lsn=21284 phase=value_index_write slot=0 started_ns=1790162963333515000 ended_ns=1790162963333644292 elapsed_us=129 block_gets=0 block_puts=0 deleted=0
checkpoint_phase lsn=21284 phase=value_index_write slot=0 started_ns=1790162963333702000 ended_ns=1790162963333826917 elapsed_us=124 block_gets=0 block_puts=0 deleted=0
checkpoint_phase lsn=21288 phase=value_index_schedule slot=0 started_ns=1790162963378618000 ended_ns=1790162963378623583 elapsed_us=5 block_gets=0 block_puts=0 deleted=0
checkpoint_phase lsn=21288 phase=value_index_schedule slot=0 started_ns=1790162963378688000 ended_ns=1790162963378976125 elapsed_us=288 block_gets=0 block_puts=0 deleted=0
checkpoint_phase lsn=21292 phase=value_index_schedule slot=0 started_ns=1790162963407788000 ended_ns=1790162963407793541 elapsed_us=5 block_gets=0 block_puts=0 deleted=0
checkpoint_phase lsn=21292 phase=value_index_schedule slot=0 started_ns=1790162963407864000 ended_ns=1790162963408144209 elapsed_us=280 block_gets=0 block_puts=0 deleted=0
checkpoint_phase lsn=21300 phase=value_index_schedule slot=0 started_ns=1790162963429664000 ended_ns=1790162963429670250 elapsed_us=6 block_gets=0 block_puts=0 deleted=0
checkpoint_phase lsn=21300 phase=value_index_schedule slot=0 started_ns=1790162963429744000 ended_ns=1790162963430036500 elapsed_us=292 block_gets=0 block_puts=0 deleted=0
checkpoint_phase lsn=21300 phase=value_index_write slot=0 started_ns=1790162963430889000 ended_ns=1790162963430890542 elapsed_us=1 block_gets=0 block_puts=0 deleted=0
checkpoint_phase lsn=21300 phase=value_index_write slot=0 started_ns=1790162963430950000 ended_ns=1790162963431076917 elapsed_us=126 block_gets=0 block_puts=0 deleted=0
checkpoint_phase lsn=21300 phase=value_index_write slot=0 started_ns=1790162963431289000 ended_ns=1790162963431410000 elapsed_us=121 block_gets=0 block_puts=0 deleted=0
checkpoint_phase lsn=21304 phase=value_index_schedule slot=0 started_ns=1790162963460001000 ended_ns=1790162963460006833 elapsed_us=5 block_gets=0 block_puts=0 deleted=0
checkpoint_phase lsn=21304 phase=value_index_schedule slot=0 started_ns=1790162963460078000 ended_ns=1790162963460363625 elapsed_us=285 block_gets=0 block_puts=0 deleted=0
checkpoint_phase lsn=21304 phase=value_index_write slot=0 started_ns=1790162963461240000 ended_ns=1790162963461241375 elapsed_us=1 block_gets=0 block_puts=0 deleted=0
checkpoint_phase lsn=21304 phase=value_index_write slot=0 started_ns=1790162963461300000 ended_ns=1790162963461431334 elapsed_us=131 block_gets=0 block_puts=0 deleted=0
checkpoint_phase lsn=21304 phase=value_index_write slot=0 started_ns=1790162963461487000 ended_ns=1790162963461610708 elapsed_us=123 block_gets=0 block_puts=0 deleted=0
checkpoint_phase lsn=21308 phase=value_index_schedule slot=0 started_ns=1790162963515157000 ended_ns=1790162963515163291 elapsed_us=6 block_gets=0 block_puts=0 deleted=0
checkpoint_phase lsn=21308 phase=value_index_schedule slot=0 started_ns=1790162963515231000 ended_ns=1790162963515518208 elapsed_us=287 block_gets=0 block_puts=0 deleted=0
checkpoint_phase lsn=21316 phase=value_index_schedule slot=0 started_ns=1790162963550900000 ended_ns=1790162963550905750 elapsed_us=5 block_gets=0 block_puts=0 deleted=0
checkpoint_phase lsn=21316 phase=value_index_schedule slot=0 started_ns=1790162963550981000 ended_ns=1790162963551276750 elapsed_us=295 block_gets=0 block_puts=0 deleted=0
checkpoint_phase lsn=21316 phase=value_index_write slot=0 started_ns=1790162963552131000 ended_ns=1790162963552132417 elapsed_us=1 block_gets=0 block_puts=0 deleted=0
checkpoint_phase lsn=21316 phase=value_index_write slot=0 started_ns=1790162963552190000 ended_ns=1790162963552322583 elapsed_us=132 block_gets=0 block_puts=0 deleted=0
checkpoint_phase lsn=21316 phase=value_index_write slot=0 started_ns=1790162963552372000 ended_ns=1790162963552494083 elapsed_us=122 block_gets=0 block_puts=0 deleted=0
checkpoint_phase lsn=21320 phase=value_index_schedule slot=0 started_ns=1790162963567669000 ended_ns=1790162963567674625 elapsed_us=5 block_gets=0 block_puts=0 deleted=0
checkpoint_phase lsn=21320 phase=value_index_schedule slot=0 started_ns=1790162963567735000 ended_ns=1790162963568027667 elapsed_us=292 block_gets=0 block_puts=0 deleted=0
checkpoint_phase lsn=21320 phase=value_index_write slot=0 started_ns=1790162963568080000 ended_ns=1790162963568081417 elapsed_us=1 block_gets=0 block_puts=0 deleted=0
checkpoint_phase lsn=21320 phase=value_index_write slot=0 started_ns=1790162963568125000 ended_ns=1790162963568251125 elapsed_us=126 block_gets=0 block_puts=0 deleted=0
checkpoint_phase lsn=21320 phase=value_index_write slot=0 started_ns=1790162963568303000 ended_ns=1790162963568424916 elapsed_us=121 block_gets=0 block_puts=0 deleted=0
checkpoint_phase lsn=21320 phase=value_index_write slot=0 started_ns=1790162963568477000 ended_ns=1790162963568599292 elapsed_us=122 block_gets=0 block_puts=0 deleted=0
checkpoint_phase lsn=21320 phase=value_index_write slot=0 started_ns=1790162963568664000 ended_ns=1790162963568790208 elapsed_us=126 block_gets=0 block_puts=0 deleted=0
checkpoint_phase lsn=21320 phase=value_index_write slot=0 started_ns=1790162963568858000 ended_ns=1790162963568979208 elapsed_us=121 block_gets=0 block_puts=0 deleted=0
checkpoint_phase lsn=21320 phase=value_index_write slot=0 started_ns=1790162963569299000 ended_ns=1790162963583279167 elapsed_us=13980 block_gets=0 block_puts=1 deleted=0
checkpoint_phase lsn=21320 phase=value_index_write slot=0 started_ns=1790162963584094000 ended_ns=1790162963584164459 elapsed_us=70 block_gets=0 block_puts=0 deleted=0
checkpoint_phase lsn=21320 phase=value_index_write slot=0 started_ns=1790162963584219000 ended_ns=1790162963584290917 elapsed_us=71 block_gets=0 block_puts=0 deleted=0
checkpoint_phase lsn=21320 phase=value_index_write slot=0 started_ns=1790162963584356000 ended_ns=1790162963584428792 elapsed_us=72 block_gets=0 block_puts=0 deleted=0
checkpoint_phase lsn=21320 phase=value_index_write slot=0 started_ns=1790162963584490000 ended_ns=1790162963610748000 elapsed_us=26258 block_gets=0 block_puts=2 deleted=0
checkpoint_phase lsn=21324 phase=value_index_schedule slot=0 started_ns=1790162963650344000 ended_ns=1790162963650350041 elapsed_us=6 block_gets=0 block_puts=0 deleted=0
checkpoint_phase lsn=21324 phase=value_index_schedule slot=0 started_ns=1790162963650428000 ended_ns=1790162963650730875 elapsed_us=302 block_gets=0 block_puts=0 deleted=0
checkpoint_phase lsn=21324 phase=value_index_write slot=0 started_ns=1790162963650804000 ended_ns=1790162963650805500 elapsed_us=1 block_gets=0 block_puts=0 deleted=0
checkpoint_phase lsn=21324 phase=value_index_write slot=0 started_ns=1790162963650858000 ended_ns=1790162963650986959 elapsed_us=128 block_gets=0 block_puts=0 deleted=0
checkpoint_phase lsn=21324 phase=value_index_write slot=0 started_ns=1790162963651036000 ended_ns=1790162963651157166 elapsed_us=121 block_gets=0 block_puts=0 deleted=0
checkpoint_phase lsn=21324 phase=value_index_write slot=0 started_ns=1790162963651204000 ended_ns=1790162963651326541 elapsed_us=122 block_gets=0 block_puts=0 deleted=0
checkpoint_phase lsn=21324 phase=value_index_write slot=0 started_ns=1790162963651371000 ended_ns=1790162963651491209 elapsed_us=120 block_gets=0 block_puts=0 deleted=0
checkpoint_phase lsn=21324 phase=value_index_write slot=0 started_ns=1790162963651535000 ended_ns=1790162963651652541 elapsed_us=117 block_gets=0 block_puts=0 deleted=0
checkpoint_phase lsn=21324 phase=value_index_write slot=0 started_ns=1790162963651719000 ended_ns=1790162963682750375 elapsed_us=31031 block_gets=0 block_puts=1 deleted=0
checkpoint_phase lsn=21324 phase=value_index_write slot=0 started_ns=1790162963682871000 ended_ns=1790162963682940791 elapsed_us=69 block_gets=0 block_puts=0 deleted=0
checkpoint_phase lsn=21324 phase=value_index_write slot=0 started_ns=1790162963683049000 ended_ns=1790162963683118583 elapsed_us=69 block_gets=0 block_puts=0 deleted=0
checkpoint_phase lsn=21324 phase=value_index_write slot=0 started_ns=1790162963683166000 ended_ns=1790162963683234625 elapsed_us=68 block_gets=0 block_puts=0 deleted=0
checkpoint_phase lsn=21324 phase=value_index_write slot=0 started_ns=1790162963683440000 ended_ns=1790162963705092208 elapsed_us=21652 block_gets=0 block_puts=2 deleted=0
checkpoint_phase lsn=21324 phase=value_index_schedule slot=0 started_ns=1790162963705183000 ended_ns=1790162963705214916 elapsed_us=31 block_gets=0 block_puts=0 deleted=0
checkpoint_phase lsn=21324 phase=value_index_schedule slot=0 started_ns=1790162963705264000 ended_ns=1790162963705939917 elapsed_us=675 block_gets=0 block_puts=0 deleted=0
checkpoint_phase lsn=21324 phase=value_index_write slot=0 started_ns=1790162963706022000 ended_ns=1790162963724846625 elapsed_us=18824 block_gets=0 block_puts=3 deleted=0
checkpoint_phase lsn=21324 phase=value_index_write slot=0 started_ns=1790162963724929000 ended_ns=1790162963740589375 elapsed_us=15660 block_gets=0 block_puts=4 deleted=0
checkpoint_phase lsn=21324 phase=value_index_write slot=0 started_ns=1790162963740670000 ended_ns=1790162963775278958 elapsed_us=34608 block_gets=0 block_puts=4 deleted=0
checkpoint_phase lsn=21324 phase=value_index_write slot=0 started_ns=1790162963775405000 ended_ns=1790162963804599375 elapsed_us=29194 block_gets=0 block_puts=4 deleted=0
checkpoint_phase lsn=21324 phase=value_index_write slot=0 started_ns=1790162963804657000 ended_ns=1790162963831651417 elapsed_us=26994 block_gets=0 block_puts=4 deleted=0
checkpoint_phase lsn=21324 phase=value_index_write slot=0 started_ns=1790162963831669000 ended_ns=1790162963854337083 elapsed_us=22668 block_gets=0 block_puts=3 deleted=0
checkpoint_phase lsn=21324 phase=value_index_write slot=0 started_ns=1790162963854351000 ended_ns=1790162963855067292 elapsed_us=716 block_gets=0 block_puts=0 deleted=0
checkpoint_phase lsn=21324 phase=value_index_write slot=0 started_ns=1790162963855073000 ended_ns=1790162963855787084 elapsed_us=714 block_gets=0 block_puts=0 deleted=0
checkpoint_phase lsn=21324 phase=value_index_write slot=0 started_ns=1790162963855792000 ended_ns=1790162963869693417 elapsed_us=13901 block_gets=0 block_puts=1 deleted=0
checkpoint_phase lsn=21324 phase=value_index_write slot=0 started_ns=1790162963869705000 ended_ns=1790162963870390084 elapsed_us=685 block_gets=0 block_puts=0 deleted=0
checkpoint_phase lsn=21324 phase=value_index_write slot=0 started_ns=1790162963870394000 ended_ns=1790162963879107959 elapsed_us=8713 block_gets=0 block_puts=1 deleted=0
checkpoint_phase lsn=21324 phase=value_index_schedule slot=0 started_ns=1790162963879126000 ended_ns=1790162963879157875 elapsed_us=31 block_gets=0 block_puts=0 deleted=0
checkpoint_phase lsn=21324 phase=value_index_schedule slot=0 started_ns=1790162963879164000 ended_ns=1790162963879706042 elapsed_us=542 block_gets=0 block_puts=0 deleted=0
checkpoint_phase lsn=21324 phase=value_index_write slot=0 started_ns=1790162963879716000 ended_ns=1790162963890850375 elapsed_us=11134 block_gets=0 block_puts=3 deleted=0
checkpoint_phase lsn=21324 phase=value_index_write slot=0 started_ns=1790162963890873000 ended_ns=1790162963906705042 elapsed_us=15832 block_gets=0 block_puts=4 deleted=0
checkpoint_phase lsn=21324 phase=value_index_write slot=0 started_ns=1790162963906721000 ended_ns=1790162963924674833 elapsed_us=17953 block_gets=0 block_puts=4 deleted=0
checkpoint_phase lsn=21324 phase=value_index_write slot=0 started_ns=1790162963924692000 ended_ns=1790162963949564792 elapsed_us=24872 block_gets=0 block_puts=4 deleted=0
checkpoint_phase lsn=21324 phase=value_index_write slot=0 started_ns=1790162963949583000 ended_ns=1790162963985383834 elapsed_us=35800 block_gets=0 block_puts=4 deleted=0
checkpoint_phase lsn=21324 phase=value_index_write slot=0 started_ns=1790162963985411000 ended_ns=1790162964010987250 elapsed_us=25576 block_gets=0 block_puts=3 deleted=0
checkpoint_phase lsn=21324 phase=value_index_write slot=0 started_ns=1790162964011013000 ended_ns=1790162964011739291 elapsed_us=726 block_gets=0 block_puts=0 deleted=0
checkpoint_phase lsn=21324 phase=value_index_write slot=0 started_ns=1790162964011748000 ended_ns=1790162964012462500 elapsed_us=714 block_gets=0 block_puts=0 deleted=0
checkpoint_phase lsn=21324 phase=value_index_write slot=0 started_ns=1790162964012468000 ended_ns=1790162964022512834 elapsed_us=10044 block_gets=0 block_puts=1 deleted=0
checkpoint_phase lsn=21324 phase=value_index_write slot=0 started_ns=1790162964022528000 ended_ns=1790162964023250958 elapsed_us=722 block_gets=0 block_puts=0 deleted=0
checkpoint_phase lsn=21324 phase=value_index_write slot=0 started_ns=1790162964023257000 ended_ns=1790162964028360667 elapsed_us=5103 block_gets=0 block_puts=1 deleted=0
checkpoint_phase lsn=21324 phase=row_sst_delta slot=0 started_ns=1790162964028379000 ended_ns=1790162964045435459 elapsed_us=17056 block_gets=0 block_puts=4 deleted=0
checkpoint_phase lsn=21324 phase=manifest slot=-1 started_ns=1790162964045453000 ended_ns=1790162964048797667 elapsed_us=3344 block_gets=0 block_puts=0 deleted=0
checkpoint_phase lsn=21324 phase=local_cleanup slot=-1 started_ns=1790162964048838000 ended_ns=1790162964048899708 elapsed_us=61 block_gets=0 block_puts=0 deleted=0
checkpoint_phase lsn=21324 phase=commit_prune slot=-1 started_ns=1790162964048906000 ended_ns=1790162964080906500 elapsed_us=32000 block_gets=0 block_puts=0 deleted=16
checkpoint_phase lsn=21324 phase=commit_prune slot=-1 started_ns=1790162964080932000 ended_ns=1790162964127264083 elapsed_us=46332 block_gets=0 block_puts=0 deleted=16
checkpoint_phase lsn=21324 phase=commit_prune slot=-1 started_ns=1790162964127293000 ended_ns=1790162964162143959 elapsed_us=34850 block_gets=0 block_puts=0 deleted=16
checkpoint_phase lsn=21324 phase=commit_prune slot=-1 started_ns=1790162964162168000 ended_ns=1790162964196877417 elapsed_us=34709 block_gets=0 block_puts=0 deleted=16
checkpoint_phase lsn=21324 phase=commit_prune slot=-1 started_ns=1790162964196905000 ended_ns=1790162964227028042 elapsed_us=30123 block_gets=0 block_puts=0 deleted=16
checkpoint_phase lsn=21324 phase=commit_prune slot=-1 started_ns=1790162964227057000 ended_ns=1790162964242758792 elapsed_us=15701 block_gets=0 block_puts=0 deleted=16
checkpoint_phase lsn=21324 phase=commit_prune slot=-1 started_ns=1790162964242789000 ended_ns=1790162964255137375 elapsed_us=12348 block_gets=0 block_puts=0 deleted=16
checkpoint_phase lsn=21324 phase=commit_prune slot=-1 started_ns=1790162964255168000 ended_ns=1790162964282382208 elapsed_us=27214 block_gets=0 block_puts=0 deleted=16
checkpoint_phase lsn=21324 phase=commit_prune slot=-1 started_ns=1790162964282407000 ended_ns=1790162964331313709 elapsed_us=48906 block_gets=0 block_puts=0 deleted=16
checkpoint_phase lsn=21324 phase=commit_prune slot=-1 started_ns=1790162964331344000 ended_ns=1790162964371495625 elapsed_us=40151 block_gets=0 block_puts=0 deleted=16
checkpoint_phase lsn=21324 phase=commit_prune slot=-1 started_ns=1790162964371525000 ended_ns=1790162964390230125 elapsed_us=18705 block_gets=0 block_puts=0 deleted=16
checkpoint_phase lsn=21324 phase=commit_prune slot=-1 started_ns=1790162964390258000 ended_ns=1790162964405356875 elapsed_us=15098 block_gets=0 block_puts=0 deleted=16
checkpoint_phase lsn=21324 phase=commit_prune slot=-1 started_ns=1790162964405383000 ended_ns=1790162964422097167 elapsed_us=16714 block_gets=0 block_puts=0 deleted=16
checkpoint_phase lsn=21324 phase=commit_prune slot=-1 started_ns=1790162964422122000 ended_ns=1790162964452988750 elapsed_us=30866 block_gets=0 block_puts=0 deleted=16
checkpoint_phase lsn=21324 phase=commit_prune slot=-1 started_ns=1790162964453015000 ended_ns=1790162964495197958 elapsed_us=42182 block_gets=0 block_puts=0 deleted=16
checkpoint_phase lsn=21324 phase=commit_prune slot=-1 started_ns=1790162964495245000 ended_ns=1790162964521742291 elapsed_us=26497 block_gets=0 block_puts=0 deleted=16
checkpoint_phase lsn=21324 phase=commit_prune slot=-1 started_ns=1790162964521767000 ended_ns=1790162964535702667 elapsed_us=13935 block_gets=0 block_puts=0 deleted=16
checkpoint_phase lsn=21324 phase=commit_prune slot=-1 started_ns=1790162964535731000 ended_ns=1790162964548012584 elapsed_us=12281 block_gets=0 block_puts=0 deleted=16
checkpoint_phase lsn=21324 phase=commit_prune slot=-1 started_ns=1790162964548045000 ended_ns=1790162964572974416 elapsed_us=24929 block_gets=0 block_puts=0 deleted=16
checkpoint_phase lsn=21324 phase=commit_prune slot=-1 started_ns=1790162964573008000 ended_ns=1790162964621675333 elapsed_us=48667 block_gets=0 block_puts=0 deleted=16
checkpoint_phase lsn=21324 phase=commit_prune slot=-1 started_ns=1790162964621704000 ended_ns=1790162964660484125 elapsed_us=38780 block_gets=0 block_puts=0 deleted=16
checkpoint_phase lsn=21324 phase=commit_prune slot=-1 started_ns=1790162964660510000 ended_ns=1790162964665249000 elapsed_us=4739 block_gets=0 block_puts=0 deleted=4
checkpoint_phase lsn=21324 phase=legacy_gc slot=-1 started_ns=1790162964665275000 ended_ns=1790162964666263209 elapsed_us=988 block_gets=0 block_puts=0 deleted=0
checkpoint_phase lsn=21324 phase=gc_keep slot=-1 started_ns=1790162964666287000 ended_ns=1790162964667380042 elapsed_us=1093 block_gets=0 block_puts=0 deleted=0
checkpoint_phase lsn=21324 phase=gc_list slot=-1 started_ns=1790162964667390000 ended_ns=1790162964762204291 elapsed_us=94814 block_gets=0 block_puts=0 deleted=0
checkpoint_phase lsn=21324 phase=gc_delete slot=-1 started_ns=1790162964762226000 ended_ns=1790162964799560125 elapsed_us=37334 block_gets=0 block_puts=0 deleted=16
checkpoint_phase lsn=21324 phase=gc_delete slot=-1 started_ns=1790162964799582000 ended_ns=1790162964819090125 elapsed_us=19508 block_gets=0 block_puts=0 deleted=16
checkpoint_phase lsn=21324 phase=gc_delete slot=-1 started_ns=1790162964819115000 ended_ns=1790162964832618625 elapsed_us=13503 block_gets=0 block_puts=0 deleted=16
checkpoint_phase lsn=21324 phase=gc_delete slot=-1 started_ns=1790162964832636000 ended_ns=1790162964842930500 elapsed_us=10294 block_gets=0 block_puts=0 deleted=16
checkpoint_phase lsn=21324 phase=gc_delete slot=-1 started_ns=1790162964842955000 ended_ns=1790162964882356208 elapsed_us=39401 block_gets=0 block_puts=0 deleted=16
checkpoint_phase lsn=21324 phase=gc_delete slot=-1 started_ns=1790162964882377000 ended_ns=1790162964918954417 elapsed_us=36577 block_gets=0 block_puts=0 deleted=13
checkpoint_phase lsn=21324 phase=row_merge_schedule slot=0 started_ns=1790162964919137000 ended_ns=1790162964919470375 elapsed_us=333 block_gets=0 block_puts=0 deleted=0
checkpoint_phase lsn=21324 phase=row_merge_schedule slot=0 started_ns=1790162964919529000 ended_ns=1790162964919799083 elapsed_us=270 block_gets=0 block_puts=0 deleted=0
checkpoint_phase lsn=21324 phase=row_merge_schedule slot=0 started_ns=1790162964919849000 ended_ns=1790162964920110584 elapsed_us=261 block_gets=0 block_puts=0 deleted=0
checkpoint_phase lsn=21324 phase=row_merge_schedule slot=0 started_ns=1790162964920156000 ended_ns=1790162964920407333 elapsed_us=251 block_gets=0 block_puts=0 deleted=0
checkpoint_phase lsn=21324 phase=row_merge_schedule slot=0 started_ns=1790162964920453000 ended_ns=1790162964920709458 elapsed_us=256 block_gets=0 block_puts=0 deleted=0
checkpoint_phase lsn=21324 phase=row_merge_schedule slot=0 started_ns=1790162964920754000 ended_ns=1790162964921004791 elapsed_us=250 block_gets=0 block_puts=0 deleted=0
checkpoint_phase lsn=21324 phase=row_merge_schedule slot=0 started_ns=1790162964921052000 ended_ns=1790162964921302583 elapsed_us=250 block_gets=0 block_puts=0 deleted=0
checkpoint_phase lsn=21324 phase=row_merge_schedule slot=0 started_ns=1790162964921349000 ended_ns=1790162964921599583 elapsed_us=250 block_gets=0 block_puts=0 deleted=0
checkpoint_phase lsn=21324 phase=row_merge_schedule slot=0 started_ns=1790162964921644000 ended_ns=1790162964921926791 elapsed_us=282 block_gets=0 block_puts=0 deleted=0
checkpoint_phase lsn=21324 phase=row_merge_schedule slot=0 started_ns=1790162964921992000 ended_ns=1790162964922276750 elapsed_us=284 block_gets=0 block_puts=0 deleted=0
checkpoint_phase lsn=21324 phase=row_merge_schedule slot=0 started_ns=1790162964922323000 ended_ns=1790162964922575667 elapsed_us=252 block_gets=0 block_puts=0 deleted=0
checkpoint_phase lsn=21324 phase=row_merge_schedule slot=0 started_ns=1790162964922623000 ended_ns=1790162964922882791 elapsed_us=259 block_gets=0 block_puts=0 deleted=0
checkpoint_phase lsn=21324 phase=row_merge_schedule slot=0 started_ns=1790162964922931000 ended_ns=1790162964923195917 elapsed_us=264 block_gets=0 block_puts=0 deleted=0
checkpoint_phase lsn=21324 phase=row_merge_schedule slot=0 started_ns=1790162964923257000 ended_ns=1790162964923515000 elapsed_us=258 block_gets=0 block_puts=0 deleted=0
checkpoint_phase lsn=21324 phase=row_merge_schedule slot=0 started_ns=1790162964923564000 ended_ns=1790162964923809750 elapsed_us=245 block_gets=0 block_puts=0 deleted=0
checkpoint_phase lsn=21324 phase=row_merge_schedule slot=0 started_ns=1790162964923853000 ended_ns=1790162964924100625 elapsed_us=247 block_gets=0 block_puts=0 deleted=0
checkpoint_phase lsn=21324 phase=row_merge_schedule slot=0 started_ns=1790162964924144000 ended_ns=1790162964924202417 elapsed_us=58 block_gets=0 block_puts=0 deleted=0
checkpoint_phase lsn=21324 phase=row_merge_schedule slot=0 started_ns=1790162964924245000 ended_ns=1790162964924580542 elapsed_us=335 block_gets=0 block_puts=0 deleted=0
checkpoint_phase lsn=21324 phase=row_merge_schedule slot=0 started_ns=1790162964924625000 ended_ns=1790162964924877833 elapsed_us=252 block_gets=0 block_puts=0 deleted=0
checkpoint_phase lsn=21324 phase=row_merge_schedule slot=0 started_ns=1790162964924922000 ended_ns=1790162964925174541 elapsed_us=252 block_gets=0 block_puts=0 deleted=0
checkpoint_phase lsn=21324 phase=row_merge_schedule slot=0 started_ns=1790162964925218000 ended_ns=1790162964925471500 elapsed_us=253 block_gets=0 block_puts=0 deleted=0
checkpoint_phase lsn=21324 phase=row_merge_schedule slot=0 started_ns=1790162964925517000 ended_ns=1790162964925770375 elapsed_us=253 block_gets=0 block_puts=0 deleted=0
checkpoint_phase lsn=21324 phase=row_merge_schedule slot=0 started_ns=1790162964925812000 ended_ns=1790162964926067042 elapsed_us=255 block_gets=0 block_puts=0 deleted=0
checkpoint_phase lsn=21324 phase=row_merge_schedule slot=0 started_ns=1790162964926112000 ended_ns=1790162964926362917 elapsed_us=250 block_gets=0 block_puts=0 deleted=0
checkpoint_phase lsn=21324 phase=row_merge_schedule slot=0 started_ns=1790162964926405000 ended_ns=1790162964926656458 elapsed_us=251 block_gets=0 block_puts=0 deleted=0
checkpoint_phase lsn=21324 phase=row_merge_schedule slot=0 started_ns=1790162964926699000 ended_ns=1790162964926947500 elapsed_us=248 block_gets=0 block_puts=0 deleted=0
checkpoint_phase lsn=21324 phase=row_merge_schedule slot=0 started_ns=1790162964926990000 ended_ns=1790162964927238209 elapsed_us=248 block_gets=0 block_puts=0 deleted=0
checkpoint_phase lsn=21324 phase=row_merge_schedule slot=0 started_ns=1790162964927283000 ended_ns=1790162964927539583 elapsed_us=256 block_gets=0 block_puts=0 deleted=0
checkpoint_phase lsn=21324 phase=row_merge_schedule slot=0 started_ns=1790162964927587000 ended_ns=1790162964927844500 elapsed_us=257 block_gets=0 block_puts=0 deleted=0
checkpoint_phase lsn=21324 phase=row_merge_schedule slot=0 started_ns=1790162964927889000 ended_ns=1790162964928142625 elapsed_us=253 block_gets=0 block_puts=0 deleted=0
checkpoint_phase lsn=21324 phase=row_merge_schedule slot=0 started_ns=1790162964928189000 ended_ns=1790162964928440125 elapsed_us=251 block_gets=0 block_puts=0 deleted=0
checkpoint_phase lsn=21324 phase=row_merge_schedule slot=0 started_ns=1790162964928492000 ended_ns=1790162964928756208 elapsed_us=264 block_gets=0 block_puts=0 deleted=0
checkpoint_phase lsn=21324 phase=row_merge_schedule slot=0 started_ns=1790162964928810000 ended_ns=1790162964929062833 elapsed_us=252 block_gets=0 block_puts=0 deleted=0
checkpoint_phase lsn=21324 phase=row_merge_schedule slot=0 started_ns=1790162964929129000 ended_ns=1790162964929201667 elapsed_us=72 block_gets=0 block_puts=0 deleted=0
checkpoint_phase lsn=21324 phase=row_merge_write slot=0 started_ns=1790162964929247000 ended_ns=1790162964998014292 elapsed_us=68767 block_gets=0 block_puts=5 deleted=0
checkpoint_phase lsn=21324 phase=row_merge_write slot=0 started_ns=1790162964998098000 ended_ns=1790162965027639208 elapsed_us=29541 block_gets=0 block_puts=4 deleted=0
checkpoint_phase lsn=21324 phase=row_merge_write slot=0 started_ns=1790162965027773000 ended_ns=1790162965066912166 elapsed_us=39139 block_gets=0 block_puts=4 deleted=0
checkpoint_phase lsn=21324 phase=row_merge_write slot=0 started_ns=1790162965068476000 ended_ns=1790162965116782500 elapsed_us=48306 block_gets=0 block_puts=4 deleted=0
checkpoint_phase lsn=21324 phase=row_merge_write slot=0 started_ns=1790162965116893000 ended_ns=1790162965164271625 elapsed_us=47378 block_gets=0 block_puts=4 deleted=0
checkpoint_phase lsn=21324 phase=row_merge_write slot=0 started_ns=1790162965164397000 ended_ns=1790162965196480416 elapsed_us=32083 block_gets=0 block_puts=4 deleted=0
checkpoint_phase lsn=21324 phase=row_merge_write slot=0 started_ns=1790162965198045000 ended_ns=1790162965216518125 elapsed_us=18473 block_gets=0 block_puts=4 deleted=0
checkpoint_phase lsn=21324 phase=row_merge_write slot=0 started_ns=1790162965216631000 ended_ns=1790162965242832500 elapsed_us=26201 block_gets=0 block_puts=4 deleted=0
checkpoint_phase lsn=21324 phase=row_merge_write slot=0 started_ns=1790162965242963000 ended_ns=1790162965285959791 elapsed_us=42996 block_gets=0 block_puts=4 deleted=0
checkpoint_phase lsn=21324 phase=row_merge_write slot=0 started_ns=1790162965286042000 ended_ns=1790162965328001500 elapsed_us=41959 block_gets=0 block_puts=4 deleted=0
checkpoint_phase lsn=21324 phase=row_merge_write slot=0 started_ns=1790162965328130000 ended_ns=1790162965379000333 elapsed_us=50870 block_gets=0 block_puts=4 deleted=0
checkpoint_phase lsn=21324 phase=row_merge_write slot=0 started_ns=1790162965379090000 ended_ns=1790162965397735917 elapsed_us=18645 block_gets=0 block_puts=4 deleted=0
checkpoint_phase lsn=21324 phase=row_merge_write slot=0 started_ns=1790162965397862000 ended_ns=1790162965418078166 elapsed_us=20216 block_gets=0 block_puts=4 deleted=0
checkpoint_phase lsn=21324 phase=row_merge_write slot=0 started_ns=1790162965418169000 ended_ns=1790162965445622584 elapsed_us=27453 block_gets=0 block_puts=4 deleted=0
checkpoint_phase lsn=21324 phase=row_merge_write slot=0 started_ns=1790162965445745000 ended_ns=1790162965491769541 elapsed_us=46024 block_gets=0 block_puts=4 deleted=0
checkpoint_phase lsn=21324 phase=row_merge_write slot=0 started_ns=1790162965492014000 ended_ns=1790162965544258000 elapsed_us=52244 block_gets=0 block_puts=4 deleted=0
checkpoint_phase lsn=21340 phase=value_index_schedule slot=0 started_ns=1790162965582829000 ended_ns=1790162965582916750 elapsed_us=87 block_gets=0 block_puts=0 deleted=0
checkpoint_phase lsn=21340 phase=row_merge_write slot=0 started_ns=1790162965583039000 ended_ns=1790162965605433208 elapsed_us=22394 block_gets=0 block_puts=4 deleted=0
checkpoint_phase lsn=21340 phase=value_index_schedule slot=0 started_ns=1790162965605489000 ended_ns=1790162965605541500 elapsed_us=52 block_gets=0 block_puts=0 deleted=0
checkpoint_phase lsn=21340 phase=row_merge_write slot=0 started_ns=1790162965605548000 ended_ns=1790162965633926458 elapsed_us=28378 block_gets=0 block_puts=4 deleted=0
checkpoint_phase lsn=21340 phase=value_index_write slot=0 started_ns=1790162965633943000 ended_ns=1790162965633945583 elapsed_us=2 block_gets=0 block_puts=0 deleted=0
checkpoint_phase lsn=21340 phase=row_merge_write slot=0 started_ns=1790162965633952000 ended_ns=1790162965699940875 elapsed_us=65988 block_gets=0 block_puts=4 deleted=0
checkpoint_phase lsn=21340 phase=value_index_write slot=0 started_ns=1790162965699954000 ended_ns=1790162965701198250 elapsed_us=1244 block_gets=0 block_puts=0 deleted=0
checkpoint_phase lsn=21340 phase=row_merge_write slot=0 started_ns=1790162965701214000 ended_ns=1790162965739093750 elapsed_us=37879 block_gets=0 block_puts=4 deleted=0
checkpoint_phase lsn=21340 phase=value_index_write slot=0 started_ns=1790162965739108000 ended_ns=1790162965739181625 elapsed_us=73 block_gets=0 block_puts=0 deleted=0
checkpoint_phase lsn=21340 phase=row_merge_write slot=0 started_ns=1790162965739185000 ended_ns=1790162965775410625 elapsed_us=36225 block_gets=0 block_puts=4 deleted=0
checkpoint_phase lsn=21340 phase=value_index_write slot=0 started_ns=1790162965775425000 ended_ns=1790162965775497458 elapsed_us=72 block_gets=0 block_puts=0 deleted=0
checkpoint_phase lsn=21340 phase=row_merge_write slot=0 started_ns=1790162965775501000 ended_ns=1790162965793682959 elapsed_us=18181 block_gets=0 block_puts=4 deleted=0
checkpoint_phase lsn=21340 phase=value_index_write slot=0 started_ns=1790162965793698000 ended_ns=1790162965793771500 elapsed_us=73 block_gets=0 block_puts=0 deleted=0
checkpoint_phase lsn=21340 phase=row_merge_write slot=0 started_ns=1790162965793775000 ended_ns=1790162965824527834 elapsed_us=30752 block_gets=0 block_puts=4 deleted=0
checkpoint_phase lsn=21340 phase=value_index_write slot=0 started_ns=1790162965824541000 ended_ns=1790162965824613375 elapsed_us=72 block_gets=0 block_puts=0 deleted=0
checkpoint_phase lsn=21340 phase=row_merge_write slot=0 started_ns=1790162965824618000 ended_ns=1790162965870881167 elapsed_us=46263 block_gets=0 block_puts=4 deleted=0
checkpoint_phase lsn=21340 phase=value_index_write slot=0 started_ns=1790162965870898000 ended_ns=1790162965908133459 elapsed_us=37235 block_gets=0 block_puts=1 deleted=0
checkpoint_phase lsn=21340 phase=row_merge_write slot=0 started_ns=1790162965908147000 ended_ns=1790162965930341333 elapsed_us=22194 block_gets=0 block_puts=4 deleted=0
checkpoint_phase lsn=21340 phase=value_index_write slot=0 started_ns=1790162965930358000 ended_ns=1790162965930431166 elapsed_us=73 block_gets=0 block_puts=0 deleted=0
checkpoint_phase lsn=21340 phase=row_merge_write slot=0 started_ns=1790162965930438000 ended_ns=1790162965950809458 elapsed_us=20371 block_gets=0 block_puts=4 deleted=0
checkpoint_phase lsn=21340 phase=value_index_write slot=0 started_ns=1790162965950822000 ended_ns=1790162965950895834 elapsed_us=73 block_gets=0 block_puts=0 deleted=0
checkpoint_phase lsn=21340 phase=row_merge_write slot=0 started_ns=1790162965950899000 ended_ns=1790162965984125416 elapsed_us=33226 block_gets=0 block_puts=4 deleted=0
checkpoint_phase lsn=21340 phase=value_index_write slot=0 started_ns=1790162965984139000 ended_ns=1790162965984211583 elapsed_us=72 block_gets=0 block_puts=0 deleted=0
checkpoint_phase lsn=21340 phase=row_merge_write slot=0 started_ns=1790162965984215000 ended_ns=1790162966078080417 elapsed_us=93865 block_gets=0 block_puts=4 deleted=0
checkpoint_phase lsn=21340 phase=value_index_write slot=0 started_ns=1790162966078095000 ended_ns=1790162966097211417 elapsed_us=19116 block_gets=0 block_puts=1 deleted=0
checkpoint_phase lsn=21340 phase=row_merge_write slot=0 started_ns=1790162966097228000 ended_ns=1790162966123918833 elapsed_us=26690 block_gets=0 block_puts=4 deleted=0
checkpoint_phase lsn=21340 phase=value_index_schedule slot=0 started_ns=1790162966123936000 ended_ns=1790162966123967875 elapsed_us=31 block_gets=0 block_puts=0 deleted=0
checkpoint_phase lsn=21340 phase=row_merge_write slot=0 started_ns=1790162966123973000 ended_ns=1790162966174696584 elapsed_us=50723 block_gets=0 block_puts=4 deleted=0
checkpoint_phase lsn=21340 phase=value_index_schedule slot=0 started_ns=1790162966174712000 ended_ns=1790162966174766417 elapsed_us=54 block_gets=0 block_puts=0 deleted=0
checkpoint_phase lsn=21340 phase=row_merge_write slot=0 started_ns=1790162966174776000 ended_ns=1790162966210728584 elapsed_us=35952 block_gets=0 block_puts=4 deleted=0
checkpoint_phase lsn=21340 phase=value_index_write slot=0 started_ns=1790162966210743000 ended_ns=1790162966214141166 elapsed_us=3398 block_gets=0 block_puts=1 deleted=0
checkpoint_phase lsn=21340 phase=row_merge_write slot=0 started_ns=1790162966214178000 ended_ns=1790162966235193000 elapsed_us=21015 block_gets=0 block_puts=4 deleted=0
checkpoint_phase lsn=21340 phase=value_index_write slot=0 started_ns=1790162966235208000 ended_ns=1790162966235946625 elapsed_us=738 block_gets=0 block_puts=0 deleted=0
checkpoint_phase lsn=21340 phase=row_merge_write slot=0 started_ns=1790162966235955000 ended_ns=1790162966264860958 elapsed_us=28905 block_gets=0 block_puts=4 deleted=0
checkpoint_phase lsn=21340 phase=value_index_write slot=0 started_ns=1790162966264876000 ended_ns=1790162966265710916 elapsed_us=834 block_gets=0 block_puts=0 deleted=0
checkpoint_phase lsn=21340 phase=row_merge_write slot=0 started_ns=1790162966265718000 ended_ns=1790162966337411125 elapsed_us=71693 block_gets=0 block_puts=4 deleted=0
checkpoint_phase lsn=21340 phase=value_index_write slot=0 started_ns=1790162966337427000 ended_ns=1790162966338164208 elapsed_us=737 block_gets=0 block_puts=0 deleted=0
checkpoint_phase lsn=21340 phase=row_merge_write slot=0 started_ns=1790162966338171000 ended_ns=1790162966469663958 elapsed_us=131492 block_gets=0 block_puts=4 deleted=0
checkpoint_phase lsn=21340 phase=value_index_write slot=0 started_ns=1790162966469679000 ended_ns=1790162966470407750 elapsed_us=728 block_gets=0 block_puts=0 deleted=0
checkpoint_phase lsn=21340 phase=row_merge_write slot=0 started_ns=1790162966470416000 ended_ns=1790162966513358584 elapsed_us=42942 block_gets=0 block_puts=4 deleted=0
checkpoint_phase lsn=21340 phase=value_index_write slot=0 started_ns=1790162966513373000 ended_ns=1790162966514116334 elapsed_us=743 block_gets=0 block_puts=0 deleted=0
checkpoint_phase lsn=21340 phase=row_merge_write slot=0 started_ns=1790162966514123000 ended_ns=1790162966552581916 elapsed_us=38458 block_gets=0 block_puts=4 deleted=0
checkpoint_phase lsn=21340 phase=value_index_write slot=0 started_ns=1790162966552600000 ended_ns=1790162966553334708 elapsed_us=734 block_gets=0 block_puts=0 deleted=0
checkpoint_phase lsn=21340 phase=row_merge_write slot=0 started_ns=1790162966553343000 ended_ns=1790162966588881666 elapsed_us=35538 block_gets=0 block_puts=4 deleted=0
checkpoint_phase lsn=21340 phase=value_index_write slot=0 started_ns=1790162966588901000 ended_ns=1790162966589641250 elapsed_us=740 block_gets=0 block_puts=0 deleted=0
checkpoint_phase lsn=21340 phase=row_merge_write slot=0 started_ns=1790162966589650000 ended_ns=1790162966638263958 elapsed_us=48613 block_gets=0 block_puts=4 deleted=0
checkpoint_phase lsn=21340 phase=value_index_write slot=0 started_ns=1790162966638281000 ended_ns=1790162966643904166 elapsed_us=5623 block_gets=0 block_puts=1 deleted=0
checkpoint_phase lsn=21340 phase=row_merge_write slot=0 started_ns=1790162966643919000 ended_ns=1790162966686066292 elapsed_us=42147 block_gets=0 block_puts=4 deleted=0
checkpoint_phase lsn=21340 phase=value_index_write slot=0 started_ns=1790162966686082000 ended_ns=1790162966690076958 elapsed_us=3994 block_gets=0 block_puts=1 deleted=0
checkpoint_phase lsn=21340 phase=row_merge_write slot=0 started_ns=1790162966690094000 ended_ns=1790162966706520125 elapsed_us=16426 block_gets=0 block_puts=4 deleted=0
checkpoint_phase lsn=21340 phase=value_index_schedule slot=0 started_ns=1790162966706542000 ended_ns=1790162966706574833 elapsed_us=32 block_gets=0 block_puts=0 deleted=0
checkpoint_phase lsn=21340 phase=row_merge_write slot=0 started_ns=1790162966706580000 ended_ns=1790162966725558625 elapsed_us=18978 block_gets=0 block_puts=4 deleted=0
checkpoint_phase lsn=21340 phase=value_index_schedule slot=0 started_ns=1790162966725573000 ended_ns=1790162966725627959 elapsed_us=54 block_gets=0 block_puts=0 deleted=0
checkpoint_phase lsn=21340 phase=row_merge_write slot=0 started_ns=1790162966725640000 ended_ns=1790162966765395542 elapsed_us=39755 block_gets=0 block_puts=4 deleted=0
checkpoint_phase lsn=21340 phase=value_index_write slot=0 started_ns=1790162966765411000 ended_ns=1790162966773722583 elapsed_us=8311 block_gets=0 block_puts=1 deleted=0
checkpoint_phase lsn=21340 phase=row_merge_write slot=0 started_ns=1790162966773754000 ended_ns=1790162966837659292 elapsed_us=63905 block_gets=0 block_puts=4 deleted=0
checkpoint_phase lsn=21340 phase=value_index_write slot=0 started_ns=1790162966837676000 ended_ns=1790162966838532667 elapsed_us=856 block_gets=0 block_puts=0 deleted=0
checkpoint_phase lsn=21340 phase=row_merge_write slot=0 started_ns=1790162966838547000 ended_ns=1790162966859122042 elapsed_us=20575 block_gets=0 block_puts=4 deleted=0
checkpoint_phase lsn=21340 phase=value_index_write slot=0 started_ns=1790162966859139000 ended_ns=1790162966859875833 elapsed_us=736 block_gets=0 block_puts=0 deleted=0
checkpoint_phase lsn=21340 phase=row_merge_write slot=0 started_ns=1790162966859886000 ended_ns=1790162966879720791 elapsed_us=19834 block_gets=0 block_puts=4 deleted=0
checkpoint_phase lsn=21340 phase=value_index_write slot=0 started_ns=1790162966879740000 ended_ns=1790162966880473333 elapsed_us=733 block_gets=0 block_puts=0 deleted=0
checkpoint_phase lsn=21340 phase=row_merge_write slot=0 started_ns=1790162966880480000 ended_ns=1790162966927982917 elapsed_us=47502 block_gets=0 block_puts=4 deleted=0
checkpoint_phase lsn=21340 phase=value_index_write slot=0 started_ns=1790162966928001000 ended_ns=1790162966928736834 elapsed_us=735 block_gets=0 block_puts=0 deleted=0
checkpoint_phase lsn=21340 phase=row_merge_write slot=0 started_ns=1790162966928747000 ended_ns=1790162966979589084 elapsed_us=50842 block_gets=0 block_puts=4 deleted=0
checkpoint_phase lsn=21340 phase=value_index_write slot=0 started_ns=1790162966979610000 ended_ns=1790162966980349833 elapsed_us=739 block_gets=0 block_puts=0 deleted=0
checkpoint_phase lsn=21340 phase=row_merge_write slot=0 started_ns=1790162966980360000 ended_ns=1790162967006553125 elapsed_us=26193 block_gets=0 block_puts=4 deleted=0
checkpoint_phase lsn=21340 phase=value_index_write slot=0 started_ns=1790162967006572000 ended_ns=1790162967007319708 elapsed_us=747 block_gets=0 block_puts=0 deleted=0
checkpoint_phase lsn=21340 phase=row_merge_write slot=0 started_ns=1790162967007333000 ended_ns=1790162967089293334 elapsed_us=81960 block_gets=0 block_puts=4 deleted=0
checkpoint_phase lsn=21340 phase=value_index_write slot=0 started_ns=1790162967089310000 ended_ns=1790162967090040584 elapsed_us=730 block_gets=0 block_puts=0 deleted=0
checkpoint_phase lsn=21340 phase=row_merge_write slot=0 started_ns=1790162967090049000 ended_ns=1790162967175303834 elapsed_us=85254 block_gets=0 block_puts=4 deleted=0
checkpoint_phase lsn=21340 phase=value_index_write slot=0 started_ns=1790162967175353000 ended_ns=1790162967182742459 elapsed_us=7389 block_gets=0 block_puts=1 deleted=0
checkpoint_phase lsn=21340 phase=row_merge_write slot=0 started_ns=1790162967182762000 ended_ns=1790162967221267417 elapsed_us=38505 block_gets=0 block_puts=4 deleted=0
checkpoint_phase lsn=21340 phase=value_index_write slot=0 started_ns=1790162967221308000 ended_ns=1790162967237068875 elapsed_us=15760 block_gets=0 block_puts=1 deleted=0
checkpoint_phase lsn=21340 phase=row_merge_write slot=0 started_ns=1790162967237095000 ended_ns=1790162967281012666 elapsed_us=43917 block_gets=0 block_puts=4 deleted=0
checkpoint_phase lsn=21340 phase=row_sst_delta slot=0 started_ns=1790162967281037000 ended_ns=1790162967292198917 elapsed_us=11161 block_gets=0 block_puts=4 deleted=0
checkpoint_phase lsn=21340 phase=row_merge_write slot=0 started_ns=1790162967292219000 ended_ns=1790162967370976250 elapsed_us=78757 block_gets=0 block_puts=4 deleted=0
checkpoint_phase lsn=21340 phase=manifest slot=-1 started_ns=1790162967371000000 ended_ns=1790162967388177167 elapsed_us=17177 block_gets=0 block_puts=0 deleted=0
checkpoint_phase lsn=21340 phase=local_cleanup slot=-1 started_ns=1790162967388235000 ended_ns=1790162967388376083 elapsed_us=141 block_gets=0 block_puts=0 deleted=0
checkpoint_phase lsn=21340 phase=commit_prune slot=-1 started_ns=1790162967388388000 ended_ns=1790162967402527541 elapsed_us=14139 block_gets=0 block_puts=0 deleted=2
checkpoint_phase lsn=21340 phase=legacy_gc slot=-1 started_ns=1790162967402559000 ended_ns=1790162967404302792 elapsed_us=1743 block_gets=0 block_puts=0 deleted=0
checkpoint_phase lsn=21340 phase=gc_keep slot=-1 started_ns=1790162967404339000 ended_ns=1790162967405435708 elapsed_us=1096 block_gets=0 block_puts=0 deleted=0
checkpoint_phase lsn=21340 phase=gc_list slot=-1 started_ns=1790162967405452000 ended_ns=1790162967492140333 elapsed_us=86688 block_gets=0 block_puts=0 deleted=0
checkpoint_phase lsn=21340 phase=gc_delete slot=-1 started_ns=1790162967492160000 ended_ns=1790162967525055750 elapsed_us=32895 block_gets=0 block_puts=0 deleted=8
checkpoint_phase lsn=21340 phase=row_merge_write slot=0 started_ns=1790162967531507000 ended_ns=1790162967576180042 elapsed_us=44673 block_gets=0 block_puts=4 deleted=0
checkpoint_phase lsn=21340 phase=row_merge_write slot=0 started_ns=1790162967576238000 ended_ns=1790162967617946959 elapsed_us=41708 block_gets=0 block_puts=4 deleted=0
checkpoint_phase lsn=21340 phase=row_merge_write slot=0 started_ns=1790162967617968000 ended_ns=1790162967659402416 elapsed_us=41434 block_gets=0 block_puts=4 deleted=0
checkpoint_phase lsn=21340 phase=row_merge_write slot=0 started_ns=1790162967659416000 ended_ns=1790162967703551625 elapsed_us=44135 block_gets=0 block_puts=4 deleted=0
checkpoint_phase lsn=21340 phase=row_merge_write slot=0 started_ns=1790162967703571000 ended_ns=1790162967731162708 elapsed_us=27591 block_gets=0 block_puts=4 deleted=0
checkpoint_phase lsn=21340 phase=row_merge_write slot=0 started_ns=1790162967731182000 ended_ns=1790162967766863750 elapsed_us=35681 block_gets=0 block_puts=4 deleted=0
checkpoint_phase lsn=21340 phase=row_merge_write slot=0 started_ns=1790162967766885000 ended_ns=1790162967834024042 elapsed_us=67139 block_gets=0 block_puts=4 deleted=0
checkpoint_phase lsn=21340 phase=row_merge_write slot=0 started_ns=1790162967834039000 ended_ns=1790162967907011125 elapsed_us=72972 block_gets=0 block_puts=4 deleted=0
checkpoint_phase lsn=21340 phase=row_merge_write slot=0 started_ns=1790162967907027000 ended_ns=1790162967928303417 elapsed_us=21276 block_gets=0 block_puts=4 deleted=0
checkpoint_phase lsn=21340 phase=row_merge_write slot=0 started_ns=1790162967928322000 ended_ns=1790162967964387209 elapsed_us=36065 block_gets=0 block_puts=4 deleted=0
checkpoint_phase lsn=21340 phase=row_merge_write slot=0 started_ns=1790162967964405000 ended_ns=1790162968016163041 elapsed_us=51758 block_gets=0 block_puts=4 deleted=0
checkpoint_phase lsn=21340 phase=row_merge_write slot=0 started_ns=1790162968016179000 ended_ns=1790162968051872750 elapsed_us=35693 block_gets=0 block_puts=4 deleted=0
checkpoint_phase lsn=21340 phase=row_merge_write slot=0 started_ns=1790162968051889000 ended_ns=1790162968073981458 elapsed_us=22092 block_gets=0 block_puts=4 deleted=0
checkpoint_phase lsn=21340 phase=row_merge_write slot=0 started_ns=1790162968073999000 ended_ns=1790162968107236959 elapsed_us=33237 block_gets=0 block_puts=4 deleted=0
checkpoint_phase lsn=21340 phase=row_merge_write slot=0 started_ns=1790162968107253000 ended_ns=1790162968161562041 elapsed_us=54309 block_gets=0 block_puts=4 deleted=0
checkpoint_phase lsn=21340 phase=row_merge_write slot=0 started_ns=1790162968161580000 ended_ns=1790162968194784666 elapsed_us=33204 block_gets=0 block_puts=4 deleted=0
checkpoint_phase lsn=21340 phase=row_merge_write slot=0 started_ns=1790162968194807000 ended_ns=1790162968215808500 elapsed_us=21001 block_gets=0 block_puts=4 deleted=0
checkpoint_phase lsn=21340 phase=row_merge_write slot=0 started_ns=1790162968215823000 ended_ns=1790162968245046125 elapsed_us=29223 block_gets=0 block_puts=4 deleted=0
checkpoint_phase lsn=21340 phase=row_merge_write slot=0 started_ns=1790162968245062000 ended_ns=1790162968293016125 elapsed_us=47954 block_gets=0 block_puts=4 deleted=0
checkpoint_phase lsn=21340 phase=row_merge_write slot=0 started_ns=1790162968293032000 ended_ns=1790162968339588584 elapsed_us=46556 block_gets=0 block_puts=4 deleted=0
checkpoint_phase lsn=21340 phase=row_merge_write slot=0 started_ns=1790162968339606000 ended_ns=1790162968380763583 elapsed_us=41157 block_gets=0 block_puts=4 deleted=0
checkpoint_phase lsn=21340 phase=row_merge_write slot=0 started_ns=1790162968380793000 ended_ns=1790162968402579708 elapsed_us=21786 block_gets=0 block_puts=4 deleted=0
checkpoint_phase lsn=21340 phase=row_merge_write slot=0 started_ns=1790162968402596000 ended_ns=1790162968420639875 elapsed_us=18043 block_gets=0 block_puts=4 deleted=0
checkpoint_phase lsn=21340 phase=row_merge_write slot=0 started_ns=1790162968420659000 ended_ns=1790162968470918542 elapsed_us=50259 block_gets=0 block_puts=4 deleted=0
checkpoint_phase lsn=21340 phase=row_merge_write slot=0 started_ns=1790162968470936000 ended_ns=1790162968514116875 elapsed_us=43180 block_gets=0 block_puts=4 deleted=0
checkpoint_phase lsn=21340 phase=row_merge_write slot=0 started_ns=1790162968514134000 ended_ns=1790162968540337000 elapsed_us=26203 block_gets=0 block_puts=4 deleted=0
checkpoint_phase lsn=21340 phase=row_merge_write slot=0 started_ns=1790162968540353000 ended_ns=1790162968561127458 elapsed_us=20774 block_gets=0 block_puts=4 deleted=0
checkpoint_phase lsn=21340 phase=row_merge_write slot=0 started_ns=1790162968561145000 ended_ns=1790162968588384250 elapsed_us=27239 block_gets=0 block_puts=4 deleted=0
checkpoint_phase lsn=21340 phase=row_merge_write slot=0 started_ns=1790162968588400000 ended_ns=1790162968630640292 elapsed_us=42240 block_gets=0 block_puts=4 deleted=0
checkpoint_phase lsn=21340 phase=row_merge_write slot=0 started_ns=1790162968630656000 ended_ns=1790162968667796750 elapsed_us=37140 block_gets=0 block_puts=4 deleted=0
checkpoint_phase lsn=21340 phase=row_merge_write slot=0 started_ns=1790162968667813000 ended_ns=1790162968690245500 elapsed_us=22432 block_gets=0 block_puts=4 deleted=0
checkpoint_phase lsn=21340 phase=row_merge_write slot=0 started_ns=1790162968690261000 ended_ns=1790162968709208167 elapsed_us=18947 block_gets=0 block_puts=4 deleted=0
checkpoint_phase lsn=21340 phase=row_merge_write slot=0 started_ns=1790162968709224000 ended_ns=1790162968774630292 elapsed_us=65406 block_gets=0 block_puts=4 deleted=0
checkpoint_phase lsn=21340 phase=row_merge_write slot=0 started_ns=1790162968774646000 ended_ns=1790162968816473542 elapsed_us=41827 block_gets=0 block_puts=4 deleted=0
checkpoint_phase lsn=21340 phase=row_merge_write slot=0 started_ns=1790162968816490000 ended_ns=1790162968856578250 elapsed_us=40088 block_gets=0 block_puts=4 deleted=0
checkpoint_phase lsn=21340 phase=row_merge_write slot=0 started_ns=1790162968856597000 ended_ns=1790162968876515458 elapsed_us=19918 block_gets=0 block_puts=4 deleted=0
checkpoint_phase lsn=21340 phase=row_merge_write slot=0 started_ns=1790162968876533000 ended_ns=1790162968897524583 elapsed_us=20991 block_gets=0 block_puts=4 deleted=0
checkpoint_phase lsn=21340 phase=row_merge_write slot=0 started_ns=1790162968897542000 ended_ns=1790162968926543625 elapsed_us=29001 block_gets=0 block_puts=4 deleted=0
checkpoint_phase lsn=21340 phase=row_merge_write slot=0 started_ns=1790162968926559000 ended_ns=1790162968967883625 elapsed_us=41324 block_gets=0 block_puts=4 deleted=0
checkpoint_phase lsn=21340 phase=row_merge_write slot=0 started_ns=1790162968967899000 ended_ns=1790162969015121250 elapsed_us=47222 block_gets=0 block_puts=4 deleted=0
checkpoint_phase lsn=21340 phase=row_merge_write slot=0 started_ns=1790162969015138000 ended_ns=1790162969069160459 elapsed_us=54022 block_gets=0 block_puts=4 deleted=0
checkpoint_phase lsn=21340 phase=row_merge_write slot=0 started_ns=1790162969069176000 ended_ns=1790162969091540666 elapsed_us=22364 block_gets=0 block_puts=4 deleted=0
checkpoint_phase lsn=21340 phase=row_merge_write slot=0 started_ns=1790162969091557000 ended_ns=1790162969133308833 elapsed_us=41751 block_gets=0 block_puts=4 deleted=0
checkpoint_phase lsn=21340 phase=row_merge_write slot=0 started_ns=1790162969133325000 ended_ns=1790162969178199209 elapsed_us=44874 block_gets=0 block_puts=4 deleted=0
checkpoint_phase lsn=21340 phase=row_merge_write slot=0 started_ns=1790162969178214000 ended_ns=1790162969206132959 elapsed_us=27918 block_gets=0 block_puts=4 deleted=0
checkpoint_phase lsn=21340 phase=row_merge_write slot=0 started_ns=1790162969206176000 ended_ns=1790162969223043208 elapsed_us=16867 block_gets=0 block_puts=4 deleted=0
checkpoint_phase lsn=21340 phase=row_merge_write slot=0 started_ns=1790162969223062000 ended_ns=1790162969241489625 elapsed_us=18427 block_gets=0 block_puts=4 deleted=0
checkpoint_phase lsn=21340 phase=row_merge_write slot=0 started_ns=1790162969241508000 ended_ns=1790162969298563250 elapsed_us=57055 block_gets=0 block_puts=4 deleted=0
checkpoint_phase lsn=21340 phase=row_merge_write slot=0 started_ns=1790162969298582000 ended_ns=1790162969339190000 elapsed_us=40608 block_gets=0 block_puts=4 deleted=0
checkpoint_phase lsn=21340 phase=row_merge_write slot=0 started_ns=1790162969339207000 ended_ns=1790162969362666667 elapsed_us=23459 block_gets=0 block_puts=4 deleted=0
checkpoint_phase lsn=21340 phase=row_merge_write slot=0 started_ns=1790162969362686000 ended_ns=1790162969395694625 elapsed_us=33008 block_gets=0 block_puts=4 deleted=0
checkpoint_phase lsn=21340 phase=row_merge_write slot=0 started_ns=1790162969395712000 ended_ns=1790162969455324500 elapsed_us=59612 block_gets=0 block_puts=4 deleted=0
checkpoint_phase lsn=21340 phase=row_merge_write slot=0 started_ns=1790162969455351000 ended_ns=1790162969496570334 elapsed_us=41219 block_gets=0 block_puts=4 deleted=0
checkpoint_phase lsn=21340 phase=row_merge_write slot=0 started_ns=1790162969496588000 ended_ns=1790162969521250625 elapsed_us=24662 block_gets=0 block_puts=4 deleted=0
checkpoint_phase lsn=21340 phase=row_merge_write slot=0 started_ns=1790162969521269000 ended_ns=1790162969580971459 elapsed_us=59702 block_gets=0 block_puts=4 deleted=0
checkpoint_phase lsn=21340 phase=row_merge_write slot=0 started_ns=1790162969580989000 ended_ns=1790162969640300250 elapsed_us=59311 block_gets=0 block_puts=4 deleted=0
checkpoint_phase lsn=21340 phase=row_merge_write slot=0 started_ns=1790162969640315000 ended_ns=1790162969679302042 elapsed_us=38987 block_gets=0 block_puts=4 deleted=0
checkpoint_phase lsn=21340 phase=row_merge_write slot=0 started_ns=1790162969679319000 ended_ns=1790162969697961833 elapsed_us=18642 block_gets=0 block_puts=4 deleted=0
checkpoint_phase lsn=21340 phase=row_merge_write slot=0 started_ns=1790162969697981000 ended_ns=1790162969789063959 elapsed_us=91082 block_gets=0 block_puts=8 deleted=0
checkpoint_phase lsn=21340 phase=manifest slot=-1 started_ns=1790162969789083000 ended_ns=1790162969804525417 elapsed_us=15442 block_gets=0 block_puts=0 deleted=0
checkpoint_phase lsn=21340 phase=local_cleanup slot=-1 started_ns=1790162969804546000 ended_ns=1790162969804612125 elapsed_us=66 block_gets=0 block_puts=0 deleted=0
checkpoint_phase lsn=21340 phase=commit_prune slot=-1 started_ns=1790162969804623000 ended_ns=1790162969812630208 elapsed_us=8007 block_gets=0 block_puts=0 deleted=0
checkpoint_phase lsn=21340 phase=legacy_gc slot=-1 started_ns=1790162969812652000 ended_ns=1790162969813965250 elapsed_us=1313 block_gets=0 block_puts=0 deleted=0
checkpoint_phase lsn=21340 phase=gc_keep slot=-1 started_ns=1790162969813974000 ended_ns=1790162969815085584 elapsed_us=1111 block_gets=0 block_puts=0 deleted=0
checkpoint_phase lsn=21340 phase=gc_list slot=-1 started_ns=1790162969815094000 ended_ns=1790162969937186125 elapsed_us=122092 block_gets=0 block_puts=0 deleted=0
checkpoint_phase lsn=21340 phase=gc_delete slot=-1 started_ns=1790162969937209000 ended_ns=1790162969988359417 elapsed_us=51150 block_gets=0 block_puts=0 deleted=10
checkpoint_phase lsn=21340 phase=row_merge_schedule slot=0 started_ns=1790162969994758000 ended_ns=1790162970017082458 elapsed_us=22324 block_gets=8 block_puts=0 deleted=0
checkpoint_phase lsn=21340 phase=row_merge_schedule slot=0 started_ns=1790162970023181000 ended_ns=1790162970031804542 elapsed_us=8623 block_gets=7 block_puts=0 deleted=0
checkpoint_phase lsn=21340 phase=row_merge_schedule slot=0 started_ns=1790162970031825000 ended_ns=1790162970033808042 elapsed_us=1983 block_gets=2 block_puts=0 deleted=0
checkpoint_phase lsn=21340 phase=row_merge_schedule slot=0 started_ns=1790162970033820000 ended_ns=1790162970034365125 elapsed_us=545 block_gets=1 block_puts=0 deleted=0
checkpoint_phase lsn=21340 phase=row_merge_write slot=0 started_ns=1790162970034382000 ended_ns=1790162970061519042 elapsed_us=27137 block_gets=0 block_puts=5 deleted=0
checkpoint_phase lsn=21340 phase=row_merge_write slot=0 started_ns=1790162970061538000 ended_ns=1790162970115877459 elapsed_us=54339 block_gets=0 block_puts=4 deleted=0
checkpoint_phase lsn=21340 phase=row_merge_write slot=0 started_ns=1790162970115901000 ended_ns=1790162970184332583 elapsed_us=68431 block_gets=0 block_puts=4 deleted=0
checkpoint_phase lsn=21340 phase=row_merge_write slot=0 started_ns=1790162970184387000 ended_ns=1790162970241695208 elapsed_us=57308 block_gets=0 block_puts=4 deleted=0
checkpoint_phase lsn=21340 phase=row_merge_write slot=0 started_ns=1790162970241712000 ended_ns=1790162970278106917 elapsed_us=36394 block_gets=0 block_puts=4 deleted=0
checkpoint_phase lsn=21340 phase=row_merge_write slot=0 started_ns=1790162970278132000 ended_ns=1790162970322922542 elapsed_us=44790 block_gets=0 block_puts=4 deleted=0
checkpoint_phase lsn=21340 phase=row_merge_write slot=0 started_ns=1790162970323256000 ended_ns=1790162970366996250 elapsed_us=43740 block_gets=0 block_puts=4 deleted=0
checkpoint_phase lsn=21340 phase=row_merge_write slot=0 started_ns=1790162970367016000 ended_ns=1790162970487946250 elapsed_us=120930 block_gets=0 block_puts=8 deleted=0
checkpoint_phase lsn=21340 phase=manifest slot=-1 started_ns=1790162970487966000 ended_ns=1790162970500917958 elapsed_us=12951 block_gets=0 block_puts=0 deleted=0
checkpoint_phase lsn=21340 phase=local_cleanup slot=-1 started_ns=1790162970500937000 ended_ns=1790162970501002250 elapsed_us=65 block_gets=0 block_puts=0 deleted=0
checkpoint_phase lsn=21340 phase=commit_prune slot=-1 started_ns=1790162970501006000 ended_ns=1790162970502979667 elapsed_us=1973 block_gets=0 block_puts=0 deleted=0
checkpoint_phase lsn=21340 phase=legacy_gc slot=-1 started_ns=1790162970502998000 ended_ns=1790162970503658083 elapsed_us=660 block_gets=0 block_puts=0 deleted=0
checkpoint_phase lsn=21340 phase=gc_keep slot=-1 started_ns=1790162970503672000 ended_ns=1790162970504845667 elapsed_us=1173 block_gets=0 block_puts=0 deleted=0
checkpoint_phase lsn=21340 phase=gc_list slot=-1 started_ns=1790162970504853000 ended_ns=1790162970597163166 elapsed_us=92310 block_gets=0 block_puts=0 deleted=0
checkpoint_phase lsn=21340 phase=gc_delete slot=-1 started_ns=1790162970597177000 ended_ns=1790162970623800875 elapsed_us=26623 block_gets=0 block_puts=0 deleted=7
checkpoint_phase lsn=21340 phase=row_merge_schedule slot=0 started_ns=1790162970624038000 ended_ns=1790162970642047416 elapsed_us=18009 block_gets=8 block_puts=0 deleted=0
checkpoint_phase lsn=21340 phase=row_merge_schedule slot=0 started_ns=1790162970648358000 ended_ns=1790162970654952875 elapsed_us=6594 block_gets=7 block_puts=0 deleted=0
checkpoint_phase lsn=21356 phase=value_index_schedule slot=0 started_ns=1790162970722969000 ended_ns=1790162970722976000 elapsed_us=7 block_gets=0 block_puts=0 deleted=0
checkpoint_phase lsn=21356 phase=row_merge_schedule slot=0 started_ns=1790162970723042000 ended_ns=1790162970740177083 elapsed_us=17135 block_gets=7 block_puts=0 deleted=0
checkpoint_phase lsn=21356 phase=value_index_schedule slot=0 started_ns=1790162970746959000 ended_ns=1790162970747000292 elapsed_us=41 block_gets=0 block_puts=0 deleted=0
checkpoint_phase lsn=21356 phase=row_merge_schedule slot=0 started_ns=1790162970747085000 ended_ns=1790162970763154167 elapsed_us=16069 block_gets=7 block_puts=0 deleted=0
checkpoint_phase lsn=21356 phase=value_index_write slot=0 started_ns=1790162970768951000 ended_ns=1790162970768953500 elapsed_us=2 block_gets=0 block_puts=0 deleted=0
checkpoint_phase lsn=21356 phase=row_merge_schedule slot=0 started_ns=1790162970769010000 ended_ns=1790162970783233709 elapsed_us=14223 block_gets=7 block_puts=0 deleted=0
checkpoint_phase lsn=21356 phase=value_index_write slot=0 started_ns=1790162970789190000 ended_ns=1790162970790458791 elapsed_us=1268 block_gets=0 block_puts=0 deleted=0
checkpoint_phase lsn=21356 phase=row_merge_schedule slot=0 started_ns=1790162970796566000 ended_ns=1790162970802083458 elapsed_us=5517 block_gets=7 block_puts=0 deleted=0
checkpoint_phase lsn=21372 phase=row_merge_schedule slot=0 started_ns=1790162970835660000 ended_ns=1790162970845235000 elapsed_us=9575 block_gets=7 block_puts=0 deleted=0
checkpoint_phase lsn=21372 phase=value_index_schedule slot=0 started_ns=1790162970851285000 ended_ns=1790162970851289959 elapsed_us=4 block_gets=0 block_puts=0 deleted=0
checkpoint_phase lsn=21372 phase=row_merge_schedule slot=0 started_ns=1790162970851363000 ended_ns=1790162970863407208 elapsed_us=12044 block_gets=7 block_puts=0 deleted=0
checkpoint_phase lsn=21372 phase=value_index_schedule slot=0 started_ns=1790162970869413000 ended_ns=1790162970869456417 elapsed_us=43 block_gets=0 block_puts=0 deleted=0
checkpoint_phase lsn=21372 phase=row_merge_schedule slot=0 started_ns=1790162970869521000 ended_ns=1790162970887430291 elapsed_us=17909 block_gets=7 block_puts=0 deleted=0
checkpoint_phase lsn=21372 phase=value_index_write slot=0 started_ns=1790162970893298000 ended_ns=1790162970893300250 elapsed_us=2 block_gets=0 block_puts=0 deleted=0
checkpoint_phase lsn=21372 phase=row_merge_schedule slot=0 started_ns=1790162970893363000 ended_ns=1790162970909131542 elapsed_us=15768 block_gets=7 block_puts=0 deleted=0
checkpoint_phase lsn=21372 phase=value_index_write slot=0 started_ns=1790162970915724000 ended_ns=1790162970915827125 elapsed_us=103 block_gets=0 block_puts=0 deleted=0
checkpoint_phase lsn=21372 phase=row_merge_schedule slot=0 started_ns=1790162970915909000 ended_ns=1790162970935569417 elapsed_us=19660 block_gets=7 block_puts=0 deleted=0
checkpoint_phase lsn=21388 phase=row_merge_schedule slot=0 started_ns=1790162970979073000 ended_ns=1790162970988757625 elapsed_us=9684 block_gets=7 block_puts=0 deleted=0
checkpoint_phase lsn=21388 phase=value_index_schedule slot=0 started_ns=1790162970994853000 ended_ns=1790162970994858500 elapsed_us=5 block_gets=0 block_puts=0 deleted=0
checkpoint_phase lsn=21388 phase=row_merge_schedule slot=0 started_ns=1790162970994938000 ended_ns=1790162971005827292 elapsed_us=10889 block_gets=7 block_puts=0 deleted=0
checkpoint_phase lsn=21388 phase=value_index_schedule slot=0 started_ns=1790162971012039000 ended_ns=1790162971012088166 elapsed_us=49 block_gets=0 block_puts=0 deleted=0
checkpoint_phase lsn=21388 phase=row_merge_schedule slot=0 started_ns=1790162971012161000 ended_ns=1790162971016780583 elapsed_us=4619 block_gets=7 block_puts=0 deleted=0
checkpoint_phase lsn=21388 phase=value_index_write slot=0 started_ns=1790162971023039000 ended_ns=1790162971023041917 elapsed_us=2 block_gets=0 block_puts=0 deleted=0
checkpoint_phase lsn=21388 phase=row_merge_schedule slot=0 started_ns=1790162971023115000 ended_ns=1790162971062451208 elapsed_us=39336 block_gets=7 block_puts=0 deleted=0
checkpoint_phase lsn=21388 phase=value_index_write slot=0 started_ns=1790162971068360000 ended_ns=1790162971068448833 elapsed_us=88 block_gets=0 block_puts=0 deleted=0
checkpoint_phase lsn=21388 phase=row_merge_schedule slot=0 started_ns=1790162971068519000 ended_ns=1790162971090931750 elapsed_us=22412 block_gets=7 block_puts=0 deleted=0
checkpoint_phase lsn=21404 phase=row_merge_schedule slot=0 started_ns=1790162971128272000 ended_ns=1790162971133749959 elapsed_us=5477 block_gets=7 block_puts=0 deleted=0
checkpoint_phase lsn=21404 phase=value_index_schedule slot=0 started_ns=1790162971140532000 ended_ns=1790162971140537625 elapsed_us=5 block_gets=0 block_puts=0 deleted=0
checkpoint_phase lsn=21404 phase=row_merge_schedule slot=0 started_ns=1790162971140685000 ended_ns=1790162971148092708 elapsed_us=7407 block_gets=7 block_puts=0 deleted=0
checkpoint_phase lsn=21404 phase=value_index_schedule slot=0 started_ns=1790162971154227000 ended_ns=1790162971154278833 elapsed_us=51 block_gets=0 block_puts=0 deleted=0
checkpoint_phase lsn=21404 phase=row_merge_schedule slot=0 started_ns=1790162971154362000 ended_ns=1790162971159634709 elapsed_us=5272 block_gets=7 block_puts=0 deleted=0
checkpoint_phase lsn=21404 phase=value_index_write slot=0 started_ns=1790162971165581000 ended_ns=1790162971165583208 elapsed_us=2 block_gets=0 block_puts=0 deleted=0
checkpoint_phase lsn=21404 phase=row_merge_schedule slot=0 started_ns=1790162971165646000 ended_ns=1790162971172473833 elapsed_us=6827 block_gets=7 block_puts=0 deleted=0
checkpoint_phase lsn=21404 phase=value_index_write slot=0 started_ns=1790162971178450000 ended_ns=1790162971178544083 elapsed_us=94 block_gets=0 block_puts=0 deleted=0
checkpoint_phase lsn=21404 phase=row_merge_schedule slot=0 started_ns=1790162971178618000 ended_ns=1790162971191745125 elapsed_us=13127 block_gets=7 block_puts=0 deleted=0
checkpoint_phase lsn=21420 phase=row_merge_schedule slot=0 started_ns=1790162971240948000 ended_ns=1790162971253932542 elapsed_us=12984 block_gets=7 block_puts=0 deleted=0
checkpoint_phase lsn=21420 phase=value_index_schedule slot=0 started_ns=1790162971259998000 ended_ns=1790162971260003958 elapsed_us=5 block_gets=0 block_puts=0 deleted=0
checkpoint_phase lsn=21420 phase=row_merge_schedule slot=0 started_ns=1790162971260078000 ended_ns=1790162971272956750 elapsed_us=12878 block_gets=7 block_puts=0 deleted=0
checkpoint_phase lsn=21420 phase=value_index_schedule slot=0 started_ns=1790162971279006000 ended_ns=1790162971279060583 elapsed_us=54 block_gets=0 block_puts=0 deleted=0
checkpoint_phase lsn=21420 phase=row_merge_schedule slot=0 started_ns=1790162971279145000 ended_ns=1790162971284223792 elapsed_us=5078 block_gets=7 block_puts=0 deleted=0
checkpoint_phase lsn=21420 phase=value_index_write slot=0 started_ns=1790162971290217000 ended_ns=1790162971290219500 elapsed_us=2 block_gets=0 block_puts=0 deleted=0
checkpoint_phase lsn=21420 phase=row_merge_schedule slot=0 started_ns=1790162971290302000 ended_ns=1790162971298184333 elapsed_us=7882 block_gets=7 block_puts=0 deleted=0
checkpoint_phase lsn=21420 phase=value_index_write slot=0 started_ns=1790162971304859000 ended_ns=1790162971304961833 elapsed_us=102 block_gets=0 block_puts=0 deleted=0
checkpoint_phase lsn=21420 phase=row_merge_schedule slot=0 started_ns=1790162971305029000 ended_ns=1790162971310903333 elapsed_us=5874 block_gets=7 block_puts=0 deleted=0
checkpoint_phase lsn=21436 phase=row_merge_schedule slot=0 started_ns=1790162971356792000 ended_ns=1790162971378791417 elapsed_us=21999 block_gets=7 block_puts=0 deleted=0
checkpoint_phase lsn=21436 phase=value_index_schedule slot=0 started_ns=1790162971384761000 ended_ns=1790162971384766333 elapsed_us=5 block_gets=0 block_puts=0 deleted=0
checkpoint_phase lsn=21436 phase=row_merge_schedule slot=0 started_ns=1790162971384842000 ended_ns=1790162971399757125 elapsed_us=14915 block_gets=7 block_puts=0 deleted=0
checkpoint_phase lsn=21436 phase=value_index_schedule slot=0 started_ns=1790162971405845000 ended_ns=1790162971405905916 elapsed_us=60 block_gets=0 block_puts=0 deleted=0
checkpoint_phase lsn=21436 phase=row_merge_schedule slot=0 started_ns=1790162971405991000 ended_ns=1790162971421284417 elapsed_us=15293 block_gets=7 block_puts=0 deleted=0
checkpoint_phase lsn=21436 phase=value_index_write slot=0 started_ns=1790162971427400000 ended_ns=1790162971427403167 elapsed_us=3 block_gets=0 block_puts=0 deleted=0
checkpoint_phase lsn=21436 phase=row_merge_schedule slot=0 started_ns=1790162971427476000 ended_ns=1790162971432550542 elapsed_us=5074 block_gets=7 block_puts=0 deleted=0
checkpoint_phase lsn=21436 phase=value_index_write slot=0 started_ns=1790162971438483000 ended_ns=1790162971438587042 elapsed_us=104 block_gets=0 block_puts=0 deleted=0
checkpoint_phase lsn=21436 phase=row_merge_schedule slot=0 started_ns=1790162971438654000 ended_ns=1790162971442007958 elapsed_us=3353 block_gets=3 block_puts=0 deleted=0
checkpoint_phase lsn=21452 phase=row_merge_schedule slot=0 started_ns=1790162971479811000 ended_ns=1790162971496933417 elapsed_us=17122 block_gets=8 block_puts=0 deleted=0
checkpoint_phase lsn=21452 phase=value_index_schedule slot=0 started_ns=1790162971503609000 ended_ns=1790162971503614500 elapsed_us=5 block_gets=0 block_puts=0 deleted=0
checkpoint_phase lsn=21452 phase=row_merge_schedule slot=0 started_ns=1790162971503704000 ended_ns=1790162971530486958 elapsed_us=26782 block_gets=7 block_puts=0 deleted=0
checkpoint_phase lsn=21452 phase=value_index_schedule slot=0 started_ns=1790162971536325000 ended_ns=1790162971536386958 elapsed_us=61 block_gets=0 block_puts=0 deleted=0
checkpoint_phase lsn=21452 phase=row_merge_schedule slot=0 started_ns=1790162971536455000 ended_ns=1790162971545370250 elapsed_us=8915 block_gets=2 block_puts=0 deleted=0
checkpoint_phase lsn=21452 phase=value_index_write slot=0 started_ns=1790162971551362000 ended_ns=1790162971551364208 elapsed_us=2 block_gets=0 block_puts=0 deleted=0
checkpoint_phase lsn=21452 phase=row_merge_write slot=0 started_ns=1790162971551430000 ended_ns=1790162971554215459 elapsed_us=2785 block_gets=0 block_puts=0 deleted=0
checkpoint_phase lsn=21452 phase=value_index_write slot=0 started_ns=1790162971560192000 ended_ns=1790162971560300000 elapsed_us=108 block_gets=0 block_puts=0 deleted=0
checkpoint_phase lsn=21452 phase=row_merge_write slot=0 started_ns=1790162971560373000 ended_ns=1790162971563177667 elapsed_us=2804 block_gets=0 block_puts=0 deleted=0
checkpoint_phase lsn=21468 phase=row_merge_write slot=0 started_ns=1790162971594002000 ended_ns=1790162971596855791 elapsed_us=2853 block_gets=0 block_puts=0 deleted=0
checkpoint_phase lsn=21468 phase=value_index_schedule slot=0 started_ns=1790162971602928000 ended_ns=1790162971602933875 elapsed_us=5 block_gets=0 block_puts=0 deleted=0
checkpoint_phase lsn=21468 phase=row_merge_write slot=0 started_ns=1790162971603011000 ended_ns=1790162971605851750 elapsed_us=2840 block_gets=0 block_puts=0 deleted=0
checkpoint_phase lsn=21468 phase=value_index_schedule slot=0 started_ns=1790162971611771000 ended_ns=1790162971611838042 elapsed_us=67 block_gets=0 block_puts=0 deleted=0
checkpoint_phase lsn=21468 phase=row_merge_write slot=0 started_ns=1790162971611918000 ended_ns=1790162971614694208 elapsed_us=2776 block_gets=0 block_puts=0 deleted=0
checkpoint_phase lsn=21468 phase=value_index_write slot=0 started_ns=1790162971620384000 ended_ns=1790162971620385750 elapsed_us=1 block_gets=0 block_puts=0 deleted=0
checkpoint_phase lsn=21468 phase=row_merge_write slot=0 started_ns=1790162971620444000 ended_ns=1790162971623206084 elapsed_us=2762 block_gets=0 block_puts=0 deleted=0
checkpoint_phase lsn=21468 phase=value_index_write slot=0 started_ns=1790162971629385000 ended_ns=1790162971629496625 elapsed_us=111 block_gets=0 block_puts=0 deleted=0
checkpoint_phase lsn=21468 phase=row_merge_write slot=0 started_ns=1790162971629558000 ended_ns=1790162971632324042 elapsed_us=2766 block_gets=0 block_puts=0 deleted=0
checkpoint_phase lsn=21484 phase=row_merge_write slot=0 started_ns=1790162971675871000 ended_ns=1790162971678704209 elapsed_us=2833 block_gets=0 block_puts=0 deleted=0
checkpoint_phase lsn=21484 phase=value_index_schedule slot=0 started_ns=1790162971684614000 ended_ns=1790162971684619000 elapsed_us=5 block_gets=0 block_puts=0 deleted=0
checkpoint_phase lsn=21484 phase=row_merge_write slot=0 started_ns=1790162971684685000 ended_ns=1790162971687307083 elapsed_us=2622 block_gets=0 block_puts=0 deleted=0
checkpoint_phase lsn=21484 phase=value_index_schedule slot=0 started_ns=1790162971693203000 ended_ns=1790162971693275792 elapsed_us=72 block_gets=0 block_puts=0 deleted=0
checkpoint_phase lsn=21484 phase=row_merge_write slot=0 started_ns=1790162971693391000 ended_ns=1790162971696295250 elapsed_us=2904 block_gets=0 block_puts=0 deleted=0
checkpoint_phase lsn=21484 phase=value_index_write slot=0 started_ns=1790162971702366000 ended_ns=1790162971702368208 elapsed_us=2 block_gets=0 block_puts=0 deleted=0
checkpoint_phase lsn=21484 phase=row_merge_write slot=0 started_ns=1790162971702448000 ended_ns=1790162971705283625 elapsed_us=2835 block_gets=0 block_puts=0 deleted=0
checkpoint_phase lsn=21484 phase=value_index_write slot=0 started_ns=1790162971711637000 ended_ns=1790162971711764083 elapsed_us=127 block_gets=0 block_puts=0 deleted=0
checkpoint_phase lsn=21484 phase=row_merge_write slot=0 started_ns=1790162971711860000 ended_ns=1790162971714728500 elapsed_us=2868 block_gets=0 block_puts=0 deleted=0
checkpoint_phase lsn=21500 phase=row_merge_write slot=0 started_ns=1790162971744171000 ended_ns=1790162971747312417 elapsed_us=3141 block_gets=0 block_puts=0 deleted=0
checkpoint_phase lsn=21500 phase=value_index_schedule slot=0 started_ns=1790162971754162000 ended_ns=1790162971754167667 elapsed_us=5 block_gets=0 block_puts=0 deleted=0
checkpoint_phase lsn=21500 phase=row_merge_write slot=0 started_ns=1790162971754249000 ended_ns=1790162971757051917 elapsed_us=2802 block_gets=0 block_puts=0 deleted=0
checkpoint_phase lsn=21500 phase=value_index_schedule slot=0 started_ns=1790162971763060000 ended_ns=1790162971763141083 elapsed_us=81 block_gets=0 block_puts=0 deleted=0
checkpoint_phase lsn=21500 phase=row_merge_write slot=0 started_ns=1790162971763232000 ended_ns=1790162971766094583 elapsed_us=2862 block_gets=0 block_puts=0 deleted=0
checkpoint_phase lsn=21500 phase=value_index_write slot=0 started_ns=1790162971771928000 ended_ns=1790162971771930333 elapsed_us=2 block_gets=0 block_puts=0 deleted=0
checkpoint_phase lsn=21500 phase=row_merge_write slot=0 started_ns=1790162971772012000 ended_ns=1790162971774871916 elapsed_us=2859 block_gets=0 block_puts=0 deleted=0
checkpoint_phase lsn=21500 phase=value_index_write slot=0 started_ns=1790162971780745000 ended_ns=1790162971780863000 elapsed_us=118 block_gets=0 block_puts=0 deleted=0
checkpoint_phase lsn=21500 phase=row_merge_write slot=0 started_ns=1790162971780937000 ended_ns=1790162971783779083 elapsed_us=2842 block_gets=0 block_puts=0 deleted=0
checkpoint_phase lsn=21516 phase=row_merge_write slot=0 started_ns=1790162971832456000 ended_ns=1790162971835275125 elapsed_us=2819 block_gets=0 block_puts=0 deleted=0
checkpoint_phase lsn=21516 phase=value_index_schedule slot=0 started_ns=1790162971841327000 ended_ns=1790162971841332875 elapsed_us=5 block_gets=0 block_puts=0 deleted=0
checkpoint_phase lsn=21516 phase=row_merge_write slot=0 started_ns=1790162971841419000 ended_ns=1790162971844254375 elapsed_us=2835 block_gets=0 block_puts=0 deleted=0
checkpoint_phase lsn=21516 phase=value_index_schedule slot=0 started_ns=1790162971850078000 ended_ns=1790162971850154958 elapsed_us=76 block_gets=0 block_puts=0 deleted=0
checkpoint_phase lsn=21516 phase=row_merge_write slot=0 started_ns=1790162971850229000 ended_ns=1790162971853083083 elapsed_us=2854 block_gets=0 block_puts=0 deleted=0
checkpoint_phase lsn=21516 phase=value_index_write slot=0 started_ns=1790162971859068000 ended_ns=1790162971859069750 elapsed_us=1 block_gets=0 block_puts=0 deleted=0
checkpoint_phase lsn=21516 phase=row_merge_write slot=0 started_ns=1790162971859154000 ended_ns=1790162971862003916 elapsed_us=2849 block_gets=0 block_puts=0 deleted=0
checkpoint_phase lsn=21516 phase=value_index_write slot=0 started_ns=1790162971868554000 ended_ns=1790162971868677833 elapsed_us=123 block_gets=0 block_puts=0 deleted=0
checkpoint_phase lsn=21516 phase=row_merge_write slot=0 started_ns=1790162971868752000 ended_ns=1790162971871609583 elapsed_us=2857 block_gets=0 block_puts=0 deleted=0
checkpoint_phase lsn=21532 phase=row_merge_write slot=0 started_ns=1790162971899381000 ended_ns=1790162971902185208 elapsed_us=2804 block_gets=0 block_puts=0 deleted=0
checkpoint_phase lsn=21532 phase=value_index_schedule slot=0 started_ns=1790162971908081000 ended_ns=1790162971908086833 elapsed_us=5 block_gets=0 block_puts=0 deleted=0
checkpoint_phase lsn=21532 phase=row_merge_write slot=0 started_ns=1790162971908153000 ended_ns=1790162971910977416 elapsed_us=2824 block_gets=0 block_puts=0 deleted=0
checkpoint_phase lsn=21532 phase=value_index_schedule slot=0 started_ns=1790162971916887000 ended_ns=1790162971916967791 elapsed_us=80 block_gets=0 block_puts=0 deleted=0
checkpoint_phase lsn=21532 phase=row_merge_write slot=0 started_ns=1790162971917043000 ended_ns=1790162971919871625 elapsed_us=2828 block_gets=0 block_puts=0 deleted=0
checkpoint_phase lsn=21532 phase=value_index_write slot=0 started_ns=1790162971925776000 ended_ns=1790162971925778250 elapsed_us=2 block_gets=0 block_puts=0 deleted=0
checkpoint_phase lsn=21532 phase=row_merge_write slot=0 started_ns=1790162971925876000 ended_ns=1790162971928716625 elapsed_us=2840 block_gets=0 block_puts=0 deleted=0
checkpoint_phase lsn=21532 phase=value_index_write slot=0 started_ns=1790162971934666000 ended_ns=1790162971934805042 elapsed_us=139 block_gets=0 block_puts=0 deleted=0
checkpoint_phase lsn=21532 phase=row_merge_write slot=0 started_ns=1790162971934867000 ended_ns=1790162971937646875 elapsed_us=2779 block_gets=0 block_puts=0 deleted=0
checkpoint_phase lsn=21548 phase=row_merge_write slot=0 started_ns=1790162971979876000 ended_ns=1790162971982664166 elapsed_us=2788 block_gets=0 block_puts=0 deleted=0
checkpoint_phase lsn=21548 phase=value_index_schedule slot=0 started_ns=1790162971989153000 ended_ns=1790162971989158417 elapsed_us=5 block_gets=0 block_puts=0 deleted=0
checkpoint_phase lsn=21548 phase=row_merge_write slot=0 started_ns=1790162971989231000 ended_ns=1790162971992030709 elapsed_us=2799 block_gets=0 block_puts=0 deleted=0
checkpoint_phase lsn=21548 phase=value_index_schedule slot=0 started_ns=1790162971998079000 ended_ns=1790162971998167292 elapsed_us=88 block_gets=0 block_puts=0 deleted=0
checkpoint_phase lsn=21548 phase=row_merge_write slot=0 started_ns=1790162971998236000 ended_ns=1790162972001082042 elapsed_us=2846 block_gets=0 block_puts=0 deleted=0
checkpoint_phase lsn=21548 phase=value_index_write slot=0 started_ns=1790162972006959000 ended_ns=1790162972006961250 elapsed_us=2 block_gets=0 block_puts=0 deleted=0
checkpoint_phase lsn=21548 phase=row_merge_write slot=0 started_ns=1790162972007028000 ended_ns=1790162972010020375 elapsed_us=2992 block_gets=0 block_puts=0 deleted=0
checkpoint_phase lsn=21548 phase=value_index_write slot=0 started_ns=1790162972016007000 ended_ns=1790162972016136334 elapsed_us=129 block_gets=0 block_puts=0 deleted=0
checkpoint_phase lsn=21548 phase=row_merge_write slot=0 started_ns=1790162972016196000 ended_ns=1790162972019020042 elapsed_us=2824 block_gets=0 block_puts=0 deleted=0
checkpoint_phase lsn=21564 phase=row_merge_write slot=0 started_ns=1790162972041826000 ended_ns=1790162972044689000 elapsed_us=2863 block_gets=0 block_puts=0 deleted=0
checkpoint_phase lsn=21564 phase=value_index_schedule slot=0 started_ns=1790162972050633000 ended_ns=1790162972050638208 elapsed_us=5 block_gets=0 block_puts=0 deleted=0
checkpoint_phase lsn=21564 phase=row_merge_write slot=0 started_ns=1790162972050703000 ended_ns=1790162972053493792 elapsed_us=2790 block_gets=0 block_puts=0 deleted=0
checkpoint_phase lsn=21564 phase=value_index_schedule slot=0 started_ns=1790162972059305000 ended_ns=1790162972059393083 elapsed_us=88 block_gets=0 block_puts=0 deleted=0
checkpoint_phase lsn=21564 phase=row_merge_write slot=0 started_ns=1790162972059468000 ended_ns=1790162972062297791 elapsed_us=2829 block_gets=0 block_puts=0 deleted=0
checkpoint_phase lsn=21564 phase=value_index_write slot=0 started_ns=1790162972068169000 ended_ns=1790162972068171416 elapsed_us=2 block_gets=0 block_puts=0 deleted=0
checkpoint_phase lsn=21564 phase=row_merge_write slot=0 started_ns=1790162972068251000 ended_ns=1790162972071018334 elapsed_us=2767 block_gets=0 block_puts=0 deleted=0
checkpoint_phase lsn=21564 phase=value_index_write slot=0 started_ns=1790162972077216000 ended_ns=1790162972077345541 elapsed_us=129 block_gets=0 block_puts=0 deleted=0
checkpoint_phase lsn=21564 phase=row_merge_write slot=0 started_ns=1790162972077410000 ended_ns=1790162972080278917 elapsed_us=2868 block_gets=0 block_puts=0 deleted=0
checkpoint_phase lsn=21580 phase=row_merge_write slot=0 started_ns=1790162972124038000 ended_ns=1790162972126903542 elapsed_us=2865 block_gets=0 block_puts=0 deleted=0
checkpoint_phase lsn=21580 phase=value_index_schedule slot=0 started_ns=1790162972132638000 ended_ns=1790162972132642625 elapsed_us=4 block_gets=0 block_puts=0 deleted=0
checkpoint_phase lsn=21580 phase=row_merge_write slot=0 started_ns=1790162972132701000 ended_ns=1790162972135463625 elapsed_us=2762 block_gets=0 block_puts=0 deleted=0
checkpoint_phase lsn=21580 phase=value_index_schedule slot=0 started_ns=1790162972141120000 ended_ns=1790162972141219167 elapsed_us=99 block_gets=0 block_puts=0 deleted=0
checkpoint_phase lsn=21580 phase=row_merge_write slot=0 started_ns=1790162972141295000 ended_ns=1790162972144274875 elapsed_us=2979 block_gets=0 block_puts=0 deleted=0
checkpoint_phase lsn=21580 phase=value_index_write slot=0 started_ns=1790162972150110000 ended_ns=1790162972150111666 elapsed_us=1 block_gets=0 block_puts=0 deleted=0
checkpoint_phase lsn=21580 phase=row_merge_write slot=0 started_ns=1790162972150185000 ended_ns=1790162972153024417 elapsed_us=2839 block_gets=0 block_puts=0 deleted=0
checkpoint_phase lsn=21580 phase=value_index_write slot=0 started_ns=1790162972158711000 ended_ns=1790162972158847959 elapsed_us=136 block_gets=0 block_puts=0 deleted=0
checkpoint_phase lsn=21580 phase=row_merge_write slot=0 started_ns=1790162972158904000 ended_ns=1790162972161686542 elapsed_us=2782 block_gets=0 block_puts=0 deleted=0
checkpoint_phase lsn=21596 phase=row_merge_write slot=0 started_ns=1790162972194337000 ended_ns=1790162972197201541 elapsed_us=2864 block_gets=0 block_puts=0 deleted=0
checkpoint_phase lsn=21596 phase=value_index_schedule slot=0 started_ns=1790162972203877000 ended_ns=1790162972203882333 elapsed_us=5 block_gets=0 block_puts=0 deleted=0
checkpoint_phase lsn=21596 phase=row_merge_write slot=0 started_ns=1790162972203950000 ended_ns=1790162972206952208 elapsed_us=3002 block_gets=0 block_puts=0 deleted=0
checkpoint_phase lsn=21596 phase=value_index_schedule slot=0 started_ns=1790162972212936000 ended_ns=1790162972213039583 elapsed_us=103 block_gets=0 block_puts=0 deleted=0
checkpoint_phase lsn=21596 phase=row_merge_write slot=0 started_ns=1790162972213109000 ended_ns=1790162972215952458 elapsed_us=2843 block_gets=0 block_puts=0 deleted=0
checkpoint_phase lsn=21596 phase=value_index_write slot=0 started_ns=1790162972221937000 ended_ns=1790162972221939125 elapsed_us=2 block_gets=0 block_puts=0 deleted=0
checkpoint_phase lsn=21596 phase=row_merge_write slot=0 started_ns=1790162972222009000 ended_ns=1790162972224984750 elapsed_us=2975 block_gets=0 block_puts=0 deleted=0
checkpoint_phase lsn=21596 phase=value_index_write slot=0 started_ns=1790162972230912000 ended_ns=1790162972231038333 elapsed_us=126 block_gets=0 block_puts=0 deleted=0
checkpoint_phase lsn=21596 phase=row_merge_write slot=0 started_ns=1790162972231097000 ended_ns=1790162972233933083 elapsed_us=2836 block_gets=0 block_puts=0 deleted=0
checkpoint_phase lsn=21612 phase=row_merge_write slot=0 started_ns=1790162972288693000 ended_ns=1790162972291557333 elapsed_us=2864 block_gets=0 block_puts=0 deleted=0
checkpoint_phase lsn=21612 phase=value_index_schedule slot=0 started_ns=1790162972297459000 ended_ns=1790162972297464542 elapsed_us=5 block_gets=0 block_puts=0 deleted=0
checkpoint_phase lsn=21612 phase=row_merge_write slot=0 started_ns=1790162972297527000 ended_ns=1790162972300356625 elapsed_us=2829 block_gets=0 block_puts=0 deleted=0
checkpoint_phase lsn=21612 phase=value_index_schedule slot=0 started_ns=1790162972305994000 ended_ns=1790162972306098083 elapsed_us=104 block_gets=0 block_puts=0 deleted=0
checkpoint_phase lsn=21612 phase=row_merge_write slot=0 started_ns=1790162972306166000 ended_ns=1790162972309012333 elapsed_us=2846 block_gets=0 block_puts=0 deleted=0
checkpoint_phase lsn=21612 phase=value_index_write slot=0 started_ns=1790162972314716000 ended_ns=1790162972314717750 elapsed_us=1 block_gets=0 block_puts=0 deleted=0
checkpoint_phase lsn=21612 phase=row_merge_write slot=0 started_ns=1790162972314783000 ended_ns=1790162972317588208 elapsed_us=2805 block_gets=0 block_puts=0 deleted=0
checkpoint_phase lsn=21612 phase=value_index_write slot=0 started_ns=1790162972323934000 ended_ns=1790162972324076542 elapsed_us=142 block_gets=0 block_puts=0 deleted=0
checkpoint_phase lsn=21612 phase=row_merge_write slot=0 started_ns=1790162972324136000 ended_ns=1790162972326927583 elapsed_us=2791 block_gets=0 block_puts=0 deleted=0
checkpoint_phase lsn=21628 phase=row_merge_write slot=0 started_ns=1790162972355806000 ended_ns=1790162972358735625 elapsed_us=2929 block_gets=0 block_puts=0 deleted=0
checkpoint_phase lsn=21628 phase=value_index_schedule slot=0 started_ns=1790162972364823000 ended_ns=1790162972364828875 elapsed_us=5 block_gets=0 block_puts=0 deleted=0
checkpoint_phase lsn=21628 phase=row_merge_write slot=0 started_ns=1790162972364902000 ended_ns=1790162972367765375 elapsed_us=2863 block_gets=0 block_puts=0 deleted=0
checkpoint_phase lsn=21628 phase=value_index_schedule slot=0 started_ns=1790162972373849000 ended_ns=1790162972373960000 elapsed_us=111 block_gets=0 block_puts=0 deleted=0
checkpoint_phase lsn=21628 phase=row_merge_write slot=0 started_ns=1790162972374034000 ended_ns=1790162972376889500 elapsed_us=2855 block_gets=0 block_puts=0 deleted=0
checkpoint_phase lsn=21628 phase=value_index_write slot=0 started_ns=1790162972382973000 ended_ns=1790162972382975125 elapsed_us=2 block_gets=0 block_puts=0 deleted=0
checkpoint_phase lsn=21628 phase=row_merge_write slot=0 started_ns=1790162972383046000 ended_ns=1790162972385860000 elapsed_us=2814 block_gets=0 block_puts=0 deleted=0
checkpoint_phase lsn=21628 phase=value_index_write slot=0 started_ns=1790162972391687000 ended_ns=1790162972391821375 elapsed_us=134 block_gets=0 block_puts=0 deleted=0
checkpoint_phase lsn=21628 phase=row_merge_write slot=0 started_ns=1790162972391898000 ended_ns=1790162972394765541 elapsed_us=2867 block_gets=0 block_puts=0 deleted=0
checkpoint_phase lsn=21644 phase=row_merge_write slot=0 started_ns=1790162972450185000 ended_ns=1790162972452990542 elapsed_us=2805 block_gets=0 block_puts=0 deleted=0
checkpoint_phase lsn=21644 phase=value_index_schedule slot=0 started_ns=1790162972459642000 ended_ns=1790162972459647542 elapsed_us=5 block_gets=0 block_puts=0 deleted=0
checkpoint_phase lsn=21644 phase=row_merge_write slot=0 started_ns=1790162972459714000 ended_ns=1790162972462509916 elapsed_us=2795 block_gets=0 block_puts=0 deleted=0
checkpoint_phase lsn=21644 phase=value_index_schedule slot=0 started_ns=1790162972468136000 ended_ns=1790162972468242042 elapsed_us=106 block_gets=0 block_puts=0 deleted=0
checkpoint_phase lsn=21644 phase=row_merge_write slot=0 started_ns=1790162972468304000 ended_ns=1790162972471138916 elapsed_us=2834 block_gets=0 block_puts=0 deleted=0
checkpoint_phase lsn=21644 phase=value_index_write slot=0 started_ns=1790162972477307000 ended_ns=1790162972477308917 elapsed_us=1 block_gets=0 block_puts=0 deleted=0
checkpoint_phase lsn=21644 phase=row_merge_write slot=0 started_ns=1790162972477388000 ended_ns=1790162972480241875 elapsed_us=2853 block_gets=0 block_puts=0 deleted=0
checkpoint_phase lsn=21644 phase=value_index_write slot=0 started_ns=1790162972486268000 ended_ns=1790162972486395708 elapsed_us=127 block_gets=0 block_puts=0 deleted=0
checkpoint_phase lsn=21644 phase=row_merge_write slot=0 started_ns=1790162972486469000 ended_ns=1790162972489361708 elapsed_us=2892 block_gets=0 block_puts=0 deleted=0
checkpoint_phase lsn=21660 phase=row_merge_write slot=0 started_ns=1790162972519367000 ended_ns=1790162972522521667 elapsed_us=3154 block_gets=0 block_puts=0 deleted=0
checkpoint_phase lsn=21660 phase=value_index_schedule slot=0 started_ns=1790162972530816000 ended_ns=1790162972530821209 elapsed_us=5 block_gets=0 block_puts=0 deleted=0
checkpoint_phase lsn=21660 phase=row_merge_write slot=0 started_ns=1790162972530890000 ended_ns=1790162972533734542 elapsed_us=2844 block_gets=0 block_puts=0 deleted=0
checkpoint_phase lsn=21660 phase=value_index_schedule slot=0 started_ns=1790162972539459000 ended_ns=1790162972539569791 elapsed_us=110 block_gets=0 block_puts=0 deleted=0
checkpoint_phase lsn=21660 phase=row_merge_write slot=0 started_ns=1790162972539623000 ended_ns=1790162972542407084 elapsed_us=2784 block_gets=0 block_puts=0 deleted=0
checkpoint_phase lsn=21660 phase=value_index_write slot=0 started_ns=1790162972548195000 ended_ns=1790162972548196708 elapsed_us=1 block_gets=0 block_puts=0 deleted=0
checkpoint_phase lsn=21660 phase=row_merge_write slot=0 started_ns=1790162972548293000 ended_ns=1790162972551108625 elapsed_us=2815 block_gets=0 block_puts=0 deleted=0
checkpoint_phase lsn=21660 phase=value_index_write slot=0 started_ns=1790162972556817000 ended_ns=1790162972556942125 elapsed_us=125 block_gets=0 block_puts=0 deleted=0
checkpoint_phase lsn=21660 phase=row_merge_write slot=0 started_ns=1790162972557006000 ended_ns=1790162972559842166 elapsed_us=2836 block_gets=0 block_puts=0 deleted=0
checkpoint_phase lsn=21676 phase=row_merge_write slot=0 started_ns=1790162972611670000 ended_ns=1790162972614469250 elapsed_us=2799 block_gets=0 block_puts=0 deleted=0
checkpoint_phase lsn=21676 phase=value_index_schedule slot=0 started_ns=1790162972620839000 ended_ns=1790162972620843792 elapsed_us=4 block_gets=0 block_puts=0 deleted=0
checkpoint_phase lsn=21676 phase=row_merge_write slot=0 started_ns=1790162972620903000 ended_ns=1790162972623778333 elapsed_us=2875 block_gets=0 block_puts=0 deleted=0
checkpoint_phase lsn=21676 phase=value_index_schedule slot=0 started_ns=1790162972629708000 ended_ns=1790162972629829542 elapsed_us=121 block_gets=0 block_puts=0 deleted=0
checkpoint_phase lsn=21676 phase=row_merge_write slot=0 started_ns=1790162972629906000 ended_ns=1790162972632759375 elapsed_us=2853 block_gets=0 block_puts=0 deleted=0
checkpoint_phase lsn=21676 phase=value_index_write slot=0 started_ns=1790162972638753000 ended_ns=1790162972638755417 elapsed_us=2 block_gets=0 block_puts=0 deleted=0
checkpoint_phase lsn=21676 phase=row_merge_write slot=0 started_ns=1790162972638831000 ended_ns=1790162972641677791 elapsed_us=2846 block_gets=0 block_puts=0 deleted=0
checkpoint_phase lsn=21676 phase=value_index_write slot=0 started_ns=1790162972649126000 ended_ns=1790162972649254709 elapsed_us=128 block_gets=0 block_puts=0 deleted=0
checkpoint_phase lsn=21676 phase=row_merge_write slot=0 started_ns=1790162972649332000 ended_ns=1790162972652172833 elapsed_us=2840 block_gets=0 block_puts=0 deleted=0
checkpoint_phase lsn=21692 phase=row_merge_write slot=0 started_ns=1790162972697506000 ended_ns=1790162972700349042 elapsed_us=2843 block_gets=0 block_puts=0 deleted=0
checkpoint_phase lsn=21692 phase=value_index_schedule slot=0 started_ns=1790162972706121000 ended_ns=1790162972706126250 elapsed_us=5 block_gets=0 block_puts=0 deleted=0
checkpoint_phase lsn=21692 phase=row_merge_write slot=0 started_ns=1790162972706176000 ended_ns=1790162972708973458 elapsed_us=2797 block_gets=0 block_puts=0 deleted=0
checkpoint_phase lsn=21692 phase=value_index_schedule slot=0 started_ns=1790162972714652000 ended_ns=1790162972714770333 elapsed_us=118 block_gets=0 block_puts=0 deleted=0
checkpoint_phase lsn=21692 phase=row_merge_write slot=0 started_ns=1790162972714836000 ended_ns=1790162972717685958 elapsed_us=2849 block_gets=0 block_puts=0 deleted=0
checkpoint_phase lsn=21692 phase=value_index_write slot=0 started_ns=1790162972723459000 ended_ns=1790162972723460917 elapsed_us=1 block_gets=0 block_puts=0 deleted=0
checkpoint_phase lsn=21692 phase=row_merge_write slot=0 started_ns=1790162972723534000 ended_ns=1790162972726425958 elapsed_us=2891 block_gets=0 block_puts=0 deleted=0
checkpoint_phase lsn=21692 phase=value_index_write slot=0 started_ns=1790162972733133000 ended_ns=1790162972733261125 elapsed_us=128 block_gets=0 block_puts=0 deleted=0
checkpoint_phase lsn=21692 phase=row_merge_write slot=0 started_ns=1790162972733322000 ended_ns=1790162972736109875 elapsed_us=2787 block_gets=0 block_puts=0 deleted=0
checkpoint_phase lsn=21708 phase=row_merge_write slot=0 started_ns=1790162972772251000 ended_ns=1790162972775104958 elapsed_us=2853 block_gets=0 block_puts=0 deleted=0
checkpoint_phase lsn=21708 phase=value_index_schedule slot=0 started_ns=1790162972781109000 ended_ns=1790162972781114375 elapsed_us=5 block_gets=0 block_puts=0 deleted=0
checkpoint_phase lsn=21708 phase=row_merge_write slot=0 started_ns=1790162972781182000 ended_ns=1790162972784016167 elapsed_us=2834 block_gets=0 block_puts=0 deleted=0
checkpoint_phase lsn=21708 phase=value_index_schedule slot=0 started_ns=1790162972789956000 ended_ns=1790162972790081125 elapsed_us=125 block_gets=0 block_puts=0 deleted=0
checkpoint_phase lsn=21708 phase=row_merge_write slot=0 started_ns=1790162972790176000 ended_ns=1790162972793031542 elapsed_us=2855 block_gets=0 block_puts=0 deleted=0
checkpoint_phase lsn=21708 phase=value_index_write slot=0 started_ns=1790162972799054000 ended_ns=1790162972799056375 elapsed_us=2 block_gets=0 block_puts=0 deleted=0
checkpoint_phase lsn=21708 phase=row_merge_write slot=0 started_ns=1790162972799135000 ended_ns=1790162972802007750 elapsed_us=2872 block_gets=0 block_puts=0 deleted=0
checkpoint_phase lsn=21708 phase=value_index_write slot=0 started_ns=1790162972807969000 ended_ns=1790162972808098666 elapsed_us=129 block_gets=0 block_puts=0 deleted=0
checkpoint_phase lsn=21708 phase=row_merge_write slot=0 started_ns=1790162972808174000 ended_ns=1790162972811017125 elapsed_us=2843 block_gets=0 block_puts=0 deleted=0
checkpoint_phase lsn=21724 phase=row_merge_write slot=0 started_ns=1790162972906139000 ended_ns=1790162972908909541 elapsed_us=2770 block_gets=0 block_puts=0 deleted=0
checkpoint_phase lsn=21724 phase=value_index_schedule slot=0 started_ns=1790162972915490000 ended_ns=1790162972915496083 elapsed_us=6 block_gets=0 block_puts=0 deleted=0
checkpoint_phase lsn=21724 phase=row_merge_write slot=0 started_ns=1790162972915576000 ended_ns=1790162972918443083 elapsed_us=2867 block_gets=0 block_puts=0 deleted=0
checkpoint_phase lsn=21724 phase=value_index_schedule slot=0 started_ns=1790162972924543000 ended_ns=1790162972924677417 elapsed_us=134 block_gets=0 block_puts=0 deleted=0
checkpoint_phase lsn=21724 phase=row_merge_write slot=0 started_ns=1790162972924762000 ended_ns=1790162972927614000 elapsed_us=2852 block_gets=0 block_puts=0 deleted=0
checkpoint_phase lsn=21724 phase=value_index_write slot=0 started_ns=1790162972933662000 ended_ns=1790162972933664958 elapsed_us=2 block_gets=0 block_puts=0 deleted=0
checkpoint_phase lsn=21724 phase=row_merge_write slot=0 started_ns=1790162972933740000 ended_ns=1790162972936588583 elapsed_us=2848 block_gets=0 block_puts=0 deleted=0
checkpoint_phase lsn=21724 phase=value_index_write slot=0 started_ns=1790162972942513000 ended_ns=1790162972942641833 elapsed_us=128 block_gets=0 block_puts=0 deleted=0
checkpoint_phase lsn=21724 phase=row_merge_write slot=0 started_ns=1790162972942716000 ended_ns=1790162972945577250 elapsed_us=2861 block_gets=0 block_puts=0 deleted=0
checkpoint_phase lsn=21740 phase=row_merge_write slot=0 started_ns=1790162973000180000 ended_ns=1790162973003046041 elapsed_us=2866 block_gets=0 block_puts=0 deleted=0
checkpoint_phase lsn=21740 phase=value_index_schedule slot=0 started_ns=1790162973008926000 ended_ns=1790162973008931375 elapsed_us=5 block_gets=0 block_puts=0 deleted=0
checkpoint_phase lsn=21740 phase=row_merge_write slot=0 started_ns=1790162973008992000 ended_ns=1790162973011824083 elapsed_us=2832 block_gets=0 block_puts=0 deleted=0
checkpoint_phase lsn=21740 phase=value_index_schedule slot=0 started_ns=1790162973017719000 ended_ns=1790162973017857834 elapsed_us=138 block_gets=0 block_puts=0 deleted=0
checkpoint_phase lsn=21740 phase=row_merge_write slot=0 started_ns=1790162973017926000 ended_ns=1790162973020732583 elapsed_us=2806 block_gets=0 block_puts=0 deleted=0
checkpoint_phase lsn=21740 phase=value_index_write slot=0 started_ns=1790162973026653000 ended_ns=1790162973026655250 elapsed_us=2 block_gets=0 block_puts=0 deleted=0
checkpoint_phase lsn=21740 phase=row_merge_write slot=0 started_ns=1790162973026736000 ended_ns=1790162973029595500 elapsed_us=2859 block_gets=0 block_puts=0 deleted=0
checkpoint_phase lsn=21740 phase=value_index_write slot=0 started_ns=1790162973036047000 ended_ns=1790162973036178000 elapsed_us=131 block_gets=0 block_puts=0 deleted=0
checkpoint_phase lsn=21740 phase=row_merge_write slot=0 started_ns=1790162973036257000 ended_ns=1790162973039158334 elapsed_us=2901 block_gets=0 block_puts=0 deleted=0
checkpoint_phase lsn=21756 phase=row_merge_write slot=0 started_ns=1790162973106675000 ended_ns=1790162973109533625 elapsed_us=2858 block_gets=0 block_puts=0 deleted=0
checkpoint_phase lsn=21756 phase=value_index_schedule slot=0 started_ns=1790162973118670000 ended_ns=1790162973118675875 elapsed_us=5 block_gets=0 block_puts=0 deleted=0
checkpoint_phase lsn=21756 phase=row_merge_write slot=0 started_ns=1790162973118761000 ended_ns=1790162973122177792 elapsed_us=3416 block_gets=0 block_puts=0 deleted=0
checkpoint_phase lsn=21756 phase=value_index_schedule slot=0 started_ns=1790162973128385000 ended_ns=1790162973128532334 elapsed_us=147 block_gets=0 block_puts=0 deleted=0
checkpoint_phase lsn=21756 phase=row_merge_write slot=0 started_ns=1790162973128619000 ended_ns=1790162973131536125 elapsed_us=2917 block_gets=0 block_puts=0 deleted=0
checkpoint_phase lsn=21756 phase=value_index_write slot=0 started_ns=1790162973137879000 ended_ns=1790162973137881583 elapsed_us=2 block_gets=0 block_puts=0 deleted=0
checkpoint_phase lsn=21756 phase=row_merge_write slot=0 started_ns=1790162973137969000 ended_ns=1790162973140859667 elapsed_us=2890 block_gets=0 block_puts=0 deleted=0
checkpoint_phase lsn=21756 phase=value_index_write slot=0 started_ns=1790162973147810000 ended_ns=1790162973148005333 elapsed_us=195 block_gets=0 block_puts=0 deleted=0
checkpoint_phase lsn=21760 phase=row_merge_write slot=0 started_ns=1790162973178263000 ended_ns=1790162973181102291 elapsed_us=2839 block_gets=0 block_puts=0 deleted=0
checkpoint_phase lsn=21772 phase=row_merge_write slot=0 started_ns=1790162973207985000 ended_ns=1790162973210845791 elapsed_us=2860 block_gets=0 block_puts=0 deleted=0
checkpoint_phase lsn=21772 phase=value_index_schedule slot=0 started_ns=1790162973217399000 ended_ns=1790162973217404000 elapsed_us=5 block_gets=0 block_puts=0 deleted=0
checkpoint_phase lsn=21772 phase=row_merge_write slot=0 started_ns=1790162973217481000 ended_ns=1790162973220354709 elapsed_us=2873 block_gets=0 block_puts=0 deleted=0
checkpoint_phase lsn=21772 phase=value_index_schedule slot=0 started_ns=1790162973226362000 ended_ns=1790162973226509375 elapsed_us=147 block_gets=0 block_puts=0 deleted=0
checkpoint_phase lsn=21772 phase=row_merge_write slot=0 started_ns=1790162973227890000 ended_ns=1790162973230734750 elapsed_us=2844 block_gets=0 block_puts=0 deleted=0
checkpoint_phase lsn=21772 phase=value_index_write slot=0 started_ns=1790162973236618000 ended_ns=1790162973236620333 elapsed_us=2 block_gets=0 block_puts=0 deleted=0
checkpoint_phase lsn=21772 phase=row_merge_write slot=0 started_ns=1790162973236684000 ended_ns=1790162973239860375 elapsed_us=3176 block_gets=0 block_puts=0 deleted=0
checkpoint_phase lsn=21780 phase=row_merge_write slot=0 started_ns=1790162973272109000 ended_ns=1790162973275084083 elapsed_us=2975 block_gets=0 block_puts=0 deleted=0
checkpoint_phase lsn=21788 phase=value_index_schedule slot=0 started_ns=1790162973314650000 ended_ns=1790162973314656625 elapsed_us=6 block_gets=0 block_puts=0 deleted=0
checkpoint_phase lsn=21788 phase=row_merge_write slot=0 started_ns=1790162973314740000 ended_ns=1790162973317630000 elapsed_us=2890 block_gets=0 block_puts=0 deleted=0
checkpoint_phase lsn=21788 phase=value_index_schedule slot=0 started_ns=1790162973323787000 ended_ns=1790162973323938917 elapsed_us=151 block_gets=0 block_puts=0 deleted=0
checkpoint_phase lsn=21788 phase=row_merge_write slot=0 started_ns=1790162973324010000 ended_ns=1790162973326859500 elapsed_us=2849 block_gets=0 block_puts=0 deleted=0
checkpoint_phase lsn=21788 phase=value_index_write slot=0 started_ns=1790162973333435000 ended_ns=1790162973333437500 elapsed_us=2 block_gets=0 block_puts=0 deleted=0
checkpoint_phase lsn=21788 phase=row_merge_write slot=0 started_ns=1790162973333538000 ended_ns=1790162973336519042 elapsed_us=2981 block_gets=0 block_puts=0 deleted=0
checkpoint_phase lsn=21788 phase=value_index_write slot=0 started_ns=1790162973343457000 ended_ns=1790162973343585459 elapsed_us=128 block_gets=0 block_puts=0 deleted=0
checkpoint_phase lsn=21788 phase=row_merge_write slot=0 started_ns=1790162973343681000 ended_ns=1790162973346602458 elapsed_us=2921 block_gets=0 block_puts=0 deleted=0
checkpoint_phase lsn=21796 phase=row_merge_write slot=0 started_ns=1790162973392018000 ended_ns=1790162973394891166 elapsed_us=2873 block_gets=0 block_puts=0 deleted=0
checkpoint_phase lsn=21804 phase=value_index_schedule slot=0 started_ns=1790162973422166000 ended_ns=1790162973422172166 elapsed_us=6 block_gets=0 block_puts=0 deleted=0
checkpoint_phase lsn=21804 phase=row_merge_write slot=0 started_ns=1790162973422242000 ended_ns=1790162973425108750 elapsed_us=2866 block_gets=0 block_puts=0 deleted=0
checkpoint_phase lsn=21804 phase=value_index_schedule slot=0 started_ns=1790162973431216000 ended_ns=1790162973431371791 elapsed_us=155 block_gets=0 block_puts=0 deleted=0
checkpoint_phase lsn=21804 phase=row_merge_write slot=0 started_ns=1790162973431459000 ended_ns=1790162973434376708 elapsed_us=2917 block_gets=0 block_puts=0 deleted=0
checkpoint_phase lsn=21804 phase=value_index_write slot=0 started_ns=1790162973440433000 ended_ns=1790162973440435958 elapsed_us=2 block_gets=0 block_puts=0 deleted=0
checkpoint_phase lsn=21804 phase=row_merge_write slot=0 started_ns=1790162973440514000 ended_ns=1790162973443446458 elapsed_us=2932 block_gets=0 block_puts=0 deleted=0
checkpoint_phase lsn=21804 phase=value_index_write slot=0 started_ns=1790162973450075000 ended_ns=1790162973450203209 elapsed_us=128 block_gets=0 block_puts=0 deleted=0
checkpoint_phase lsn=21804 phase=row_merge_write slot=0 started_ns=1790162973450341000 ended_ns=1790162973454341375 elapsed_us=4000 block_gets=0 block_puts=0 deleted=0
checkpoint_phase lsn=21812 phase=row_merge_write slot=0 started_ns=1790162973500634000 ended_ns=1790162973503594000 elapsed_us=2960 block_gets=0 block_puts=0 deleted=0
checkpoint_phase lsn=21812 phase=value_index_schedule slot=0 started_ns=1790162973503712000 ended_ns=1790162973503717583 elapsed_us=5 block_gets=0 block_puts=0 deleted=0
checkpoint_phase lsn=21812 phase=row_merge_write slot=0 started_ns=1790162973503840000 ended_ns=1790162973506950959 elapsed_us=3110 block_gets=0 block_puts=0 deleted=0
checkpoint_phase lsn=21812 phase=value_index_schedule slot=0 started_ns=1790162973507204000 ended_ns=1790162973507357042 elapsed_us=153 block_gets=0 block_puts=0 deleted=0
checkpoint_phase lsn=21812 phase=row_merge_write slot=0 started_ns=1790162973507415000 ended_ns=1790162973510259208 elapsed_us=2844 block_gets=0 block_puts=0 deleted=0
checkpoint_phase lsn=21812 phase=value_index_write slot=0 started_ns=1790162973510338000 ended_ns=1790162973510340250 elapsed_us=2 block_gets=0 block_puts=0 deleted=0
checkpoint_phase lsn=21812 phase=row_merge_write slot=0 started_ns=1790162973510399000 ended_ns=1790162973513375792 elapsed_us=2976 block_gets=0 block_puts=0 deleted=0
checkpoint_phase lsn=21812 phase=value_index_write slot=0 started_ns=1790162973513444000 ended_ns=1790162973513576250 elapsed_us=132 block_gets=0 block_puts=0 deleted=0
checkpoint_phase lsn=21812 phase=row_merge_write slot=0 started_ns=1790162973513638000 ended_ns=1790162973534127709 elapsed_us=20489 block_gets=0 block_puts=3 deleted=0
pos3ql: shutdown requested, draining
checkpoint_phase lsn=21812 phase=value_index_write slot=0 started_ns=1790162973534147000 ended_ns=1790162973534272584 elapsed_us=125 block_gets=0 block_puts=0 deleted=0
checkpoint_phase lsn=21812 phase=value_index_write slot=0 started_ns=1790162973534279000 ended_ns=1790162973534372500 elapsed_us=93 block_gets=0 block_puts=0 deleted=0
checkpoint_phase lsn=21812 phase=value_index_write slot=0 started_ns=1790162973534375000 ended_ns=1790162973534442708 elapsed_us=67 block_gets=0 block_puts=0 deleted=0
checkpoint_phase lsn=21812 phase=value_index_write slot=0 started_ns=1790162973534445000 ended_ns=1790162973534512250 elapsed_us=67 block_gets=0 block_puts=0 deleted=0
checkpoint_phase lsn=21812 phase=value_index_write slot=0 started_ns=1790162973534514000 ended_ns=1790162973551543125 elapsed_us=17029 block_gets=0 block_puts=1 deleted=0
checkpoint_phase lsn=21812 phase=value_index_write slot=0 started_ns=1790162973551559000 ended_ns=1790162973551628083 elapsed_us=69 block_gets=0 block_puts=0 deleted=0
checkpoint_phase lsn=21812 phase=value_index_write slot=0 started_ns=1790162973551647000 ended_ns=1790162973551715083 elapsed_us=68 block_gets=0 block_puts=0 deleted=0
checkpoint_phase lsn=21812 phase=value_index_write slot=0 started_ns=1790162973551718000 ended_ns=1790162973551785875 elapsed_us=67 block_gets=0 block_puts=0 deleted=0
checkpoint_phase lsn=21812 phase=value_index_write slot=0 started_ns=1790162973551788000 ended_ns=1790162973555259791 elapsed_us=3471 block_gets=0 block_puts=1 deleted=0
checkpoint_phase lsn=21812 phase=value_index_schedule slot=0 started_ns=1790162973555273000 ended_ns=1790162973555304458 elapsed_us=31 block_gets=0 block_puts=0 deleted=0
checkpoint_phase lsn=21812 phase=value_index_schedule slot=0 started_ns=1790162973555308000 ended_ns=1790162973555569083 elapsed_us=261 block_gets=0 block_puts=0 deleted=0
checkpoint_phase lsn=21812 phase=value_index_write slot=0 started_ns=1790162973555581000 ended_ns=1790162973567905875 elapsed_us=12324 block_gets=0 block_puts=3 deleted=0
checkpoint_phase lsn=21812 phase=value_index_write slot=0 started_ns=1790162973567921000 ended_ns=1790162973587033541 elapsed_us=19112 block_gets=0 block_puts=4 deleted=0
checkpoint_phase lsn=21812 phase=value_index_write slot=0 started_ns=1790162973587054000 ended_ns=1790162973624844500 elapsed_us=37790 block_gets=0 block_puts=4 deleted=0
checkpoint_phase lsn=21812 phase=value_index_write slot=0 started_ns=1790162973624862000 ended_ns=1790162973625590542 elapsed_us=728 block_gets=0 block_puts=0 deleted=0
checkpoint_phase lsn=21812 phase=value_index_write slot=0 started_ns=1790162973625596000 ended_ns=1790162973626315667 elapsed_us=719 block_gets=0 block_puts=0 deleted=0
checkpoint_phase lsn=21812 phase=value_index_write slot=0 started_ns=1790162973626319000 ended_ns=1790162973627095500 elapsed_us=776 block_gets=0 block_puts=0 deleted=0
checkpoint_phase lsn=21812 phase=value_index_write slot=0 started_ns=1790162973627120000 ended_ns=1790162973627820917 elapsed_us=700 block_gets=0 block_puts=0 deleted=0
checkpoint_phase lsn=21812 phase=value_index_write slot=0 started_ns=1790162973627826000 ended_ns=1790162973628544625 elapsed_us=718 block_gets=0 block_puts=0 deleted=0
checkpoint_phase lsn=21812 phase=value_index_write slot=0 started_ns=1790162973628550000 ended_ns=1790162973638194833 elapsed_us=9644 block_gets=0 block_puts=1 deleted=0
checkpoint_phase lsn=21812 phase=value_index_write slot=0 started_ns=1790162973638206000 ended_ns=1790162973638886291 elapsed_us=680 block_gets=0 block_puts=0 deleted=0
checkpoint_phase lsn=21812 phase=value_index_write slot=0 started_ns=1790162973638891000 ended_ns=1790162973645946375 elapsed_us=7055 block_gets=0 block_puts=1 deleted=0
checkpoint_phase lsn=21812 phase=value_index_schedule slot=0 started_ns=1790162973645968000 ended_ns=1790162973646003500 elapsed_us=35 block_gets=0 block_puts=0 deleted=0
checkpoint_phase lsn=21812 phase=value_index_schedule slot=0 started_ns=1790162973646013000 ended_ns=1790162973646269708 elapsed_us=256 block_gets=0 block_puts=0 deleted=0
checkpoint_phase lsn=21812 phase=value_index_write slot=0 started_ns=1790162973646280000 ended_ns=1790162973671217042 elapsed_us=24937 block_gets=0 block_puts=3 deleted=0
checkpoint_phase lsn=21812 phase=value_index_write slot=0 started_ns=1790162973671237000 ended_ns=1790162973694233916 elapsed_us=22996 block_gets=0 block_puts=4 deleted=0
checkpoint_phase lsn=21812 phase=value_index_write slot=0 started_ns=1790162973694253000 ended_ns=1790162973709220709 elapsed_us=14967 block_gets=0 block_puts=4 deleted=0
checkpoint_phase lsn=21812 phase=value_index_write slot=0 started_ns=1790162973709238000 ended_ns=1790162973709961250 elapsed_us=723 block_gets=0 block_puts=0 deleted=0
checkpoint_phase lsn=21812 phase=value_index_write slot=0 started_ns=1790162973709968000 ended_ns=1790162973710686708 elapsed_us=718 block_gets=0 block_puts=0 deleted=0
checkpoint_phase lsn=21812 phase=value_index_write slot=0 started_ns=1790162973710699000 ended_ns=1790162973711418500 elapsed_us=719 block_gets=0 block_puts=0 deleted=0
checkpoint_phase lsn=21812 phase=value_index_write slot=0 started_ns=1790162973711446000 ended_ns=1790162973712243083 elapsed_us=797 block_gets=0 block_puts=0 deleted=0
checkpoint_phase lsn=21812 phase=value_index_write slot=0 started_ns=1790162973712261000 ended_ns=1790162973712994583 elapsed_us=733 block_gets=0 block_puts=0 deleted=0
checkpoint_phase lsn=21812 phase=value_index_write slot=0 started_ns=1790162973713006000 ended_ns=1790162973716347000 elapsed_us=3341 block_gets=0 block_puts=1 deleted=0
checkpoint_phase lsn=21812 phase=value_index_write slot=0 started_ns=1790162973716361000 ended_ns=1790162973717077208 elapsed_us=716 block_gets=0 block_puts=0 deleted=0
checkpoint_phase lsn=21812 phase=value_index_write slot=0 started_ns=1790162973717083000 ended_ns=1790162973720101958 elapsed_us=3018 block_gets=0 block_puts=1 deleted=0
checkpoint_phase lsn=21812 phase=row_sst_delta slot=0 started_ns=1790162973720117000 ended_ns=1790162973733914458 elapsed_us=13797 block_gets=0 block_puts=4 deleted=0
checkpoint_phase lsn=21812 phase=manifest slot=-1 started_ns=1790162973733930000 ended_ns=1790162973744189458 elapsed_us=10259 block_gets=0 block_puts=0 deleted=0
checkpoint_phase lsn=21812 phase=local_cleanup slot=-1 started_ns=1790162973744240000 ended_ns=1790162973744372167 elapsed_us=132 block_gets=0 block_puts=0 deleted=0
checkpoint_phase lsn=21812 phase=commit_prune slot=-1 started_ns=1790162973744381000 ended_ns=1790162973793220625 elapsed_us=48839 block_gets=0 block_puts=0 deleted=16
checkpoint_phase lsn=21812 phase=commit_prune slot=-1 started_ns=1790162973793232000 ended_ns=1790162973833649333 elapsed_us=40417 block_gets=0 block_puts=0 deleted=16
checkpoint_phase lsn=21812 phase=commit_prune slot=-1 started_ns=1790162973833665000 ended_ns=1790162973855126625 elapsed_us=21461 block_gets=0 block_puts=0 deleted=16
checkpoint_phase lsn=21812 phase=commit_prune slot=-1 started_ns=1790162973855152000 ended_ns=1790162973867927042 elapsed_us=12775 block_gets=0 block_puts=0 deleted=16
checkpoint_phase lsn=21812 phase=commit_prune slot=-1 started_ns=1790162973867950000 ended_ns=1790162973869524750 elapsed_us=1574 block_gets=0 block_puts=0 deleted=2
checkpoint_phase lsn=21812 phase=legacy_gc slot=-1 started_ns=1790162973869538000 ended_ns=1790162973869971250 elapsed_us=433 block_gets=0 block_puts=0 deleted=0
checkpoint_phase lsn=21812 phase=gc_keep slot=-1 started_ns=1790162973869990000 ended_ns=1790162973870984500 elapsed_us=994 block_gets=0 block_puts=0 deleted=0
checkpoint_phase lsn=21812 phase=gc_list slot=-1 started_ns=1790162973870995000 ended_ns=1790162974017146250 elapsed_us=146151 block_gets=0 block_puts=0 deleted=0
checkpoint_phase lsn=21812 phase=gc_delete slot=-1 started_ns=1790162974017161000 ended_ns=1790162974057625500 elapsed_us=40464 block_gets=0 block_puts=0 deleted=16
checkpoint_phase lsn=21812 phase=gc_delete slot=-1 started_ns=1790162974057655000 ended_ns=1790162974096258750 elapsed_us=38603 block_gets=0 block_puts=0 deleted=16
checkpoint_phase lsn=21812 phase=gc_delete slot=-1 started_ns=1790162974096286000 ended_ns=1790162974102329833 elapsed_us=6043 block_gets=0 block_puts=0 deleted=2
pos3ql: final checkpoint written
pos3ql: shutdown complete
